Date,close,high,low,open,volume
2019-08-19,44.097042083740234,44.8741254565499,43.81616990942334,44.565163564762884,8860000
2019-08-20,43.75061798095703,44.13447731911442,43.544643458024986,43.93786722257868,7753800
2019-08-21,44.04217529296875,44.69109776320604,43.94812621840912,44.39014789982596,5198200
2019-08-22,44.230255126953125,44.46537237272703,43.67537828342254,44.33370728911036,4280700
2019-08-23,42.433963775634766,44.05157173709655,42.151823769883364,43.74121521944664,11614800
2019-08-26,42.89480209350586,43.42146256549177,42.73492045907771,43.26158451866902,5715200
2019-08-27,42.80075454711914,43.48730026566522,42.424568994776585,43.26158606417526,5926900
2019-08-28,43.167537689208984,43.299202803113346,42.36813671712421,42.69730308949039,4811500
2019-08-29,44.493595123291016,44.597043712355415,43.85407583806676,43.88228876348388,6786700
2019-08-30,45.16133117675781,45.227163733402804,44.568834579347566,44.71930950705117,7819300
2019-09-03,44.77573013305664,44.92620503112873,44.35251836110246,44.80394305531873,7145800
2019-09-04,46.56264114379883,46.60966748663918,45.518723062219365,45.67860114753654,10227700
2019-09-05,47.352622985839844,48.65047149187513,47.27738731507542,47.45607517229556,10415400
2019-09-06,47.11750411987305,47.49369322401624,46.835364085568244,47.46548029686731,6913400
2019-09-09,47.644161224365234,47.77582631539985,46.98583218158752,47.29618868554452,6653800
2019-09-10,47.2021484375,47.4842920710573,46.66608127390967,47.380839883766996,7304000
2019-09-11,48.4906005859375,48.500003700814986,47.03287023512516,47.42786922449027,8100400
2019-09-12,48.199039459228516,48.772726161442925,48.00154181710365,48.57522851931806,6251800
2019-09-13,48.29308319091797,48.88557968355544,48.00154008807456,48.65986912571568,6052700
2019-09-16,47.8886833190918,48.415347289793694,47.286783688349516,47.70999548734168,5164300
2019-09-17,48.15203094482422,48.20845680917911,47.427869122221225,47.540724438536834,5435500
2019-09-18,48.989044189453125,48.99844730356285,47.992145476361934,48.208452976941004,7880200
2019-09-19,48.603450775146484,49.48749057220856,48.311904018219145,49.36523215366958,5951300
2019-09-20,47.92631149291992,48.923210176435546,47.84166911802138,48.81035487243929,11287300
2019-09-23,48.678680419921875,48.876181663110614,47.775830919306244,47.82285365812071,4511200
2019-09-24,48.114418029785156,49.44988654518546,47.841681021960305,48.923222349482955,7074000
2019-09-25,48.838565826416016,49.017253682817405,47.4936945838645,47.63476639885869,5381400
2019-09-26,49.04547119140625,49.33701435314271,48.72571151353648,49.06427741868798,4848600
2019-09-27,46.48738479614258,48.396535793638975,46.224054613758156,48.07677617748446,11206000
2019-09-30,46.929420471191406,47.23037036637869,46.32751709321109,46.788348638244855,6674800
2019-10-01,47.04227828979492,47.96393784133132,46.816564062583225,47.40906076985874,7727000
2019-10-02,46.51560974121094,46.91060870447994,46.28049242114302,46.430967362482264,6426000
2019-10-03,46.684898376464844,46.8071603975852,45.87609415423247,46.47799396958515,6519300
2019-10-04,47.851070404052734,47.86988021719093,46.92000438553938,47.03285967676357,4596700
2019-10-07,47.63477325439453,48.06738828748369,47.56894068795078,47.79465131929913,5257200
2019-10-08,46.374534606933594,47.28678723359484,46.158227135143605,47.16452882841249,5706200
2019-10-09,47.813453674316406,48.12380664088536,47.02345941267919,47.13631471074015,6279400
2019-10-10,47.97333908081055,48.52821613058846,47.62536643225328,47.653579364199445,5330200
2019-10-11,48.66926956176758,49.27116913305582,48.63164994166095,49.054861698849386,6801000
2019-10-14,48.84796905517578,49.02666049960427,48.70690082745388,48.72571064200452,3395600
2019-10-15,49.76022720336914,49.976534697441274,48.79154503695798,48.9702329005118,8052200
2019-10-16,48.4906005859375,49.65678056146038,48.29309929745203,48.79155048849862,8383000
2019-10-17,49.03607177734375,50.07999333927804,48.7539316873197,49.33702168505019,5150400
2019-10-18,48.603450775146484,49.289992892163646,48.00155103352078,49.11130502749521,6419100
2019-10-21,49.50630187988281,49.57213444188221,48.894999005944726,49.08308999016841,5738200
2019-10-22,48.885589599609375,49.572131699338925,48.84796996980369,49.51570584223576,4442600
2019-10-23,47.521907806396484,48.38714134102062,47.24917446337856,48.2366664116432,8493800
2019-10-24,51.79164123535156,51.83866398026224,49.60975286552551,49.7884407312283,18652600
2019-10-25,52.40294647216797,52.51580177486919,51.28378579606248,51.631761993099765,8567800
2019-10-28,53.559722900390625,53.87948257931496,52.666276422136875,52.69448935075787,8755200
2019-10-29,52.21485900878906,53.69139560881038,52.10200369074318,53.305803316848234,6353600
2019-10-30,51.923309326171875,52.13961683521825,51.41545504183395,52.03616822553965,4246700
2019-10-31,51.02985382080078,51.90449040566014,50.37152829465292,51.90449040566014,6741600
2019-11-01,52.15842056274414,52.16782726372947,51.170928627994044,51.65997303867905,5899000
2019-11-04,52.42176055908203,53.042470155928605,52.04557140261503,52.68509081604552,4150500
2019-11-05,52.55342102050781,52.93901325722105,52.26187427075669,52.75091869569147,3857900
2019-11-06,52.49699401855469,52.55342346592094,51.64116713199688,52.29008963248395,3965900
2019-11-07,52.60984802246094,53.12710897482451,52.31830485397104,52.95782422452469,4486900
2019-11-08,52.69448471069336,52.79793689000126,51.84806463814744,52.38413176037471,3313900
2019-11-11,53.22114181518555,53.35280690354795,52.24305317648685,52.44995750825896,5651000
2019-11-12,53.06127166748047,53.84186284208884,52.8543708786633,53.60674553710155,5115400
2019-11-13,53.719600677490234,53.97352779662587,52.67567927246775,52.76972834674317,5703000
2019-11-14,53.569114685058594,53.794828829107786,53.145902907219245,53.73839939619433,8236000
2019-11-15,58.36552047729492,59.17432098448877,56.63505698700062,56.738509174140795,28389000
2019-11-18,58.638248443603516,59.3153873608853,57.70718601994605,58.205633507609036,10413100
2019-11-19,57.31219482421875,58.93920619679535,57.22755244818387,58.581830464741856,9886800
2019-11-20,56.29297637939453,57.02907783347188,55.76449116107609,56.651587877528556,12037600
2019-11-21,53.26361846923828,55.16049992762779,52.51808152391126,53.452363412363106,13935300
2019-11-22,52.79176330566406,53.92422948011743,52.31990269964272,53.376873049138254,8627700
2019-11-25,55.00007247924805,55.13219287627952,53.37687440141888,53.433495371569045,11193700
2019-11-26,54.330039978027344,55.132201717215494,53.86761851426382,54.9906456691295,10254000
2019-11-27,55.00951385498047,55.10388454225517,54.490467874947704,54.632023905859754,5701700
2019-11-29,54.641456604003906,55.018942907997584,54.471586507203064,54.820762328400114,2905800
2019-12-02,53.50899887084961,54.86795625804174,53.30137903113554,54.86795625804174,6159400
2019-12-03,52.225528717041016,52.76344948590019,51.857478043612154,52.074533476659674,7671700
2019-12-04,52.93333053588867,53.358005862351064,52.46146986204406,53.23532107914832,6564400
2019-12-05,52.69739532470703,53.34856169837874,52.51808958123506,53.159820326307575,5291000
2019-12-06,53.41462707519531,54.254542102358975,53.301381520975426,53.55618671797862,6033500
2019-12-09,53.41462707519531,54.00917253486942,53.367441727604636,53.905362610163166,4729500
2019-12-10,53.433494567871094,53.95254051983522,53.28249931639042,53.95254051983522,6329100
2019-12-11,55.7172966003418,55.80223164637931,53.50898900337671,53.62223453142326,8839700
2019-12-12,56.9630126953125,57.076258232278306,55.688986904406974,55.69842613249371,9280400
2019-12-13,56.500587463378906,57.38768769895581,56.41565241103667,56.632707855908905,6172600
2019-12-16,56.58552551269531,57.972796907756596,56.55721502708537,57.566996480629975,6430100
2019-12-17,57.368812561035156,57.472622468944635,56.84032739350082,57.04794720931979,7848000
2019-12-18,56.98189926147461,57.95393115354308,56.97246003144808,57.39713538235567,6525100
2019-12-19,57.25556564331055,57.28387972838959,56.51002860309758,57.16119495974257,6002700
2019-12-20,58.3314094543457,58.49184033250328,57.283878332222656,57.765174566706115,15663100
2019-12-23,57.64249801635742,58.51071987357289,57.59530907193443,58.463534529160924,5840900
2019-12-24,58.03885269165039,58.05772754729122,57.51036753373886,57.91616792999027,1624100
2019-12-26,57.859554290771484,58.2087301643222,57.604749107366025,58.1426699612183,2960600
2019-12-27,57.727420806884766,58.20872060763469,57.40655907306546,58.12378556044414,3314500
2019-12-30,57.50093460083008,57.92560987262566,56.802579309431714,57.8972957878321,3566400
2019-12-31,57.6047477722168,57.64249748740437,56.71764746536374,57.2650075355506,3878200
2020-01-02,58.69947052001953,59.12414586076148,58.227609830308786,58.51072552413296,6647900
2020-01-03,57.76517105102539,58.25590648377513,57.15175446009609,57.274435618275646,5415200
2020-01-06,56.51946258544922,57.05738338614476,55.962666928587616,56.48171287311708,8586000
2020-01-07,58.15210723876953,58.60509304432825,56.75540010496069,56.87808488563633,7970400
2020-01-08,58.11435317993164,58.69945931548491,57.8029234561627,58.22759871584277,4364400
2020-01-09,58.48240661621094,59.3128787185472,57.76517645508952,58.699462070231384,5713500
2020-01-10,58.01054382324219,59.18075610546843,57.75573866501291,59.01088599998225,4456100
2020-01-13,58.3314094543457,58.463529848125056,57.88785933236296,58.01997972614232,4111100
2020-01-14,58.84101486206055,59.9734810120944,58.58621330831278,58.595648936225025,7998000
2020-01-15,58.44465637207031,58.859892419470114,57.89729632776026,58.79383222102039,6314100
2020-01-16,59.65262222290039,59.67149708081119,58.954270480255914,59.06751602770969,5733800
2020-01-17,59.31289291381836,60.21886826048232,59.010902331600946,60.199993399092264,6327800
2020-01-21,59.64317321777344,60.29433946960935,59.12412734167146,59.20906238321616,5777400
2020-01-22,60.294342041015625,60.964383175104885,60.039536905514694,60.11503632344552,5598700
2020-01-23,60.294342041015625,60.64352144893008,59.5771155707248,60.5208330947873,6540700
2020-01-24,58.510711669921875,61.27581494490451,58.142660995096634,61.15313378663644,8007500
2020-01-27,55.726749420166016,57.047960855026446,55.50969392444109,56.57610014257794,9350600
2020-01-28,56.80258560180664,56.95358087072611,55.60405907975347,56.39678514158347,6228100
2020-01-29,56.453399658203125,57.24612557878013,56.141973546553515,56.68932994885092,6515300
2020-01-30,56.85920715332031,58.5390298807012,56.075916762456025,58.07660846923637,9656100
2020-01-31,54.72639846801758,56.4817170202157,54.29228394434506,56.453406533893286,10132200
2020-02-03,56.35902786254883,56.859198916784415,55.3586821540672,55.37755700894539,7847300
2020-02-04,59.46388244628906,60.06786715224414,57.75574905604412,57.95392968142977,12322100
2020-02-05,60.209415435791016,60.81340006387082,59.33175437937498,60.37928554993676,8252100
2020-02-06,59.63374710083008,60.5491615053993,59.50162669605076,60.41703390059792,4870600
2020-02-07,58.237037658691406,59.43556408200403,58.16154183045698,59.30344368258562,6093200
2020-02-10,59.37893295288086,59.416682662834354,57.64248949514601,57.64248949514601,5121100
2020-02-11,60.82282638549805,61.058756677451136,59.7752989132352,60.02066483286176,6203800
2020-02-12,61.69106674194336,61.98361805406712,60.98327573517494,61.275827047298705,11592200
2020-02-13,63.57850646972656,65.53200926955226,62.23841675388668,62.993396672669085,21742700
2020-02-14,63.0877685546875,64.07867881681199,62.80465647981069,63.66343913363262,8104000
2020-02-18,61.686676025390625,62.481896698284864,60.44650013402546,60.80624901027901,10208500
2020-02-19,63.81672668457031,64.12913061026059,62.7374875153007,62.95523058856232,8502600
2020-02-20,62.86056900024414,63.75992664094728,61.74346826380964,63.42858473240991,7535900
2020-02-21,60.84409713745117,62.604950781811176,60.23821640050128,62.39668390553399,9658100
2020-02-24,57.82414245605469,58.553094555671656,57.180389454451905,57.871476492069945,11223700
2020-02-25,55.72247314453125,58.96016859385623,55.36272800193231,58.619357786273575,9942500
2020-02-26,56.62184143066406,57.52119898505136,56.148493828836806,56.4041019671862,10851500
2020-02-27,53.96161651611328,55.38165905601099,53.39360094469617,54.15095624370396,15746200
2020-02-28,55.02192306518555,55.07872607629525,51.197277267687134,51.30141070435496,14943900
2020-03-02,56.95317459106445,56.9815742871939,53.961618349809896,55.57100067198752,10795200
2020-03-03,54.94618225097656,58.10814390169196,54.491769054696846,56.77330400907183,14036600
2020-03-04,57.29398727416992,57.4170586470365,55.16392332189272,56.27155484362638,7925800
2020-03-05,55.97808837890625,57.21825678388629,55.15446095190928,55.43847240196649,9842500
2020-03-06,54.709510803222656,55.36272912341827,53.25159947963279,53.961620806027895,8958500
2020-03-09,49.294410705566406,52.38063857470815,49.22814234132302,49.99496662788143,10305900
2020-03-10,53.17586135864258,53.17586135864258,49.7677604864402,51.50021423090243,10107400
2020-03-11,49.69203186035156,52.05876982336142,48.66959932688064,51.38661349723642,12974200
2020-03-12,42.70541763305664,47.67556703540665,42.695948659455105,46.17978700562982,18043700
2020-03-13,48.17731094360352,48.49918740791001,42.93261945340279,46.07564675834614,15539300
2020-03-16,38.36954879760742,44.210659069578064,38.25594640403999,41.70191577021029,13763000
2020-03-17,42.46875,43.61425039945475,37.65007097549869,39.53399252313819,16361200
2020-03-18,37.09151840209961,39.53399015186272,34.68691171588714,38.40742415856897,18870000
2020-03-19,38.04767990112305,39.827467940376216,34.89518667079131,36.6181716962945,13066600
2020-03-20,35.96493911743164,40.954017823484534,35.785064783779994,39.27837110873264,13967100
2020-03-23,38.02874755859375,39.325722688770014,35.89868318450612,36.58030493984804,15138400
2020-03-24,42.73381805419922,43.775184875315,40.73629073040199,41.88179459476488,16338500
2020-03-25,42.345664978027344,45.64963196576586,41.43683868635912,42.53500469163022,11550700
2020-03-26,46.577396392822266,46.7572671491858,42.9231529839419,43.76571098634442,11864900
2020-03-27,42.64861297607422,45.56443557946706,42.449807874394295,45.15735640287188,10624200
2020-03-30,44.7786865234375,44.977491667739535,42.91369925666385,42.97996763809786,7839200
2020-03-31,43.37757110595703,44.75974514618294,42.74328709443686,44.65560810277386,11068000
2020-04-01,40.99189758300781,43.71838051379936,40.54695333657047,41.49364844754688,10665900
2020-04-02,40.93510055541992,42.0900662018961,39.88426834363611,40.2345445437789,8764600
2020-04-03,40.026268005371094,41.29483959437938,39.36358431894196,41.1433685215734,9488600
2020-04-06,43.689979553222656,43.973987356035146,42.260467954610085,42.44980769360346,12046500
2020-04-07,45.02482223510742,46.35966224032472,43.83198433431854,45.44136679732833,11962600
2020-04-08,48.71693420410156,48.86840529189243,45.93365161168606,46.037788661671456,14429000
2020-04-09,46.94660949707031,49.92870046491829,46.08511711256947,49.22814451171683,11654400
2020-04-13,47.22114944458008,47.306352142342334,45.79163791671939,46.67206458981108,5750000
2020-04-14,49.673095703125,50.02337189763582,48.35719002172683,48.669597543491776,8025500
2020-04-15,47.685028076171875,48.57492372359372,47.098078163504574,48.57492372359372,7206700
2020-04-16,49.44588851928711,49.76776502299656,48.09211413115812,49.105077678729394,8878100
2020-04-17,50.36418151855469,51.026868830250535,49.48375476083905,50.78072607467664,9367600
2020-04-20,47.931175231933594,49.69202874379355,47.91224089605437,49.322814611181535,7041200
2020-04-21,45.75377655029297,47.38208968912899,45.640170536543394,47.24008758897491,9359600
2020-04-22,49.33228302001953,49.63522516790836,47.154884977810326,47.42942381652784,7785000
2020-04-23,48.186771392822266,49.436408359940046,47.89329467654672,48.99146060557006,9048300
2020-04-24,48.98201370239258,49.114550459246615,47.27795936753848,48.48973174025203,7663900
2020-04-27,48.30984878540039,49.90976578215361,47.95010725511179,49.70149170888275,6587400
2020-04-28,47.732364654541016,49.341747028132666,47.58089358475328,49.14294192616536,7759500
2020-04-29,51.44340896606445,51.736885730537594,48.679057552659266,49.06720598858583,8946300
2020-04-30,47.03182601928711,51.007947274319825,46.99395733796389,50.60086797848575,14457000
2020-05-01,44.39053726196289,45.78218035883098,43.89825532557857,45.51710685899157,13583100
2020-05-04,45.043758392333984,45.1005577918595,43.75625236987479,44.07812887548959,7798000
2020-05-05,46.246063232421875,48.0447857186476,45.94312103009947,46.227132504713154,8220600
2020-05-06,47.80810546875,48.432924128441826,46.89927898399016,47.32529252726991,8594600
2020-05-07,48.51813507080078,49.03881677367963,48.19625851807196,48.7169402209508,6645600
2020-05-08,50.94166946411133,51.01740320139176,49.45535830500794,49.61629475382607,8082200
2020-05-11,51.13100051879883,51.50968000153972,50.52511623549755,51.24460653043421,8211500
2020-05-12,49.54056167602539,51.680091244495365,49.521627338614344,51.50022045612381,7479000
2020-05-13,48.74533462524414,50.04230596325204,47.71343677231235,49.70149513309397,8696600
2020-05-14,51.528621673583984,51.73689577988157,47.0128849917388,48.04478293720895,15839000
2020-05-15,49.266014099121094,50.61978838730557,48.44238675812703,50.326311604857146,20755900
2020-05-18,51.46234130859375,51.73688372815051,49.61628531728277,50.6765827170392,11293300
2020-05-19,52.51319122314453,53.96163392551114,51.14994763375845,51.59489559544486,10535600
2020-05-20,54.06243896484375,55.279032751435686,53.53017737034204,53.701261324798466,9824100
2020-05-21,52.29457473754883,54.1004557168635,52.132993833056595,54.02442041678257,7467200
2020-05-22,51.69578170776367,52.4371431175696,51.05897200974793,52.29457556800301,7121000
2020-05-26,52.40863037109375,53.900859870541645,52.23754641090037,53.52067611235072,7757600
2020-05-27,53.606224060058594,53.64423990209481,50.67879030484585,52.83634615348319,9071600
2020-05-28,51.9619140625,53.87235053161218,51.65776558619865,53.34008888521689,7234100
2020-05-29,53.39710998535156,53.58720366064206,51.76230945388267,52.27556128944643,10819600
2020-06-01,52.93137741088867,53.67274233641005,52.456145064721014,52.87435184981899,5374800
2020-06-02,53.02642822265625,53.43512834712206,52.03794403205357,53.2260249460274,6998700
2020-06-03,54.94637298583984,55.36457620469634,53.6157207769778,53.88184976845598,8026700
2020-06-04,55.250518798828125,56.26751582561904,54.27153760776241,54.32856679995331,7456900
2020-06-05,57.208465576171875,58.0828949334085,56.66670101953821,56.75224298246641,8349700
2020-06-08,56.93284606933594,57.47461074476713,56.16296823416419,56.96135885465264,5528700
2020-06-09,56.82828521728515,57.27500116026733,56.010884996115294,56.09642696404552,6184300
2020-06-10,56.89482879638672,57.56965799693433,56.51464139075481,57.217987003453096,5319800
2020-06-11,52.665252685546875,55.68773093989432,52.60822349416349,55.37407582588876,9386800
2020-06-12,53.748779296875,55.13645692063582,52.24704692169505,54.6612245596984,8534200
2020-06-15,54.2240104675293,54.39509440377008,51.81933593420675,52.19951963917008,7221000
2020-06-16,55.64020156860352,57.15144050950752,55.03190477176528,56.03939498187801,9718000
2020-06-17,57.02788543701172,57.43658557270246,55.64020776155424,55.8207947601734,8338100
2020-06-18,57.389060974121094,57.71221912488139,56.61918324343872,56.61918324343872,5674000
2020-06-19,57.93082427978515,59.24246658302053,57.41757247081457,58.35853412059399,10092800
2020-06-22,58.2349739074707,58.34902865881759,56.62868983378439,57.52212536651613,5379900
2020-06-23,57.8262825012207,58.9098118666332,57.44609510512634,58.862289348555336,7264900
2020-06-24,56.99937057495117,57.87379637939633,56.2199897924726,57.34153845520717,7937300
2020-06-25,57.008880615234375,57.09442259578446,55.706744800848114,56.64770296116341,6298900
2020-06-26,55.48814010620117,57.16095668148641,55.13646549389569,56.61919199583669,12786500
2020-06-29,56.13444519042969,56.143948241886704,54.708748173366565,55.54515447951439,5035900
2020-06-30,57.45560836791992,57.9213341744797,56.14396568940485,56.191488212928235,6067600
2020-07-01,56.72373580932617,57.76924557001053,56.59067132622837,57.436584362266025,5305200
2020-07-02,57.97835159301758,58.59615515045045,57.35104498310615,57.50311920291088,5596100
2020-07-06,60.316497802734375,60.55411401244486,59.20445568164237,59.29950071523232,7776900
2020-07-07,59.09989547729492,60.66816368633678,58.957324321660174,60.24045384516763,5078200
2020-07-08,59.66067886352539,60.05036930565,58.947830228487504,59.784240308804605,4045700
2020-07-09,60.34501647949219,60.544613232967755,59.15693538632459,59.95532602596264,6155900
2020-07-10,59.48959732055664,60.34501716768711,58.97634541227836,60.14541678619947,5899000
2020-07-13,58.46308517456055,60.62064059205225,58.36804014985891,59.88878229949676,6178600
2020-07-14,59.44206619262695,59.527608164951225,57.09441710552162,57.78825593626947,6297500
2020-07-15,59.02386093139648,59.72720645848255,58.26348983842194,59.641664483914454,5226400
2020-07-16,59.25197219848633,59.51810116617803,58.45358166967598,58.55813337147922,3934300
2020-07-17,59.21395111083984,59.73670597975048,58.88128991036994,59.73670597975048,4585200
2020-07-20,60.5731201171875,60.73470101549768,58.81476172091474,59.50860057663398,5017000
2020-07-21,60.649166107177734,61.628140160666874,60.12640751561505,60.94381152917344,5833900
2020-07-22,61.03885269165039,61.40953339613643,60.37352658388118,60.43055577908503,5027800
2020-07-23,60.47807693481445,62.093867838546096,60.06937677605481,61.14340302761401,5351800
2020-07-24,57.61717224121094,58.311011074964405,56.66670748937298,57.37955605325145,11041000
2020-07-27,59.88877868652344,59.945807873345125,58.08289794599067,58.57714002124013,7194700
2020-07-28,59.21395111083984,59.831754626838425,58.83376739969354,59.43255756053938,4565700
2020-07-29,60.11688995361328,60.50658032053616,59.09038637689841,59.565618708547525,4621400
2020-07-30,61.22894287109375,61.23844954984649,59.86978149403581,60.09789102380312,5525000
2020-07-31,61.14339065551758,61.580603509901714,59.99332571144136,61.580603509901714,5900600
2020-08-03,61.78973007202149,62.34099424655296,61.47607488983255,61.58062661722886,5540600
2020-08-04,61.63764572143555,61.97030697754226,61.00083599524964,61.780216903044575,5190200
2020-08-05,61.65665435791016,62.017828372384535,61.22894084583872,61.65665435791016,4572700
2020-08-06,60.45906066894531,60.991318585068825,59.49908928324806,60.70617989775479,7395900
2020-08-07,60.421043395996094,61.789714945787395,59.6701753791784,60.535098149900286,7124200
2020-08-10,62.00831604003906,62.046335498854646,60.4685642153594,60.497080622338665,7387000
2020-08-11,61.2669563293457,62.84473127997408,61.04835349975823,62.08435658665213,7608600
2020-08-12,63.205909729003906,63.3674870060032,61.4950701740966,61.77070583858006,6170100
2020-08-13,61.84674453735352,63.30095452797018,61.40953159746995,63.07284500530723,10684400
2020-08-14,64.27042388916016,66.43748218641207,63.20590084337413,64.05181382341597,23421900
2020-08-17,63.62410354614258,64.85020376769504,63.462519050735864,64.72663872700346,6883000
2020-08-18,63.13937759399414,64.05182294106551,62.79720968240849,64.05182294106551,6166700
2020-08-19,62.81513977050781,63.63525600383769,62.64348736642563,63.48267285551354,4979500
2020-08-20,60.83160400390625,61.81383440000964,60.34525430102097,61.708935301827225,8307800
2020-08-21,59.38208770751953,60.345245062149914,59.048317570059176,60.1735926800919,11150600
2020-08-24,60.78392791748047,60.8411429658136,59.77308628946215,60.42155018097838,8366500
2020-08-25,61.07954788208008,61.65172015035679,60.48829908204058,61.13676292623821,5156900
2020-08-26,60.803001403808594,61.27981654570424,60.545526392836926,61.0795565870449,5964900
2020-08-27,59.15323257446289,61.30842255695638,58.44755360297185,61.30842255695638,8917800
2020-08-28,60.144989013671875,60.17359653325273,59.09600540084179,59.18183159736659,5206000
2020-08-31,58.7431755065918,59.70633677640164,58.57152307509664,59.54421897430819,6454200
2020-09-01,59.019718170166016,59.21997809751774,58.39032722864452,59.105544372999965,7919800
2020-09-02,62.0617790222168,62.27157722073774,59.47745824247159,59.59189560772808,10802500
2020-09-03,58.609657287597656,61.38470316918755,58.218672079287394,61.21305077160916,11013000
2020-09-04,58.13284683227539,58.96250131341521,55.83461595793962,58.3712525397284,14688100
2020-09-08,53.050048828125,55.109874375020986,52.754424386742414,54.423264646794635,20934800
2020-09-09,52.63999938964844,54.33744745777729,51.98199707819074,53.98460790561443,16267600
2020-09-10,52.563697814941406,53.64129280452715,52.39204538694428,53.02143641033941,10670500
2020-09-11,52.44926834106445,53.69851586024451,52.14410925264819,53.03097899016522,9203300
2020-09-14,53.84154510498047,54.470936038915006,53.5173131912698,53.62221228655597,8495700
2020-09-15,54.54722595214844,55.19568975982702,53.86061635865763,54.57583347261644,7209800
2020-09-16,53.85109329223633,55.500860686084714,53.765267074624184,54.82378921257956,8339400
2020-09-17,53.72711563110352,54.0036671518608,52.15363635292994,52.277608351507816,7098700
2020-09-18,53.545928955078125,54.165781676682315,52.63998644435208,54.15624704801022,11913000
2020-09-21,54.66167068481445,54.69981647831215,51.63868748689236,52.64952555009965,8494300
2020-09-22,55.20523452758789,55.41503275030895,54.07995910391078,55.2719878461295,7629300
2020-09-23,54.594913482666016,56.14931989821893,54.36604237573869,55.40549152904224,8831800
2020-09-24,55.10988235473633,56.09211302878571,54.127648042903346,54.2993004998146,6318500
2020-09-25,55.52946090698242,55.67250579677739,54.02273861997998,54.823781999709965,6542600
2020-09-28,56.6070556640625,57.074328845741626,55.54853366791622,55.57714119069336,8616000
2020-09-29,56.88360977172851,57.455782080068346,56.40679830218438,56.62613114164074,5402200
2020-09-30,56.6928825378418,57.38902682328446,56.25421687377371,56.67380964317153,9074400
2020-10-01,57.83723449707031,58.190073976850925,56.75010125719693,57.57021759218669,7542800
2020-10-02,55.51038360595703,56.89313742567269,55.49131071297957,56.349572708053394,7103900
2020-10-05,57.7895393371582,57.81815049441065,56.03487326660106,56.19699103175749,6694600
2020-10-06,57.59882736206055,59.2772021454796,57.379490883351416,57.53207404689962,6947900
2020-10-07,58.285438537597656,58.924367858934666,58.09471320416347,58.64781630734427,5335400
2020-10-08,59.6967887878418,59.79215325524443,58.523833122157896,58.83853040791289,5411500
2020-10-09,60.35480499267578,60.850689425768415,60.13547212303962,60.35480499267578,6366800
2020-10-12,61.68033599853515,62.09993244717558,61.01279917024789,61.089087118684205,7021900
2020-10-13,61.68986129760742,62.3860018677136,61.18444237739112,62.21434947258688,7189900
2020-10-14,61.012786865234375,62.15713496325227,60.48829504799602,61.890121740901606,5823900
2020-10-15,60.56459045410156,60.73624287187353,59.14369433094592,59.506072061551485,6397300
2020-10-16,60.078250885009766,60.96512059385876,59.51561315184517,60.803002787124974,6841000
2020-10-19,59.17229843139648,60.669486048183,58.94343097946288,60.240355028579295,5757500
2020-10-20,59.37255096435547,60.08776802866216,59.14368354093531,59.76353614733184,4479700
2020-10-21,59.229530334472656,59.944747647535294,59.03880499009928,59.50608190192489,6188900
2020-10-22,58.83853912353515,59.26767019595708,58.03749566760857,58.86714664910228,6013400
2020-10-23,58.123313903808594,59.28673131649922,57.84676240201047,58.838531047076664,6519800
2020-10-26,56.75010299682617,57.69419136524564,55.92999027447944,57.53207720176015,6715400
2020-10-27,56.10163879394531,57.20784124873077,56.04442010846609,57.00757766844489,4626200
2020-10-28,54.66167068481445,55.51993284959715,54.23253960242311,55.10033639668868,8976600
2020-10-29,56.74055862426758,57.43670285656924,54.30882112506974,54.57583435450533,6314400
2020-10-30,56.48307037353515,56.530750779534486,55.55805521846462,56.01579730184721,7336200
2020-11-02,57.53207778930664,57.67511905776352,56.76917647307095,57.169700027873,7475100
2020-11-03,58.96251678466797,59.54422380775098,58.16147325192767,58.16147325192767,9967600
2020-11-04,61.85198974609375,62.16668708927153,59.248599334372216,60.49784316414512,9808300
2020-11-05,66.7059326171875,66.81083173973343,62.853301714028646,62.93912430034795,13118100
2020-11-06,67.2590103149414,67.57370756353079,65.18011246225305,65.70460787656867,8639700
2020-11-09,67.99331665039062,72.40858812118653,67.9551708607785,69.80519436579118,10154600
2020-11-10,66.1718978881836,68.17450468768175,65.89534635138364,67.6595474062852,8206100
2020-11-11,67.85982513427734,68.3747752197868,66.63918142159575,66.94434053087438,8071900
2020-11-12,66.5628890991211,67.85027870926585,66.21004596573545,67.57372716292026,8542700
2020-11-13,69.43328094482422,70.5108794770066,68.19357554152029,68.91832370632,10179400
2020-11-16,71.02584838867188,71.07352517611622,69.21396312775698,69.58587553742882,8104400
2020-11-17,70.92093658447266,71.1116582512676,69.67168565760058,70.3392260425133,5460100
2020-11-18,72.4129867553711,73.33117988480866,71.34175778911877,71.43740883570317,10667700
2020-11-19,73.88591003417969,74.13458957393657,71.26523384445386,71.98257277682454,8990100
2020-11-20,73.37902069091797,75.14845596399856,73.340761723746,73.83811370267793,7609100
2020-11-23,76.9944076538086,77.07092558664432,73.61813231181318,73.61813231181318,8809800
2020-11-24,79.33772277832031,79.51945106738702,76.34402942660716,77.47264353793479,9542000
2020-11-25,77.60655212402344,79.40468012424395,77.53960074362035,79.28991049906907,5518500
2020-11-27,79.06036376953125,79.89247273874594,78.12303714889323,78.24737334159747,3098200
2020-11-30,78.88819885253906,78.99340190541203,77.19527398187095,78.4290984799579,7543100
2020-12-01,80.60023498535156,80.93499914001453,79.27076682470013,79.43336926733582,7041400
2020-12-02,81.57582092285156,81.86275224644974,79.96898070038411,80.0454986388712,5272800
2020-12-03,82.35054779052734,83.24004878859766,81.9584061124278,82.00622435274835,4825000
2020-12-04,84.97122955322266,85.04774749819613,82.87660371393221,83.13484265677658,6876900
2020-12-07,85.2581558227539,85.56422026106851,83.99563910256218,85.38249199242327,5524100
2020-12-08,85.84159088134766,86.32938358025473,85.16251064808378,85.34423891372893,4703000
2020-12-09,83.99564361572266,86.17635376802968,83.38351470620321,85.66943519894191,7017800
2020-12-10,84.0625991821289,84.75124606399177,82.69487198541589,83.21135714681303,5731200
2020-12-11,84.45474243164062,84.73210718181959,82.81920254959354,83.25917703649935,5776400
2020-12-14,84.64604949951172,86.57808041293372,84.47388775101639,84.64604949951172,6425500
2020-12-15,84.6173324584961,86.66413970746542,84.11997319778017,85.98505947973743,6179500
2020-12-16,84.69384765625,85.36336129657829,83.48871580650768,84.46429386772196,5808100
2020-12-17,83.68959045410156,85.35381569535738,83.33570041606336,85.24860534072853,5559400
2020-12-18,82.34099578857422,84.31129298597261,81.62365638250608,83.84263328387783,14603100
2020-12-21,82.64704895019531,82.76181855907949,80.1507077968347,80.71501116625423,5226600
2020-12-22,81.91057586669922,82.83833578198943,81.81493209440325,82.78095097804227,3901200
2020-12-23,80.37068176269531,82.73311999840203,80.3037303967792,82.54183246639931,4585900
2020-12-24,81.61407470703125,81.67145950867469,80.53327896173448,81.04976406798083,1409200
2020-12-28,81.17410278320312,82.96266376982074,80.87759763204593,82.60878111753024,3018300
2020-12-29,80.60023498535156,81.41322530707338,79.89246230130708,81.31757423593984,4518000
2020-12-30,83.19221496582031,83.75651825711158,81.45147226628035,81.66188561915347,6294300
2020-12-31,82.54182434082031,83.26872272859461,81.46102872966095,83.20177136926932,5715900
2021-01-04,83.08700561523438,85.41118476358953,82.39835886058822,83.44088826065166,8449900
2021-01-05,85.69811248779297,85.71724561748927,82.63746847996678,82.63746847996678,6987200
2021-01-06,86.87454986572266,87.89795336644275,84.43559398317484,84.44516054780328,9818000
2021-01-07,90.44213104248048,90.92035721304714,87.98404881765386,88.11795156164035,8784100
2021-01-08,91.39857482910156,93.54103312666504,90.7481870061183,92.09678818352614,9059700
2021-01-11,93.69406127929688,94.01925883793048,90.0786729516826,90.49951427562551,8357500
2021-01-12,95.6548080444336,96.47735770490874,93.92362421163448,94.23925525982553,7186100
2021-01-13,93.7801513671875,96.1138900279076,93.69406686527071,96.1138900279076,5310000
2021-01-14,101.19265747070312,101.95781494157518,98.22764946747384,98.35199293814016,11663000
2021-01-15,98.64849090576172,100.82920101023734,96.74515284750828,100.58052866299154,8981200
2021-01-19,104.46372985839844,104.80805329813757,99.84406312285893,100.5231434353576,9362200
2021-01-20,103.14379119873048,106.05140646507976,100.58050657009603,105.31494155713114,9926000
2021-01-21,103.26815795898438,104.52110816068172,101.64218463982576,104.35851301791148,7271400
2021-01-22,101.69957733154295,104.97064252731924,101.62305939432954,103.3446764958708,6207600
2021-01-25,103.41162872314452,105.30540025337282,102.34039948474069,102.82819221707618,8437500
2021-01-26,100.93441772460938,104.15766484761912,100.68573806450192,104.1098393101226,6029800
2021-01-27,94.2870635986328,99.52841778899096,93.8088374784902,97.65377227369012,9782700
2021-01-28,96.74514770507812,98.84933976140704,95.61653374468128,96.78340667119431,7433000
2021-01-29,92.46979522705078,96.0851832284653,91.8863588250076,95.86520331781676,7943400
2021-02-01,96.80254364013672,97.70161120440096,93.42626793641588,94.92789786772704,9083600
2021-02-02,99.07889556884766,99.4136597295256,97.33815258136224,98.50502561749632,5108600
2021-02-03,95.52090454101562,99.8631993456791,95.47307900179104,99.77711483450538,5399200
2021-02-04,98.74413299560548,99.21279987459374,95.8460837062766,95.8460837062766,6356300
2021-02-05,96.3243179321289,100.61878705809475,96.30519209535188,100.29359675281763,6349300
2021-02-08,101.565673828125,101.62305863202856,97.32858977398116,97.41466697983648,6621400
2021-02-09,100.7909164428711,102.6846947509629,100.2170466606812,101.58477341176136,5769200
2021-02-10,101.26918029785156,103.48814963559896,100.45619719470088,102.28302483207568,5001700
2021-02-11,108.07909393310548,109.32248465827588,102.6177529825863,102.75165570103223,12147100
2021-02-12,111.61797332763672,112.68920246186129,106.8261528661192,108.0791029636178,8157500
2021-02-16,113.19613647460938,115.85507289436224,112.56488170523797,113.3491723563676,9260100
2021-02-17,110.67110443115234,111.96231368958712,107.2087441755312,111.38844371885529,7225200
2021-02-18,108.4903793334961,110.59457137092164,107.54349364636975,109.03555682573872,8239600
2021-02-19,114.25778198242188,119.07830207459372,113.72217107123102,116.31415572667444,21054100
2021-02-22,110.21199798583984,114.64993592290806,109.62856151894,112.832675155375,7850600
2021-02-23,111.08238220214844,112.6700967037884,105.86971949174084,107.94521946804126,9387900
2021-02-24,117.68485260009766,117.88608793755893,109.64498727061094,110.248700593997,10098100
2021-02-25,109.17543029785156,116.16120212873491,108.8592002284408,116.11328582330842,11352800
2021-02-26,113.25764465332033,115.23167347689686,108.70587376753852,111.66691700290336,11626500
2021-03-01,117.14818572998048,117.3685904414453,114.47461889612352,116.12283993873064,7003000
2021-03-02,112.59642028808594,116.82238306094438,112.34726871526206,116.75529732391476,6505000
2021-03-03,110.62239074707033,114.8483461698591,110.29657603008204,113.34386664767806,7257100
2021-03-04,103.7228775024414,111.62858478517934,102.65919993770204,110.52657564114293,12433400
2021-03-05,108.71544647216795,109.5683039742244,101.24096425415652,106.93306831234194,9962700
2021-03-08,101.26972198486328,109.35750300610272,101.09723352148607,108.09259004500382,12091500
2021-03-09,109.45330810546876,110.15283924211808,104.84404406116153,105.65856992250684,12040800
2021-03-10,107.97760009765624,111.63818226222652,107.88177479396631,110.96739782539508,8820300
2021-03-11,112.29936981201172,112.9318225554901,110.814052273887,112.36644824406248,7715500
2021-03-12,109.5204086303711,111.59026291550454,108.60047258020046,109.76956026198036,7426000
2021-03-15,110.08577728271484,110.61282737766793,108.3800621550506,109.84621038700917,7061200
2021-03-16,113.55470275878906,116.20910061065614,112.04063830069828,112.1460483142996,10383000
2021-03-17,114.89629364013672,116.08454348880797,110.10495535081492,111.3411215067802,8342600
2021-03-18,109.51081848144533,113.82302261541822,109.34791474658005,112.94141819155746,9040500
2021-03-19,110.0666046142578,112.17479017030875,107.46011586866705,109.73121245456798,13044700
2021-03-22,114.35006713867188,116.41034380891423,112.08855516263856,112.69226108001143,11318700
2021-03-23,111.5231704711914,115.18375207644893,110.7373914033927,114.89627620930358,8263800
2021-03-24,116.04619598388672,120.55005774453036,115.39457377350004,117.53151357419492,20252500
2021-03-25,114.72380065917967,115.45208609760633,111.36986398850672,113.80386462111532,10381600
2021-03-26,123.2715301513672,123.59733759086107,114.19673579074684,114.6758695389443,14037000
2021-03-29,120.46380615234376,122.49533587763702,118.3172890064684,121.73830367780133,10539600
2021-03-30,121.46998596191406,122.56241028759658,118.69100885003724,119.67802316964509,7970900
2021-03-31,128.0245361328125,129.84523842427882,123.61650004968244,124.54602063842071,18589500
2021-04-01,135.61398315429688,136.41892412219747,131.4742616816694,132.37503522184284,15929200
2021-04-05,137.08018493652344,139.90707146990508,135.82485670326605,139.4279376635013,14377400
2021-04-06,133.71665954589844,139.2362904894931,131.23474987697156,137.87555220048293,18004800
2021-04-07,133.33334350585938,135.94940976794229,131.11017044025837,134.39702104877253,13702700
2021-04-08,133.5345916748047,135.7673422446478,132.44216723032244,134.7420035486,10238000
2021-04-09,133.1129608154297,134.32995018521,131.75222252705862,132.54758641951565,9637200
2021-04-12,129.36614990234375,132.940484616595,128.89659342766498,132.06847205219998,11147500
2021-04-13,129.4619598388672,131.27308503519524,127.64124260836596,130.92810811103735,8034300
2021-04-14,128.54200744628906,131.4168100711102,127.67957250764364,129.04988807358063,8134200
2021-04-15,128.8007049560547,130.4585032092126,127.3058103812304,130.32434637870267,8269400
2021-04-16,128.1491241455078,129.1169837953874,127.45917029248604,127.92872668807134,7686300
2021-04-19,125.42761993408205,129.63441325307738,123.32901197964468,127.82328844426162,12826400
2021-04-20,123.2236328125,126.17509891017713,122.95531904198424,123.98067243945816,7583300
2021-04-21,129.41403198242188,129.51944199489458,123.61651054042775,124.70893493241658,12108800
2021-04-22,126.25173950195312,130.07523198115092,125.00598886330212,129.14571136306526,11483500
2021-04-23,129.23194885253906,129.5290094224285,127.21000394877454,127.919127125479,8079100
2021-04-26,131.57012939453125,132.88295117772006,128.59949432462793,129.20320752279574,7927200
2021-04-27,131.07180786132812,132.48046204524002,129.89314310691188,132.38462946078363,5767400
2021-04-28,130.02732849121094,131.2059935043284,128.9540734953318,130.9376797553586,6172700
2021-04-29,129.73985290527344,131.85763078598387,127.53583444776577,131.52223126910096,6668400
2021-04-30,127.17166900634766,128.79112857789409,125.91632647015538,126.49129274050298,8691800
2021-05-03,127.30582427978516,129.95063692229758,126.20380804557206,128.64739273134953,7750200
2021-05-04,123.34822082519533,125.2264173488416,120.09010914835468,124.5652249112958,14199100
2021-05-05,124.85266876220705,126.98961585990668,123.38652062619002,126.2325763306941,7276600
2021-05-06,126.23255920410156,126.38588549579802,122.42824380663284,124.2297838680664,7270500
2021-05-07,127.4016571044922,128.5036734672621,126.14632905937268,127.01835596561642,7524800
2021-05-10,119.48638153076172,126.41465172926831,119.31389308165777,126.41465172926831,10471500
2021-05-11,118.39395141601562,119.1509763000879,112.7114249029744,114.99209889918122,15287800
2021-05-12,110.08577728271484,115.95996224445912,109.61622821421211,114.35007241287688,18648200
2021-05-13,114.91543579101562,116.40075332678822,112.97015395362362,113.54511298614824,14228000
2021-05-14,119.62054443359376,120.55006516114126,115.24126186099484,116.80323539315104,12422300
2021-05-17,118.41312408447266,118.4610403876775,115.3466707653989,116.90864428245813,9379000
2021-05-18,116.72655487060548,120.15715407054766,116.6115674565071,120.10923777400642,7536700
2021-05-19,119.591796875,119.86011062756484,112.8743390939957,113.47804503726658,10424200
2021-05-20,124.87183380126952,125.21681068122044,120.01341793812824,121.51789759919168,18239800
2021-05-21,123.29068756103516,125.2359692190776,121.71912229422738,124.4310281099566,14252400
2021-05-24,128.96363830566406,129.9698220769849,124.1818783501876,124.75684468294271,11405600
2021-05-25,131.7617950439453,133.3429307356714,130.26689992696723,130.7556111392091,12721000
2021-05-26,131.4161834716797,133.40327240108422,130.75383514277846,132.443329454914,10577900
2021-05-27,132.29934692382812,132.65452113488269,130.39864930031854,130.49464945617683,10623400
2021-05-28,132.59693908691406,133.87366510981877,132.29935908299805,133.59527342078414,7186300
2021-06-01,132.67372131347656,136.42708710872614,131.76176379464795,133.43206979761268,8839300
2021-06-02,133.44166564941406,134.737594504955,131.43538837763424,132.52012861008606,6401200
2021-06-03,130.91705322265625,132.5009535821607,129.67871834007332,131.89618470240762,8191900
2021-06-04,134.248046875,135.20798996413816,132.10736323997213,132.21295756568009,6662800
2021-06-07,133.40330505371094,134.0944653159316,132.65455054423367,133.87368248559096,5943100
2021-06-08,130.41786193847656,135.11198281594852,129.82270194118058,134.7184026543187,8129200
2021-06-09,129.25633239746094,131.96337896697443,129.17954983941607,131.36821893292648,6887800
2021-06-10,131.66578674316406,132.635323909964,129.88029215898482,130.4274520578504,6163000
2021-06-11,131.33941650390625,131.65618482385517,129.81309590630906,131.44499617884344,6077700
2021-06-14,133.4608917236328,133.96006625080017,130.31227944009035,131.32022265256631,6062900
2021-06-15,133.08651733398438,134.9776065056614,132.66414000563032,133.55689474920956,6059300
2021-06-16,131.4929962158203,134.67040539980263,130.59064739609522,133.92165098504535,8030400
2021-06-17,131.8193817138672,133.09609303263275,129.640306970759,131.08022149176506,7690300
2021-06-18,125.97331237792967,130.80182436539138,125.39735538206448,129.83228723476617,13258400
2021-06-21,127.72044372558594,128.22921244195706,125.09980293120276,125.93494881513826,5984000
2021-06-22,128.0948028564453,129.05474590585203,126.32851116095335,127.49964285303506,5680900
2021-06-23,130.07228088378906,130.7538468816895,128.90114921251333,128.9203521744795,6327400
2021-06-24,132.72171020507812,132.92330467438518,131.23381031463197,131.51218733193784,6374100
2021-06-25,130.7346649169922,133.6336974416295,129.95711327951503,133.153725848365,7276700
2021-06-28,135.34239196777344,135.7551604974667,132.40495358192476,133.22091113036666,6984400
2021-06-29,136.235107421875,137.07025313619113,134.7663958185623,134.82399005436787,5340500
2021-06-30,136.69589233398438,136.92628395237847,134.45923778852435,136.302326792969,5963400
2021-07-01,132.42413330078125,136.4942968748585,132.07855323649574,136.02391953393533,7693500
2021-07-02,132.62576293945312,134.89122959542493,132.01139984533728,134.3248519457533,5299600
2021-07-06,131.30099487304688,135.45754958348346,129.41951490308668,133.70085223605412,7432600
2021-07-07,129.46754455566406,133.18253498290682,128.6516015620729,132.96173748384223,5956800
2021-07-08,127.22125244140624,129.0067471171043,124.52381478914369,126.36690370477253,7770900
2021-07-09,129.496337890625,129.95712119447344,126.79889971580404,128.0756259893543,5762900
2021-07-12,131.3202362060547,131.54101904664705,129.27555244807874,130.54268453684446,5459600
2021-07-13,130.8306121826172,131.48338097527602,129.35230655265883,130.55223518487273,4950600
2021-07-14,130.2162628173828,134.27683227628344,129.985885870541,132.65452625362258,5982300
2021-07-15,127.86441802978516,130.4850585922712,126.32851785785466,129.5731155765048,7057900
2021-07-16,123.04549407958984,129.19873259358496,122.7959141577644,128.6323697050761,8190600
2021-07-19,123.46788024902344,123.56388042070584,118.91775187985888,120.1752823558068,8934000
2021-07-20,126.68370056152344,127.7876293414146,122.68073932419418,124.02465389515474,7417600
2021-07-21,132.47215270996094,132.73134145788694,127.22126258653589,127.49965429849304,6434100
2021-07-22,131.68495178222656,133.19206907210807,130.90740042530794,131.51216910182922,5564000
2021-07-23,132.88491821289062,133.4320928185916,131.06103215569306,132.42414961958474,4345600
2021-07-26,132.93292236328125,134.27685155224523,131.9345879393271,132.6929365774916,4638200
2021-07-27,129.496337890625,132.11699349570932,126.309333933983,132.11699349570932,6344100
2021-07-28,131.7137908935547,132.35695097230578,129.59231033134847,130.19707913344996,5041900
2021-07-29,131.99215698242188,132.33773703387854,128.1619792994078,129.98587971170517,5382600
2021-07-30,134.3248291015625,135.73594661092696,131.00343422396045,131.03223134475817,8556400
2021-08-02,136.32151794433594,139.43173894328717,135.24638633127265,135.390371941033,10230600
2021-08-03,136.4655303955078,137.61745931923016,134.62244118803784,136.83029885535112,5589600
2021-08-04,137.0414581298828,138.90374990331878,136.12951520458512,137.2718497242227,5434600
2021-08-05,136.57110595703125,138.11661490019625,135.5055685533887,137.68462879657088,4282200
2021-08-06,136.9358673095703,137.42544762909623,135.91833004183377,136.0431273229001,3843300
2021-08-09,136.31195068359375,137.93425722900307,135.783978931009,137.7422714955829,4026600
2021-08-10,132.52976989746094,137.27189215177003,129.88033165772765,137.18550077002894,6403900
2021-08-11,129.4195556640625,133.0385311610336,127.28848048271986,132.9617339435219,9630600
2021-08-12,124.04383087158205,126.7316740979487,122.57511930974977,126.71247113736663,12962600
2021-08-13,124.69658660888672,125.21496401808852,123.42946949846512,123.95744106429385,8812400
2021-08-16,126.4148941040039,126.76047416468631,123.92864528697712,124.24541358233245,10412000
2021-08-17,123.64066314697266,125.5989404508286,121.6343784391136,124.84059191461104,8208400
2021-08-18,122.2679443359375,126.36689778346025,122.08555281965738,123.65025729599444,6768800
2021-08-19,124.02464294433594,124.78300617979453,120.26166783032988,121.16401666868876,9020200
2021-08-20,122.1047592163086,126.70289486138832,120.23287310349262,125.15738588669016,13707600
2021-08-23,126.2229232788086,126.23251743666744,122.6807309021838,123.1702966092315,7710700
2021-08-24,126.1749267578125,128.03721876487123,125.38776636407852,126.52050686889112,6356600
2021-08-25,127.73284912109376,129.05998356405294,126.4057000037746,126.50186108477628,6735100
2021-08-26,127.41549682617188,128.70416987363728,126.549958982465,127.69438305982648,3958700
2021-08-27,131.3200225830078,131.8970332715336,127.77135035227084,127.91559935581114,8413900
2021-08-30,130.83917236328125,132.6086952783928,130.1948356933558,132.30095918089552,4617700
2021-08-31,129.9544219970703,131.36812104294194,128.43493544863802,131.22385735343246,5586000
2021-09-01,128.34837341308594,130.8295442756638,128.13679842877863,130.48333199901225,6260300
2021-09-02,129.3004150390625,130.7429633987568,128.75225429304626,129.56968955892324,5142200
2021-09-03,130.62759399414062,131.20460466489527,128.24258427142036,128.71380745138205,4836000
2021-09-07,131.26231384277344,131.91626217911266,128.627253058102,131.41617454438273,5550400
2021-09-08,128.44447326660156,130.73332081925804,126.70380100486828,130.50250785344448,7440600
2021-09-09,129.8293914794922,130.64684166596098,127.82905539058804,127.93484288913854,6808600
2021-09-10,131.59890747070312,135.4072425413558,131.3777207761907,132.9837565873041,9054700
2021-09-13,134.0993194580078,135.88808029903285,132.29132052693475,133.40689495991018,8507600
2021-09-14,134.77249145507812,136.3689152480096,132.62790688647837,132.82024374330302,8073200
2021-09-15,135.82077026367188,135.92655775980865,132.17593685016828,134.62827267925536,6103200
2021-09-16,138.57119750976562,139.09052315788247,133.8396404596991,134.98406455253146,8467300
2021-09-17,135.40724182128906,137.52297699401646,134.0416308036708,137.52297699401646,10884400
2021-09-20,130.3390655517578,131.45463992435236,128.43490562223425,131.32961435735194,8822500
2021-09-21,130.00247192382812,131.98358431445274,128.33873665837982,131.87779683084833,5782200
2021-09-22,132.81065368652344,133.48384013232948,130.35831800774926,130.97380485453817,6344300
2021-09-23,135.70533752441406,136.70549796171355,133.39726594642377,133.993514591293,5620700
2021-09-24,136.4842987060547,136.9170602526521,133.83001516914513,134.0704398810726,3729900
2021-09-27,137.27291870117188,137.78261799038498,134.19547020296795,134.2531844686579,5248600
2021-09-28,127.80016326904295,134.2339311086763,127.45395108610072,132.33938314568124,12873900
2021-09-29,123.35713958740234,128.9061324654677,123.13593824334652,127.7136350511548,10730100
2021-09-30,123.7995147705078,125.83832673792088,123.5879398052634,124.42462795849826,7329800
2021-10-01,124.18418884277344,124.63618851861251,121.57797825813448,124.30919972643272,6459200
2021-10-04,120.40472412109376,122.9243783989539,118.4524761263239,122.77051035862588,9549500
2021-10-05,123.16480255126952,124.2515124830922,120.59706054957852,122.597396304847,7330400
2021-10-06,121.67414855957033,123.27056500955378,120.90479379787035,121.46258095269984,7388700
2021-10-07,122.98206329345705,124.97277989459852,122.57815148155724,123.72256828194,5761300
2021-10-08,121.38565063476562,123.85720946832076,121.04905744754106,123.38598634338756,6300500
2021-10-11,122.61662292480467,124.25150829559632,120.8471002805211,120.885561783935,5472000
2021-10-12,121.90497589111328,123.8956926680108,120.15468388117046,123.82836668956914,7637900
2021-10-13,123.29943084716795,124.52077796804728,122.61661812481265,123.84759162694024,4950600
2021-10-14,127.01160430908205,127.18470309947384,124.6842796262606,126.57882798437574,7947600
2021-10-15,126.54997253417967,127.81942230447882,126.22299838402242,127.19430912691172,4826600
2021-10-18,128.17523193359375,128.29063110914353,124.86698527379662,125.36707282511414,4208500
2021-10-19,129.44471740722656,130.15636541933077,127.53093072802432,128.2233553217877,3694300
2021-10-20,128.84841918945312,130.0216930639834,128.24255883902998,128.83880748287413,4619000
2021-10-21,128.2329559326172,128.39644302055552,125.51134568769672,126.61730846991092,5611000
2021-10-22,130.7237548828125,136.13812564677818,129.3581438876438,130.03134501394118,10744900
2021-10-25,130.5602264404297,132.63749941220308,130.11785320114203,131.03146414471033,4005600
2021-10-26,126.94430541992188,132.13747568099026,126.63655460551098,132.02207646276943,7864600
2021-10-27,127.09815979003906,129.13695723776985,126.37688544681006,128.1752581134645,7837600
2021-10-28,130.81033325195312,132.57024460214276,129.36778440829266,129.41587230462113,6391700
2021-10-29,131.41615295410156,132.00278988855163,129.39659400511357,129.62739235679155,5715300
2021-11-01,134.1666259765625,134.32050134273246,131.19497950492277,131.73352861215503,5329000
2021-11-02,135.80149841308594,136.05153482643328,133.57035008096634,134.15698695498403,4822900
2021-11-03,137.2825927734375,137.85961829757417,134.52252012240697,136.02276887592,4117500
2021-11-04,144.3798828125,144.72609505685156,137.0421143784074,137.78262675439657,9272800
2021-11-05,147.41883850097656,147.8419884239375,143.09119284692454,144.5145179831317,7706800
2021-11-08,147.1014862060547,148.95755824131098,145.43773636249117,148.92870844512083,5878500
2021-11-09,150.30393981933594,150.67900186623217,145.6204700870536,147.12071827463856,7274600
2021-11-10,144.6395263671875,149.06334771758333,144.5145154734747,147.38037443690095,7149500
2021-11-11,148.00543212890625,148.2747066056374,145.50502417720884,146.39939697327472,5061000
2021-11-12,150.81362915039062,151.38102798183414,148.20741866415304,148.74596770242897,5778600
2021-11-15,150.2847137451172,152.08308626196504,149.25568872413476,150.94828843350953,7304300
2021-11-16,151.81382751464844,152.91016395223707,147.66890655038233,149.4288177454733,6200700
2021-11-17,150.00582885742188,152.43892652566146,149.9192794560294,151.861915842014,5759200
2021-11-18,152.66012573242188,152.89092413286554,148.81332919847577,152.429312657614,9929500
2021-11-19,144.2837371826172,150.45784460151836,144.00485085707197,145.18773682475805,16028700
2021-11-22,141.89871215820312,147.12073148579034,141.7159869722673,145.21657128243217,9029100
2021-11-23,143.21624755859375,144.20679659146091,139.54256413097383,143.01429893795557,7254500
2021-11-24,143.5341033935547,143.64970357037993,140.45170147582974,142.93689215582253,6185900
2021-11-26,138.02432250976562,141.77137084165767,136.99365088689208,140.2590733936152,7334100
2021-11-29,145.66290283203125,145.9904048365917,140.1531027045048,141.37643630748337,9932300
2021-11-30,141.78099060058594,146.39495881726845,141.07782112121942,145.5569347158583,13505800
2021-12-01,146.09632873535156,150.82589633455646,144.33357702226553,145.6917649369784,14372000
2021-12-02,141.10671997070312,144.39139647208478,138.45777829981526,142.56122446960111,9573200
2021-12-03,140.47096252441406,145.20053073229175,138.06283386843367,143.0524693885606,7768000
2021-12-06,141.96400451660156,142.90798682954306,135.83772465868284,140.4227963053066,8579700
2021-12-07,151.12451171875,152.19372136180874,144.61293753912503,145.45096155464,10514900
2021-12-08,151.50982666015625,152.0588870872255,149.44846897423753,151.09563555739334,6582400
2021-12-09,147.0403289794922,152.52123211955944,146.78026166879133,150.11310347791658,5420000
2021-12-10,147.117431640625,151.12456233862432,145.11386629162533,150.3732271700063,5291900
2021-12-13,141.69430541992188,148.79346446647708,141.3282651364945,148.4274241830497,6202500
2021-12-14,142.30113220214844,142.75386155824887,139.21873051022584,139.652190721925,5691500
2021-12-15,148.01324462890625,148.2347883818187,139.82560601533294,142.51307151664486,6883000
2021-12-16,141.30897521972656,149.64110851761745,140.8851422586991,148.72600794355827,7155900
2021-12-17,140.77919006347656,143.50519336345766,138.92012186592763,139.95079324900155,9334700
2021-12-20,139.6811065673828,141.3860659824022,137.9857890749339,138.51558038446566,4653400
2021-12-21,145.85549926757812,145.9518302696549,141.61719974105202,143.87120408839417,5986900
2021-12-22,146.7224578857422,146.8380433484619,143.44739436087045,144.45881125381686,4293700
2021-12-23,149.7760009765625,150.7874034278408,147.37749913078193,147.44493379982896,4625500
2021-12-27,156.7402801513672,156.8269692560117,150.45024923705537,150.45024923705537,6416500
2021-12-28,153.7734375,157.00033524588525,152.91614442782264,156.86548065131967,5834300
2021-12-29,155.06422424316406,157.02926555800627,153.68678163645208,154.0239108467273,4654400
2021-12-30,152.17445373535156,155.00641523428206,151.83732456046226,154.77522960443363,4171400
2021-12-31,151.57725524902344,153.8023638420934,151.26900771676287,152.32859023634444,3594300
2022-01-03,154.05279541015625,154.8715650116014,150.94149738115556,151.943287107492,5363900
2022-01-04,152.54051208496094,155.89262327646333,148.8319878345379,154.11061677406735,6947000
2022-01-05,148.0902862548828,153.05102544501625,147.85910061083786,152.23225581648504,6840100
2022-01-06,150.59474182128906,151.61578609918848,146.2601099032278,147.64719446869572,6576000
2022-01-07,145.2679443359375,151.59651322203203,145.10419335826134,149.40030115971024,6335700
2022-01-10,144.0927734375,144.3913790198929,138.0050322308369,142.29149802238803,9683900
2022-01-11,146.84768676757812,147.0499760476988,140.89479961214474,142.92726084475137,6824400
2022-01-12,153.6868133544922,153.87946075698702,148.93797477859644,149.04393305467678,10379800
2022-01-13,151.4038848876953,160.4102935513983,150.74888083116235,157.9732680914417,12553600
2022-01-14,160.8629913330078,160.9207840680262,149.88193073799877,150.0553089430539,11437300
2022-01-18,146.76101684570312,159.79381003824807,145.9518890155532,159.2832878574592,12417000
2022-01-19,137.81240844726562,150.09386589991507,137.66791189369712,148.75493211455472,12929000
2022-01-20,134.03643798828125,141.90621553914906,133.4681231408094,140.33611091838836,10573800
2022-01-21,130.09677124023438,136.68540928954684,129.7018345187676,132.46637687098064,12408200
2022-01-24,134.17129516601562,134.3157917100599,124.92408957118926,126.67719966079169,13204800
2022-01-25,128.10279846191406,131.3971162157323,126.54232132733269,129.8462810011114,11800000
2022-01-26,130.5976104736328,136.37711816104397,127.95829667175109,132.64934040603916,11852600
2022-01-27,125.36717224121094,130.47240794331273,124.54841731511358,129.30688190202977,13539100
2022-01-28,127.58262634277344,127.63079184534352,119.29866698337102,124.8373690728532,13292900
2022-01-31,133.1020965576172,133.285116709902,126.7928104533942,128.03539852714232,8588900
2022-02-01,133.5162811279297,134.16165782143082,128.4688383499449,133.1502408816259,8151400
2022-02-02,135.5872802734375,136.20376066563358,132.16774909528618,135.52948753323977,8134100
2022-02-03,131.49343872070312,136.03035912306223,130.13526546475433,133.111708659053,10040600
2022-02-04,130.58799743652344,131.72462701677802,127.09139020246452,129.40318764931604,8514400
2022-02-07,131.12742614746094,133.20803813362502,130.2315946453472,130.77101311205828,7242200
2022-02-08,133.65115356445312,134.08461382559224,128.59408288904137,129.88483644818535,6644100
2022-02-09,138.90086364746094,139.65219864316964,134.36395730399315,136.45421129954698,7652600
2022-02-10,134.6336669921875,139.82559201709788,133.9015864415101,134.65292143969367,8525700
2022-02-11,127.62115478515624,135.39458420470837,126.45561438422774,134.42170579920693,9473100
2022-02-14,127.0143585205078,129.46101115505382,124.92410428007496,127.50561155277622,9529300
2022-02-15,134.70108032226562,135.22124434035152,129.35503179222084,129.7403411941457,9065200
2022-02-16,135.77992248535156,136.50236102829749,131.8691094931758,133.3910484540812,7990700
2022-02-17,131.45494079589844,138.50593453064113,129.7981469465986,137.58122126938912,11879800
2022-02-18,128.4495849609375,131.9943431928678,126.1185035498795,131.95581960254268,8151300
2022-02-22,125.69935607910156,130.42780703544832,124.00098216891055,125.390567515681,7667700
2022-02-23,123.3833999633789,129.5207259083845,123.15180484157008,127.33985773365524,8413800
2022-02-24,128.7487335205078,128.95138753648948,118.38476153766952,118.77075831903632,8500900
2022-02-25,130.9681854248047,131.37347865773842,127.12753692977098,128.69081293173676,7784500
2022-02-28,129.5014190673828,132.26128602711867,127.40739635022564,129.13473354829972,7428100
2022-03-01,125.07211303710938,130.33129543933526,123.60532694585972,129.0575187551438,9212500
2022-03-02,128.51712036132812,129.76196337493656,125.11071322104048,125.44846497810975,7008700
2022-03-03,126.06604766845705,130.389190332121,125.03351803468838,130.389190332121,5449700
2022-03-04,121.33761596679688,125.023870649782,119.774339771975,123.88519162504797,7096100
2022-03-07,115.04589080810548,123.56673811635464,114.9397415204209,123.09388861220502,9207100
2022-03-08,119.80329132080078,123.39304874714068,114.0326584133115,115.59594201060416,10525000
2022-03-09,124.11678314208984,125.29406997688666,121.78151336023691,123.22899572519508,7623200
2022-03-10,120.59458923339844,121.58852600611915,118.38476513917912,121.31833045962534,5604400
2022-03-11,119.3111343383789,125.44845956451732,119.05059077714606,125.44845956451732,6016000
2022-03-14,115.92401885986328,120.35331810764356,114.93008228576208,119.40762652161744,6733200
2022-03-15,120.05418395996094,120.57527110249173,115.66348476122374,117.45836337924274,6875300
2022-03-16,125.91165161132812,126.16255795787092,120.71036599240588,122.86229283915893,9668900
2022-03-17,127.36878967285156,127.62932586851171,123.81762566720276,124.7922731105812,6781100
2022-03-18,130.4084930419922,130.99713638008544,125.20720770030266,126.02745348642524,11516500
2022-03-21,129.5014190673828,130.6401128491462,127.30124705467613,129.40492907796178,6206600
2022-03-22,130.73660278320312,132.5314815006566,129.16368196288326,129.30842430922948,4997800
2022-03-23,126.81876373291016,130.36992842087153,126.60646512373324,128.9320905177284,5457900
2022-03-24,133.73770141601562,133.7955983478933,126.73189289236188,128.35306588313782,7617800
2022-03-25,132.26129150390625,134.12372654393263,130.08042328859733,133.77633017361725,6074200
2022-03-28,132.84027099609375,132.92711639487342,129.01891147973294,130.3602444064596,5209600
2022-03-29,136.48794555664062,137.03798122300958,134.0465263705084,135.1755608984209,6162600
2022-03-30,131.04541015625,136.35284564713638,130.35061742311524,135.76420221280142,6387500
2022-03-31,127.18546295166016,132.54115104860006,127.04070586957612,131.33491565399888,8474800
2022-04-01,122.94915008544922,128.3820236382928,121.17356796921666,128.22763671696498,10138100
2022-04-04,124.90806579589844,125.15895740864494,122.4569950643296,122.71753861980484,8347800
2022-04-05,117.44871520996094,124.4641763202372,117.10131886226031,124.271181621415,11653700
2022-04-06,115.15203857421876,116.97586560248088,112.97116327734685,114.84324265838272,11602000
2022-04-07,118.11456298828124,119.56204535979872,114.43795275827914,114.91080230048028,11817200
2022-04-08,115.75997924804688,118.10490078061386,115.27748516613823,117.0144668059195,6408100
2022-04-11,112.17021942138672,114.88184110329078,112.073722079765,114.06159529381814,7785100
2022-04-12,110.54903411865234,115.08448259529216,110.1726893495243,113.96509286804724,9883800
2022-04-13,112.76851654052734,113.98440367897066,110.48149195954888,111.2052330768145,9351400
2022-04-14,109.39105987548828,113.41505878977657,109.28491058748088,113.29926492087792,7711200
2022-04-18,110.8481903076172,111.919327732148,108.40676412876684,108.56116576508042,6822700
2022-04-19,112.9615249633789,113.13522314713592,109.5647694793569,110.13410902694724,6086600
2022-04-20,113.76245880126952,118.08560919537716,113.40541051530532,116.30037512783188,8856100
2022-04-21,111.63948822021484,116.84077407611572,111.30173645734988,115.03624347543092,7849400
2022-04-22,108.85067749023438,112.12198706710907,108.68662389248696,111.19559923104757,8489400
2022-04-25,110.46221160888672,110.70345868329689,107.30669575272704,107.50934977403486,8518300
2022-04-26,105.10650634765624,109.23665440519072,105.0196609490262,108.88925808612004,9461800
2022-04-27,105.00038146972656,108.43574504991308,104.12224588738228,104.5757915961623,6891600
2022-04-28,110.61659240722656,111.92897692082168,105.75305109724616,107.50933665238055,7379100
2022-04-29,106.48644256591795,112.09302881252758,106.30309982086251,109.0726111433527,7998900
2022-05-02,109.01470947265624,109.23665261815236,104.3924154783434,107.21017903157532,9425100
2022-05-03,109.81565856933594,110.71309787727787,107.5286339168966,108.2523750567764,5463700
2022-05-04,114.65023040771484,114.94938171619724,108.11726440370305,110.17268634537704,6352100
2022-05-05,109.49722290039062,112.80713304336956,107.93393921365904,112.0061909923868,8172500
2022-05-06,108.56117248535156,111.0218953399298,106.04255269470936,107.96287715101305,6247000
2022-05-09,102.04750061035156,106.91104194844564,101.69045233131928,104.16082709239484,10088400
2022-05-10,103.42742919921876,105.73375026616414,101.49745291810795,105.3960058894248,8881000
2022-05-11,100.28157806396484,105.30916600765728,99.98243405973555,102.92565119329382,8311700
2022-05-12,103.02214050292967,103.13793437306076,99.3841309292833,99.42273134008552,9287100
2022-05-13,107.94358825683594,108.68662598385892,104.2476814231287,104.40208307991468,8321100
2022-05-16,106.61189270019533,108.37781539698466,104.8170141749617,105.7723503699166,7218200
2022-05-17,112.74921417236328,113.21241173305002,109.3621109988011,110.52974580023536,6646500
2022-05-18,107.4417724609375,112.95186103898932,106.91103341865497,109.99899242078516,8522800
2022-05-19,106.86280059814452,109.50687379935604,106.34170604087532,107.50934834429556,10115800
2022-05-20,102.73265838623048,108.79278401846474,97.78227082386051,108.07869470417822,16285500
2022-05-23,106.0811538696289,107.45143535635955,103.23444160443589,103.34058353389182,7669100
2022-05-24,102.85808563232422,104.92316709194569,102.00889869210384,104.10292125662116,6785400
2022-05-25,104.98625183105467,105.84719075210938,101.63922944735076,101.63922944735076,7378200
2022-05-26,111.3127212524414,111.931823310759,103.33210117102894,103.46752928501849,9173100
2022-05-27,115.5787124633789,115.7915227690305,112.599279620925,112.81209730685424,8510500
2022-05-31,113.46021270751952,114.80482542115074,111.78669793788649,113.7117251761942,9751200
2022-06-01,110.7226333618164,114.63071953802904,109.11683977818454,114.10835081652613,6852200
2022-06-02,113.49891662597656,113.57630621952548,109.84234320398454,110.94511908108444,6408500
2022-06-03,111.20630645751952,112.54124381569896,110.41308152637902,111.13859240413969,5080700
2022-06-06,111.24497985839844,114.03093843621345,110.63555349520428,113.31510324099344,3824600
2022-06-07,111.8931121826172,112.20266316660762,108.72988829559854,109.50376206543584,4725500
2022-06-08,108.78793334960938,111.89311892045058,107.55940488362248,111.50617832209284,5138300
2022-06-09,103.7383804321289,108.31393896869427,103.65132266894751,107.4723436898826,5947900
2022-06-10,98.55339813232422,102.83874948266164,98.48568407677716,102.00682972578144,8391600
2022-06-13,93.1749267578125,95.6223151683734,92.52680559380566,95.0515835888,10484200
2022-06-14,93.4651336669922,94.7613759902585,92.27529279658592,94.21966366176235,7058400
2022-06-15,94.23902893066406,96.05764767292588,92.46878053463293,94.65498881530068,9377200
2022-06-16,86.66470336914062,92.0044684369386,85.85213459550327,91.69491737360823,13359300
2022-06-17,86.89686584472656,87.97062263153695,84.75902781683065,85.32975954985436,14451300
2022-06-21,92.0625,92.55584950688312,88.18344014512604,88.70580152855648,12207400
2022-06-22,90.87266540527344,92.7976856877067,89.8182523412403,90.0504137741284,7652000
2022-06-23,90.23420715332033,92.20759767233385,89.10241192897209,91.54012528758967,8286300
2022-06-24,94.18096923828124,95.07092731865848,91.57880165819964,92.2075791163946,10582900
2022-06-27,94.42282104492188,95.64168136129904,93.38775917553598,94.77106684960106,4950100
2022-06-28,91.91738891601562,95.68037882011488,91.6465327004622,94.90649759258076,6494200
2022-06-29,88.93797302246094,91.12417407904654,88.4252797890114,90.9016881831582,7570200
2022-06-30,88.00931549072266,90.46637267049186,86.35514408141239,87.30314827398163,8183600
2022-07-01,83.4531021118164,85.82310895252454,81.70220473199598,85.82310895252454,13121600
2022-07-05,83.19190216064453,83.41439537886127,79.97063254990188,80.52202044342994,9549900
2022-07-06,83.73361206054688,84.62357752709504,82.17618171943387,83.43373664415219,5732400
2022-07-07,87.78682708740234,88.18344329225961,85.7747415658125,85.79409265790657,7469600
2022-07-08,88.21244812011719,88.65742722186047,86.38416137110057,86.7130560801064,4890800
2022-07-11,85.72637176513672,87.12902323874117,84.95249050918201,86.577635242464,5319300
2022-07-12,85.83277893066406,87.08065117637187,85.21366950993512,86.32612102584028,5492300
2022-07-13,86.17135620117188,87.17739894364306,83.65625303513347,83.70461600392937,5786900
2022-07-14,88.6767807006836,89.07339688435957,83.5885360330023,85.59094590160632,8686500
2022-07-15,91.38534545898438,91.5014224685734,87.26444187218398,89.34424106389531,8051200
2022-07-18,90.09877014160156,93.25232591847656,89.52803850341881,92.63322393998644,5683400
2022-07-19,95.02257537841795,95.4191841292284,91.28861236891775,91.58848781808746,8203200
2022-07-20,98.89196014404295,99.5013865475455,94.32607774875544,94.4034599569386,8314000
2022-07-21,100.44939422607422,100.57515416622728,97.72147366508857,100.1591943078372,5463800
2022-07-22,98.35025787353516,100.565485419802,97.6440980491714,100.32364844811713,5100400
2022-07-25,97.70211791992188,97.96329855218778,96.21240157293532,97.22811961233256,4367000
2022-07-26,95.68038177490234,97.68279157918572,95.35147965994582,97.29585095346924,5073900
2022-07-27,100.0818099975586,101.08785267053514,96.79282575518882,97.28617523661391,7275000
2022-07-28,101.72630310058594,101.8520556637556,97.4602955541439,99.9947495693752,6090500
2022-07-29,102.51952362060548,103.07091157424104,99.6755187122336,100.12049781689755,5817700
2022-08-01,102.92581176757812,103.83511371960944,100.2849489140916,101.07817384857076,4737500
2022-08-02,101.56182861328124,103.0612204362714,100.27526183631136,101.29097244970863,4137900
2022-08-03,105.45059204101562,106.98867159232212,102.22932190340433,102.28736041318088,6088000
2022-08-04,107.4336395263672,107.5593994581498,105.46992476058138,105.84718979537384,5279600
2022-08-05,106.04067993164062,107.5884351025433,103.9318612049486,105.49896008661555,4784000
2022-08-08,104.30911254882812,106.75650124341009,102.4808258410069,105.6343742797326,6038600
2022-08-09,96.40589141845705,100.57515833978246,94.68400602557394,100.36234062941048,10355800
2022-08-10,101.6198959350586,101.69727815506776,97.64409562869236,99.41433660853166,8599800
2022-08-11,102.08422088623048,105.35386145331876,101.56185214390965,102.33573340222463,5555600
2022-08-12,106.77584075927734,107.68514999550146,102.30669892908786,102.73232691560077,6644700
2022-08-15,106.1954345703125,108.0043775155588,104.47355676011064,106.21478565822352,8342600
2022-08-16,104.94757080078124,106.01165200657624,103.5159000527018,104.8992078343189,4892400
2022-08-17,102.53888702392578,103.76741572490832,100.72027545813788,103.50623501471752,5495600
2022-08-18,104.73473358154295,105.7601271753472,102.0551836653298,103.19665426125265,10062400
2022-08-19,101.2136001586914,103.79642445753969,99.97539612493247,103.14829580650928,12380900
2022-08-22,97.5183334350586,100.0431118890808,97.0733543140805,99.44336095137388,6180100
2022-08-23,98.60176849365234,99.9367058947708,97.75050502659865,97.80854353699728,4882300
2022-08-24,98.41748046875,99.00906472479556,97.117915924842,98.19441828763102,4741200
2022-08-25,101.83128356933594,102.00585177999233,98.40781398177413,98.89272485591384,7645200
2022-08-26,95.8183822631836,101.8312735513147,95.57592684996618,101.8312735513147,7757100
2022-08-29,93.62657928466795,95.73109040633364,93.46171138646964,94.60610118428148,5609700
2022-08-30,91.66753387451172,95.31406514231011,90.7365060315071,94.95523588773167,11623200
2022-08-31,91.23112487792967,91.95849113582724,89.81518611712073,91.8518101594034,8729700
2022-09-01,89.03931427001953,89.1944892698426,86.34321154087927,88.77746570675716,9953700
2022-09-02,88.48652648925781,91.00806133405096,87.80765428459692,90.33888941778582,6795400
2022-09-06,87.56520080566406,88.83566484498233,86.52749189892765,88.37015457981863,5922500
2022-09-07,89.16542053222656,89.97036701977427,87.1675825508473,87.83676197462925,5567500
2022-09-08,90.95956420898438,90.99835795894504,87.53609531583147,88.2731543676304,5233000
2022-09-09,93.59748840332033,94.08239922256992,92.19124258800534,92.24943691773858,5094300
2022-09-12,93.3938217163086,94.72247255402512,92.36580580345206,93.97571318823312,5329300
2022-09-13,87.66216278076172,90.53283346696668,87.28393299637614,89.64059948324433,8422200
2022-09-14,87.9046401977539,89.16541139468976,86.89602472003573,89.16541139468976,5828200
2022-09-15,86.23653411865234,88.07919662186832,85.43158042211383,87.32273696455319,7120300
2022-09-16,86.18804931640625,86.65355954661035,84.31629330940459,84.97577230148681,10893600
2022-09-19,87.01239776611328,87.56519579885743,85.06305421942521,85.19882865559734,5260300
2022-09-20,85.46067810058594,86.33351158087002,84.71391135962129,85.36369002575324,4435700
2022-09-21,84.46176147460938,88.5059232600874,84.42297512099846,85.70313936556043,6953400
2022-09-22,82.47362518310547,84.17081288908633,82.03720104779109,84.02533817731488,8558400
2022-09-23,81.74626159667969,81.93053006400083,80.2042414420031,81.6492809188296,7384500
2022-09-26,80.43698120117188,82.99730884797025,80.33999315159747,81.74623847978364,7015800
2022-09-27,81.61048889160156,82.60940395294378,80.0393752403007,81.8820377549779,6220000
2022-09-28,83.4046630859375,83.7925932312839,80.34002307676819,80.49519809456758,7992500
2022-09-29,81.87235260009766,82.5318317041141,80.68916884884878,82.19239556215408,8542500
2022-09-30,79.45748138427734,81.91112876813469,79.06955127713931,79.46718167172241,9051000
2022-10-03,83.64712524414062,84.96608340513987,80.50490487194958,80.53399834034398,9631500
2022-10-04,86.71175384521484,87.54579362397577,85.8001191625774,86.43050468995114,7914900
2022-10-05,86.5274887084961,87.44881631539437,83.58893029586149,85.00486901551719,7608600
2022-10-06,85.46067810058594,88.43802997882842,85.227915599969,86.29472522991847,6686700
2022-10-07,80.1072769165039,82.95855529494983,79.54477851274262,82.59971857548427,10029900
2022-10-10,76.80017852783203,79.65144913614482,75.02540313954674,79.52537498583759,14211900
2022-10-11,73.99738311767578,76.39283599793691,72.70751875196923,75.39392104074264,12441100
2022-10-12,73.71613311767578,74.67625431568669,73.19242862808328,74.2398376072683,7770200
2022-10-13,77.02323150634766,79.0598554343806,68.97371647666478,70.00172502909577,17560200
2022-10-14,72.56204986572266,77.4887452371001,72.33898764809138,77.15900205440406,10453000
2022-10-17,72.16444396972656,75.53941970330203,71.92198851878538,74.87994058077588,10772300
2022-10-18,72.95968627929688,75.10299124654034,71.9122771172773,74.37562500610764,10231000
2022-10-19,74.92842102050781,75.44242529927405,72.1935243266284,72.7366220703585,10579200
2022-10-20,76.28617095947266,79.64175282305251,74.8799251934952,75.99522151846998,13287900
2022-10-21,79.93270111083984,80.15576335292552,75.77216521464662,76.45104483031662,11569500
2022-10-24,82.37664031982422,82.51241473746707,79.4283820811565,80.33031636929876,12005000
2022-10-25,84.88848114013672,85.82920925024658,83.16219992326151,83.3464683899453,10349400
2022-10-26,85.48008728027344,87.52641173662991,83.21070796800285,83.86048675579116,8989100
2022-10-27,83.92835235595703,87.27423352577216,83.76348447899645,86.10075041463683,6822500
2022-10-28,87.01239776611328,87.21605942037145,83.85077718277996,84.00595219506344,6388600
2022-10-31,85.62555694580078,86.70205960166173,85.01457195159006,86.1783550069873,6875400
2022-11-01,87.08028411865234,88.05980602628811,86.3141241512097,87.76885658072446,6105600
2022-11-02,85.11154174804688,90.47465376393032,84.88847953474546,87.62337602418417,10650300
2022-11-03,83.69561004638672,85.0630547039527,82.1438895113206,83.36586684298202,6849700
2022-11-04,88.9326400756836,89.02962815752994,86.15894963553896,87.33244031334398,8692700
2022-11-07,92.17184448242188,92.24943198514966,89.32056664996381,89.47574165541937,7684200
2022-11-08,94.51881408691406,95.80867861580408,91.91969185238348,94.05330385338272,10067000
2022-11-09,91.53174591064452,93.69445100268496,91.3959714993936,92.40458669665078,6864600
2022-11-10,101.62761688232422,101.72459757254282,96.4778660204471,97.1373450727469,11692800
2022-11-11,107.19438934326172,107.54352574076492,101.62761495953076,102.13191897861748,11160000
2022-11-14,104.3625030517578,106.90343830949332,104.2073280440404,105.57478005273154,7761700
2022-11-15,107.12649536132812,108.73640280368429,105.487494454208,107.81506782429857,9438600
2022-11-16,101.0748062133789,103.89698316255674,99.88192241480176,102.19979539819624,12082500
2022-11-17,101.29786682128906,102.41316318142668,97.18582516044052,97.38948681590274,10682800
2022-11-18,101.5403289794922,106.68038694657922,100.52202063449351,106.67068665782142,10921100
2022-11-21,101.96704864501952,102.71381546604567,98.76663421035452,100.40563518194897,9282400
2022-11-22,103.80970764160156,104.05216304788355,100.7159742897146,102.72350475776354,8497200
2022-11-23,104.6749496459961,105.54991589476369,103.36250398142884,103.36250398142884,4077500
2022-11-25,102.87640380859376,104.50967153012331,102.84723950561124,103.94580361523592,3012500
2022-11-28,100.5917739868164,102.16670566522896,99.9501296606724,101.10702977874978,6382700
2022-11-29,100.3779067993164,102.00145082408562,100.05708459068482,101.1653727503498,3450400
2022-11-30,106.55126190185548,106.59015011431904,99.8043165085416,101.07787394375885,11167000
2022-12-01,104.03330993652344,107.59149603162447,102.81808112777055,107.08596411073722,6976200
2022-12-02,103.74164581298828,104.3346780293479,101.32091224842522,101.4181290638419,3903300
2022-12-05,103.46944427490234,104.69439701799293,102.2833797446111,103.41111566428742,4692500
2022-12-06,101.79728698730467,104.09163959472244,100.88343254042036,103.84859383052284,4571700
2022-12-07,103.1583480834961,104.655510929402,101.2431462129725,101.79729027656632,6383600
2022-12-08,105.58878326416016,106.3956968352456,103.53747679254946,104.06245643817732,5493200
2022-12-09,104.35411834716795,106.68735900125344,104.02357969156604,104.78188123528112,4705700
2022-12-12,106.3276596069336,106.3762643076509,102.70141367743764,103.84858993814892,4831400
2022-12-13,108.75811004638672,112.86071589362408,108.0678610371252,112.18019079073731,9557300
2022-12-14,106.59014892578124,109.47753376878396,105.53047296234551,108.26230495722848,6429300
2022-12-15,101.65145874023438,105.0152112496912,101.12647899591433,104.75272508611526,6773500
2022-12-16,101.81674194335938,102.98335872647536,100.66956555918892,101.25287395074692,12925700
2022-12-19,101.09732055664062,102.13755619819592,99.81403913512224,101.91395823424428,6162500
2022-12-20,100.6209487915039,101.70007260380076,99.2015623846018,99.23072669025824,4761800
2022-12-21,102.95418548583984,103.5472177339958,101.30146986647304,101.7195088706294,4889100
2022-12-22,94.88507080078124,99.7557102970958,93.30041498916611,99.26961873826272,11326600
2022-12-23,94.51564025878906,94.68090960232892,92.67821483029296,94.00038441294824,4753500
2022-12-27,92.6879425048828,94.14621730137628,92.52267314140084,93.50458024784712,6121400
2022-12-28,91.60881805419922,93.11569742991423,91.07411437487448,92.0365735804905,4274000
2022-12-29,94.43785095214844,94.92394242602904,92.48376115034162,93.37817509932904,5071800
2022-12-30,94.67118072509766,94.76840496176406,92.3865520896269,92.94069611965315,3407000
2023-01-03,94.03925323486328,97.23772838257936,93.44622108475988,96.994682662608,5921500
2023-01-04,96.54750061035156,96.8488824129123,94.48647719979476,95.48782459902463,6289500
2023-01-05,95.19615936279295,96.47944065014065,94.65173924609026,95.11838294121608,4557100
2023-01-06,101.36952209472656,101.9431139439948,95.83780565294364,97.21830378659294,7241700
2023-01-09,103.5277862548828,105.7346462589336,101.26260504985382,102.61393909617462,6212300
2023-01-10,105.03465270996094,105.18048164408852,102.91529346318738,103.1875035177361,4638800
2023-01-11,106.99845123291016,107.12483976118764,103.5666466661533,103.71247558953732,5532600
2023-01-12,107.13455963134766,108.77755121347084,104.24718245962038,107.50399390453552,5330900
2023-01-13,106.91095733642578,107.13455525532676,104.45133572551237,104.53882862843002,5641600
2023-01-17,106.36656188964844,107.55261910097671,104.78189860983036,106.36656188964844,4848100
2023-01-18,106.64847564697266,109.26365037663074,106.53181843011636,107.67899470460009,5374100
2023-01-19,103.20697021484376,106.59016353634227,103.1389102715862,106.44433457553288,5325100
2023-01-20,106.59986877441406,106.72624989582351,103.52776689552786,103.82914867299311,5078500
2023-01-23,110.98441314697266,111.71355038584836,105.48185389068368,105.51101819349188,7669300
2023-01-24,109.84695434570312,110.89691375867858,109.34142245269696,110.31360544608144,3504700
2023-01-25,110.78025817871094,111.25663322474414,106.36655355530624,107.90259717328264,5957600
2023-01-26,112.36491394042967,112.5399071787054,109.14698313753584,111.21773769332626,5813000
2023-01-27,109.37060546875,110.72193946739038,107.62067281438244,109.48727011809748,8705700
2023-01-30,105.19020080566406,107.88315195049722,104.96660286253424,107.6109418890342,7351700
2023-01-31,108.388671875,108.45672438283952,105.58878773038776,105.92905026958536,6577100
2023-02-01,115.69950103759766,116.78834125184122,108.79700321322836,108.9914368465811,9886400
2023-02-02,120.80347442626952,121.44511141716622,116.95363022938406,116.9633467200504,11206500
2023-02-03,116.6425323486328,120.22988296693477,116.28282192914828,119.50074563726471,6156900
2023-02-06,114.41622161865234,116.1175418980221,113.65792005230864,114.92175352382552,5331000
2023-02-07,117.1675033569336,117.91608849376874,113.50237635199085,114.12457293947628,4935300
2023-02-08,112.72461700439452,116.04948853451414,112.25797331336676,115.83560708563986,6460500
2023-02-09,112.85101318359376,116.23420613270254,111.87883010809864,115.06758940897568,5512200
2023-02-10,111.5774383544922,111.77187940254136,109.82751342505514,111.60661007457524,4374400
2023-02-13,113.28848266601562,113.473199807655,111.36356449895266,111.96631320591472,4198200
2023-02-14,115.14537048339844,115.69951456211398,110.68304612981036,111.6746770604604,4870700
2023-02-15,116.13699340820312,116.25365805156136,112.76351683040498,113.74542384812332,4980000
2023-02-16,112.18020629882812,114.79538118761816,111.9371605260311,113.62875702789134,9117600
2023-02-17,112.22882843017578,114.1343065687979,110.22612604002852,113.53155032831955,9287100
2023-02-21,108.1845245361328,111.63577720030602,107.8442619649024,110.4788770409548,7583900
2023-02-22,107.59010314941406,109.50978258662536,106.68385529646532,108.28196867065957,5089200
2023-02-23,110.02626037597656,111.04943871259454,107.1028809550024,109.66570757095596,7136100
2023-02-24,108.46711730957033,109.23694143910608,107.56086940361436,108.17478383204345,5808400
2023-02-27,109.2077178955078,110.98123457065287,108.64252938371,110.61094249458132,5362700
2023-02-28,113.18351745605467,115.0544786563608,111.91671662808594,113.17377077550567,13010900
2023-03-01,114.26515197753906,116.27253667665076,113.95332515598253,114.69390921059316,6756800
2023-03-02,115.42476654052734,116.04842025128708,111.02021127896936,112.50138698338908,6502200
2023-03-03,115.92173767089844,116.09714073342244,113.96307137847018,115.71710200371017,7232400
2023-03-06,115.5124740600586,118.39687438756152,115.20064719855932,116.78901411267452,5775700
2023-03-07,113.3979034423828,115.68788276496178,112.70603779208682,115.307843991342,5225900
2023-03-08,115.61965942382812,116.05816337012747,113.64150717372554,113.64150717372554,4474900
2023-03-09,114.05077362060548,117.870654176504,113.86562388322784,115.6586337456023,5701400
2023-03-10,111.46844482421876,115.59041263883944,111.01044757431228,115.31755767700552,7009600
2023-03-13,112.88143157958984,114.32363550703089,109.0615505446387,110.88379323943494,8221300
2023-03-14,117.26648712158205,118.14350241621068,114.86931693928923,115.74633223391784,8322400
2023-03-15,115.4540023803711,115.79506182938688,112.74499784430968,115.49297423065428,9517700
2023-03-16,119.69288635253906,120.2775606837619,113.914340052636,115.19087987650192,6787700
2023-03-17,119.46876525878906,121.21304912381125,118.51379885597386,120.4919509820576,13761500
2023-03-20,120.87200164794922,121.57361393505828,119.3031206822022,119.85856250374044,4974700
2023-03-21,117.32495880126952,122.41164003382691,115.3857859240068,120.71607466661573,10090100
2023-03-22,115.82429504394533,120.57965629912856,115.65863865848556,117.1982795270796,8342500
2023-03-23,119.64418029785156,121.79773569408536,117.10083947111212,118.17274382909862,6182200
2023-03-24,116.4771728515625,119.00102747270014,115.03497658337346,118.53328352100718,6354500
2023-03-27,115.83403778076172,117.89014853006444,115.2980819230617,117.66601950742492,4628200
2023-03-28,113.42711639404295,116.01917546324631,112.6280596963742,115.853519090025,5523800
2023-03-29,116.78900909423828,117.91938606518748,114.36260620013056,115.68787216319032,7865300
2023-03-30,118.99128723144533,120.22884791101896,118.24094901921151,118.88409605826904,6213800
2023-03-31,119.69288635253906,120.36525848790346,117.90962332295253,118.41633909413564,5016500
2023-04-03,119.19591522216795,119.312853067522,117.51984327811589,118.52353562182346,5146800
2023-04-04,117.0521240234375,119.82933320784971,116.34076503642858,119.80010060083576,4772200
2023-04-05,114.32362365722656,116.63309606407648,112.69627757240396,116.53564413625952,6691700
2023-04-06,111.52692413330078,112.34547425325796,109.01282343198724,111.26382325142718,6275000
2023-04-10,113.52456665039062,113.72920231615662,109.57800148829996,109.59749484763286,4096500
2023-04-11,113.40762329101562,114.82059439250828,113.11528982606184,114.33336451638073,3373000
2023-04-12,110.2698745727539,114.7913674514742,109.9872803385166,114.72315556283333,5838900
2023-04-13,110.57195281982422,111.00071750360306,108.67175178133556,110.63041802778018,5299500
2023-04-14,110.01651763916016,112.11160778618606,108.52559527055573,110.46476827429662,5211600
2023-04-17,108.93485260009766,109.11025564644984,106.21610909890772,106.43049142606456,6952200
2023-04-18,108.42813873291016,110.68888517274016,107.70704056219442,109.62672755874932,5055000
2023-04-19,107.52189636230467,107.7850046853467,106.3330615894118,107.04441311711189,6796800
2023-04-20,111.46844482421876,113.35889902696886,108.40864195175908,108.40864195175908,8699500
2023-04-21,110.5622100830078,111.18586377190503,109.3441353102338,110.57195676286076,4516800
2023-04-24,110.70838928222656,111.02996283191388,109.6657174918026,110.59145141837509,3218100
2023-04-25,107.78499603271484,110.75710131270267,107.59984629688468,109.6267244080063,6282600
2023-04-26,107.49266052246094,108.6522700890103,107.01517729163292,108.32095731830388,6245800
2023-04-27,108.82766723632812,109.3148971205462,106.3622852117108,108.45737520075608,9447000
2023-04-28,110.14320373535156,110.3673327884892,108.28198915128525,108.84717025549382,8064400
2023-05-01,110.06522369384766,111.5171740465804,109.2369344090198,110.40629054748656,4171600
2023-05-02,109.2954330444336,110.49401463586412,108.3599449373382,110.0360172636198,4850200
2023-05-03,110.39655303955078,112.32597930477196,109.03230781527556,109.08103377971118,5624100
2023-05-04,109.5780029296875,110.51349089197775,108.86665142998268,110.16268476475352,3579600
2023-05-05,113.09579467773438,113.6414971858463,110.08471765949992,110.79606910404652,4874200
2023-05-08,112.7937240600586,114.58672655861196,111.99466730578357,113.885121733877,3247600
2023-05-09,110.9324951171875,111.487944315578,109.97752871910876,111.16637081162705,3173700
2023-05-10,112.46240997314452,113.27120596327136,111.22484185404709,112.56959371221429,4101000
2023-05-11,112.51113891601562,112.88143100077248,111.00073053503932,112.3552291983166,3630400
2023-05-12,113.1250457763672,114.08001974579888,112.05314137750152,113.729213588419,3838700
2023-05-15,118.01683807373048,118.1630085443873,113.05683335921977,113.70972713688172,5859200
2023-05-16,117.8316879272461,119.92677817432426,117.36395134413128,117.74399010586416,5080700
2023-05-17,122.48959350585938,123.07427533167456,118.76715737879891,119.1277101801132,7349600
2023-05-18,126.60184478759766,128.6871886483751,122.54809494559164,122.5968134861653,10891200
2023-05-19,123.70767211914062,125.0426921936998,122.05109338631542,125.02319883380954,10257200
2023-05-22,123.3178939819336,124.3020930535479,122.44087865142806,123.9805269611446,4709100
2023-05-23,121.3105010986328,123.4932964516923,121.0181676129016,122.6747463356604,4604500
2023-05-24,118.92670440673828,119.79620815615118,117.41239610408068,119.11232386146447,6315600
2023-05-25,127.46540832519533,127.719415420053,123.2253502839052,124.24140102442774,9575700
2023-05-26,132.92669677734375,133.54219339301727,126.99648944822204,127.7585257783906,9083800
2023-05-30,133.42495727539062,135.603598768503,132.36982664320342,134.82201886606097,7753800
2023-05-31,130.23025512695312,132.6238314234664,129.11650863063204,130.5233494485948,11368600
2023-06-01,131.72503662109375,133.05371812944043,128.65734746456667,130.6503622733875,5007000
2023-06-02,131.52964782714844,132.2135247397469,129.33146245332568,132.02789781188474,5327400
2023-06-05,130.65032958984375,132.0376266414915,129.97621720468229,131.71523932522652,3798300
2023-06-06,130.85549926757812,132.2330319673789,127.738959365187,128.37398455777313,5468900
2023-06-07,131.90086364746094,133.88411379994497,130.5038021215045,132.15488567574104,4835700
2023-06-08,133.06346130371094,133.61056273644024,131.06066756022997,132.7215303619531,4507000
2023-06-09,132.98532104492188,134.8024881561784,132.69224159745966,134.61686123452023,3675200
2023-06-12,136.78573608398438,137.0006709464508,133.6789747386207,134.56802213269566,5931900
2023-06-13,138.52474975585938,139.24771386201917,136.19956827126703,138.24143464693373,6859500
2023-06-14,137.91897583007812,138.10460268042775,135.04667908915576,135.22254159747368,6474600
2023-06-15,136.88339233398438,138.1729861601413,134.7535880366533,135.4960954556278,5524400
2023-06-16,135.73060607910156,137.70409214141887,134.949041019576,137.64547625269424,8847400
2023-06-20,135.33001708984375,137.08856774132235,134.10880343012155,135.9064263594582,3840000
2023-06-21,133.52264404296875,135.95530755056458,132.74106414873987,135.33981096140738,4715300
2023-06-22,135.72085571289062,136.3852039707937,131.89112987863595,131.89112987863595,3763600
2023-06-23,132.9364471435547,133.63985252768194,131.73476211622614,133.4053890354375,6956900
2023-06-26,136.58056640625,137.62591775930022,133.32725076754494,133.32725076754494,7256100
2023-06-27,143.1751251220703,143.3119004868777,136.73688881648494,136.92250081291184,7343900
2023-06-28,140.71315002441406,142.55962485546073,138.7787513698405,139.51147971402403,6645200
2023-06-29,140.90853881835938,141.90505352319556,140.20511842758043,141.35795208756662,3916500
2023-06-30,141.21139526367188,142.19814560861963,140.1367360054996,141.95390283529926,6142600
2023-07-03,142.1199951171875,142.54986481059137,140.0781289809158,140.7033899238496,2533600
2023-07-05,138.98391723632812,141.5826642003256,138.8862290609838,140.92809528666862,5198400
2023-07-06,137.14720153808594,138.07532105930906,135.56449829118606,137.4207522410276,5793500
2023-07-07,136.35585021972656,138.84711435466684,136.19953128127074,136.40468684402384,3459400
2023-07-10,137.32305908203125,138.6126681238701,136.48286331739587,136.56102279636153,6364400
2023-07-11,134.3921661376953,137.20584817867854,130.92391513167198,136.9518261065684,7706100
2023-07-12,135.69149780273438,136.48284190544257,134.6754545503743,136.0041356695492,5590100
2023-07-13,139.3649444580078,140.35169497263115,136.79552017788384,136.89320835957236,5410800
2023-07-14,139.45286560058594,142.0418331532494,139.10115539462066,141.2407245719597,6058800
2023-07-17,142.14930725097656,143.12627843483207,138.56382479511453,139.68733569358946,6306700
2023-07-18,141.18206787109375,141.80732868834835,138.64195232298164,140.48842683857683,6492700
2023-07-19,138.5149688720703,141.31887131065793,137.9287802173441,140.73269756332846,5379400
2023-07-20,130.9532012939453,135.00764035320526,130.44518704902774,134.64616581213002,9883200
2023-07-21,133.25885009765625,134.13813301903323,132.0767234323569,132.1060313723299,15686100
2023-07-24,135.16395568847656,135.8771404070666,133.6984990597214,134.43122737409897,5276000
2023-07-25,136.83457946777344,138.14371725571974,135.31050683017662,135.49613373736543,5038500
2023-07-26,135.81854248046875,137.0592851901659,133.6594295361099,134.46055308794368,4050400
2023-07-27,142.77456665039062,146.96576642402417,140.8890194417281,140.90854813186556,8928900
2023-07-28,148.43124389648438,149.75016112726635,145.2756307408775,146.13537026360348,7802000
2023-07-31,148.09906005859375,149.1639550847081,147.05370863047528,148.43122668753628,4184400
2023-08-01,149.1151123046875,149.3398114964874,146.81922412522053,147.44448506873968,3088100
2023-08-02,143.93716430664062,147.1513928976161,143.4975302614928,147.1513928976161,5468300
2023-08-03,144.4060821533203,145.2755857532174,142.0125061677514,142.6475313593165,4338600
2023-08-04,142.3056182861328,145.63709341516085,141.72920889756213,144.1227851831121,3984500
2023-08-07,146.91693115234375,147.21978983364787,143.64407172895383,143.6636153266694,3896100
2023-08-08,144.6014862060547,144.89458051563204,142.5400766021348,144.73826156287134,3443700
2023-08-09,141.817138671875,145.48078056084492,141.465428454238,144.57218962053395,4796600
2023-08-10,141.27976989746094,144.57215723376066,139.80454912730806,143.3900307305464,4018300
2023-08-11,135.63290405273438,139.1890783771358,135.3398097316372,138.94483559412086,5193200
2023-08-14,138.62242126464844,138.6712727984782,134.49960225365393,135.01739571598023,4850400
2023-08-15,136.8541259765625,138.5833691555751,136.52195934999884,138.01672407693263,3384900
2023-08-16,135.06625366210938,138.00693128657127,134.98809418575013,137.29374656246245,4613000
2023-08-17,134.4214324951172,136.57076565260462,133.42493283673835,135.98459201368658,7065700
2023-08-18,139.3747100830078,140.34190199636168,132.4089009008764,134.16745198069745,11541800
2023-08-21,145.34400939941406,145.78364345733368,139.86320037860938,139.98043215208196,8121900
2023-08-22,144.4451904296875,147.66918329741375,143.55614310578633,147.2881651453699,4865900
2023-08-23,144.90533447265625,145.4634229994656,142.99611176991507,143.93602989754336,5300400
2023-08-24,139.53993225097656,146.8145648886638,138.85457213446358,146.4131343419455,6771000
2023-08-25,141.3414764404297,141.92893659688306,138.01257539314685,140.5875727255854,4720600
2023-08-28,142.37930297851562,144.11229691164166,141.02815364695311,142.27160245296017,3565800
2023-08-29,146.8439483642578,147.37266545417438,140.85192094341173,140.85192094341173,5017200
2023-08-30,147.793701171875,148.4007474129025,145.08161642881083,146.070507349641,4000000
2023-08-31,149.56581115722656,150.18264275397453,146.28586800405768,146.28586800405768,6593800
2023-09-01,150.7700958251953,151.30858344965526,149.311246140341,151.2694264175914,3693100
2023-09-05,150.39804077148438,151.58274644405049,149.1350210327183,150.75051382830543,4266700
2023-09-06,149.97706604003906,152.01357594273742,148.38115878598816,150.04560954173425,3109600
2023-09-07,145.13055419921875,146.36421756596206,142.09538316585628,146.09985899598382,6720300
2023-09-08,144.44517517089844,145.39489385455445,143.123397432692,144.63120469817363,4473300
2023-09-11,143.642333984375,146.86353426238148,141.02814992754108,146.86353426238148,4145000
2023-09-12,140.95962524414062,143.3779793697973,140.71485268032706,142.9765487796074,4470600
2023-09-13,141.55685424804688,144.03395110731486,140.79316513394932,141.19459567692442,4625200
2023-09-14,141.54710388183594,143.6423567044654,140.9302721596549,143.34862660153473,5629800
2023-09-15,135.35922241210938,138.26712154988434,133.85143005239286,137.9048629505442,13654600
2023-09-18,137.33700561523438,138.03215138755098,134.64450719120714,134.99698030976003,5607700
2023-09-19,134.8305206298828,137.12158815677185,133.81225843588916,136.7887010678525,6365400
2023-09-20,134.10601806640625,136.7397737267032,134.0276890388444,135.858583371433,5806900
2023-09-21,132.3632049560547,134.63468642441242,132.11843240896226,132.19676141679952,5241000
2023-09-22,133.32272338867188,135.41797601784532,132.91150725843025,134.12558459990478,5301100
2023-09-25,133.73394775390625,134.17453542488596,131.90305357419362,133.04858749463415,5161300
2023-09-26,131.27639770507812,133.18562034384036,130.74768070374165,132.77440430931685,5343000
2023-09-27,132.23593139648438,133.2248221449758,130.31692280566187,132.39258942749538,6296200
2023-09-28,135.32984924316406,136.87681355883595,131.47223144759033,131.86386155344587,5341600
2023-09-29,135.55503845214844,138.6000096447445,135.1829943262452,137.28803233082368,4448200
2023-10-02,136.5928497314453,138.453129820711,134.38989708291166,135.95644716442712,4896900
2023-10-03,133.86122131347656,137.08242168988636,132.59818651398658,135.7802298535453,6173000
2023-10-04,136.3872528076172,136.6907683457896,134.10597110042158,134.69343113153082,5543600
2023-10-05,136.36769104003906,137.21949479066205,134.8990556411819,136.53413459247506,4310400
2023-10-06,137.3565673828125,138.20838607659374,132.32404399340805,135.16341473979227,5234400
2023-10-09,137.21949768066406,137.98318690897543,134.87947249345726,136.5537234568981,3271500
2023-10-10,138.443359375,139.7455512379,137.41532653457602,138.09088627722457,3342900
2023-10-11,139.20704650878906,139.9511646705599,137.86569762835956,139.83367861964103,5136900
2023-10-12,141.96807861328125,145.29697930832103,139.78471165635332,140.0098982186153,8109900
2023-10-13,138.1887969970703,144.02418144829184,137.7775808857021,143.97522394794836,6600500
2023-10-16,138.05172729492188,139.67702071953246,136.81807893995156,138.7958305176407,6097400
2023-10-17,139.7357635498047,139.8042920995636,133.94933650914126,136.2208330906857,5915900
2023-10-18,138.49234008789062,139.5008020483719,135.21239606973026,136.9747469142417,5357900
2023-10-19,131.61912536621094,140.05889541864283,130.97293700699285,139.85327984543594,9400300
2023-10-20,131.31558227539062,133.30313432897358,130.57147904824646,131.70722734736012,6149500
2023-10-23,131.42327880859375,132.97024318146222,129.14199675529775,130.4148170559851,3820100
2023-10-24,132.07923889160156,132.71565637407355,130.71830434934031,132.50025537258804,5238800
2023-10-25,127.3894500732422,130.47357879758937,127.0369769384825,130.28756417457012,7118100
2023-10-26,128.1041717529297,131.59953130827458,127.78107015993486,128.36853031805865,5462700
2023-10-27,128.55453491210938,130.3266856274856,127.83000284969494,128.5251634038778,4397300
2023-10-30,128.2902069091797,130.17985904662217,127.10551595614244,129.20076870010337,4604600
2023-10-31,129.58258056640625,129.77839559824204,126.50823825342334,129.04407802406084,4108100
2023-11-01,132.4611053466797,132.98982241598813,130.00359434594804,130.24836689366066,5127800
2023-11-02,135.61378479003906,136.8572335873708,133.81226232034578,134.92842460480048,6088400
2023-11-03,136.82785034179688,138.80561665508543,136.16207620172307,136.5732922776034,5560300
2023-11-06,137.4250946044922,137.84609619961557,136.2991469033542,137.4642516371685,4823200
2023-11-07,138.7762451171875,138.95247417550175,136.7691072945814,137.0726228548317,4886800
2023-11-08,141.21417236328125,141.50790240498816,138.64896087448395,139.393064032375,4305900
2023-11-09,140.1763458251953,144.13187870339962,139.90220175716902,141.87016773258588,4979900
2023-11-10,147.52931213378906,147.8328426615583,141.64498509224768,142.15411620687323,6699400
2023-11-13,146.60899353027344,147.10832422755058,144.46478328595052,145.8844612972049,4125200
2023-11-14,150.8582305908203,151.67087730766903,148.95879307670788,149.83018281939812,6505000
2023-11-15,152.1212615966797,153.49199703878654,150.83865563951565,151.72963143592514,4383300
2023-11-16,151.57296752929688,154.4612809373389,148.03845093526064,152.1506272229588,10513800
2023-11-17,145.48300170898438,145.93338975117467,138.9720581915824,139.0699582426811,18912700
2023-11-20,149.3798065185547,149.80080815471572,145.6984176194681,145.76696110799566,7087400
2023-11-21,146.12921142578125,148.63567993157173,145.07179222370138,148.4007078464856,6517900
2023-11-22,146.66885375976562,150.89779689392623,146.2175129691319,148.18970723463346,5071300
2023-11-24,147.5126953125,147.82668456396408,146.5216948097506,146.5216948097506,1992000
2023-11-27,147.97386169433594,148.90599298075554,145.97223256320154,146.68849997632415,3429700
2023-11-28,145.27557373046875,147.16928583787373,143.7547201147649,146.55112885886012,5799600
2023-11-29,146.55113220214844,149.94606993160858,146.0507286664745,147.41458768817267,4975600
2023-11-30,146.96324157714844,147.65007440827543,144.2747645274995,147.58139861107915,7555600
2023-12-01,148.73919677734375,149.12186184338586,145.83487088426318,146.74737412950498,4929400
2023-12-04,145.4816131591797,147.82666581066928,142.9206966676509,147.21831545609083,5859600
2023-12-05,143.40150451660156,144.69668784996506,142.48900123595885,143.7743630468425,5206300
2023-12-06,141.978759765625,145.9231635865917,141.968953216109,145.88390744486512,4491100
2023-12-07,145.599365234375,145.7465383336875,141.85121224418293,144.19626511482556,5753600
2023-12-08,144.94198608398438,146.011484003918,143.24452457170287,144.64762487498285,4990200
2023-12-11,152.22242736816406,152.73265240946378,146.33526372369957,146.4039544860307,6945800
2023-12-12,154.26332092285156,155.20525877279485,151.73183862190166,152.22243561886484,5705200
2023-12-13,154.03765869140625,155.40151781665008,151.7220401436722,154.07689986564483,5561700
2023-12-14,158.69834899902344,159.993517506263,154.74413772771538,154.80300698188518,7401200
2023-12-15,158.9043731689453,161.12188130065036,158.45303229083697,159.15949320354247,8577200
2023-12-18,157.34425354003906,158.3156408855713,154.76370880620425,157.8642851064409,4772300
2023-12-19,159.27723693847656,159.66970858207694,157.01068100724234,157.56014729701627,4958200
2023-12-20,153.9689483642578,158.9534152820683,153.88064450456278,157.78579211999718,5488700
2023-12-21,158.35487365722656,158.77679479489314,156.57891519762583,157.97220865748844,4257300
2023-12-22,159.00247192382812,159.93460311942184,157.81522073637913,158.5609376703185,2770600
2023-12-26,161.1905517578125,161.86757802437543,159.05155598931816,159.24779179816028,2520500
2023-12-27,161.12184143066406,161.88717140140676,160.4546218573993,161.44562221135348,3319600
2023-12-28,160.05233764648438,161.90679344294475,159.78742608401157,161.896986894204,2909700
2023-12-29,159.0221405029297,160.48411018079102,157.67789435834115,160.04257581480493,2980700
2024-01-02,151.46688842773438,157.09894646432147,150.54456382180177,156.99101454294998,8607300
2024-01-03,148.60182189941406,150.2894767044059,147.89536105212298,148.8569419103885,6100100
2024-01-04,146.5020751953125,149.1414894769437,145.95260894536432,146.98286564993336,6196100
2024-01-05,146.19790649414062,148.67051957461095,145.26577518535657,147.2575978143422,5400100
2024-01-08,148.70974731445312,149.91661163740534,146.90435410466867,147.01228603415746,6515500
2024-01-09,148.18972778320312,148.8373194127762,146.12921440613684,147.05153915640778,5606700
2024-01-10,146.99267578125,149.04336771827775,145.45220893381827,148.91582267475334,5035700
2024-01-11,149.0924072265625,149.57319761812107,145.68766326167804,147.42438062319528,5995600
2024-01-12,148.4055633544922,149.53393024415826,147.54210801308065,149.33769447706362,4083700
2024-01-16,150.86837768554688,151.339361565397,147.0220991644274,148.45464893159948,6528000
2024-01-17,150.48568725585938,150.85854568822046,147.3753047283705,150.2305822595134,6630600
2024-01-18,157.32464599609375,157.7171325882474,153.83159767100554,155.67624722454622,8133700
2024-01-19,164.78170776367188,165.11531010008102,159.24777470602177,159.51270125403184,9159000
2024-01-22,165.13494873046875,168.67705957359237,164.48735711473458,165.0171952728059,7176400
2024-01-23,163.90846252441406,164.84059384045491,161.61247213201895,164.605101887966,5053600
2024-01-24,170.86509704589844,172.650877045708,167.46035317658112,168.16681394883216,9729000
2024-01-25,169.38352966308594,175.04500841885857,169.1872788802301,173.8381439578252,7234400
2024-01-26,163.76126098632812,166.3810619555684,163.48652788357722,165.8904649903945,6653700
2024-01-29,165.31153869628906,165.34097331458403,162.9566794017106,163.18234979924873,5370700
2024-01-30,163.11367797851562,165.98856889528983,162.7015783405393,164.18317572744203,5255300
2024-01-31,161.21017456054688,163.48653681800334,157.9329902473286,160.91581337098964,6049400
2024-02-01,163.82997131347656,164.58549492218626,161.73021665064022,162.34837369156935,4082600
2024-02-02,165.01719665527344,165.99839063697016,162.3483627991438,162.7997036464984,4740800
2024-02-05,167.87246704101562,169.04009022121122,165.1153144743118,165.42930372054278,5749100
2024-02-06,165.52743530273438,169.4620330742238,164.35000542243284,167.77437808945277,4550100
2024-02-07,167.68605041503906,169.65825995822647,165.654986598544,167.28377224930435,5103400
2024-02-08,170.61981201171875,171.70893787367646,166.19463277409068,166.793161670695,7327900
2024-02-09,182.3450927734375,182.64926052362696,175.25106421301575,175.67297045441856,9539900
2024-02-12,182.0507049560547,184.6705057771723,181.16763645740247,181.78579338955728,7085400
2024-02-13,176.9190673828125,178.76371668149733,173.61244877435905,175.24123422014114,9692500
2024-02-14,182.68850708007812,183.46364372627,179.2052655034556,179.2052655034556,8437900
2024-02-15,184.13087463378903,185.90683342652665,182.8749474774277,185.445671036256,8622900
2024-02-16,195.81689453125,202.8814883644746,193.5895799504381,198.22081684627216,15557900
2024-02-20,185.5830078125,192.1766318109466,182.61979813554905,191.9117052741631,11216100
2024-02-21,187.067138671875,187.10644634555217,182.70325203067551,184.698450157598,6977500
2024-02-22,196.30596923828125,198.09477567419043,193.2984300631142,194.88082998826332,10225900
2024-02-23,193.7800750732422,197.88840982407055,193.2395007646578,195.9030496321155,5108100
2024-02-26,200.06051635742188,200.49297577430468,195.71629084663564,196.3748031415416,6466600
2024-02-27,199.38233947753903,200.93525508685903,197.77045485727865,200.2374201305854,5167100
2024-02-28,194.1535186767578,195.76540317078417,193.12153107170997,195.08724460087396,6207900
2024-02-29,198.16357421875,198.53706458489617,193.87831816544528,196.48289756550017,9449600
2024-03-01,206.64566040039065,207.7562934813155,200.07034542971468,200.276751974664,7647400
2024-03-04,205.898681640625,209.71215592301408,205.45638407167033,208.3656468720503,7089800
2024-03-05,203.8346710205078,207.14689363526384,201.26941417427588,204.18850006816757,6100200
2024-03-06,208.53273010253903,209.84975464455388,205.54485196273785,206.350786758148,5642400
2024-03-07,208.96517944335935,210.58688712253485,207.8840309924396,209.57454584449368,6363100
2024-03-08,202.03602600097656,209.9382024687832,201.8689421573831,208.83739273863293,6940800
2024-03-11,197.9178771972656,199.79513736218593,194.2223408755148,199.79513736218593,6566600
2024-03-12,201.4266662597656,201.49545843423712,195.92266241948073,200.3848404964812,7211300
2024-03-13,197.1217803955078,200.3848725506866,196.5124139075529,199.490469159058,5050300
2024-03-14,197.3085021972656,198.93020991507365,195.637648640117,198.46826602024015,4934900
2024-03-15,195.24449157714844,197.82940968420723,193.6227839037399,196.0209568247399,9936400
2024-03-18,197.28884887695312,199.6870219610367,196.20771535356155,198.2225598735384,5062300
2024-03-19,197.88839721679688,198.09480375681787,193.9176620886519,195.76542279317613,4624500
2024-03-20,201.54461669921875,202.38987416258564,195.39193841754192,197.5542204176976,4278000
2024-03-21,207.18621826171875,211.22576034513617,206.7537588663624,209.71215246138885,6145200
2024-03-22,206.64566040039065,208.09046122341832,204.85685366818265,204.93548401877257,3829200
2024-03-25,204.88633728027344,207.6874701913926,203.79536562091835,204.07056432803452,3137600
2024-03-26,203.1270294189453,207.58920804882436,203.0287527293515,206.1935380828581,3607400
2024-03-27,204.43421936035156,204.9158246030308,200.4045003836934,204.4735270345353,3123900
2024-03-28,202.69454956054688,204.09020438862257,199.23490449258637,204.00175087774272,5750100
2024-04-01,205.1123809814453,208.13958162164948,202.4291862083659,203.3825434743549,3189700
2024-04-02,202.5766143798828,203.0385582727677,199.913065869785,203.0385582727677,4311400
2024-04-03,203.82485961914065,205.56450545646692,200.01137021832915,200.1096619028223,3375600
2024-04-04,199.9032440185547,209.3878061428253,198.21272912221644,207.98232811701635,6242800
2024-04-05,204.2867889404297,205.9379811420208,201.38734942437145,201.38734942437145,3330700
2024-04-08,205.45639038085935,209.34851012562737,204.5620020406401,209.21091076580856,4435500
2024-04-09,206.8029327392578,208.46396337057973,204.07059164062173,207.72682066417343,3659200
2024-04-10,205.66281127929688,208.03150006468667,204.5521781564364,205.3089821868851,4645300
2024-04-11,209.3288421630859,209.6728480503462,204.78804843559823,205.86919694081195,4291600
2024-04-12,204.296630859375,206.3507981310277,203.3629198265516,204.43423022213628,5854800
2024-04-15,202.15399169921875,210.78348872459105,200.7681749249537,208.2673625661714,4492500
2024-04-16,205.8888397216797,206.81272751976996,202.2227880309555,202.80266994772973,3749200
2024-04-17,196.46324157714844,203.45135389787671,194.70393453593184,202.5569506268227,6350300
2024-04-18,190.98873901367188,195.0184428624136,190.20245058065743,194.08473190948592,6219400
2024-04-19,186.51673889160156,191.352392541621,184.9343388457802,190.92975631962665,6495200
2024-04-22,186.21205139160156,188.49227131352075,183.65661777495697,188.2662184542435,7149800
2024-04-23,189.92726135253903,191.16565557319672,186.71331528327352,186.9885139989752,4425900
2024-04-24,192.6988983154297,195.9423286960775,189.4161602622644,194.59581970359093,4609400
2024-04-25,194.1142120361328,195.04792296800505,190.28107663278195,192.9151255771966,4238300
2024-04-26,199.8934326171875,200.4929759005698,193.65228556881755,193.65228556881755,3933500
2024-04-29,201.74119567871097,201.77068018502592,198.3208579713203,200.0211961567097,2789200
2024-04-30,195.24449157714844,202.3014109920847,195.16587623300128,200.17843676721216,3898200
2024-05-01,190.6643829345703,197.239681877272,189.3866661828937,192.71854990614383,5815500
2024-05-02,194.51719665527344,195.07741724357896,189.9665647840188,192.8954739055367,3523200
2024-05-03,200.5912322998047,201.75101107370955,196.52220591834924,198.53706527328623,3818500
2024-05-06,205.27947998046875,205.5939863703822,200.79765519446457,201.790335202798,3638500
2024-05-07,203.7658843994141,205.8790205767892,203.66759271791545,205.65296770598837,3200900
2024-05-08,203.80519104003903,204.3949111316298,201.23993413686773,202.3800516487672,2932300
2024-05-09,202.79286193847656,204.67994534923457,202.19331864152696,203.80520332554144,2758200
2024-05-10,206.1345672607422,208.92589217097384,204.9453188458147,205.2205175697916,3502900
2024-05-13,203.08770751953125,204.89616045122656,201.91810551567465,204.82735327584453,3526900
2024-05-14,206.2230224609375,206.49822116714455,201.20062357685217,202.31124157075743,3442200
2024-05-15,213.7615203857422,213.8794583968738,207.2353521525253,208.8570597944003,5820900
2024-05-16,210.36082458496097,214.99990954731237,210.2527097448433,214.4789966805283,7977900
2024-05-17,208.44427490234375,215.59947130812895,206.6259837976529,212.6902085400646,8031800
2024-05-20,216.17938232421875,217.94852782687715,208.47378746509193,208.5130951441702,5954500
2024-05-21,216.03192138671875,216.48402710319863,212.1103174692301,214.2627761984831,3918200
2024-05-22,214.80111694335935,217.3415124993154,212.9105931626695,217.13474467735185,5047000
2024-05-23,214.6041717529297,221.61488040630752,213.00904573670692,221.54594778854673,5806600
2024-05-24,217.49903869628903,219.69480096880824,215.28357924398765,216.8196287269893,3795700
2024-05-28,217.9224548339844,219.79328133131455,216.5045583193757,218.739700023401,5509400
2024-05-29,215.6872711181641,217.26269980707204,213.82628593172723,214.2496776027976,4718800
2024-05-30,213.2158203125,216.3174726947739,212.1917922876663,214.6238757492613,4059200
2024-05-31,211.77825927734375,215.15559734702435,205.81129013442907,213.42262092047503,13548700
2024-06-03,210.9216156005859,214.9980608294799,205.72265637178364,214.97836364758305,3828100
2024-06-04,208.962158203125,211.0594648412152,205.82112629757785,210.51790502568164,4379600
2024-06-05,219.94097900390625,221.27026078104333,214.8405058640529,216.22886416025435,7887900
2024-06-06,218.34585571289065,219.83266988523272,215.6577688888904,218.26708201160432,3951200
2024-06-07,218.32615661621097,221.1028732201421,216.7014922370067,220.7680962610226,3627200
2024-06-10,224.65744018554688,225.3171529798505,216.25838838074137,216.33716207589575,4796900
2024-06-11,226.4396820068359,226.5381528950327,221.19150218636628,223.78113329555143,4768600
2024-06-12,234.00177001953125,234.74025658389908,227.23723789777725,227.877253577077,5573500
2024-06-13,233.90330505371097,234.70086810825333,227.86740362805267,227.9166390686701,3682400
2024-06-14,233.3912811279297,234.6023948270843,230.03362544109956,230.4865704557805,3306500
2024-06-17,239.1317901611328,239.54534082304457,232.6429586636667,233.03681214418816,4974600
2024-06-18,244.02549743652344,245.59108531696296,238.37360829715848,239.05301832722964,5256900
2024-06-20,236.3058624267578,244.0255051353815,234.9962777668854,243.2082448578124,7045000
2024-06-21,231.7961578369141,234.8190215822365,229.25576234671624,234.661489206334,15289800
2024-06-24,226.31166076660156,231.7961614110104,225.90795118092984,229.42315436299535,5928700
2024-06-25,230.6736602783203,230.94936071847889,225.03161228435664,227.49323408902055,4594900
2024-06-26,228.6058807373047,233.2829619367111,227.25691686238335,231.39243828642293,4818700
2024-06-27,228.9603729248047,234.16917323263215,228.2415835432699,233.8540784204512,4309600
2024-06-28,232.3672790527344,237.5859057479252,230.31920771642143,231.73710441268028,6387400
2024-07-01,233.7654571533203,234.7008704361412,229.5019263757722,233.2238973502512,4239600
2024-07-02,237.1625061035156,237.30035633193816,231.41216082567888,231.41216082567888,3510600
2024-07-03,239.5749053955078,240.96326385733315,236.16802884363088,237.93054364568127,2768800
2024-07-05,238.86590576171875,240.9632121358086,237.17230892880457,240.93367387909288,4076200
2024-07-08,242.50912475585935,243.38546150887615,239.3779490623434,239.3779490623434,3782100
2024-07-09,247.609619140625,248.2594909130552,243.68086527043965,244.19288682064652,4889900
2024-07-10,251.0558929443359,251.9617679912274,246.8120592365264,249.1161337052208,4258100
2024-07-11,237.5563507080078,251.64668686353633,237.39881832753147,251.64668686353633,5623800
2024-07-12,239.66346740722656,244.95104069807337,236.8473717611636,237.900952993308,5396300
2024-07-15,241.7805023193359,244.99045181892905,239.87028135026893,240.766315314035,3674300
2024-07-16,242.06605529785156,243.7202730803461,238.2259310207989,243.16887216103063,4124800
2024-07-17,216.6916656494141,229.73826207009208,216.38641190498907,227.6901907912965,10538900
2024-07-18,214.30880737304688,218.9169716141687,209.97635862116348,218.73972701569744,7715800
2024-07-19,207.03224182128903,214.92912904340835,206.45130266171975,214.16110421645797,6517100
2024-07-22,220.0394744873047,220.64995195195507,210.0846742491688,212.9106115737199,7515600
2024-07-23,216.278076171875,218.54277113680203,215.26388923522208,217.06579811939915,3635300
2024-07-24,203.3594970703125,214.42695399021505,202.3748483593636,214.0330854911073,9263400
2024-07-25,199.2141265869141,205.9983553379224,197.25467032024565,203.9699664524123,9961400
2024-07-26,203.3004150390625,205.1614004513131,199.6965972488163,203.81243656174556,5209000
2024-07-29,202.41424560546875,209.26739231756775,201.7446766597193,205.1023324177849,4199200
2024-07-30,193.7198028564453,205.95897975706336,192.3412855748332,205.06294577769765,7652600
2024-07-31,208.9424591064453,209.60217195766836,201.36066683210203,202.93611082202543,11123700
2024-08-01,193.28656005859375,205.87037036527016,189.36766208985,200.99636187035435,11268300
2024-08-02,179.0189666748047,186.65984973009913,176.87243985330122,184.9859350239554,12991600
2024-08-05,179.0977783203125,184.29672303458605,168.9755893671777,172.471095781679,10079100
2024-08-06,180.4959716796875,185.61614250727357,177.53218415856108,180.505827783538,5803900
2024-08-07,175.7696533203125,188.4617758553943,175.20841131247596,187.0832735339112,6652100
2024-08-08,187.6248016357422,187.90050205338824,178.4084897506638,182.41600190865557,8637100
2024-08-09,188.24514770507812,190.35231053078937,185.1632072214373,187.09311042834648,5050800
2024-08-12,190.12582397460935,193.3850089407758,187.42789600903353,188.56023606435292,5568100
2024-08-13,197.7174530029297,198.7316399159957,190.74613871997423,193.42438426454063,6198900
2024-08-14,198.5347442626953,201.6659202650488,194.6946048910061,199.5784695968131,5377900
2024-08-15,208.57815551757812,209.73019280185375,201.9810116127581,204.1275387686183,12073500
2024-08-16,204.70846557617188,205.68327323065648,198.0916248886003,201.80375481879815,11644600
2024-08-19,207.70181274414065,207.8692012311249,199.39137476957015,203.8222942088939,5285400
2024-08-20,202.9951934814453,207.35718030899443,201.21298161648107,206.0771339065382,4860300
2024-08-21,205.9097442626953,206.77623998094697,203.39890193970777,204.85617790031912,4460500
2024-08-22,197.50445556640625,207.50792754155304,196.75469381019155,205.82095982673468,6621900
2024-08-23,199.9412078857422,203.0586646126073,197.4847283355211,199.43808004919447,5296400
2024-08-26,193.58790588378903,198.55017949884905,192.52244546806935,197.968127019523,7333900
2024-08-27,193.1341094970703,194.15024012321933,189.2076863430756,192.15743367775863,6632500
2024-08-28,190.2928771972656,193.9923862010903,188.23102112526908,192.0587695382881,6412500
2024-08-29,190.38165283203125,195.63988985482925,189.08929348944363,194.02197192884063,6730300
2024-08-30,194.60406494140625,195.1762575660633,189.9574893126833,194.87043384759937,7313800
2024-09-03,180.9010467529297,191.4569908008316,180.04276550976024,190.48031503722004,12163400
2024-09-04,179.9243927001953,181.8382744403082,175.0410287547841,177.56657288868342,6378100
2024-09-05,177.81320190429688,181.26607689152408,175.49483696296537,176.62934700886103,6495000
2024-09-06,172.39712524414062,178.27688503759688,171.05543599919136,177.08317013632757,8887900
2024-09-09,175.15940856933594,176.1459442244115,172.21953653214578,174.71547053521982,7492500
2024-09-10,175.6527099609375,176.10650801911478,171.76575632867872,175.57378528704965,5367900
2024-09-11,183.4364471435547,183.9001201184224,173.0482276150061,177.81319676608877,8187100
2024-09-12,180.7432098388672,182.63735655150776,177.62575345514338,181.877719857582,8011700
2024-09-13,185.9323883056641,186.2579468995826,182.4597783572066,182.8050718804555,4851300
2024-09-16,185.0543975830078,185.37995622172727,180.67417597600763,182.50913326939033,5915800
2024-09-17,186.05078125,187.93506822399792,183.47592223282888,186.94853243279587,4026100
2024-09-18,183.63375854492188,189.07943994096684,183.24901021578145,188.1915487598686,4266900
2024-09-19,194.0614471435547,195.65963018497052,190.3126084154532,191.93052638610664,7326100
2024-09-20,189.5727081298828,192.89732869906783,186.9189246266827,191.7332237716209,14306900
2024-09-23,191.42739868164065,193.00586197203612,190.0955843928772,191.8022871001114,4457900
2024-09-24,194.13052368164065,195.18612426850083,191.15118119474903,193.86415478676167,4849700
2024-09-25,194.6533660888672,197.59323840387069,192.66055966236237,192.66055966236237,5060100
2024-09-26,206.7877655029297,209.2935597613259,199.77349550313056,207.98148042051736,7849800
2024-09-27,202.16091918945312,208.4846174322739,201.2533080380356,208.2379834763449,4524800
2024-09-30,199.3295440673828,201.55910936230143,196.01478346549388,198.2936785567912,5746000
2024-10-01,194.5448760986328,201.31251296187105,191.03281070985983,200.6712706494302,6930100
2024-10-02,198.441650390625,201.7564109507213,194.0910393863375,195.1663596884702,5536600
2024-10-03,196.9026641845703,200.3950091242998,195.04798723481537,195.04798723481537,3813300
2024-10-04,199.25064086914065,202.16091852892515,196.82375612725855,201.864954772109,4131100
2024-10-07,197.43540954589844,198.8757433480969,195.5609825406524,196.6955077143558,3711100
2024-10-08,198.17530822753903,199.8228211398532,195.9950575751107,197.43540640775683,3616100
2024-10-09,202.2990264892578,202.8218892531746,197.92868016947395,198.68830188861853,4141600
2024-10-10,201.21385192871097,201.49994069226992,197.2578336670274,198.31343421718836,3796800
2024-10-11,202.2990264892578,204.43980734504453,199.41834379170115,199.41834379170115,2604100
2024-10-14,211.0101318359375,211.3652853095364,204.1734462858348,204.1734462858348,5239300
2024-10-15,188.44805908203125,212.79575363697393,187.01758528630583,210.8029472503731,16613200
2024-10-16,182.10462951660156,190.61843781114368,181.4239174441671,190.61843781114368,10972600
2024-10-17,180.7728271484375,188.23103545957653,180.5360531349591,187.4418038013237,9727100
2024-10-18,183.8508148193359,184.2750179935676,182.15397201572543,183.7718901478492,5758600
2024-10-21,181.9763946533203,184.19610013454744,181.62124117419032,183.6535024506904,4918100
2024-10-22,180.53602600097656,182.78532610426257,180.11182289226034,182.11448908024445,6753600
2024-10-23,180.24009704589844,181.26610276125913,177.3692741054301,179.50019515732467,6015200
2024-10-24,181.27593994140625,185.27141264874209,180.76293714813332,184.36380158577649,6122100
2024-10-25,184.00865173339844,186.65256030958273,183.66335820063455,183.97905686525763,4794700
2024-10-28,182.84454345703125,185.11357883125103,181.92707237911236,184.0086635408519,4101000
2024-10-29,187.56016540527344,188.95118437686696,182.16381383746625,182.8445258896648,6007400
2024-10-30,182.8050842285156,185.65617204904564,182.21315673534576,184.48219205470832,5851300
2024-10-31,179.13516235351562,182.71629192433525,176.86612712972726,182.71629192433525,7307500
2024-11-01,180.9109344482422,182.97279059620564,178.78001357072586,179.3818009929872,6318900
2024-11-04,179.3719482421875,181.3844746715926,178.0302589381368,180.7333574240367,3857600
2024-11-05,183.96917724609375,184.2355461060016,180.634696741598,180.83200087535403,4053000
2024-11-06,184.9952087402344,186.83016604254436,182.26250019224025,186.41582278761533,6393300
2024-11-07,191.4767303466797,191.71350435854737,188.3888835202843,188.3888835202843,5274700
2024-11-08,189.44447326660156,191.4866096499139,188.69471145882005,189.70096716189315,4767300
2024-11-11,186.0211944580078,190.59872012581872,183.94947823852957,189.72070383565705,5475200
2024-11-12,184.09744262695312,187.19516437602215,181.98625665852188,186.16917378762903,5478400
2024-11-13,180.3288726806641,182.982656397411,180.06251885244654,181.59165235669445,8634600
2024-11-14,183.4956512451172,185.09383435824745,182.5979000912774,184.26514793316815,11747400
2024-11-15,166.60617065429688,171.7262938627795,165.07703715424137,166.07343289263903,16287500
2024-11-18,168.43124389648438,169.35858990734266,164.6034954338028,165.42230685699977,8324400
2024-11-19,167.03038024902344,167.67163757544384,165.23489285239927,166.0734392823213,8651100
2024-11-20,168.19448852539062,168.23394333264517,164.8106630130135,167.0303684912757,6197300
2024-11-21,173.79141235351562,175.09670929344713,169.14379296408617,169.31189664476054,8917400
2024-11-22,172.93109130859375,174.11771514226507,171.44780774431942,173.1684070220836,4242600
2024-11-25,172.6047821044922,175.21536080079358,170.01396966020454,174.74071424385025,8926500
2024-11-26,171.26980590820312,173.53429393318908,169.02509922225926,173.38595652348454,6517100
2024-11-27,169.41078186035156,171.4082597002156,166.87929835332258,171.26982049261372,4348700
2024-11-29,172.76300048828125,176.44153011942657,172.31800331493443,174.4143878352547,5944400
2024-12-02,181.22760009765625,182.21645586168097,172.76299717180336,173.52440524620852,9100600
2024-12-03,181.11880493164065,181.2176814436459,178.7851049882111,179.19053942703016,5939900
2024-12-04,179.14111328125,183.63051179707335,178.43901905190475,183.2745231195693,5819800
2024-12-05,170.11285400390625,177.4204974159895,168.64935171412097,174.57258801857702,8663800
2024-12-06,171.0918426513672,171.3885024228318,169.4404551996635,170.24142602049804,6058500
2024-12-09,169.9447479248047,172.55532647247182,168.31314199079063,170.05352265965504,7647100
2024-12-10,166.29588317871094,171.9422566090358,165.57402264740594,171.56648656510654,8230900
2024-12-11,169.222900390625,171.2698240808187,167.60117745813744,167.83849319686004,6698600
2024-12-12,167.19573974609375,168.21426000855618,164.95103286502726,167.80882551102476,6108500
2024-12-13,167.46273803710938,169.61843646775498,165.90034404126664,167.21552408375595,7051700
2024-12-16,167.52206420898438,169.82610002688983,166.96830737680386,168.14503310081642,6643000
2024-12-17,168.4416961669922,168.84713067306902,166.4936490013221,167.11663299413567,6817600
2024-12-18,163.60618591308594,172.48610659968517,162.7162217458764,169.03500958154115,9000700
2024-12-19,159.64089965820312,163.3985551135585,159.23546511600497,160.97584607621192,9252600
2024-12-20,161.76690673828125,162.89420167730708,157.1885149265863,158.19713691657597,15336700
2024-12-23,165.59381103515625,165.82124366096568,162.3404667651854,162.933786324137,5040200
2024-12-24,166.49363708496094,166.83974263147292,165.04001793159665,165.56411026974936,2595800
2024-12-26,165.6827850341797,166.96830053549326,164.89169741116046,165.48501690061025,2793700
2024-12-27,164.9708251953125,165.3366970356933,162.79534531762107,164.29839536330286,3599600
2024-12-30,161.8163604736328,163.13154048174366,160.1649731190478,162.17234916070598,4763100
2024-12-31,160.817626953125,163.3391972249833,160.16497849014743,162.59755535943853,3565500
2025-01-02,162.0437774658203,164.8521390993433,161.01537418489303,162.63709691668555,4164600
2025-01-03,168.16481018066406,168.5207988621518,162.93376978556464,163.53697241006495,5719800
2025-01-06,175.50210571289062,178.36979630106532,172.9113086028333,173.0299664586403,8475500
2025-01-07,175.8383331298828,179.81352230010748,174.43414471536093,178.06325852211313,7332100
2025-01-08,175.017578125,176.18442062407237,172.8915292882081,175.76910303514452,4581700
2025-01-10,169.73707580566406,172.772870064003,167.62092519954237,172.772870064003,6325300
2025-01-13,168.95591735839844,169.6975592732184,165.8607936054853,167.21553643023523,5465800
2025-01-14,171.7147979736328,171.76424377975115,168.4219215462811,169.94475278903187,3842100
2025-01-15,176.39210510253906,177.5095019131091,173.91996556511697,174.7802652957423,5908600
2025-01-16,184.4018096923828,189.57353595088748,180.97047915080913,183.7293950481073,10825400
2025-01-17,189.9097595214844,191.00739006369145,186.6860799547588,190.84916951429855,8115100
2025-01-21,190.7206115722656,193.04442871649655,188.69346927181024,192.56978216168795,7959100
2025-01-22,193.33119201660156,198.31503369805347,193.15320521520647,194.63648891513395,7288600
2025-01-23,188.5747985839844,189.06922648540476,185.69722457641964,188.01115862251103,6307300
2025-01-24,184.6688232421875,189.1483388719669,183.5415282179134,188.7626857081032,6088400
2025-01-27,172.62454223632812,177.5589223923243,168.52078213637503,177.5490392675317,12150200
2025-01-28,170.92372131347656,172.88165146091944,168.10547640877417,171.813685447203,7360500
2025-01-29,173.32662963867188,178.20169619128478,171.8433460565823,177.99402985074627,5679900
2025-01-30,179.69488525390625,181.2276148304956,175.48236478865246,177.4007324522706,6013800
2025-01-31,178.3401336669922,184.36226133083892,178.0533570608619,180.555160804734,5898400
2025-02-03,176.8074188232422,178.2412567054824,172.29823882092495,173.36620488811724,5321300
2025-02-04,176.57008361816406,177.30184231883834,173.4947415744226,173.51452291464125,4687100
2025-02-05,178.6565704345703,178.99277777559797,173.32663842948693,174.76047628048033,3958500
2025-02-06,180.76283264160156,181.0397110422412,176.5700788638936,177.60838041066287,4479100
2025-02-07,177.99403381347656,181.49457650609548,176.7381827945006,181.0990402442287,4992000
2025-02-10,181.61326599121097,181.97913782118675,179.39822349235408,180.82217830670905,5744100
2025-02-11,181.1583709716797,181.53414098629952,179.0718847288413,179.77397895267185,3913300
2025-02-12,178.87411499023438,179.50698206306276,176.30308401945214,177.42049583895428,6640800
2025-02-13,182.21646118164065,182.4636751298644,177.6182726914329,178.30058560272929,10302000
2025-02-14,167.31439208984375,174.03861429631326,166.73097081094383,172.89153798988048,12452800
2025-02-18,170.08319091796875,171.82357162564753,167.2155152461275,169.8755245690808,10704900
2025-02-19,172.12025451660156,172.95088984636524,169.22291398942224,170.3897567018888,5797000
2025-02-20,174.44940185546875,176.78847751993837,172.95279571522855,173.58712055016116,6687300
2025-02-21,170.45510864257812,174.68725226537305,169.0873549088171,174.56832110334895,7365400
2025-02-24,167.0753631591797,173.67630005645654,166.84739159008876,172.22925377320334,7126200
2025-02-25,164.0722198486328,168.17551160639866,162.9918880494435,166.62934588948627,8570300
2025-02-26,167.01588439941406,168.74046196616987,164.94441921548886,165.89591393730132,5048500
2025-02-27,155.2511444091797,169.05764135694406,154.99345515430443,168.74047139079323,9543600
2025-02-28,156.66848754882812,158.63092774376292,152.58500703777972,155.8953894660076,9427600
2025-03-03,150.7811279296875,158.89851283882086,149.33406652144402,158.31373264304366,9259100
2025-03-04,151.51455688476562,154.84476568878696,148.22400188560502,151.7028746491158,8538600
2025-03-05,153.94285583496094,154.48796713763582,148.67001858326296,151.7821770339994,5860000
2025-03-06,150.1963653564453,152.68412014401633,148.27357905199418,150.1963653564453,6967800
2025-03-07,154.2996368408203,154.96370951195146,148.85832428122964,150.11706790434323,5537800
2025-03-10,148.6601104736328,153.08055715768597,146.56881830517835,151.06855747944496,8008400
2025-03-11,145.68670654296875,149.1754852850931,144.08106012197834,147.64914647585064,7739900
2025-03-12,147.7383575439453,150.37477629168103,147.12385961157722,150.37477629168103,8482200
2025-03-13,148.62046813964844,151.70289398847711,147.054475364911,147.5698690293366,5702200
2025-03-14,154.27984619140625,155.1123947122994,150.78114610202456,150.78114610202456,5138800
2025-03-17,154.08160400390625,155.8160874424869,151.48482422902583,151.59384950724785,4764300
2025-03-18,152.1488800048828,153.56620860516023,150.46395628041972,152.95171074792546,4282300
2025-03-19,153.09048461914062,155.67734361776257,151.43527839190062,151.8218198457868,4426500
2025-03-20,153.0111846923828,154.24018047401094,150.3351123163303,150.88023873084086,5480300
2025-03-21,150.77122497558594,150.84061158069062,147.68879914894623,148.9574488341712,15911300
2025-03-24,153.57614135742188,154.8844449095979,153.22925368719183,154.12126783749522,5855200
2025-03-25,152.27774047851562,153.57612285971516,151.16767586988627,153.4670975768322,5093700
2025-03-26,149.343994140625,152.62465885281586,148.18436971680728,151.78218929671442,4850800
2025-03-27,146.37057495117188,148.57089233458348,145.63714590569845,148.50152085999616,6933800
2025-03-28,143.77383422851562,148.47181282693074,142.84216624657904,147.48067925014684,7715000
2025-03-31,143.83328247070312,144.38831478698094,139.90840244931204,141.50412792035894,7116300
2025-04-01,144.36849975585938,144.81450677686112,140.54272409224035,142.8223340171888,5869500
2025-04-02,146.43995666503906,147.98612231565184,142.56462152568582,142.75293928734934,4904800
2025-04-03,134.30850219726562,140.61211219340447,134.19947690159742,139.74983084261825,11779600
2025-04-04,125.82438659667967,131.28554150465607,122.84108040064712,127.96523844673764,15564000
2025-04-07,131.6720733642578,140.31475750214327,122.64284025787636,123.86193762190844,18941900
2025-04-08,127.81657409667967,139.4524709140217,126.36951263103704,137.18278200816323,16423700
2025-04-09,148.4024200439453,149.6215251815952,127.45977872166422,128.43108535192798,20667300
2025-04-10,137.01429748535156,142.53490309529252,132.3064134634025,140.96891038475093,16290700
2025-04-11,143.65487670898438,144.93343213435594,134.29857503925763,137.3413618215651,10617200
2025-04-14,143.24853515625,146.390426791099,140.8797265041841,145.57770511944162,6835900
2025-04-15,144.1603546142578,145.736253141002,142.9610916310736,143.68461480162665,5259900
2025-04-16,136.96473693847656,139.82911206809848,133.15878803499558,136.59802239329375,9279100
2025-04-17,136.2412109375,138.41178049318495,135.7258173079898,137.7576439088602,6494800
2025-04-21,134.35806274414062,134.80406982067854,131.62253956767654,133.93188257334822,8395300
2025-04-22,137.07374572753906,137.84682853290326,135.11130592342184,135.96366608834077,5222700
2025-04-23,142.30694580078125,146.51926305903683,141.47439731349462,143.56568954547433,7994300
2025-04-24,148.83851623535156,149.06647270631638,144.0612606181701,146.30121688905635,7609200
2025-04-25,150.20628356933594,151.25688264992164,146.55890445863614,146.88598032545,4805200
2025-04-28,149.4530029296875,150.52342884657443,146.20208649625127,149.4530029296875,7052500
2025-04-29,148.22401428222656,149.73054139953007,146.5985559873848,147.6788878460151,5721300
2025-04-30,149.37371826171875,149.70077896824066,143.42691798539812,144.6757405989672,7273600
2025-05-01,147.63925170898438,150.92980704013002,147.42120113073713,150.295482209819,6732000
2025-05-02,153.7248077392578,155.31061222224417,151.33617243926042,151.43527671248023,6083200
2025-05-05,153.2391357421875,155.25113533645128,152.48587980184342,152.74356904165958,4069300
2025-05-06,151.6731414794922,153.11028187046057,150.5531559091432,150.65227529755288,3471700
2025-05-07,154.42849731445312,154.8150387472281,150.16662054059077,151.99031754571752,5499000
2025-05-08,154.61680603027344,157.39198249654146,154.42848826983632,156.62880556553137,4824600
2025-05-09,154.2302703857422,156.5990786284093,153.27877565872515,155.538558621458,3884200
2025-05-12,166.50050354003906,168.29445255520451,164.1812399148435,164.9642437616752,11724100
2025-05-13,171.49583435058594,172.63563186643304,166.97626785076093,167.3727152153606,8980200
2025-05-14,172.59596252441406,173.72585394868904,171.51563079278606,171.91207808697223,7069700
2025-05-15,173.20057678222656,174.81612920489306,169.68204988012002,170.22717632244584,12811600
2025-05-16,164.1019744873047,167.9673889379321,160.48432827856712,166.9366016687672,16540400
2025-05-19,164.46868896484375,164.528154552754,160.9303352492201,161.09882612279793,7465700
2025-05-20,164.2605438232422,164.46868850384104,162.77384363566762,163.58658033081997,5372400
2025-05-21,160.7915802001953,164.81557970859453,160.23654787124323,162.08996263902893,5658600
2025-05-22,159.5491485595703,162.31233337409722,159.31059466557122,159.71811854704845,6355700
2025-05-23,156.5573272705078,157.45189290305555,154.7185257199641,155.6925941422278,5733400
2025-05-27,160.85121154785156,161.49727411082037,158.20729628534855,159.65847249579377,8470400
2025-05-28,160.61265563964844,162.68007704810285,159.90695840797633,160.9307274716413,6727200
2025-05-29,158.5154266357422,164.5387720342031,157.49165750915233,164.4592692378181,6845600
2025-05-30,155.80194091796875,158.26693707630275,152.5417803053817,158.07808381218635,15273600
2025-06-02,156.3188018798828,156.66667590563665,154.4899190641886,154.8477423143787,5875300
2025-06-03,160.7617645263672,160.97048590454995,155.41429915758454,155.9808437791524,6355400
2025-06-04,160.9506072998047,162.49123561933084,159.21119165406566,161.5171671043372,5990600
2025-06-05,163.1969451904297,164.61828895595812,160.12563783008463,162.23281075047663,7386800
2025-06-06,165.7315216064453,168.50464033829945,164.43938128760817,164.43938128760817,5717500
2025-06-09,168.7630615234375,170.78079753586314,166.79504129847817,166.79504129847817,6320000
2025-06-10,172.718994140625,173.33523935199543,168.96185786301243,169.54828573618752,5711600
2025-06-11,171.74490356445312,174.72675859491287,169.29979093271558,173.1861456290412,6133200
2025-06-12,173.94155883789062,174.2993820798743,171.2380088243474,171.446745368213,4468500
2025-06-13,169.5582275390625,172.53014876912556,169.35944021984596,170.0253860807965,5297100
2025-06-16,175.482177734375,175.81018361921676,171.74490959181395,171.97352940538516,6712900
2025-06-17,173.03704833984375,177.24147496352347,173.00723100207293,175.2138049961107,6631400
2025-06-18,171.79461669921875,174.19997811240705,170.77084761081835,174.19997811240705,4946900
2025-06-20,168.43507385253906,174.30931729489726,164.90654203081434,173.41476676724892,18396600
2025-06-23,170.91995239257812,171.24794312891066,167.69954321008282,169.2302222568026,6838800
2025-06-24,179.09022521972656,179.42818035293746,173.94156225684426,174.01114616166728,7254500
2025-06-25,181.96275329589844,182.10190593358345,179.40829003050257,180.0146012018086,5431800
2025-06-26,182.4100341796875,183.3841026735556,180.95885791345495,182.08202827362464,5199700
2025-06-27,182.10189819335935,184.67622946435995,180.0245276073962,183.26481986597548,14202800
2025-06-30,181.96275329589844,183.6524682296447,181.4260108601849,182.68833382336305,4070700
2025-07-01,182.64857482910156,183.81149659933797,179.8058721130235,181.33656635748895,6572300
2025-07-02,188.8607635498047,189.7553292104581,180.53145833067543,181.525410064846,8800600
2025-07-03,189.8944854736328,190.87848800269657,188.12525256633623,188.20477052656872,3568500
2025-07-07,189.62612915039065,190.49086239028784,187.46925549658292,187.8966475040949,6577400
2025-07-08,193.8106689453125,195.1127433901316,190.36165495034084,190.97790021943055,8097100
2025-07-09,194.2082366943359,196.76270003579236,193.0651982197818,194.61576056201196,6170800
2025-07-10,196.8322601318359,198.2138524316536,195.46060188939117,196.80244279321755,5229100
2025-07-11,196.7328643798828,197.57772944163693,194.96363146217445,195.65940982667792,4424400
2025-07-14,195.9079132080078,197.6175115815675,193.31369830586792,194.42691951041792,7264000
2025-07-15,198.0846405029297,199.89363999450453,197.29942528211993,198.86987089023975,6007100
2025-07-16,193.63172912597656,193.97961828914947,188.6023359278732,192.82663067197575,9400000
2025-07-17,191.35560607910156,192.85646784732995,190.78904626934255,191.4549921598744,5704000
2025-07-18,189.2881774902344,192.3992513833646,188.98998892595824,191.89232627414503,4757100
2025-07-21,191.44503784179688,193.22420471430783,189.62610440798431,189.63603846506004,5061500
2025-07-22,186.0081329345703,191.3357150084794,184.010295344292,191.1071103488556,7074500
2025-07-23,185.87890625,188.25445026120408,185.01417310430847,186.54485208440033,5419800
2025-07-24,186.9821929931641,188.8905784784423,185.93855581880072,187.0219595552634,4819900
2025-07-25,184.56690979003903,185.39189159338724,182.9865300883664,184.68617915122172,6608700
2025-07-28,189.11920166015625,189.34780631354735,187.48912141456313,187.8668127622311,4913000
2025-07-29,187.2704620361328,191.28602062968704,186.8132375354629,190.46103881677223,4605400
2025-07-30,188.24452209472656,189.71556644411504,186.60450776712796,188.58246205114685,4018500
2025-07-31,178.970947265625,180.3724228541915,173.4545120941929,176.8041397597561,11375400
2025-08-01,178.90138244628906,180.53146272333152,175.1839974101006,175.531886592125,8393200
2025-08-04,181.7142639160156,181.89316794883223,179.40828860526895,180.89921621140692,4189300
2025-08-05,178.0664520263672,182.1515943732566,176.32703644354447,181.565166473865,5292000
2025-08-06,177.06256103515625,178.15591400759428,174.41864578653326,177.79809077720543,5857800
2025-08-07,182.0422515869141,185.6701844675145,180.76006054041943,183.23500578500168,6616600
2025-08-08,183.7518615722656,184.25878668899009,181.515470056836,182.0422632893727,4338400
2025-08-11,183.2648162841797,188.5725146348968,182.66843920739169,186.01805152800353,7816000
2025-08-12,187.31021118164065,188.5824682553735,183.1654340508311,184.6066611083331,5915400
2025-08-13,188.8806610107422,189.98394812515735,187.58852062601704,188.6520563413411,5923400
2025-08-14,187.10150146484375,188.88066860080943,185.6503250924375,186.72379490904592,10992400
2025-08-15,160.78163146972656,166.48692004030147,160.73194601485503,161.71594855211515,31803300
2025-08-18,162.5409393310547,163.55477443045592,160.77170631109044,160.83134099343738,10125800
2025-08-19,161.23886108398438,164.2008331806916,160.51328052166866,163.24664795259164,8921500
2025-08-20,159.98648071289062,160.9903665227072,156.98474217452303,160.82139654480738,9323300
2025-08-21,159.32858276367188,160.77394039673078,158.57101988543974,159.42826889421443,8294900
2025-08-22,161.97010803222656,164.472071646534,159.46812920795156,160.16588646991303,7448100
2025-08-25,161.47171020507812,162.09968414515438,160.2356721727605,161.79067843956693,4186800
2025-08-26,163.983642578125,164.2826857661044,161.16269537579666,161.49164136157717,6770200
2025-08-27,163.86402893066406,164.12319157771168,162.02991971316985,162.7376395304787,4633500
2025-08-28,164.74122619628906,165.62837805067468,163.21612261751343,164.19298286830494,7899500
2025-08-29,160.24563598632812,163.13636643751138,158.91988955336666,162.3488855589259,7202100
2025-09-02,157.06585693359375,157.7935170159333,155.51083542822914,156.21857045239966,7683400
2025-09-03,155.7500762939453,157.54432021484524,153.97577264160216,157.54432021484524,7335000
2025-09-04,157.7337188720703,159.15913630685765,154.90279385163706,155.44107464698814,6245100
2025-09-05,162.22927856445312,162.32896469671354,158.3118599681055,159.7472398868646,7046800
2025-09-08,161.53150939941406,164.1231813381008,161.33215235951005,163.28587264452358,7933600
2025-09-09,162.9768829345703,163.73444584448785,161.23248204689142,161.40193630792686,5315400
2025-09-10,162.8971405029297,164.87080129009166,162.02992891053424,163.7743298349879,5690200
2025-09-11,169.6055908203125,170.11396878520142,163.47527412462617,163.47527412462617,8999900
2025-09-12,167.26312255859375,169.12713457755436,166.6450959220115,167.37277121911896,5170600
2025-09-15,170.3831024169922,170.51269134937436,167.99078729743042,168.56893341348436,5597600
2025-09-16,172.9847412109375,173.54296223224438,171.03102087125006,171.90821012333612,6447500
2025-09-17,177.56007385253906,178.9755287048211,173.41338021742175,173.69248313421156,9588300
2025-09-18,189.15286254882812,190.93714400993787,183.2418427238502,187.39849909670315,15473700
2025-09-19,189.4917755126953,191.23617633594748,188.05638040168148,190.20947306820224,18903500
2025-09-22,199.87843322753903,200.50640717685292,191.81430591712967,192.57188400387432,15475500
2025-09-23,200.227294921875,203.44697122038392,198.16392596759724,200.5861436804408,12417900
2025-09-24,200.7954864501953,203.0980930717948,196.7684040871652,198.44303676376256,6360500
2025-09-25,198.9613800048828,200.07779166470405,195.572249279047,198.40315896500408,6027600
2025-09-26,203.26754760742188,204.5434509770983,196.75844183228625,199.3600916365418,7363300
2025-09-29,204.29425048828125,209.8264960630537,204.025110106274,205.67980251421815,9295400
2025-09-30,204.08493041992188,209.59723571353845,202.2209032282334,203.7061413802263,12253800
2025-10-01,217.0433349609375,217.74109223234407,202.95853976754233,204.08492914064936,12699200
2025-10-02,222.8746032714844,225.68558776945864,218.0301525998435,224.28009552047152,11166000
2025-10-03,216.83399963378903,219.79449817291555,214.9101820752823,219.2063895606229,9269800
2025-10-06,223.1935882568359,225.7653351951785,220.063635510475,221.6286042786717,7891900
2025-10-07,210.88311767578125,224.1106649665797,210.5940522144915,223.1936103042517,10543300
2025-10-08,216.81407165527344,217.95042361884464,208.33130486115664,209.32810536288468,7875500
2025-10-09,219.5951385498047,220.1533443589896,214.82045595558913,216.30569407714492,6701400
2025-10-10,209.27825927734375,223.75180661247103,209.05896195332903,219.99386451636673,12829700
2025-10-13,218.7777557373047,220.42248558496175,216.3355977077179,219.644982460603,7853000
2025-10-14,217.4918975830078,220.9408187011421,213.02623572387705,213.2156150373264,8260000
2025-10-15,226.8518524169922,227.370192919336,219.8144435438902,223.2434395886802,8033600
2025-10-16,226.9914093017578,231.32749752683767,223.3132130519258,229.8621995864986,7742800
2025-10-17,224.2701416015625,226.6325538312151,221.9874600241623,225.74540202771945,5272800
2025-10-20,227.4001007080078,230.58985923481532,225.80521383961985,226.4232252763852,5494800
2025-10-21,225.2769012451172,227.4299938631619,224.4894355835931,225.19715538408207,4557500
2025-10-22,219.85430908203125,226.04444668896215,215.37868470911505,225.27690606878633,7498100
2025-10-23,227.739013671875,229.81236055728291,217.422122312315,217.69126270872988,7001900
2025-10-24,228.0181121826172,229.98181036553385,225.5659762838082,228.2673123052211,5346700
2025-10-27,230.58985900878903,235.03558067336567,230.39050195292808,232.25451400067925,7671700
2025-10-28,226.91165161132812,230.28084196658085,226.35344579837997,228.94511781706325,6118500
2025-10-29,234.99571228027344,236.63046445295487,231.25771049426697,232.15482483892123,7784500
2025-10-30,231.8059539794922,241.7241156841255,231.3374565384822,237.0192162156618,7317700
2025-10-31,232.3542022705078,237.14881023441248,229.71267182365892,232.9921539811111,6532600
2025-11-03,236.9494476318359,239.02277923530193,233.2513111767754,234.91596614502032,6160600
2025-11-04,229.45350646972656,236.2118125528334,229.03485209050393,230.67956680959065,6896400
2025-11-05,240.1192626953125,241.1360034253966,229.36379240215712,229.4535007933495,7230800
2025-11-06,232.78282165527344,239.99966281618651,232.18473526587232,239.99966281618651,9278400
2025-11-07,229.3338928222656,231.77605094655888,222.6652952039934,231.52685082755,6892800
2025-11-10,234.32785034179688,235.78317047333115,231.31750874031349,235.47416476909993,7673700
2025-11-11,227.93836975097656,232.5037178910321,226.2737147321084,231.82590084812617,6237600
2025-11-12,229.9917755126953,231.0982246780496,228.1676287692751,230.4901757635762,5955400
2025-11-13,222.51576232910156,228.26730523956192,218.92728980066127,226.66245589126933,13465900
2025-11-14,225.286865234375,225.43639442852304,202.74920635088992,203.09809259393413,15254400
2025-11-17,227.97824096679688,230.9686423608034,222.54566626637728,223.48266113676087,8713600
2025-11-18,224.39971923828125,226.89172043881285,218.7179595430628,225.7553684997692,12167400
2025-11-19,234.3777008056641,235.15520396020165,225.7753078299852,226.56277351369496,8870500
2025-11-20,219.95567321777344,240.4600994551828,218.68726612563975,238.4925521040233,9264000
2025-11-21,223.73095703125,227.8757967382544,215.23156297726288,218.9269510337885,8596800
2025-11-24,230.62237548828125,232.9095162925964,222.58239975296863,222.58239975296863,8806600
2025-11-25,242.15798950195312,244.31528734329507,232.84959152587072,237.2541019232202,8330300
2025-11-26,249.65863037109375,252.3452820570432,242.5275247993647,242.5275247993647,8791100
2025-11-28,251.935791015625,252.1655002546647,247.54127786290067,250.48760022028057,2916300
2025-12-01,254.43267822265625,255.47137607201583,248.22042476188415,249.91830415937815,6842400
2025-12-02,264.9994812011719,266.71733992132664,255.31158218691613,255.31158218691613,9196800
2025-12-03,268.2953796386719,268.8147209158754,259.3864776341469,264.96951066244696,7999600
2025-12-04,269.1043701171875,272.4202418202492,265.66865277080893,268.00573425417747,6348800
2025-12-05,267.6661682128906,273.2492014221715,267.02695079293767,269.4539470497845,5373400
2025-12-08,267.82598876953125,271.821006447216,266.20801148679953,269.1643160340077,5338100
2025-12-09,266.8072509765625,268.37527213740583,264.40024934194383,265.73857650982154,4062600
2025-12-10,274.8072509765625,275.75607979284314,265.52881460945423,266.43768471779583,6244600
2025-12-11,269.7735290527344,271.6511921506483,262.5025984366954,270.88216225610466,7061200
2025-12-12,258.8871154785156,269.3740365160309,256.80971976971165,266.927106561683,6739300
2025-12-15,260.9445495605469,265.3590573932523,259.4664125642761,263.1018627092406,6406000
2025-12-16,258.517578125,261.2541553522385,254.98199435179063,259.4664069707179,5859700
2025-12-17,247.96075439453125,259.77602054846346,246.6124298845047,257.838434611298,7855400
2025-12-18,253.18423461914065,260.4951239753096,251.91581229296287,258.7672679301175,8741200
2025-12-19,256.0906066894531,260.9944942083426,253.26413004854132,255.39148169200436,25749700
2025-12-22,258.6873779296875,262.5025964409577,257.2791306169586,262.5025964409577,4182000
