Date,close,high,low,open,volume
2019-08-19,23.47749900817871,23.586136304159364,23.210537466406365,23.538134338357377,17489000
2019-08-20,23.611406326293945,23.997953624627904,23.32844299968492,23.42529024652865,17920000
2019-08-21,24.21185302734375,24.275856714379852,23.92131136927511,23.970998315294477,19381000
2019-08-22,24.221965789794922,24.372711659517655,23.963425893291088,24.286812792464946,12294000
2019-08-23,22.917469024658203,24.04174215204656,22.826516826505383,23.916261432771705,25742000
2019-08-26,23.346128463745117,23.407605496486187,23.15917069208367,23.32339000907779,14249000
2019-08-27,23.207170486450195,23.598771100742418,23.15158849486569,23.508662192153345,14298000
2019-08-28,23.248437881469727,23.277913059035683,22.777675123131985,23.102745371628455,17202000
2019-08-29,23.864051818847656,24.042587883205552,23.668672335557904,23.705727535952622,16429000
2019-08-30,23.802574157714844,24.07711577521237,23.57182446451923,24.031638866550967,16720000
2019-09-03,23.07916259765625,23.65182427240111,22.81641109650927,23.5802421654117,22210000
2019-09-04,23.83457374572754,23.946579416102733,23.428656393891835,23.47834334931584,19865000
2019-09-05,24.50829315185547,24.73230608785383,24.284281822133675,24.284281822133675,20938000
2019-09-06,24.5832462310791,24.70030524678476,24.363444943273148,24.578192884800355,13748000
2019-09-09,24.64219856262207,25.02874585218374,24.456084093357244,24.843473071940764,21686000
2019-09-10,24.796310424804688,24.797152113746378,24.323021022763488,24.536085583203857,20850000
2019-09-11,25.09696388244629,25.161809282113254,24.805578822223694,24.95463971505735,19260000
2019-09-12,25.31339454650879,25.46077044144015,24.967269206263616,25.384976665110656,33109000
2019-09-13,24.449344635009766,25.0952750721496,23.907841457727674,25.066641583959356,62557000
2019-09-16,24.30954360961914,24.445131011076366,24.060267173553402,24.152904349002586,22176000
2019-09-17,24.3238582611084,24.363440121998025,23.896045840622172,24.255644524950625,21912000
2019-09-18,24.232067108154297,24.48639689661715,23.90699690295538,24.29522911239806,16510000
2019-09-19,24.476293563842773,24.58661586105027,24.1891202005256,24.296074135465773,19421000
2019-09-20,24.159278869628906,24.51113739886408,23.951901909552113,24.44909468393276,35524000
2019-09-23,24.261266708374023,24.40574990250823,23.974000808954877,24.10488495546607,14850000
2019-09-24,23.993549346923828,24.553632669167428,23.775974309384885,24.41934916483408,20292000
2019-09-25,23.437711715698242,23.560098274489896,22.947319288795562,23.096051265392745,55588000
2019-09-26,23.534605026245117,23.683337030375835,23.17509667219514,23.394370604301358,27477000
2019-09-27,23.29918098449707,23.90601077384745,23.198892660590186,23.510806758094777,28660000
2019-09-30,23.463212966918945,23.518456975835864,23.159798066452726,23.4394158469653,19826000
2019-10-01,23.359521865844727,23.767473823402334,23.23458538331319,23.650187108761003,19429000
2019-10-02,22.953271865844727,23.27028419053686,22.804539867877345,23.241388845972626,19543000
2019-10-03,23.32382583618164,23.32977511520894,22.711046854256193,22.947319147658515,17096000
2019-10-04,23.91875457763672,23.941702259150563,23.38926714046878,23.66888486666297,25884000
2019-10-07,23.464059829711914,23.88391036093599,23.431763510305675,23.798070527501338,18658000
2019-10-08,22.975372314453125,23.3637760353083,22.854686215538074,23.2923846694576,22757000
2019-10-09,23.215042114257812,23.364623548200672,23.11900257924313,23.260086431237355,16329000
2019-10-10,23.32552719116211,23.69353471730874,23.257535192020335,23.33487582762232,17340000
2019-10-11,23.874561309814453,24.1439809851633,23.719880049755567,23.75387523634847,23697000
2019-10-14,23.93830680847168,24.022446159674306,23.787024890463766,23.832918639922333,13312000
2019-10-15,24.674318313598633,24.699815919771908,23.984198668656273,24.021594833499,21230000
2019-10-16,24.5179386138916,24.655623105058403,24.35305764649821,24.56213349565625,20046000
2019-10-17,24.598676681518555,24.792452965107454,24.504337651764256,24.659018905100485,13125000
2019-10-18,24.369203567504883,24.642020971693213,24.137180062021212,24.604626429459195,16981000
2019-10-21,24.610576629638672,24.80860333571347,24.397250387287922,24.51453710572802,13031000
2019-10-22,24.43124771118164,24.720214101842533,24.41255043897011,24.612276017032006,13046000
2019-10-23,23.824420928955078,24.09808943810253,23.691836276011067,24.048794707620747,20957000
2019-10-24,23.993549346923828,24.094687097389894,23.68673511779718,24.042842450244425,16896000
2019-10-25,24.631826400756836,24.763559993253477,24.070891977006927,24.074291333960378,20869000
2019-10-28,24.778858184814453,24.857897687595084,24.504340267787786,24.74571080894058,12999000
2019-10-29,24.49074363708496,24.961589448761764,24.483093867807334,24.840903355744143,13272000
2019-10-30,24.66752052307129,24.729563241462312,24.35135765155891,24.64797219550153,17281000
2019-10-31,24.889345169067383,24.9938839027535,24.460145971939163,24.630125161836897,27881000
2019-11-01,25.20720672607422,25.20720672607422,24.82475073947404,24.901241936794076,21234000
2019-11-04,25.921974182128906,25.96106921657815,25.42053258465889,25.45622826233739,34075000
2019-11-05,26.69028091430664,26.92315384790564,25.87692694596053,25.921971254936306,38711000
2019-11-06,26.615488052368164,26.710676507709646,26.237282532293044,26.521998464553892,18076000
2019-11-07,26.49480438232422,27.154328159042173,26.40216584098175,26.82116691426562,23981000
2019-11-08,26.636741638183594,26.652890609909576,25.933024501467337,26.335876665848783,17830000
2019-11-11,26.580646514892578,26.622291471467392,26.418315479219345,26.44891293174366,9154000
2019-11-12,26.81691551208496,26.890856779870216,26.623988668796276,26.686880812839963,16875000
2019-11-13,26.658838272094727,26.83221681226456,26.516904997386817,26.55769889909572,12625000
2019-11-14,26.25938606262207,26.50330816463234,26.016315015655998,26.41066960727856,17268000
2019-11-15,26.594253540039062,26.60700153679813,26.35373074360854,26.53985895315574,18120000
2019-11-18,26.437864303588867,26.63674045397829,26.17949373591716,26.501605890519922,15850000
2019-11-19,27.001346588134766,27.678718222290343,26.91210740051537,26.91210740051537,31743000
2019-11-20,26.48885726928711,26.927406704152812,26.26193359402503,26.848365582017557,19927000
2019-11-21,26.79311752319336,26.831363117080304,26.329921606587867,26.443808954467624,19317000
2019-11-22,26.76507568359375,27.15262990506248,26.662237443477657,26.911257747922456,13216000
2019-11-25,27.164531707763672,27.212127570381316,26.879815692412933,26.908711038319392,19636000
2019-11-26,26.879817962646484,27.212129868681487,26.861119065413288,27.111839909849564,30793000
2019-11-27,27.064241409301758,27.19172620721389,26.896810520953725,27.021747017016768,20182000
2019-11-29,26.874711990356445,27.0089954924843,26.771873752715184,26.929104938319288,9229000
2019-12-02,26.40811538696289,27.020892750699293,26.394516340098157,27.00304491353387,23158000
2019-12-03,26.051158905029297,26.261933609792777,25.76304194590335,25.991666110179,18736000
2019-12-04,26.3231258392334,26.463358618470085,26.10300088604662,26.325675761918724,14439000
2019-12-05,26.448062896728516,26.556000987054347,26.267034581628167,26.397069301964233,15494000
2019-12-06,26.86111068725586,26.885758857498644,26.522000172210905,26.74127567659965,16937000
2019-12-09,26.719179153442383,26.954602020858545,26.681782989283796,26.85686363056795,24694000
2019-12-10,26.776973724365234,26.84921451069295,26.623141894651678,26.780373080996803,14563000
2019-12-11,27.173023223876953,27.311555497195624,26.787167933310553,26.787167933310553,20829000
2019-12-12,27.85974884033203,28.06032549291248,27.14838354034034,27.17387952837727,38935000
2019-12-13,26.80756950378418,27.177275878936506,26.399617529750092,27.03194325160863,70952000
2019-12-16,27.462844848632812,27.8427493204895,26.986900845314803,27.02429701294551,37921000
2019-12-17,27.519790649414062,27.617527432356408,27.345559417565003,27.51469080334598,20248000
2019-12-18,27.829147338867188,28.148709526693825,27.49853602724418,27.570776806713297,35155000
2019-12-19,27.5452823638916,27.983830152330466,27.51213499064926,27.97958298302809,31787000
2019-12-20,27.38646125793457,27.68436588955677,27.207033030908452,27.68436588955677,50540000
2019-12-23,27.43195915222168,27.672344090528142,27.26712577771218,27.518670123619074,20254000
2019-12-24,27.51523208618164,27.53068659519732,27.387314011399262,27.472307261077052,7024000
2019-12-26,27.298892974853516,27.62169216519422,27.199304875721257,27.58134144766294,15848000
2019-12-27,27.17440414428711,27.416503496725504,27.06193894178879,27.412211669234342,14487000
2019-12-30,26.910844802856445,27.243087299822843,26.84988971214839,27.17354855335947,13104000
2019-12-31,27.130619049072266,27.159808715298848,26.854180170334946,26.881652123116464,12487000
2020-01-02,27.677492141723633,27.68693711056103,27.242229398732174,27.41393035181519,20329000
2020-01-03,26.973512649536133,27.472306171367553,26.96406931938587,27.258536817378207,22870000
2020-01-06,26.93316650390625,26.95033709116742,26.582035690558808,26.686773652888206,20789000
2020-01-07,26.840444564819336,27.178698217891917,26.806963069711745,27.06451529935387,18565000
2020-01-08,26.505632400512695,26.91342488860406,26.477300764535084,26.869640377310255,31979000
2020-01-09,26.292720794677734,26.87049818116283,26.017139881089665,26.812978508968552,42397000
2020-01-10,25.688323974609375,26.23176003169173,25.652265092584837,26.223174739540845,40705000
2020-01-13,25.856599807739254,26.08152864278675,25.726963981402907,25.757013332770864,22054000
2020-01-14,26.45755386352539,26.540829413151204,25.891795603949028,25.92699481770466,28911000
2020-01-15,26.02486228942871,26.43179668555175,25.81538636841679,26.382862313934403,22733000
2020-01-16,26.360538482666016,26.43007722655058,26.11672140383012,26.184544071618163,21508000
2020-01-17,26.509920120239254,26.522797241427305,26.10470344708578,26.498759075221745,26896000
2020-01-21,26.448108673095703,26.571734939281352,26.29872816289607,26.42493018097859,21967000
2020-01-22,26.8687801361084,27.29374154110969,26.65672681520433,26.682482696937917,29264000
2020-01-23,27.4422664642334,27.455143587510992,26.684202792708664,27.05851214328123,30266000
2020-01-24,27.815717697143555,28.466467601247594,27.538417444859007,28.373747079443948,55782000
2020-01-27,26.530529022216797,27.46201303400709,26.497047518930227,27.16411001987693,38843000
2020-01-28,27.327220916748047,27.406204632104544,26.85160746087841,26.916854379549395,23166000
2020-01-29,27.258541107177734,27.93848063472643,27.226777322353225,27.542708919243164,23668000
2020-01-30,27.06022834777832,27.087700306727644,26.49275235483065,26.984678413820884,21128000
2020-01-31,26.19828414916992,27.00699984824436,26.06607258670428,26.97094259597484,22123000
2020-02-03,26.20429801940918,26.321913127789617,26.067794606141053,26.238637563561745,21288000
2020-02-04,26.751161575317383,27.006139710805673,26.583752449228655,26.76747412387265,22559000
2020-02-05,27.247377395629883,27.45599524669852,27.116883574595978,27.257678763748693,24825000
2020-02-06,27.445695877075195,27.462008425604026,26.976949997290877,27.37272334017108,22683000
2020-02-07,27.062803268432617,27.345251742748697,27.031895882771327,27.328082792356184,15883000
2020-02-10,26.974374771118164,27.008714307542913,26.639556512959675,26.817267011723153,19218000
2020-02-11,27.48604965209961,27.5401355354559,27.12976892504003,27.18471448410816,15527000
2020-02-12,27.875812530517575,27.90929239327536,27.612247444448577,27.64744665846801,15310000
2020-02-13,27.813133239746097,27.94105294380467,27.553864954769,27.59936389098215,13857000
2020-02-14,27.28086280822754,27.961660364162828,27.22334150616651,27.887829788345023,19137000
2020-02-18,26.678186416625977,27.043910378841616,26.446388432138583,27.0430523408369,26693000
2020-02-19,27.102291107177734,27.200161481495424,26.75974561580442,26.87135114881268,20525000
2020-02-20,26.548555374145508,27.10229455690257,26.280700095858997,26.95377208168498,25521000
2020-02-21,26.141616821289062,26.566578137547165,25.95188563167048,26.485020318638295,24522000
2020-02-24,25.034143447875977,25.65226986033164,24.90193352662923,25.257356172854305,36849000
2020-02-25,24.268348693847656,25.38870396640937,24.13012925299016,25.24962485008155,31892000
2020-02-26,24.54306983947754,24.742244351401627,24.381670283902995,24.411717986404803,23074000
2020-02-27,23.518877029418945,24.49414391471615,23.48367781222737,24.064030964340397,34837000
2020-02-28,23.404691696166992,23.534327504802324,22.55648496706097,22.60713705462813,44586000
2020-03-02,24.46495056152344,24.50186748710321,23.278490188951537,23.76011483535101,31976000
2020-03-03,23.54462432861328,24.766283736286677,23.314544064891525,24.437475068401657,29930000
2020-03-04,24.50615692138672,24.529337047687957,23.589267975278105,23.82707550441598,23477000
2020-03-05,23.526596069335938,24.30354783253896,23.39009434232818,23.803036587745943,24374000
2020-03-06,23.132543563842773,23.2596036149109,22.53587958538792,22.920491891012414,30169000
2020-03-09,21.267000198364254,22.344430710839877,20.96909724923546,21.555459816572988,43934000
2020-03-10,22.570219039916992,22.63718203150858,20.89612460040123,22.028499016043607,55071000
2020-03-11,21.11676025390625,22.01991237178688,20.81799928672179,21.795841646398536,36030000
2020-03-12,18.7824764251709,20.84118177204451,18.571282778989,19.487312192277216,64281000
2020-03-13,20.108013153076172,20.12947556615935,17.2697789110809,19.360251022420925,84714000
2020-03-16,16.103919982910156,18.784186299330223,15.472916642118008,17.87245065279062,76935000
2020-03-17,17.128129959106445,17.171054796009834,15.580237153687964,16.467935029182208,70662000
2020-03-18,14.411802291870115,16.09533848527595,13.364420272615256,15.93909040762921,98993000
2020-03-19,16.6937198638916,17.811499466261566,14.165409209418938,14.39205570437037,74438000
2020-03-20,16.782777786254883,18.219904543316364,16.406470789970307,17.636672663285704,74044000
2020-03-23,16.891916275024414,17.110191927172608,15.519398534674442,16.840403207794953,46921000
2020-03-24,18.57613182067871,19.09562898146019,17.574683605526285,17.95448280531865,62970000
2020-03-25,18.994348526000977,21.30370556963623,18.26705548156743,18.526366091136893,64442000
2020-03-26,21.231237411499023,21.3735532418302,19.73474046799779,19.73474046799779,60213000
2020-03-27,20.141603469848633,21.136939870176615,20.08135917915137,20.343289284928947,39448000
2020-03-30,20.96406364440918,21.073201455850715,19.94515319666086,20.273439253867473,52343000
2020-03-31,20.701257705688477,22.06417131107334,20.610456638827927,20.779837057194793,50191000
2020-04-01,19.52519989013672,20.46640399436968,19.18032386301268,19.90587178871542,41858000
2020-04-02,20.69776725769043,20.77547399279548,19.33485520510951,19.4177993428528,45049000
2020-04-03,20.45330047607422,21.177101224269933,20.129379182911936,20.66109797318641,28960000
2020-04-06,22.04060173034668,22.12529278969878,21.265287855299903,21.35434369494463,38868000
2020-04-07,22.11306953430176,23.18087365445745,22.048460460668903,22.861318778298607,45892000
2020-04-08,22.796710968017575,22.892751128132335,22.145376131029767,22.41865702359539,27565000
2020-04-09,22.203001022338867,23.35549627290731,21.9419435121958,23.206196130290756,34828000
2020-04-13,22.693683624267575,22.833379909128336,22.072034657043876,22.133151573506577,25729000
2020-04-14,23.366844177246097,23.432325869884775,22.90322659922085,23.235004838398684,23094000
2020-04-15,22.47715187072754,22.903226679750492,22.36539451647052,22.787977168377783,25926000
2020-04-16,22.551366806030273,22.8543335059116,22.186408904118014,22.8543335059116,26896000
2020-04-17,23.214048385620117,23.34937987081599,22.60811504559144,22.98180413624564,34089000
2020-04-20,22.55049514770508,23.159920775712123,22.518191441130515,22.70066958071265,23801000
2020-04-21,21.622385025024418,22.245780884713614,21.548172104510044,22.22569889906415,29138000
2020-04-22,22.698043823242188,22.894492204586367,21.89216998097276,22.244030156426913,35438000
2020-04-23,22.60724639892578,23.15468246145574,22.57144887087032,22.7224959210046,21659000
2020-04-24,23.12062644958496,23.143326300304143,22.60287634407934,22.684075230530578,23373000
2020-04-27,23.438438415527344,23.680288205847607,23.080466487058573,23.080466487058573,16588000
2020-04-28,23.1136474609375,24.133432442878235,23.060389142003253,23.943968317195225,18988000
2020-04-29,24.099374771118164,24.18406582087376,23.506539088139863,23.668062585641525,28871000
2020-04-30,23.71521377563477,23.92737773749337,23.468997532869388,23.881976361595417,23379000
2020-05-01,22.674470901489254,23.38604989197021,22.5435058620004,23.22452639877764,26836000
2020-05-04,22.89798355102539,22.91282646511829,22.292050268159397,22.63168705077107,17046000
2020-05-05,23.125864028930664,23.48121636425457,23.024584824781385,23.272546265487428,26462000
2020-05-06,23.06562614440918,23.615681769763,23.016732607099723,23.4279645588435,22727000
2020-05-07,23.37732315063477,23.61480817750559,23.22453085281349,23.57377158019865,18238000
2020-05-08,24.012943267822266,24.058344647212692,23.57639192721688,23.76585438304526,16757000
2020-05-11,24.04524803161621,24.16224280207458,23.726564095562235,23.868007299207317,20851000
2020-05-12,23.438438415527344,24.247804555958265,23.418358095123004,24.148272246294415,18764000
2020-05-13,22.97569465637207,23.602582662990933,22.64478903459749,23.57988114347189,21927000
2020-05-14,23.276912689208984,23.30747114371049,22.24228668533158,22.78448359497539,19912000
2020-05-15,22.73646354675293,23.05514577377556,22.41865394266009,22.650025582686304,21650000
2020-05-18,23.881977081298828,24.161369659764095,23.399150095511015,23.45328269901811,26531000
2020-05-19,23.74402618408203,24.10025288953276,23.714340347742613,23.881977228101142,18702000
2020-05-20,24.331619262695312,24.561245634869657,24.10461242437039,24.182319155763984,18605000
2020-05-21,23.992856979370117,24.40321623178303,23.97976097439895,24.3525757924178,14847000
2020-05-22,24.154388427734375,24.206774126554848,23.618303058360468,23.9003152072225,17452000
2020-05-26,24.62323570251465,25.06589863061664,24.5682304864041,24.883420533113483,23573000
2020-05-27,25.109556198120117,25.1278912712118,24.44687070214025,24.710547704680796,22812000
2020-05-28,24.72102165222168,25.25885373863405,24.65903212532807,24.883419424723588,18543000
2020-05-29,25.43085479736328,25.49459123381505,24.61363021591623,24.700068167841323,27300000
2020-06-01,25.319103240966797,25.41601768463265,25.09034944964581,25.3566460139753,18444000
2020-06-02,26.02369499206543,26.046396511527977,25.327833136280372,25.40990465796998,31847000
2020-06-03,27.02513885498047,27.14038834957268,26.237601752140883,26.28474836430457,31926000
2020-06-04,26.969266891479492,27.328111457003008,26.37642946389924,26.69511338703887,34997000
2020-06-05,27.6843318939209,28.647364429706577,27.5105850306583,27.913083970237498,50958000
2020-06-08,27.72275733947754,27.838006867997805,27.35954630042913,27.721010428004288,23916000
2020-06-09,27.53066635131836,27.84149161245367,27.203252929504504,27.240797361037263,22335000
2020-06-10,27.506223678588867,27.870307297906592,27.47653784421286,27.64679424773019,25914000
2020-06-11,25.64738655090332,26.93957788213379,25.61682809589733,26.85837898798463,45115000
2020-06-12,26.214902877807617,26.537951543534316,25.55833074078776,26.439290199212387,39439000
2020-06-15,26.5501766204834,26.782420893544703,25.53039178432766,25.756526031303626,29824000
2020-06-16,27.12904167175293,27.463439427338617,26.542316011433513,27.066177851294945,30387000
2020-06-17,27.366525650024418,27.652029884965874,27.222464598169672,27.364778738868143,20279000
2020-06-18,27.8266544342041,27.862451962108757,27.198893757263157,27.25127944926617,33625000
2020-06-19,26.707273483276367,28.05952846224773,26.707273483276367,28.02248051891711,58465000
2020-06-22,27.657291412353516,27.713744938420884,26.774312097742214,26.948084106633615,27195000
2020-06-23,27.459699630737305,28.001307880876897,27.458818017621113,27.79136955141391,22419000
2020-06-24,27.077747344970703,27.430586007738366,26.86075110469004,27.274454710186088,19096000
2020-06-25,27.24358558654785,27.299157495129972,26.72755759655953,26.99748093926482,15029000
2020-06-26,27.116559982299805,27.854875534278584,26.740787585142247,27.65993306680008,31425000
2020-06-29,27.32562255859375,27.381194470284974,26.855463659578753,27.17478258975437,14516000
2020-06-30,27.83988380432129,27.968669976511553,27.05834391058653,27.34061656319904,25125000
2020-07-01,27.58584213256836,27.94926528295392,27.51615599669334,27.795780470878917,15661000
2020-07-02,27.827533721923828,28.17243286001409,27.756082685823525,28.028650857233277,16638000
2020-07-06,28.120389938354492,28.31445081021246,27.992485378906704,28.22712400674007,17561000
2020-07-07,27.6202449798584,28.0648219899556,27.569964425566088,27.992489328415193,16150000
2020-07-08,28.189191818237305,28.21300714629548,27.708448590165297,27.88663199767708,18023000
2020-07-09,28.35944175720215,28.609072870203775,27.808129024749356,28.228007372360757,25225000
2020-07-10,28.17772674560547,28.490870998657655,27.824888032133448,28.395606312611292,13280000
2020-07-13,27.460582733154297,28.53850618221829,27.39618964430179,28.375316903610383,21549000
2020-07-14,27.793128967285156,27.89368837018149,26.92073421165584,27.25593222131028,18363000
2020-07-15,27.67845916748047,28.030416263607204,27.360021874911883,27.86987351525995,15253000
2020-07-16,27.463228225708008,27.687280767396064,27.283279892415376,27.39883513926877,12929000
2020-07-17,27.584074020385746,27.80459842079782,27.345025651097497,27.71109696336602,13354000
2020-07-20,27.973960876464844,28.01982999248094,27.367959577217732,27.508213446906833,14323000
2020-07-21,27.727859497070312,28.159205560964512,27.580549340658777,28.159205560964512,14312000
2020-07-22,27.68022346496582,27.846059263048183,27.37766529063617,27.78695753615138,14404000
2020-07-23,27.315916061401367,27.88222290629021,27.202125724584004,27.64229291986085,19417000
2020-07-24,26.973663330078125,27.425296540810898,26.83164455103976,27.044231071832236,15631000
2020-07-27,27.58142852783203,27.60612715392176,27.12362064962042,27.19507000617033,20646000
2020-07-28,27.11127281188965,27.531151160731326,27.006301962828378,27.449115712840143,13974000
2020-07-29,27.24358558654785,27.45352390785809,27.11920916081569,27.21535882571581,16562000
2020-07-30,27.5302677154541,27.603481984225485,26.99218927609569,26.99218927609569,21259000
2020-07-31,27.940441131591797,28.08598804486706,27.46851904470698,27.759611188789837,24719000
2020-08-03,28.335622787475582,28.534975018867517,27.987193824138537,28.050703614417575,20796000
2020-08-04,28.967206954956055,28.98484931272733,28.261529468783465,28.27123057834947,25258000
2020-08-05,29.068647384643555,29.24859742162669,28.738745713379412,28.95485871545956,22299000
2020-08-06,29.035131454467773,29.18685305645408,28.70434478007575,28.91251991433211,14193000
2020-08-07,28.75020980834961,29.0854078857574,28.357676590240604,28.967207786725098,14192000
2020-08-10,28.87635040283203,29.04482936784829,28.5852565462416,28.599372451457267,11989000
2020-08-11,28.582609176635746,29.402078622327306,28.470583747591657,28.894871816004414,19316000
2020-08-12,29.430307388305664,29.627899784173103,28.699931245443544,28.743153845959835,18471000
2020-08-13,29.058055877685547,29.4100112318248,28.9195652566204,29.304160478202174,15095000
2020-08-14,28.91692352294922,29.095988546914565,28.756379102045138,28.93456251300139,10140000
2020-08-17,29.137451171875,29.267118962353088,29.021014307883483,29.066000130924913,10594000
2020-08-18,28.989253997802734,29.389728406143263,28.945149790985727,29.273291550380016,8857000
2020-08-19,29.039535522460938,29.381786447227476,28.9539719500355,29.062467555891775,11273000
2020-08-20,29.006010055541992,29.10833435618127,28.76166868401971,28.905452345643464,8910000
2020-08-21,29.11098861694336,29.14980315178151,28.668176521012622,28.959270390087493,11508000
2020-08-24,29.46205711364746,29.655234657740607,29.209774489131455,29.28651855797314,11996000
2020-08-25,29.65082740783691,29.734627756845843,29.373849487503957,29.55026968097445,11140000
2020-08-26,29.962215423583984,30.12452311625827,29.4188455425216,29.527341177120896,14844000
2020-08-27,29.915456771850582,30.105989487404763,29.65082482225338,30.034538457221313,12552000
2020-08-28,30.416492462158203,30.416492462158203,29.78844065695934,29.90311430369901,14589000
2020-08-31,30.62201499938965,30.924573124339872,30.301814520559496,30.301814520559496,22229000
2020-09-01,31.714937210083008,31.938109823770823,30.645836649558543,30.873417328682645,29205000
2020-09-02,33.07954406738281,33.427973049026704,32.07042344976829,32.27242389591414,37053000
2020-09-03,31.05776596069336,32.54057142351487,30.887520468468008,32.285647356520755,41795000
2020-09-04,32.01573944091797,32.860789331921936,31.182157252529105,31.84108579170014,58514000
2020-09-08,30.921049118041992,31.998090848309214,30.87341509529234,31.10805202707626,26685000
2020-09-09,31.758155822753903,31.918700237756223,30.970444722891145,31.4167865293505,26273000
2020-09-10,31.49794578552246,32.446201514682066,31.26066060870463,31.943406079673863,22851000
2020-09-11,31.72905158996582,32.13216747228038,31.28623620114831,31.799617647846254,17362000
2020-09-14,31.949583053588867,32.27507668070198,31.698185317855256,32.144527257548,16447000
2020-09-15,32.36505126953125,32.73641233466961,32.22744221243883,32.31124257820065,16618000
2020-09-16,32.37651443481445,32.814036855450354,32.31564947492657,32.47707554307681,18498000
2020-09-17,32.27771759033203,32.64820036705612,31.3144677547464,31.3144677547464,22862000
2020-09-18,31.731698989868164,32.447080924445245,31.318878600874232,32.38357113073405,35295000
2020-09-21,31.314226150512695,31.329357004604805,30.574518898014205,31.155780029856057,24198000
2020-09-22,32.18655014038086,32.2052429858347,31.417467734317977,31.721897955265913,19500000
2020-09-23,31.296415328979492,32.15272774317677,31.159334442313735,32.06104619896137,15542000
2020-09-24,31.379209518432617,31.82873110067701,31.07389287605781,31.17269845532514,13611000
2020-09-25,31.760177612304688,31.842069604142857,31.00177769933544,31.3373627083073,18183000
2020-09-28,32.694828033447266,32.795412887510615,31.958682862055905,32.194569319488636,22192000
2020-09-29,32.42422103881836,33.006375083805956,32.40018689143164,32.71173776129309,13722000
2020-09-30,32.4295654296875,33.02417803472449,32.197240975486615,32.30761538002044,22403000
2020-10-01,32.810550689697266,32.99836886708633,32.474075946139635,32.844374396396944,16016000
2020-10-02,31.762849807739254,32.48297444773355,31.702323004919982,32.045025253140764,17100000
2020-10-05,32.5880126953125,32.654773847295054,32.03612707044234,32.11979837637805,18923000
2020-10-06,32.39930725097656,33.11320110626659,32.22484061149406,32.588908141377196,16672000
2020-10-07,32.644981384277344,32.92270519998969,32.58445118169645,32.788293243355454,12747000
2020-10-08,33.2315788269043,33.317032818358946,32.78472976628815,32.92536925679394,17045000
2020-10-09,33.53155517578125,33.82530285680029,33.29122048572755,33.46301472933272,17253000
2020-10-12,34.04160690307617,34.27927264214722,33.80661011575547,33.984638705219346,18839000
2020-10-13,33.95793533325195,34.51961390384777,33.70157672150878,34.2178593388827,16731000
2020-10-14,33.85201644897461,34.15822612425645,33.63393314268065,34.140422920287605,17298000
2020-10-15,33.81907653808594,33.86892414232885,33.38201695464463,33.38468930236528,14361000
2020-10-16,33.705142974853516,34.11727539538072,33.66063327106458,34.11727539538072,10295000
2020-10-19,33.44878387451172,34.14665384981507,33.39359496092816,33.935691146122274,14803000
2020-10-20,33.557373046875,33.9267783902839,33.430081702084905,33.55915234809062,13297000
2020-10-21,33.11764907836914,33.545805376463306,32.96276156553105,33.44877911716056,11896000
2020-10-22,33.23515319824219,33.3188245241335,32.67792274522726,33.03131109099893,13547000
2020-10-23,33.17728042602539,33.285878917011814,33.0028138364787,33.22534872189193,8868000
2020-10-26,32.31562805175781,32.93160244035687,31.832282912092296,32.899558040290664,15509000
2020-10-27,32.009422302246094,32.50612244752556,31.975598596898507,32.50612244752556,9620000
2020-10-28,30.906538009643555,31.58749426828641,30.75699520705738,31.510943565709145,22331000
2020-10-29,31.600849151611328,31.99518174688169,30.742753851921435,30.910992918185663,15697000
2020-10-30,31.1219482421875,31.421033808253387,30.658185647312607,31.1005830471184,18530000
2020-11-02,31.266157150268555,31.634676292197263,31.008015820771053,31.603521538334707,11757000
2020-11-03,31.489574432373047,31.977371176712037,30.85757620293542,31.684516558247548,15457000
2020-11-04,32.4571647644043,32.84437335796236,31.79044964486986,32.08775597657999,21277000
2020-11-05,33.902748107910156,34.06119080862627,33.11408301997108,33.14523776974221,21783000
2020-11-06,33.8804931640625,34.15198600941948,33.57339392032129,33.829755913952134,13545000
2020-11-09,33.42830276489258,35.061708089846526,33.38112411726079,34.63533114676456,24088000
2020-11-10,32.323638916015625,33.22000946232642,32.07706986753142,32.96365086132094,26784000
2020-11-11,33.46212387084961,33.57072235879555,32.806091481657106,33.01171281358025,15133000
2020-11-12,32.95296859741211,33.700686001727945,32.78206059792971,33.578735952188666,12160000
2020-11-13,33.2467155456543,33.5876419210968,33.07581092819253,33.380237855320935,10997000
2020-11-16,33.89741134643555,33.94725895274246,33.29122642287217,33.36332548450124,12100000
2020-11-17,33.878719329833984,34.04250335585042,33.56093743617445,33.70603200497824,11950000
2020-11-18,33.8804931640625,34.265032758895735,33.791480563714956,33.815511317230616,13517000
2020-11-19,34.21073913574219,34.25613848961137,33.32238210059634,33.62235739749318,14555000
2020-11-20,34.121726989746094,34.61308247166271,34.0656484303254,34.20896030440051,16140000
2020-11-23,34.44840621948242,34.63978638608673,34.09234899001887,34.30331165907714,12212000
2020-11-24,34.91394805908203,34.96557496492712,34.37541396369172,34.59260758238218,13455000
2020-11-25,34.789329528808594,35.205023920272126,34.62643516144279,34.968247795940904,11787000
2020-11-27,35.156070709228516,35.53171049537833,34.98249371859885,34.995845272399,6846000
2020-11-30,35.7462272644043,35.79785416647635,34.95934145944705,35.07328125812028,15454000
2020-12-01,36.01239013671875,36.20020834935836,35.616278157812516,35.913584554722306,18181000
2020-12-02,35.93761444091797,36.08715727252043,35.70439689413956,36.02751671179687,10031000
2020-12-03,35.5877799987793,36.196637182851525,35.43645790008268,36.00614668795022,16120000
2020-12-04,36.6452751159668,36.70936732843694,35.81833447028316,35.81922751674036,20083000
2020-12-07,37.465091705322266,37.638668680951646,36.793035258677435,37.06630744938719,19707000
2020-12-08,37.689395904541016,37.98225052086776,37.22207470827493,37.321769896811695,18121000
2020-12-09,37.04939270019531,37.92884972042811,36.822406146509564,37.3386853599678,20908000
2020-12-10,36.49928283691406,36.96304545193501,36.3185819039535,36.62390182818835,26244000
2020-12-11,36.12364959716797,36.22868610788556,35.45248283032007,35.96164487967093,26664000
2020-12-14,36.65595245361328,36.87848737458198,36.139669807071456,36.18684845990256,26116000
2020-12-15,37.21318435668945,37.33157243425904,36.76188350409973,36.965725600315984,21207000
2020-12-16,37.8220329284668,38.02231297932346,37.11525983454904,37.207834434028626,23160000
2020-12-17,37.92885971069336,38.276903361234744,37.79088911996186,37.9644661197899,17152000
2020-12-18,39.01150131225586,39.10935085986584,37.88395932859191,38.1353209915105,45243000
2020-12-21,38.50160217285156,38.78169241524915,38.03657956461071,38.436066624443306,19096000
2020-12-22,38.88045120239258,38.920847163057545,38.42260976757209,38.50161065063247,17929000
2020-12-23,38.19457244873047,39.14077103238198,38.160457123339,39.05099998843379,10533000
2020-12-24,38.733211517333984,38.78168939532038,38.38399682887788,38.466586612955155,4123000
2020-12-28,38.77091217041016,39.254786825084594,38.705380057739944,38.99175086970802,10625000
2020-12-29,38.51596450805664,39.125520102448974,38.313977901231496,39.125520102448974,9593000
2020-12-30,39.035743713378906,39.32032007143653,38.61111711718214,38.752061161858705,10553000
2020-12-31,39.30686569213867,39.36521654971837,38.87595835846909,39.1686167267949,10211000
2021-01-04,38.17302322387695,39.70094932546693,37.81573010410129,39.43971128621792,24171000
2021-01-05,38.43157958984375,38.547384055241274,37.91987699850745,38.15777339672826,15069000
2021-01-06,38.19457244873047,39.01329573903005,37.75289165246825,38.00066439114756,17226000
2021-01-07,39.804195404052734,39.91192135315861,38.6560067125654,38.78707436841718,21267000
2021-01-08,40.00618362426758,40.396694914512175,39.378676606107575,40.128275549585695,15271000
2021-01-11,40.01695251464844,40.28806354091951,39.53756745505851,39.55462511824969,11660000
2021-01-12,40.34283447265625,40.82491475764143,40.00259891108259,40.19740424887265,13846000
2021-01-13,40.5062141418457,40.71089584470207,40.227921818050426,40.424521591834186,13118000
2021-01-14,40.58341979980469,41.16065445060936,40.51698702894267,40.71269299261206,19692000
2021-01-15,40.025028228759766,40.397584552636154,39.55911194071831,40.234199478528765,18165000
2021-01-19,41.22977828979492,41.249531071717904,40.24318025566134,40.24318025566134,18819000
2021-01-20,41.46409225463867,41.81510143631772,40.84645814507825,41.25222925210442,14710000
2021-01-21,41.907569885253906,42.14546630421629,41.33123235249503,41.484741088552035,15749000
2021-01-22,41.74596405029297,41.973090186958885,41.5089649487128,41.62926238593368,16248000
2021-01-25,41.72532653808594,42.19304080180621,40.9434101488516,42.15354208446911,14692000
2021-01-26,41.64273834228515,41.92641749720312,41.46409002722539,41.53321449747443,10742000
2021-01-27,39.92179870605469,41.02240677946548,39.63542444960795,40.89493146948302,21857000
2021-01-28,40.55379486083984,41.15886081032931,40.13096613863104,40.89403380177782,16946000
2021-01-29,40.44247817993164,41.124750551335296,40.18483243449895,40.3886169147736,22069000
2021-02-01,41.90038299560547,42.131995340103,40.719876796222835,40.922760621240386,17027000
2021-02-02,42.810672760009766,42.8187512644002,42.01349320679954,42.17149491750995,16141000
2021-02-03,41.76123809814453,42.95790476824489,41.70737340668565,42.81516624674335,17857000
2021-02-04,42.24959564208984,42.297176287022054,41.06908949984235,41.29531502195418,15243000
2021-02-05,41.83485412597656,42.81427103871799,41.776499851335345,42.581758020464456,12488000
2021-02-08,42.4354248046875,42.500059689077936,41.79624353591448,42.08082332254399,17610000
2021-02-09,42.60868453979492,42.65895687548411,42.06915073764944,42.372582638449195,12758000
2021-02-10,42.19752502441406,42.865431332524615,41.78816165753673,42.84029516567492,14587000
2021-02-11,42.946231842041016,43.032413974399006,42.120323735580946,42.524300340667594,17123000
2021-02-12,43.65812683105469,43.72096725622101,42.63202658947374,42.94533490871307,13551000
2021-02-16,43.91038513183594,44.417601530663205,43.72096662792043,44.06748961704037,15163000
2021-02-17,43.31339645385742,43.64016662496432,42.6472846035936,43.47049749765882,14084000
2021-02-18,43.3834228515625,43.57643370476035,42.65357327355491,43.11141114010413,16715000
2021-02-19,43.98490905761719,44.44993175542815,43.69853471703686,43.74162579528619,17992000
2021-02-22,42.76399612426758,43.68416147585317,42.67063271499886,43.44985743379043,16967000
2021-02-23,42.36360549926758,42.60778934088527,40.94161063701632,42.2953782655002,21303000
2021-02-24,43.16976547241211,43.217342694026854,41.5341097012911,41.98476971948985,15125000
2021-02-25,41.04036712646485,43.03511079511886,40.86531114749503,42.6194632866971,23148000
2021-02-26,42.18136978149414,42.710130005955556,41.361749140431975,41.97130126152424,22640000
2021-03-01,43.95078659057617,43.98849084692388,42.539565246495705,43.063835910690344,24677000
2021-03-02,43.13655090332031,44.06569545436184,43.054858344874,44.02170715365998,18546000
2021-03-03,41.570011138916016,43.215539546272936,41.47215817287615,42.91121045223413,23991000
2021-03-04,39.82215881347656,41.9237313364513,39.62825069381075,41.445243368592536,34575000
2021-03-05,40.41015625,40.93622130531709,38.87145637284007,40.779120258468645,42414000
2021-03-08,37.81664276123047,40.21446607414791,37.63799441619555,40.11302071740956,45243000
2021-03-09,39.82305145263672,40.11929869798962,38.656010519509,39.11295118552081,37884000
2021-03-10,39.28351974487305,40.75937951517604,39.05998588331408,40.15970029273966,19914000
2021-03-11,40.728851318359375,41.0663951455937,39.68749131803264,40.309614939954514,26170000
2021-03-12,40.50262451171875,40.71089513538198,39.90563707825909,39.98104558464816,18906000
2021-03-15,42.26216125488281,42.30345785511884,40.68396265448692,40.86261094576422,31241000
2021-03-16,42.92738723754883,43.44986351005392,41.96053833384629,42.30705796172351,31190000
2021-03-17,43.41305160522461,43.74341418369961,42.19394043960171,42.21997384226544,23754000
2021-03-18,41.66787338256836,43.391502360707904,41.6319635893872,42.60240468914804,28728000
2021-03-19,42.926368713378906,43.12722145683531,41.08431547086622,41.35121603464576,108602000
2021-03-22,43.00055694580078,43.543400503705655,42.67394518595712,42.786133636888906,31805000
2021-03-23,41.98543548583984,43.00869866576648,41.85786797430824,42.8648443979198,24712000
2021-03-24,41.37112045288086,42.5219511947377,41.33492996036148,42.47309437496807,20882000
2021-03-25,41.77192306518555,41.981825184939325,40.65094952301798,41.16212734634087,17537000
2021-03-26,43.61216354370117,43.69901934623628,41.31412246291807,41.31412246291807,28925000
2021-03-29,42.75989532470703,43.53254467768376,42.36633151488801,43.4637841278164,28410000
2021-03-30,41.27069854736328,41.98001640148178,40.85994366056311,41.969158562287454,27935000
2021-03-31,41.949249267578125,42.25776578850767,40.930510741900406,41.52764004875037,28684000
2021-04-01,43.06117248535156,43.118170950944474,42.450469216218366,42.7101323441232,23528000
2021-04-05,44.19480514526367,44.29975616361185,43.139876398237945,43.45472600196813,22966000
2021-04-06,43.7777214050293,44.171281690304845,43.22311243524578,43.70986511233249,18063000
2021-04-07,43.6501579284668,43.78134586307841,43.24664398347584,43.42849722234408,12074000
2021-04-08,43.92338943481445,44.149574803578865,43.43844863922549,44.149574803578865,18121000
2021-04-09,43.88811111450195,43.90801485072528,43.11455742784639,43.427598642156795,16614000
2021-04-12,43.7596321105957,43.91796118086262,43.30092820341391,43.60220728482819,23247000
2021-04-13,43.8763427734375,44.17128869875492,43.45382934450335,43.87996320283239,15281000
2021-04-14,43.183311462402344,44.25904836245006,42.992412330846726,43.65106472391163,18220000
2021-04-15,43.4276008605957,43.63659527858999,43.13627530824002,43.5759798221746,18370000
2021-04-16,43.318119049072266,43.58863655997225,43.13626581720701,43.47101920048512,16263000
2021-04-19,41.79905700683594,43.13807398117443,41.62263269459195,43.1136455747019,26319000
2021-04-20,41.37020492553711,41.80176417896394,41.12411240457338,41.61900672829368,19128000
2021-04-21,41.5991096496582,41.648870708428866,40.94859890758498,41.185642120130865,25947000
2021-04-22,41.17570495605469,41.72126138281172,40.6229076682765,41.17479725994002,27057000
2021-04-23,42.17271423339844,42.32833057074801,41.39192326445715,41.48149178864034,22890000
2021-04-26,42.69023895263672,42.869376044662616,41.94111016397357,42.25324715924988,18271000
2021-04-27,42.19261932373047,42.90827019834537,42.07590965544994,42.85760489404095,13267000
2021-04-28,41.54573059082031,42.158242391245686,41.26073824318167,42.10395665541755,15940000
2021-04-29,42.18720245361328,42.49481477156869,41.53035840155032,42.49481477156869,14650000
2021-04-30,41.2743034362793,41.68415395831377,41.06078440168464,41.59186925482516,19367000
2021-05-03,40.726036071777344,41.60363647959687,40.55775339801271,41.595491375921966,15098000
2021-05-04,40.21937942504883,40.50527946569913,39.56525167323864,40.46185156773561,23497000
2021-05-05,40.15513610839844,40.843645733715846,40.023043949866896,40.7504567918375,16388000
2021-05-06,40.58488845825195,40.631029079206066,39.79414403239508,40.15242151916488,13495000
2021-05-07,40.946807861328125,41.47155981324124,40.64100397101176,41.128661174173445,11712000
2021-05-10,39.455772399902344,40.58036597043149,39.42591507823515,40.56679540185035,25239000
2021-05-11,39.81496047973633,39.96786063865156,38.27509069952213,38.451515021752016,17887000
2021-05-12,38.21446990966797,38.98169030250099,37.9213359325522,38.83964798773687,29940000
2021-05-13,38.95817184448242,39.339970122670586,38.50941805395651,38.89393251710395,21841000
2021-05-14,39.9551887512207,40.27185031340788,39.089354016259115,39.482010073741165,16964000
2021-05-17,39.80319595336914,40.00224018214786,39.16083033489307,40.00224018214786,15725000
2021-05-18,39.24224853515625,40.21032142271689,39.20062913883728,40.16327310937248,17824000
2021-05-19,39.96424102783203,40.03481006181222,38.51484411556366,38.54198525525263,21369000
2021-05-20,41.16573715209961,41.55477626282903,40.29085300085909,40.32885197718253,21886000
2021-05-21,40.82555389404297,41.43625368563028,40.65365080882886,41.43625368563028,13216000
2021-05-24,41.544830322265625,41.83887204634086,41.28879103282766,41.339456343923416,14420000
2021-05-25,41.57648468017578,41.88590883199968,41.30144597489773,41.79000370416509,9600000
2021-05-26,41.66244125366211,41.80810400051677,41.213690931797814,41.687773905289006,9873000
2021-05-27,42.312957763671875,42.381718320506536,41.58644896806833,41.61811478691881,19098000
2021-05-28,42.73366165161133,42.94084756138892,42.31295666844998,42.522855312066504,19946000
2021-06-01,42.36996078491211,43.24665366449985,42.269534398448826,43.015039314057745,16277000
2021-06-02,42.860321044921875,43.21950284874194,42.474898893123566,42.688417947184085,13286000
2021-06-03,42.05238723754883,42.501141038657096,41.91305764492946,42.41428524158355,20389000
2021-06-04,42.975223541259766,43.28283580571296,42.47942486911013,42.56808915429007,23865000
2021-06-07,41.96009826660156,42.92817481152526,41.841580116357605,42.79427069990135,24142000
2021-06-08,41.93748474121094,42.73908372163009,41.93567625212875,42.34642760926292,16615000
2021-06-09,41.97367477416992,42.26862070316505,41.77372629068189,42.26862070316505,12126000
2021-06-10,42.40251922607422,42.481229912091344,41.637107330925495,42.11571496368611,15413000
2021-06-11,42.586181640625,42.7155610817781,42.26499882596529,42.38171194148465,14508000
2021-06-14,43.05030822753906,43.0566413894381,42.16637484346687,42.56717598315921,14675000
2021-06-15,42.58980941772461,43.117273962840635,42.39166939590225,43.116366266868866,11131000
2021-06-16,42.13834381103515,42.624188953954906,41.75201735233368,42.54728674061169,20437000
2021-06-17,42.62870788574219,42.9969355960313,41.97458013547886,42.0596239907748,20881000
2021-06-18,41.93476867675781,42.50113983077842,41.66425115164682,42.27585869205737,28537000
2021-06-21,42.36423873901367,42.434448856410135,41.80164647703995,42.05057325690016,18591000
2021-06-22,42.34965133666992,42.726236360158985,42.06425076989641,42.54387092505925,13722000
2021-06-23,42.5511589050293,42.66239940449434,42.22107921905217,42.29584941937425,17674000
2021-06-24,42.86118698120117,43.18853275963733,42.72806079930672,42.845684057659675,12502000
2021-06-25,42.14448928833008,43.079106422007435,41.943886976680005,42.9788052661824,19100000
2021-06-28,43.11102294921875,43.42925200490051,42.44630339574291,42.490982561765406,13987000
2021-06-29,43.50767135620117,43.522259479118915,42.92319337662058,43.07181900946571,14184000
2021-06-30,43.47938919067383,43.638961082689136,43.08639349254283,43.59701589466462,15381000
2021-07-01,42.82288360595703,43.57057866948585,42.75814491038674,43.57057866948585,11153000
2021-07-02,42.688838958740234,43.63804748800517,41.552704955798184,43.47300419063811,37054000
2021-07-06,43.15478515625,43.47118804665645,42.70069949451689,42.89218160960501,13870000
2021-07-07,42.81377029418945,43.34445237516512,42.52472442449858,43.31162736075733,12581000
2021-07-08,42.90130615234375,42.95419418307589,42.08613481276517,42.34691924000039,16011000
2021-07-09,43.7839469909668,43.84777436462307,42.676081179174425,42.81650140121822,16782000
2021-07-12,44.29183197021485,45.04590977969664,43.1529637953895,43.887893392792506,33142000
2021-07-13,44.13317108154297,44.45413056748833,43.94989435923824,44.25353175835515,11806000
2021-07-14,43.91250991821289,44.86171855064967,43.83591707530706,44.606405595966166,14020000
2021-07-15,43.52499771118164,44.17330308813539,43.1402072660495,44.06661917633744,12624000
2021-07-16,42.67972946166992,43.793066766147625,42.605874054594224,43.681822776645674,13980000
2021-07-19,42.46089553833008,42.48824913631304,41.72413973345164,42.26120453372663,14938000
2021-07-20,42.727142333984375,43.06086731662345,42.24205082431386,42.66331496143969,20727000
2021-07-21,43.67817687988281,43.701885185239945,42.71893661900134,42.82197522369534,13660000
2021-07-22,43.432899475097656,43.67544353138781,43.2669482786886,43.45751910553537,12583000
2021-07-23,44.05475234985352,44.09396357191232,43.47847990998903,43.77026315966744,13489000
2021-07-26,43.971778869628906,44.09761096728748,43.73835156307846,43.96448480978841,11160000
2021-07-27,43.344451904296875,43.93257862367999,42.65511269589589,43.83683755005922,14715000
2021-07-28,43.55325698852539,43.68364919233739,43.24961953982144,43.466632626913785,8359000
2021-07-29,44.142295837402344,44.29913031841862,43.53410960560089,43.628028029649336,9162000
2021-07-30,44.25992202758789,44.345631588668375,43.72832865800344,43.94625306938344,11548000
2021-08-02,44.19427108764648,45.09880075457898,44.08759066108967,44.59273830724443,15619000
2021-08-03,44.38666534423828,44.47511235180023,43.76388752180126,44.26812729284991,11135000
2021-08-04,44.478759765625,44.67753945059309,44.13318058068503,44.54532459433702,12123000
2021-08-05,44.46689987182617,44.718564075476614,44.213413022737974,44.718564075476614,8372000
2021-08-06,44.26265335083008,44.5079348230724,44.134998600467846,44.229828340498514,9964000
2021-08-09,44.19427108764648,44.39031332831061,43.85871992789725,44.359310959810415,5952000
2021-08-10,43.97361373901367,44.35566672141736,43.56967509440487,44.3055161369175,9319000
2021-08-11,44.09123992919922,44.31190181999596,43.74839467740975,44.206129228416046,9816000
2021-08-12,44.155967712402344,44.22344385421028,43.469366055820274,43.97542842355245,8702000
2021-08-13,44.3292236328125,44.58544448783794,43.9599326556846,44.00552662499948,8582000
2021-08-16,44.50975799560547,44.579968109136075,44.16873545655334,44.2079466831984,9188000
2021-08-17,43.648094177246094,44.33469949271328,43.26786380943039,44.277251363884005,16499000
2021-08-18,42.76179122924805,43.50128092785278,42.70525791502068,43.462073180484865,15616000
2021-08-19,43.17758560180664,43.38730462254203,42.18643165893483,42.52289411054206,14044000
2021-08-20,43.32712936401367,43.42378524556684,42.89583710198317,43.1128536956921,10007000
2021-08-23,43.99093246459961,44.331955021775535,43.37545217630879,43.43289681770493,15707000
2021-08-24,43.89793014526367,44.04473312207771,43.78212605790271,43.98637715614928,9429000
2021-08-25,44.078468322753906,44.33924925622447,43.910694490240616,43.910694490240616,10017000
2021-08-26,44.29092025756836,44.507022003173766,43.82224298795782,44.041078701694275,10836000
2021-08-27,45.220985412597656,45.26657590114587,44.37298910794195,44.4979064204644,16459000
2021-08-30,45.48997497558594,46.306968971522096,45.431619006947265,45.59118746741691,19614000
2021-08-31,45.33678436279297,45.70880927502083,44.92555170141235,45.70880927502083,17378000
2021-09-01,44.96750259399414,45.521889523987426,44.94288296272549,45.25107705836382,12586000
2021-09-02,44.85260009765625,45.224624976357546,44.69394299146952,45.20729941027077,16991000
2021-09-03,45.379642486572266,46.13827698053499,45.138921089850605,45.21824791373342,25191000
2021-09-07,45.280250549316406,45.37234284484353,44.770539380928064,45.37234284484353,12398000
2021-09-08,45.078731536865234,45.58114510658843,44.50701918390463,45.55652895997541,13987000
2021-09-09,44.99758529663086,45.47264534412562,44.93922933320496,44.93922933320496,13174000
2021-09-10,45.4224967956543,46.13736694500525,45.272959850083055,45.322199109497966,16110000
2021-09-13,45.49635696411133,45.81640868097654,44.9766177138159,45.773552158490624,14927000
2021-09-14,45.76169967651367,46.08539669662272,45.44164794795613,45.773553830719315,14134000
2021-09-15,46.47929763793945,46.566833320136446,45.53829775014973,45.784490551954576,23346000
2021-09-16,46.26137161254883,46.42550014133434,45.61032891214377,46.065329396406746,17569000
2021-09-17,46.13827133178711,46.28598908782517,45.682359545985534,45.95317195372443,34470000
2021-09-20,45.118858337402344,45.86473083812471,44.53711785721584,45.50000344970568,30105000
2021-09-21,45.09773635864258,45.35124497436409,44.73125397168173,45.3273629154748,16935000
2021-09-22,45.979488372802734,46.20084934754129,45.21070072996932,45.39715662801311,20610000
2021-09-23,46.32027053833008,46.59490371128411,45.97950270085904,46.15585713447334,18370000
2021-09-24,46.3772087097168,46.43048082807596,46.00153936519471,46.133805163401746,10605000
2021-09-27,46.37078094482422,46.45987614850381,45.68465537557201,45.90509838090084,9831000
2021-09-28,45.100494384765625,46.05849571812318,45.05640577701173,45.649760722579785,20124000
2021-09-29,44.95903778076172,45.39899877792136,44.79094889589846,45.34021514501637,15783000
2021-09-30,44.54112243652344,45.421969570713905,44.49979133819685,45.421969570713905,15735000
2021-10-01,44.76340103149414,44.883725822401814,43.858671847432774,44.80932564156452,16052000
2021-10-04,43.716304779052734,44.69083713408199,43.42513707318819,44.54112227362607,20093000
2021-10-05,44.58612823486328,44.98751570052348,43.659356506994015,43.715386142576065,16557000
2021-10-06,44.89474105834961,44.947098682728814,44.06074012811579,44.3757863568554,12042000
2021-10-07,45.36685562133789,45.91612542774909,45.24837034245448,45.24837034245448,13261000
2021-10-08,45.268577575683594,45.74160770440245,45.1243707299036,45.633223945612635,10279000
2021-10-11,45.221736907958984,45.8876525248728,45.084877573261195,45.12070066179039,11186000
2021-10-12,44.573272705078125,45.62220530856923,44.27383946117181,45.543215113848674,20991000
2021-10-13,44.548465728759766,44.58244930663794,44.04696356341253,44.19576040862878,16424000
2021-10-14,45.70486831665039,45.84723916444392,45.08212330912232,45.17764804082796,19233000
2021-10-15,46.223819732666016,46.46354777619664,46.02450477985701,46.32944597099563,25103000
2021-10-18,46.23393630981445,46.29088395827992,45.80224068903768,45.96114260287251,16042000
2021-10-19,46.879634857177734,46.923723458947826,46.08787953226429,46.32209957220113,16383000
2021-10-20,46.787784576416016,47.15886044877181,46.700528873724224,46.93566342362747,13458000
2021-10-21,47.22499465942383,47.28377829634279,46.71522346461306,46.79054164183248,11787000
2021-10-22,47.34072494506836,47.88907321868144,47.121199933012896,47.27918380080165,15367000
2021-10-25,47.95245361328125,48.17565064678146,47.31960360151208,47.53177760762824,12416000
2021-10-26,49.03628921508789,49.13916145630484,48.1297240855406,48.242697848263965,24043000
2021-10-27,48.047969818115234,49.238351449730665,47.93315656406425,48.847987086721794,23500000
2021-10-28,48.641334533691406,48.67623611622421,48.07736966874486,48.14258632928929,11872000
2021-10-29,48.83421325683594,48.87830185761691,48.08379254583992,48.08379254583992,15564000
2021-11-01,48.5017204284668,48.91780292638595,48.21514624027209,48.712058433473786,16896000
2021-11-02,49.3302116394043,49.674651453813986,48.37588238147848,48.44660704836752,16262000
2021-11-03,49.817020416259766,49.94745023101975,49.027104522136185,49.51207568454208,14038000
2021-11-04,50.391082763671875,50.43241736143436,49.68383262440296,49.94836423937898,15956000
2021-11-05,51.3371467590332,51.406035424527225,50.50038825882347,50.51784080156421,18674000
2021-11-08,51.33989334106445,51.79363482899187,51.261821171904856,51.61728044347257,17231000
2021-11-09,51.23427200317383,51.61085938508981,50.989950432066905,51.361944302155536,15838000
2021-11-10,50.40486145019531,51.51901056969408,50.33873029619108,50.912796645245514,18450000
2021-11-11,51.01383590698242,51.17181978849314,50.40853994826474,50.76492080737047,14157000
2021-11-12,51.73210906982422,51.972758666628934,50.93943910847874,51.29030847708226,13592000
2021-11-15,51.96632385253906,52.142678272495715,51.420733059510546,52.142678272495715,13972000
2021-11-16,52.24187469482422,52.31168136032287,51.6880148827794,51.81201517851787,13194000
2021-11-17,52.32177734375,52.47976119139973,51.81292422599455,52.1840000398115,12532000
2021-11-18,52.796653747558594,52.973008170604096,52.32178761375682,52.455889434332605,12712000
2021-11-19,52.23728561401367,53.01709647328071,51.98101949954597,52.93167326718379,19612000
2021-11-22,50.81910705566406,52.54222407499662,50.74562838622837,52.509158498559415,25898000
2021-11-23,50.98811721801758,51.05608437843037,50.3828212667447,50.74012012311825,17109000
2021-11-24,51.31969451904297,51.35184209375856,50.27810609061212,50.814516843302464,12084000
2021-11-26,50.204627990722656,51.18834729199659,49.90427678816776,50.680412101908125,14219000
2021-11-29,51.8349723815918,52.12981556361875,50.85584662844532,51.08730916043858,18703000
2021-11-30,50.85585403442383,51.89468507880304,50.70154565729021,51.73670119105151,22574000
2021-12-01,50.95505142211914,52.21523993521109,50.82370360628624,51.75598683635415,21980000
2021-12-02,50.74286651611328,51.354591891001824,49.96673127476259,50.15685919889012,22619000
2021-12-03,51.263668060302734,52.263003950743794,50.554581865676234,51.890088557141354,20305000
2021-12-06,51.89375686645508,52.20513106837538,51.06434599873403,51.86344529724702,22482000
2021-12-07,54.228607177734375,54.47384676472775,52.53855562058038,52.53855562058038,29562000
2021-12-08,54.05959701538086,54.27820402976684,53.49655369872076,54.27820402976684,17998000
2021-12-09,53.58749008178711,54.21391060746381,53.49839486455659,53.49839486455659,29080000
2021-12-10,58.02019119262695,59.2206779063348,56.81786847586622,57.31294109295838,57087000
2021-12-13,57.099853515625,58.271868257096365,57.06035842400697,58.23329116707555,26898000
2021-12-14,56.479862213134766,56.820626506185505,55.628405225569374,56.74898383999859,35956000
2021-12-15,58.77153396606445,58.86338317859151,56.06010414746169,56.540481765782914,29092000
2021-12-16,57.00983810424805,58.8450143256348,56.166650165931784,58.54190562675567,42748000
2021-12-17,58.32146453857422,58.78347511842323,56.497311283507585,56.720508304165726,50661000
2021-12-20,59.246395111083984,59.34375933264614,57.41489449665115,57.5260357485567,32770000
2021-12-21,59.737247467041016,60.03582097059281,58.54109865239367,59.9091797101223,36534000
2021-12-22,60.565486907958984,60.746671986827195,59.09202434323523,59.467325209862125,28383000
2021-12-23,61.452911376953125,62.00106493122295,60.65146821314196,60.65146821314196,23596000
2021-12-27,62.3292236328125,62.51594493881419,61.42147852556839,61.452911402923334,19442000
2021-12-28,61.84114456176758,62.650902520364895,61.659042642669334,62.63148706072826,17247000
2021-12-29,62.174842834472656,62.58064213795714,61.85223450394442,61.915093196887725,14797000
2021-12-30,61.478782653808594,62.46047277177063,61.3641588123221,62.22013154897987,11473000
2021-12-31,61.509300231933594,62.054682202197505,61.3114853702472,61.65350218126875,12046000
2022-01-03,61.31608963012695,62.090719150725334,61.121970313001086,61.59340697029128,22591000
2022-01-04,62.01863098144531,62.136026463204296,60.75314915663043,61.27542716919461,21103000
2022-01-05,59.4377555847168,62.04543598529813,59.34623563210413,62.04543598529813,34961000
2022-01-06,58.88589096069336,59.96002141872039,58.64555325250899,59.17522220024668,28581000
2022-01-07,57.233097076416016,59.15211379288272,57.16931450978754,58.77681291114702,27832000
2022-01-10,57.41889953613281,57.500242762923456,55.79290950700639,56.281910372932906,29793000
2022-01-11,57.50117111206055,58.05117588091974,56.80973251550991,56.8993976622485,19037000
2022-01-12,57.496551513671875,58.3275691850772,57.287639608558266,58.00588469767921,18806000
2022-01-13,55.20315933227539,58.04008382637834,54.922146470199976,58.00218735962227,30048000
2022-01-14,55.12735366821289,55.49802811490678,54.72339860214575,55.07281336943708,25661000
2022-01-18,53.40985107421875,54.63465756523004,53.24346208160095,54.38322632840923,35825000
2022-01-19,52.13235855102539,54.05137531997482,52.07319887888965,53.76019632929657,22692000
2022-01-20,50.63024139404297,52.70270600900604,50.54242399111433,52.50488764702027,25225000
2022-01-21,49.290802001953125,51.34015514397436,49.11609111418892,50.53039736646667,38010000
2022-01-24,50.06266784667969,50.24107425844166,47.45775933362236,49.07450352717779,54256000
2022-01-25,49.37492752075195,50.415780850239,48.45794030042388,48.807355074146734,38158000
2022-01-26,51.49916458129883,53.07523384137579,50.84747366813454,51.02588010310973,49715000
2022-01-27,50.13014221191406,52.71379085428698,50.01182287960684,52.66387345343637,34183000
2022-01-28,51.77463150024414,51.81160762456415,49.21316919982641,50.227216312448405,30254000
2022-01-31,54.15768814086914,54.20298265668976,51.39563244498824,51.70992243335542,40288000
2022-02-01,54.78995895385742,54.89903603744691,53.227754938628834,54.15675966035219,25719000
2022-02-02,55.77997589111328,55.90661717118933,54.87408204768682,55.370477500125034,24443000
2022-02-03,53.69272232055664,55.372325489900454,53.62524424665494,55.06265839678279,30602000
2022-02-04,54.553314208984375,55.14214636362657,53.25733055486351,53.27951763591825,20548000
2022-02-07,54.3194465637207,55.60895955986138,53.998685975735384,54.55331362889333,18671000
2022-02-08,55.483245849609375,55.63392195040897,54.26029048862385,54.38877950713393,14570000
2022-02-09,56.51116180419922,56.54629017811153,55.607115717217006,56.142335035542494,22004000
2022-02-10,54.66424179077149,56.81620173218708,54.40633637144926,55.02844561266236,24920000
2022-02-11,53.005897521972656,55.4407215379845,52.604717590820094,54.66424072564624,27281000
2022-02-14,53.48288345336914,53.87389373656912,52.69623293817636,53.1519531911381,19291000
2022-02-15,55.718955993652344,56.02122849852644,54.37675407874535,54.44885503308746,34284000
2022-02-16,55.20500946044922,55.53778749291356,54.28155147823176,54.91382691892445,22931000
2022-02-17,53.52170181274414,54.68457345475328,53.5115321471351,54.5107899491324,21424000
2022-02-18,53.61321640014648,54.32961012427401,52.992954934214,53.7010337927842,19708000
2022-02-22,53.37934875488281,54.557936934482846,52.67219725761745,53.61321934804692,20204000
2022-02-23,52.24513626098633,54.08280633347043,52.203537246043965,53.63540446707579,22416000
2022-02-24,53.61414337158203,54.14011683137205,50.75040900505224,50.987051220881206,35316000
2022-02-25,54.35457229614258,54.4812135602186,53.05951603484193,53.598430786435685,22380000
2022-02-28,54.301876068115234,54.75112561388157,53.279510877195314,53.70657334472142,25005000
2022-03-01,52.70085525512695,54.31852337794291,52.25530114748211,54.05692245843227,24898000
2022-03-02,54.148433685302734,54.58751713514809,53.02069034081481,53.10758033581669,21771000
2022-03-03,53.4847297668457,54.880544687752305,53.09001694569305,54.87869693976878,26454000
2022-03-04,55.09223175048828,56.00921906128759,53.98482412424417,54.79642984716423,44757000
2022-03-07,52.75446701049805,55.35012976361378,52.68976056909107,55.19298655626445,26494000
2022-03-08,53.239776611328125,55.09778267712374,52.0990882757712,52.89035825053764,26993000
2022-03-09,55.18743896484375,55.61450499801103,54.26120946628472,54.4266745895216,22560000
2022-03-10,54.32869720458984,54.54038074781096,53.27860140819245,54.12810720348819,19323000
2022-03-11,53.415409088134766,54.94803518548466,53.34793101343096,54.72341035079053,19813000
2022-03-14,52.48639297485352,53.61229205465869,52.20445626793088,53.33312696956411,25234000
2022-03-15,54.79365158081055,55.16340215201178,53.15564777006045,53.36178449809273,28260000
2022-03-16,56.121070861816406,56.17560764032055,53.9894430789607,55.15324227574765,29454000
2022-03-17,55.709720611572266,56.10998024651401,55.24383417993686,55.899220587624995,18174000
2022-03-18,56.42519760131836,56.68402341274296,55.09223762000722,55.82989470880455,41538000
2022-03-21,55.958011627197266,56.35911406863056,54.801235224973674,56.35911406863056,25789000
2022-03-22,56.89330291748047,57.09431922732373,55.77561275783682,55.99803606392462,19262000
2022-03-23,55.78025817871094,56.896087920456026,55.75978485731702,56.58246304930934,13839000
2022-03-24,58.29762649536133,58.37114514486563,56.02409003883298,56.45497059934464,26016000
2022-03-25,58.524696350097656,58.668013153196966,57.70573862513929,58.35811231074587,14538000
2022-03-28,58.89787292480469,58.936962872760965,57.306492068336745,58.24643296022592,14427000
2022-03-29,59.69729232788086,60.05465064526739,58.62985378233456,59.56048638205416,23001000
2022-03-30,58.731300354003906,59.959735238399766,58.3813829687617,59.45533248359604,18626000
2022-03-31,58.600074768066406,59.46742720145713,58.44838332316711,58.67452708341261,21731000
2022-04-01,58.34880065917969,59.05514970541444,57.577304069143935,58.78712565975546,16267000
2022-04-04,59.08121490478515,59.255243467565606,58.11987048794073,58.29668941506188,16484000
2022-04-05,57.152008056640625,58.840178376005326,57.04777765986955,58.587977026652,19778000
2022-04-06,56.024078369140625,56.91655461429794,55.25816607335444,56.0315228896823,23742000
2022-04-07,56.12180709838867,56.54896718089231,55.20885732696416,55.82214466558946,16583000
2022-04-08,54.62813949584961,55.70674315045474,54.53228373257143,55.59413455035904,20464000
2022-04-11,54.033470153808594,54.84032930692278,53.923655458287755,54.21680350350269,23512000
2022-04-12,54.44852828979492,55.7067448295261,54.17864395011944,54.82450328226646,17350000
2022-04-13,55.14370346069336,55.531777069535174,54.53972099532318,54.76772497951428,20266000
2022-04-14,53.404354095458984,55.56435527292506,53.3122223701405,55.37171362901777,27385000
2022-04-18,54.58160781860352,55.02086655488517,53.31129265496391,53.31129265496391,21375000
2022-04-19,55.61647033691406,55.716976705171206,53.91713489042736,53.91713489042736,16581000
2022-04-20,55.62577438354492,57.0877974873682,55.38474157704784,56.22882323554954,13920000
2022-04-21,55.16139221191406,57.31487911343488,54.96875410696679,56.3535346313901,20352000
2022-04-22,54.62348175048828,55.72069841279356,54.5592678720286,54.91756342142168,21064000
2022-04-25,54.71003723144531,54.79193407906995,53.15029794086384,54.11536295230007,26959000
2022-04-26,52.12194061279297,54.48481817521355,52.08843849201398,54.33033282098885,35809000
2022-04-27,52.07261657714844,53.05350415935652,51.650110700125886,51.72362934268813,19313000
2022-04-28,53.87804412841797,54.44386678376321,51.92650747265315,52.66822247085638,22334000
2022-04-29,51.59334182739258,53.8166231331261,51.50121010545129,53.28988685154491,26108000
2022-05-02,53.63700866699219,53.75706177836101,51.778537369872694,51.84926564670982,26725000
2022-05-03,54.085575103759766,54.6048668425302,53.21077819175195,53.605369763604706,17064000
2022-05-04,56.17856979370117,56.2167260719317,53.41645001889694,54.14327599801193,23896000
2022-05-05,53.97576141357422,55.639730849393175,53.44530110835772,55.30098205521455,32806000
2022-05-06,53.98600387573242,54.90547161055452,52.99302103910416,53.50579845942407,20745000
2022-05-09,52.387176513671875,53.79057010536734,52.14055941272174,53.31408519065373,30074000
2022-05-10,54.10606384277344,55.01436313384464,53.21358726998306,54.02230674328958,29271000
2022-05-11,52.777103424072266,54.413158527011696,52.660774350375576,53.47228750211893,26660000
2022-05-12,53.19218063354492,53.38202839095723,51.953507177110225,52.431852382137606,25518000
2022-05-13,54.74353790283203,55.05529899811852,53.37178269342399,53.70216041837276,19449000
2022-05-16,54.22517395019531,54.82729626087161,53.75799735713508,54.38431347675471,14189000
2022-05-17,56.59642791748047,56.675534397202306,55.24328926957235,55.41452393020616,24676000
2022-05-18,53.09910583496094,55.904962678286246,52.69055887256549,55.837958434594825,35024000
2022-05-19,50.83209228515625,52.18523458153448,50.157384930211926,51.929309143406705,34884000
2022-05-20,50.55104064941406,51.64918758004901,47.68934422890421,51.5477475309236,40281000
2022-05-23,48.98478317260742,49.841893654784045,47.85871493286482,48.76515380354449,58586000
2022-05-24,48.78376770019531,49.21837586989109,48.03833207875302,49.01270540458946,25060000
2022-05-25,49.4752197265625,50.01684858672493,48.75584182728654,48.75584182728654,17842000
2022-05-26,51.2462158203125,51.61009208277319,49.11134230749175,49.46684392748972,39743000
2022-05-27,54.281951904296875,54.48483202349811,52.11636958061409,52.30994138329426,37301000
2022-05-31,53.988792419433594,54.63092767038671,53.604439260251546,54.395479143395114,30009000
2022-06-01,53.38294982910156,54.994807687017975,52.89995054459181,54.68211292851281,18345000
2022-06-02,53.67330551147461,53.76916126772048,52.8720307690862,53.76730102490455,29488000
2022-06-03,52.424407958984375,53.00884382807168,52.20663880294855,52.94090945081138,20562000
2022-06-06,52.22989654541016,53.2991918272359,51.88649358492741,53.18751690474047,14557000
2022-06-07,53.32432556152344,53.46857250125502,51.885566000101015,52.165688785749275,15895000
2022-06-08,52.6142463684082,53.629566211110536,52.31458396426517,53.215434969635574,24004000
2022-06-09,51.76365661621094,53.38481586444903,51.73666534105654,52.22338871422735,18787000
2022-06-10,50.37235641479492,51.28158569350267,50.228109478643375,51.193174448722246,24018000
2022-06-13,48.17140579223633,49.60271706090698,48.022504717666465,49.02386559792532,31619000
2022-06-14,48.408714294433594,48.85542106586567,47.889422554006046,48.85542106586567,24380000
2022-06-15,49.017356872558594,49.67996548857229,47.975975801325035,49.24443077130855,19141000
2022-06-16,46.26919174194336,47.87453515996492,45.813183740941874,47.64373724512562,37244000
2022-06-17,46.406002044677734,46.56513802420304,45.402777248219955,46.06631954057475,43504000
2022-06-21,47.27115631103515,47.94113744373401,47.18858409221335,47.300247017744226,21901000
2022-06-22,46.55144500732422,47.27115632209238,46.37315659584343,46.57115022948133,24721000
2022-06-23,46.59648132324219,47.08160558826511,46.07382228279994,47.08160558826511,16707000
2022-06-24,47.77035903930664,48.024651263181795,47.0534612195509,47.38657433234556,21201000
2022-06-27,47.45319747924805,48.234841560975966,47.18201710323885,48.21232284048765,13207000
2022-06-28,46.77195358276367,48.24515954229671,46.740049380965374,48.1006545914836,15667000
2022-06-29,46.01753234863281,46.535498784916705,45.666589622178314,46.49327483598403,14444000
2022-06-30,45.585880279541016,46.32998947284348,45.10732084867042,45.79419362672896,18890000
2022-07-01,44.838016510009766,45.44137209177019,44.04886629689826,44.98533853375538,21315000
2022-07-05,44.69351577758789,44.75263144324829,43.53090052723962,44.29002585542187,20711000
2022-07-06,45.28561782836914,45.70224460176182,44.618450143658904,45.09044125741917,22975000
2022-07-07,46.7803955078125,47.04782451164611,45.80169935179571,45.80169935179571,21319000
2022-07-08,46.794471740722656,46.88267810572933,45.97904788845347,46.25961371491191,12713000
2022-07-11,45.30906295776367,46.13105514678221,45.132653822292184,45.931189463114706,21449000
2022-07-12,45.16925811767578,46.22302036065213,45.0472718768486,45.77449300008964,21159000
2022-07-13,45.20304107666016,45.569934077247446,44.31724028545121,44.56965685672493,17665000
2022-07-14,45.476097106933594,45.667518748727474,44.424206960812526,45.270597238665246,19957000
2022-07-15,46.397552490234375,46.42382611860499,45.615908466695174,46.0569331539277,18714000
2022-07-18,46.078514099121094,47.14354104103034,45.80920940797809,46.932410601770854,18042000
2022-07-19,47.76190948486328,47.98241823430933,46.53173461625506,46.61712390278389,27257000
2022-07-20,48.02183151245117,48.569829953665774,47.336837935324645,47.812580319538874,27412000
2022-07-21,48.5764045715332,48.58859997516323,47.482290373249654,48.09503155123231,13912000
2022-07-22,48.09220123291016,48.77438121192432,47.544206452020155,48.68242352686524,17867000
2022-07-25,48.147579193115234,48.167284416922534,47.530145267639355,47.89891752418782,15061000
2022-07-26,47.95802307128906,48.494756743449734,47.75439888875314,48.290198307993194,17958000
2022-07-27,49.52506637573242,49.750271461231485,48.50602186519348,48.62519102527351,25699000
2022-07-28,50.07118606567383,50.34424566847476,48.84851734396118,49.60013641581026,14867000
2022-07-29,50.24665832519531,50.46717067487266,49.75777910985404,49.91823796153554,18482000
2022-08-01,50.33017349243164,50.651087626086145,49.77373094276949,49.866630059483214,11485000
2022-08-02,49.845985412597656,50.59572530659565,49.472524004260265,50.03459357172953,13072000
2022-08-03,51.30323791503906,51.42146924658315,50.119041775486984,50.22882903463893,19228000
2022-08-04,51.87187194824219,51.90471398230983,51.14089954748432,51.45993798393282,16293000
2022-08-05,51.744258880615234,51.79680613528518,50.97856519897709,51.1305799681408,14357000
2022-08-08,51.189697265625,51.88970332178407,50.55255820287621,51.54814615551354,13722000
2022-08-09,49.99518203735352,50.60980243284798,49.521318858084726,50.585404467642014,20072000
2022-08-10,51.647605895996094,51.70484588972822,50.599470772196995,51.2394232804464,19519000
2022-08-11,51.18031311035156,52.33823560413503,51.06958802023884,51.97978670494006,14268000
2022-08-12,52.381404876708984,52.398293022515816,51.20095999585163,51.40364280212975,18399000
2022-08-15,52.44989776611328,52.527780819025494,51.65605475772315,52.006059579570554,14329000
2022-08-16,51.76396560668945,52.354184406418696,51.234738135186554,52.314773964269975,14782000
2022-08-17,50.53849411010742,51.112762719855574,49.830040254438074,51.0808585104791,19022000
2022-08-18,52.40205001831055,52.600040089961745,50.823745702376456,50.990772978978065,23459000
2022-08-19,51.46180725097656,52.1327260745304,51.40926000300118,51.68982579615912,16923000
2022-08-22,49.61515426635742,50.96074362506432,49.45563681241472,50.91195127216303,18555000
2022-08-23,49.7118034362793,50.44746867741086,49.63016546665825,50.09370891507129,9003000
2022-08-24,49.81126022338867,49.8544255732432,49.11688477294666,49.691153236986914,11883000
2022-08-25,51.621334075927734,51.65417610962578,49.94450753337892,50.05617044795229,17345000
2022-08-26,48.874794006347656,51.70203707256968,48.79409745048203,51.50029210339195,25682000
2022-08-29,48.24797439575195,49.05119929912216,48.04341594501599,48.79409359206821,16580000
2022-08-30,47.51700592041016,48.59798325384378,47.04783190455595,48.49757789537889,18282000
2022-08-31,46.83387756347656,47.87075147897776,46.59272220145567,47.87075147897776,32445000
2022-09-01,46.16766357421875,46.28777058078117,45.1195282363582,46.116991976647746,31930000
2022-09-02,46.938045501708984,48.7762689859096,46.75788499584128,48.60642821814399,40426000
2022-09-06,46.74848937988281,47.29273284847901,46.01376212908313,46.7794557465058,24738000
2022-09-07,47.398773193359375,47.80226312151818,46.83107308037165,47.19045982188682,20440000
2022-09-08,48.03684997558594,48.11285378689502,46.7954138230506,47.16136897083921,22535000
2022-09-09,49.01930236816406,49.354291152423194,48.36620936549876,48.36620936549876,23019000
2022-09-12,49.64423751831055,49.850675223302474,49.22198378284675,49.42748007577715,18157000
2022-09-13,47.25989532470703,48.63175811579404,47.07503851924614,48.21606923601996,35136000
2022-09-14,47.926124572753906,48.13725143987735,47.17732255755569,47.586443056654986,20605000
2022-09-15,46.930538177490234,48.0021300209849,46.66217130032793,47.75534761115467,36574000
2022-09-16,47.151981353759766,47.26364426557478,45.9659096810588,46.70345046211107,59012000
2022-09-19,47.09005355834961,47.235499930262264,46.393802388100525,46.393802388100525,17948000
2022-09-20,46.26618576049805,46.807612235668216,45.95277787550761,46.54205886680959,17132000
2022-09-21,45.62086868286133,47.299454581305746,45.585856257741696,46.458268434457224,20669000
2022-09-22,45.192230224609375,45.72210894893081,44.756022363876944,45.648304927975765,23540000
2022-09-23,44.34726333618164,45.22819043595404,43.715191572752985,44.94053988675606,29649000
2022-09-26,43.73979949951172,44.784422457042886,43.64990778944819,44.37565412707322,19361000
2022-09-27,43.97539520263672,44.46175025787564,43.19571544382403,44.42958214212637,17850000
2022-09-28,44.08988952636719,44.35388320391995,43.180573558706485,43.65273594981202,27605000
2022-09-29,42.59202575683594,43.6555731726463,42.09526086069368,43.611100178550934,39997000
2022-09-30,42.01294708251953,43.31967216621423,41.97793465696456,42.4907836721916,27202000
2022-10-03,43.22126388549805,43.615835858270486,42.29302315872882,42.50781535720083,21479000
2022-10-04,45.405128479003906,45.433513808609526,44.08042441797611,44.33022542518449,27277000
2022-10-05,45.87256622314453,46.18387003159535,44.610314013564235,44.71345268853292,18493000
2022-10-06,45.37106704711914,46.33620799437553,45.29726302168578,45.77699460129512,17250000
2022-10-07,43.57136535644531,44.78819876629975,43.43321787324109,44.69736137277644,28425000
2022-10-10,41.41588592529297,43.53540831570966,40.86140097624879,43.52594774134976,33454000
2022-10-11,40.75921249389648,41.51050700399531,40.26907099039969,41.17933275131412,28046000
2022-10-12,40.74122619628906,41.22852691420415,40.49899438183495,40.90018980934483,15046000
2022-10-13,41.441436767578125,41.99024035308627,39.2746005408765,39.496961952330125,27980000
2022-10-14,40.41289138793945,42.0082126157508,40.347602241791705,41.9438691659924,22816000
2022-10-17,41.19541931152344,41.75085000276794,41.00807032564262,41.590940655270785,24120000
2022-10-18,41.144317626953125,42.44252410801918,40.70243197956554,42.41035238418551,20341000
2022-10-19,41.18878555297851,41.472653269739595,40.7705603770216,40.9929217373714,12702000
2022-10-20,40.7156867980957,41.84074082425465,40.511304449854826,41.17271089439697,23402000
2022-10-21,42.554176330566406,42.6421766226032,40.60875625679738,40.88505118519151,26980000
2022-10-24,43.19666290283203,43.411455109070914,42.68475958576347,42.83804542814078,25287000
2022-10-25,43.53256607055664,43.92902942174898,43.22599079848758,43.33575293951717,18246000
2022-10-26,43.637596130371094,44.63869153953837,43.08500624913799,43.33575294961549,29291000
2022-10-27,43.0906867980957,44.54501991977405,43.044322406231515,44.09840575596405,18512000
2022-10-28,44.74656677246094,44.88281925415393,43.11434159578697,43.238296413891746,23094000
2022-10-31,44.4835205078125,44.73805002920716,44.000002489661405,44.174108103486226,19259000
2022-11-01,44.2734489440918,45.11841772269231,43.82588916582413,45.02096047465428,16324000
2022-11-02,43.150291442871094,45.46094871450736,43.1209568104046,44.498648601849915,21070000
2022-11-03,42.02334213256836,42.8503354033674,41.76218921246927,42.66866427758466,23887000
2022-11-04,44.02743148803711,44.36712414602273,42.89008011779699,43.22882707950813,28891000
2022-11-07,44.966087341308594,45.20453279313307,43.67450420106415,44.1665334671859,17687000
2022-11-08,45.61802673339844,46.2510477526785,44.803334547068424,45.53665352821726,20743000
2022-11-09,44.42201232910156,45.32375917465352,44.38038002749485,45.27644547520313,23695000
2022-11-10,47.93246841430664,47.98923906786563,46.09870194807814,46.45920714866675,33970000
2022-11-11,49.02250289916992,49.108611789210904,47.50004386909383,47.76498319375044,26728000
2022-11-14,48.56170272827149,49.67823804658756,48.5408865798839,48.76703434213929,21608000
2022-11-15,49.621463775634766,50.3926285633418,48.81623226447091,50.145664670682805,23315000
2022-11-16,48.42072296142578,49.06509597647187,48.28352117633214,48.89288537515074,25405000
2022-11-17,48.45667266845703,48.51628402454091,47.60791740938157,47.783914388569805,20375000
2022-11-18,48.74527359008789,48.98845112924214,48.35164729687792,48.90707792055155,14536000
2022-11-21,48.96100616455078,49.283665484380705,48.36205191239319,48.53520819088747,18622000
2022-11-22,50.1541862487793,50.17594809327869,49.1095635698881,49.48426506526664,18920000
2022-11-23,50.49386978149414,51.2357035105676,50.035903743747866,50.182566070613305,13964000
2022-11-25,50.14093780517578,50.5828198232635,50.1002512064069,50.214741822655135,7455000
2022-11-28,49.412357330322266,50.032127792730805,48.847466137531555,49.69905856068759,23505000
2022-11-29,49.33477020263672,49.7567818518812,48.714054002339275,49.48711035844399,12694000
2022-11-30,52.139347076416016,52.19895843164371,48.99790987029684,49.592132029892035,47349000
2022-12-01,52.112850189208984,52.27086809785886,51.28112474262285,52.139344123365184,23006000
2022-12-02,51.17136764526367,51.35114740210972,50.72475353732553,50.8165366131398,19320000
2022-12-05,50.21001052856445,51.04646810503452,49.72270981286312,50.88466379417896,18548000
2022-12-06,49.753936767578125,50.48725209563817,49.36882539139515,50.21095716156281,19655000
2022-12-07,49.06130599975586,49.67634794189535,48.82948405336157,49.16539035392053,16524000
2022-12-08,50.25164794921875,50.37843984247103,49.23919336733592,49.27988357750568,27514000
2022-12-09,51.54229736328125,52.29170054257634,51.1903033201901,52.13084549493063,37028000
2022-12-12,52.669227600097656,52.6919387511716,51.307623346463224,51.545123079197374,23416000
2022-12-13,54.03273010253906,55.054641724063984,53.46405251901424,54.48502205363731,40414000
2022-12-14,54.35443878173828,55.415145517007026,53.71952641091569,53.79711682543313,35218000
2022-12-15,52.79887008666992,53.60220682063199,52.77048475203711,53.34578228379968,36876000
2022-12-16,52.601104736328125,52.96918278273747,52.12421384755645,52.74682139678613,49549000
2022-12-19,52.44081115722656,53.09437495097187,52.06775117273545,52.85966515653604,25092000
2022-12-20,51.905555725097656,52.38070413091435,51.60977995527587,52.01527647027759,29831000
2022-12-21,53.547584533691406,53.61246485307417,52.18511238523509,52.253807053025405,25619000
2022-12-22,52.77093505859375,52.94744694254875,52.20896652638722,52.79574288177946,27553000
2022-12-23,52.70796203613281,52.8215007674473,52.23281363749063,52.47611299867605,13761000
2022-12-27,52.813865661621094,53.249895131026584,52.18415248424888,52.62399630160042,16677000
2022-12-28,51.988563537597656,53.217460681973094,51.755760900349664,52.63259150776412,15410000
2022-12-29,53.22127151489258,53.67829083575667,52.52381723630647,52.65262427768979,18176000
2022-12-30,53.34721374511719,53.396829387237226,52.28624263738833,52.64975947189706,14376000
2023-01-03,52.808143615722656,54.152486606967415,52.55148675505354,53.90728007010199,20173000
2023-01-04,53.453128814697266,54.20878841514807,53.05145023602695,53.71551087316252,17074000
2023-01-05,52.955074310302734,53.41495802460663,52.582971556012616,53.02090821049053,16277000
2023-01-06,56.14275741577149,56.38796393666921,53.64966612875536,53.727903936910465,35261000
2023-01-09,55.041717529296875,57.40600557832267,53.48365456938965,56.51200316574409,37739000
2023-01-10,54.85470962524414,54.87379228404462,52.47515703146435,54.575155771124926,44635000
2023-01-11,55.16099166870117,55.180074332066376,54.08570924757556,54.67057850311774,22502000
2023-01-12,55.5235481262207,55.826002661700585,54.74308439744703,54.91768546815751,19514000
2023-01-13,55.243038177490234,55.522592051380215,55.02072864440514,55.06652630083621,19647000
2023-01-17,55.26593780517578,55.84985340278962,54.817504369509535,54.851855343194835,15835000
2023-01-18,54.79365158081055,56.05975679197552,54.73926800078603,55.64471711984761,15703000
2023-01-19,53.737449645996094,54.39006354092216,53.459802937498715,54.300375399361776,22692000
2023-01-20,54.45875549316406,54.51409629847392,53.34530795340727,53.71932153410087,22950000
2023-01-23,55.49396896362305,55.7954699132808,54.36334950152011,54.57516230803744,23429000
2023-01-24,55.818363189697266,55.97674599043896,54.92150001650198,55.189607201239454,13825000
2023-01-25,55.88038635253906,56.00346460274,54.960622472318846,55.116140882326995,13766000
2023-01-26,57.1111946105957,57.30010678047689,55.93572735934016,56.331684413928905,24525000
2023-01-27,56.38701629638672,57.17511234329118,56.31068929378832,56.60932583425855,19344000
2023-01-30,55.476783752441406,56.25533648312371,55.315540218627085,55.62466979067768,16984000
2023-01-31,55.81645584106445,56.028268632753495,55.40905215631442,55.53594838599066,23719000
2023-02-01,57.50905227661133,58.03858426758416,55.59605836003061,55.67906411015863,26553000
2023-02-02,57.79719543457031,58.50037494247008,57.22281934077544,57.97466090882334,24188000
2023-02-03,57.01959609985352,58.01377982302016,56.888881871858295,57.05585060854262,19093000
2023-02-06,57.37070846557617,57.55389546064859,56.508192566462874,56.61123456875759,18709000
2023-02-07,58.6253662109375,58.8696191890368,57.21996072944758,57.30964887688418,24025000
2023-02-08,57.40982437133789,58.21795664587933,57.30582514773114,57.88401555379763,15290000
2023-02-09,57.19038772583008,58.671166699899274,56.815420496759856,58.44885713454388,18837000
2023-02-10,56.6026496887207,57.09974155431607,56.257261887864495,56.89460749340669,21035000
2023-02-13,57.35353088378906,57.387878216632714,56.62363641219146,56.76961530651098,19847000
2023-02-14,57.46706008911133,57.77905407347207,56.6093159387591,56.69041450223277,17571000
2023-02-15,57.98038482666016,58.03667558253875,56.93181390358012,57.13790518515711,12683000
2023-02-16,57.298194885253906,58.09964843975133,57.203738808095686,57.31823113312521,17449000
2023-02-17,56.82590866088867,57.32777209713256,56.526318522315755,57.2466735164991,14215000
2023-02-21,55.48537826538086,56.58737546084818,55.32318111957404,56.2925569256035,22737000
2023-02-22,54.97303009033203,55.63327273660892,54.58470537321478,55.553127738615416,23475000
2023-02-23,55.70101165771485,55.905192119747085,54.735450154434346,55.887063046476925,18939000
2023-02-24,55.12377166748047,55.36134222191733,54.72876826435936,55.10277819455917,15353000
2023-02-27,55.858436584472656,56.273476252831955,55.7448978504705,55.89851271847162,18321000
2023-02-28,56.701881408691406,57.111195972723905,55.546450379400426,55.86894119343296,27822000
2023-03-01,56.63317108154297,57.0758793016675,56.32117707211069,56.6742007996789,15484000
2023-03-02,57.11787033081055,57.33636188962324,55.9233204805645,56.23436094506741,27525000
2023-03-03,60.37234115600586,60.65571302648937,58.7493978027853,58.93544919540737,46088000
2023-03-06,60.38759994506836,61.44952461604215,60.2740612184483,60.58605522981544,24983000
2023-03-07,59.64625930786133,60.660479221177376,59.48978731774663,60.57365548308834,19334000
2023-03-08,60.32463836669922,60.36947879932023,59.50505571260312,59.89719475895215,20912000
2023-03-09,59.39532852172851,61.295922197722305,59.3342661919683,60.11663707356792,21775000
2023-03-10,58.66161346435547,60.12426302051631,58.46983693246755,59.936304476177504,26098000
2023-03-13,58.818092346191406,59.57374823946352,57.90310005773359,57.9231363055178,22364000
2023-03-14,60.343719482421875,60.430546868601006,59.0117802447286,59.47834277855306,25893000
2023-03-15,59.731178283691406,60.115684984888155,58.79233174651275,59.88669669302309,22963000
2023-03-16,60.72917938232422,60.78356296371959,58.94594240350619,59.331406327668915,31716000
2023-03-17,60.20155715942383,61.022093409975454,59.8304079444802,60.72918201569619,79303000
2023-03-20,61.417091369628906,61.51536179059259,60.26166051674484,60.37042767452554,25857000
2023-03-21,61.190303802490234,62.13590407262824,60.957746453800056,61.7995630719453,25000000
2023-03-22,60.63004302978515,62.319442352825334,60.60602077137973,61.20470765242386,25799000
2023-03-23,61.42862701416016,62.28870318406372,60.68867315291617,61.39691381554523,27162000
2023-03-24,61.134559631347656,61.4353455879174,60.40229313893887,61.313302394463086,17228000
2023-03-27,60.23796844482422,61.416129639492794,60.15628616030419,61.40652146842525,14707000
2023-03-28,60.03232955932617,60.20914778946083,59.471118453306026,60.08325910427913,12439000
2023-03-29,60.10919952392578,60.926993832140944,60.02655678737064,60.80879243054922,26395000
2023-03-30,60.902008056640625,61.12303265584063,60.474372948169034,60.80398711294884,21523000
2023-03-31,61.650611877441406,61.715959175640286,60.148602798661855,60.59353703092329,22097000
2023-04-03,61.7399787902832,61.877396526723984,61.160508218539,61.40651917929246,15682000
2023-04-04,60.965431213378906,61.91007460305389,60.73383433874952,61.80532684523602,13429000
2023-04-05,60.446502685546875,60.70500317455866,60.12841760653569,60.65118861929896,16908000
2023-04-06,59.83436584472656,60.38788967137353,59.48168617460355,59.980434988715274,14493000
2023-04-10,60.29082107543945,60.33694836028699,59.239512692303485,59.39326908651473,15400000
2023-04-11,59.73153305053711,60.6262036644551,59.65945894074165,60.61659182803357,16518000
2023-04-12,59.26353454589844,60.3033138500733,59.221252729178815,60.28601840952509,14112000
2023-04-13,59.98812103271485,60.205303843000024,59.30294216719717,59.49129679586227,17265000
2023-04-14,59.53645324707031,60.35232662004815,59.12035089841098,59.6267869158484,17465000
2023-04-17,60.28793716430664,60.3821126310015,59.3702010904988,59.44708111726114,13201000
2023-04-18,60.76457977294922,61.07017164190011,60.26583472179273,60.69731158366334,16806000
2023-04-19,60.974082946777344,61.19414709822353,60.11400680031714,60.233168655140645,19060000
2023-04-20,60.83184814453125,61.764962409201864,60.26679535283661,60.335984443211885,20239000
2023-04-21,60.82032012939453,60.90680832678602,59.77189313978874,60.59929555069215,14807000
2023-04-24,60.97792053222656,61.39210197793957,60.713653678158686,60.891432331696336,12338000
2023-04-25,59.77477264404297,61.11725873012677,59.74786536861227,60.92506233454688,23670000
2023-04-26,59.21453094482422,59.881450227486674,58.95699088895504,59.57778288316414,17179000
2023-04-27,59.42786407470703,59.58930773995069,57.96910105279364,59.21452675539461,18250000
2023-04-28,60.20530319213867,60.23221047225108,59.05789465328524,59.49129615271982,16183000
2023-05-01,61.30561447143555,61.40555631171652,60.17646559928259,60.20529744368012,17030000
2023-05-02,58.84455871582031,60.20530462680292,58.14112028205903,60.13419095659325,28357000
2023-05-03,58.92719650268555,59.76805262134926,58.85032013521687,59.28275749214194,19816000
2023-05-04,58.635047912597656,59.000220674811736,57.782662871762646,58.61967337498058,17684000
2023-05-05,60.55317306518555,60.68290353863031,58.94353494838836,59.191466822996006,24876000
2023-05-08,60.4513053894043,60.611792271713774,59.63639611866643,60.520498150855936,13934000
2023-05-09,59.43747329711914,59.9717770224053,59.18281095634918,59.84300334340362,16990000
2023-05-10,60.18318939208984,60.349438967362104,59.41440745391379,59.77861979877995,19174000
2023-05-11,60.317726135253906,60.39556661291768,59.38750053435101,60.21298204707988,14430000
2023-05-12,60.65214538574219,60.80109584516575,59.98522622887051,60.38595399322932,11942000
2023-05-15,61.483394622802734,61.504535530720354,60.3946067053929,60.721339492247246,14614000
2023-05-16,61.64099884033203,62.16665856744834,61.380577434873345,61.54682336304833,14967000
2023-05-17,63.181453704833984,63.511064220604375,61.94275103649673,62.20894248601684,24133000
2023-05-18,65.14472961425781,65.28502871329357,63.040184475251976,63.040184475251976,26389000
2023-05-19,65.56275177001953,65.82222005126715,65.19374080467696,65.34653309010223,22968000
2023-05-22,65.18988037109375,65.79626181832168,64.78146900908288,65.48105813327419,17796000
2023-05-23,65.9711685180664,67.17143106557776,65.5406520724839,66.36901498269667,36088000
2023-05-24,65.30135345458984,65.76069797727885,64.96789390691472,65.48489477459553,23021000
2023-05-25,70.03610229492188,70.38109465071292,66.38150746713018,67.21179126957227,49263000
2023-05-26,78.10160064697266,78.31781932235704,71.78701235145829,71.8264054864093,82500000
2023-05-30,77.19924926757812,88.58108073541896,76.76392317591943,80.25324040039534,116912000
2023-05-31,77.64320373535156,78.96070715210557,75.92978211042764,76.38816625688773,89998000
2023-06-01,75.9124984741211,77.43468805070445,75.45218602348478,76.9378564818753,80792000
2023-06-02,78.03144836425781,79.16252189358867,75.64822587866591,75.97880417131785,62815000
2023-06-05,77.09930419921875,77.76237434356989,76.34781394915133,77.76237434356989,26222000
2023-06-06,75.91728210449219,77.07045307720398,74.60843019110823,77.07045307720398,37823000
2023-06-07,76.17003631591797,77.40200847558333,75.67801434617981,75.90000306899988,28957000
2023-06-08,77.2818832397461,77.35972372395521,75.80005468318974,76.3891334610696,21909000
2023-06-09,77.32225036621094,78.5840185424435,77.2511403617874,77.43564952472404,19241000
2023-06-12,82.19823455810547,82.4519327450285,77.94686352773972,77.94686352773972,51065000
2023-06-13,81.7907943725586,82.9574191768179,80.81828321965625,82.75273323790782,38990000
2023-06-14,85.15998077392578,85.38677173646857,81.41601265676123,82.25013827692395,43524000
2023-06-15,84.89572143554688,85.33200060764007,83.70314242818878,84.98989691307078,33814000
2023-06-16,83.42349243164062,85.52227475615679,83.16787329342368,85.45788791342565,68299000
2023-06-20,83.41580963134766,84.28453346212481,82.74119944946327,82.899761765697,27535000
2023-06-21,81.89225769042969,83.66408097652474,81.59663195366173,83.08442368080713,23229000
2023-06-22,81.38700866699219,82.01304284889923,80.69914868043647,81.64399704382589,23464000
2023-06-23,79.4277572631836,80.76773642325463,79.10895046983413,80.57355417067582,37413000
2023-06-26,79.37751770019531,80.86240554015254,79.24129899262869,79.70309080402764,21372000
2023-06-27,81.96375274658203,82.1183319682436,79.31664622694315,80.0586073269869,24923000
2023-06-28,81.9193115234375,82.9424074643763,80.86819938948327,81.02953757651694,19445000
2023-06-29,83.33271789550781,83.35879558323046,81.77149876899671,82.54824237769868,23386000
2023-06-30,83.8022232055664,84.49202144266158,83.50273522691948,83.90752899289976,23145000
2023-07-03,84.67269134521484,84.70070753890238,83.55974602402357,83.91720494148318,9038000
2023-07-05,83.26412963867188,84.71714645838294,83.25350839698629,83.79934882240316,14440000
2023-07-06,81.92511749267578,82.49511180355377,81.57055526319155,81.63528512971679,23939000
2023-07-07,81.80435943603516,82.8902542294062,81.60244528725113,82.1598798803824,19409000
2023-07-10,84.79733276367188,84.93644818042202,81.9521740970686,81.9521740970686,30622000
2023-07-11,85.21468353271484,85.3064640302987,83.53173641961456,85.12386860252447,25498000
2023-07-12,85.9779052734375,86.71600418184788,85.20985166242593,85.88612477225888,28197000
2023-07-13,86.01750946044922,86.8464158722143,84.84949726536689,86.8464158722143,25912000
2023-07-14,85.84555053710938,87.27247496036969,85.61175054069516,85.61175054069516,18510000
2023-07-17,87.94873809814453,88.2250377724986,85.96146783722995,86.08029895684624,26819000
2023-07-18,87.28019714355469,87.90525826859414,86.78071873903718,87.52654948937021,24513000
2023-07-19,87.08119201660156,87.52559629166409,85.56055591000003,86.6850882277395,24118000
2023-07-20,85.82235717773438,87.62509361506548,85.59628910483642,86.2281166056315,28268000
2023-07-21,86.63485717773438,88.02603354383173,86.35275668627432,87.38261180261695,74287000
2023-07-24,87.10243225097656,87.47438207028254,86.39138401526665,87.02611557481592,19992000
2023-07-25,88.68683624267578,89.18823840615987,87.00871707108088,87.00871707108088,20042000
2023-07-26,86.28125762939453,87.97482608992573,85.75570147542572,87.81832308420059,19877000
2023-07-27,86.32376098632812,87.90043675097407,85.59629070469913,87.77001144287529,21922000
2023-07-28,86.92851257324219,87.29273776251499,86.36431179740336,86.88310880584524,18791000
2023-07-31,86.81840515136719,87.04543879834117,86.07934068210932,86.70730593180876,14952000
2023-08-01,88.88101959228516,88.94091425068125,86.72661772208433,86.85028404974487,19683000
2023-08-02,86.20492553710938,88.2047480501755,86.01073595241667,88.13712148676717,26877000
2023-08-03,85.49774932861328,86.49765701311046,85.12097166538322,85.6561908296265,18281000
2023-08-04,85.176025390625,86.33244326351118,84.37609346945203,85.49773618013036,21156000
2023-08-07,86.66478729248047,86.69473462007635,85.5257569398588,85.75858396031134,11146000
2023-08-08,85.32190704345703,86.04067972041476,84.37899009312866,85.99141367887549,14081000
2023-08-09,82.18885803222656,85.35765847662809,81.99467580195889,85.27941066654945,24672000
2023-08-10,81.4323959350586,83.22933868623251,80.86916066129896,82.41974372144178,20186000
2023-08-11,80.1629638671875,80.80445450020486,79.55625577734058,80.5735585588281,20331000
2023-08-14,82.51443481445312,82.52215935300792,79.93301638377228,80.29530313858653,17688000
2023-08-15,81.39569854736328,82.56467639959942,80.81024773918114,82.04201695773064,14035000
2023-08-16,80.47501373291016,82.55308443807414,80.3755013183805,81.90483487541442,16003000
2023-08-17,79.90597534179688,81.09621041811792,79.8972778641366,80.8150755088652,19228000
2023-08-18,79.78424835205078,80.00935086946937,78.44716593326227,79.22004739270818,17759000
2023-08-21,83.58100128173828,83.79354401843459,80.35713424139328,80.57836708374103,30012000
2023-08-22,82.6777114868164,84.50942970809761,82.20335254412151,84.37997733911598,17079000
2023-08-23,84.68622589111328,84.8417706950714,82.11833986987608,82.19273278587615,19692000
2023-08-24,82.54922485351562,87.90140969350753,82.35600816443055,87.17587048582884,30934000
2023-08-25,82.29417419433594,83.9964401856174,80.92714438859961,82.79654937428373,24181000
2023-08-28,83.18877410888672,83.48343431452196,81.83913204136141,82.73567240488153,14306000
2023-08-29,85.97595977783203,86.25709466309885,82.73856722954754,82.92985275580324,27822000
2023-08-30,86.20298767089844,86.82419386232174,84.93064270210773,86.21361628181482,23234000
2023-08-31,89.16022491455078,89.23557602254871,86.34694489861927,86.75657395339627,55203000
2023-09-01,84.29398345947266,87.1294787922199,83.53463477851344,87.1294787922199,65017000
2023-09-05,84.26018524169922,85.30646971655887,83.7607067777302,84.00319688303702,24808000
2023-09-06,84.26984405517578,84.76255619454865,83.73559777208119,84.29206684902157,20142000
2023-09-07,82.79750061035156,83.24769821451893,81.20247185182865,83.03612104024259,27789000
2023-09-08,82.84774780273438,83.16463084008093,82.12994050195677,82.60139541723862,16810000
2023-09-11,83.0013427734375,83.95391543499719,81.69807754965223,83.93169264605437,15710000
2023-09-12,81.58891296386719,82.9172977351439,81.31260592417853,82.1415196725016,16680000
2023-09-13,82.40139770507812,82.99844999624047,81.56186271235339,81.8468598592502,17413000
2023-09-14,84.208984375,84.69493017437429,82.60139556542107,82.99073301956945,19648000
2023-09-15,82.2806396484375,83.8727718019839,81.43240713577691,83.8727718019839,50190000
2023-09-18,82.11834716796875,82.72989045501522,81.15224896599265,81.40150542729809,16541000
2023-09-19,82.04103088378906,82.2178255000507,81.00730643841078,81.73091428724977,13126000
2023-09-20,80.67823028564453,82.56461232501591,80.65686469796348,82.56461232501591,13681000
2023-09-21,78.52084350585938,79.89434775829668,77.23185301488664,77.23379466742117,53654000
2023-09-22,80.53349304199219,80.67919848970092,78.71705501466904,78.80059053201673,27764000
2023-09-25,81.00071716308594,81.45434494739497,79.94388025780465,80.42858930083175,15648000
2023-09-26,79.28142547607422,80.64909740456828,78.79768718727004,80.54224722458883,17641000
2023-09-27,79.34163665771484,80.00895737702872,78.13424014668652,79.57962246784885,15352000
2023-09-28,80.817138671875,81.48349605224345,79.13474858488574,79.6680212435511,16180000
2023-09-29,80.67919921875,81.98665013342396,79.93416792830598,81.24938545254095,16481000
2023-10-02,81.10368347167969,81.45434439413413,79.99147242871167,80.53154820242493,14676000
2023-10-03,79.1493148803711,81.18139502527814,78.57426707311927,80.33145517196161,18761000
2023-10-04,80.02159881591797,80.67921138262614,79.29210804549876,79.68356597687564,16417000
2023-10-05,80.02645111083984,80.4897871923857,79.21244666655846,79.66219118089403,11474000
2023-10-06,82.10514831542969,82.40917991953596,78.84720419182747,79.5932136347465,21103000
2023-10-09,83.1367416381836,83.20765641861928,81.38343686972543,81.63890497623383,15760000
2023-10-10,83.38249969482422,84.75599646045205,83.12119922562373,83.26010148303956,14718000
2023-10-11,84.95124816894531,85.02700967203364,83.20182665074769,83.50877820082258,14334000
2023-10-12,87.9663314819336,89.16401964419457,85.13287543353141,85.13287543353141,43871000
2023-10-13,85.7885513305664,89.93917409937036,85.68267199116498,88.29660292116972,28312000
2023-10-16,87.67201232910156,88.95614843339204,86.54523156858087,86.54523156858087,21150000
2023-10-17,85.90706634521484,86.74048733440986,84.11976039169286,85.97991536862592,33008000
2023-10-18,86.16252899169922,86.99789899130377,85.01340427098204,85.47480609294563,20404000
2023-10-19,84.2975082397461,86.4014737601073,84.0876986299267,86.16155371813444,26620000
2023-10-20,82.9181900024414,84.98427133958172,82.74431575898939,84.98427133958172,26953000
2023-10-23,83.75257873535156,84.85798658208101,81.8681384881917,83.33877705971578,16456000
2023-10-24,85.58747863769531,85.77106853475391,83.8399989567313,83.92548353520671,14972000
2023-10-25,82.5296401977539,85.35630077299385,82.18481161884898,85.19505469047046,21432000
2023-10-26,80.30718231201172,82.99493348239274,79.49026531994872,82.36257724192943,27917000
2023-10-27,81.4349136352539,81.61462022632627,80.48103617817544,80.62285831654617,18236000
2023-10-30,81.71565246582031,82.51022564329313,80.34603143487276,81.70108266003474,20889000
2023-10-31,81.72731018066406,82.12848378205523,80.87542860233077,81.97209181208945,14747000
2023-11-01,82.85116577148438,82.93762118534913,81.16391418692963,81.7884963766354,18684000
2023-11-02,84.63458251953125,85.52823922918971,83.53694853805543,83.73121754704468,18759000
2023-11-03,85.73998260498047,86.20818021112994,84.61126746490426,85.23682043410312,18041000
2023-11-06,85.56027221679688,86.0517769981251,84.62582619010199,85.6311795740501,12870000
2023-11-07,87.21062469482422,87.59431597201065,85.10665897890925,85.70502142746084,19365000
2023-11-08,88.50350952148438,88.67641293939637,87.32525250661882,87.422387010008,15280000
2023-11-09,88.52778625488281,90.31703371876485,88.25386505555376,88.63657807367373,24486000
2023-11-10,93.00965881347656,93.14856109561318,89.19124300719182,89.53413740468308,36272000
2023-11-13,91.9809799194336,92.51231091664368,91.35444866014248,92.284040756857,16893000
2023-11-14,94.5094223022461,94.8795146013573,92.78914786326877,93.47784161677616,23886000
2023-11-15,94.7464370727539,95.36325262920984,93.92175353990656,95.14566156875036,16099000
2023-11-16,93.2068328857422,94.0956280063344,92.329695090818,93.6390877072544,26198000
2023-11-17,94.9727554321289,95.57111040458568,92.37630689695352,93.07665789970407,19789000
2023-11-20,96.7192611694336,97.12334718254408,94.5133069639808,94.5133069639808,18674000
2023-11-21,95.309814453125,96.26174278926496,94.38022252807984,94.70756878370956,43344000
2023-11-22,94.41616821289062,95.96937897263696,94.31903371649062,95.5516939683186,33743000
2023-11-24,95.08350372314452,95.17966740079147,93.9062175280676,94.70370314394223,23158000
2023-11-27,92.302490234375,95.29136013205655,92.21409317768496,94.8192792376726,96962000
2023-11-28,91.92464447021484,92.36272427887718,90.74055505521912,91.30200391256452,39025000
2023-11-29,91.38843536376952,93.1951650091344,91.24661323023324,92.11792596912278,34843000
2023-11-30,89.92168426513672,91.54288244331882,89.2067634296463,91.40495101881822,49571000
2023-12-01,90.33646392822266,90.71529366795389,88.19947527277019,89.60406075286058,29612000
2023-12-04,89.750732421875,90.43068130159809,89.01929269946729,89.42726943818809,25009000
2023-12-05,88.6968002319336,89.09991542739138,87.99062422568343,88.54916054218435,37066000
2023-12-06,87.77594757080078,89.45931561359748,87.72349331627547,89.40006557616744,24813000
2023-12-07,89.58464050292969,89.76531795898589,87.77596875497031,87.9605295164807,43517000
2023-12-08,91.72550964355467,92.35009182470908,88.44522854334747,90.12664773639926,69668000
2023-12-11,99.97624206542967,100.97382160922028,92.87074257839257,92.9601030578445,101184000
2023-12-12,104.15697479248048,104.84761765955244,99.523591396188,99.85482843745343,90242000
2023-12-13,105.84810638427734,106.82820360743284,103.21086070803037,103.74122825059976,71654000
2023-12-14,107.47999572753906,108.93412299220572,105.9054193105006,106.08998004948212,66964000
2023-12-15,109.7384033203125,111.69472193786766,106.32698662570392,106.3852732542883,118544000
2023-12-18,111.41497039794922,111.88316803325132,108.66019532166354,108.8700123666431,54741000
2023-12-19,111.20321655273438,112.26491309311008,110.51330662605854,111.4393633667827,36020000
2023-12-20,108.3538055419922,111.37691508274692,108.24451346996784,110.5318446601712,34523000
2023-12-21,110.00392150878906,110.79727176079682,108.80463459558196,110.52696745344856,24106000
2023-12-22,109.48576354980467,110.4635404861313,108.66118908805228,110.07125787422588,19089000
2023-12-26,110.45281982421876,110.8050932222035,109.58726077518553,109.70631320680997,16793000
2023-12-27,109.89462280273438,111.2022338629554,109.58138340700488,110.85386168430898,20055000
2023-12-28,109.52771759033205,110.48695651504346,109.19984138155016,110.4332857705133,21247000
2023-12-29,108.92660522460938,109.7199554208203,108.77242747631888,109.4350143343206,20558000
2024-01-02,105.91423797607422,107.53605635946798,105.10527564244012,106.57194097792316,28831000
2024-01-03,103.29901885986328,104.90132392601956,102.97992027497097,104.43292404107754,34735000
2024-01-04,102.36514282226562,104.36460672947943,102.2051058996862,103.23850397554396,25658000
2024-01-05,102.39151000976562,102.99456700953296,101.6332925086261,102.61790392974198,22475000
2024-01-08,104.88668823242188,105.1940758928081,102.65692161050563,103.09604790319509,33110000
2024-01-09,105.6322250366211,106.2235785329324,103.89720593928551,103.98600202578312,23225000
2024-01-10,105.4448699951172,105.6780909505568,103.69131285534762,105.4234061626926,17643000
2024-01-11,107.33892822265624,107.46773352495848,104.853494379186,105.8107825926202,25757000
2024-01-12,108.09033203125,108.87197138748944,107.34187488086792,108.52164859264572,26882000
2024-01-16,108.8007354736328,109.9014659742568,107.20720790777804,108.54506796068428,26145000
2024-01-17,107.69901275634766,108.62019297611975,106.38555741146811,107.95468024678824,18314000
2024-01-18,111.62574768066406,111.88336577014095,109.47600687915715,109.77070088938066,32228000
2024-01-19,118.19208526611328,118.75805886735152,112.80551986943752,112.93335734469912,53077000
2024-01-22,119.09961700439452,120.15643719119004,117.9012978181539,118.6848877997702,31222000
2024-01-23,119.66654205322266,119.73192372032244,117.4426347514267,119.14838005726769,16952000
2024-01-24,122.3559341430664,125.34977002660064,120.12519216817962,121.22690536936948,34805000
2024-01-25,120.0266342163086,125.00335427393144,119.90953238078863,125.00335427393144,36356000
2024-01-26,117.57536315917967,119.1688907306607,117.12160748420794,119.0215400002177,25818000
2024-01-29,118.83321380615234,119.40894781766043,117.58610776637936,118.55412441379984,21526000
2024-01-30,117.89544677734376,119.8314875290874,117.51780093973672,118.73563338575116,20683000
2024-01-31,115.14749145507812,116.82786428848266,114.59224610973811,116.069646915119,27400000
2024-02-01,117.1001434326172,117.40069665386854,115.06066982772262,115.86474834035104,19411000
2024-02-02,119.4743194580078,120.48430328666689,117.60170997495364,117.95300805057732,26689000
2024-02-05,121.3049545288086,121.75871759063034,119.26059741509049,119.72997256473386,22045000
2024-02-06,119.30941009521484,124.1358464697112,118.26430089061093,123.30249438592784,25354000
2024-02-07,122.6672134399414,122.90628610175034,119.70460196519868,120.41695838958408,25768000
2024-02-08,124.39443969726562,126.46416956187248,123.4430104802492,123.63719748496332,29326000
2024-02-09,125.24144744873048,125.46686606831152,121.87973352037116,122.17638555537432,26293000
2024-02-12,123.44202423095705,125.88842440387252,122.85652995284642,125.8825726624258,24778000
2024-02-13,122.13929748535156,122.5510933175078,119.74266688589918,120.52625676025332,31907000
2024-02-14,123.17076110839844,124.22270483610264,121.13128748729598,123.85579464237853,27306000
2024-02-15,123.44886779785156,124.90577284623863,121.475743820316,124.90089639467396,21873000
2024-02-16,121.5372085571289,124.48420810234944,121.23568008189162,122.86043173724356,21268000
2024-02-20,119.68997955322266,120.77998187251558,118.32479646699277,120.59847364520311,26329000
2024-02-21,119.77780151367188,119.83634870910748,117.35677373090203,118.85564596074217,20579000
2024-02-22,127.33558654785156,127.92889063993913,124.56130995462613,125.07264499017244,40819000
2024-02-23,126.50318145751952,128.7719894064272,125.76644276206366,127.67418487241136,23115000
2024-02-26,127.7483367919922,128.69098828782603,126.9998797235398,127.8332391555046,16282000
2024-02-27,126.48953247070312,128.0225547410018,126.09822517480823,127.7483418353245,12126000
2024-02-28,125.8249969482422,126.71300246091774,125.19558481124382,126.17434443371108,10967000
2024-02-29,126.9052276611328,127.67710660417283,125.61616198209182,127.18040840818276,27536000
2024-03-01,136.53468322753906,137.37291162943944,128.80905984895088,129.38772705532898,44488000
2024-03-04,136.8362274169922,140.3404232696034,135.17049107794395,136.92308037190116,34854000
2024-03-05,131.02906799316406,136.12776627000062,130.01616579245476,136.12776627000062,36040000
2024-03-06,131.73655700683594,136.1111881934831,131.44965786625528,135.79404760830417,43196000
2024-03-07,137.29974365234375,138.0120927002457,133.97022173072207,134.8582272598451,62832000
2024-03-08,127.70833587646484,137.88426152138396,127.0116063688822,136.05458717765524,74025000
2024-03-11,126.18604278564452,126.76177670960024,122.2280916848748,124.70376542579696,31105000
2024-03-12,126.06505584716795,127.61759887936292,122.88385991485056,127.540498831211,42789000
2024-03-13,122.74626922607422,125.18680289944194,122.20858647562645,125.18680289944194,37838000
2024-03-14,123.17562103271484,124.23537438615932,121.7548241661488,123.20196875913896,38029000
2024-03-15,120.56334686279295,123.67330194301906,120.03347387674503,122.31592864046692,88823000
2024-03-18,120.73313903808594,123.23516073166492,120.19253040337834,122.3666758709882,25737000
2024-03-19,120.80828094482422,121.02881567589162,117.49144514113888,118.75318790268032,24491000
2024-03-20,125.04570770263672,126.22070372464933,120.2036145541658,121.42173600683584,40946000
2024-03-21,132.10157775878906,137.55124730145462,128.96563832172694,130.1729708928277,72468000
2024-03-22,132.63763427734375,134.86708752088026,131.92029266065273,132.2975803770442,38624000
2024-03-25,132.45242309570312,133.12468039740153,131.06965784885267,131.8105360273332,21237000
2024-03-26,130.48362731933594,135.23164137720266,130.38758202391176,133.73715983266283,23522000
2024-03-27,129.23318481445312,132.2975878656336,127.00764921996868,132.2975878656336,25583000
2024-03-28,129.8878173828125,130.34645131209237,128.52760164993737,129.15184383348915,19856000
2024-04-01,132.3230743408203,133.56961477980906,129.8878180337213,129.91427049451363,17252000
2024-04-02,131.1961212158203,131.5498874197316,127.73188009399584,128.94508972380112,24694000
2024-04-03,133.59214782714844,134.9259110896939,129.87408927395205,130.1416344535413,28650000
2024-04-04,129.11264038085938,137.58752059201714,128.86764485831506,135.75887664353414,27014000
2024-04-05,131.26171875,133.39808722751968,128.78922913607084,129.9456156402952,19438000
2024-04-08,130.93540954589844,131.56259749447966,128.94114237496444,130.69531871542804,17139000
2024-04-09,130.73745727539062,133.22660524159485,128.24437658070875,133.01983045304576,17986000
2024-04-10,129.5899200439453,130.9011338604892,128.91471677923988,129.6516623985533,17467000
2024-04-11,135.47862243652344,136.40078007149594,129.71535030306586,130.6002741169762,31713000
2024-04-12,131.71646118164062,133.9155443998963,130.98637925044028,132.49457324480508,27823000
2024-04-15,128.4452667236328,134.25753998550363,127.98566088722458,134.25753998550363,24370000
2024-04-16,130.24549865722656,130.9569635841039,128.47565133350503,128.90487198255371,18923000
2024-04-17,125.69544982910156,132.003591401519,125.57686983675995,131.6223858851552,24718000
2024-04-18,123.37876892089844,126.67738605052617,123.03283087187909,126.2216979610574,24888000
2024-04-19,118.05941772460938,123.47773779913396,117.35872667383336,123.3787616461396,44797000
2024-04-22,119.99488830566406,120.85139320599716,117.6507727791398,119.99880608081332,25162000
2024-04-23,122.41838073730467,123.2719472860438,120.34376183486977,120.35846096800124,22025000
2024-04-24,123.1661148071289,125.98846068480512,122.00385891744092,123.85994234318306,20108000
2024-04-25,126.8508529663086,128.18460127862903,123.18375539113298,124.69783352129348,30410000
2024-04-26,131.71646118164062,132.8689151886374,127.70441992183444,128.37766420309845,24100000
2024-04-29,131.18234252929688,132.58960114691092,129.91621351356406,131.71741781475097,13372000
2024-04-30,127.4241180419922,132.1358853419896,127.30456609446006,130.2278542033839,22113000
2024-05-01,121.7980728149414,126.64996124002508,121.65009454323052,125.27406686595484,30958000
2024-05-02,121.37764739990234,123.91383860907672,119.88219373084912,123.11319190279204,29480000
2024-05-03,125.25249481201172,125.81794791817286,122.21748999396576,123.37975336197228,24898000
2024-05-06,128.40805053710938,128.4531199079158,124.95459130738936,126.047261865972,16287000
2024-05-07,127.70244598388672,129.25865497346888,127.080147809463,129.00875476463168,12413000
2024-05-08,129.88388061523438,131.11277592561467,126.26970342518077,126.76068135977746,13918000
2024-05-09,127.95333099365234,129.51541680231614,127.59367323720052,129.14499264038264,12170000
2024-05-10,130.6120147705078,131.70958995154626,128.8980329939276,128.8980329939276,16300000
2024-05-13,131.07357788085938,133.1197777606654,130.34838582617502,132.10157503910392,18507000
2024-05-14,135.240478515625,135.4325541739675,129.926031405758,130.56693157832007,19420000
2024-05-15,140.74209594726562,141.01453085605556,134.25559108752438,135.23753209172378,32757000
2024-05-16,138.38619995117188,141.64659609910947,137.6933519378965,139.74544352087707,28395000
2024-05-17,136.73594665527344,139.11141962037482,135.4119777499544,138.41465369410145,18174000
2024-05-20,138.57241821289062,138.85759338231065,136.52718992794215,136.80551646710708,27170000
2024-05-21,137.1190948486328,138.11769386593784,136.55658009394242,137.0681338649552,15333000
2024-05-22,136.43702697753906,137.6874850945575,135.65107941905717,136.80647915271814,21002000
2024-05-23,136.53994750976562,140.03946343433333,135.04156272110532,139.98361269797903,31039000
2024-05-24,137.96578979492188,138.52830451682976,136.4154574716201,137.17691142103243,16730000
2024-05-28,138.4175567626953,138.88109531992507,136.46641517669406,138.17746595089878,22919000
2024-05-29,136.28317260742188,137.1092997942111,135.53152800823736,137.1092997942111,26861000
2024-05-30,133.67739868164062,135.5099603648897,132.85028460446884,135.1395212812425,21717000
2024-05-31,130.19552612304688,133.52747445039338,128.109146250586,133.41085334303474,73091000
2024-06-03,129.54383850097656,132.59158348444382,127.64561660861094,132.56218521718694,26278000
2024-06-04,130.41799926757812,130.5326614980548,128.08466474673654,129.396850459933,23048000
2024-06-05,138.4803009033203,138.6037706371312,131.37052574083253,131.90560112958815,32947000
2024-06-06,137.32196044921875,139.4210805824358,136.04504978276245,139.3407213267411,20172000
2024-06-07,137.84817504882812,139.64742037690067,136.90542696071884,137.95989142998258,17859000
2024-06-10,141.16348266601562,142.0043090062864,138.09221604627143,138.15787616471582,31042000
2024-06-11,143.17832946777344,143.5683724135259,138.78801360686768,140.94104049914938,34844000
2024-06-12,146.55731201171875,147.56572050766357,144.6845704659259,146.99732904097084,56697000
2024-06-13,164.53802490234375,170.11020794851595,161.94400904311394,167.57694751336152,89061000
2024-06-14,170.0308074951172,171.22638682082834,164.84279113173946,165.30926056498305,69705000
2024-06-17,179.2259979248047,180.61072222216472,174.29767558185773,176.39679577682773,87528000
2024-06-18,176.6437225341797,181.4554379648976,174.9277819880299,180.27651669348464,86797000
2024-06-20,169.98379516601562,176.8623027900247,168.77450340809224,176.73587227954204,68157000
2024-06-21,162.5427703857422,167.9689185943633,161.83619518800367,166.17163186064232,99289000
2024-06-24,156.52915954589844,163.29187413807247,156.37678121820153,161.4289073242305,58575000
2024-06-25,155.40647888183594,157.88879971505986,153.75586355974798,157.30778792194758,53329000
2024-06-26,156.50851440429688,159.0822499966871,154.69863553819866,157.06100958479337,46479000
2024-06-27,155.98358154296875,157.84752379028075,154.4440620920015,156.50855034034618,31649000
2024-06-28,157.8386688232422,161.15170546715572,155.91869855700142,156.88998680983812,69377000
2024-07-01,161.3060302734375,162.08758803353103,156.65600086397146,158.10114993005251,47623000
2024-07-02,162.94583129882812,163.1149205512913,159.4578104364042,161.30603156996372,32539000
2024-07-03,169.99855041503906,169.99855041503906,163.63203673627353,164.17667156462377,39954000
2024-07-05,167.4513702392578,173.5622856248351,166.73274079869375,172.5880421553976,45240000
2024-07-08,171.6344451904297,172.71978479112585,167.61752460393012,167.61752460393012,36398000
2024-07-09,170.40060424804688,174.10393145786364,167.67252528893115,172.6863090525601,37802000
2024-07-10,171.51939392089844,173.6625462989013,169.71739022721854,171.64819097496567,41074000
2024-07-11,167.71090698242188,173.50329462716132,164.02922508521496,173.48265349523658,51026000
2024-07-12,167.1918182373047,169.67314908252905,166.27163786026208,168.21029899599057,30453000
2024-07-15,168.52194213867188,170.57660463829993,166.3984558707129,167.12595070348252,22999200
2024-07-16,166.5164337158203,169.8884382711256,163.58680337237664,169.48536621033475,22244900
2024-07-17,153.3429718017578,160.08699609312055,152.97923188397516,159.56595756193192,43343400
2024-07-18,157.80624389648438,158.77949729931726,151.29815179467124,156.2037959694773,37973500
2024-07-19,154.68983459472656,161.17824547807797,154.46371219212136,159.10391670305822,26309500
2024-07-22,158.3371124267578,160.23449158951,155.23053188099348,157.52114263146268,28813300
2024-07-23,161.00128173828125,162.53490572246537,157.19669839201674,157.68824531006658,21570200
2024-07-24,148.78140258789062,158.68116372190414,148.54546969148703,157.63908676060166,37162600
2024-07-25,146.736572265625,150.95405298409875,143.0598111273686,148.70275982647078,30872100
2024-07-26,149.06651306152344,150.98354291178117,147.3854161154079,150.90489361012695,20839900
2024-07-29,147.68035888671875,152.37954627500477,146.62844127010337,149.449930811367,16625800
2024-07-30,141.0936279296875,150.87540834722188,140.92650378194597,150.68861812303396,31102300
2024-07-31,157.96353149414062,158.6025515734961,148.44718908933856,148.9092444541196,45827500
2024-08-01,144.53443908691406,156.2234225081211,143.69880344671637,154.8372567994343,40320000
2024-08-02,141.38858032226562,142.8927128788154,137.23992261702458,139.53051833977355,33745800
2024-08-05,139.677978515625,142.96150843337438,126.32756199285711,127.41879678598004,41309300
2024-08-06,141.4868621826172,146.39250579354206,137.87890962740332,139.33388429525573,24751300
2024-08-07,133.96620178222656,147.56239139005254,133.53363809247833,145.74366178565336,29749800
2024-08-08,143.27610778808594,143.79714634557146,136.06018729231644,138.8128531625633,27583200
2024-08-09,145.7534942626953,147.02169377718016,141.6736606326356,141.7621354822539,18438700
2024-08-12,146.10740661621094,148.57498183815645,143.89544540179116,145.5765425251119,17778500
2024-08-13,153.51992797851562,153.73620980974948,147.27727648764997,148.98786506173042,22053600
2024-08-14,155.02407836914062,157.5407963347942,152.10428830720687,155.3485011538913,20184200
2024-08-15,163.32135009765625,163.85221405926927,157.62922956048627,158.47469068514283,27945000
2024-08-16,162.91831970214844,163.28205963906714,159.92970589349144,161.68945234680447,19296900
2024-08-19,164.8746795654297,164.99264602958624,157.70791685147975,162.0728560351358,20441700
2024-08-20,163.14442443847656,165.52350979958015,161.3748524754345,164.22583369389727,19417500
2024-08-21,162.977294921875,163.65563206880424,160.12632879798096,162.32844938995822,16097700
2024-08-22,159.59542846679688,169.50501481312716,158.75980781805274,167.95172495915517,30044500
2024-08-23,163.54747009277344,165.43500821468797,160.6965043358943,162.23995365919745,18848000
2024-08-26,156.92144775390625,162.89866062736266,155.97768598488952,162.17118072225037,18521200
2024-08-27,158.66152954101562,159.2907090592693,153.19552966353265,154.9356101283994,16683100
2024-08-28,155.5057830810547,159.53647399827534,153.60841908886368,157.37367045766857,18063600
2024-08-29,154.27691650390625,160.44091937632132,152.78262459608982,155.81055556848983,23519300
2024-08-30,160.06735229492188,160.48024992326998,156.02683585937427,158.39608070293207,25158500
2024-09-03,150.2069091796875,158.02251762285726,148.82075819239526,157.66860322165402,37179100
2024-09-04,151.51443481445312,155.1223878118239,146.62845668157425,147.759023724872,20324100
2024-09-05,150.23638916015625,153.71653432093655,147.57219858445887,148.02442829502428,31548500
2024-09-06,134.68385314941406,141.07396297037167,134.290621622299,140.82818951571946,76634600
2024-09-09,138.43930053710938,139.19627209604823,132.61937101375045,136.75820324220234,39516700
2024-09-10,145.704345703125,147.32644455077934,138.6555496175304,138.8325143104649,36067500
2024-09-11,155.5942840576172,156.18413142860507,142.5879402658497,145.88131100695264,39700800
2024-09-12,161.77792358398438,163.50817838220144,154.1786122284463,155.4271456338285,43530700
2024-09-13,164.85501098632812,165.23841698984117,161.2667094141873,163.9210748240088,29850000
2024-09-16,161.24705505371094,162.70202972961283,157.69808570851856,162.39727304082473,26126900
2024-09-17,159.7232666015625,163.21325293511353,157.9831862041226,162.69221436991316,19844300
2024-09-18,158.93678283691406,164.6387302355115,158.63202613988793,161.0012859470203,26557600
2024-09-19,165.1309356689453,167.67566223117913,163.39500481919853,165.38737538135817,32453100
2024-09-20,168.7606201171875,169.6680394974297,164.1939195485369,164.89420355767012,91758500
2024-09-23,170.575439453125,170.95024862951573,166.04820092316606,169.64828941689086,29431100
2024-09-24,172.44944763183594,173.58373296558298,169.33265000280716,170.44720457809834,34223400
2024-09-25,173.12017822265625,174.71802369086842,171.38423247925462,172.2620632062572,16613800
2024-09-26,175.655029296875,177.78549992605798,172.6072814816097,176.0594271112419,24340000
2024-09-27,170.328857421875,176.02982779687693,169.41156524138304,175.7339266080034,20580900
2024-09-30,170.14146423339844,170.55571990551266,167.31070961553766,169.52007320014678,16902000
2024-10-01,165.18023681640625,169.89488018292687,163.5330720046868,169.8061143365244,23770400
2024-10-02,168.3266143798828,170.4768005899671,164.7363837431985,165.2591359887753,14317800
2024-10-03,169.539794921875,172.54809612463393,166.87671428588638,167.30082779062033,13072300
2024-10-04,174.224853515625,174.4812931953401,170.24009784922612,173.8895058459606,17921400
2024-10-07,172.68617248535156,175.87200521038767,171.48285206595853,172.4297328247212,15588300
2024-10-08,178.2589111328125,179.11702603328334,172.49876388098934,173.0215160944161,20774200
2024-10-09,183.40757751464844,183.8711525979117,174.00787857130882,176.7893290708885,25504100
2024-10-10,183.1511077880859,183.76262586145089,180.0343100945086,181.05022594871903,16318000
2024-10-11,178.9986572265625,180.09348102781436,174.97444041791132,178.66330958838128,23070000
2024-10-14,179.81732177734375,182.4212251622244,177.6671355577031,180.7937911904839,17195800
2024-10-15,173.5738983154297,179.21569246448527,170.999583100388,178.3181308839168,27657500
2024-10-16,174.4023895263672,176.7991574917182,172.93275652302304,176.0692699172097,15285100
2024-10-17,179.0479736328125,182.97355163576017,178.2194624050834,178.8901576703426,25232400
2024-10-18,177.430419921875,180.211870171564,176.23695724980777,179.8272031210922,17835200
2024-10-21,177.52903747558594,179.2353793110972,175.81282273601042,176.92737728385188,13695100
2024-10-22,176.92738342285156,178.21946968677898,174.98431757475703,176.21722661288,12062600
2024-10-23,171.13763427734375,176.53284549307827,170.2104993123444,175.1618512292175,19513700
2024-10-24,169.00718688964844,171.91684938043508,167.1824753860202,171.87738786080894,20485200
2024-10-25,170.63461303710938,174.3826595704997,170.35844261308517,171.80834486429185,19977700
2024-10-28,169.66802978515625,171.59136504895082,169.00719228683505,170.6346263446242,13195800
2024-10-29,176.78932189941406,177.76577635633424,168.8691143813488,170.08229282336296,23702300
2024-10-30,174.224853515625,176.73999113842856,173.21879545647155,175.04350697991887,17911500
2024-10-31,167.4487762451172,172.06478040765464,165.09145479284857,172.06478040765464,26086600
2024-11-01,166.61041259765625,168.98746510096208,165.20982957977537,165.9594329407063,17847000
2024-11-04,166.24546813964844,170.0921385598425,166.1172407755886,166.96548284903653,13621300
2024-11-05,171.52232360839844,172.01548729335664,167.72497226431705,167.72497226431705,13441800
2024-11-06,177.09506225585938,177.74604185844208,173.55415101023954,177.17397024255058,24300800
2024-11-07,181.29681396484375,182.34231846805935,179.3044286557922,179.50170615087126,18970600
2024-11-08,181.1291351318359,182.5198601628718,179.34388522185745,180.48802844101428,13503200
2024-11-11,176.4638214111328,181.1192874858165,174.40240095967505,180.8924213699862,17036700
2024-11-12,173.81057739257812,177.1049065717659,170.83186508586854,176.45392701894673,15862000
2024-11-13,171.20668029785156,173.18919258787466,170.24008383830466,172.32123487018637,17472500
2024-11-14,168.05043029785156,173.16947078693426,167.54739380229367,172.38040603030413,20638900
2024-11-15,162.58616638183594,166.8273762043746,161.19544146616195,166.16653880937503,20836200
2024-11-18,163.4048309326172,164.07554127733505,160.0020049878093,163.39497307834162,17856900
2024-11-19,163.08921813964844,164.51938965379793,162.06342936318066,164.38130443967646,18003400
2024-11-20,161.01792907714844,163.27661193493515,158.6606074709197,163.27661193493515,17196700
2024-11-21,161.698486328125,164.0656656283508,158.40415703609378,163.97689979087806,24835300
2024-11-22,161.98451232910156,162.65522265320115,160.1795317416543,162.0535624573854,17332500
2024-11-25,162.56646728515625,164.94350455924942,160.6628478347686,163.13852385557357,26850600
2024-11-26,162.48756408691406,164.09526734455116,160.46559012100516,162.3494788675435,16308800
2024-11-27,157.48687744140625,160.9686115899544,155.38599548627428,160.9686115899544,19722700
2024-11-29,159.8639373779297,160.46559765848292,156.9049553522897,157.3882611678688,11024000
2024-12-02,164.23333740234375,166.07777950885668,160.5247525315011,160.72201496236826,21472400
2024-12-03,165.85093688964844,165.96930640504934,161.78727304802513,162.23111734283606,17024400
2024-12-04,168.22799682617188,172.99195991444486,166.2553420509116,171.0686245185984,32748200
2024-12-05,168.1392059326172,170.04281028316504,166.88656612283535,168.41537635601108,18490000
2024-12-06,177.07534790039062,178.20961833256297,167.01481194275772,167.77428821612654,27830800
2024-12-09,176.493408203125,178.31810466493087,173.6133343138179,176.50326605799654,20886300
2024-12-10,169.4608917236328,176.05942379664182,167.4093291249132,175.37885554873,27762600
2024-12-11,180.69515991210935,182.34232471133015,174.01771981933686,177.54877338988268,41295200
2024-12-12,178.18988037109375,179.5115552427107,173.5837340288521,178.45617788616346,46967200
2024-12-13,221.7263641357422,225.57303430958544,208.22354195987432,210.97538830729152,121336600
2024-12-16,246.58181762695312,248.43611771155895,227.65419489788263,228.62079140893556,111623200
2024-12-17,236.94541931152344,239.15479803307096,230.60334156174497,237.3596749999084,70382100
2024-12-18,220.5625,236.5706024789221,216.22266601831708,236.13661607072183,53960100
2024-12-19,215.33499145507812,224.93195223080792,214.60510380758208,224.79386700562335,40845200
2024-12-20,217.7711944580078,227.14130365797496,215.91690939780733,217.34708094987556,131910400
2024-12-23,229.7871856689453,230.8255920971575,222.64682105758143,224.1896118439952,40643800
2024-12-24,237.03631591796875,237.58025242129077,232.21015271059096,237.47146512062636,22827200
2024-12-26,242.6536865234375,244.55250716516343,234.97928454348445,237.35280657302064,28459000
2024-12-27,239.08348083496097,243.06902844991416,233.74304924340345,242.9305732631844,29282200
2024-12-30,232.9815673828125,236.136384272944,229.06523932494585,232.11126890540092,27316800
2024-12-31,229.2828063964844,234.8408281845078,228.7586534917941,233.27825373808736,17927700
2025-01-02,229.42124938964844,236.85830778855365,227.7004512999505,233.55515171083863,31525800
2025-01-03,229.98497009277344,233.88151419838923,226.47412367276257,231.01349222422533,24973200
2025-01-06,233.8024139404297,239.0835104037431,230.7267164708097,233.89141762351704,34028400
2025-01-07,226.1180725097656,236.85828599831916,225.08955047551436,236.85828599831916,25928600
2025-01-08,226.78070068359375,229.90584940055177,223.56654829133555,227.1663983670454,18756500
2025-01-10,221.8358459472656,225.31702437898215,218.8096003300595,224.7928715153737,23864000
2025-01-13,222.80506896972656,226.73128150534168,217.08882295328425,217.56353947022797,23772100
2025-01-14,222.2215576171875,227.7202284431736,220.63921465983412,224.0709417923263,18143100
2025-01-15,225.4851531982422,227.79933930671848,223.0918476812944,226.0290896999313,21745600
2025-01-16,226.87960815429688,235.96824474188983,226.68181717515512,232.6255213596018,23471900
2025-01-17,234.821044921875,235.47376875945596,230.0937694142159,234.4650151096022,31196600
2025-01-21,237.6593780517578,240.07246726386185,234.78147173287223,238.83625476507777,30903200
2025-01-22,238.2527618408203,244.2657011385912,238.0351872376735,244.0283429104808,29610500
2025-01-23,237.62969970703125,237.74837127273975,233.51558107031855,235.7803307191487,17653900
2025-01-24,242.00094604492188,246.83700854272533,239.2417264980335,242.00094604492188,25387800
2025-01-27,199.90052795410156,216.02072825464057,194.0655954028607,211.0462099382091,90569400
2025-01-28,205.0728302001953,207.63425900833573,196.69625266828925,205.71565469659075,50316000
2025-01-29,204.0739593505859,209.1176971434163,200.53344504704296,206.5364849180351,32533700
2025-01-30,213.28128051757812,219.51179473127905,211.34289261691015,216.1591869296449,42449500
2025-01-31,218.8293914794922,224.2983942561441,213.91420947660487,217.2371492096768,41104700
2025-02-03,215.3284149169922,218.5030149773113,211.1549606771874,213.08346407978823,24507300
2025-02-04,219.97659301757812,220.5699810622988,212.9252470777815,216.9305786534341,23768500
2025-02-05,229.44105529785156,235.30564054543683,224.990690001126,231.35965964025095,29196000
2025-02-06,228.80812072753903,232.21018025312628,226.03900145621324,231.91348620789745,21169500
2025-02-07,222.3896942138672,233.05079033255723,221.63808239526335,232.40796582498027,22117500
2025-02-10,232.4474945068359,233.21890496468305,224.61485417558436,224.9214324510127,23901600
2025-02-11,232.4474945068359,235.26606495022816,227.43342461897657,229.91573380467187,18476200
2025-02-12,233.7430725097656,233.87162835207147,227.4631067862131,227.8191366004544,16397300
2025-02-13,233.1991424560547,234.3364519853976,228.18505702368847,233.45626923829695,20962000
2025-02-14,230.46954345703125,233.13977431272332,226.37520859291573,231.94311407002195,16988800
2025-02-18,226.00929260253903,229.63881036583712,221.82595410343836,227.5619826065773,26080500
2025-02-19,226.2071075439453,226.5433688181681,221.92486556362536,225.3368241913581,16375500
2025-02-20,224.23907470703125,226.45435796247855,220.29307877253763,226.12799603492024,16104000
2025-02-21,216.24819946289065,225.2379337913994,213.25162135338772,223.16109060498803,24883600
2025-02-24,205.6365203857422,217.0591266554957,205.2508226977472,216.1888433359464,33050400
2025-02-25,200.3059844970703,206.338707754233,198.7038578673421,204.7167974984445,33100800
2025-02-26,210.59127807617188,211.184651032762,203.7278237358365,204.62779007405584,21368300
2025-02-27,195.61827087402344,216.83167455718848,195.22267381597945,214.8834024314655,27572900
2025-02-28,197.2303009033203,198.97089794697231,191.0195698478023,193.6007824268669,39747200
2025-03-03,185.30328369140625,201.8091935905653,182.49461282201992,201.74985781156855,37435600
2025-03-04,185.41209411621097,191.81073131806144,178.48930401384894,187.13290737422977,37910500
2025-03-05,189.4668884277344,191.93931361064588,185.03630672529292,189.7437988409816,25644500
2025-03-06,177.4706573486328,184.76926052535293,175.6509562332368,179.04311597257336,56864100
2025-03-07,192.80958557128903,193.32383907341804,179.55737936023962,185.65932206111327,74528900
2025-03-10,182.41551208496097,189.86245492069332,178.43984849007097,187.50871660024785,44217100
2025-03-11,187.99330139160156,193.46230421783983,183.30559330653128,185.97580925595483,42153200
2025-03-12,192.0876617431641,197.77423992016492,190.32729614082703,194.0557177100403,30409700
2025-03-13,189.24929809570312,194.15459589124757,187.38014541619103,191.01954773991395,27236100
2025-03-14,193.3832092285156,195.3215972895321,191.0690227861437,194.0359331247189,25900900
2025-03-17,192.35467529296875,194.5501900176903,185.43188492252773,185.97582146973087,26830600
2025-03-18,186.58897399902344,190.76242873844913,184.8384928182443,188.33945517980257,24951000
2025-03-19,193.4128875732422,196.08310379577745,184.83850362091707,187.25159305285524,37962700
2025-03-20,189.0085601806641,192.28204001367683,187.42142899288305,189.9806944937421,31430000
2025-03-21,190.1195526123047,190.52626090469863,185.86402464778783,186.6972847223908,43086500
2025-03-24,189.7128448486328,195.10912374611092,189.13750473157765,192.73833376756608,33180300
2025-03-25,186.74685668945312,190.06002297642868,186.17151661729744,189.355722934402,23417300
2025-03-26,177.8291473388672,186.54849231535127,176.15272804956365,185.15975066890687,30578500
2025-03-27,170.60765075683594,176.946291081194,169.08994920988738,176.23207680778907,32151700
2025-03-28,167.76071166992188,171.90712324830164,165.13201680928688,170.54812418074758,30391500
2025-03-31,166.08428955078125,166.5902001599504,159.32902671951672,163.16793224400578,35656400
2025-04-01,167.16554260253906,167.35401791946424,162.10652725744052,165.0328139179336,20472400
2025-04-02,170.70684814453125,172.0360744577063,164.16981793903045,164.74515809013954,19523700
2025-04-03,152.77215576171875,162.1164417098449,152.46464977511778,159.24967037905935,44354900
2025-04-04,145.11419677734375,151.5718827538793,138.05142816767963,146.9790912405844,72302200
2025-04-07,152.90110778808594,159.14054560589818,136.99003504853414,143.32867517641293,68503500
2025-04-08,154.77590942382812,168.41539395390183,151.85953721888708,166.27275129686595,58888200
2025-04-09,183.661865234375,185.82435152488372,156.24402018806086,159.209993744844,72708300
2025-04-10,170.91514587402344,175.52776555512818,165.0625579020504,173.89103344535474,51212200
2025-04-11,180.47767639160156,181.1918906686595,171.9170343799594,172.22454036166394,33964100
2025-04-14,176.9264373779297,184.50503049832915,174.40685921274965,183.59242678747077,25748300
2025-04-15,177.51171875,180.79511280255323,176.64871606103807,178.28544843034155,17242400
2025-04-16,173.20657348632812,174.66475957858344,165.57837940625484,169.06016234743677,34638600
2025-04-17,169.6156768798828,174.83339429025574,168.55426971728085,174.83339429025574,22501800
2025-04-21,164.8740997314453,166.64970601058192,160.31106601241103,165.64782929845984,23469800
2025-04-22,168.21701049804688,169.14945771379675,163.89205318867215,166.08428194079727,18504900
2025-04-23,175.48809814453125,178.99963890745144,174.40686259899212,176.35110071843806,24380500
2025-04-24,186.63775634765625,187.05439395770773,176.86693386059227,178.24576126332568,27576900
2025-04-25,190.76431274414065,191.81579060978825,185.38787761908517,185.4176352842528,21242300
2025-04-28,190.92303466796875,191.5479759228102,186.1715255409266,188.99862488448343,16385800
2025-04-29,189.63348388671875,191.69676786167108,188.57209180092053,190.17906633088964,14630000
2025-04-30,190.92303466796875,191.64716309687955,182.5409540836624,184.4058333993292,22768900
2025-05-01,195.74398803710935,199.7812680795465,194.6627524006387,196.54747534744348,24939700
2025-05-02,202.00326538085935,204.02686244621472,199.46384351996315,202.2611702105557,17766800
2025-05-05,199.10675048828125,201.5965713679156,198.3925361472592,198.6405268174433,14025400
2025-05-06,198.48178100585935,200.2871600941004,194.3651425191122,194.86112378913705,16348800
2025-05-07,203.1638641357422,204.57244925613443,196.8351377032043,197.6882261717403,20253700
2025-05-08,206.10006713867188,209.46281964114755,202.05285804200375,206.3282142913535,18460900
2025-05-09,206.526611328125,208.2724752000121,204.8601214171217,207.64753391531175,13289200
2025-05-12,219.7990570068359,220.01728997213652,214.1448736698364,217.7258589726273,25437700
2025-05-13,230.55194091796875,233.38895450086977,220.2156926556064,220.2156926556064,28790500
2025-05-14,230.2543487548828,231.623261956049,226.5146607339614,228.37954008796495,19751400
2025-05-15,230.77017211914065,232.57555126533205,226.2369110363982,228.31010917897373,18803700
2025-05-16,226.7725524902344,230.7701602382495,224.570394483121,230.45274010238327,23094600
2025-05-19,228.77635192871097,229.39136393114245,219.81893036642137,220.06692103013071,15355500
2025-05-20,229.81788635253903,229.90717448940936,224.5208097369431,224.6696132076283,11787200
2025-05-21,227.88357543945312,234.5991668208177,225.9988524581429,226.55434912058595,17642900
2025-05-22,228.67713928222656,231.81174476263672,225.6020491366353,226.5047387444496,14340200
2025-05-23,226.8816680908203,228.79614848320972,224.3620748214904,225.11597602151673,15385600
2025-05-27,233.75596618652344,234.57929690996912,229.2723064096958,230.99831153987253,17941700
2025-05-28,237.50558471679688,239.05305900027113,232.54577199528856,235.2439113266809,20443000
2025-05-29,240.0251922607422,244.09224498753431,235.49191589964445,243.9335273383775,20743700
2025-05-30,240.12437438964844,241.2155240795418,233.01198980416723,239.28120019351311,27088600
2025-06-02,246.7110137939453,247.99063883040537,241.2353762504487,241.2948915819844,19197000
2025-06-03,254.78558349609375,255.8073036975628,247.39545049194467,248.06999288740656,30380200
2025-06-04,258.9815673828125,263.2966104989245,255.5196277951951,255.985851401254,31536000
2025-06-05,257.8408508300781,262.7610074938025,256.9778481464538,260.83659748264785,41970900
2025-06-06,244.9453125,253.2678930730268,244.1517545452877,249.12148161976057,41146700
2025-06-09,242.31661987304688,246.1753537363111,239.17210028429176,243.08043530420343,25334100
2025-06-10,242.663818359375,244.3005506129772,239.45976822799153,242.25711005621145,25491300
2025-06-11,250.87725830078125,252.72230929443907,241.84047864339416,244.3799004118377,24599000
2025-06-12,254.01187133789065,255.81725054299267,247.49466976255948,248.17912638128175,20410900
2025-06-13,246.7010955810547,251.95850038803465,246.35391775276003,248.64534893686752,19028400
2025-06-16,250.07376098632812,253.13892158506687,247.56409698509125,248.33782655106128,20363000
2025-06-17,247.36569213867188,251.9188116709702,245.9273494923069,248.93299475796073,22014300
2025-06-18,249.24050903320312,253.58530991844873,247.4053873666942,248.87348772713085,30435500
2025-06-20,248.56442260742188,252.0742913585741,242.7776042213766,251.7660615795093,42134900
2025-06-23,252.3228454589844,252.760338725152,245.05453418015304,247.6894161171529,19747000
2025-06-24,262.26580810546875,264.3538386650651,257.294321222405,257.294321222405,32764900
2025-06-25,263.1407775878906,268.3310107709786,261.92773365334375,264.48308502798244,18894200
2025-06-26,268.62933349609375,270.1207795493839,262.62376889198543,263.56833318627395,23569600
2025-06-27,267.8139953613281,270.2997387184157,265.35807971078367,268.7585596308933,27477600
2025-06-30,274.0780944824219,276.1263448651512,270.5781782740851,273.16335779257923,24708400
2025-07-01,263.2302551269531,272.9346063976945,261.16213011269514,272.83517059987884,28847600
2025-07-02,268.3608703613281,270.4489010336063,261.2317747786756,262.48456890720286,17582100
2025-07-03,273.6107482910156,274.2272078173821,268.5796059289009,269.1861431149877,10592700
2025-07-07,272.616455078125,275.97718516023826,271.10513394699154,273.5610497498013,16760600
2025-07-08,270.25,274.774071021526,269.60371280936664,274.774071021526,14869400
2025-07-09,276.31524658203125,277.85642578711236,271.16479323572867,271.40341490627577,20133000
2025-07-10,273.8294982910156,279.57653605766296,271.1449135132259,278.19447844829074,17891600
2025-07-11,272.8153076171875,274.89338540599704,270.33951696310925,272.5766859667356,14274700
2025-07-14,274.0283508300781,276.7725908334091,268.04266147021036,272.56673253796464,11934200
2025-07-15,279.337890625,281.74407313940566,276.2655155571406,278.2143298019854,17918400
2025-07-16,279.2086181640625,279.9046384009573,274.0979458979762,278.51259792716763,15031000
2025-07-17,284.81646728515625,286.63601795187174,278.31375459393416,279.5367511689691,17231100
2025-07-18,281.7242126464844,285.89032104645884,279.39756044627137,285.4727028006807,15012400
2025-07-21,286.5664367675781,288.883166634135,282.01256816006986,282.34067294130205,17726800
2025-07-22,277.0013122558594,286.35765454022237,274.8536262055818,286.0096443774533,16564800
2025-07-23,282.0722351074219,282.3804648775155,271.4431933505695,275.2016363524508,20556200
2025-07-24,287.0635986328125,289.5394198336083,281.8833175888375,288.1374568350622,16413800
2025-07-25,288.5251770019531,290.9214370844405,285.63176828019976,286.4272243091522,12476200
2025-07-28,292.6217041015625,293.7651703528697,288.93286935192975,290.7922005804378,13683400
2025-07-29,295.7239685058594,300.4667565401795,293.1884917372768,295.8034989527347,19210800
2025-07-30,300.8942565917969,301.530621455179,294.11314144117125,295.4554489207362,16738900
2025-07-31,292.025146484375,305.1995864915155,288.5749334348008,301.07322817670536,25488500
2025-08-01,286.9940185546875,290.9712081886923,280.0040786431172,284.9059879281252,21428100
2025-08-04,296.022216796875,296.7778925146136,289.7382500811123,290.5337061901919,17164600
2025-08-05,291.259521484375,299.48238015902194,289.78798079577285,296.1116975078201,18477500
2025-08-06,299.9496765136719,301.0831596444501,290.23537258060065,291.2296698695671,17392100
2025-08-07,302.02777099609375,308.57023417002836,298.1698924454774,304.42403123693634,16319400
2025-08-08,303.2308654785156,306.1143217384544,300.82465252896566,302.31609856102506,12458700
2025-08-11,302.1669616699219,306.5518166692501,299.5718601249272,303.31039756534346,12396400
2025-08-12,311.0460205078125,311.65255765798105,302.9325809943318,304.8813952656597,17609600
2025-08-13,307.3273620605469,315.54026782243,303.01211523379976,314.9436833480101,17371200
2025-08-14,309.4552001953125,312.3784370682503,305.2493111409307,305.25926382517076,15717600
2025-08-15,304.59307861328125,309.7236571204512,298.0506147129102,309.2563361030282,22806900
2025-08-18,304.0163879394531,304.42405352165923,297.29492769042946,300.97384027084104,14724700
2025-08-19,293.2282409667969,301.17266724150545,290.7226225185964,300.69542392387547,20149600
2025-08-20,289.50958251953125,293.8049241553724,280.26259864638365,293.77509644760784,23600500
2025-08-21,287.9485168457031,290.7226149312188,284.53808423877217,288.4058851276779,14946300
2025-08-22,292.3233947753906,298.37866145451267,287.3618611522323,290.0862259378239,16301300
2025-08-25,292.5521240234375,296.698327034538,290.0464752489418,291.1402084168925,15124700
2025-08-26,296.310546875,298.537763107986,292.3134523254253,292.6714151306097,25689100
2025-08-27,298.53778076171875,299.4624700191788,292.1046756627868,295.8332907430747,13830300
2025-08-28,306.8898620605469,309.226466833626,300.60589570932245,301.20248017063676,18907100
2025-08-29,295.6941223144531,305.2592585756986,291.98538203906287,305.2592585756986,21610700
2025-09-02,296.5392761230469,297.00659716089535,285.5324258801925,287.690034458678,19693000
2025-09-03,300.66558837890625,302.7138384798026,294.7097266554902,300.5661525758095,18529400
2025-09-04,304.35443115234375,307.01914082260106,300.5263802075415,303.32035339092016,31220800
2025-09-05,332.9802551269531,354.307915143692,329.5300420981367,353.75111105346923,78401600
2025-09-08,343.6788635253906,352.15029613473433,339.30396137418364,340.795407358246,43535600
2025-09-09,334.7501220703125,348.9785155669414,333.9148855443519,347.5566472108421,26972300
2025-09-10,367.4624938964844,370.8430989555386,348.5509381089459,349.51540779149104,51086800
2025-09-11,357.5791931152344,372.0959418044151,356.7141591976126,369.06331640702246,29430900
2025-09-12,357.8177795410156,362.31202294585194,355.12324224091253,360.84045195630114,31949800
2025-09-15,362.01373291015625,363.4156958706093,354.307928141354,357.8177967126278,21792200
2025-09-16,357.9470520019531,363.6046064458011,354.9542072183349,363.3460794205312,21306500
2025-09-17,344.1959228515625,357.8774335890272,339.5525409318753,356.8036058151323,45197100
2025-09-18,343.380615234375,348.70011242524,341.8295137084828,348.00409210361323,24663900
2025-09-19,342.9729309082031,344.2953330347468,334.5114507356632,342.6845761800293,41240100
2025-09-22,337.4351806640625,345.28367325298416,336.5885737516059,341.0606084270775,28660000
2025-09-23,337.5845642089844,343.8394489551671,335.67222901216985,338.8793532849425,21944100
2025-09-24,337.9530944824219,338.72000430459104,332.47508902125844,338.4013070874596,19677300
2025-09-25,334.75592041015625,336.7080737324583,325.991093942804,331.65834169590977,21678200
2025-09-26,333.19219970703125,337.7239919137433,329.2579837594843,336.08059640996515,15464700
2025-09-29,326.5887145996094,339.68612138090174,326.2401081782098,334.656328600332,21336000
2025-09-30,328.5906677246094,329.72609296966556,323.3118446022923,328.7998194074157,20109500
2025-10-01,332.0567626953125,336.59852447783584,323.2022998896794,326.8376971837535,21122700
2025-10-02,336.82757568359375,346.2198568370876,333.9093003535087,346.2198568370876,19917600
2025-10-03,337.0168151855469,343.02269931681434,334.3973279901147,340.13430282435286,14749100
2025-10-06,334.1483459472656,342.75380866679006,333.2220723671261,334.57664945247484,18465700
2025-10-07,335.0646667480469,336.7578500424013,325.2739608698581,335.6821824433723,18086700
2025-10-08,344.1183166503906,345.1541661142996,331.2898199825983,332.48503324061136,21478300
2025-10-09,343.6402282714844,345.9210789009516,339.03870886032774,344.36731988927625,17643700
2025-10-10,323.331787109375,349.1979325045112,322.75408954786695,344.0087761645016,28941000
2025-10-13,355.2735290527344,357.9428041387348,342.146214242933,351.3592224606911,45984300
2025-10-14,342.7538146972656,349.267669476328,338.2917194609827,348.7298204480106,22078000
2025-10-15,349.92498779296875,357.96272246505765,346.1103176658243,353.05244525324514,23918500
2025-10-16,352.7337341308594,361.78737921559485,348.09236600682163,355.3731305974428,20317200
2025-10-17,347.9330139160156,349.56647013629697,339.41721757415945,348.21189297855904,20937900
2025-10-20,347.8433532714844,355.16396614831154,346.4489580557878,352.3851150572024,15640200
2025-10-21,341.2897033691406,349.6959541684103,339.94509595160935,348.6003469987353,16092600
2025-10-22,338.9391174316406,346.6183067837734,334.16829467718156,345.91112421133204,19268800
2025-10-23,342.9131774902344,345.1840584530217,339.03871918336426,339.03871918336426,12859200
2025-10-24,352.71380615234375,356.86711291413076,349.4768032037389,351.10028954586335,16143700
2025-10-27,360.6021423339844,361.2993551775869,353.66001429366173,360.09420250359625,20065800
2025-10-28,371.47845458984375,372.5640919166608,361.08020282655286,361.1698392595339,21056000
2025-10-29,384.43646240234375,384.9344628835344,371.697601582736,371.697601582736,24975200
2025-10-30,374.9644775390625,384.8547596427306,368.5801078246286,384.8547596427306,24295300
2025-10-31,368.1518249511719,377.305075838318,363.63994199904664,376.7572570949544,21598400
2025-11-03,361.1001281738281,373.3509579573757,360.5324307393669,370.5123492029235,17198900
2025-11-04,350.5325622558594,367.47454744020746,349.5963189699949,357.0862348613752,24047500
2025-11-05,357.54443359375,363.41086341015694,348.6899705182648,349.48678951919794,17087600
2025-11-06,354.16796875,362.0463397915529,351.29948119455554,358.6698820328004,19896900
2025-11-07,348.0325927734375,353.08232471234805,335.9212179877443,352.77356686003935,21903200
2025-11-10,356.9568176269531,358.56036466797076,353.1919046182223,356.4687564616332,16409000
2025-11-11,350.552490234375,360.4428028921463,348.2716699151433,357.53446670774576,16446800
2025-11-12,353.7994689941406,357.4348664885674,350.2736170175513,356.6081990499921,12190500
2025-11-13,338.62042236328125,352.1361324910433,332.8236893948727,350.17400935481726,22616600
2025-11-14,341.0904541015625,343.3613349004467,327.74404833985596,330.14441411689927,18500800
2025-11-17,341.27972412109375,350.7915515614277,336.1702343142005,338.461054767955,14799600
2025-11-18,339.1383056640625,346.5784335856418,334.16827091115164,341.8275202460445,21726800
2025-11-19,353.0026550292969,358.25156886971325,336.44909441350086,339.347460701947,21851900
2025-11-20,345.4330749511719,374.5760436127567,343.7996187173591,364.53636688248895,28867000
2025-11-21,338.83953857421875,347.20594055476573,330.47310619813464,343.7796948225024,30280300
2025-11-24,376.4485168457031,380.47236926173474,346.26969971430924,346.339427076904,47262400
2025-11-25,383.4902648925781,386.5778740803683,370.26337279120474,383.3906587131904,33507600
2025-11-26,395.9801025390625,398.2708925516895,381.7273314642951,384.0081517409119,28693000
2025-11-28,401.3485412597656,401.3883898092069,395.5717478078233,397.75299235778425,13365500
2025-12-01,384.5360412597656,393.8387170709335,383.55997976196386,393.27098922290344,23252000
2025-12-02,380.0440979003906,391.9263821926491,378.271217387361,386.7571347201425,22207000
2025-12-03,379.087890625,380.7711345894799,369.1677301019884,378.4803446615845,21336400
2025-12-04,379.5062561035156,382.35483474134327,375.024251647339,379.1576496778165,15845900
2025-12-05,388.6794128417969,391.9562645778702,383.6097714993245,384.6257119524167,24779900
2025-12-08,399.4960021972656,405.6612507420261,395.8107863850061,400.8704884234115,30410600
2025-12-09,404.6652221679687,405.3026469508859,393.92833346962834,397.1553667228235,24546000
2025-12-10,411.3185119628906,412.9519377089591,397.9621356270513,400.591592714844,31531000
2025-12-11,404.7449035644531,407.66317907015735,392.61361921715974,403.2110535816976,45681600
2025-12-12,358.4906005859375,380.47234798569394,353.72971744738294,378.4404976165911,95588500
2025-12-15,338.4510803222656,360.5523438301254,336.1602902959243,360.44279831550426,65894900
2025-12-16,339.93511962890625,346.11033781431183,333.7200832894025,334.67623571189444,58061100
2025-12-17,324.7162170410156,345.22387284443886,320.13463701193336,345.22387284443886,73300900
2025-12-18,328.5608215332031,334.6862217306807,322.33581515455944,334.6563429158848,54501900
2025-12-19,338.9988708496094,342.07654055222406,331.24998462648665,332.00695507974194,159095200
2025-12-22,340.7352600097656,345.5152112478357,336.5141036420898,345.3056593647258,28739600
