Date,close,high,low,open,volume
2019-08-19,360.6457824707031,362.6627453623523,358.6203625489266,362.0102091937212,473000
2019-08-20,354.4847412109375,358.82374072572645,353.8406620802345,358.82374072572645,401700
2019-08-21,356.7221374511719,360.1458908271295,356.0272124743094,358.30688709323454,351200
2019-08-22,355.08648681640625,359.256010165198,353.0780065301673,358.4763339459185,551900
2019-08-23,345.12872314453125,355.06097374380346,343.28126313555197,353.3406277973733,853300
2019-08-26,343.62030029296875,349.05253295289896,341.984705401069,348.883030266053,812300
2019-08-27,347.89154052734375,348.22203717015,343.44236622143256,344.6203246367933,1068800
2019-08-28,350.7135925292969,350.8237667026513,344.4000175590026,345.7729015539195,590700
2019-08-29,357.6627502441406,360.027149813321,353.38305305628217,355.08645938325486,699700
2019-08-30,358.1034240722656,360.8915803860922,356.72205732396446,360.1373270376414,466300
2019-09-03,352.3914794921875,356.7728413664822,349.7389206156444,356.7728413664822,540200
2019-09-04,355.05682373046875,357.64517351530435,352.0498780318166,355.603524540623,525000
2019-09-05,362.81329345703125,367.30661013907485,359.4902829509583,360.3359993960858,888800
2019-09-06,362.05303955078125,364.0178099699077,359.78930556448955,362.95000846039534,467200
2019-09-09,368.0497741699219,369.77533176485207,362.93285237858316,364.7267638586927,724700
2019-09-10,365.9056091308594,370.8345706165398,360.0113510852,369.03213450989233,734800
2019-09-11,369.74114990234375,370.8602296849717,362.0786064814654,366.70005378655,605100
2019-09-12,371.38128662109375,373.51688918935764,366.24728970478975,369.80948625917557,602200
2019-09-13,378.39459228515625,379.9578679397173,373.3631262684594,374.2856950931143,586500
2019-09-16,372.2013854980469,378.11274543006573,369.4165772159007,375.15707849874116,697400
2019-09-17,375.16558837890625,375.47312872141816,371.33005430133636,373.26064746951994,675300
2019-09-18,378.5653991699219,380.09449767548693,374.9519507894281,378.04429866650804,641700
2019-09-19,379.2659606933594,383.51153986578566,377.65998330621517,378.89861721952246,517700
2019-09-20,379.6161193847656,381.9567310673852,377.42071405374764,381.1281163661905,1228200
2019-09-23,381.16229248046875,382.7682434424888,376.08809954912596,376.66897709300747,647100
2019-09-24,377.6770324707031,384.38282963616916,375.1314109365315,383.63964412600853,765400
2019-09-25,380.2995910644531,380.6156560950931,373.5596163843428,377.5745599152618,597500
2019-09-26,380.9914855957031,382.0251099051837,377.7026525353199,379.89805815963814,516700
2019-09-27,381.10260009765625,383.99846397684024,376.67763729394255,383.1954752278271,539200
2019-09-30,380.6839599609375,383.5371216842318,380.1372332245774,382.77683470448716,362500
2019-10-01,370.47576904296875,383.2723081819632,370.1169763643912,380.67540832898743,597000
2019-10-02,359.0887756347656,366.7513193307142,356.62003241629236,366.04231068951606,743200
2019-10-03,358.4481201171875,360.15660243472274,351.2724995974136,357.8330915094713,505400
2019-10-04,365.1367492675781,365.35886025404614,358.0038322088382,359.76356645866946,349800
2019-10-07,361.4891357421875,364.9658764176572,359.87460791619725,362.8473756547031,566900
2019-10-08,352.9382629394531,359.00338008250475,351.73377983646105,358.2430929752679,498400
2019-10-09,356.36376953125,358.2089073577845,353.62163684281774,355.20198808447964,380800
2019-10-10,359.1059265136719,362.9500119852489,356.2783901745728,356.2783901745728,587400
2019-10-11,370.7406005859375,372.36365330089654,363.44537501692054,365.6151544948877,733500
2019-10-14,370.9200134277344,371.1677506412796,367.0076007372969,369.27988514687735,709800
2019-10-15,379.6674499511719,382.6829198534252,371.63756312308146,374.0038275462102,834700
2019-10-16,381.33319091796875,382.18743194873,379.33427003431143,380.1372586887764,482800
2019-10-17,384.9808349609375,388.1500620351124,383.5542409017607,384.3999312199029,544600
2019-10-18,380.1714172363281,384.5707531180307,379.7955491154287,383.32356857288227,527900
2019-10-21,387.5264892578125,388.1586454307227,381.87996781661286,381.89704325449713,568600
2019-10-22,384.68182373046875,388.90177646959927,383.554219323471,387.50935943102337,403100
2019-10-23,390.4393615722656,390.66147255864695,382.98182878832546,384.263190197083,374000
2019-10-24,388.3892822265625,392.5067308033046,385.869260420334,390.8836517718376,404600
2019-10-25,392.7799987792969,393.4634072164052,385.83504139341215,389.3630348018541,475400
2019-10-28,398.5546875,401.06615817990274,394.2066038442224,394.2066038442224,584100
2019-10-29,398.2130432128906,402.1681837654716,396.8804291526278,397.17941875819054,473700
2019-10-30,398.87939453125,399.40046915846557,393.48913455672283,397.56385576232975,323600
2019-10-31,394.4032287597656,398.8794449444436,391.2425254408987,396.55590750603704,429500
2019-11-01,400.7843322753906,402.8601320156208,398.34118902751743,398.383890657318,441500
2019-11-04,407.071533203125,407.30216892810546,403.97918441854443,405.6620405228357,544100
2019-11-05,412.12005615234375,414.2129571622642,406.4393583574615,407.07148839518544,716800
2019-11-06,418.1851806640625,419.92781367673723,412.6667645824867,414.23004033927174,792800
2019-11-07,418.71478271484375,423.1824726474687,418.1851574519951,420.45744170015786,756500
2019-11-08,418.7574462890625,420.23529250867216,414.870660417615,418.44993206220164,356200
2019-11-11,415.8360595703125,417.5616173202167,414.64012716595454,415.5028930062211,414100
2019-11-12,415.8360595703125,416.5450682591697,413.8029614482184,416.0154429136234,365300
2019-11-13,414.7937927246094,416.7841627077829,410.5225878883555,412.19689288474467,330100
2019-11-14,413.9566650390625,414.8450830256521,411.60750216434303,414.2812808073953,413300
2019-11-15,419.39825439453125,420.184167773069,413.4527429115906,415.22102846127103,342100
2019-11-18,420.0644226074219,420.77345717146727,417.4589982232825,419.2699848066748,303700
2019-11-19,420.969970703125,423.5156183668513,419.54340277662874,421.1408293374997,350600
2019-11-20,417.5616149902344,420.8931502657028,414.45219075625425,419.07361244273164,438800
2019-11-21,414.2899169921875,418.15107792843173,412.20556632615677,417.72395731767745,526700
2019-11-22,414.306884765625,416.6731229493145,413.5380730799332,414.306884765625,483100
2019-11-25,420.1669006347656,420.76487966984524,413.76009412760817,415.36607112983364,434700
2019-11-26,419.3383483886719,419.8252459127287,416.4424590829844,419.2272928951514,525100
2019-11-27,422.1744689941406,422.5418124644277,417.604274087281,418.9454388145814,299700
2019-11-29,422.7724304199219,424.4723617239434,421.5337705012113,424.17337215018216,239600
2019-12-02,418.32183837890625,423.43873375210075,417.6469806729459,423.08849180519394,379800
2019-12-03,414.9561462402344,415.3405390761622,408.9081049279533,413.99940042276734,465700
2019-12-04,415.7505187988281,421.1407769620221,414.87065168689503,414.87065168689503,730800
2019-12-05,421.6936950683594,421.9001303942908,415.0023295481662,417.2299150124346,460600
2019-12-06,426.3897399902344,429.77842924200826,423.0268518750032,426.14031150542644,507000
2019-12-09,427.5163879394531,428.3936527360364,423.2418251241116,425.1339695133313,372800
2019-12-10,424.9017028808594,428.2473981876964,423.88682342300206,428.1355845402937,354100
2019-12-11,424.79852294921875,427.7485660979607,423.68902178420575,425.1167456580408,469600
2019-12-12,431.8597717285156,433.21009239139016,424.4631400292317,424.9103947058903,535800
2019-12-13,428.8409118652344,433.3562943353729,426.1574887682694,431.4039384116127,455600
2019-12-16,431.7995300292969,435.89348487384774,431.08568116852825,433.1412414704401,426900
2019-12-17,432.0059814453125,434.52598849302433,430.1224198813306,433.07246333639284,425100
2019-12-18,429.59771728515625,432.76280486315113,428.4624412354078,432.76280486315113,542900
2019-12-19,432.0489501953125,433.35625135081045,429.19350231235194,429.4687318968792,428300
2019-12-20,429.6837463378906,435.5064294648231,429.53754866743134,435.5064294648231,967600
2019-12-23,429.7439270019531,432.4617598745914,427.98076222441756,431.4296621390908,361200
2019-12-24,429.72674560546875,430.69002285047014,427.83457512611864,430.2943705019374,126400
2019-12-26,432.82293701171875,432.84015526241694,429.804099962854,429.8986953523607,157000
2019-12-27,432.6251525878906,433.94964557237813,431.4296390042546,432.831561624988,221700
2019-12-30,430.75885009765625,433.47668324546316,429.68375911738474,433.47668324546316,276200
2019-12-31,432.3585510253906,432.52196693599905,428.55701819323906,430.6900079098462,296900
2020-01-02,437.75982666015625,438.6370913939029,434.2679334833565,438.6370913939029,560400
2020-01-03,433.1068420410156,435.79887395445536,431.3436771509439,431.51570220028566,337300
2020-01-06,433.4766845703125,434.13893116714195,428.754893369677,430.18261734552175,411300
2020-01-07,436.24609375,438.48228811074114,432.51338122932344,432.51338122932344,453900
2020-01-08,436.1429138183594,438.7575424297901,431.9629464413963,436.7191478848689,726500
2020-01-09,441.3033752441406,442.782727900051,439.15321928410526,441.9742572902899,477100
2020-01-10,440.5121154785156,443.1439363562759,438.9897959503495,442.516099960584,484000
2020-01-13,449.9127197265625,450.20516760866747,441.44963183261245,441.44963183261245,651800
2020-01-14,445.7929382324219,451.53821821434013,444.2448176974796,447.3668861487072,923600
2020-01-15,456.0621643066406,457.2318505953221,445.94770082230445,445.94770082230445,1005100
2020-01-16,460.1390380859375,461.7817543578899,456.0536914861091,461.7817543578899,778100
2020-01-17,460.3454284667969,463.7513361810955,458.6166734715397,461.9107675049232,669100
2020-01-21,455.0989685058594,459.4079419598044,453.91206375226915,457.5673734294913,775800
2020-01-22,461.7386169433594,464.12103511972595,456.991051337586,458.0145399499741,778100
2020-01-23,466.10791015625,467.87965823285913,458.3156517714974,458.9348790628868,804500
2020-01-24,461.7215270996094,470.7608485637615,458.21241520951867,468.24084143877747,751200
2020-01-27,450.5146179199219,456.1223079633387,446.90230256983534,448.95788864337794,516500
2020-01-28,455.812744140625,459.0810626868966,451.66723955342513,454.08404195547774,496600
2020-01-29,461.42047119140625,466.30567864080854,457.87697527744064,459.665941489583,434700
2020-01-30,464.1726989746094,464.6629467778316,454.9010888444975,456.7330481374465,511000
2020-01-31,453.5593566894531,463.6566551588299,451.6930134670722,462.6675504701651,646400
2020-02-03,455.9073486328125,461.9880688827381,455.6665030808924,456.03632804019423,503100
2020-02-04,460.3454284667969,464.7146136669138,457.08577094734784,462.86543586225787,851800
2020-02-05,467.4322509765625,470.1844938610106,462.263206128371,467.74191701587966,943000
2020-02-06,477.0566711425781,477.54691904673183,465.5833268415131,471.38021040076865,824400
2020-02-07,477.9768676757813,478.2091041389225,472.6100215985426,473.0400580149198,712900
2020-02-10,482.5867614746094,482.7157933749386,475.87820504557106,475.99862781992226,744100
2020-02-11,490.6199951171875,491.3682543527244,484.9779189016496,485.12411659850454,598900
2020-02-12,492.37451171875,496.0986420343638,490.2501568759571,494.40432363696374,426300
2020-02-13,488.9942321777344,492.6065473451075,487.97935287977,489.11465493206794,479700
2020-02-14,486.7496337890625,489.31263409935207,483.9716152649652,486.5776087190801,472400
2020-02-18,485.7776489257813,486.13025562738704,483.6274672229716,485.9410648349816,403200
2020-02-19,492.0218811035156,492.82174255384865,486.96464855103255,488.50416005289753,383200
2020-02-20,487.59234619140625,492.7786091934147,482.1738992825809,490.24138451148355,475200
2020-02-21,479.06060791015625,485.81215921406846,477.34046210078407,484.5736521315331,494200
2020-02-24,454.1185302734375,465.5660994576262,453.8175257304119,461.04210721522173,1063700
2020-02-25,435.19677734375,456.8104080544866,432.1607218244271,456.0621490202874,1064600
2020-02-26,437.32122802734375,445.483336940919,434.75820157357595,437.06321668016625,959600
2020-02-27,409.2398681640625,430.7760733446042,409.2054579009436,426.28651828284825,1286000
2020-02-28,398.2222595214844,400.2864287017135,386.18982489352607,394.9883778491465,2039300
2020-03-02,419.6639404296875,419.8703495105551,396.98382401246585,401.77443599387345,1278200
2020-03-03,414.6153259277344,433.45952525858735,409.5494842323837,420.00797325897247,1589800
2020-03-04,429.23480224609375,431.36662666101,415.3605549876521,422.9779614565669,1175000
2020-03-05,409.4417114257813,418.0470264407299,402.60423795130833,413.6880379264457,1022200
2020-03-06,390.3246154785156,397.73402173171263,381.75394401620014,391.737175199523,1460300
2020-03-09,363.1134033203125,377.92356677310033,351.1023357681739,356.50992775696307,1478200
2020-03-10,397.7686767578125,397.78599920556405,376.3030433084142,382.45587096381973,1608300
2020-03-11,373.4778442382813,388.2273367500121,365.8517903112515,385.6362164774528,1263400
2020-03-12,334.6976623535156,363.9713576308207,332.27984521566606,345.2355029289768,1669700
2020-03-13,358.5810241699219,363.3126432276261,336.24012225912094,359.73358821028677,1579400
2020-03-16,309.6182556152344,326.33494509376044,306.784488548079,319.28949631812185,1569300
2020-03-17,335.16552734375,345.1140577257723,307.98034611833185,317.3569185163998,1609700
2020-03-18,323.5531311035156,324.6017340961163,280.7605289326144,309.5229288484451,1969400
2020-03-19,344.35150146484375,359.76829323892304,304.4359842978698,318.29290964861315,1593700
2020-03-20,307.399658203125,348.7190464564627,304.141241105651,347.5144889314753,1363100
2020-03-23,283.7415466308594,307.3996629392878,282.7536121544567,307.3996629392878,1422800
2020-03-24,322.1146240234375,323.2931851098222,300.0943563149295,302.7027994194805,1319600
2020-03-25,347.835205078125,381.29455036052184,326.7075357994955,333.55365659193967,1951000
2020-03-26,391.6157531738281,393.8689139665633,351.4662669355361,353.6240881663406,1598200
2020-03-27,376.3982849121094,389.5185952571481,364.9418548620027,371.3720255848742,1044200
2020-03-30,394.6055908203125,395.3855240991015,376.5456831506572,379.5701031351374,1177300
2020-03-31,381.2771911621094,397.4479159015782,378.6947191405011,391.6070528020655,1389200
2020-04-01,354.9067077636719,367.8710121166422,348.28588344963964,362.3334357770406,1163700
2020-04-02,369.6300964355469,375.99092348634224,352.00349378300183,353.72801558532046,649300
2020-04-03,362.2987060546875,375.2196880419546,356.19784748613415,369.78610054868153,612600
2020-04-06,389.5532531738281,392.5517022938742,375.5836929929223,383.0451180099976,957900
2020-04-07,384.007080078125,406.4953192129409,383.01917165094846,406.43465097757905,831100
2020-04-08,390.8098449707031,394.856870756817,382.71581984495737,386.33819447116065,772300
2020-04-09,408.5317687988281,414.83192871208286,397.27463926811,398.63520490155975,1154600
2020-04-13,392.0404357910156,407.50919500535895,389.319304308659,406.3132850645262,689100
2020-04-14,396.9280090332031,405.5593204948719,395.5847922781248,404.5194184270153,566300
2020-04-15,383.9637451171875,390.8358638257707,381.30328178123966,383.46110325389975,590400
2020-04-16,397.760009765625,401.1050934983243,385.4976471211256,385.80096186461554,764900
2020-04-17,413.2547302246094,420.0315353291753,406.73792047990463,412.77811173458616,977200
2020-04-20,407.9944152832031,411.8421133437522,402.2315426371101,405.4292920583297,589500
2020-04-21,411.0881958007813,413.90464003229823,392.8549617400388,398.6958517606982,1200700
2020-04-22,416.8338012695313,422.7960020762998,412.10218174121655,419.7109141036202,842800
2020-04-23,408.3410949707031,420.0921648082043,406.70321162804623,417.1110647928491,512300
2020-04-24,411.7555236816406,412.5267824065904,406.98923309269776,412.5267824065904,517600
2020-04-27,430.3960266113281,431.6959240196658,413.41936963201493,416.8944371665116,613900
2020-04-28,431.3666076660156,442.64973397113783,428.75816487912147,440.2925856389392,655700
2020-04-29,443.1697082519531,447.1647136387951,433.8104309358107,442.54575643087696,638000
2020-04-30,435.0669860839844,440.1799103903501,431.4012660226334,434.3736916268545,580300
2020-05-01,419.5721740722656,426.773602764892,418.6969014557914,425.8636852630062,526300
2020-05-04,417.2757263183594,419.1822265753332,409.9962799571591,415.1005562766667,634900
2020-05-05,420.7247924804687,427.8655803249856,420.196180221484,422.99527575335026,525900
2020-05-06,418.91363525390625,426.1064173950863,413.0814453098667,424.3992175952532,520900
2020-05-07,431.037353515625,435.73430162654546,427.5189399857731,428.853508811132,537100
2020-05-08,432.2419128417969,438.49875382578693,430.3700572803461,438.0914515538998,450500
2020-05-11,427.3282165527344,430.8552774983265,423.4545480703419,426.60027725390694,699600
2020-05-12,393.8167724609375,410.195468341269,391.138987982972,409.7534949262022,3499000
2020-05-13,420.9934692382813,426.17573690908694,395.602148078228,398.6265678668168,9666100
2020-05-14,431.7392578125,433.42046052965105,408.55775467418795,416.8337573655355,11804100
2020-05-15,445.1975708007813,446.80948399336614,425.08382971703264,428.9661999973387,5957000
2020-05-18,447.5372924804687,458.24843330843623,445.9427814467221,449.76445615385734,5587200
2020-05-19,434.3390808105469,446.8007686611689,432.2852206137592,444.0969861824629,2099700
2020-05-20,440.8731994628906,444.56491658984385,436.2975616131585,441.5838163979674,1496400
2020-05-21,440.67388916015625,441.6444749788285,436.8955069986335,440.30123180945026,1007600
2020-05-22,444.8248901367187,445.0588885999556,435.89893835924704,438.4987332202366,632700
2020-05-26,453.7768859863281,459.4271240014755,451.853010196946,454.964121462326,1064300
2020-05-27,464.8433837890625,465.6666099208121,455.25013354866473,464.71337287722486,1182100
2020-05-28,465.2246398925781,476.62904988603947,463.6387502438373,475.31180358606144,1132800
2020-05-29,458.11859130859375,463.1968452431396,451.10778697298025,459.8951074516996,1159300
2020-06-01,466.42926025390625,470.6582648618312,456.4633782191515,457.56397516091425,668000
2020-06-02,469.1243591308594,474.69657999685376,466.60252839256214,471.77614788174105,846800
2020-06-03,474.64459228515625,478.3102863101311,470.3982392937989,476.629083427414,1071500
2020-06-04,476.4852600097656,478.1864117506182,471.08522538889946,472.768912490139,913400
2020-06-05,485.5056762695313,490.35610703272374,481.22226056970374,486.7880493361181,1438000
2020-06-08,486.2035217285156,490.2077157931064,480.28876023984503,486.10751946928775,1133400
2020-06-09,486.84039306640625,490.7137624948664,477.14826379862296,478.0380552141017,851900
2020-06-10,486.84039306640625,495.1454679165472,484.72051600193055,488.0530140762867,779700
2020-06-11,458.1827697753906,478.6487727674772,454.6321763921711,474.6358456208323,1250800
2020-06-12,459.7791442871094,470.3262421046628,450.23530478590993,469.6894217319002,1065600
2020-06-15,473.7284851074219,479.4512951512142,449.9037387990752,452.0934208787458,1242900
2020-06-16,480.15814208984375,487.57337469654385,470.518297104439,487.57337469654385,826900
2020-06-17,484.3714904785156,489.8413296668047,482.2516136425668,484.1359841050848,704600
2020-06-18,485.7149963378906,487.0933183063807,478.5265941500658,479.6955534522458,531800
2020-06-19,484.49371337890625,494.6220331741921,477.0610181720197,494.6220331741921,1875200
2020-06-22,482.6094970703125,487.2854424293604,478.57910457665776,480.4808871313631,478600
2020-06-23,483.8656921386719,490.268932895168,482.60946253924385,488.5329048419424,605900
2020-06-24,469.8377075195313,481.4665479404909,467.805047191095,478.6313129131544,868800
2020-06-25,477.165771484375,480.1580824207658,464.7605506231284,469.1399162570704,713900
2020-06-26,466.5924377441406,474.9411210206888,461.1662595155845,472.9259252812359,1167800
2020-06-29,464.8652648925781,471.5826035438386,463.2251857440876,471.0853404061283,774400
2020-06-30,474.6532287597656,476.3019863926425,465.82469471053537,465.82469471053537,1067100
2020-07-01,474.8539733886719,476.73829109937947,468.86945829140257,474.8277764259528,548600
2020-07-02,481.3531494140625,489.02135076058875,478.60513100282606,484.58964526968344,742000
2020-07-06,486.3955078125,492.37134336769384,485.9942470490394,488.5328496790167,703100
2020-07-07,479.1373596191406,488.94290453576554,479.07628661571215,482.7490264217138,557300
2020-07-08,486.4478759765625,488.4805366069653,479.36415351559265,480.69018836404194,435700
2020-07-09,479.3204650878906,486.3256487380536,474.80154311738465,483.6998296878055,462700
2020-07-10,483.3683776855469,484.9735272418015,477.0000136446552,480.2714389991395,489500
2020-07-13,482.0423278808594,493.095368425248,481.5537971729818,486.96256423967515,786400
2020-07-14,489.6931457519531,490.7225479000216,481.0827582609197,482.2168417633099,567300
2020-07-15,496.0265197753906,499.8736917760715,488.7421155306235,499.2456037946724,767600
2020-07-16,494.6046752929687,497.0473290948136,491.2547120462533,493.1564944078989,729900
2020-07-17,512.715087890625,516.8676247227883,499.56836968933624,504.5408925092837,1150200
2020-07-20,505.6315612792969,510.34243583147133,503.4768076638008,506.1724327635859,706700
2020-07-21,505.9802856445313,510.1240897079994,504.4884970131812,510.1240897079994,523000
2020-07-22,508.1962585449219,511.7555840814786,504.21820762024777,506.26833269892063,460500
2020-07-23,504.3665161132813,510.3859061396938,501.81039586800745,506.250833476944,453600
2020-07-24,497.7975463867187,504.2357160169848,495.21528202891886,504.2357160169848,421600
2020-07-27,501.9064025878906,504.4799342487464,493.200013941179,496.1486626142362,618500
2020-07-28,497.8674011230469,500.9119995649035,496.38434410309173,499.78664825205567,488900
2020-07-29,503.8866882324219,506.1636405965603,497.0385262381441,497.0385262381441,724800
2020-07-30,499.952392578125,499.952392578125,492.02243312668065,496.65476986192186,341200
2020-07-31,501.6272277832031,501.8976634509236,494.36028754007896,499.28925579384696,375900
2020-08-03,505.9368591308594,509.0774062514046,503.63376284466926,505.41339911353066,496400
2020-08-04,498.1637878417969,502.22037558486255,495.450699192174,500.4407397969686,513100
2020-08-05,507.85601806640625,510.2724743629619,500.07435043940006,503.1102689256331,465800
2020-08-06,507.9257507324219,508.9028119965226,501.67953384793213,505.94548449410206,455000
2020-08-07,513.1253051757812,513.2561835023936,505.4745138843762,508.3097494968473,469900
2020-08-10,506.15484619140625,512.2265764287395,505.6924592703578,511.3978580916599,465800
2020-08-11,511.7730712890625,520.3834585599652,508.88549530682064,510.6040585345472,576800
2020-08-12,514.91357421875,528.4179998826827,509.81890472226536,516.5711175542317,612200
2020-08-13,514.3203125,519.3277648090371,511.8427300556994,511.8427300556994,359700
2020-08-14,513.36083984375,516.8503604274787,509.52234590330505,513.4916649181247,316700
2020-08-17,516.4752197265625,519.5372291721827,512.8635533086235,515.515569662424,411100
2020-08-18,514.0151977539062,518.8568976003949,513.6574920257309,515.6552769202141,456200
2020-08-19,514.4861450195312,519.5459387639396,513.6573733058949,516.7369005034451,418700
2020-08-20,508.91156005859375,513.1862431556576,506.8876321643896,510.2375946348285,552400
2020-08-21,509.50482177734375,512.9594659204166,507.66411266333455,510.6999781780683,418400
2020-08-24,515.9691162109375,516.1784788731643,509.7228461433324,512.4185235341145,381600
2020-08-25,515.7073974609375,518.7170655092108,514.8088206089337,518.5862404721538,373300
2020-08-26,516.536376953125,519.676978118187,512.8724221293581,515.9780940035349,540200
2020-08-27,519.0487670898438,522.4685358947529,516.4403587471961,517.2691306066987,428900
2020-08-28,524.352783203125,524.5708782291345,516.5275592279169,519.5983009869478,436000
2020-08-31,518.3595581054688,526.9874104788789,517.9059033934786,525.6264995887667,581700
2020-09-01,520.1478271484375,524.3178289819241,517.4522028466077,518.8392571875129,402800
2020-09-02,530.4070434570312,531.8813677964745,518.3594777083429,521.4564160793578,684200
2020-09-03,508.24713134765625,531.3548737276096,503.4904474319458,530.1964092616118,739200
2020-09-04,495.5304870605469,512.6089881726524,489.58898369246776,510.6079892561544,822100
2020-09-08,484.9201354980469,492.1429845224323,480.9357599818399,491.45841521093473,837100
2020-09-09,491.6251220703125,495.06537717030943,487.3686868697526,492.88889690214165,830500
2020-09-10,476.8196716308594,493.1873043948078,474.97669124430473,492.90645959545,891000
2020-09-11,474.9679260253906,480.4530506940928,472.0366518335411,477.8464915973768,660900
2020-09-14,480.3916320800781,485.5081715953357,476.7846267944448,478.3379777445484,631400
2020-09-15,481.0761413574219,485.7012157612101,480.3038850607549,485.420370941662,626400
2020-09-16,492.9853210449219,497.5050841471817,481.6377041969493,484.288132961554,1003900
2020-09-17,481.29541015625,487.78103278431087,477.87272536574136,487.0350774438,1033500
2020-09-18,488.7640380859375,490.729898004458,481.3481395458947,481.3481395458947,2989100
2020-09-21,484.9639892578125,488.623649130348,476.1263507075861,481.4885952766065,659600
2020-09-22,483.3930358886719,488.4393503729862,477.89039547564784,483.7002349966833,565600
2020-09-23,472.63336181640625,485.2096689215317,472.20333667216687,482.9629643095697,511400
2020-09-24,469.5704345703125,475.7664278369023,466.72695516265065,471.527563029316,552800
2020-09-25,480.7688903808594,481.7255195116247,466.3583885664157,467.7274732829862,486400
2020-09-28,490.2823791503906,494.9249691433288,486.20142518421983,486.58758008331057,567000
2020-09-29,486.9035034179687,493.39791201901954,484.7708935168319,491.60753316448466,409700
2020-09-30,494.582763671875,501.0245183453524,487.1756483790226,489.0098978346466,741100
2020-10-01,498.4091796875,507.47500981441095,496.88212936898344,506.2463738821879,551300
2020-10-02,500.3487243652344,504.34188476582926,490.7475591491555,491.9411095273875,523400
2020-10-05,509.8795776367187,510.35352665105944,502.87618817797585,504.36815267802456,435300
2020-10-06,509.2214050292969,518.322319600197,507.3784245656979,509.8796199899637,704300
2020-10-07,519.5948486328125,520.2442787852447,512.8108639788018,512.8108639788018,573500
2020-10-08,530.468505859375,532.021910022388,521.6045674425793,522.4997032001004,538100
2020-10-09,536.7258911132812,539.1217757745036,532.3465773419772,535.8745721425961,525100
2020-10-12,539.6397094726562,544.7035398363378,538.5602005783919,540.0609498807589,644700
2020-10-13,560.7640991210938,567.197015207008,549.5305201756544,556.5602650042973,1154900
2020-10-14,561.5449829101562,564.7132309587374,556.4547990071261,563.2827064623908,694200
2020-10-15,567.1529541015625,569.4874525322055,555.2173474448525,556.4899067403595,792700
2020-10-16,576.9297485351562,578.8517381734586,568.697669953356,572.2432349083145,765500
2020-10-19,557.192138671875,585.056571872369,555.5597784330557,577.6933276921311,775700
2020-10-20,566.1262817382812,571.3129918371822,558.7103827860838,558.7103827860838,473500
2020-10-21,557.2798461914062,573.7176496140089,557.130665808276,567.451484300199,452600
2020-10-22,557.4464721679688,559.7721857890087,552.7424434524017,557.2885070505417,483300
2020-10-23,559.3158569335938,560.9394320918664,555.9809125001101,559.8073218652055,494200
2020-10-26,546.0462646484375,554.2959121817669,540.4646155849482,552.9004731330638,686100
2020-10-27,539.3238525390625,548.1439229604804,538.3935239018232,544.4052531329381,349800
2020-10-28,527.1949462890625,532.2324747680676,523.2895279330187,528.9326161442253,645600
2020-10-29,528.6168212890625,532.3554907179001,518.0239424292455,526.7562713443486,447400
2020-10-30,525.878662109375,527.3354876369417,515.9527827574356,524.4481373257887,530400
2020-11-02,539.6220703125,542.6761700085439,532.2325267568604,534.4353609770811,462400
2020-11-03,552.2511596679688,555.8318642008542,543.2467700621817,544.914269457947,560400
2020-11-04,571.8570556640625,577.4562744242024,550.9784993430682,551.3997397174079,811700
2020-11-05,586.4168090820312,589.7605385643005,579.0360497203794,580.1242897627001,714400
2020-11-06,574.753173828125,586.2499706893328,574.130044545702,584.547386296501,493900
2020-11-09,584.512451171875,607.9536455510938,582.0199869665913,601.2749706452637,870000
2020-11-10,579.7557983398438,584.9688637119755,566.1702567615458,580.1683076279808,758000
2020-11-11,588.54931640625,593.0515097332062,585.3986916935205,588.6984967562271,455800
2020-11-12,579.0447387695312,586.8380067470379,574.7268644249108,584.2841567411023,501700
2020-11-13,587.8032836914062,588.9704791664407,577.7281744805873,579.2289232471793,664100
2020-11-16,593.6482543945312,598.9754121066401,587.3645212591201,598.9754121066401,607600
2020-11-17,585.8025512695312,593.6748303360814,583.1872608728705,593.6748303360814,768900
2020-11-18,587.9085693359375,593.8412860253948,587.0836048217411,588.707179552297,509000
2020-11-19,591.0593872070312,592.6918008041592,582.0725686994891,584.4684536994018,471200
2020-11-20,590.3836059570312,593.0515507344115,587.1276173752443,591.5332856959618,396200
2020-11-23,599.30029296875,604.6801072063619,591.3754131769268,594.0433583721071,505400
2020-11-24,613.719482421875,614.9130324299288,602.4859602991307,609.6560986811453,652000
2020-11-25,617.5021362304688,618.0726106021265,611.1920468919096,612.6840114622179,401200
2020-11-27,627.5946655273438,630.8769549210014,618.8448220670136,620.2577770514431,313400
2020-11-30,612.885986328125,625.9098924130628,612.3418661416852,623.3823421947767,888400
2020-12-01,627.699951171875,632.3338091229391,618.8974530103604,622.8203875470983,549500
2020-12-02,630.4468994140625,630.8418390075902,622.2148220218845,627.498109962862,484100
2020-12-03,631.0556640625,636.7009797555335,627.8272851545221,633.6489732198149,604400
2020-12-04,620.5147705078125,635.3513142401561,614.4108118653111,629.2914486864487,816100
2020-12-07,625.8248291015625,625.904239723578,616.5983377398486,619.835545394879,680600
2020-12-08,629.7324829101562,633.8165042858495,620.5235956169115,623.443268732802,598200
2020-12-09,618.9359130859375,631.6995979562482,614.6666896570688,631.426156182241,489400
2020-12-10,616.0514526367188,619.8708616095457,612.382035536216,617.0923510069687,438600
2020-12-11,613.2200927734375,614.834309157077,608.1481487695049,610.662047305931,488100
2020-12-14,603.2702026367188,617.9391502712285,602.8644815949239,617.9215453374882,658500
2020-12-15,615.8485107421875,621.0968796370831,608.9242278571477,609.9739016361268,617300
2020-12-16,616.0162353515625,625.216293870401,611.7646168871496,620.9823341776427,849400
2020-12-17,622.7552490234375,625.9924568385007,616.8276630391991,620.100188393664,832200
2020-12-18,616.3954467773438,623.2756371672858,609.9562949231379,621.9966684838204,1610700
2020-12-21,616.4219360351562,620.5588796612764,607.9010413603597,612.161488697758,631800
2020-12-22,611.73828125,620.6825043735603,610.1769871628334,617.4541250653898,596900
2020-12-23,620.6647338867188,624.6605150917994,614.1109075964414,619.2181145442253,752600
2020-12-24,623.7872924804688,627.0157248951001,620.4177514149561,620.4177514149561,173300
2020-12-28,626.4336547851562,630.7911188307963,625.4545618964402,630.3236458541813,272300
2020-12-29,622.9934692382812,630.9674272145522,622.4024387904178,629.573730256651,318400
2020-12-30,625.33984375,632.3964617046532,624.5106889868193,629.1856876142326,355300
2020-12-31,636.453857421875,637.2300895355097,623.5578952144,624.0518562105575,361500
2021-01-04,626.9981689453125,644.4456292785967,619.2535047044313,644.4456292785967,623600
2021-01-05,630.314697265625,632.6345644489647,622.0937318669526,625.2250949438751,431400
2021-01-06,648.2914428710938,656.9622225101663,631.6554268714145,634.0017822443333,730700
2021-01-07,661.92822265625,664.4421744673276,655.3920556228658,660.0935412167404,656000
2021-01-08,667.2471923828125,669.8228422832243,659.2820108133193,667.8646570827106,622900
2021-01-11,676.2708129882812,679.5521675456233,662.0076424436935,664.0452382357774,614400
2021-01-12,686.026611328125,687.4114787875822,673.4658424741408,673.4746718588685,675900
2021-01-13,687.7996826171875,695.0768193681869,685.0299473448456,686.873512343695,848600
2021-01-14,655.8243408203125,675.5475723656257,651.9079162414614,661.5578421186743,1642900
2021-01-15,641.9403686523438,665.4741766441413,638.6237505052995,654.6599039676839,1174500
2021-01-19,647.1359252929688,656.6358596278757,643.0519037646619,650.7259319310366,852400
2021-01-20,654.0953369140625,654.8715689546337,643.1664441730564,651.5990978522563,747600
2021-01-21,654.6776123046875,657.8266339059938,650.0908007718621,656.8916343650408,639600
2021-01-22,648.3707275390625,656.0271499044693,644.6395588300686,652.6488335520312,565700
2021-01-25,637.72412109375,649.0059223057272,629.476721270972,644.6396296428436,806400
2021-01-26,636.7274169921875,647.3564905177963,635.130859384341,641.2613068046032,827900
2021-01-27,615.5045776367188,629.7942378284387,604.8314659599196,629.0974162813063,1104400
2021-01-28,635.01611328125,644.8160309626962,616.9511911625359,618.7770972543038,822400
2021-01-29,618.5654296875,632.519896635409,616.2367330947229,631.0026959445815,801100
2021-02-01,629.0708618164062,629.7589077434444,618.5741774385737,624.5105386356734,483100
2021-02-02,643.4752807617188,646.8448219343898,634.5398349274689,634.5398349274689,879300
2021-02-03,638.6944580078125,641.6582244043158,632.0523910165426,635.095568047648,685300
2021-02-04,646.077392578125,650.6729798835185,638.8884425677081,638.8884425677081,636400
2021-02-05,640.6790771484375,650.5142045419856,639.6117444724773,647.6121902553634,474900
2021-02-08,640.784912109375,645.4510805288835,635.668875760416,644.5160809679969,532900
2021-02-09,642.8577880859375,645.0718102498101,634.5221486148197,641.9316178864165,451000
2021-02-10,637.8916625976562,646.5360071562303,635.9775704214327,646.0420461482465,663100
2021-02-11,636.35693359375,643.6605584872519,632.3346638059096,643.581147852445,803900
2021-02-12,637.72412109375,645.2394356447078,628.647566595924,630.9938681278549,862800
2021-02-16,644.189697265625,650.7258646091907,641.1994431031413,642.7430779622881,571400
2021-02-17,636.32177734375,642.7697604657922,633.746072779682,640.370482135085,567100
2021-02-18,620.5678100585938,632.555209283487,614.3491226111678,631.9465738505027,1078700
2021-02-19,626.371826171875,632.0788936387419,623.1875404080403,623.9990363556661,804200
2021-02-22,620.2237548828125,622.7288238991075,615.0459661965206,622.1995991316418,829900
2021-02-23,620.241455078125,622.4554777312198,607.1426286132072,617.9039825188064,926300
2021-02-24,628.1270141601562,629.1237654835128,617.7979268805902,621.4232504525995,583200
2021-02-25,612.8582153320312,630.2439711320982,610.5295731363155,630.0057931311769,591000
2021-02-26,612.6024780273438,618.3536373097489,607.9980619179636,615.5044919830043,768500
2021-03-01,634.3899536132812,636.8332709269937,622.0497017984903,623.4698332155652,652800
2021-03-02,631.840576171875,638.270898145289,629.4589574950783,634.8572644490399,455100
2021-03-03,618.768310546875,636.312838526033,618.6007137296639,633.8077156536752,703000
2021-03-04,606.2130126953125,620.0992426149284,600.1882034799675,615.2546131998565,915400
2021-03-05,623.1338500976562,624.6866270415809,594.740214551606,613.9236602348813,698500
2021-03-08,620.1881103515625,631.9093253768856,618.3070360063198,620.720469446793,649800
2021-03-09,640.6314697265625,643.5063169644397,624.5713395857952,628.1914895078647,959700
2021-03-10,646.39892578125,650.9153127291878,642.5835414432302,644.792912771584,823300
2021-03-11,640.73779296875,651.0038720244188,638.2622426782731,649.9302183194308,751600
2021-03-12,635.4761962890625,641.1815360366754,632.2020529642901,638.2179806002795,528700
2021-03-15,637.9783325195312,639.4867551261348,627.5614269246237,639.4867551261348,526800
2021-03-16,641.5806884765625,645.4138349841222,635.0945208594597,640.5780340954472,562200
2021-03-17,646.150390625,648.0847547094478,638.7769205409626,640.054636310165,463600
2021-03-18,642.16650390625,656.5585580641753,641.0396681670226,646.833717055989,640100
2021-03-19,647.410400390625,657.179594359657,633.0982290323751,639.0875115756884,1452200
2021-03-22,648.546142578125,653.222236977262,643.7991030795847,647.410425265465,524700
2021-03-23,635.8133544921875,647.5346214968081,633.6838101936947,647.5346214968081,556700
2021-03-24,641.2967529296875,648.794456686983,639.8326847193894,639.8326847193894,544700
2021-03-25,645.5115356445312,646.5585444200541,631.9979575273917,642.0066855475204,462800
2021-03-26,671.5983276367188,672.7695176112347,648.9011468409368,648.9011468409368,803700
2021-03-29,672.4500122070312,675.9903350023649,660.9772152514926,662.4412837586372,581700
2021-03-30,664.8192749023438,677.3834354819651,662.7784930684327,669.9656107920306,598800
2021-03-31,668.9895629882812,676.3452696783852,664.4554131667078,665.4491860752977,638100
2021-04-01,680.4090576171875,680.7284729874181,672.2192323606411,674.1535962456688,549200
2021-04-05,695.6616821289062,698.9801788927346,684.8454817867081,685.3956040226074,593500
2021-04-06,693.6122436523438,697.8446335688183,690.9680492380448,697.8446335688183,492300
2021-04-07,699.1932373046875,701.1630196684432,692.9821298667017,695.0406748306498,477100
2021-04-08,710.3732299804688,711.6243548432623,700.1604399406132,701.8551611912148,558500
2021-04-09,717.2496948242188,719.2638852927146,709.476984063573,712.218713646765,484200
2021-04-12,716.9215087890625,718.4210497794807,711.180696800609,713.9313084840696,482800
2021-04-13,712.05029296875,715.7237327364583,709.4239162184215,714.0112480114884,376200
2021-04-14,710.7902221679688,719.938293358029,708.190436723591,709.4237981174095,552900
2021-04-15,725.6703491210938,734.5521875630843,718.713884728905,720.6570762872122,766900
2021-04-16,720.0004272460938,732.4847591610566,714.7387386689799,730.9763365879187,774600
2021-04-19,719.6809692382812,723.5939426960804,715.5461163809194,719.6543242139745,491100
2021-04-20,714.2417602539062,721.7749363173313,710.5860848359816,716.2825415162933,525200
2021-04-21,720.0714721679688,720.8345380999577,709.4770950959069,712.4672954059737,388500
2021-04-22,705.6882934570312,719.6100494109198,704.1000440381696,719.6100494109198,520000
2021-04-23,721.5265502929688,724.845047419831,706.1940169345314,708.4477420134264,489800
2021-04-26,726.0962524414062,729.6099843411472,722.2808684912723,722.7245190472544,478200
2021-04-27,728.0394897460938,729.9737997928162,721.0919064394362,725.5461756312169,328200
2021-04-28,724.2860107421875,728.4918083785325,723.4164190264163,727.4713906723258,335300
2021-04-29,734.0819091796875,736.0251006401421,724.9870734420294,731.4022426859082,455200
2021-04-30,726.9658203125,730.0980193626217,722.067954798046,729.1663639877818,451200
2021-05-03,732.5734252929688,738.5893518874954,728.518453345927,732.0233030220098,490100
2021-05-04,742.1653442382812,742.81305679118,726.6996906539218,729.5834195850882,557900
2021-05-05,755.1019897460938,756.0868808025276,744.4188516532547,745.4659144314958,569900
2021-05-06,769.3787231445312,769.6360751106843,753.3984766351444,755.4126132035783,666600
2021-05-07,775.3502197265625,778.2161845219791,761.4817012696485,763.469246772139,474200
2021-05-10,760.8162231445312,781.534679011228,760.7895781204402,776.7787588371885,566400
2021-05-11,748.9708251953125,758.91748986793,740.8964069735542,752.6709097174728,671900
2021-05-12,730.6925048828125,754.188222257383,727.5337149211057,745.1466212753878,649700
2021-05-13,744.436767578125,749.9558087769192,729.4502384710047,730.6924817176065,554700
2021-05-14,760.3016967773438,763.8243103407494,750.1243790543913,753.0081076580384,481500
2021-05-17,753.7268676757812,763.2121193029225,750.7366670800407,760.3283905145356,347600
2021-05-18,745.4570922851562,759.3522024358981,744.9602058799886,756.7080627251731,373700
2021-05-19,744.0195922851562,744.4188343779495,728.4918260282827,734.756168420508,632900
2021-05-20,749.6629028320312,755.5989489228292,742.3604326436051,746.7081752214533,360800
2021-05-21,763.7621459960938,767.3822953056559,752.892708078696,752.892708078696,692800
2021-05-24,774.0458984375,778.2428690540079,768.5535030026524,768.801973281354,566800
2021-05-25,775.74072265625,781.9784210077503,773.2474088194854,778.2517456879282,625600
2021-05-26,777.9234619140625,788.1806602771107,772.2447674713561,783.8683900071723,616200
2021-05-27,777.6571655273438,784.7733364802621,776.539157664695,779.7068285566825,704600
2021-05-28,778.1984252929688,780.8248556674822,775.9801728620952,780.1504982634481,435400
2021-06-01,778.0831909179688,789.6891045763938,777.2846524145718,787.8346755880372,407400
2021-06-02,787.40869140625,787.8789869631414,777.9944401583613,779.4762177645458,543400
2021-06-03,785.3762817382812,791.9641095293925,778.5923610867067,784.475908637575,430800
2021-06-04,790.5820922851562,790.7158314952014,782.5501767246808,787.9612281644635,647000
2021-06-07,788.8973999023438,793.390287109241,784.0032950113574,792.1957204894719,400300
2021-06-08,788.5053100585938,790.2971331247408,782.773293533769,788.3091627807648,303300
2021-06-09,776.3992919921875,790.2346103172039,775.4187189748309,789.3787989205774,463100
2021-06-10,773.2792358398438,784.9483379511493,773.1901126215475,784.2440577694489,423300
2021-06-11,785.064208984375,785.304917857465,778.2357270038887,779.7333562380214,444000
2021-06-14,781.6054077148438,785.9913256417457,778.6992725647776,785.3672998790686,363700
2021-06-15,785.3762817382812,788.8351116882386,777.3799478764674,783.2724730416467,442600
2021-06-16,774.9818725585938,784.4758348234941,769.2498567946819,784.4758348234941,595600
2021-06-17,774.5094604492188,779.2697721495041,767.7522553929821,775.5613647365843,569900
2021-06-18,749.5133056640625,763.8567047099335,747.9354218612483,758.5525666920943,1059000
2021-06-21,767.7699584960938,768.6970465738368,755.0311077732919,756.8407767365957,575800
2021-06-22,770.8901977539062,775.0532534091897,763.7496755945768,768.0375472899217,668500
2021-06-23,771.4785766601562,774.4025585225203,769.7402384294031,772.4235114015719,566400
2021-06-24,773.1900634765625,779.1092485674978,767.5828096298369,777.7453587194942,662000
2021-06-25,779.15380859375,782.0242505154291,774.3666736404729,777.165838761079,742100
2021-06-28,783.3524780273438,785.0818925717408,773.7961636362874,780.8831450186001,373700
2021-06-29,778.7081909179688,790.7070707274057,776.7291440154953,785.3048869700616,742800
2021-06-30,779.99169921875,781.9439761914019,775.0798571935512,776.4526701111673,575600
2021-07-01,783.7893676757812,784.2529389695629,777.5135808519956,781.8638601035233,426300
2021-07-02,796.6264038085938,797.7496394238584,785.2247788127434,786.2766831990015,430300
2021-07-06,795.7794189453125,798.4359219983069,789.8513102870112,797.8475890572937,527400
2021-07-07,803.142822265625,804.7295746901883,793.3279508065111,793.3279508065111,468500
2021-07-08,781.355712890625,792.2135644139423,777.9949298918212,792.2135644139423,629800
2021-07-09,803.47265625,803.9986355979563,792.2404099860721,793.8628552303783,764400
2021-07-12,816.49658203125,820.4100592152803,801.9214014136197,803.4725151633394,861900
2021-07-13,809.4989624023438,818.3510538742271,806.8246125530815,818.3510538742271,590200
2021-07-14,784.76123046875,796.9473361119335,775.5525372040935,788.9599793419371,993900
2021-07-15,784.475830078125,792.9178336328404,780.2682131062177,781.0170004745437,620000
2021-07-16,780.0364990234375,787.2928597660391,778.2357528371282,787.0611284991945,983100
2021-07-19,753.417724609375,769.8471930798944,748.5415200897797,764.5430556374403,946300
2021-07-20,783.4417724609375,785.6436273679183,753.2750870464893,755.47694195347,899800
2021-07-21,786.8649291992188,795.7259426833774,786.4370506920657,787.0610764548503,445500
2021-07-22,772.761962890625,788.9061015804714,772.2360381126365,787.8453288232128,601000
2021-07-23,774.6253662109375,782.7643077800772,773.5912539045514,776.7470212291012,528500
2021-07-26,776.8895874023438,780.6782491006519,772.8335016425813,773.5377274060406,414400
2021-07-27,768.3226928710938,775.3651674582437,764.7034091661736,771.6656293378219,476100
2021-07-28,767.2798461914062,770.3642279555094,761.4051675389228,768.0910416423131,389200
2021-07-29,775.017578125,777.6651579943972,763.7585624576271,772.120366187358,335200
2021-07-30,773.0385131835938,780.2058044474762,770.2037093291397,774.0012942089977,503700
2021-08-02,778.4674072265625,785.8753523759502,776.8538853765203,778.5030456285782,386100
2021-08-03,784.6630249023438,786.0179915597308,773.4842099177986,782.5056772749334,391600
2021-08-04,786.2677001953125,792.0977626956847,780.9992010500779,783.4863809832284,390700
2021-08-05,792.7486572265625,796.1628714443167,789.5572510920227,789.5572510920227,349400
2021-08-06,798.8192749023438,802.3048196786455,791.2419516053787,793.390321682216,472000
2021-08-09,804.0609741210938,807.2880725509423,793.3635762000393,800.5130212217401,347000
2021-08-10,813.50146484375,817.3881730927226,803.2497916707732,804.0521182917009,382600
2021-08-11,817.5396728515625,822.2197840258028,815.097054839272,817.9942665185637,349200
2021-08-12,818.8323364257812,820.1338728114599,814.5355415629648,815.257668184374,299100
2021-08-13,817.334716796875,820.5617609815746,813.4569316165758,816.657206188413,292700
2021-08-16,824.4930419921875,824.5643188031714,808.5539147628068,816.4254319550598,320600
2021-08-17,810.8805541992188,821.4174972536275,803.2853845719305,818.1369685532858,381700
2021-08-18,804.0074462890625,814.0095411031667,803.7935070476531,806.24499394006,384000
2021-08-19,805.674560546875,810.1406785301668,792.0531809082026,795.7170266833194,427500
2021-08-20,817.6109619140625,822.4515275862457,805.5139821303028,807.5554369048806,384700
2021-08-23,827.1406860351562,832.5517934238324,822.4160124763615,822.7636909935574,351300
2021-08-24,828.3263549804688,832.3289564236244,824.4039535607922,828.1569773189422,288500
2021-08-25,837.5349731445312,843.1867346745324,829.3068541024761,832.2129892935772,329900
2021-08-26,834.2899780273438,840.280494098853,832.7655794008635,840.1111164736885,272300
2021-08-27,851.2811279296875,851.4505055787714,836.8931141910268,836.8931141910268,454600
2021-08-30,845.165771484375,855.6937918180128,844.7200465686244,855.1767356810037,284000
2021-08-31,840.8956298828125,849.7655659333052,838.0073413475664,847.0020934236009,595000
2021-09-01,841.3682250976562,844.6398308946249,835.2974536430041,842.4201294179143,324200
2021-09-02,847.4745483398438,851.2008018964435,843.4006163101964,846.3156745061282,349400
2021-09-03,839.18359375,849.9813828583726,836.3542911334998,845.8269956464212,418700
2021-09-07,828.0367431640625,837.5899991519503,822.4408719778522,835.6112794275218,357500
2021-09-08,827.5980834960938,832.5582443295888,822.4767134735895,829.361875965404,258500
2021-09-09,825.6282348632812,837.124361424898,822.4766228888478,826.6668044563959,478300
2021-09-10,820.6860961914062,832.2807537599015,819.2535748361889,831.9225960975037,332200
2021-09-13,820.36376953125,827.472767264967,811.1775776238802,826.6221838203613,422800
2021-09-14,807.5513916015625,820.9188024322648,803.3343233084037,820.1308993798633,574200
2021-09-15,814.445556640625,818.2238629079476,805.8055090458708,807.5961879548616,494600
2021-09-16,797.2459716796875,814.2394950274504,791.578458302363,813.0845269408467,726600
2021-09-17,784.8815307617188,794.6675856934438,777.87996877432,786.1171037387415,1272100
2021-09-20,767.5476684570312,767.8699775439879,753.2132751064985,763.7961939723768,767800
2021-09-21,756.776611328125,773.1613102412334,751.4404238617954,771.549710366484,596700
2021-09-22,761.978515625,769.0785498588044,759.0776249783403,766.8133698008832,544100
2021-09-23,784.4696044921875,789.0895869739666,770.788845172962,770.8873194039024,526000
2021-09-24,783.0817260742188,784.8544805638463,776.2234504514462,778.9452625003019,322500
2021-09-27,783.8428955078125,784.0219743485983,777.1726595278573,781.6314330333178,416800
2021-09-28,770.5023193359375,782.3118495155331,765.9271476106369,779.4915082343554,642500
2021-09-29,766.9208374023438,773.7164325002304,766.3120131989764,771.4154584487998,547200
2021-09-30,750.88525390625,772.3733976961341,750.4375842439608,771.9257280338448,562700
2021-10-01,753.7772827148438,760.7877507047077,737.3030162864545,754.950175115156,477400
2021-10-04,739.156494140625,755.7023510322666,733.0413098996503,749.5066168366776,596000
2021-10-05,750.9928588867188,755.523274370828,736.7837713735931,742.3617733724288,445200
2021-10-06,749.8914794921875,750.1242764722707,735.0378299249522,742.1646963462043,472500
2021-10-07,754.1890869140625,765.5688698357008,753.3922764167041,757.027352027004,434000
2021-10-08,756.0245971679688,758.0480182707316,749.0230366324329,752.0492881199636,350300
2021-10-11,751.8434448242188,770.5381385521682,750.8585932016863,753.0521859760773,531600
2021-10-12,748.6738891601562,755.1203440631093,744.5284631776343,755.1203440631093,823300
2021-10-13,776.9844970703125,785.3290669921528,762.8381452149825,771.7825772448394,1453900
2021-10-14,799.0993041992188,802.8686477573326,776.4830242618351,789.6892792146884,802800
2021-10-15,812.3057250976562,819.4415546959227,800.4604009766559,809.9330535591547,1023000
2021-10-18,802.5016479492188,812.2250206272788,800.8900479736741,807.5961312736281,541000
2021-10-19,807.2827758789062,809.9598318883326,801.1765547341914,805.1966198170167,408400
2021-10-20,808.4288330078125,811.0074149636175,803.1731948732473,810.506027063721,380500
2021-10-21,809.1363525390625,814.6247891706736,806.6115427211354,808.4290538620911,333100
2021-10-22,819.2086791992188,820.1846232073855,805.8144365105069,810.1030926400168,372100
2021-10-25,827.9562377929688,834.393730962914,816.5675456206675,822.4051219815902,452400
2021-10-26,834.080322265625,840.661045223288,831.1883387439888,835.835152575838,377800
2021-10-27,821.2679443359375,841.0369978686451,820.659120134654,832.8357134546774,452800
2021-10-28,837.5721435546875,837.8855451551207,820.3458210261157,820.3458210261157,352200
2021-10-29,844.7168579101562,848.6563181456606,833.1669587769346,833.5429859916346,484700
2021-11-01,838.2435302734375,850.0172644178052,832.3790685435566,848.0564690832308,399200
2021-11-02,848.6475219726562,851.3962207912912,834.7697597429905,837.6348570682297,381700
2021-11-03,852.0946044921875,853.9300395192531,845.469070400084,852.5153878222976,387200
2021-11-04,854.189697265625,863.1879031728357,847.9850009404057,855.8639777987546,351000
2021-11-05,855.1475219726562,866.6347407113528,851.7899995337959,861.5939759847032,340100
2021-11-08,864.7814331054688,865.6409785738273,857.2964090860739,859.5257953742774,372400
2021-11-09,865.5693359375,870.0729191991935,853.1689075220146,861.961092045796,394100
2021-11-10,858.8184814453125,862.3550281759613,851.7005226513949,861.3164585700526,340400
2021-11-11,864.5397338867188,867.8704249910886,857.7441381986384,858.4156427727988,266900
2021-11-12,869.8132934570312,871.3084950028027,861.5940840534363,869.8401798705585,387500
2021-11-15,853.4733276367188,869.8222339530759,851.4767382460858,869.3835263871682,678600
2021-11-16,849.6323852539062,856.5085856985226,842.7203362569558,853.4733718360991,472100
2021-11-17,834.0445556640625,847.2956242599587,825.646266606003,845.6034194541137,677300
2021-11-18,826.1923828125,842.0936198233087,822.5751765432738,837.034930187971,681600
2021-11-19,819.1908569335938,828.6277152505345,814.7858020535491,825.8611468976566,738700
2021-11-22,823.1123657226562,832.5850169964419,817.417965746411,823.7122278047387,520600
2021-11-23,837.5274047851562,838.6286548605167,822.1544411860162,825.7447612510807,686100
2021-11-24,833.3103637695312,841.099828447681,828.2696525960639,834.7429397759975,438900
2021-11-26,807.2738037109375,818.3939033992993,802.9850931489777,808.2855415721012,543200
2021-11-29,830.8751220703125,836.9276263151511,811.0164969388379,819.0387591697469,610600
2021-11-30,809.9329223632812,828.1799428249217,807.6140240318069,823.3630127140169,1057500
2021-12-01,806.10107421875,832.1643954642583,805.6086483945479,825.0553972349142,707900
2021-12-02,822.6824951171875,827.3472325498103,806.843940691755,807.1573422355056,630700
2021-12-03,805.4204711914062,827.2936061913804,794.8644393308452,826.4877788719323,641300
2021-12-06,806.5538330078125,814.8739209455383,800.9051415481915,810.6283988772835,442800
2021-12-07,828.3390502929688,831.5411580237753,817.194670108311,820.0459717218845,616200
2021-12-08,830.9832763671875,838.4488568224166,822.9600296183846,835.1388180511581,413500
2021-12-09,826.6839599609375,833.7447694468489,822.7352779894286,826.5130586599156,376600
2021-12-10,832.1526489257812,835.7865385288908,827.0436720047791,832.8362540946524,453500
2021-12-13,825.40673828125,832.4585997377708,822.2406445796905,831.1183996468677,463300
2021-12-14,811.662841796875,823.4279117058354,803.2617771689488,818.5167911949426,828900
2021-12-15,822.93310546875,823.2209421180621,801.4717896910737,814.6939941166994,465900
2021-12-16,828.90576171875,839.2586601383082,824.24651823604,832.4227167434278,474000
2021-12-17,821.7278442382812,831.0912917267651,812.580260511031,825.469610864527,724700
2021-12-20,807.0845336914062,810.3406071377447,795.4274503782766,809.4321895468398,549500
2021-12-21,819.2992553710938,822.2854987901769,809.746899778969,813.9384008140564,381500
2021-12-22,819.9019165039062,825.9553799396459,816.7358230943696,819.9199234508696,350300
2021-12-23,822.0427856445312,830.5158241057767,820.3967967166906,821.9169016937761,416300
2021-12-27,829.8231201171875,830.3268205601252,820.3157262199109,826.4321044267921,410900
2021-12-28,829.1483764648438,835.6605221123205,828.5277407664395,830.9113551630179,385200
2021-12-29,818.2648315429688,830.1738460425732,816.429934727847,828.6537413866804,392000
2021-12-30,821.89892578125,825.7666320828423,815.3417606499931,820.0639736098909,315900
2021-12-31,823.5177612304688,827.3495076090373,821.6648574534175,823.31990441993,215100
2022-01-03,820.0728149414062,829.373348116343,814.4061714897781,826.0183464730806,470800
2022-01-04,825.0110473632812,834.2396094019022,824.4174218943723,825.4607819273525,495800
2022-01-05,802.1194458007812,832.4585160183317,801.2739427889751,825.8474411733393,573300
2022-01-06,805.4653930664062,807.8849665931297,795.1575146515586,803.549519925581,637000
2022-01-07,802.5691528320312,806.4908241572674,795.1305272771947,805.267559598809,643300
2022-01-10,785.5421142578125,800.4103051315075,776.0976917579011,799.357941996156,788500
2022-01-11,798.8992919921875,799.5468832546433,775.1353388027212,784.1120209413002,744500
2022-01-12,796.1290283203125,809.4951250705311,792.3062849027051,805.5194872880047,650900
2022-01-13,780.3611450195312,801.5705794738527,777.2489632550968,801.1838144836352,795900
2022-01-14,763.2893676757812,772.4189999404465,749.1407379433159,760.0513012514438,1239700
2022-01-18,748.3580932617188,755.5088816952059,741.3332436447381,751.0564998479989,1018400
2022-01-19,742.51171875,755.554020290733,742.0619842141127,755.554020290733,795100
2022-01-20,743.4561157226562,761.5534282132465,740.928609944475,744.9042476850547,945800
2022-01-21,720.4027099609375,742.8714833444697,718.4868365621585,742.8714833444697,1248100
2022-01-24,707.7201538085938,709.1502786712401,678.2445392498878,701.1900005586106,1688700
2022-01-25,718.2709350585938,724.7021601541878,687.0773577649496,696.1979862971352,1220000
2022-01-26,715.50048828125,737.537475984753,705.2645828674805,729.4692664302409,942700
2022-01-27,708.74560546875,732.680462128473,704.9048553118287,726.4651006609818,696600
2022-01-28,726.8967895507812,727.3015615242269,694.9746479726558,705.8581993964608,602800
2022-01-31,740.2088623046875,740.865456966115,724.0813931814249,724.2612979226873,611200
2022-02-01,742.9163818359375,747.7465256509091,738.0772345476911,744.6793058225071,631900
2022-02-02,739.822265625,746.7031706252242,733.5439894908526,746.604242209749,1030400
2022-02-03,724.7651977539062,740.9196268403743,721.8149129029371,734.416483142823,582600
2022-02-04,728.4080200195312,735.2619696696623,717.1466501411843,721.374165582675,667400
2022-02-07,734.7941284179688,741.845988845615,722.9391347425099,728.5698189170287,568500
2022-02-08,726.2222900390625,735.6577110775705,720.7265476176642,733.9486980156349,971600
2022-02-09,731.268310546875,741.9450033827242,731.2413001247437,736.8899919010177,1197800
2022-02-10,699.9577026367188,728.6147684982122,692.7799584116987,722.9301184854534,2082100
2022-02-11,694.8306884765625,706.0740491877115,691.0259527796609,704.446012752706,1271900
2022-02-14,683.875244140625,696.0720410664933,677.2551657576844,688.0937557673772,951400
2022-02-15,702.6561889648438,705.4085619036213,696.5937767002918,698.1678474472874,550400
2022-02-16,704.6619873046875,708.5567034392675,698.4826396780569,699.0403060650868,627200
2022-02-17,685.8450927734375,699.436055796713,684.4329198961473,696.0180846748684,497600
2022-02-18,680.0164794921875,688.5344234249765,676.8053690061428,684.136007430705,494300
2022-02-22,670.5361328125,682.1573118244568,662.6837860072062,674.6017502618319,690100
2022-02-23,658.8519897460938,681.3027540705713,657.6646841669926,675.5011684746652,814100
2022-02-24,658.222412109375,660.8128872699692,634.4584560548119,638.8748796713329,1173900
2022-02-25,675.3843383789062,675.4742633265024,659.67064002692,662.0542001305722,676400
2022-02-28,669.1060791015625,672.5690131619972,661.4875473096745,665.6791040412479,795800
2022-03-01,642.9494018554688,667.1451387169992,640.1340596329447,665.9218192141619,863400
2022-03-02,663.8440551757812,670.8239431281726,645.8367238276611,647.6176548106372,948200
2022-03-03,663.54736328125,676.8504913813523,656.2256717003246,671.8764009535209,694400
2022-03-04,630.7334594726562,656.8287288907011,629.7555486655754,653.7411392393418,2160700
2022-03-07,613.0587158203125,635.4054221469803,611.0395613049927,630.1990364293528,1154400
2022-03-08,600.2012939453125,614.1725124916179,597.7384732602092,611.1845103827075,1180200
2022-03-09,627.7092895507812,635.9761325058269,615.7119609008745,622.0049103777512,1432500
2022-03-10,631.2858276367188,639.0908773448393,616.9614641226188,617.106313200612,1007800
2022-03-11,622.0863647460938,638.3302970633283,621.3258103382273,634.1561454555566,814600
2022-03-14,631.5845336914062,643.2287174690312,628.7141902755111,630.099568394608,758700
2022-03-15,640.765869140625,647.4028961232796,634.1469690146282,636.1571158353959,639400
2022-03-16,661.9898071289062,662.759480078428,644.2247142650036,654.4292501150285,1162300
2022-03-17,670.8814086914062,672.7829048389369,652.88995140572,652.88995140572,544800
2022-03-18,668.7628173828125,672.257874972146,660.4235222141323,672.257874972146,1227100
2022-03-21,664.4527587890625,673.6431312345338,659.1105304697668,669.930772751506,589300
2022-03-22,676.2598266601562,678.3061718371532,667.6760972421165,670.2566320183588,565600
2022-03-23,666.8341064453125,676.2327717827573,660.6860067577791,676.2327717827573,761300
2022-03-24,668.48193359375,673.117876732003,664.9053614353645,670.0754941448732,463000
2022-03-25,670.9811401367188,673.6251195086425,665.8019425526043,670.0032844658267,419800
2022-03-28,678.9854125976562,681.1947341606127,670.0394757168993,674.1140400962589,448900
2022-03-29,700.136962890625,703.3241955933439,690.1044637803448,693.3822755231482,795100
2022-03-30,703.8673095703125,709.037498259229,700.109689402862,703.1338902882948,791800
2022-03-31,691.9244384765625,710.3143045671841,691.9244384765625,709.553750120455,931600
2022-04-01,696.9859008789062,701.5765831402636,692.2775045648361,695.392284717392,683300
2022-04-04,708.2769165039062,714.0900009457486,696.9315481264582,698.56136267663,882000
2022-04-05,692.1597290039062,707.3986131131776,690.1315105294201,706.0132348919673,754100
2022-04-06,674.7749633789062,686.4101407304162,667.3955081977261,681.131301081717,845600
2022-04-07,678.0890502929688,682.0277739455344,666.5172603650412,674.7750401547655,475500
2022-04-08,666.508056640625,676.3775775352144,664.7877184510263,676.3775775352144,820900
2022-04-11,659.5179443359375,667.8481745701172,658.5309701381691,663.2936912515391,591700
2022-04-12,649.0598754882812,666.2545247122162,644.1794405829495,659.5360376665103,955300
2022-04-13,648.072998046875,658.322797114434,643.8535848412423,649.2138848458779,908700
2022-04-14,623.1094360351562,651.3054304080285,623.0823010145622,648.3174280486346,1103900
2022-04-18,615.7118530273438,626.1155635839218,613.4120080598958,622.0500632790958,834100
2022-04-19,635.2427368164062,638.0405735595288,617.0701720723861,617.0701720723861,998200
2022-04-20,632.9156494140625,643.5909878972582,631.5846516140797,640.8022148121089,928200
2022-04-21,617.033935546875,642.0607732283676,615.413129025724,641.9430591704688,804900
2022-04-22,600.2647094726562,619.1706889257167,599.8934957736981,616.6172891143476,797000
2022-04-25,605.0999755859375,605.824331503776,586.737246349015,597.8743774721214,1138200
2022-04-26,585.8768920898438,605.5978040978997,585.7048527699138,600.0110855461113,806200
2022-04-27,582.22802734375,593.57339526716,581.0871406248443,585.0530538549408,631800
2022-04-28,589.4263305664062,592.5321020512258,578.8777715318862,588.54806229286,1127300
2022-04-29,565.6218872070312,589.7071197898011,564.2998977192614,587.6788460474559,1011600
2022-05-02,565.7305297851562,571.1180195800941,552.3297533790843,570.1763625188443,1537000
2022-05-03,571.3987426757812,581.0328361307456,566.0565144486803,570.9007514632101,887200
2022-05-04,602.338134765625,603.4790213075668,570.438849786882,572.5395201194606,1038100
2022-05-05,573.8887939453125,594.7958602826887,567.3876069127439,589.716194819454,889500
2022-05-06,569.1893920898438,576.8676634866067,558.6317689192947,571.616014554579,725700
2022-05-09,548.3095703125,565.3231194569137,546.3900022821543,558.414465127625,1079400
2022-05-10,552.5380249023438,566.1561586290157,539.4994532511523,557.309809764105,1179800
2022-05-11,543.5921020507812,562.6429882443757,542.9492617508164,547.5852058191497,1170600
2022-05-12,543.6373901367188,547.6576287131618,530.644025480095,536.9369740877105,1117500
2022-05-13,557.1558227539062,564.4628798541268,546.0730189898616,549.3145207948694,1684400
2022-05-16,542.0074462890625,547.9472519512922,527.9275773995873,543.2751103190611,2287300
2022-05-17,553.8871459960938,566.246678833957,541.7811681106101,557.4999724786401,1564500
2022-05-18,535.9046630859375,549.0700652551972,531.8753616437715,547.7028140560423,967300
2022-05-19,537.0094604492188,542.7047757681795,527.5021441137527,530.1460680395631,1301100
2022-05-20,543.6736450195312,549.776428050674,531.6401183274776,540.4230238445685,1200800
2022-05-23,553.6970825195312,557.1921399897228,543.1303945058994,552.085339436443,918600
2022-05-24,559.890380859375,563.3945017062026,538.3224026489844,550.7362064072693,1133600
2022-05-25,567.3602905273438,573.662301766317,556.8569937271909,556.8569937271909,959300
2022-05-26,590.757568359375,591.2102977798189,571.5346948520718,571.6342820610122,1651200
2022-05-27,603.515380859375,609.1201168518869,594.1076522168995,594.7504924892914,980700
2022-05-31,605.8241577148438,608.640120242481,592.5229708185402,597.3037627166898,2519000
2022-06-01,598.0643310546875,612.542601893438,596.5522310149171,609.083744205886,919900
2022-06-02,621.5882568359375,624.0420695031773,598.9699190069111,599.7847985767058,955500
2022-06-03,612.5874633789062,617.7672834817017,609.0673831848294,614.2289466495732,788500
2022-06-06,615.870361328125,627.3699258822503,614.7486358634185,620.6580523702622,605300
2022-06-07,619.764404296875,620.1839173263949,608.1280245766388,608.3286806030976,545100
2022-06-08,604.0789794921875,617.7672265732865,603.9604783372142,614.7760882139105,481900
2022-06-09,601.744384765625,611.2468522432285,601.3887699959151,602.5834107538245,969000
2022-06-10,563.27880859375,591.4851483969935,563.27880859375,586.0864710890609,1149800
2022-06-13,545.9976196289062,553.1928518370868,536.1122043690834,547.2561034242722,1226200
2022-06-14,539.1669921875,551.2775983622429,535.5466122443528,544.1644679453789,750400
2022-06-15,547.0736694335938,556.9317537647693,537.8448268963438,545.7239583092329,922800
2022-06-16,534.1878662109375,535.1453934314709,524.9133832342134,530.1205880277118,1005900
2022-06-17,530.9869995117188,542.4683103741525,528.1052335664632,535.7017208852435,1436700
2022-06-21,560.4244384765625,562.5401491681766,543.2890798970226,544.2010212816589,1130200
2022-06-22,555.627685546875,567.1545825956297,550.0100953263335,551.9889925887923,942900
2022-06-23,569.6986694335938,573.3281767212451,555.6730127137726,559.3936918352045,849900
2022-06-24,590.7373657226562,591.2480506274284,576.5019196387317,576.748161602624,1013800
2022-06-27,580.8336181640625,595.2696640546023,578.0430801039905,592.7618255618407,637200
2022-06-28,573.7205810546875,590.9380394978336,571.3312989898037,585.8311898157509,518300
2022-06-29,563.5432739257812,574.2585843555569,559.7404385743064,572.3434742016065,535200
2022-06-30,555.4087524414062,561.6099982913133,543.8088849217132,553.4207269322948,721800
2022-07-01,562.3941650390625,564.7378606684426,552.6181261558023,553.77630932383,502700
2022-07-05,566.0601806640625,566.4796937025367,544.8849302587367,551.6971050965728,572800
2022-07-06,560.606689453125,569.3613578239402,556.2293830979525,567.7289475549461,512800
2022-07-07,568.77783203125,571.6504138920268,563.6983120244174,564.6832242689184,507900
2022-07-08,565.0023803710938,568.5498455798006,558.9014905154257,564.3366809971939,347000
2022-07-11,551.7245483398438,559.8317207640483,550.5663649476757,558.1445957736597,460100
2022-07-12,550.1649780273438,562.1478985690951,547.848667452829,548.9885939352528,499700
2022-07-13,543.8635864257812,547.2103955932535,531.8897920549294,542.6051029107296,601500
2022-07-14,536.7959594726562,539.1578560392318,529.135631036225,533.376179931477,1136500
2022-07-15,547.502197265625,550.630149265006,533.9507628210581,542.595948587983,1053000
2022-07-18,544.9122314453125,559.3573483398068,542.1946089224679,552.1439182098919,830900
2022-07-19,573.0092163085938,574.2038571755342,553.0468080541694,554.7521338185695,922700
2022-07-20,578.8365478515625,583.0041267348753,571.3221596103235,573.5837564742536,671500
2022-07-21,583.0131225585938,585.8948322412671,575.2251647989513,578.3895740253694,722000
2022-07-22,577.842529296875,588.3207264831929,572.2249394214616,584.9556606815374,512600
2022-07-25,580.1314086914062,582.9857890611146,573.8025346237472,580.6511661870643,472100
2022-07-26,568.0846557617188,578.2892800593805,565.6589166500479,578.2892800593805,498500
2022-07-27,586.6700439453125,589.4970395190951,570.3645301560367,573.4377676754467,468600
2022-07-28,601.8629150390625,605.4742221068751,582.5571360719729,590.6004638635976,550900
2022-07-29,610.2527465820312,615.4143644452479,602.0635332085185,602.7109757752678,894300
2022-08-01,612.2682495117188,615.3779446852125,597.7592330468706,603.0667378038645,569900
2022-08-02,607.4988403320312,618.1959504826641,604.6080017655801,605.3284710727049,711600
2022-08-03,629.7320556640625,630.5528252682128,610.0250134488023,613.8004645711075,901800
2022-08-04,634.72021484375,637.7934522897516,630.2152230089431,631.5101639511176,746300
2022-08-05,634.647216796875,638.3588240674956,625.856090489775,626.7315740576947,549000
2022-08-08,634.9573974609375,643.2013269140692,633.1061298737147,638.3589207558973,490600
2022-08-09,635.1762084960938,637.0548052433523,628.3183924895682,634.0271536162262,486200
2022-08-10,661.3489990234375,661.4037132774021,647.5239371432592,648.4905927369539,822200
2022-08-11,664.486083984375,671.991343450118,663.3917432371488,667.6413654186233,692300
2022-08-12,685.624755859375,686.1810266230267,663.9205668151907,667.9969171900951,765900
2022-08-15,689.2634887695312,692.263755646734,678.0739510655474,679.5878048125775,720500
2022-08-16,690.4033813476562,696.4221714427073,682.2870818111538,683.0895945785577,664300
2022-08-17,677.7730102539062,681.0286474893738,669.8573661690461,678.9129369192459,594100
2022-08-18,679.5969848632812,682.0957512065762,669.5291712306692,674.7272486599784,785600
2022-08-19,650.9893798828125,672.3288320135625,649.5850100917639,671.2253628245674,774900
2022-08-22,633.8447875976562,640.3469335006681,631.2639781411945,637.5290660616957,675600
2022-08-23,635.595703125,642.0522631340582,631.0633815669039,631.5923231074868,403500
2022-08-24,638.7418212890625,642.2984141306314,632.8963028563352,633.6988155420177,386000
2022-08-25,648.0254516601562,649.2018915347095,638.6415959215684,641.7239619025016,363700
2022-08-26,616.87353515625,651.3722878808195,616.2625501098443,650.5332618637366,633200
2022-08-29,616.3720092773438,619.7735324634564,611.1374752003248,612.7789583833601,379500
2022-08-30,613.4810791015625,621.6338359450856,609.5506146166036,621.0775651518734,486400
2022-08-31,607.7085571289062,622.0260462201476,606.4774030163871,618.8889660205144,651400
2022-09-01,606.3040771484375,606.8604035756007,593.4821862595048,602.9846535229517,485400
2022-09-02,600.1121215820312,619.6915312782517,596.4552278687804,617.4390072039511,502000
2022-09-06,607.8755493164062,613.0205521281562,595.2702083131314,605.4500239581563,656300
2022-09-07,619.442626953125,622.1346269630388,606.2125959082775,610.0713759916463,482700
2022-09-08,635.70458984375,636.1731636049952,606.7087004360283,613.9576868070396,860100
2022-09-09,638.95703125,644.2674031542707,636.5866289145432,638.5343839882287,536600
2022-09-12,640.1973876953125,644.7819641564207,634.1611632713795,640.564911964187,756400
2022-09-13,592.5139770507812,619.5805065043583,591.0439921891958,619.2956948345637,1239900
2022-09-14,591.2920532226562,602.5559926774984,585.0261406295872,597.7416718597644,831800
2022-09-15,580.9652709960938,596.2441074191938,578.9348032734723,589.3994309513774,778000
2022-09-16,575.8201293945312,577.4095565778726,565.814880420987,573.1465787375962,2693900
2022-09-19,583.1610717773438,584.7137692477058,570.381220349232,570.381220349232,566400
2022-09-20,571.7501831054688,578.5305966608046,569.0490422901208,575.7559397747697,561600
2022-09-21,558.6854858398438,580.7998587825857,558.2536420363534,578.2090202669566,816600
2022-09-22,551.7120971679688,558.5935596491921,544.426380449098,556.0302546891282,854700
2022-09-23,543.34228515625,550.5544861871036,535.7257737903436,545.032762182671,978900
2022-09-26,537.14990234375,545.5472768170014,535.5604187448992,542.0652170508824,692600
2022-09-27,531.59130859375,547.4490195595306,527.3283305135994,545.1154034165509,769400
2022-09-28,537.866455078125,540.990242895029,529.340442242065,534.8713063530956,885400
2022-09-29,518.10400390625,532.8132719115124,514.2268869678271,530.5531157326993,877300
2022-09-30,505.5721435546875,521.4481887126354,504.9106112984372,515.9815894076796,851300
2022-10-03,526.1890258789062,531.4351340176717,499.09496590479057,509.90872381185414,948900
2022-10-04,543.2595825195312,543.2963685922984,534.9815946202923,536.1484309040436,778800
2022-10-05,535.7717895507812,540.4482192551978,527.3100391477866,533.8791572396586,556600
2022-10-06,525.1692504882812,537.471386800022,524.3883315875634,533.0613763800047,566700
2022-10-07,505.6825256347656,518.940147032854,502.549541223435,518.940147032854,625900
2022-10-10,501.21728515625,512.7936249341891,497.3493647898312,512.2515351321975,512400
2022-10-11,487.9873352050781,498.83782486590945,484.12855464211384,491.699083628242,932700
2022-10-12,487.9505310058594,494.6850177234031,484.18365968928265,487.99651359554576,797100
2022-10-13,520.0426025390625,520.8419144156788,462.2437293215657,464.02611517804456,2345300
2022-10-14,506.1878051757813,535.3398676422244,503.10080350077067,521.1634923751753,1276400
2022-10-17,523.0009155273438,528.035671438153,520.014963879625,520.014963879625,890900
2022-10-18,533.8513793945312,542.2947337823699,526.6023943995065,542.0650452038936,800600
2022-10-19,530.9483032226562,540.3104147947832,526.8781710170168,534.4670929488125,815400
2022-10-20,525.8583374023438,542.7450504089946,523.0286137814735,533.2175702727912,820800
2022-10-21,548.7353515625,549.8194752024539,524.5537250748162,527.1538161529593,830800
2022-10-24,561.7631225585938,565.0338855718596,553.7791455746966,556.5905314452212,948900
2022-10-25,584.2727661132812,584.6494308021951,560.440271033178,560.440271033178,956000
2022-10-26,585.9816284179688,589.5188670066746,582.5179619694109,583.4091269474814,1069200
2022-10-27,596.2532348632812,603.8329589467099,589.7209042933342,591.3379210700102,943600
2022-10-28,609.8233032226562,610.9625498376324,593.0927634846188,596.0879121457284,862600
2022-10-31,593.4327392578125,608.8035413360433,592.7987963618624,604.5497031935416,1037400
2022-11-01,599.02783203125,604.6689971593078,595.8213883442747,603.3827186477331,771100
2022-11-02,586.9095458984375,609.3363180347577,586.0735039969679,597.6405914732386,1061500
2022-11-03,582.3157958984375,586.7350028648646,572.3656688168858,575.5445796207456,717200
2022-11-04,602.8408203125,606.736330631638,590.4651673663734,593.5797587486727,707300
2022-11-07,621.3536376953125,623.4392282894873,602.2894824167461,606.6076396469148,798500
2022-11-08,630.5687866210938,635.2268786278348,619.9847169216904,622.9247425133384,1084300
2022-11-09,615.2163696289062,627.353136481744,612.864360406151,622.3367168398488,539200
2022-11-10,698.0789184570312,700.293092331619,643.256848112979,643.789685396918,1795700
2022-11-11,711.8051147460938,721.8195621533696,687.228429596745,687.228429596745,1278600
2022-11-14,680.9349975585938,700.9362471667386,664.0850134384067,698.2534994229597,1183000
2022-11-15,680.1631469726562,698.2074989521296,672.8039143978752,695.5522849680408,851300
2022-11-16,667.9620361328125,673.4469729659846,661.6226083633148,673.4469729659846,806400
2022-11-17,662.7067260742188,662.8812916511782,652.490181754834,657.1941997403212,781200
2022-11-18,662.0636596679688,671.2879906376336,660.5752818800783,670.9020733768294,626800
2022-11-21,664.9027099609375,669.3127207906891,657.3505180491533,658.3611817469346,656800
2022-11-22,673.8605346679688,677.1496916522646,667.1076550921465,668.1091222233807,605500
2022-11-23,676.4971923828125,680.7969559014534,670.0107890811089,672.0503967692033,489000
2022-11-25,677.8386840820312,679.7404564436873,668.5316970305463,674.7884125831729,301600
2022-11-28,662.578125,676.4788841886193,660.9886977603283,668.853233537997,480100
2022-11-29,655.99072265625,665.8857267113293,653.7397628828508,663.7634060281415,698400
2022-11-30,657.828125,659.4726751250262,636.9631931941602,655.9906162709498,2757000
2022-12-01,663.5059814453125,666.0968753309297,653.4180770571346,660.4465138889766,1103900
2022-12-02,655.053466796875,655.4761139906898,642.8524380343674,648.8886609193086,1142800
2022-12-05,654.8515014648438,656.1469207056413,641.9797412582442,651.3969753876138,1100300
2022-12-06,657.0808715820312,658.968087630006,647.6079775298282,654.2131207719355,841000
2022-12-07,656.0355224609375,667.5991249502314,651.9096652290152,654.2593689281947,877800
2022-12-08,650.7440185546875,661.4195156112712,648.6347904443705,656.8125946353374,625800
2022-12-09,653.990966796875,660.5498090365228,647.5615939642237,647.9501151109929,549000
2022-12-12,656.1002807617188,657.8764907447792,649.4396909454003,652.8069690546182,701300
2022-12-13,669.9026489257812,687.4977882607571,662.9552274442707,683.3256314053901,949800
2022-12-14,658.2188110351562,671.2532728847076,651.6136673657423,665.092209970965,549200
2022-12-15,645.8781127929688,650.2908018490128,640.9289132009112,647.1825188551646,566500
2022-12-16,647.7652587890625,650.9291012157228,632.6863318050627,638.3294039335508,1697100
2022-12-19,640.5956420898438,648.4866696082333,635.6464440153645,647.0435346276778,606700
2022-12-20,639.7540283203125,643.2971321296903,636.0721951510895,639.2359811584977,590100
2022-12-21,659.5324096679688,662.4741834848431,647.0067352709015,649.837503016415,652200
2022-12-22,650.6422729492188,654.3796087979745,636.6641479061539,650.0039598587656,623200
2022-12-23,651.20654296875,656.9050610275592,647.7467223834482,655.6747344632644,363200
2022-12-27,650.5775146484375,654.5923656819537,648.0242622683909,651.7893778910943,325100
2022-12-28,647.8671264648438,658.4871224334122,647.8300867953519,651.2621848289821,457700
2022-12-29,662.501953125,666.9331053841058,651.7339126640604,653.7043550950073,395300
2022-12-30,655.54541015625,659.5047592245245,646.0447340353745,655.2308552504508,413000
2023-01-03,658.6997680664062,669.3382821478062,651.0493272043813,666.0634903137417,540800
2023-01-04,667.8212280273438,672.9831797917928,659.957977928634,665.739779471803,710200
2023-01-05,648.7088012695312,663.445448632561,648.6810779859102,659.6156266269942,686700
2023-01-06,682.7151489257812,683.2331961027642,657.247441539132,659.9764632508613,1215700
2023-01-09,696.5822143554688,705.6665880332146,686.1842311308077,686.6097920659076,1102800
2023-01-10,700.5508422851562,700.9763467349211,688.6171815267161,693.4738947367712,758900
2023-01-11,699.2926635742188,706.5361200648236,692.1139700338327,701.216862859753,788000
2023-01-12,697.4795532226562,705.9903199026201,685.6291750678907,705.9903199026201,938600
2023-01-13,697.50732421875,701.6702216041765,680.0139291605605,690.6986878239064,984100
2023-01-17,693.56640625,695.7681208358268,680.0323604277319,693.982707261471,823800
2023-01-18,691.3739624023438,705.8978596701836,690.4673939573689,694.7320373709807,728800
2023-01-19,675.1941528320312,686.0084366741316,674.9628807707912,682.539355755531,650700
2023-01-20,686.147216796875,687.0445252848385,676.2764846518448,679.727102171661,724300
2023-01-23,691.9844360351562,693.8346122816924,680.3098284365442,686.2951214918979,730200
2023-01-24,695.7311401367188,700.3658413911083,671.2255609639183,685.2406143392512,558200
2023-01-25,694.9724731445312,695.4627969665455,677.6270703206244,687.4329821319131,1070300
2023-01-26,702.0494995117188,702.4935238061197,690.3008673771725,693.816191454628,488700
2023-01-27,702.3085327148438,706.8599513664805,695.4258734661425,695.4258734661425,489400
2023-01-30,691.8364868164062,701.4574272255225,690.6153635478173,694.1954505671983,458300
2023-01-31,702.3362426757812,702.7987867823849,690.1990898355334,693.8161599054964,572000
2023-02-01,705.5,710.74523414697,688.6264007081272,697.2574327347172,702200
2023-02-02,712.9932250976562,723.2062351736217,705.971837133334,706.6749132139727,1101700
2023-02-03,700.4398193359375,712.1422086980991,691.9567755925813,693.8162120750076,1201800
2023-02-06,686.7669677734375,693.9271412545334,683.4551362785184,691.0223508174417,691500
2023-02-07,685.3237915039062,687.9047670458843,673.8434162540052,680.2172869860333,730300
2023-02-08,675.1848754882812,686.2027078206019,675.1848754882812,680.2821206205113,517600
2023-02-09,662.33544921875,684.0287813484147,660.9293533844296,683.7512661484113,723700
2023-02-10,669.310546875,671.9748053055673,657.7469448197254,658.8755252781278,626000
2023-02-13,681.7067260742188,682.4283219781872,666.9978574542411,668.7092480527767,583100
2023-02-14,674.528076171875,687.2480387815127,672.5391139786617,678.7927191757188,466700
2023-02-15,669.9396362304688,673.3069708819094,664.5556160472279,665.2772119566382,479200
2023-02-16,659.5877685546875,668.4316079054043,656.322180690931,657.5618235007514,492600
2023-02-17,662.51123046875,663.0385375899316,653.4638960044026,655.3880955314129,519200
2023-02-21,643.630126953125,655.499024586394,640.364538445046,653.23254716225,646400
2023-02-22,635.9149780273438,646.6830203144503,630.9842976185353,643.6302399550723,937900
2023-02-23,640.0130615234375,649.5414589348944,635.0452858163342,645.0362838025419,614800
2023-02-24,632.2330322265625,639.4950085946352,627.7463769673797,631.4374699124767,553500
2023-02-27,631.8908081054688,644.3239970405464,630.6327015762005,642.8253585206721,560000
2023-02-28,637.7836303710938,642.3628288239036,631.9555852779312,634.1480400679166,859100
2023-03-01,629.5780029296875,636.7011931336776,624.739809867079,631.9740061344746,635000
2023-03-02,634.5272827148438,635.9057116926685,622.3624056066071,622.5844177616395,490200
2023-03-03,643.1583251953125,643.2508678950775,636.516198549644,641.650426879313,812200
2023-03-06,641.4345092773438,651.125084771612,640.6611081625881,641.3972013038692,543300
2023-03-07,628.6409912109375,641.9842218112153,627.2526341494294,641.4344979312982,417200
2023-03-08,628.3614501953125,633.9242621685389,626.7681268104668,630.4673032183731,554800
2023-03-09,606.8558349609375,629.1721458592972,605.6631172162092,628.4826307945877,787100
2023-03-10,591.7142944335938,607.023588601089,585.611027907551,603.5200510943768,960900
2023-03-13,583.0858764648438,599.3548831422653,581.5204770829012,582.3870344083384,997600
2023-03-14,594.3233032226562,603.7995863622606,582.0982297275441,602.3180160572654,928600
2023-03-15,588.648681640625,591.2204297252249,577.7094821586121,578.6412716459647,1130000
2023-03-16,593.5311889648438,601.3582426096746,578.9207381168158,584.5114744711489,726200
2023-03-17,593.2796630859375,595.1432419290907,581.2968079018083,595.1432419290907,2701500
2023-03-20,599.662353515625,607.9366475168969,595.9072719978438,603.305624860841,924200
2023-03-21,616.984375,619.8076673133705,613.6205720376703,614.9157729551149,791200
2023-03-22,604.0977172851562,621.9228532532055,603.6970546633734,615.0555698493337,480100
2023-03-23,607.32177734375,615.9035220956765,601.5166901839617,608.7194615701267,483400
2023-03-24,600.892333984375,603.631797009372,594.565504630603,598.9635231622119,574100
2023-03-27,604.0977172851562,611.9713491762457,602.3831997466343,609.8841499967666,411100
2023-03-28,602.1596069335938,605.5699881794291,597.6311238418269,602.2528200020313,373300
2023-03-29,612.3907470703125,612.8752958719757,606.5950429294795,607.5548135370933,589300
2023-03-30,615.9500732421875,622.0812637044025,612.2788205600114,618.2516227409712,392300
2023-03-31,623.47900390625,623.506984890588,617.4130449845159,619.723921684936,516300
2023-04-03,620.9537353515625,624.4945804910916,611.7010736380159,619.1926966470087,622800
2023-04-04,614.1516723632812,623.972768630782,609.2411811014401,620.4692315322973,525100
2023-04-05,611.291015625,612.0644166475449,606.8650165678241,607.8806919014244,426100
2023-04-06,611.6266479492188,614.1051829850406,609.3810034154893,611.8129603508927,441700
2023-04-10,614.8132934570312,614.8226204506088,606.3992078118574,607.8527970121507,393800
2023-04-11,624.000732421875,625.6406909017924,616.7048053337504,616.8445964956188,535800
2023-04-12,620.5437622070312,631.4177855016549,618.1118055113654,630.0294283889241,481200
2023-04-13,624.9791259765625,625.7711811402932,613.6113400681012,618.1211692038457,694000
2023-04-14,644.1740112304688,655.9890945371574,631.8091471290434,633.831114295204,1117700
2023-04-17,650.7245483398438,651.414063519894,643.6708944932509,644.1740972574446,586100
2023-04-18,646.6898193359375,653.3986574640003,642.8042166216729,652.5973322357578,593800
2023-04-19,647.8171997070312,651.7866313218057,642.9439597476239,643.8477680922567,348100
2023-04-20,648.8795776367188,651.2556294912788,643.3726698343048,643.3726698343048,580400
2023-04-21,634.4927978515625,648.7771480139459,632.6105647039984,648.0876328253712,774500
2023-04-24,628.2030639648438,635.7412648277452,627.1873885500056,635.7412648277452,451800
2023-04-25,614.7108154296875,625.9108855248346,613.5460786609638,624.8952669107784,552200
2023-04-26,606.2874755859375,616.6023924740663,603.2591596233025,610.9650772103141,434700
2023-04-27,617.4782104492188,618.2702655850467,610.5736758211445,612.4186006869633,393900
2023-04-28,625.4170532226562,626.1904543445478,614.0026331352883,614.8226123525419,529000
2023-05-01,617.7483520507812,629.5075858553388,617.0122589453418,629.0323641919646,560200
2023-05-02,607.0235595703125,613.6672227234449,591.9472134913407,612.8658405949134,719700
2023-05-03,598.5908203125,617.7484086419278,596.5781801753784,612.5769887004598,430700
2023-05-04,588.5740966796875,594.9941396145372,585.3780657032179,594.9941396145372,589300
2023-05-05,600.5195922851562,600.6873075463748,594.0622988046474,598.3858151113141,484300
2023-05-08,599.2711181640625,602.8678120177208,597.0721085731964,602.1689698863247,374500
2023-05-09,592.2173461914062,599.5971016973035,590.4096726319011,595.413376741147,441700
2023-05-10,586.26318359375,600.9575190197819,581.902416504462,600.0257297219365,622400
2023-05-11,598.2274780273438,599.5971812137749,584.8096872627406,587.1857389744955,726100
2023-05-12,601.0972900390625,606.7812392265478,599.0939770493667,602.457722970972,906200
2023-05-15,600.771240234375,605.905409137978,598.8610832605912,601.1719028681413,501900
2023-05-16,590.5961303710938,599.9978541903815,590.0370225709835,598.7586151542304,362700
2023-05-17,606.259521484375,607.1726569766171,594.9755645202647,596.5595611402152,478300
2023-05-18,623.6746826171875,627.2527224526888,605.1600297824058,606.1943024792367,1125900
2023-05-19,621.2240600585938,630.3835666060479,617.5062291187273,627.5043120782285,1362500
2023-05-22,625.5941162109375,629.6753584455237,620.8419560164084,620.8792639914633,648800
2023-05-23,616.4066162109375,626.1344421155407,614.319360361557,621.0562358186309,713300
2023-05-24,610.3221435546875,611.729154847733,604.2189334935246,608.4678914852269,554500
2023-05-25,615.465576171875,617.8882059555528,608.8312399404757,610.6202597326057,522800
2023-05-26,626.4419555664062,629.190745465963,617.5620328194861,619.5280946577266,533900
2023-05-30,627.634765625,634.2597750915886,623.2646707462796,631.3246155193452,504200
2023-05-31,612.6980590820312,628.594382686535,611.589227510762,625.9760569590047,1898400
2023-06-01,623.2180786132812,625.6500354201382,615.3257924255919,618.3075300296962,569800
2023-06-02,635.3499145507812,638.2757469524939,630.0480305238468,630.0480305238468,559800
2023-06-05,630.3462524414062,636.3749599142095,628.2310721354914,634.9679487083498,551600
2023-06-06,638.201171875,638.8441088277679,627.4110917068588,627.4110917068588,748600
2023-06-07,636.6149291992188,638.3045300577357,629.0682707057337,637.3377016266923,534100
2023-06-08,638.82080078125,640.0598147321742,625.144783983041,633.8835361448859,521800
2023-06-09,642.4063720703125,644.3305760064491,635.7138524820314,640.5196931759531,465300
2023-06-12,640.5103149414062,646.8367507056882,640.397682522884,642.6034675574439,435000
2023-06-13,646.80859375,650.5631603148454,642.9695242297843,643.2792920126229,624000
2023-06-14,649.9623413085938,661.9018341150551,647.6908448388361,648.3384524984023,678000
2023-06-15,667.5525512695312,669.0074343557402,649.3710672579894,650.6006855166743,644400
2023-06-16,659.6586303710938,672.4053431945889,659.2549640315325,671.5512044695649,1281900
2023-06-20,648.5545654296875,653.726490932147,645.316239750365,653.0037184107789,698100
2023-06-21,646.7615966796875,653.4353820915383,644.2836263607892,648.3385077154,489300
2023-06-22,637.6943969726562,642.5096334333999,633.9304346232112,642.4157348901618,361200
2023-06-23,638.69873046875,641.0265434580398,628.8899136412429,629.2184153069395,686000
2023-06-26,638.4359741210938,642.9602344510514,636.4742448506222,636.4742448506222,403800
2023-06-27,642.6316528320312,646.1046385022074,636.173793497583,641.4958757760401,528600
2023-06-28,643.1761474609375,643.6924463157794,638.389096893596,642.6317764313428,368100
2023-06-29,645.982666015625,648.5169529344939,640.1348888958648,644.5653077921686,524700
2023-06-30,648.7327270507812,653.2757200173237,648.0850620972293,652.46850204337,921900
2023-07-03,651.0230712890625,659.076575145308,647.4186622581202,647.6627182459102,376900
2023-07-05,650.3191528320312,657.6405467215887,643.7861858974258,649.2302963645252,681400
2023-07-06,638.8677368164062,644.3775592878482,633.3954393903903,642.9695966674086,675300
2023-07-07,642.1246948242188,649.5305907883973,636.3426877832601,636.6618511345129,435200
2023-07-10,653.4541015625,661.6766110811471,650.2721501036834,651.257712318012,568600
2023-07-11,666.6233520507812,667.3648583751726,656.8051391669659,656.97408779948,504900
2023-07-12,681.4537963867188,682.3924379795379,674.7518816643571,678.3281038413927,642000
2023-07-13,694.4071044921875,694.9703238751536,682.8149026421113,687.9023245144296,928100
2023-07-14,683.359375,698.3494561220599,678.0841557024668,697.4108143799604,1064100
2023-07-17,683.2091064453125,688.0243427863601,676.2913219339324,680.0928092320908,648400
2023-07-18,693.5905151367188,695.3739573101103,678.8538287628237,681.0033549544604,790000
2023-07-19,701.447021484375,706.75037068991,694.5574225996476,694.5574225996476,718900
2023-07-20,704.8072509765625,707.1444595327048,696.9414293190167,698.3681829684473,621600
2023-07-21,705.1170043945312,709.9134494075143,703.7465669807622,707.0224171257943,512300
2023-07-24,710.1575927734375,710.5612018519823,704.4412392960608,705.5770164404398,385400
2023-07-25,700.2454833984375,706.7783928157696,696.6692608945955,706.3747837687906,610700
2023-07-26,697.5608520507812,703.85915768304,695.5428070259368,697.6453550007215,552800
2023-07-27,684.3353271484375,702.0944072976595,683.7064534197151,700.3391523736732,555200
2023-07-28,693.0366821289062,700.4613121698396,689.6951202378323,692.9052585518643,522800
2023-07-31,693.5153198242188,697.7110775464006,690.4741302216368,694.5853849925751,367700
2023-08-01,687.3297119140625,690.7557194035654,685.677693520268,688.3246697253064,359600
2023-08-02,673.4191284179688,679.379480517107,669.505008425608,678.1123370913516,649200
2023-08-03,666.5950927734375,669.1388321481688,662.3242849274859,666.8860693794658,585500
2023-08-04,666.698486328125,676.7043821250163,665.5721047757745,666.5013509371664,475100
2023-08-07,668.8290405273438,674.7237370975062,667.974901904666,669.5424172883326,387900
2023-08-08,654.2144165039062,660.2311413570562,645.334903464358,660.2311413570562,676900
2023-08-09,649.62451171875,657.0209550653811,648.6013671331222,652.5999896482956,447400
2023-08-10,654.2426147460938,662.7654968275091,651.9523268665994,654.2520103288598,496900
2023-08-11,652.9285278320312,655.4534762527246,647.9256089069418,651.2014592165473,381100
2023-08-14,650.4129028320312,651.5768092242323,646.3861510802769,650.3002704256979,395000
2023-08-15,631.5368041992188,644.011329569898,629.3591489640797,642.9600556343319,519700
2023-08-16,630.9924926757812,634.953590474769,628.8899444160966,628.8899444160966,494700
2023-08-17,632.64453125,639.2619440431764,631.2271730595597,633.3109875082615,471200
2023-08-18,629.1245727539062,633.8740972629492,624.4125732868209,624.4125732868209,530500
2023-08-21,630.38232421875,635.413429340303,625.604613366625,630.954881833189,434300
2023-08-22,624.9851684570312,633.3578357598155,623.8306002942271,630.3823578323825,332500
2023-08-23,637.121826171875,638.586104888901,626.1866277746914,627.3881166143748,386800
2023-08-24,631.8560180664062,646.3299142491821,631.6776738527878,637.1312370981343,317900
2023-08-25,634.484130859375,640.3412446704468,630.0725043381733,634.5216558950401,275200
2023-08-28,637.337646484375,641.59905872449,633.235787275043,639.5059062890566,430900
2023-08-29,648.629638671875,649.033247751219,635.0380671186257,637.0092491758277,502600
2023-08-30,653.1162719726562,656.5798621000722,647.4844218331274,649.3335757531466,483900
2023-08-31,657.5559692382812,661.2166944132573,651.2295339880035,655.0498121945659,617100
2023-09-01,662.8594360351562,663.6103379956046,658.3633625664735,660.9915480731163,454500
2023-09-05,653.2288818359375,664.8304789731243,652.8158772150276,662.277401163965,556800
2023-09-06,651.5862426757812,656.4108744246223,646.4425048538282,650.4411273814616,426600
2023-09-07,653.3637084960938,654.8670017652275,642.8597562252655,645.4408203434114,453000
2023-09-08,652.9476928710938,655.7178587673997,649.2604090372815,654.4225948634629,352400
2023-09-11,657.9680786132812,659.8779091763062,654.2429972640263,657.5237440914269,563500
2023-09-12,659.30126953125,664.3972099951515,654.3281846907579,655.5288690290744,404000
2023-09-13,659.1971435546875,665.8058404338396,656.1433536168165,660.7193643553508,645200
2023-09-14,668.2545776367188,670.3818435283673,660.2371673198219,665.3237010460929,660100
2023-09-15,659.3672485351562,666.6850909888577,657.4007511323881,663.5745188895909,2816100
2023-09-18,656.9847412109375,661.3243308482281,652.4181947634097,658.336729796508,494400
2023-09-19,651.3782348632812,657.6276549362268,648.2581989946224,655.8218103983521,428100
2023-09-20,646.1972045898438,656.7957372010742,645.4313911453462,653.307018685967,334100
2023-09-21,632.3463134765625,639.8248091030096,629.3397847711641,639.8248091030096,547700
2023-09-22,624.0925903320312,635.0787335232864,623.364631825672,634.3885723075863,468300
2023-09-25,621.681640625,623.9696171648826,617.4082389588544,619.2896782664368,458300
2023-09-26,611.4423217773438,618.7884978622998,610.5914501128817,616.5477825872193,589000
2023-09-27,608.2941284179688,613.078111281588,605.3821212861784,612.3500950721937,548800
2023-09-28,610.0430297851562,612.2175563844481,605.7223101205333,607.9441554527133,696100
2023-09-29,611.2249145507812,620.9914444405307,610.3267241088004,617.190711046979,539900
2023-10-02,607.963134765625,610.9980549694193,603.8977047031165,609.5420803784674,569000
2023-10-03,591.3515625,602.9428079166545,589.5835726903964,602.9428079166545,678600
2023-10-04,601.8082885742188,603.5478870698003,591.2664809589521,594.7174021170748,546700
2023-10-05,605.37255859375,607.802375771835,597.5347867605859,599.085341005133,496900
2023-10-06,612.8983764648438,615.9710937287559,599.9267523468005,600.3806082903227,608300
2023-10-09,608.5115356445312,612.5202410735284,605.5617313588245,606.5071829300327,536100
2023-10-10,606.9326171875,613.976242580304,606.6962543065722,608.5115050744787,626700
2023-10-11,607.6133422851562,613.2577181460289,603.2926217001334,610.4213634455942,515000
2023-10-12,601.4678344726562,609.126025862561,597.5820428516647,608.1427194201111,744200
2023-10-13,593.4220581054688,601.3166126874996,586.1799250669587,593.9042475993357,1263400
2023-10-16,600.7871704101562,606.6205900385504,594.1406186310463,596.1166376670948,695400
2023-10-17,601.4017333984375,604.9661043590734,595.3319503474323,596.8635773069777,578500
2023-10-18,583.050537109375,600.3617532288932,581.8781863832394,600.3617532288932,664500
2023-10-19,588.5530395507812,595.1617364943382,585.33848127533,591.5217711961851,1040800
2023-10-20,581.2919921875,591.918858368227,579.6752492641881,589.2526780746274,850300
2023-10-23,581.1973266601562,585.6787571095274,577.1508246333567,578.086812296102,469500
2023-10-24,578.9849853515625,586.576929937814,577.4438949832945,583.5987927096279,657200
2023-10-25,575.4774169921875,578.2287131958358,570.5705213572023,575.0708797684217,562000
2023-10-26,573.9552612304688,584.1850536026208,573.4068831911933,574.068710796418,856400
2023-10-27,565.4556274414062,575.7515500224156,563.6592465784651,573.9552268652521,543000
2023-10-30,574.0025634765625,577.3778325703372,567.516779432424,569.9560606870264,528100
2023-10-31,578.881103515625,579.4388876156407,571.440346717742,575.7327336922481,508900
2023-11-01,582.5966186523438,584.2605646168871,574.522426893755,580.9704122633444,537100
2023-11-02,609.333984375,609.9485508883103,589.744258396359,589.744258396359,1174000
2023-11-03,622.0787353515625,626.0401796969398,618.5711469950036,619.1005975604719,894200
2023-11-06,617.5877685546875,624.2437836952951,614.8837912567042,620.802326567438,469400
2023-11-07,613.21044921875,617.8525909615199,611.6220398258545,617.2096908290542,440800
2023-11-08,619.2234497070312,619.8946833167453,613.0590876777935,613.0590876777935,482200
2023-11-09,616.26416015625,624.5651937333234,615.1390706424322,620.9063013030454,437100
2023-11-10,628.7252197265625,629.150684423924,618.2118041274467,620.7645346058379,522700
2023-11-13,625.368896484375,628.1295986637955,622.2394543763055,624.7732574321817,356400
2023-11-14,659.3106079101562,660.9368145649111,636.2888860083627,636.2888860083627,1011000
2023-11-15,670.1739501953125,672.5186517417565,659.6416053229493,660.0859398845662,747400
2023-11-16,675.9033813476562,676.0924255056635,670.0888308442591,670.6466726865839,558900
2023-11-17,677.75634765625,681.5192838618257,674.7214852764614,680.5738323629198,715600
2023-11-20,681.5949096679688,682.2945345762948,673.2654838891399,675.4211411042035,668300
2023-11-21,685.1119384765625,686.9649863487263,679.5242882068312,680.535928162203,642900
2023-11-22,687.4755249023438,690.4442560616093,686.3787689949263,687.3431478607981,498100
2023-11-24,690.274169921875,690.8792727775948,687.002944413097,687.0785389907236,279600
2023-11-27,690.8223876953125,692.1176514324795,685.0173025384237,687.5322354526718,868100
2023-11-28,696.57080078125,698.5278921547527,686.2653571713911,686.2653571713911,610200
2023-11-29,706.5360107421875,710.289483822214,701.7898826706532,701.7898826706532,750000
2023-11-30,710.25146484375,710.8754951076613,704.0682332173066,707.3489220062733,961300
2023-12-01,715.0921630859375,719.8478114582422,707.8216393106161,709.0885696121977,746700
2023-12-04,715.1679077148438,716.5766212888046,708.6159354101945,710.8283174236342,767900
2023-12-05,713.154052734375,714.4020556352634,707.3678941884799,714.4020556352634,860700
2023-12-06,707.224609375,720.0924286080251,706.6440494711806,718.1222776036188,624800
2023-12-07,709.4802856445312,713.7156311068434,706.7772605076229,709.4802856445312,784300
2023-12-08,708.8046264648438,711.717011467979,706.4156981539046,707.3008865986593,456000
2023-12-11,716.1139526367188,718.7979236943736,708.4142442236737,709.8228308999937,781300
2023-12-12,722.662109375,722.8048966666298,716.3614603820185,718.5790783063336,607600
2023-12-13,736.1199951171875,739.6986233014098,718.3982221777563,722.3861003385687,600000
2023-12-14,768.1943359375,768.641635418393,744.2194903975308,745.1617238494896,1197400
2023-12-15,779.4918212890625,779.4918212890625,751.3863068576334,753.6991359088775,2703000
2023-12-18,758.0200805664062,775.6847518555817,757.4109399482993,772.8294705604078,916300
2023-12-19,762.7216796875,775.132613181602,760.408909111734,762.4266363158798,756400
2023-12-20,751.1577758789062,766.5572508264473,750.7866335045703,759.2763192609215,547900
2023-12-21,760.5517578125,760.8087517249141,753.4706576900883,756.6495631758569,341100
2023-12-22,763.7115478515625,768.5655606440521,761.5510912907434,763.2927709607302,426600
2023-12-26,767.699462890625,770.069337055646,764.6823986071488,764.6823986071488,280600
2023-12-27,774.01904296875,774.01904296875,769.6219151493516,770.135844784702,298000
2023-12-28,775.1232299804688,778.1784020458924,770.8117851964922,770.8117851964922,311500
2023-12-29,772.6390380859375,776.7982261551114,769.6315009493508,773.4004347453786,318500
2024-01-02,761.69384765625,769.1556748614944,757.0587790876406,765.3581601044178,660000
2024-01-03,746.3229370117188,754.18442907849,744.5907261218335,754.18442907849,638700
2024-01-04,748.0360717773438,754.2605636624533,744.971373189531,745.4758340674537,580200
2024-01-05,745.066650390625,750.7105828961899,743.7627432195522,745.0475965925268,471000
2024-01-08,758.7338256835938,759.5142761311504,745.1426601821321,746.5893544840264,513200
2024-01-09,756.1926879882812,756.7827747861976,749.1686916225343,754.4129006960425,454700
2024-01-10,754.1368408203125,760.5041200866978,749.8634460082774,756.544822465526,510800
2024-01-11,754.3748168945312,761.3892865830198,749.1116119488904,758.5150095998586,735800
2024-01-12,761.027587890625,763.635460166784,744.9999753847569,747.1319093730187,880500
2024-01-16,753.2041625976562,769.964649580196,750.6153440591154,765.0154837992453,895200
2024-01-17,749.4447021484375,749.9205823594526,731.285097030662,737.0147133603554,617100
2024-01-18,756.8970336914062,757.5918002390318,747.1890653687021,756.2307897503763,506700
2024-01-19,766.5859985351562,769.8124806523148,755.745432228372,759.2669577842444,681500
2024-01-22,755.716796875,768.3561445368794,755.2313897857925,767.5090638553544,760500
2024-01-23,754.3271484375,757.2110100583672,750.4439501100061,755.0029191698251,718300
2024-01-24,747.845703125,759.3715071467279,747.312719646852,759.3715071467279,659700
2024-01-25,752.3284912109375,756.5543093989086,749.5017328241775,752.7662637845103,723800
2024-01-26,749.3209838867188,755.012550827996,747.5982998114401,753.1566063491197,687900
2024-01-29,750.6535034179688,754.2511278309922,743.4581965010722,749.330542406808,622200
2024-01-30,744.0195922851562,746.9605572968569,741.4879353397531,745.2092927106137,936600
2024-01-31,736.9575805664062,747.5220975918237,735.0921093011765,741.8686385875751,730800
2024-02-01,747.0653076171875,747.6553944367316,728.6963429297625,739.0324472614699,626600
2024-02-02,749.9871826171875,754.1178482438575,739.7652853872193,742.9917670308901,509900
2024-02-05,745.39013671875,749.2638083124605,739.6605789160229,744.4764839612875,501100
2024-02-06,749.9680786132812,749.9871324087563,741.1928763435737,747.0652212544863,666300
2024-02-07,756.364013671875,760.8848756446384,748.5881473441588,751.8907281017084,700600
2024-02-08,754.9364013671875,760.3994970615063,749.5113551782042,755.7549014132611,545500
2024-02-09,758.7529907226562,762.1793052032491,753.5754114045463,755.91670499964,536600
2024-02-12,763.08349609375,769.4888255716291,759.162247541042,759.8189645996234,499300
2024-02-13,740.5360717773438,753.0612105507313,732.8553599302912,747.3697030977418,637400
2024-02-14,747.5126342773438,750.2537088505065,741.573600641595,747.2270596873876,420900
2024-02-15,759.5523681640625,763.7686597238738,750.3679152485063,750.3679152485063,508200
2024-02-16,755.6976928710938,759.5047341450036,752.9661454043306,756.7351371782037,393700
2024-02-20,759.6094360351562,762.8644982448716,749.5779028979699,751.2054340028276,582200
2024-02-21,766.595458984375,767.1760189117049,757.0492738755115,760.2757557129898,419100
2024-02-22,774.2000122070312,776.9506138118004,769.0985902064479,771.9157639218625,549600
2024-02-23,774.3427124023438,783.97452229415,772.8293879177567,777.6452928636598,492500
2024-02-26,767.1473999023438,775.5133522164999,764.5966311205183,771.8300444191775,577800
2024-02-27,761.92236328125,770.8023054023984,756.9066247273403,768.3848545387389,555900
2024-02-28,770.602294921875,773.8954067972883,758.8576041926807,760.2471952804008,513000
2024-02-29,772.2012329101562,775.6466005736438,768.4417680799771,774.1618568186096,758800
2024-03-01,775.5228271484375,776.0177029807376,766.3668981154342,772.2011931431643,431300
2024-03-04,794.21533203125,801.3440649573125,776.6077677588079,776.6077677588079,858900
2024-03-05,787.0487060546875,799.2883302123623,783.6509146347094,792.1406006902172,497600
2024-03-06,795.2463989257812,797.1521461816304,785.7080181766171,790.8889689653762,538000
2024-03-07,796.4913330078125,803.6929461842064,794.5089561065212,802.5150349556992,384700
2024-03-08,800.7241821289062,809.2282660984496,798.4257589393374,800.4655934459641,396200
2024-03-11,790.2280883789062,800.6762629566289,787.4604765295044,800.2740593802971,428600
2024-03-12,794.470703125,798.9525760397952,787.4414041845047,794.9782360555942,438600
2024-03-13,791.0230102539062,796.4146777835368,788.360727552186,794.0683829687355,510800
2024-03-14,774.5607299804688,790.3526427723588,766.7270242512226,790.0749405024186,859000
2024-03-15,768.5465698242188,779.3490179928434,764.5435307041,767.6559469568281,1576700
2024-03-18,766.3727416992188,772.1379136745351,760.2245381321852,772.0708699944344,634800
2024-03-19,768.3358764648438,769.8394199920326,759.2572160969638,762.5994630698931,593900
2024-03-20,783.265869140625,784.5586955374511,766.7939936203443,770.0691966899417,451400
2024-03-21,806.4127197265625,808.8835158745735,787.4125890204921,788.6671883562284,643300
2024-03-22,789.9122314453125,806.6618124835194,787.6425660685151,805.2253124500356,615100
2024-03-25,781.6570434570312,791.9806585722325,780.6610328264477,785.7079542986955,378100
2024-03-26,785.4780883789062,789.0022941448182,783.3041666824274,784.7789520750887,374000
2024-03-27,799.7664794921875,800.1399834726394,787.6711463662232,791.7986868325161,466500
2024-03-28,798.4066772460938,803.1758383359196,795.8401377043107,800.8199573950745,532100
2024-04-01,791.7699584960938,799.7664504671857,790.304700680418,799.632363127583,395900
2024-04-02,782.02099609375,790.946397385484,775.7099474692113,790.5537797973259,530700
2024-04-03,780.3067016601562,791.1092085172268,779.1192044775694,780.9292083048969,369600
2024-04-04,758.55810546875,791.5305569956635,756.7289296685241,787.5658035435857,1189400
2024-04-05,763.7965087890625,770.2224721928204,756.6714675288146,760.032886372546,687300
2024-04-08,769.312744140625,773.354069157075,763.0974972264053,767.588955941896,760200
2024-04-09,769.8681640625,772.0994850423396,760.5596147880625,772.0994850423396,802100
2024-04-10,750.4754028320312,761.4693959391338,747.8609334470221,760.1860970648493,654400
2024-04-11,752.6876220703125,755.9053676473854,745.8306968451277,752.2470744151917,812000
2024-04-12,731.0826416015625,769.006212249789,729.7993427517032,752.304505874829,1453600
2024-04-15,730.6900024414062,745.2752455092414,724.2927968069315,738.1597899516415,935200
2024-04-16,717.9338989257812,734.386603991229,717.091147647227,732.2318541554247,662900
2024-04-17,721.8794555664062,726.7731761133645,716.4112169150317,721.1612056460615,585800
2024-04-18,715.664306640625,729.1865556442078,715.1663597081115,722.7893491611778,614900
2024-04-19,718.2308349609375,723.4501300353965,713.9883786004243,719.581177706843,867800
2024-04-22,727.931884765625,733.8598428647317,718.7765951689973,724.7141392855199,617200
2024-04-23,734.1663208007812,736.8477754319466,728.7267818486094,730.9485752433828,461000
2024-04-24,730.508056640625,735.1431886134333,727.2903109552684,730.508056640625,751200
2024-04-25,725.5761108398438,728.439524574153,716.3537769586517,722.3774787302945,510100
2024-04-26,730.584716796875,734.9899598747047,725.671882353073,727.6063876326931,447900
2024-04-29,729.052490234375,736.828738701505,723.8523089243231,731.0443947673871,483700
2024-04-30,722.6934814453125,729.2151881514524,721.889015844626,725.9495125639818,418600
2024-05-01,719.7630615234375,733.4098102308116,719.1309688505621,723.0382648468351,614800
2024-05-02,724.95361328125,728.8417373235427,717.0816219175823,726.064480814192,632500
2024-05-03,731.571044921875,738.8876315565129,730.4123057792011,733.2853054937243,558300
2024-05-06,741.846923828125,742.3448707499872,733.4098827972118,736.1870810714737,450100
2024-05-07,747.8610229492188,752.9845745906515,743.8005257108747,747.4300612670297,777400
2024-05-08,745.380615234375,746.2616520857371,741.118987436594,745.0645689094686,665700
2024-05-09,755.723388671875,758.0026396748345,744.9688123130366,744.9688123130366,654800
2024-05-10,762.9442138671875,765.395837960904,758.5485570210948,758.9795186700701,607100
2024-05-13,756.8726196289062,766.602486042909,756.3746143192703,765.1755722378819,416800
2024-05-14,768.968017578125,769.3031775177917,758.634757240833,758.969975631832,492200
2024-05-15,781.1686401367188,783.5436345480801,773.4881354691445,774.8671776808803,667300
2024-05-16,773.5167846679688,780.4981520035371,773.4688545847031,777.0409901683784,486300
2024-05-17,777.8358764648438,779.0138460368685,772.1760930236898,776.1216744284835,394400
2024-05-20,771.1036376953125,778.4010531329953,770.1555570327425,774.7331733760946,366300
2024-05-21,770.8544921875,772.5208225525441,766.3534479276354,770.5576179092602,461800
2024-05-22,765.7597045898438,774.6277058311069,761.8715808944683,769.5233269627226,391600
2024-05-23,751.3373413085938,764.6393447998594,748.7133441000818,764.6393447998594,538300
2024-05-24,748.799560546875,755.9724742454048,747.8610075036102,754.0475549690269,429000
2024-05-28,738.7534790039062,750.4657798865916,733.0745237502641,748.7994495514553,636200
2024-05-29,724.5514526367188,733.5056124610384,724.3120359734875,730.977358468995,574900
2024-05-30,729.6078491210938,730.1345540516403,721.9178168519232,722.9999847671534,650000
2024-05-31,739.3473510742188,741.5116284261727,729.8185569998165,730.7570515352359,1616000
2024-06-03,744.4611206054688,746.6924996715896,736.1772829104123,746.4913686862191,571000
2024-06-04,752.0459594726562,753.5590890191451,741.8276735403915,744.4612566070505,666400
2024-06-05,755.4840087890625,755.6755537934224,746.4436340257656,755.3595074587951,539800
2024-06-06,745.5722045898438,754.3444049088474,743.6568713938636,754.3444049088474,406300
2024-06-07,741.0028686523438,746.1312567879733,735.7202693800681,740.0388872472274,468100
2024-06-10,738.5736694335938,741.1667819520304,732.8669155820128,739.1231459341651,588900
2024-06-11,730.3412475585938,735.8744914926114,725.203210118396,734.5634908829204,499000
2024-06-12,742.3717041015625,754.3732843355855,738.4965388707152,741.6390688214431,833200
2024-06-13,741.9861450195312,744.9166272960541,730.8907096850064,739.3351961679439,462500
2024-06-14,741.619873046875,742.2367764652972,732.6162603228986,736.9638261210914,376800
2024-06-17,752.9467163085938,755.7036893869384,738.4580455482429,739.5762970811086,541600
2024-06-18,755.424072265625,755.877115296748,749.0328706683813,750.8836985424123,479700
2024-06-20,754.633544921875,755.8095739400551,749.5148062510401,753.8527223733325,496800
2024-06-21,759.2317504882812,762.6539316330826,751.7994913209044,755.4914978341477,869500
2024-06-24,770.1730346679688,777.4221355716845,760.1765511747979,760.1765511747979,528700
2024-06-25,765.7772216796875,766.6158808161692,760.1764919293838,765.8447074401439,388900
2024-06-26,759.0872192382812,762.6250147538525,756.262760595613,760.8513218001627,529000
2024-06-27,752.9948120117188,758.7015655491334,752.2332878704431,756.3880454410361,428400
2024-06-28,758.9619140625,763.7914707431609,753.0623520483456,756.2338299704455,769500
2024-07-01,754.0938110351562,765.497669578787,749.6209228480366,762.3454901488203,543500
2024-07-02,760.7066650390625,761.217544598139,754.479323865249,754.479323865249,367300
2024-07-03,760.6969604492188,762.1525817058935,757.6893433352861,760.7066096766276,250800
2024-07-05,762.1236572265625,762.6827829025253,754.701047653085,762.6442448284691,341400
2024-07-08,761.728515625,764.7072442378467,757.4580847985828,762.123722137187,529600
2024-07-09,773.383056640625,774.4530619164263,763.0106069495674,764.9289205981007,629500
2024-07-10,782.7529296875,783.0324631240127,772.8817691506423,772.8817691506423,519000
2024-07-11,795.1593017578125,796.1811196485659,786.4256329672592,788.5078068220338,634100
2024-07-12,798.1476440429688,807.372953014999,795.6702636445102,799.5165399806151,677100
2024-07-15,793.318115234375,806.0908681582159,788.9609006922171,800.0852243216372,888100
2024-07-16,813.5425415039062,815.0752979620851,791.3806164496167,794.8027389737829,744600
2024-07-17,810.7952270507812,818.0539771625508,805.7825114752211,815.8271822473752,692000
2024-07-18,799.140625,821.1965253643592,798.9381677135195,805.0883740941636,718000
2024-07-19,800.7793579101562,803.6423544163699,795.342488712598,803.6423544163699,1036200
2024-07-22,812.86767578125,815.0462831844827,804.9630164419144,806.4186377867339,573200
2024-07-23,814.2655029296875,820.3385743687548,808.7997445182028,811.489231614098,701500
2024-07-24,797.8391723632812,815.7595523630765,796.3546034575992,813.677378575696,660300
2024-07-25,806.4089965820312,818.0153705440915,792.8072328552429,795.2461340915319,587500
2024-07-26,825.3609619140625,826.7587468392197,810.8048061410701,811.6434653288123,555800
2024-07-29,831.0966186523438,834.0078025803147,821.6688519658234,827.0960721579027,612700
2024-07-30,841.1605834960938,842.4137475901323,834.0174481375867,836.8612051288616,539600
2024-07-31,844.9297485351562,853.2199655451216,840.4954573599206,843.792257474322,656800
2024-08-01,834.1813354492188,852.8054643742735,829.3325392855779,848.3036874164809,586500
2024-08-02,815.547607421875,827.2888944550743,809.0599722363604,824.204142039155,479800
2024-08-05,800.8372192382812,818.3430960541516,783.8904092872776,794.9858449194154,1328800
2024-08-06,810.6697998046875,821.5338299120932,799.6225520454681,804.461757384704,525100
2024-08-07,809.5901489257812,825.5536782420372,808.269440303967,821.5627812037847,750900
2024-08-08,824.040283203125,824.9656677438954,813.2340299172275,815.7211185440655,381500
2024-08-09,825.3705444335938,831.1544328949691,819.1913906454411,822.6809986435304,290400
2024-08-12,808.0767822265625,826.1321367015051,805.3583473651031,823.3751637616904,510300
2024-08-13,823.8088989257812,825.3705441027862,813.3111272517712,814.0630021563354,385800
2024-08-14,826.6333618164062,828.6576992531984,820.7145018075001,825.1970389219409,325100
2024-08-15,840.6495971679688,844.2838257865653,831.9448759298599,833.3811987675296,520800
2024-08-16,841.0641479492188,843.358428458202,837.4106795129128,840.8328018200367,395200
2024-08-19,838.8663330078125,845.4310444401398,835.10678175437,842.1245950709935,456000
2024-08-20,829.9590454101562,840.5821393643951,828.7637178769563,838.1336477669292,348700
2024-08-21,832.0027465820312,833.7667902116067,823.0087834925849,830.8363078869365,453700
2024-08-22,834.0752563476562,837.4491912445235,828.0407233753787,832.0027316416339,327400
2024-08-23,851.0413818359375,852.7957762421672,835.8008379550571,838.1818438183378,416300
2024-08-26,851.33056640625,856.9794834134404,847.1276215308031,850.9642487592677,413800
2024-08-27,854.2129516601562,856.0155924011772,847.0505760048687,851.6776755477929,300400
2024-08-28,856.6517333984375,863.1875559010625,851.8800722684558,854.5117228112649,441200
2024-08-29,862.6380615234375,866.291529978703,852.9115217986003,856.6517156343806,417900
2024-08-30,869.328125,870.9187179563482,857.9049681428933,865.934891406062,478200
2024-09-03,854.5021362304688,867.5833725864336,849.2773728387419,866.6868768285058,433500
2024-09-04,854.559814453125,858.6181971031598,847.5131131636123,848.6217152467988,356600
2024-09-05,845.064697265625,857.6542924229586,841.6907622512441,857.6542924229586,426000
2024-09-06,835.6947631835938,852.892217749265,830.0940334397399,846.5106654021116,748900
2024-09-09,851.3261108398438,857.2121118350443,844.5188963275313,846.9625239339891,394800
2024-09-10,857.0375366210938,859.3550410255148,842.967384232713,859.3550410255148,269900
2024-09-11,850.531005859375,851.8594709856184,828.2669933050294,851.8109985211083,431900
2024-09-12,858.2885131835938,859.5975656791653,847.8740944598957,854.1285813291657,478700
2024-09-13,858.8799438476562,865.095664121004,855.9224134466025,861.216920202262,406900
2024-09-16,868.0435180664062,868.7417227719749,859.7235955025925,861.4108988806595,380900
2024-09-17,877.1002807617188,881.3280969442221,868.0530950363499,870.1475904710534,416900
2024-09-18,894.739013671875,902.2928465020528,878.293117376931,884.1694123225936,656300
2024-09-19,906.5303344726562,914.1520521306384,897.6576840123394,909.8078778454662,625500
2024-09-20,900.6346435546875,903.5437015705832,896.6007758140177,902.4576579794438,970100
2024-09-23,909.187255859375,910.9812104300922,900.634618429048,901.7788407811868,396500
2024-09-24,912.6975708007812,913.5993717141196,901.8080155309162,905.6867596837374,366500
2024-09-25,908.4017333984376,914.258674074852,906.2781189237968,914.1422573174702,476800
2024-09-26,916.3726806640624,923.8683344885634,910.9326972353546,916.3532680049252,459400
2024-09-27,916.5570068359376,921.5411483384077,913.5412381273252,916.8090755029964,472500
2024-09-30,920.7265625,922.433219328052,907.5969761934706,915.6647708083938,362200
2024-10-01,905.7061157226562,916.663555432374,891.102647267631,916.663555432374,543800
2024-10-02,928.2319946289062,928.2611136199072,904.7171073269986,911.378845922682,368200
2024-10-03,922.6465454101562,929.5701178251808,920.707173362358,924.6635089116488,511100
2024-10-04,920.4161987304688,931.6160594880032,902.8067281210596,931.6160594880032,491700
2024-10-07,912.1544799804688,927.814931986715,909.5266688940924,923.1410385339624,561400
2024-10-08,920.2999267578124,926.3992305743908,913.7157799266748,922.7047291708463,389000
2024-10-09,926.9421997070312,933.7591205131135,919.2428907059682,921.2016753126542,573200
2024-10-10,926.622314453125,934.1276749772632,924.712002166925,926.050173644788,564400
2024-10-11,960.2412719726562,966.0884478017176,933.9530986036178,934.0112773964714,927500
2024-10-14,961.6569213867188,971.09200592069,959.203646710758,968.88109354716,768400
2024-10-15,976.4738159179688,985.6373605855669,965.9236273527988,967.7466417935776,618800
2024-10-16,984.9585571289062,988.3233391491176,973.7102231728584,973.7102231728584,547100
2024-10-17,972.1101684570312,1000.7159040874376,971.2762527413424,992.57051840345,684700
2024-10-18,976.4932250976562,978.878614804796,968.1151237637116,978.878614804796,505400
2024-10-21,970.199951171875,978.005911547858,966.9805865855758,974.53441913478,311200
2024-10-22,970.4713745117188,973.4386110940222,960.755102541167,966.8835247290156,504400
2024-10-23,958.2048950195312,978.0641046137008,952.881328330782,966.8254177936128,441400
2024-10-24,954.1709594726562,961.957565934844,953.4242823639718,960.9975271444216,353600
2024-10-25,944.5420532226562,957.4194525823928,939.577265615898,957.4194525823928,433500
2024-10-28,956.3237915039062,959.45591783423,949.3323926424238,952.2317445947662,329400
2024-10-29,953.3660888671876,959.7660514466058,949.4485790591302,955.1406306715868,269500
2024-10-30,950.1661987304688,967.7466103241584,949.2838105279576,955.6449482043744,427900
2024-10-31,951.291015625,956.178211402071,940.1492745820578,940.7504751234262,607800
2024-11-01,955.21826171875,961.8993530002932,950.5152493034134,954.17098431053,792000
2024-11-04,961.4436645507812,961.9382138780824,946.4620040831236,949.4583598506298,512500
2024-11-05,983.6008911132812,986.8396681334942,961.9284344348164,961.9284344348164,424800
2024-11-06,998.6019897460938,1025.4526567811731,969.6860051551128,1014.543689223178,1266900
2024-11-07,1004.6528930664062,1013.2732970898808,1001.1038093073664,1008.4636926040952,528700
2024-11-08,1007.7752685546876,1018.5968788098957,1005.2444023642016,1009.423687364318,454500
2024-11-11,1021.8938598632812,1035.954306846314,1015.7460837742644,1017.035723539554,681500
2024-11-12,1004.93408203125,1025.0356542642312,1002.2577391494476,1022.2429537949536,489900
2024-11-13,999.7268676757812,1012.0128320851024,995.072445830966,1006.8928615229185,408800
2024-11-14,1015.3386840820312,1026.790731542372,1005.7581825181994,1009.1617895454727,1048700
2024-11-15,1015.6199340820312,1020.604133899444,1003.634630353138,1007.0091184048824,583400
2024-11-18,1018.1411743164062,1021.2926537956836,1005.952273459299,1007.0964366446466,563200
2024-11-19,996.9439086914062,1012.6528936922967,996.439653007222,1010.4128621036804,673500
2024-11-20,993.6082153320312,1005.2734481751538,987.1403669745536,1001.055337668049,593700
2024-11-21,996.8372192382812,1007.9207824259807,993.540263127137,1003.363187152675,473100
2024-11-22,1005.0406494140624,1010.3545094150868,997.3219872259936,1001.685573946963,713000
2024-11-25,1000.221435546875,1017.2006474345578,999.3292817843964,1017.0454645258926,1463700
2024-11-26,995.3632202148438,1006.8442687792378,987.33425128308,1000.7644372716755,772700
2024-11-27,988.5464477539062,1002.6553678337276,987.1791572905672,998.3403122930328,481900
2024-11-29,991.7947998046876,998.1171120930576,989.8748405203132,989.8748405203132,390000
2024-12-02,989.1863403320312,1002.3159262399382,982.165823381094,995.4311795291412,719600
2024-12-03,1007.5037231445312,1014.5727717463964,990.0493756790822,999.8334739758732,941700
2024-12-04,1003.625,1007.872229372476,981.7876525584052,1006.5340579710144,1029500
2024-12-05,1018.12548828125,1030.6281251105513,1002.2900600373692,1003.722528689058,880500
2024-12-06,1016.2640380859376,1026.3597169310335,1011.8593344099636,1017.7745416853088,550300
2024-12-09,1019.6844482421876,1028.8835550670055,1016.6342969711076,1023.1828257910817,742600
2024-12-10,1030.101806640625,1037.6833505702036,1019.2266080161868,1023.0757873941218,645000
2024-12-11,1038.0828857421875,1054.8342739639843,1033.2299555199434,1034.0680007551557,1139700
2024-12-12,1031.80712890625,1046.6486781506271,1024.4010453539263,1040.9380749123343,687100
2024-12-13,1029.58544921875,1034.3603446029272,1025.4827744079655,1029.897232995579,537300
2024-12-16,1037.488525390625,1044.6314785902373,1029.5464255293143,1032.3529553282794,897800
2024-12-17,1022.4522094726562,1032.713596046519,1011.7816140952174,1029.078775057544,990400
2024-12-18,994.2698974609376,1033.931563096432,992.9641171074112,1022.452068181974,864900
2024-12-19,990.4011840820312,1014.3248472332756,989.0563861847006,1013.9740459064972,796300
2024-12-20,1002.44580078125,1010.3197383598736,976.4172696339292,981.932903905564,2079800
2024-12-23,1013.1748657226562,1014.7925486947524,997.2517692011568,999.7172517572023,488100
2024-12-24,1027.9188232421875,1027.9188232421875,1010.222212164257,1015.0653875096106,276600
2024-12-26,1027.3831787109375,1030.511246946951,1018.3399020362264,1018.3399020362264,292100
2024-12-27,1017.540771484375,1028.5133951919406,1013.7207363034788,1021.2632627158324,337100
2024-12-30,1001.218017578125,1009.618097361261,995.4197439978744,1006.460766516483,591700
2024-12-31,998.957275390625,1007.747175268361,993.5293706584326,1004.5119277858896,619400
2025-01-02,991.4439086914062,1005.7688317282522,986.1816507951668,1003.7224311452784,604500
2025-01-03,994.7864379882812,997.8755477860788,984.232718031191,996.092218385702,469000
2025-01-06,986.9027709960938,1003.1475255440486,985.6846612387616,999.4834418775104,616200
2025-01-07,955.7386474609376,986.1816362818516,953.2926736094084,985.2071484989644,970500
2025-01-08,960.9423828125,965.0254890184834,951.1487924503527,955.2318986563364,778500
2025-01-10,931.259521484375,956.9957177256337,923.9703124047682,954.7933658142182,908200
2025-01-13,930.6455688476562,932.8284119221436,919.273313297654,922.109046520061,794100
2025-01-14,938.5973510742188,944.8633001797756,933.598224150166,939.718035779787,1058100
2025-01-15,987.33154296875,999.2884678406248,965.7174106823632,993.7534437469444,1140100
2025-01-16,970.3170166015624,990.605860841769,957.1224724818284,990.605860841769,883800
2025-01-17,979.3212890625,986.9709945650524,971.574099092326,975.3648709406448,1085800
2025-01-21,986.2693481445312,1000.7501625781588,978.1128308325748,988.1501023934202,671600
2025-01-22,980.6660766601562,987.9552263551204,972.7824442052114,986.6493865356728,570300
2025-01-23,991.7655029296876,991.84347861172,975.2966939119416,978.3468456480092,645300
2025-01-24,994.4160766601562,999.8244719961112,987.292573298252,987.292573298252,731300
2025-01-27,1003.6638793945312,1004.6092229405164,979.0581226148414,984.2326503081327,662500
2025-01-28,1024.3814697265625,1028.7861733659156,1000.8476858550308,1003.4105933820337,1083000
2025-01-29,1025.755615234375,1039.612803556911,1018.6419254852464,1020.3959321966876,808600
2025-01-30,1044.18310546875,1050.741388820915,1032.3040382513343,1041.9222273327991,532100
2025-01-31,1048.0615234375,1056.5590276489806,1041.4934858428994,1046.687462470078,957600
2025-02-03,987.886962890625,1029.5853320461606,980.9486148244208,1027.5778301694097,1502200
2025-02-04,989.7482299804688,993.4902892166034,978.3857286645118,985.7333450951862,931100
2025-02-05,988.6178588867188,1001.334972076298,980.2469826347397,993.977541709663,710200
2025-02-06,980.9389038085938,997.6805970638112,979.360238331912,994.3186022605016,688500
2025-02-07,966.73095703125,989.9919784971952,965.8637080016376,983.0244256836756,731700
2025-02-10,960.4064331054688,970.9211944645456,951.8699105168852,969.61535465077,683700
2025-02-11,962.9888305664062,964.2166946786436,948.7612733732292,954.9980189206512,884900
2025-02-12,948.8685302734376,955.8653454893685,941.2382742008914,950.164556213874,562900
2025-02-13,955.2904052734376,956.9470464755668,945.5163232935032,954.0625410944708,480500
2025-02-14,949.0732421875,953.682610415452,943.6746006149676,950.125705776976,965200
2025-02-18,952.9126586914062,952.9224130862252,934.6020537101094,944.4151533318444,1048500
2025-02-19,961.1763305664062,964.450595326063,942.2127764135338,946.22766142364,760300
2025-02-20,964.1387329101562,966.0292415988996,949.1706147540508,961.3322033211348,769700
2025-02-21,949.3654174804688,967.8709896239574,946.2373499011044,967.1693275226156,1254000
2025-02-24,928.491943359375,957.2198835115158,923.9215932995808,950.4666308665846,1141500
2025-02-25,933.5690307617188,941.4721122399616,921.7289806575004,933.510563875096,1004000
2025-02-26,929.437255859375,942.4368899130671,927.9852785416402,932.0975885427946,614300
2025-02-27,920.7838134765624,945.2434340460392,919.4292611276812,934.6312473773772,675200
2025-02-28,952.834716796875,955.4657862942432,917.9772688958514,919.1174029765788,1412300
2025-03-03,941.8131713867188,965.5127212128835,934.3778843829894,954.8421276586828,767000
2025-03-04,927.5077514648438,939.9714888920792,909.5284985612476,928.0632166660012,1040000
2025-03-05,943.440673828125,944.9218549032262,923.6682774438322,939.4062798866676,837800
2025-03-06,935.1575317382812,944.288478106122,924.5258360201796,933.1988016493945,698000
2025-03-07,927.7991333007812,933.7858014927472,900.4331219530773,933.7858014927472,1180800
2025-03-10,896.7785034179688,912.9649403141505,883.3257673589809,899.5611228604484,1069500
2025-03-11,891.9871826171875,904.3327308934124,886.6766437024672,893.7116530639717,963100
2025-03-12,891.6834716796875,904.8815077391208,885.2951086413813,901.4227590994568,630200
2025-03-13,882.27734375,895.0540100047874,880.1217556296247,894.5837216158671,656600
2025-03-14,909.9470825195312,910.338969571288,889.5866574255058,896.5433253744945,623600
2025-03-17,938.6554565429688,941.5360925908556,914.5227963363592,918.2068816006168,922300
2025-03-18,939.2628784179688,945.0927438710828,936.705595692359,938.2928787498196,1086200
2025-03-19,937.9009399414062,946.4938692577612,931.796759486678,940.3014798312216,1086700
2025-03-20,934.9027709960938,942.212155423234,930.3467026583425,933.4526752416303,667900
2025-03-21,932.5120239257812,937.0289812295256,919.2258387395532,928.8573616712576,5211600
2025-03-24,944.04443359375,953.3427962877,937.675685468831,941.2520064139032,640000
2025-03-25,953.82275390625,957.5460693425624,942.4373983104256,950.8833321213862,566700
2025-03-26,948.6885986328124,960.4071153221618,944.5342253015764,955.312105465806,667600
2025-03-27,948.3947143554688,957.0757929920524,938.1655233846294,946.013789707432,479100
2025-03-28,927.5836181640624,948.1105938406296,926.6724045167148,946.7290320055552,568800
2025-03-31,927.3680419921876,930.1996995878642,901.863687755309,914.7481185331536,1195500
2025-04-01,925.0165405273438,938.0479663329988,912.6023383342396,926.8095449214436,668600
2025-04-02,942.4179077148438,946.4547091264352,915.1694682852554,915.1694682852554,490300
2025-04-03,869.7260131835938,909.4669966806176,869.2458573505713,900.0118318860161,903000
2025-04-04,806.0090942382812,843.1438156538914,794.7804808019939,835.6580733630332,1615100
2025-04-07,800.9924926757812,829.1325305021684,758.1161143250969,773.6852671592334,1654100
2025-04-08,799.2484130859375,839.498915277639,788.7449071273729,832.1503602422907,1812200
2025-04-09,878.965576171875,886.6374245063582,783.0130515397776,784.3749382781683,1821500
2025-04-10,841.43896484375,862.6321423046904,816.2774600642841,861.7307363087573,1235600
2025-04-11,861.03515625,870.6078336661799,823.5281011189662,831.0432069626497,963000
2025-04-14,871.9795532226562,881.8266050181535,861.828763544205,879.1517501197939,970300
2025-04-15,870.5,882.5614254708354,868.3346043380412,870.9507328869669,516200
2025-04-16,848.297607421875,868.9911331679261,837.9507847461567,863.4453902654775,591500
2025-04-17,858.0956420898438,872.1558525336407,848.6796487480623,853.461113023607,1034300
2025-04-21,836.7554321289062,852.4323488901035,828.7406156110671,849.4929269973791,644400
2025-04-22,869.3046264648438,870.5293856214934,847.0532403805572,852.3539716973518,600700
2025-04-23,874.5172119140625,910.2410086590818,870.8135713077695,890.8114125798717,553100
2025-04-24,897.75830078125,898.1992260535627,874.8797630553754,877.4174904296588,619700
2025-04-25,889.361328125,899.7277065419706,881.1995162262227,894.8090545511835,444400
2025-04-28,895.2891235351562,904.8716677500609,887.9307610549475,887.9307610549475,685200
2025-04-29,901.9322509765624,903.0884164348056,886.7746006785363,892.4967017255062,392300
2025-04-30,895.7987060546875,897.3859892282821,875.8890128890384,887.666316749902,1028900
2025-05-01,897.6406860351562,905.2243850689288,887.617216557886,894.5249059563105,451700
2025-05-02,910.4369506835938,916.2765638894122,905.6554862986804,912.6120941737012,822500
2025-05-05,901.9420776367188,914.8461235346016,901.608916828583,904.3033870083289,384100
2025-05-06,896.4943237304688,905.1166764585068,888.2639776755634,892.1048058345192,482900
2025-05-07,901.7755126953124,906.312025683092,896.3670165828154,899.120272949242,547800
2025-05-08,909.8883056640624,925.8983241645914,908.4871883394218,911.2208292983468,626700
2025-05-09,904.7932739257812,913.2195929562652,903.4999210871256,911.2208075525388,684800
2025-05-12,938.6848754882812,945.4553180448283,931.9241807710874,942.0063769945853,807900
2025-05-13,939.8115844726562,948.7670377915776,938.6358037200464,940.5072692036013,604900
2025-05-14,947.5325317382812,950.4033602133152,939.6352865706814,940.6150939602232,679200
2025-05-15,963.22900390625,969.4605641541928,947.5814497944772,949.119754474405,1156600
2025-05-16,969.7251586914062,972.086468103394,962.6803414179716,966.8249073920985,723600
2025-05-19,973.5953369140624,975.5549515976106,956.8112921679508,959.4175533838844,495000
2025-05-20,977.5635986328124,978.8275285671576,967.5793594878526,967.9418834179212,536700
2025-05-21,953.1859741210938,976.554354837441,951.481118948681,969.0294417783168,696000
2025-05-22,950.315185546875,958.0458201929472,946.1803673765164,952.3727570886426,364100
2025-05-23,943.7307739257812,950.1484996842768,931.1108513062755,937.567807629907,517500
2025-05-27,961.5045166015624,961.680874741035,948.443668414834,955.9881966621846,843100
2025-05-28,951.6672973632812,964.6203216310328,950.1583557931511,962.1609956509268,367100
2025-05-29,956.60546875,959.7506717068322,946.4644273299472,958.3299391636142,455500
2025-05-30,960.1034545898438,960.1817961212128,947.8068841023768,953.4897548668124,1061000
2025-06-02,958.3201293945312,960.1033858499826,945.5140408565552,956.0077985280876,425000
2025-06-03,962.2981567382812,965.3845736813156,951.3537258464422,956.2919331526052,495700
2025-06-04,969.0000610351562,970.9890986913516,965.100446859414,967.0698692314472,491700
2025-06-05,970.674560546875,976.1314188843312,963.9076401821236,974.2303830729824,479400
2025-06-06,974.210693359375,985.9616933895958,972.516528380931,978.8204693725808,627700
2025-06-09,974.00390625,979.5001430996066,966.7937250943684,976.4170994326388,420000
2025-06-10,977.0178833007812,978.219549965484,970.2213845793164,972.6838754031218,478700
2025-06-11,978.3969116210938,988.256735199412,975.1464355265535,980.3669044201372,645700
2025-06-12,973.4226684570312,979.5788958062408,968.9803251827364,975.057735988442,558500
2025-06-13,957.2391967773438,970.7828971091864,952.8264321983432,965.611666073392,674300
2025-06-16,967.3649291992188,974.3092018343964,962.5680015962748,971.7876134843492,522400
2025-06-17,954.6387939453124,965.7200033316452,951.1420687850624,961.208703032486,624800
2025-06-18,964.8236694335938,973.442387723378,951.9497595852667,956.2443293558616,662600
2025-06-20,959.8198852539062,972.1027613872808,958.608358931688,967.473326447022,859500
2025-06-23,971.5018920898438,971.6496655907312,951.979257135949,960.6866513593134,642900
2025-06-24,989.8917846679688,990.7585862932496,978.1014068386196,980.5638977923928,699500
2025-06-25,1002.80517578125,1004.696352081144,984.9964236089648,992.6104267252508,661800
2025-06-26,1015.3244018554688,1021.4411905665312,1002.430773489222,1005.2084703442424,631200
2025-06-27,1032.098876953125,1034.2462220143875,1018.8408638597244,1020.062249778998,799900
2025-06-30,1033.507568359375,1038.3636539659246,1025.686753934129,1034.2265965597155,530400
2025-07-01,1038.4520263671875,1041.141046919035,1025.8047080544488,1030.8773426028902,472900
2025-07-02,1054.507568359375,1054.5963046094546,1034.2462448300244,1040.1562233719103,495000
2025-07-03,1065.913818359375,1066.2388238671217,1050.6266558529342,1055.2560905770413,342700
2025-07-07,1059.8265380859375,1070.5334440477568,1053.9658576543563,1067.7360879638716,559700
2025-07-08,1058.890869140625,1063.6582181396848,1053.9461678811394,1059.2848917558213,502500
2025-07-09,1072.414794921875,1072.4345140874318,1061.4714997095848,1063.796076707807,340400
2025-07-10,1087.4852294921875,1089.1300963851295,1067.8837787791538,1075.3993054709183,467500
2025-07-11,1085.1114501953125,1086.884371574751,1075.438718198682,1083.1118786429174,545400
2025-07-14,1094.7840576171875,1095.4440484895642,1081.9593852820242,1084.559790200387,661800
2025-07-15,1030.4637451171875,1060.318919931523,1018.2596267418407,1054.7832456304698,1939400
2025-07-16,1066.0025634765625,1070.6418583451268,1037.20127649111,1038.7673872018463,1407200
2025-07-17,1088.7952880859375,1092.6466575446696,1060.949421575094,1068.7210573331142,1175600
2025-07-18,1087.0321044921875,1102.3980237343071,1086.037248544699,1095.2470607460325,991300
2025-07-21,1076.620849609375,1094.045379266668,1076.620849609375,1091.0609313753123,445700
2025-07-22,1083.880126953125,1087.2488576906671,1069.8833675679018,1079.6347350524527,580800
2025-07-23,1103.5604248046875,1105.8850019072995,1084.0477084159627,1087.6035310330192,653400
2025-07-24,1101.5904541015625,1108.86959215778,1096.9314402195637,1100.2410138001876,539500
2025-07-25,1106.4267578125,1113.6960358751055,1100.9895585801362,1105.4810795293831,516300
2025-07-28,1101.048583984375,1108.8005005685352,1098.359563145732,1107.1359144260664,299300
2025-07-29,1104.7030029296875,1111.0167430621575,1098.0246987126309,1106.4956434102626,422000
2025-07-30,1097.92626953125,1109.6477508268076,1092.7943564864154,1100.5365340585645,372400
2025-07-31,1089.4158935546875,1104.131682266395,1086.6874342494773,1091.661714236105,498400
2025-08-01,1075.4190673828125,1081.1911315885418,1061.0380244234948,1072.6610294961129,673200
2025-08-04,1099.315185546875,1099.315185546875,1078.817351897085,1081.5063729425335,503100
2025-08-05,1092.991455078125,1105.8948842877303,1083.0232959972516,1105.8948842877303,481300
2025-08-06,1103.7279052734375,1105.3038754667318,1089.376440382064,1097.3057095029149,404900
2025-08-07,1096.1334228515625,1114.9469489494488,1091.5335669423623,1113.0458531270845,381400
2025-08-08,1108.0914306640625,1109.2734985507334,1097.8278445785957,1102.9201992867927,427800
2025-08-11,1111.0069580078125,1116.079592891636,1104.9492065599622,1108.1208658698488,575600
2025-08-12,1142.2115478515625,1144.0732052918436,1114.592213054539,1117.3108124683963,669000
2025-08-13,1142.6253662109375,1154.307408712716,1130.7758310405404,1148.9982638578313,570800
2025-08-14,1142.75341796875,1145.058275798974,1127.6533467208567,1136.813861022774,407600
2025-08-15,1117.980712890625,1146.0629683492125,1117.4094582956116,1146.0629683492125,582200
2025-08-18,1119.07421875,1123.8810064794654,1109.913703204635,1116.9860309795913,405800
2025-08-19,1111.538818359375,1117.9708734755409,1104.968969562364,1109.3817340361982,611700
2025-08-20,1111.5289306640625,1115.8432194401137,1097.295781655498,1108.9679642294282,573100
2025-08-21,1107.8746337890625,1112.060868235476,1102.0434121683215,1107.943530627809,275100
2025-08-22,1130.943359375,1140.3795815968622,1109.10594591066,1111.9525999340624,433700
2025-08-25,1120.039306640625,1132.7457833890116,1119.517229726618,1126.2546912188927,415000
2025-08-26,1122.698974609375,1125.2698008529403,1108.6430563701524,1118.000522418478,580200
2025-08-27,1114.6513671875,1127.604092573393,1114.5824703516112,1121.3099517910737,310000
2025-08-28,1113.5186767578125,1120.9258686960177,1110.2091033843449,1116.7889320388867,475200
2025-08-29,1110.228759765625,1117.12373396347,1101.6690792729776,1114.917351839264,356100
2025-09-02,1098.0443115234375,1103.1859631972918,1084.0770115049647,1101.0681971683036,391300
2025-09-03,1082.99365234375,1096.4979141388285,1076.2661704032946,1095.9069403628937,412900
2025-09-04,1092.1246337890625,1096.301008966018,1085.0523066302744,1092.3610233093566,460000
2025-09-05,1087.7701416015625,1098.6859731656175,1077.2996027082736,1096.241454122493,487600
2025-09-08,1093.48046875,1094.371054129517,1082.6734833599496,1086.90920020431,671000
2025-09-09,1094.2227783203125,1102.1794561346671,1088.6609683527272,1090.1553446271691,334200
2025-09-10,1091.471435546875,1106.9396179045564,1087.4337206044677,1095.8159989455464,367400
2025-09-11,1122.4376220703125,1130.0083231840329,1091.5506643590686,1093.559676287344,585100
2025-09-12,1111.779052734375,1128.1972579519122,1107.0683246945482,1120.992600854944,544800
2025-09-15,1103.5648193359375,1113.956108765001,1099.0025629500487,1108.9781573116206,506800
2025-09-16,1107.3057861328125,1111.759196184169,1095.1528959324448,1108.404279448703,547500
2025-09-17,1120.062255859375,1121.714888362162,1105.4352501450137,1109.3938365376548,508000
2025-09-18,1125.35693359375,1140.0135380990996,1122.7541579941706,1125.168837905259,523900
2025-09-19,1131.017578125,1133.194873100923,1114.342057290429,1126.9798635391785,1505500
2025-09-22,1124.4462890625,1131.0769935560677,1121.962266510771,1125.4161233707034,366000
2025-09-23,1120.0325927734375,1134.3923752863254,1115.737560151151,1126.7127076408735,427100
2025-09-24,1116.3016357421875,1128.6228093144246,1113.9561779576284,1121.764504710396,345400
2025-09-25,1135.4117431640625,1137.222753042318,1106.424954142106,1111.0565536166202,680300
2025-09-26,1144.476806640625,1147.475464948493,1138.8655875171116,1140.0729274223904,435500
2025-09-29,1163.38916015625,1169.900992105938,1151.8003148767364,1155.3136090674277,567500
2025-09-30,1153.79931640625,1171.2467913967898,1142.5470390093735,1164.46773611485,691600
2025-10-01,1129.256103515625,1144.9421003099922,1121.952506058699,1142.0522884640998,604300
2025-10-02,1148.5245361328125,1155.392625742923,1126.8116262986125,1133.6798367151955,615800
2025-10-03,1148.6728515625,1155.917132309698,1145.862289050684,1154.8779550594663,377200
2025-10-06,1167.0606689453125,1171.8703373516316,1146.6046284164995,1156.8771658689534,772600
2025-10-07,1154.1556396484375,1171.6921499971054,1143.0716450459229,1167.0606711407434,531300
2025-10-08,1152.9383544921875,1165.991735900574,1143.5069928648902,1159.311620971113,393500
2025-10-09,1155.34326171875,1165.308950501522,1145.139946593916,1158.5100827308552,478000
2025-10-10,1120.63623046875,1168.7034343826722,1119.66639611162,1160.360660233565,643500
2025-10-13,1143.16064453125,1151.3944515837418,1132.8682951107776,1135.7382945847282,742400
2025-10-14,1181.8955078125,1197.2943480386812,1123.2490332071395,1128.197266833603,1146400
2025-10-15,1190.13916015625,1207.3095057931305,1165.8037822623437,1187.5760090957658,1003700
2025-10-16,1159.232421875,1197.3635342019468,1156.035882699834,1191.5345012563334,1250200
2025-10-17,1149.13818359375,1164.002696196336,1142.2007506371156,1156.9564166006544,777500
2025-10-20,1147.9901123046875,1166.783492495916,1146.6243950974454,1165.803751978381,678800
2025-10-21,1118.30078125,1147.713052450028,1117.7762395006366,1146.169266403249,1052000
2025-10-22,1117.984130859375,1123.1895613298386,1108.6219909821557,1117.805941299535,618600
2025-10-23,1113.3525390625,1120.7947015859816,1108.394399424023,1119.7951487530602,371600
2025-10-24,1124.862060546875,1132.650574738814,1121.507143954541,1129.4540354340302,560700
2025-10-27,1119.5972900390625,1134.5211191029734,1117.261617467551,1134.5211191029734,726100
2025-10-28,1113.302978515625,1126.8612104445397,1112.8973103596138,1120.2503175018946,390000
2025-10-29,1086.6319580078125,1110.19550135026,1085.6324052853824,1106.0488193104477,861700
2025-10-30,1086.6815185546875,1095.4299608427607,1079.6549309130637,1086.0382240909014,631700
2025-10-31,1071.599365234375,1081.2087957106571,1062.6430145774982,1078.714866781355,895300
2025-11-03,1057.763916015625,1070.6293216213596,1046.254321399159,1067.9077935124542,790900
2025-11-04,1048.9364013671875,1056.3290327556797,1046.0564958262803,1050.015082376238,934800
2025-11-05,1062.454833984375,1071.3616532735252,1042.7213390130737,1048.0258302262805,550200
2025-11-06,1058.36767578125,1067.8782865806968,1045.1361046480663,1058.5656775989503,415700
2025-11-07,1070.99560546875,1072.173347855679,1046.8186043510923,1053.4096851684526,470300
2025-11-10,1071.421142578125,1080.6445960726317,1060.0995222406657,1076.4189064135091,413500
2025-11-11,1074.5186767578125,1075.3994767078314,1065.5524207860108,1070.955973243067,309600
2025-11-12,1082.604248046875,1087.2654452612444,1074.8750494729752,1075.1521795375036,432800
2025-11-13,1058.5755615234375,1082.0400448967366,1049.6192110336642,1079.0810110828152,541700
2025-11-14,1046.9866943359375,1054.8049268487,1037.4069826404473,1049.0254243741867,459100
2025-11-17,1013.2002563476562,1044.1366815541803,1003.6105776265156,1042.582868618871,935200
2025-11-18,1008.5885009765624,1016.1395097453176,1000.0379394271868,1011.4188758976596,749500
2025-11-19,1004.1746215820312,1014.8231684368552,998.6128124295592,1009.4395488302006,838600
2025-11-20,982.2440795898438,1021.8002258760072,980.3241627368204,1018.4552154784384,677800
2025-11-21,1004.2142333984376,1004.8674340221646,980.5518082514532,988.6570168416904,1229200
2025-11-24,1008.9348754882812,1013.615884915557,994.5355284982436,996.4257270634306,1010300
2025-11-25,1019.1085205078124,1022.3050600791192,1000.4536436245396,1008.9349232493836,688700
2025-11-26,1029.2919921875,1037.4663626874578,1019.3757130458678,1020.434581847052,561000
2025-11-28,1036.45703125,1043.0281789903663,1033.0525838022804,1039.0201823623902,300300
2025-12-01,1029.173095703125,1041.6723379251448,1026.2635924926178,1028.2428858243295,624600
2025-12-02,1027.8668212890625,1034.2995246548635,1020.3257184832592,1032.2014785432,376500
2025-12-03,1068.6898193359375,1075.8350397987915,1029.875903221401,1032.270771013908,863200
2025-12-04,1064.444091796875,1075.59742878214,1061.534588656271,1069.6298305368502,597800
2025-12-05,1066.2242431640625,1068.0540223963312,1057.0055451677458,1062.574517653669,544100
2025-12-08,1056.140380859375,1072.8871159378473,1051.2973473917762,1068.0540368190225,612600
2025-12-09,1065.3790283203125,1068.1435453115405,1053.3161780633711,1054.3901552214704,445300
2025-12-10,1077.3621826171875,1083.7367289432989,1065.5877663651922,1071.2760696111584,840700
2025-12-11,1095.7398681640625,1098.2160731083193,1075.0152782881703,1078.853893669205,774100
2025-12-12,1083.0604248046875,1101.129873731533,1079.003056656551,1101.129873731533,608000
2025-12-15,1076.1689453125,1092.7664873332665,1072.529173930675,1089.365498938736,564700
2025-12-16,1062.2265625,1077.1931696363215,1058.000091411272,1075.3733446107265,651500
2025-12-17,1059.1038818359375,1077.750076938683,1058.7458894573049,1066.8607475564793,648100
2025-12-18,1059.0938720703125,1072.539040538672,1051.5955770257674,1067.9645318583912,588400
2025-12-19,1054.3006591796875,1062.6442244642308,1051.894013244577,1061.0430310274537,1174100
2025-12-22,1082.185302734375,1084.9200779058465,1059.8695956045274,1060.4264321506716,575500
