Date,close,high,low,open,volume
2019-08-19,37.78463363647461,38.2190299493172,37.547690467005545,37.77673683641385,4829000
2019-08-20,38.57444381713867,38.708710500113895,37.68985463330848,37.74514126899189,5309100
2019-08-21,39.064125061035156,39.50642114040284,38.89826516110811,38.92985838382627,5202700
2019-08-22,39.33266830444336,39.55381788923611,38.96935521835708,39.13521514727959,5326600
2019-08-23,38.55074691772461,39.51431606166953,38.36119060332005,39.34055937076871,4061200
2019-08-26,38.89037322998047,39.32476955159642,38.72451029639597,38.732410109512145,3567700
2019-08-27,39.24577331542969,39.45112620699817,39.05622004479177,39.182589896182016,3711000
2019-08-28,39.22998046875,39.3958433625797,38.75609423382425,39.34845353392904,2866700
2019-08-29,39.13520812988281,39.56170759597531,38.91406159764028,39.49062435162656,3449500
2019-08-30,39.30107116699219,39.451137479763304,39.06412800454321,39.332664392090926,2239200
2019-09-03,38.47175598144531,39.17468843855358,38.18742307454876,38.921948746399934,3760800
2019-09-04,38.77190399169922,39.024643804421416,38.21113772052786,38.85878386724051,3682400
2019-09-05,39.55380630493164,39.84603604833645,39.048323839802656,39.30106356591955,5208900
2019-09-06,39.78285598754883,39.988208930996365,39.451136173681434,39.506422809326004,3825900
2019-09-09,40.264644622802734,40.525284218165666,39.92502497527301,40.004008040335655,6322700
2019-09-10,39.2062873840332,40.66744214407249,39.0483243001242,40.28043273914018,5758200
2019-09-11,39.822349548339844,40.2725454988412,38.969353513417566,40.1540724045678,7372100
2019-09-12,41.25979995727539,41.781076006301255,39.88552509371894,39.91711831193751,9549800
2019-09-13,42.294456481933594,42.79993597249568,41.30719091039968,41.38617396385965,10165700
2019-09-16,42.2707633972168,43.573952153920004,41.71789407032962,42.00222703917991,8828600
2019-09-17,42.2707633972168,43.02108583992828,41.7731807017288,42.357643250242766,7062200
2019-09-18,41.7415885925293,42.381337789491965,41.49674865063516,41.7415885925293,10295100
2019-09-19,41.78107833862305,42.397131063799065,41.60731864161637,41.70209528866761,10645900
2019-09-20,41.7731819152832,42.057514892393655,41.09394269505168,41.78108172736712,44448100
2019-09-23,42.09700393676758,42.3497436854656,41.44146115511191,41.50464458583868,8086400
2019-09-24,41.70209503173828,42.36553758280005,41.29929202458073,41.86005811778066,11453800
2019-09-25,41.73370361328125,41.94695340599927,41.0939542351272,41.24402057790824,10000900
2019-09-26,41.567832946777344,41.75738626059628,40.99916697952934,41.741589648962105,8923400
2019-09-27,39.66438293457031,41.70209752644183,39.03253055260212,41.583627464494384,10135600
2019-09-30,38.57444381713867,39.624892908019085,38.19533416692573,39.593302696839764,12332300
2019-10-01,37.287044525146484,39.22208560343391,37.10538802570906,39.09571573369938,11179100
2019-10-02,36.8526496887207,37.04220600698401,36.00755058779171,36.55252010684358,9339600
2019-10-03,37.610870361328125,37.87940673152222,36.54462469276381,36.892141107705044,6808000
2019-10-04,37.065895080566406,38.16373380214592,36.915831813631584,37.93468748980189,6522700
2019-10-07,36.25239181518555,36.85264793752078,36.06283550592976,36.81315791852029,9453000
2019-10-08,36.023345947265625,36.44984538886982,35.557356486156316,35.74690978493905,5620900
2019-10-09,36.70258712768555,36.97902029216895,36.260291051616576,36.473540784030426,3062700
2019-10-10,36.73417663574219,37.10538946058398,36.370863622817936,36.68678981581888,4778200
2019-10-11,37.208065032958984,37.72144131815493,37.05799873907931,37.136981791883194,5127100
2019-10-14,36.72627639770508,37.176469222193724,36.46563686095103,36.82895285275018,7073400
2019-10-15,37.1922721862793,37.366031907137035,36.55252295185412,36.99481905363031,4081700
2019-10-16,36.97112274169922,37.65035893389777,36.37086357831106,37.4844990385782,3129400
2019-10-17,37.75303649902344,37.871509577931455,36.85265074058826,37.13698371965106,4175600
2019-10-18,38.21902084350586,38.33749390646172,37.5397817100686,37.5950683360093,4006000
2019-10-21,38.77190399169922,39.151013710782514,38.44808091834289,38.59814424061662,4163100
2019-10-22,38.77979278564453,39.37215216432278,38.64552610600068,39.15100562707616,3439700
2019-10-23,40.683250427246094,41.00707351035473,39.2142013513923,39.29318141541047,7601000
2019-10-24,41.109737396240234,41.28349709926667,40.65954454103119,40.67534115156954,4581900
2019-10-25,41.74948501586914,41.86005827263928,40.71482966071443,41.267698957460425,4157200
2019-10-28,41.694190979003906,42.18387374893124,41.40985807617683,41.860050834688124,3583200
2019-10-29,41.820579528808594,42.025929487757914,41.37828336959209,41.599429942752295,2387400
2019-10-30,41.83637619018555,42.01803273447138,41.50465331717517,41.702106475689696,3502400
2019-10-31,41.98643112182617,42.010124531989874,41.38617496548025,41.670504926131166,2378700
2019-11-01,42.77561950683594,42.92707886177511,42.09803450098826,42.20166314550845,3410800
2019-11-04,42.377037048339844,43.11042602985365,42.09803218853426,42.96693694740366,3405800
2019-11-05,42.08209228515625,42.488642693563655,41.890772478248245,42.32921002796118,2552200
2019-11-06,41.48422622680664,41.89874998254075,40.90229952383148,41.850919265789535,6270100
2019-11-07,40.97404098510742,42.20166554645279,40.9580974140607,41.962518062602406,7323000
2019-11-08,41.077659606933594,41.380581301016385,40.81459835119882,40.83054191835312,5158600
2019-11-11,41.38059616088867,41.4842278641438,40.93418524303439,41.077674358025924,3059700
2019-11-12,41.42045593261719,41.54800148199613,40.902303468670226,41.4443728137622,3553500
2019-11-13,41.787139892578125,42.137892357560304,41.12549844977783,41.213186566023374,5364800
2019-11-14,41.954551696777344,42.169785364523975,41.603799183001115,41.7233744565022,2576100
2019-11-15,41.866851806640625,42.36906355696262,41.779163702830864,42.153829949681764,2917700
2019-11-18,41.73931121826172,42.32920810093324,41.643652839625126,41.85091316682525,3380700
2019-11-19,41.42842102050781,41.98643078775206,41.16535666658538,41.76322688085436,3897100
2019-11-20,41.1494140625,41.563937785707395,41.00592496443108,41.28493289553186,3959500
2019-11-21,41.181297302246094,41.61176455566268,41.06969535675104,41.10158249572819,3087500
2019-11-22,40.86244201660156,41.508143055096674,40.63126780462985,41.21319454952884,4101500
2019-11-25,41.82699966430664,41.84294323436009,40.78271863274332,40.89432058219244,4636000
2019-11-26,42.536468505859375,42.624156613886434,41.8827973890165,42.2494903490162,31373200
2019-11-27,43.23797607421875,43.33363445890175,42.289353369617835,42.528500851787946,5284500
2019-11-29,43.22203063964844,43.50900882224881,43.046654407853744,43.08651181300933,1951500
2019-12-02,42.169769287109375,43.397393494512315,42.02628022998414,43.37347966529957,5671400
2019-12-03,42.24949264526367,42.337180758056554,41.276956181088025,41.731337273810254,4150300
2019-12-04,42.3292121887207,42.632133964736,42.18572308644637,42.3292121887207,2701800
2019-12-05,42.66402053833008,42.99085614672113,42.44878688779081,42.61618982456848,3923000
2019-12-06,42.98287582397461,43.42928662343354,42.98287582397461,43.04665009857936,2834900
2019-12-09,43.158260345458984,43.6604722114021,43.006800975506465,43.23000489773657,3922100
2019-12-10,43.37348937988281,43.66046755840926,43.1183983413982,43.237973596092566,3971100
2019-12-11,43.7800407409668,43.843815022461705,43.301745793455446,43.445234885893875,2453900
2019-12-12,43.18217086791992,44.01121828817331,43.07056891537142,43.81990152406877,3567200
2019-12-13,42.75170135498047,43.357541754483854,42.664013248529706,43.04664977046733,2680200
2019-12-16,43.469154357910156,43.69236133116187,42.903171220411274,43.00680292081652,3568800
2019-12-17,43.50900650024414,43.660465848122264,43.102453082949005,43.62060844509381,3521200
2019-12-18,43.5408935546875,43.708299524254365,43.182170821222975,43.43726490796174,3390600
2019-12-19,44.44168472290039,44.44965498753424,43.453204657424365,43.524949202829276,4067000
2019-12-20,44.48154067993164,44.61705950169614,43.90758737630106,44.36993873314027,3898300
2019-12-23,44.07500457763672,44.7765036250316,44.05108769491405,44.54532939216959,2387700
2019-12-24,44.16267776489258,44.31413711319605,43.90758673568413,44.043102514546455,1238100
2019-12-26,44.8801155090332,44.975773874875664,44.16267320382783,44.21050086628675,2150700
2019-12-27,44.75258255004883,45.19102014403916,44.672867729659856,44.95984594854093,1731600
2019-12-30,44.640968322753906,44.800400960662955,44.21847441708087,44.77648408837558,1923100
2019-12-31,44.59314727783203,44.88012548004192,44.34602952442652,44.64097799184211,1641900
2020-01-02,44.481536865234375,45.00766245564858,44.29022012740633,44.80040214951408,3372700
2020-01-03,44.64097213745117,44.68880284518855,43.78801094881315,44.02715840565023,2411100
2020-01-06,44.56124496459961,44.5851587913688,43.87568688192515,44.011202621515935,2503700
2020-01-07,44.56124496459961,44.88808044111604,44.47355687854719,44.5851587913688,2668500
2020-01-08,45.230865478515625,45.43812576681363,44.54530730495964,44.561250871894025,2913300
2020-01-09,46.115718841552734,46.55415940794627,45.350445738088546,45.55770910418822,4385500
2020-01-10,46.012088775634766,46.38675201042526,45.82874229032774,46.25123623295155,4975400
2020-01-13,46.57807159423828,46.785331912080224,45.74105397687966,46.139634084281376,3273900
2020-01-14,46.322967529296875,46.90489395738559,46.24324970570141,46.68169013316636,2611300
2020-01-15,46.418643951416016,46.78533695996783,45.93237568137219,45.97223308822779,3557500
2020-01-16,47.94919967651367,47.98108378167629,46.7773729056384,46.80128674474178,5922200
2020-01-17,48.43545150756836,48.93766327562888,48.140503090547,48.44342481233705,4276500
2020-01-21,48.76228713989258,49.24058507626243,47.95715668967762,48.228191274676426,4923500
2020-01-22,50.11745834350586,50.332691951340955,48.9057745369479,48.92969140954603,4678000
2020-01-23,50.80302429199219,50.834911433022064,49.90223232391145,50.11746596447544,4800700
2020-01-24,49.59134292602539,51.1617497342287,49.16087562211302,51.0979754487934,7476500
2020-01-27,48.77823257446289,49.15289884947947,47.32740122306559,47.702067498082165,3727000
2020-01-28,49.12101745605469,49.68700358731911,48.746354178143335,48.92970068455214,3725900
2020-01-29,49.94208526611328,50.3326920417968,49.384072545640706,49.55147544950508,4279200
2020-01-30,48.714454650878906,50.61966682106067,47.8296064450967,49.806563146583095,8556100
2020-01-31,48.68257141113281,48.73040211613695,47.52668855472632,48.62677044242368,6128600
2020-02-03,48.244140625,49.208703836266984,48.244140625,49.105072148162016,3200900
2020-02-04,50.43632507324219,50.7791041947299,48.84997497326944,48.889835415103875,4175600
2020-02-05,50.80302429199219,51.32914995528466,50.23704122287492,50.89071240936179,3266400
2020-02-06,51.1856689453125,51.24146993046485,50.16530459861159,50.826946154386206,2877300
2020-02-07,50.50962829589844,51.394916827109085,49.84164084507401,50.783262486259325,4359700
2020-02-10,51.59611511230469,51.62025831079313,50.29233020237535,50.31647340086379,3379700
2020-02-11,51.837547302246094,52.2882366095318,51.69268200487836,51.88583368797491,3082800
2020-02-12,50.58204650878906,51.83754781170901,50.54180683025603,51.571960407227735,4537900
2020-02-13,50.65447998046875,51.15346182666866,50.30841321330363,50.54180765071094,3845900
2020-02-14,50.66252517700195,50.94420597592438,50.30036195689423,50.759101012333865,2821900
2020-02-18,49.87383270263672,51.08104179704225,49.83358994341667,50.63034929656459,4544400
2020-02-19,50.50962829589844,51.04884996664998,50.147468015498895,50.227947395567334,3394500
2020-02-20,50.2601203918457,50.855674935775134,49.20582373963233,50.50156150614386,3363100
2020-02-21,49.29437255859375,50.04284246100912,49.07707454788366,49.90602383052132,4198400
2020-02-24,47.12944030761719,47.990582479129955,44.82769466410035,46.976525203270185,7372000
2020-02-25,45.447383880615234,47.66864650709072,45.06912417741159,47.555974187861665,6361900
2020-02-26,45.06913757324219,46.42121194604676,45.04499437482861,45.08523406221502,5732500
2020-02-27,42.88810729980469,44.795496429938474,42.268406386197746,43.62048054859637,10451400
2020-02-28,43.330753326416016,43.49976184243142,39.475732012972614,40.014953606567474,12953900
2020-03-02,45.09327697753906,45.664691542676536,43.21003090745136,43.86192484059018,8285200
2020-03-03,45.141563415527344,46.71093554712105,43.99873743192252,45.21399606991139,6414800
2020-03-04,46.75922775268555,46.96042925432376,45.149615739579794,46.211959422622286,4747500
2020-03-05,46.50974655151367,47.02482197864824,45.680794157757994,46.14758318240602,5009500
2020-03-06,43.5078125,44.63453903294851,42.397179385014155,44.36895465528802,10219300
2020-03-09,37.80978775024414,40.530033050930925,37.78564455124386,38.26048024216175,11938100
2020-03-10,40.75537109375,40.85999672245218,38.38924280601678,40.12762346171874,7672600
2020-03-11,38.10755157470703,40.224191586839495,37.141787117087816,39.06527239564224,7451600
2020-03-12,32.24052810668945,35.77362580659806,30.14803075280784,32.29686427870828,17469200
2020-03-13,37.60054397583008,37.76955252900407,32.44173672304089,35.36318081107746,11798000
2020-03-16,32.61878967285156,34.25254811457799,30.421669427176276,30.582631258343767,14338600
2020-03-17,33.35115051269531,34.08352365177187,28.618894723319297,32.77169243711094,18713600
2020-03-18,32.80389404296875,32.84413680251817,26.558600294300724,30.18022760715991,16652000
2020-03-19,33.79379653930664,33.801843246382646,29.06958433226375,31.242560583549295,10469000
2020-03-20,30.31702995300293,34.107667221750724,29.053485220117057,33.850129637346605,10999100
2020-03-23,29.005205154418945,29.930730090395425,26.75979597350458,29.02934834880808,12461600
2020-03-24,32.12785339355469,33.67308247860484,30.743589189343417,31.387433362242984,10436200
2020-03-25,34.461788177490234,37.58443590964296,31.789832851759723,32.618781941161345,12177000
2020-03-26,38.63067626953125,39.71716281157569,35.21829851488292,35.371213573307614,12233000
2020-03-27,37.093509674072266,38.622642343797025,35.66900264682543,36.59453080009431,7467800
2020-03-30,38.05122756958008,38.42948738067775,35.62071302546971,37.06936631474109,5128800
2020-03-31,36.67500305175781,37.946597793117775,35.53218019618788,37.74539632670695,7005600
2020-04-01,32.83607864379883,34.34911452804913,32.55439781937835,34.23644219828094,9616800
2020-04-02,33.14995193481445,34.324970811867516,31.588629687347627,32.522204352756056,7443300
2020-04-03,33.59260559082031,33.95476585415281,33.02924074661549,33.19824927884952,7238200
2020-04-06,37.47981262207031,37.737350278925064,35.09758776111837,35.16197064028653,9093400
2020-04-07,36.72330093383789,42.40522968394625,36.570385819426434,40.24030251392975,8906500
2020-04-08,37.80173110961914,39.14575538246079,36.94863581799474,37.41542467664506,5547400
2020-04-09,39.57230758666992,41.5199396066674,39.03308906701672,39.44353875585042,9419900
2020-04-13,38.29266357421875,39.82179283748367,36.53013680901899,39.556208505112195,6844100
2020-04-14,38.59849548339844,40.48174166865655,38.58239899479557,39.532070331726054,7166500
2020-04-15,36.61867904663086,38.035136489682145,36.33699812815502,37.38324548689755,8482300
2020-04-16,38.59849548339844,38.75141059008008,36.62672014587018,37.173988478002705,5456600
2020-04-17,40.24832534790039,40.44952674111544,38.41336962420775,39.797636191956016,8384400
2020-04-20,38.77555847167969,39.35501985101172,38.14781069079776,39.09748214244007,5052500
2020-04-21,36.61867904663086,37.45567816166159,36.256515672810664,36.892313254618145,6509000
2020-04-22,37.286659240722656,38.02707920342076,37.109600958298806,37.56029030251821,3354000
2020-04-23,38.97675323486328,40.055193353652946,37.479813644742734,38.00293875142912,6846900
2020-04-24,38.97675323486328,39.80570239860248,38.429484931591446,39.80570239860248,4756800
2020-04-27,41.358985900878906,41.49580453734714,39.306730914589046,39.37111380756279,5761800
2020-04-28,41.36703109741211,42.92835368763814,40.97267479256425,42.25231650082135,4277800
2020-04-29,43.55609893798828,44.352858211955486,42.23621761715397,42.27645730228356,6621000
2020-04-30,42.04307174682617,43.475625613264675,41.39117770474885,42.79958837077058,4710700
2020-05-01,40.88352966308594,41.22409222120563,40.267277877074655,40.78622740070166,3921300
2020-05-04,40.09700393676758,40.372696297667105,39.302361977276846,39.56994401078261,4106300
2020-05-05,41.078147888183594,41.88090026639322,40.6240653911658,40.745695570440695,3753000
2020-05-06,41.50789260864258,41.79169526163721,40.81866333871015,41.353830432342555,7279500
2020-05-07,42.80528259277344,43.22692999108592,42.16470271303808,42.24578744252026,4840700
2020-05-08,42.87014389038086,43.29990155873408,42.61877940747814,43.07285877952627,3787300
2020-05-11,43.10529708862305,43.24314483188118,42.22957031127475,42.57012986547021,5513300
2020-05-12,42.54579544067383,43.81073417655654,42.537685114160944,43.38097966687159,5022000
2020-05-13,40.64028549194336,42.472830064692296,39.90240332146059,42.28633271316195,5878200
2020-05-14,41.02949142456055,41.10246890677732,38.75908533463729,39.78077008567214,5316000
2020-05-15,41.41059875488281,41.68629113748611,40.21052694036956,40.664609421476136,3422200
2020-05-18,43.437744140625,43.76208918516429,42.65120941818655,42.97555446272584,4486500
2020-05-19,42.862037658691406,44.751338861276544,42.862037658691406,43.29990257185466,3690000
2020-05-20,43.99724197387695,44.19184964524228,43.41342514614896,43.786419831983174,3487400
2020-05-21,43.47017288208008,44.00533996177623,42.902570684054915,43.762082760674915,3417400
2020-05-22,43.74586486816406,43.79451445210373,43.08906764633052,43.46206222472251,3064000
2020-05-26,45.57841110229492,46.01627596841123,44.799986735766005,45.00270160787355,4745200
2020-05-27,45.7811279296875,47.2244599841018,45.21352564490773,46.754159975998,4929300
2020-05-28,45.943302154541016,46.883899112401934,45.57841473701227,46.21088729179,3968800
2020-05-29,46.05682373046875,46.57577336907038,45.20542178631395,45.75680655062415,3728100
2020-06-01,46.3892707824707,46.624420777451455,45.49732657878416,45.93519144671035,2414300
2020-06-02,46.900108337402344,47.305538041877405,46.27574622132877,46.68117592580383,2767500
2020-06-03,48.00288009643555,48.14883504500514,47.159585525407515,47.43527786235194,4025400
2020-06-04,47.42717742919922,47.94612705710819,46.81092242616948,47.60556443055307,3747900
2020-06-05,47.8001708984375,48.81374533185143,47.467718608005086,48.57048808646883,3989100
2020-06-08,48.205596923828125,48.24613927937578,47.44338702952494,48.075859530165545,3683000
2020-06-09,47.31364822387695,47.848815343411985,46.67307160170044,47.12715091937662,3013900
2020-06-10,47.2893180847168,48.04341754425854,46.87578116812117,47.5163577178922,2683300
2020-06-11,44.59727096557617,45.77301781875986,44.43509845251921,45.40813043767755,4566100
2020-06-12,45.18920135498047,46.27575325177542,44.32158190304536,45.94330096732536,2797300
2020-06-15,45.93518829345703,46.2676405385388,43.46206453874518,43.88371181670944,2855800
2020-06-16,46.62442398071289,47.63799841507621,45.90275947835559,47.39474116946575,3014200
2020-06-17,46.29195785522461,47.19201217885976,46.19465560469677,47.029839699191506,2275300
2020-06-18,46.74604797363281,47.19202004719039,45.58651872647314,45.96762056007448,2784200
2020-06-19,47.8407096862793,47.8407096862793,45.92708080391877,47.43527994317523,5635500
2020-06-22,46.0649299621582,47.086611585654026,45.54597727652066,46.908221503304134,4276100
2020-06-23,46.2757568359375,47.06229163285097,46.10547706336362,46.746056885732656,3044800
2020-06-24,44.7513313293457,45.82977586805168,44.11075472329085,45.82977586805168,3917400
2020-06-25,46.40549087524414,46.470361122853895,44.44321228280383,44.55673212293725,3541800
2020-06-26,44.07020950317383,46.34872565224248,44.02966714964817,45.95140316405104,3510000
2020-06-29,45.25406646728515,45.35947596741028,43.80262732708577,44.2567097271054,2659300
2020-06-30,45.943302154541016,46.05682199706469,45.164877725935504,45.30272236523319,2501500
2020-07-01,45.52165222167969,46.67307432991348,45.1891999475837,46.04060181117747,1781500
2020-07-02,44.91350936889648,46.40549104433719,44.79998952834942,46.24331851790552,2647600
2020-07-06,44.88917922973633,45.862211179330224,44.597269335539835,45.594626078589,3271600
2020-07-07,43.462059020996094,44.70267590412075,43.34853920926062,44.59726332471658,3720500
2020-07-08,44.167518615722656,44.32158080948191,43.38098389913456,43.672893818411936,2714900
2020-07-09,43.27557373046875,44.17562833446906,42.416064578902414,43.96480621045762,3417100
2020-07-10,43.567481994628906,43.62424191403829,42.935012553676536,43.45396215581013,1998000
2020-07-13,43.39720153808594,44.232385847256566,43.17016186410175,43.81073852901194,3278700
2020-07-14,44.216163635253906,44.32968346030626,43.04041993876886,43.25934926240798,2914200
2020-07-15,45.41624069213867,45.586523543425265,44.4918613273698,45.15676589126262,2422400
2020-07-16,44.9216194152832,45.11622397123614,44.63781672250833,45.03513925511969,2131600
2020-07-17,45.38380432128906,45.56219129659018,44.66213990705048,45.19730701932048,1784200
2020-07-20,45.52165222167969,45.700042303013376,45.10811523416851,45.27839498825055,2449100
2020-07-21,46.72172546386719,46.98931059470583,45.63517356502453,45.63517356502453,3098500
2020-07-22,47.02984619140625,47.02984619140625,46.170334095741495,46.38926650953864,2593400
2020-07-23,45.95140075683594,47.75961994255137,45.42434400224615,47.06228036298096,4274900
2020-07-24,45.16487884521485,45.76491319719112,44.61349408799222,45.68382847714583,4064000
2020-07-27,44.79998016357422,45.15675717259797,44.451310387244696,44.94593509753462,2393100
2020-07-28,43.90803527832031,44.718894632725615,43.86748983605368,44.55672214320796,2032300
2020-07-29,44.71078109741211,44.889171132394,44.08641906815823,44.14317897143742,2111900
2020-07-30,44.32969284057617,44.42699821965388,43.68911610749269,44.054003546074355,2224500
2020-07-31,43.49696350097656,44.47662548638568,42.95814987614049,44.41947882271061,3191600
2020-08-03,43.3173713684082,43.94598793304296,42.79488256776582,43.54595807763526,2355200
2020-08-04,42.58262252807617,43.260223271419875,42.296889150919334,43.072452064419394,4549200
2020-08-05,43.219390869140625,43.43165256623268,42.49280922024904,42.794870589216,4840600
2020-08-06,43.26838684082031,43.750053913241366,43.031634542759384,43.12143735335217,3050900
2020-08-07,42.87652587890625,43.390849124628694,42.745904448243785,43.15409680834656,2278600
2020-08-10,42.72140884399414,43.0397983488879,42.264232333685555,43.02347028270615,4083900
2020-08-11,42.86835479736328,43.872510615158355,42.78671758150262,42.93366706145994,4035200
2020-08-12,43.15409851074219,43.84802430458751,43.02347707492681,43.505144203419896,2028900
2020-08-13,43.41534423828125,43.562293752522635,42.9010209384364,42.9010209384364,1897600
2020-08-14,43.056129455566406,43.51330288389904,43.03163579743401,43.30920671360472,1713700
2020-08-17,43.578617095947266,43.79087575224115,43.064293851884415,43.13776860103625,1855100
2020-08-18,43.725555419921875,44.07660100790655,43.57044037009717,43.586768433987125,2371500
2020-08-19,44.07660675048828,44.53378014193151,43.82352639861067,44.04395061845372,2342500
2020-08-20,42.85203552246094,44.027628403597056,42.81121379486255,43.68474520018616,2581300
2020-08-21,43.243896484375,43.55412041324912,42.917341374311334,42.998978594697085,2377100
2020-08-24,43.513301849365234,43.758216625043474,43.07245338458821,43.529629916311826,2365900
2020-08-25,43.29287338256836,43.807196541169745,42.99081195925137,43.807196541169745,2312700
2020-08-26,44.150089263916016,44.2398889714318,42.99898376397445,43.292882775511806,2993800
2020-08-27,43.7092399597168,44.313362926547,43.60310907095881,44.027629511730105,2765000
2020-08-28,43.22756576538086,43.880672831178934,43.11327241814871,43.839854223490335,3153800
2020-08-31,43.22756576538086,43.635758070787176,43.0153040225839,43.3010405049244,2610400
2020-09-01,43.85618209838867,43.87251016424502,43.21939998703162,43.513298943925626,2667600
2020-09-02,44.4603157043457,44.75421473223883,43.41534415117978,44.07661696393934,2253400
2020-09-03,43.97047805786133,44.778697123084314,42.852031951454215,44.460307605617054,3802400
2020-09-04,43.26022720336914,44.69706292436166,42.75406644031427,44.23172388826257,2636100
2020-09-08,41.749900817871094,42.48464807813373,41.51314857686874,42.32953303748963,3596400
2020-09-09,42.13360977172851,42.435671202219226,41.790726619764385,42.19075644467919,3212500
2020-09-10,41.98666000366211,42.843863206247526,41.91318526548278,42.20708421820009,2500800
2020-09-11,42.01932144165039,42.50098853848818,41.35804871452244,42.09279618910905,3570200
2020-09-14,42.99897766113281,43.12960219373052,42.23974280810038,42.50098564477526,2322600
2020-09-15,43.43165969848633,43.97863586493242,42.76222460097261,43.14592323074853,3625000
2020-09-16,43.70106506347656,44.297025426246385,43.325528908458864,43.62759032755919,2117600
2020-09-17,42.61528015136719,43.031634960394214,42.10095694023703,42.892851062138654,4169600
2020-09-18,43.02347183227539,43.23573047176272,42.54996723873091,42.72141038268409,5692200
2020-09-21,42.23158645629883,42.52548549041673,41.74991928688583,42.3132268070321,3022000
2020-09-22,41.88052749633789,42.74589625502199,41.34171380884853,42.28871977820134,2779300
2020-09-23,41.46417236328125,42.74589586757417,41.35804149896593,41.994820456337976,2096900
2020-09-24,40.77840805053711,41.51315226175931,40.215100729580925,41.292731178374545,4193300
2020-09-25,41.758079528808594,42.01932238916127,40.61513967907024,40.63146774712485,2639100
2020-09-28,42.99081802368164,43.13776751829695,42.28056420921465,42.35403895652231,2354100
2020-09-29,43.031639099121094,43.44799706245324,42.46016915559773,42.93367380185615,2571100
2020-09-30,42.61528015136719,43.554120647902785,42.46833066247286,43.031634960394214,3171900
2020-10-01,43.68473815917969,43.80719709371605,42.80304441900213,42.85202861566869,2531400
2020-10-02,43.82353591918945,44.48480872237886,42.73774265010497,42.86836409236032,2014900
2020-10-05,44.32151794433594,44.58276075106201,43.839850935510995,44.13374987164281,2393200
2020-10-06,44.117427825927734,45.08076197500632,43.92149413702178,44.5909293098716,2506900
2020-10-07,44.4603157043457,44.97463900315869,44.06845137190848,44.40316901717325,2660000
2020-10-08,44.97462463378906,45.25219550319762,44.71338182896452,44.82767516679277,1869300
2020-10-09,44.67257308959961,45.41548306379861,44.58277027168645,45.24403990493686,1674800
2020-10-12,44.87666320800781,44.90115374985358,44.13375333417155,44.37050250528761,2406200
2020-10-13,45.19504928588867,45.39914542383849,44.80318507473622,44.901150348959355,2236500
2020-10-14,44.98279571533203,45.57059369577826,44.87666794662073,45.390988065250696,2347400
2020-10-15,45.22771072387695,45.4236412953201,44.21539239055307,44.288867133409326,2369700
2020-10-16,45.53793716430664,45.98695123672036,45.284859902684865,45.37466271716761,2184400
2020-10-19,44.82767105102539,45.93795442672106,44.78685245044296,45.85631411129662,1679800
2020-10-20,44.63175201416016,45.30119036267821,44.607261468648005,45.11341913288301,3242900
2020-10-21,44.4439811706543,44.90115771580351,44.33785340377536,44.754208223229135,2496800
2020-10-22,44.71338653564453,45.01544797659517,44.29702863057453,44.67256792701773,2082200
2020-10-23,44.60725784301758,44.94197543294081,44.13375635412489,44.90115682231804,2368400
2020-10-26,43.13776779174805,44.46847572841736,42.98265581945329,44.19906728182802,3792600
2020-10-27,42.34587097167969,43.42349846176477,42.33770849544493,43.21123982279784,3764500
2020-10-28,41.05598831176758,41.61929264737265,40.32940640932811,41.488671216757254,3492400
2020-10-29,41.6274528503418,42.198919588901255,40.884542975954346,41.53765004449384,2558700
2020-10-30,41.162109375,41.61112338918501,40.33756231253854,41.3172244396312,3247900
2020-11-02,41.905025482177734,42.345870825317704,41.65194512013086,41.70092932015098,2643000
2020-11-03,42.4356689453125,42.8275331593876,42.19891667610256,42.57445593956865,2780800
2020-11-04,44.860328674316406,45.51343564821008,42.86834851111607,42.966316892894895,6457900
2020-11-05,46.90129470825195,48.32996772216753,45.58691503716802,45.68488031470085,5563700
2020-11-06,45.89585876464844,47.14853838490371,45.48379322418857,47.066126534335964,2284500
2020-11-09,46.1843147277832,48.0056439854192,45.615662168964,47.95619498001414,5902500
2020-11-10,47.066123962402344,47.29687964643082,45.60741165162864,46.06892616349599,2827300
2020-11-11,45.61565017700195,47.19798335205956,45.46730634359623,46.950744677653454,4101400
2020-11-12,45.27776336669922,45.92882771702364,45.12117958302317,45.45083329412208,2414500
2020-11-13,46.283203125,46.283203125,45.54148386666238,45.54148386666238,2909300
2020-11-16,47.04964065551758,47.387534252259535,46.40681945776712,46.87657389363252,3137900
2020-11-17,47.54410934448242,47.54410934448242,46.58811764925276,46.6787725490796,2663100
2020-11-18,47.64302062988281,48.203430036528914,47.22271200299289,47.53588270525058,3783400
2020-11-19,48.32704544067383,48.56604420548283,46.95074806283469,47.43698551987587,2712600
2020-11-20,48.33528900146485,48.74735454062887,47.94794638863127,48.18694515586095,1534100
2020-11-23,48.71438217163086,49.019309750463826,48.277593763263894,48.50834942899585,3251300
2020-11-24,49.30775451660156,49.53026709873748,48.730862243091096,49.07699572091139,3056100
2020-11-25,49.84343719482422,49.94233202402585,49.241822006148546,49.34895990500611,2219500
2020-11-27,49.884647369384766,50.02475127120421,49.57147985954874,49.85168451937743,1201600
2020-11-30,49.07699966430664,49.983545636610835,48.714383161671094,49.79399274298134,3160600
2020-12-01,49.794002532958984,50.1648621789157,49.34897410162176,49.925866534908785,3749600
2020-12-02,50.76647186279297,50.78295486119319,49.291279659794014,49.736308041357965,2531200
2020-12-03,50.60164642333984,51.04667478957393,50.31319867698789,50.97250287123318,1898900
2020-12-04,51.12908554077149,51.219740449430496,50.67581414128655,50.67581414128655,1472800
2020-12-07,51.07964324951172,51.326881941305125,50.65933778784398,51.09612624813935,1853400
2020-12-08,51.46697235107422,51.48345534537616,50.708770332233485,50.86535720619707,2044700
2020-12-09,51.417537689208984,51.78015737723071,50.51099475677584,51.78015737723071,2488900
2020-12-10,51.796634674072266,51.86256666638731,50.78295387080662,51.07140162146931,1845400
2020-12-11,52.61252212524414,52.74438295688394,51.4834635578402,51.54939240175499,2318900
2020-12-14,52.01090240478515,53.01634312432305,51.5246650405278,52.991620202960625,2995900
2020-12-15,53.68389892578125,53.8569657008959,52.33232443549624,52.45594535704135,4413900
2020-12-16,53.510833740234375,54.13717515041314,53.32952388826514,54.120689006986055,2542800
2020-12-17,53.848731994628906,54.186628819776736,53.444909449129845,53.88994107151798,2484400
2020-12-18,53.23885726928711,53.88992146399007,52.63724206257261,53.63444288557476,5241900
2020-12-21,53.11524200439453,53.354240755970906,51.67301585559008,52.54659272936385,3533400
2020-12-22,53.436649322509766,53.708614052889466,52.9009692196423,53.12348181601275,2317600
2020-12-23,53.6097297668457,54.170139157954274,53.22238714962962,53.420176850132286,1526200
2020-12-24,53.560279846191406,53.73334662725788,53.28007828283278,53.56852291794357,605500
2020-12-28,53.29654693603515,53.93113128751375,53.19765524628172,53.89816529505589,1187100
2020-12-29,53.18942642211914,53.71686986747114,52.87625884132322,53.56852600548952,1367900
2020-12-30,53.3212890625,53.7828068355087,53.27184319981502,53.362498139819095,1499600
2020-12-31,53.41193389892578,53.64268959796841,52.86801064941403,53.23062405321479,1827700
2021-01-04,51.92025375366211,53.65092762126005,51.26918949969695,53.56851577758789,3255800
2021-01-05,51.763675689697266,52.16749816946553,51.30216114043716,51.409299064049634,2758600
2021-01-06,50.81591796875,51.730703893181925,50.494507377746416,51.35984430978921,5090700
2021-01-07,52.109806060791016,52.34880482047766,51.37632992723793,51.51643069710292,2368300
2021-01-08,51.83784866333008,52.76087149290104,51.10436932632609,52.53835885723559,2396700
2021-01-11,51.66476821899414,52.03562777593999,51.244462816995565,51.48346154745068,1689100
2021-01-12,51.57412338256836,51.969705915175254,51.4010534702068,51.60708623576105,1908400
2021-01-13,52.71966171264648,53.10700429334321,51.5741201118229,51.71422087448579,2360600
2021-01-14,52.33232879638672,53.16470303069012,52.07684700434897,53.16470303069012,2760400
2021-01-15,52.208702087402344,52.249911155998475,51.68950177624501,51.90377447141638,2043600
2021-01-19,53.08228302001953,53.13997194100557,52.24990891354592,52.538353518476136,1657200
2021-01-20,53.74982070922851,53.97233329563286,53.04106760050349,53.31303231870217,2271800
2021-01-21,54.13717269897461,54.24430747591359,53.77455301145629,53.98058578161512,2016900
2021-01-22,53.593231201171875,54.19484952225709,53.3871984770169,53.91464174784405,2220900
2021-01-25,53.552040100097656,54.46681981010355,53.33776425974346,53.85696457422591,3451000
2021-01-26,53.486114501953125,54.508035398169255,53.486114501953125,53.947625947801335,5279700
2021-01-27,53.70038604736328,55.87609167077109,52.785600013928025,53.84872361077523,6384400
2021-01-28,55.25798416137695,56.59307231130521,53.70037712804711,53.70037712804711,3750400
2021-01-29,55.37335968017578,56.31286844553463,54.639883649108256,54.96129421159313,3844300
2021-02-01,57.13700485229492,57.76333989741174,55.801910342738346,55.801910342738346,3021700
2021-02-02,58.50505828857422,58.842955018706114,57.44192853753419,58.24957968904465,2847300
2021-02-03,57.64796829223633,58.925374020312624,57.4913876578348,58.587477249130906,2640700
2021-02-04,58.50505828857422,58.50505828857422,57.67269050055188,57.67269050055188,2334200
2021-02-05,59.1817626953125,59.21518060627685,57.84507812581248,58.34633404264814,2708200
2021-02-08,58.939491271972656,59.44910323645885,58.35468741783686,59.3070755279684,3139700
2021-02-09,59.22352981567383,59.850101232575845,58.555184421452715,58.56354049167934,3868700
2021-02-10,59.1984748840332,60.05896537714059,58.95619980971315,59.716442943663814,1816000
2021-02-11,59.03139877319336,60.23441184386457,58.36305322096391,59.79163562438418,2393900
2021-02-12,58.65545272827149,59.31544221638206,58.630390885173654,58.89772783457655,1686800
2021-02-16,58.764041900634766,59.41568153198934,58.57189690100826,59.39896939143933,3133300
2021-02-17,58.379756927490234,58.86430711703415,58.104070292722106,58.83088920322264,1816000
2021-02-18,58.21266555786133,58.46329668934567,57.47749067868941,57.64457385046934,1693800
2021-02-19,58.45492172241211,58.68884063681291,58.07897514671449,58.371380163527874,1856500
2021-02-22,58.07899475097656,58.65544253733576,57.66128044174573,58.65544253733576,2108000
2021-02-23,57.89519882202149,58.05392590617985,56.87597501068971,57.928610353771,2349400
2021-02-24,58.363033294677734,58.58859617659962,57.46076901936341,58.09569643982312,1988000
2021-02-25,57.15166091918945,58.57188667490605,56.95115351048056,58.388091403829385,2196100
2021-02-26,57.83673477172851,58.46330632994659,56.78409276925381,57.3772464128424,3419700
2021-03-01,59.08987808227539,59.307084967357355,58.112421604144465,58.68886947921969,2612900
2021-03-02,58.446590423583984,59.28201911409917,58.43823435201061,59.24025150386245,2309100
2021-03-03,58.13746643066406,58.78910601663007,57.7531700843643,58.78910601663007,1996000
2021-03-04,56.04054641723633,58.61366777780381,55.7063737358694,57.93696634523699,4421000
2021-03-05,55.15498352050781,56.31623493109474,53.22514583866915,56.05724777713884,6290600
2021-03-08,56.41648864746094,57.91190650848943,54.9377829266752,55.43068270899912,4558100
2021-03-09,57.93696594238281,59.298718494066954,56.642055575083795,56.95116004480256,3981700
2021-03-10,59.11492156982422,59.373902361371194,58.29619884746253,58.805810734825855,3123800
2021-03-11,61.83007049560547,62.03892763893386,59.23188712269513,59.31542870526364,4626100
2021-03-12,62.52346420288086,62.88269870319409,61.02805283696314,61.8217073411416,3444400
2021-03-15,62.59866714477539,63.124984884108294,60.91945382335909,62.77410639121969,3717700
2021-03-16,62.54853057861328,63.70141954932667,61.8467673636214,62.75738769188976,4418000
2021-03-17,63.56776809692383,63.5761241687726,61.74653961043949,62.406522688740814,2877100
2021-03-18,61.01136016845703,63.48422848640448,60.90275672628579,63.392330814638235,2532000
2021-03-19,60.54351043701172,60.86097100401629,59.59947205886846,60.02554242091706,2712800
2021-03-22,61.445770263671875,61.91360819577032,60.38477247275946,60.64375327462627,2750000
2021-03-23,61.14501190185547,61.92196063572423,60.79412709953704,61.41234875792787,1494300
2021-03-24,60.27618408203125,61.9386854683465,60.251122239967586,61.48755318975442,2303400
2021-03-25,60.97793960571289,60.97793960571289,59.657967091314,60.15086696954984,2096600
2021-03-26,62.0806884765625,62.0890445460528,60.518441293990975,61.178430559828065,2424200
2021-03-29,62.055641174316406,62.7323363637915,61.82172216431588,61.82172216431588,2230200
2021-03-30,62.03057861328125,62.23107970897924,61.66298795965585,61.82172144623316,1651700
2021-03-31,62.26448822021485,62.84093595385942,62.07234322487595,62.189302710859785,2551500
2021-04-01,62.81586837768555,63.11662313525259,62.35638017200997,62.89940994949565,1672100
2021-04-05,62.65713882446289,63.484211272277946,62.573597247459695,63.484211272277946,1588800
2021-04-06,62.33967971801758,62.607016594872874,62.12246651375579,62.49005710961205,1854000
2021-04-07,62.84930038452149,63.04980147662073,62.06399541089516,62.34803809355119,2213100
2021-04-08,64.119140625,64.17762036801162,63.15839652654014,63.20017050318298,2489100
2021-04-09,64.24445343017578,64.26951526556276,63.559402309739006,64.11913787942719,1599900
2021-04-12,64.63711547851562,64.64546517567953,63.300424569792106,63.726494956293095,1858400
2021-04-13,65.4892349243164,65.75657177025623,64.2528044020247,64.66216255309841,2121600
2021-04-14,65.16344451904297,66.52519112916212,65.1467387480042,65.48926123173293,2706500
2021-04-15,66.54188537597656,67.00972332501495,65.4641817801011,65.95708156586456,4292100
2021-04-16,66.23277282714844,66.60036341990538,65.82341463218704,66.28289649931935,3025700
2021-04-19,66.2494888305664,66.55024362875874,65.95708372901359,66.27455066811339,2425200
2021-04-20,66.41659545898438,66.83430989583333,65.84850356991713,66.1576145477593,2641400
2021-04-21,67.09326171875,67.26870094130685,66.41656666405736,66.5251700759791,4306400
2021-04-22,69.3071517944336,70.5686506905351,68.22944819927835,69.47424132884566,6106200
2021-04-23,72.86607360839844,73.03315675616399,69.46587992347992,69.46587992347992,5634000
2021-04-26,72.75746154785156,73.42580686561463,72.2812675804347,73.00809263546604,5045100
2021-04-27,74.0106201171875,74.16099752725681,72.68229163975408,72.72406562125683,3176300
2021-04-28,74.37820434570312,74.63718516201104,73.61796766365137,73.76834506075593,5145400
2021-04-29,74.77084350585938,75.53943612167934,73.91035325403779,75.18855771538932,3078600
2021-04-30,74.61067199707031,75.19245013104874,73.95301311487859,74.36615664268449,4481600
2021-05-03,74.60223388671875,74.97321709907493,74.42516596864353,74.77086203481234,2296400
2021-05-04,74.47576904296875,74.92263948179729,73.80967683750178,74.30713444064983,3040800
2021-05-05,74.25653839111328,74.93949075871684,74.08791024172402,74.87204335861206,3563500
2021-05-06,74.47576904296875,74.838325397014,73.5145743243841,74.38302161988143,2451500
2021-05-07,75.91754913330078,76.37285283853991,74.47575728308584,74.61909184785983,4356400
2021-05-10,74.71184539794922,77.07267818968579,74.69497872261793,76.58364752910792,3047500
2021-05-11,74.0541763305664,74.48418000071884,72.74728578161046,73.21102279775636,4102300
2021-05-12,71.0778579711914,74.34929194181336,70.62255421094598,73.79280742392937,5346100
2021-05-13,72.01373291015625,72.54491722108611,71.30548072950003,71.46568192937163,3177300
2021-05-14,73.7590560913086,74.06258537178367,72.21608395454243,72.21608395454243,2829500
2021-05-17,74.01202392578125,74.03731750520642,73.36279846711284,73.75908169877802,2862800
2021-05-18,74.27338409423828,75.62243475628748,74.13848288768355,74.28181742988242,3046000
2021-05-19,73.82653045654297,73.88555095387031,72.29199109328037,73.05083065374029,2967200
2021-05-20,75.16714477539062,75.66460231199315,73.96986820647304,74.19751684821031,4292600
2021-05-21,76.50778198242188,77.29191535543337,75.31893834558397,75.42011269516374,3623300
2021-05-24,76.91246795654297,77.43521904123682,76.53304499891725,77.41835880062618,2635600
2021-05-25,76.73540496826172,77.94111477978493,76.69324471844058,77.55326492588424,3939600
2021-05-26,77.67132568359375,77.87368078220887,76.79444501259141,76.89561934552268,3008200
2021-05-27,77.69662475585938,78.1434952452161,76.81974402290805,77.67133117083965,4489600
2021-05-28,78.1350326538086,78.41327485036359,77.46894062239693,78.06757883050727,2021100
2021-06-01,77.92424011230469,79.38289840760515,77.65443126628237,79.12994980013099,2764900
2021-06-02,77.76405334472656,78.31209799614376,77.34247657732811,77.89052122874531,2422100
2021-06-03,77.8399429321289,78.1181851741318,77.05580979823544,77.51111353076246,2852400
2021-06-04,78.58191680908203,78.66623731942744,77.91583109316622,78.4132886538948,2312700
2021-06-07,79.59368133544922,80.15859256312275,79.0877905877901,79.18053797534841,4139800
2021-06-08,79.77076721191406,80.09959662026131,79.29016988950256,79.88037487044586,2695900
2021-06-09,79.42506408691406,80.2429240828232,79.42506408691406,79.69487297324737,2458200
2021-06-10,78.96977233886719,80.25136303036271,78.94447232637076,79.81292597170027,4048100
2021-06-11,80.4452896118164,80.46214985373022,79.06251176307477,79.26487326255008,3385800
2021-06-14,80.61390686035156,81.3558796265009,80.4874325484708,80.61390686035156,3252200
2021-06-15,82.05571746826172,82.35925331355602,80.57176516157317,80.9764817662163,3826200
2021-06-16,83.03377532958984,83.80104181573525,82.12316783224529,82.15689475060086,4585100
2021-06-17,81.8955078125,84.01182517448592,81.18726186791595,83.01690365750962,5666600
2021-06-18,81.26313018798828,82.1821708273651,80.58017792681646,81.06920848968667,6348900
2021-06-21,82.89042663574219,83.05906121189022,81.58354244253931,81.7774641641704,4820800
2021-06-22,82.97476196289062,83.76732209774056,82.55318509633658,82.89044144337784,4533200
2021-06-23,83.96123504638672,84.32379134312322,83.24455578988469,83.30357628317894,4229800
2021-06-24,83.99495697021484,84.94771814327714,83.7335750016572,84.5261413782981,6446600
2021-06-25,83.09276580810547,84.89711347535167,81.88705625169798,84.10454726222031,37994700
2021-06-28,83.6829833984375,84.47554973293312,82.77237609064474,83.17709259391394,2961800
2021-06-29,83.43004608154297,84.0202574607315,82.86513471384586,83.75044856625291,2691100
2021-06-30,81.90394592285156,83.43848532496293,81.59197675322244,83.07592899427306,4338800
2021-07-01,81.87865447998047,82.35081848287969,81.60041222137824,81.91238139915214,3234900
2021-07-02,82.33393859863281,82.62060769407802,81.77745421417957,82.36766550975881,2084300
2021-07-06,82.24120330810547,82.57846603626403,81.39804970408481,82.40983145580901,3190400
2021-07-07,83.37102508544922,83.5143660853659,82.14002160974782,82.24963569396358,2847800
2021-07-08,82.84828186035156,83.96124445341924,81.40648984883788,82.15689610454818,3320700
2021-07-09,84.08771514892578,84.09614205372459,82.77239109936247,83.05063334376545,2073600
2021-07-12,85.94264221191406,85.98480246281035,84.15515435757995,84.62732472316414,3971300
2021-07-13,84.1720199584961,86.21244999395488,84.07927255390696,86.11970258936574,2428700
2021-07-14,83.17710876464844,84.90556988553561,83.06749467331166,84.52615331656696,2228400
2021-07-15,86.42324829101562,86.75207769672228,84.4839923416287,85.17537807064676,4654400
2021-07-16,86.17029571533203,87.04717623501142,85.75715225073598,85.9510804099758,3479600
2021-07-19,84.08771514892578,84.94772902928294,83.71672548972181,84.7875277795809,3140200
2021-07-20,87.55306243896484,88.07581996109718,84.31535586159995,84.49241733697919,4268700
2021-07-21,89.19719696044922,89.49229935729072,87.78913235784138,87.90717331657798,3618600
2021-07-22,92.85650634765624,93.606912558819,90.57156079725884,91.32196700842157,5615000
2021-07-23,93.84298706054688,95.3943864117924,93.05885404875951,94.34887787365952,3986100
2021-07-26,95.52085876464844,95.66419331275372,93.59003651859598,93.59003651859598,3466200
2021-07-27,96.2965850830078,96.52424018855228,94.69459173687952,95.20048911242176,3537000
2021-07-28,96.4230499267578,96.92050748220908,94.73674266176764,96.24598843586404,3264500
2021-07-29,98.3960189819336,98.77544194783768,96.54108370223996,96.667558024208,2873800
2021-07-30,97.7768096923828,98.44692135564163,97.35268887803444,98.05673098302957,2967400
2021-08-02,97.70895385742188,99.15944624477956,97.64957720314068,98.4808503630774,2448300
2021-08-03,97.68350982666016,98.32816880995216,96.65713175297432,98.06521597391384,2685600
2021-08-04,99.0322036743164,99.21881785587762,97.1745525580458,97.57322713291389,2232800
2021-08-05,98.14154815673828,99.79562311965816,97.56474362383186,99.43936320945498,3277800
2021-08-06,96.9455337524414,98.48084898564522,96.06336170719534,98.0991428522578,4692400
2021-08-09,96.9030990600586,97.42052684959762,96.19057936588136,97.20846649229698,2322100
2021-08-10,96.5468521118164,97.65804646162752,96.3687221644736,97.19151749617808,2658400
2021-08-11,97.08973693847656,97.56475018402035,96.11425776217472,97.547788198781,3066600
2021-08-12,96.27540588378906,96.81827990144352,95.8767313614184,96.63166574445566,3028900
2021-08-13,97.37813568115234,97.5901960755176,96.27541904182516,96.34327992119876,2542100
2021-08-16,97.3441925048828,97.80224367336838,95.91066235563552,96.9624799620271,2254500
2021-08-17,95.69011688232422,97.23391607825158,95.1387651114399,96.79283336723036,1833400
2021-08-18,94.51956176757812,95.71557905862394,94.48563132698231,95.30842671461382,1819200
2021-08-19,93.62042999267578,94.84189352563682,91.92394675152492,92.88245745300996,2895300
2021-08-20,96.10577392578124,96.3178343214943,93.93427107301224,94.06999283262203,2040200
2021-08-23,98.200927734375,98.735324087172,96.3432830206408,96.3432830206408,2865300
2021-08-24,100.15188598632812,100.30456973400378,98.39602612384304,98.39602612384304,2563800
2021-08-25,101.38182830810548,101.96711705485578,100.27063393645555,100.34697904199972,2910500
2021-08-26,103.38367462158205,104.43549877093524,101.36486212410536,101.75505244858056,3221300
2021-08-27,105.36856842041016,105.7587587643908,103.68056951520548,103.69753149904396,3315100
2021-08-30,105.52975463867188,107.20078537744732,105.52127040950064,105.93690703690169,2963800
2021-08-31,106.64942169189452,106.73424455955016,104.14710503084876,105.59759742394088,3045000
2021-09-01,108.16775512695312,109.03295862461586,106.43734813162766,106.72574714032552,3847200
2021-09-02,108.84636688232422,109.8048710762876,108.29500208374688,108.74456909033825,3344100
2021-09-03,109.42317199707033,110.93304108684998,108.81243697837964,109.1686969154258,2767200
2021-09-07,107.78606414794922,109.41469300323617,106.91237630058768,109.16869568127602,3260600
2021-09-08,108.83787536621094,109.16868906561945,107.24318352107326,107.3873830369037,2362800
2021-09-09,109.77094268798828,111.02633656472707,108.38830481217512,108.9481473445688,2209000
2021-09-10,109.20262145996094,110.6700757127249,108.4137500905323,110.57676862479546,2144400
2021-09-13,109.6012954711914,110.55979961349234,107.73516019356155,110.06781796535245,2638800
2021-09-14,110.78034210205078,112.247796233561,109.80485663736631,110.2713920384643,3478400
2021-09-15,114.1733169555664,114.8773460468524,110.44104639752436,110.81427474764246,4374300
2021-09-16,114.54656219482422,115.14881954266342,112.36658759026996,114.08851733692988,3725100
2021-09-17,113.35050964355467,116.11577212415622,113.3165727372366,114.84340994311434,17114400
2021-09-20,105.14801788330078,109.2874341648642,102.99348364917684,109.04992757507512,10694500
2021-09-21,108.21018981933594,110.03391070813248,106.47129180341057,106.51370647563132,5850800
2021-09-22,106.72575378417967,109.126272502266,105.90295842809788,108.29499939003767,4473500
2021-09-23,107.8030242919922,109.79639727463106,106.9887131140412,108.2695597712417,3648000
2021-09-24,106.1150360107422,106.98024617399966,104.8935723561002,106.14896645553372,3115700
2021-09-27,104.62208557128906,105.81810898764228,103.16311587747632,105.41943451552454,3349000
2021-09-28,100.24519348144533,102.13677511457118,97.92949104436536,101.90774625635684,4755800
2021-09-29,100.87288665771484,102.02649571872004,100.05009129360104,101.67023581000156,2434500
2021-09-30,98.68441772460938,101.35637987174717,98.22637298767776,101.17824992481388,4649600
2021-10-01,98.1839599609375,99.12550860442236,96.37720777911032,98.95586288210254,4267800
2021-10-04,94.11238861083984,97.22543972753812,92.29715238077932,95.76646336209086,7681600
2021-10-05,97.3866195678711,97.80226262652182,94.63831849593174,95.4271834714922,3422400
2021-10-06,96.58927154541016,96.97097766976236,94.4347371444454,95.99549855338824,2714800
2021-10-07,97.78529357910156,99.10007068761642,97.51385651772964,97.73440115245997,3610100
2021-10-08,98.7607650756836,99.51569954625118,97.93796972714894,97.9464539547872,1935900
2021-10-11,97.1575927734375,99.42239627204692,97.08973189286642,98.25182520425965,1401600
2021-10-12,98.3451156616211,99.4987245499122,97.21695298134736,98.3535934165811,2365400
2021-10-13,100.67779541015624,100.81351069802184,98.46388436403356,99.49025590137644,2117600
2021-10-14,103.51092529296876,103.9350461088682,101.86533445637646,102.08587909268378,3233800
2021-10-15,104.35914611816406,107.17530751540149,102.99347684552252,105.02077342360408,2860000
2021-10-18,105.02079010009766,105.69938596662558,103.96048810337888,104.6730144103902,2621900
2021-10-19,107.54854583740234,108.27803408091306,105.64000236877838,105.96233182482544,2182500
2021-10-20,109.16020965576172,109.39771625978342,107.26862810818378,108.36286050948632,2913700
2021-10-21,112.4089813232422,114.30055648175536,111.11965045721672,112.15450625265116,4251300
2021-10-22,116.74349975585938,116.92162325011864,113.1215043692864,113.6559007383444,3346900
2021-10-25,118.38908386230467,119.72081641617304,117.35422809637772,118.4654224983634,2793400
2021-10-26,120.5860366821289,121.32400277956792,118.83866094516632,119.17795242963147,2842400
2021-10-27,115.77647399902344,121.05253657225484,115.61530606121188,120.0261587774814,3799500
2021-10-28,118.21944427490234,118.95742337201622,116.73502126615412,116.74351196695751,2985700
2021-10-29,118.33914184570312,118.47593346769898,116.20182167139444,117.17643914907252,4100900
2021-11-01,117.6124496459961,119.61297800835467,115.3297804368315,119.34795241913186,2780600
2021-11-02,123.04979705810548,123.08400148792376,117.60390915205448,117.86039019502074,3689000
2021-11-03,123.53709411621094,124.6656053206822,121.27154016882426,123.0839833267336,2827700
2021-11-04,123.56273651123048,123.64823452494792,120.98940805838544,123.5370897161483,4413700
2021-11-05,121.8699951171875,123.72518740475029,119.98059840261745,123.50291080986948,3623800
2021-11-08,121.43395233154295,123.1010721610796,121.34846736923625,123.0241187362898,3836700
2021-11-09,125.15290069580078,125.50342428226728,120.91245237078344,121.3997675585781,3526000
2021-11-10,119.22824096679688,123.93034403397088,118.39040230049184,123.340441743772,3465500
2021-11-11,120.81842803955078,122.01532198996046,120.16867442775782,120.65598963660254,2099200
2021-11-12,122.25466918945312,122.38290313487364,120.62175404356624,120.8440436091782,2746800
2021-11-15,122.08370208740234,123.60547264793136,121.76736990571746,122.68214898561644,2226500
2021-11-16,123.29771423339844,123.93891021795216,121.08345389757932,121.5280070543506,2529800
2021-11-17,124.032958984375,125.21276382906645,123.14382653629364,123.80212476581228,2578100
2021-11-18,125.5461883544922,126.91406539643052,124.34073668281216,124.68270268200509,3009300
2021-11-19,125.19562530517578,128.051080939346,124.27230174388502,127.95703836240446,2867400
2021-11-22,123.44304656982422,127.97416732821418,123.34900397321962,125.71715805486944,4546200
2021-11-23,124.40911102294922,125.42647730596072,122.16064648302178,122.7077998144106,2801900
2021-11-24,126.72596740722656,126.931154813156,122.04096585574344,123.00703862155882,2751700
2021-11-26,122.94718933105467,124.04149608950944,122.40858053527135,123.34900652073978,2670600
2021-11-29,127.2816390991211,127.82023467496258,124.8963835305326,124.99042609856228,3354100
2021-11-30,120.92955017089844,126.99954354546844,120.92955017089844,126.65756455462297,14190800
2021-12-01,117.68081665039062,124.8536609921972,117.22770592073616,123.10961386892627,4724700
2021-12-02,120.75000762939452,121.64767138669228,115.98805350353074,117.30464962585,3218500
2021-12-03,115.62898254394533,122.60519637762054,113.7053950339721,121.92125154281976,4434800
2021-12-06,115.17589569091795,115.79998944840032,111.30307307989722,115.41527447584724,4793800
2021-12-07,119.11711883544922,120.95520880241524,117.72358203234369,117.85182905839896,3033600
2021-12-08,115.70591735839844,116.9370153929016,114.43208337296667,114.83390045492708,7133300
2021-12-09,114.5517807006836,116.61214678584226,114.4919294929623,115.7315721948217,3896000
2021-12-10,114.38936614990234,116.38134990553316,113.13262097770108,115.90259232472614,2351900
2021-12-13,110.28569793701172,115.5691460416176,110.04631917114918,114.79117157514652,4793000
2021-12-14,108.32791137695312,110.8755993406924,105.42970637258766,108.57584124597268,7265800
2021-12-15,109.31964111328124,109.8582433825132,105.89992925701624,109.08880691033704,4182500
2021-12-16,105.9512176513672,111.85876620159242,104.42944699357616,111.14062987783672,4320200
2021-12-17,105.3869400024414,106.1905741680322,102.3006568511978,104.3011846388416,4565900
2021-12-20,102.35196685791016,103.07010314641596,100.0265619802268,101.16361762627642,5599800
2021-12-21,105.51520538330078,105.5494032838032,102.83073215839713,103.6172643022045,3582200
2021-12-22,111.57664489746094,111.97846208779896,105.58360451171932,105.58360451171932,5404500
2021-12-23,115.41525268554688,115.84271658438225,111.45693280787933,111.84166075296147,4729500
2021-12-27,115.50078582763672,115.82564961888946,114.08160212083897,115.20155578933792,2558200
2021-12-28,112.32041931152344,116.66345413083494,112.29477252095997,115.53494316538948,2745400
2021-12-29,109.86677551269533,112.41446994935536,109.34527551450208,112.26057614978096,4076500
2021-12-30,109.85823822021484,111.5168004797931,109.69579982744884,109.95228081364964,2164800
2021-12-31,110.6191177368164,111.26885822856684,109.3538281286017,109.832585653593,1553600
2022-01-03,108.25950622558594,111.35434724572706,107.64396368139188,111.14061529324006,3901500
2022-01-04,106.81468963623048,109.11444115978956,105.84007239106197,109.09734547241028,3769400
2022-01-05,100.7019500732422,106.7719363734697,100.24028826143918,106.5667555201956,6376600
2022-01-06,101.87319946289062,102.582784577528,98.7783584883596,99.7529756555304,4678300
2022-01-07,99.72734832763672,102.5828045972018,99.47086732934572,101.5910915504809,2963200
2022-01-10,98.07733154296876,98.97500194099815,95.57239248880262,98.89806155941665,7798500
2022-01-11,103.7027587890625,103.99343114957672,98.82111465027847,98.97500193601611,4460500
2022-01-12,104.59188842773438,106.34449343741396,103.27530504712186,104.4465522331007,4740300
2022-01-13,101.68512725830078,105.5835964236396,101.18071640186206,104.82271110887096,3731300
2022-01-14,99.27423858642578,100.65921772842164,97.72681451972848,99.23148957873684,4125500
2022-01-18,97.39338684082033,98.49624463761069,96.51281212900489,97.46178263967144,3760900
2022-01-19,95.97418975830078,99.0604794163485,95.85450039670732,99.02628152409594,3006500
2022-01-20,95.3757553100586,98.79546694137036,95.1962212321246,97.3506432124971,4611000
2022-01-21,93.85398864746094,96.55556408130472,93.62316097252034,94.127565328634,5031300
2022-01-24,93.52056121826172,93.77704219389136,86.9034211863881,89.61354102800756,9540200
2022-01-25,94.24726104736328,95.27317856258604,90.6223681477755,91.04128104213537,6382100
2022-01-26,95.29883575439452,98.52191180129311,94.25582243530654,96.3931426719348,6968600
2022-01-27,101.77061462402344,104.08746837348733,99.47085656205648,99.47085656205648,9357800
2022-01-28,106.25045013427734,106.25045013427734,99.85559238677396,103.28384894915072,6100900
2022-01-31,112.82482147216795,112.97015763102556,107.0369566821327,107.53281636567424,8759100
2022-02-01,115.37252807617188,115.62900907872528,112.07250555773768,115.12460470230852,7124800
2022-02-02,117.96294403076172,118.79222510954592,114.7484199308937,116.99688440689252,5154000
2022-02-03,114.63726806640624,115.51784267596018,113.14114438384097,115.38106413930686,5445300
2022-02-04,114.30020904541016,115.2249883334126,112.58029945092872,114.51627749351113,5632500
2022-02-07,113.77297973632812,114.55947190200108,111.70736629520796,113.70383626363248,5021800
2022-02-08,111.24068450927734,113.07294071074374,109.22691841671806,112.70994730410064,4605900
2022-02-09,116.33126831054688,116.65968341383817,112.85688365658524,113.40138041539706,7518900
2022-02-10,116.270751953125,119.52041665702976,112.21730576660636,113.66064141386347,6082000
2022-02-11,106.79832458496094,114.732359178337,105.89083436068502,113.91130161838184,9209800
2022-02-14,104.74998474121094,107.42923886841685,103.62643272730824,106.71189001258078,6527700
2022-02-15,107.99100494384766,108.69970917162284,106.48717043005848,108.29350603851186,5018300
2022-02-16,109.57263946533205,110.27269918539952,106.38346679589336,107.42059938942678,2921800
2022-02-17,105.98591613769533,109.6331534001584,105.82170856480548,108.5355283433052,2808900
2022-02-18,107.0489501953125,108.70835425917248,105.55375366470123,105.92539165134664,3832600
2022-02-22,105.11298370361328,108.02558223867736,103.58321535922192,105.58833034530342,3469900
2022-02-23,104.43021392822266,108.58736915810096,104.1017856355428,106.56497145509628,2932700
2022-02-24,104.8191375732422,105.51055933103602,97.80123772290162,99.58163984747388,5967900
2022-02-25,111.30119323730467,111.72469220142148,106.19333785056703,106.40940632838256,5395200
2022-02-28,110.16898345947266,111.05918442748836,108.55278906326592,108.742930356218,4302600
2022-03-01,106.9625244140625,110.92954447657796,106.38345597251868,109.34791528934024,3311700
2022-03-02,112.54574584960938,113.26309475344074,107.2477427384852,108.32808508983857,4092500
2022-03-03,108.76885986328124,113.21987139332266,108.13794366183356,112.46795738354564,3738300
2022-03-04,104.71542358398438,108.02558744193144,102.75351823780171,107.29960056777684,6557200
2022-03-07,94.24041748046876,104.00670762344012,94.21449032106756,103.1078686593982,8283100
2022-03-08,93.87743377685548,97.29995764362722,91.99331640337194,94.39599680020514,5953800
2022-03-09,100.37677764892578,101.42254835407304,97.5938144298938,99.59029177052682,4024100
2022-03-10,100.99903106689452,101.69909069514402,97.4987197378762,98.44942613906122,3225500
2022-03-11,100.29898834228516,102.87452086168712,100.19527310088957,102.3646024277368,2993700
2022-03-14,93.99844360351562,100.04836170116724,93.60951634090556,99.47793768689412,5560200
2022-03-15,94.82813262939452,96.28011303391692,93.67000218353328,95.61461844348896,4359700
2022-03-16,100.29898834228516,101.62996434048608,95.62326339641314,97.39502752207372,6124500
2022-03-17,103.65235137939452,104.2919121098228,99.22726739372158,99.45198041561248,4999200
2022-03-18,106.17603302001952,107.03166221968522,103.79928011459266,104.3437768184682,10598800
2022-03-21,105.97725677490234,107.41194786823006,104.08449502419326,105.45868721467978,4758200
2022-03-22,109.01087951660156,109.93565245210658,106.45262921458662,107.144051066542,3629100
2022-03-23,106.97980499267578,109.33927525955508,106.6168115958899,108.0601471930282,2405800
2022-03-24,108.63921356201172,109.1059222033,106.66003237101938,108.28486473433414,2710700
2022-03-25,106.99710083007812,109.52077878488129,106.27975198179595,108.7947853521695,2681600
2022-03-28,107.6280288696289,109.14050821089718,105.40684518649324,107.64531804039134,2568800
2022-03-29,113.89401245117188,114.56814503201916,109.95292561305769,110.229492994787,4988100
2022-03-30,109.9615707397461,113.14209894223806,109.36521964118931,113.11617178036803,3478600
2022-03-31,109.71092987060548,112.26917320367586,109.6936407002032,110.66162323836248,4235000
2022-04-01,110.73941040039062,110.7739755510778,108.98492898120156,110.03934411208354,2271800
2022-04-04,112.84823608398438,114.88790958608176,111.2406862929201,111.31846776963977,2662700
2022-04-05,106.8328857421875,112.47659264325216,106.32296076756424,112.12223721754444,3651200
2022-04-06,102.19173431396484,106.30567953070964,101.2323898492256,106.30567953070964,4792200
2022-04-07,99.94463348388672,101.18919001261266,97.36910094891248,100.2557726160682,6040300
2022-04-08,99.36554718017578,102.24358014999844,99.17540591338124,99.91868181418624,2695300
2022-04-11,97.49008178710938,98.63956086501982,96.23688089135564,97.8012208650975,3749000
2022-04-12,98.03459167480467,101.97567866671264,97.12710141509004,99.40878405186696,2945300
2022-04-13,100.63605499267578,100.7311256491552,98.03458870825013,98.3370832543725,2950700
2022-04-14,97.64566040039062,101.5435306335048,97.5765169113265,101.04225682250495,2624600
2022-04-18,96.79002380371094,97.96543673307912,95.54547397970452,97.49009008571842,2353300
2022-04-19,101.53489685058594,101.96703378431626,96.76410140962686,97.0493133684216,3306300
2022-04-20,104.0499267578125,105.65747662289876,101.8892421642972,102.58066387177652,5236400
2022-04-21,97.33452606201172,109.58992985887724,96.96288803244263,108.99357877578382,8310100
2022-04-22,95.58004760742188,98.89886281819744,95.53683786867629,97.66295087522452,7339300
2022-04-25,97.24807739257812,97.4641458255098,91.46609061116853,94.63797362407304,4666800
2022-04-26,92.71929931640624,97.16166646142648,92.62422866360772,96.67767520636944,3926800
2022-04-27,92.8835220336914,95.01827973538042,91.80317960116756,93.05637418534046,3068100
2022-04-28,93.59223175048828,94.99235799679614,90.12649118274376,94.19722090969628,4198200
2022-04-29,88.8675537109375,95.2808581648088,88.72756694246704,93.25974454136794,5109700
2022-05-02,92.56855010986328,93.20725185027464,88.68381876175391,88.8675551531841,7478800
2022-05-03,94.16094207763672,95.08837532582396,91.57112331504857,91.9035977478267,3995300
2022-05-04,97.64318084716795,97.93191228901507,92.08732011360688,94.51964921103726,4283300
2022-05-05,91.83358001708984,97.29319651982782,90.44243046301024,96.3832659987495,6325800
2022-05-06,88.79756164550781,91.71986152159364,87.1351761279984,91.12490270507202,5945600
2022-05-09,84.57158660888672,89.63747632656944,84.16910889143823,86.92516741379501,8106800
2022-05-10,86.6364517211914,89.38376616001256,84.40536140823991,88.58756851295915,5417000
2022-05-11,84.6065902709961,88.97254025583553,83.1366926292078,85.0353151448227,5529000
2022-05-12,86.98641967773438,87.09141474380677,81.88552453251107,83.35542208125584,6275800
2022-05-13,94.3359146118164,94.89587498970896,88.84129923171174,88.88504217280239,6445800
2022-05-16,91.60609436035156,94.03842995557474,91.29986709978952,93.38222582211876,3841600
2022-05-17,94.25716400146484,95.0708573882174,92.8135135830002,94.53714416275317,3401100
2022-05-18,90.5911865234375,93.7584681646509,90.27620794363705,92.42855712210348,4142100
2022-05-19,91.5011215209961,92.08732904444352,88.72756651430772,89.06004092866863,4129500
2022-05-20,94.11717987060548,95.17585516854786,90.8099118030118,93.06725583098198,4775700
2022-05-23,94.88712310791016,95.13211161247588,92.44604939780326,95.01836528082823,4463300
2022-05-24,94.40592193603516,94.6509037944844,90.39869960781542,92.40231077192529,6344600
2022-05-25,97.16197967529295,98.28190053941468,92.218572936556,92.7172879049619,4701900
2022-05-26,103.50527954101562,103.8989993949368,97.3019589691667,97.88816645842866,6722100
2022-05-27,105.90259552001952,106.20882277181325,103.71524847113096,104.7476765452165,6322600
2022-05-31,103.0590591430664,105.25515776431108,101.66790274924256,104.78268993293248,7242100
2022-06-01,101.57166290283205,104.3714716417453,100.57423300045023,103.2165524560793,2768800
2022-06-02,106.48883056640624,107.15378611092962,101.11670535401257,101.90415183104612,4375300
2022-06-03,106.17383575439452,107.77497556719872,104.3452166304,104.82642902738344,2845800
2022-06-06,103.9427490234375,104.83518380754109,101.405424755519,103.25154645793614,4956300
2022-06-07,104.84392547607422,105.18515109836588,102.5953328668746,103.37402792033552,3156600
2022-06-08,101.84288024902344,103.9427347575581,101.20417197164387,103.7327446340272,3623800
2022-06-09,99.61177825927734,101.64163595150166,99.27055267084008,101.64163595150166,4258900
2022-06-10,94.169677734375,97.0919773279559,92.27981305446276,96.57575987112158,5445000
2022-06-13,85.32405090332031,89.91748079116148,84.84283844403282,89.40126996979316,8145200
2022-06-14,83.48666381835938,87.58137792070349,82.69921751497517,85.74400766297616,7031700
2022-06-15,84.694091796875,86.74144570594144,82.95295850554436,84.82532729726053,8672900
2022-06-16,78.46450805664062,81.78052674931571,76.4608975005004,81.69303420859731,9253200
2022-06-17,78.96324157714844,80.97560386639088,77.91331748943776,79.0857324982062,8031900
2022-06-21,79.82068634033203,81.98178002069841,79.73318710184567,80.93185591140904,7361400
2022-06-22,79.846923828125,81.19433050047853,77.9045584520732,78.1582915275736,5238300
2022-06-23,81.675537109375,83.44291725520561,79.32195623434802,80.7918470364597,5501700
2022-06-24,86.5052261352539,86.55772034208647,83.12796087375149,83.12796087375149,5545500
2022-06-27,85.63026428222656,88.1063360570768,85.14029400633905,87.2139014023142,3918900
2022-06-28,82.97920989990234,87.90512064376145,81.95553289239251,86.68895599205223,4101100
2022-06-29,79.68069458007812,83.07545550197489,79.16448377344189,82.75173234366227,4089100
2022-06-30,79.82068634033203,80.52063352144005,76.09344440442177,77.86956947151789,4637600
2022-07-01,81.22058868408203,81.43057217426615,78.67451299898718,79.12948501551672,2687300
2022-07-05,82.2705078125,82.71672854288225,78.00955942861438,79.33946368599806,3761000
2022-07-06,82.218017578125,84.59785268796026,80.75687107364318,82.4105052230756,3368400
2022-07-07,85.18405151367188,85.69151767580061,83.44292497837256,83.55666463184802,2761000
2022-07-08,84.11661529541016,85.63026234927753,82.89169964622177,84.6590797519052,2411700
2022-07-11,83.30292510986328,83.63539946179921,81.8942730611225,83.26792675567211,3233000
2022-07-12,82.26176452636719,84.51910882206568,81.7630495471087,82.79547786779796,2423100
2022-07-13,79.96942138671875,81.43056783155359,77.11711853987467,79.93442302767873,3657700
2022-07-14,78.42076873779297,78.70950016777414,76.79338190094944,78.377025799321,4610800
2022-07-15,81.36933135986328,81.97304143829231,77.81708096561113,80.47689646915771,4294800
2022-07-18,81.50057220458984,83.81916197554293,81.4043283770037,83.17170228537152,2949000
2022-07-19,86.59269714355469,87.02141530153231,82.60297821159152,82.60297821159152,5205000
2022-07-20,88.45631408691406,89.39249836492372,86.08523066644572,86.72393894735583,4635900
2022-07-21,85.6390380859375,86.18150273977739,81.77180880363525,86.18150273977739,8774100
2022-07-22,84.37035369873047,88.53506450003202,84.00288098324161,85.74400742827535,6408600
2022-07-25,85.09656524658203,85.24530326794452,83.22419640338799,83.9941402862537,4640500
2022-07-26,81.89427947998047,84.7903317701976,81.68429601362844,84.65908960050731,4155000
2022-07-27,85.49903106689453,85.98024346063042,81.52680762776747,83.06670197328134,4353000
2022-07-28,89.66374969482422,89.71624389759384,85.4902870180176,85.50778953577725,5444200
2022-07-29,90.4256362915039,91.6836380387711,89.256224979013,89.47770444546217,5443600
2022-08-01,91.46215057373048,92.74673542220565,88.60063990250293,88.8132582791754,3569600
2022-08-02,89.09675598144531,90.76227907025756,88.26399105753087,90.36361874996727,3436400
2022-08-03,89.55743408203125,90.73570646929628,88.86641922604632,90.73570646929628,3350100
2022-08-04,91.10777282714844,91.11663389665372,87.85645649732545,89.69030586200911,4474000
2022-08-05,89.65489196777344,90.7445739975296,87.96279223322992,88.96387706261862,2621600
2022-08-08,90.99261474609376,92.67585988680396,90.85087141540058,91.25839278479084,2829200
2022-08-09,89.31822204589844,90.80656404896403,88.72465881037628,90.46991775695496,2169900
2022-08-10,95.62596893310548,96.42328954120826,91.8165197118785,91.91397121002731,5778600
2022-08-11,93.91614532470705,98.24828270855296,93.07451938211145,97.45095535836312,4185300
2022-08-12,96.37899780273438,96.38785887321572,94.18191869548932,95.59053150530356,2541600
2022-08-15,96.28155517578124,97.45096650346213,94.91724083365074,95.40449836977486,3042800
2022-08-16,95.3070297241211,95.92716942311164,93.45545817882224,95.262731134615,3410400
2022-08-17,94.35025024414062,94.99697324325562,92.87962338098372,93.02137348013864,2263700
2022-08-18,95.09439849853516,95.14755815433182,93.73009124836908,94.17305007892092,1720700
2022-08-19,91.51531219482422,93.6858081190345,90.8951656743238,93.5352037139622,4138300
2022-08-22,89.47769927978516,90.05354721111183,87.64384967381756,89.19420584945739,3496900
2022-08-23,90.6736831665039,91.8253789807484,89.49541090037958,89.50427197067827,2193600
2022-08-24,91.03692626953124,92.0911639856673,89.69032726208911,90.40792536489052,2128500
2022-08-25,93.41116333007812,93.42887870989868,91.61275150209912,91.95825886023223,1924200
2022-08-26,87.30720520019531,93.5794983248936,87.18317724421931,93.0302335938618,5078400
2022-08-29,85.21642303466797,86.6427510273444,84.95950609869978,86.15549360412619,3380100
2022-08-30,84.71146392822266,86.93511277802851,83.55090699410334,85.93402808003285,3336700
2022-08-31,83.22313690185547,86.12894678425998,83.0813867812417,85.82773115746461,3898100
2022-09-01,83.40918731689453,83.55093069285192,80.70713451032881,82.39038018856556,3770900
2022-09-02,83.11680603027344,85.88972625446719,82.31947867473355,85.49992702654924,3628100
2022-09-06,83.35601043701172,84.41025488155086,81.7702233730475,83.79011506653787,2291400
2022-09-07,85.34931945800781,85.6682504136434,82.93076759662387,83.07251093300826,2067000
2022-09-08,85.84542846679688,86.13778293672071,83.93184294622175,84.19762096597356,2607600
2022-09-09,88.29942321777344,88.62721522853285,86.17321920101735,86.43013616744776,2309800
2022-09-12,89.31822204589844,90.7179736309633,88.59176980386735,89.03472865288668,2292700
2022-09-13,83.60406494140625,85.73912331762232,82.93962659361436,85.72140793564841,5168500
2022-09-14,84.4811019897461,85.0569497755032,83.18766311840783,84.14445573852593,2670500
2022-09-15,83.89641571044922,84.95952116075749,81.96511457269001,83.94071430550997,2471100
2022-09-16,81.66389465332031,82.12456888784915,80.36159454016862,82.12456888784915,5800300
2022-09-19,84.29508972167969,84.29508972167969,80.21100765300109,80.51221649533346,3103900
2022-09-20,80.56535339355469,83.91412103491774,79.30734519152217,83.27625924436948,4239000
2022-09-21,78.6429214477539,83.27627459323861,78.60749068309559,81.44242498691837,3698200
2022-09-22,75.65737915039062,78.62520233752494,74.5145444123745,77.98734045965398,7492800
2022-09-23,73.97412872314453,74.56769196618444,72.84015513673525,74.17789277024107,6475200
2022-09-26,73.67294311523438,75.27645251038545,73.29199811009144,73.59320698163718,4251900
2022-09-27,72.60095977783203,76.3395339120101,72.49465396940145,75.29415065533954,6076900
2022-09-28,76.19779205322266,76.49900086161698,72.3440509657859,73.18567017419726,6560900
2022-09-29,74.82462310791016,75.42704753485283,73.72608683255012,74.7271716006829,4411800
2022-09-30,74.15131378173828,75.83455887693643,73.53117405356765,74.90434928468048,4828400
2022-10-03,76.6230239868164,77.07484392996481,74.7537370013569,75.3738834791915,3177500
2022-10-04,82.85102844238281,82.86875058316684,78.6074881918108,78.75809259339346,5885600
2022-10-05,81.53987884521484,82.13344217614588,79.92750864597402,80.76912789078568,3505100
2022-10-06,81.15892028808594,82.74471376752042,80.80455185955599,81.17663566795542,2753000
2022-10-07,76.52556610107422,79.70601405936272,76.02059329821694,79.27191629245411,4453500
2022-10-10,75.74596405029297,77.88102897135977,75.40931775442621,77.21659069021685,2798800
2022-10-11,73.92097473144531,75.82569237100181,72.69840398495847,75.23212913673056,5430400
2022-10-12,75.78141784667969,76.3927033595133,73.55776202898127,74.00072097821905,3774800
2022-10-13,76.46355438232422,76.94195075051898,70.47475560792087,71.91879902299746,5388700
2022-10-14,74.52339935302734,78.31512602737021,74.319635308072,76.95081195836556,2900300
2022-10-17,78.16452026367188,78.33284002756675,76.30408771933624,76.33067092743963,3717200
2022-10-18,79.83891296386719,82.50552062175596,78.58976564665682,80.67167108299115,4703800
2022-10-19,77.73043823242188,79.77691327177952,76.94197180583984,79.61744777207655,4109900
2022-10-20,74.45252990722656,78.26197224774049,73.48687602705984,77.99620097320204,7805500
2022-10-21,75.6839599609375,75.92315479940676,73.17681089730878,74.59427806364806,5198100
2022-10-24,76.4281234741211,76.77363762466076,73.34513340221704,75.76368514288119,4166700
2022-10-25,81.10578155517578,81.15007339209316,76.41927533584908,76.45471286079307,5260100
2022-10-26,82.16000366210938,83.37371331564661,79.87434118702504,80.1844110228877,4396000
2022-10-27,82.78901672363281,84.39253255746658,82.10686298321833,83.27627422322638,4348600
2022-10-28,83.35257720947266,84.42601397650314,79.06776373193117,80.97311638207087,5431800
2022-10-31,81.5277328491211,83.25418172264352,81.5187856086561,82.49383007699521,3515400
2022-11-01,83.13789367675781,84.49758074347542,81.25936904184945,83.52254311417542,3675500
2022-11-02,82.610107421875,85.47261663981656,81.2056911188462,82.38647420913318,6420800
2022-11-03,78.74571990966797,81.02678123952163,78.2805658647209,80.88365271815728,4766000
2022-11-04,80.54375457763672,82.06445799378182,79.45242319263465,80.29328642201239,3411500
2022-11-07,82.4580307006836,83.5493617679277,80.40954984613813,81.25041283068558,2870600
2022-11-08,83.14681243896484,84.2739255614342,81.28618959401872,82.53852992482584,2988900
2022-11-09,80.49900817871094,82.78901688476047,80.24854007603614,82.0107708588118,2461300
2022-11-10,92.60204315185548,92.65571976688264,85.78570679616851,85.78570679616851,9664700
2022-11-11,97.29833221435548,98.38966335104222,92.73621617921287,92.85250981411008,8565500
2022-11-14,90.71459197998048,96.01916595297958,90.71459197998048,95.22303215375996,5384400
2022-11-15,87.31535339355469,96.08177818990288,86.06300601911293,94.29271246205585,7166200
2022-11-16,84.12186431884766,86.98436651450967,83.04842087691671,86.76073331720035,4457500
2022-11-17,80.96416473388672,82.67271881392129,80.01595533566041,82.67271881392129,5243100
2022-11-18,82.01077270507812,82.99475748405706,80.4811223366688,82.32385784046996,3176000
2022-11-21,80.373779296875,82.01077613360205,79.83706092451621,80.56163038596335,2953300
2022-11-22,78.54000091552734,79.1125014952744,76.12475769652076,77.03718518750499,6872200
2022-11-23,79.18405151367188,80.23960063810246,77.23396946429145,78.33424796486737,4510700
2022-11-25,80.50794982910156,80.8389294130844,78.75466640734813,78.96040512394393,1452100
2022-11-28,78.80834197998047,80.49900850462429,78.4505274783918,78.94252327116921,3608700
2022-11-29,78.90673828125,79.68498428216851,78.30740293701928,79.16615361488951,3420800
2022-11-30,81.87659454345703,81.87659454345703,77.2071317535096,79.34506482021054,6910900
2022-12-01,76.0710678100586,79.18403803722614,73.70950183608892,78.63837932463822,15508100
2022-12-02,76.17842102050781,76.44677678150202,71.95622486332265,73.26224200944449,13587600
2022-12-05,73.32486724853516,75.99057162658774,72.07251974940044,74.53248537012246,8933600
2022-12-06,70.42658996582031,73.70952461841817,70.33713120110461,73.18174657052685,11687800
2022-12-07,69.45152282714844,71.02590239310884,69.01320368639145,69.77355516620268,9357600
2022-12-08,70.71282958984375,71.92044765893567,69.80040219560043,69.96141839312898,7577900
2022-12-09,70.20294952392578,71.47318468593444,69.8004055981096,70.29240145474775,4589000
2022-12-12,73.77212524414062,73.7989601376862,69.14739204678419,69.46942441881907,7352500
2022-12-13,74.63982391357422,78.85307285906659,72.85969861095195,78.33424216308389,12645000
2022-12-14,72.0993423461914,75.45384034764024,71.45527763795425,74.2372751931353,5051700
2022-12-15,69.23684692382812,71.9383332437806,68.8343030292206,70.93646077665645,6910200
2022-12-16,67.43882751464844,68.96847778977222,65.98074150174818,68.46754160369483,13108300
2022-12-19,65.73027038574219,67.83242101248798,65.15776313902745,67.02734016135845,4880600
2022-12-20,65.38140106201172,66.63374838499912,64.6210495238656,64.98781125888254,6076000
2022-12-21,67.84137725830078,67.8682189802219,66.0880934537603,66.28489179937876,4386200
2022-12-22,66.49957275390625,67.05418561084743,65.30984917935055,66.64270129430827,3546100
2022-12-23,67.00946807861328,67.9576708431784,66.05231124867194,66.49063731791937,2977100
2022-12-27,65.9091796875,67.36726575455597,65.60503497412537,66.776877631143,2773000
2022-12-28,64.54949188232422,66.49956688769396,64.15589525568394,65.69449280555718,3885800
2022-12-29,66.86634826660156,66.90213040905822,64.93415352241774,64.98783014847564,3148800
2022-12-30,66.36539459228516,66.86633080638141,65.36351533934857,65.8197290056114,3908400
2023-01-03,68.10078430175781,69.746728316091,66.23121389675214,68.70012650587985,9366800
2023-01-04,69.78250885009766,70.05981184694029,67.85031463730726,69.04899219333329,4175700
2023-01-05,68.51226806640625,69.55887669322313,68.18129527799954,69.02215834534559,3821100
2023-01-06,70.8648910522461,71.35688000812132,68.27074451076575,69.39785777425601,4854300
2023-01-09,72.0814437866211,73.24433215632365,71.23163365999035,71.94726252191703,4242900
2023-01-10,72.03672790527344,72.77919179414582,71.31215849490664,71.57157383528653,3490500
2023-01-11,74.30884552001953,74.61299024584117,72.96704620992546,73.9599782453746,5295400
2023-01-12,76.08895874023438,76.08895874023438,73.58427096360604,74.943957833805,4607800
2023-01-13,76.0710678100586,76.79563717203418,74.55930524026415,74.92606695295129,3684400
2023-01-17,76.82247161865234,77.47548354183705,76.04423247873618,76.24103077955193,2937100
2023-01-18,75.13182067871094,78.4237022129208,75.07815088554418,77.13557940370464,4980300
2023-01-19,72.02777862548828,73.90630298021107,71.63418883118626,73.48587146891109,5603600
2023-01-20,76.04423522949219,76.06212288260276,72.36770487596891,73.10122149888814,4188500
2023-01-23,78.56681060791016,79.03196462044374,76.39309582055141,76.39309582055141,5309200
2023-01-24,78.91567993164062,80.7226330753888,78.05692931458516,79.61341438145173,4567100
2023-01-25,79.4881820678711,79.63130376144773,76.56305610358191,77.4754833460136,3663600
2023-01-26,83.9161148071289,83.94294969757838,80.62423402537623,80.85681445051041,6988700
2023-01-27,85.74991607666016,86.05405395747448,83.14682231263083,83.72827000654831,4799800
2023-01-30,84.89117431640625,86.73390992258288,84.56019468360742,84.56019468360742,5402400
2023-01-31,85.83937072753906,85.91988223221237,84.19343357359567,84.32760804014455,2676000
2023-02-01,86.95753479003906,87.91468463639546,83.12893540461349,84.84643678456712,6406500
2023-02-02,89.48011779785156,91.27813069516912,88.82711265450207,89.22964969767675,8783200
2023-02-03,87.68365478515625,90.29258833788865,85.95038533808017,86.49203117936638,4966000
2023-02-06,86.4107894897461,86.51009203324394,84.70460126041147,86.2573244270315,3886700
2023-02-07,87.30450439453125,88.19822038735789,85.25527542362558,85.95941571417994,2684100
2023-02-08,85.41777038574219,87.64754569024855,85.31846784289122,86.40175954457366,2390200
2023-02-09,82.93521118164062,86.62743606325701,82.07759903497333,85.95037710465645,4294300
2023-02-10,84.07267761230469,84.09976576004027,81.09362188967341,81.716511539574,3119600
2023-02-13,87.06077575683594,87.1691008058292,84.17198610625765,84.17198610625765,4705100
2023-02-14,87.35867309570312,88.4329423720093,85.43582779022674,85.67054353282329,3909800
2023-02-15,87.23228454589844,88.01767551456963,86.46495234196952,86.6635574297301,3884400
2023-02-16,85.25526428222656,86.63646342356891,83.88308763452717,85.45386934076724,2767500
2023-02-17,84.42474365234375,84.89417509991098,82.98938182542976,84.36155175217898,4751100
2023-02-21,81.90608215332031,83.14283877699823,81.28318570715268,82.60119298734806,3132600
2023-02-22,82.05953979492188,82.8900637232887,80.99430018683425,81.79774286127162,2566000
2023-02-23,82.1678695678711,83.40463303898194,80.76861856377599,82.95326041429327,3008700
2023-02-24,80.39849853515625,80.75056867008672,79.2610443549503,80.72348741161521,3455800
2023-02-27,81.18389892578125,82.3484413875287,80.66030490966511,81.93317930531973,2388700
2023-02-28,81.96928405761719,82.61925495213353,80.71446851818311,81.35541691774003,2755700
2023-03-01,81.0484619140625,82.65534724746026,80.83180499731428,81.96926586319104,3143600
2023-03-02,80.39849853515625,80.81376056898705,78.19580456820157,79.0804911528062,4109000
2023-03-03,82.34844970703125,82.3935828518347,78.85482196883457,80.8589181804791,3717800
2023-03-06,82.61924743652344,83.57616214503199,81.69845025417006,82.14982290750801,3156100
2023-03-07,80.76863861083984,82.82689718830338,80.67836544097592,82.20400060765996,3298700
2023-03-08,82.6102294921875,82.97132901222564,81.06653575923994,81.15680891739936,2224600
2023-03-09,76.72433471679688,82.77273343122732,76.48059647305385,81.85192920508419,7183300
2023-03-10,72.41824340820312,76.8507201274716,71.43424725490475,75.82159083267601,13967500
2023-03-13,75.3611831665039,76.11045655585689,68.78016888539454,69.86346052625687,12797800
2023-03-14,77.82566833496094,79.43255380190608,76.93195245262399,78.36731411554698,9053100
2023-03-15,78.24092864990234,78.73744128909645,75.3611760047754,76.24586248701264,7441000
2023-03-16,78.7735595703125,80.54293959390476,76.94098764899908,77.18472585809484,6025200
2023-03-17,76.6340560913086,80.03741009010099,74.75634401524387,79.42354294551834,33987900
2023-03-20,74.51260375976562,76.74238592844704,73.30292138099975,76.37225702033041,6972100
2023-03-21,78.4305191040039,78.57496167622425,76.13754492551293,76.34517940122943,4269100
2023-03-22,75.81256103515625,79.23396000922587,75.59589718219189,78.43051716150177,4297400
2023-03-23,76.23684692382812,78.90897939148114,75.16258457211853,76.76947029580927,4767600
2023-03-24,75.77644348144531,75.84865787177935,72.93279437911356,74.08830727325977,5206400
2023-03-27,76.00212860107422,77.64512476271723,74.79244632415023,77.63609538129391,3793200
2023-03-28,75.523681640625,76.56183331555835,74.3410805118373,76.03824623066524,3021500
2023-03-29,76.8958511352539,77.20278125607219,75.61395435877647,76.73335669264405,2743200
2023-03-30,77.41041564941406,78.56592862359615,76.50767027740923,77.67221263378353,3645500
2023-03-31,79.29714965820312,79.69435982328501,77.82567719081426,78.47565495643897,3538200
2023-04-03,76.6972427368164,78.62008781843797,74.81050829503661,78.195803296948,5448400
2023-04-04,73.30293273925781,77.0132173405115,73.09530512866986,77.0132173405115,6002900
2023-04-05,73.49250030517578,73.61888409984022,71.57867773434265,72.48142306046012,4717200
2023-04-06,74.19664764404297,74.51260716088115,73.17654092016424,73.33903536988115,2998300
2023-04-10,73.65499114990234,74.63898718087731,73.1314040717346,73.63693927302782,2890700
2023-04-11,75.28897094726562,76.29101893497788,73.94388217239285,74.01609657304694,3550200
2023-04-12,74.5758056640625,76.79655874845864,74.42234058335987,76.38129664852129,3491900
2023-04-13,76.11046600341797,76.60697875142863,74.33205638087216,75.83964650328582,3614500
2023-04-14,77.0222396850586,77.09446097231573,75.26188885442265,76.11046487379025,2865600
2023-04-17,78.74649047851562,78.76454235748194,76.24588166649664,76.8146088338541,3654700
2023-04-18,82.6012191772461,83.7296511332194,81.20196079687837,81.69847361246745,10293200
2023-04-19,83.54907989501953,84.17196946579217,81.4998442162718,81.71650115882748,6248000
2023-04-20,82.9984130859375,85.67956798735003,81.9692838957348,82.54704039243103,5709700
2023-04-21,80.75057983398438,82.9623103760721,80.57906287748551,82.7185652413295,4892800
2023-04-24,80.00131225585938,80.95822032454907,79.44160754144362,80.75058581983619,3518000
2023-04-25,78.02428436279297,80.01935084896166,77.72637673100378,80.01935084896166,3752200
2023-04-26,77.01319885253906,79.03535327069314,76.77849003494975,77.95205478509631,2912100
2023-04-27,78.66523742675781,78.92703443196464,77.10349166582884,77.56388688326737,3140600
2023-04-28,81.4083023071289,82.3469617751938,78.44650921326387,78.47384772937029,4964000
2023-05-01,80.87974548339844,83.26740920519403,80.6974840493558,82.00978167068449,4958800
2023-05-02,77.1524429321289,78.98419322476394,75.84925356093142,78.9750850203588,6351000
2023-05-03,75.6669921875,78.18224044897183,75.53029262765824,77.32559636326997,4083700
2023-05-04,73.552734375,74.8923776725317,72.83278978133232,74.72833957583742,5669200
2023-05-05,74.8741455078125,75.85836701947717,73.92637072194836,74.72833079329727,3865200
2023-05-08,73.971923828125,75.69431996019446,73.94458531060444,75.29334344851391,3139100
2023-05-09,74.39112854003906,75.42092568957476,72.95124668651744,73.18818513351617,3400500
2023-05-10,75.25688934326172,76.61475567735076,73.88990785244222,75.77634203166004,2879200
2023-05-11,75.89482116699219,75.92215968792563,74.24533217761056,74.85591565455171,3102800
2023-05-12,75.51205444335938,76.68765930273364,74.92880959181622,76.1590914832642,2598400
2023-05-15,75.75811004638672,76.0679627929383,74.63718914223429,75.26599588621227,2010400
2023-05-16,73.27021026611328,75.83102006782899,73.16084924238561,75.64875864777704,3545300
2023-05-17,76.29579162597656,77.13420523766645,73.65295946033683,73.81699751069591,3569000
2023-05-18,75.8310317993164,76.5327529760144,74.92882581067614,76.13176944647269,3055900
2023-05-19,75.71255493164062,76.8972681316561,74.41848070198752,76.66032966334974,3150100
2023-05-22,77.47140502929688,77.77213569406224,74.91058813031357,75.14753355200776,3183800
2023-05-23,76.3049087524414,78.20045110763161,75.94037896969537,77.07953019525965,2788800
2023-05-24,75.78546905517578,76.16822226385966,73.8716891060994,75.5576387710313,2593100
2023-05-25,76.12263488769531,76.7241100287167,74.67363797076946,76.27755777450622,2717900
2023-05-26,78.10021209716797,78.42828823514668,75.53028698488664,75.91304711441376,3153900
2023-05-30,78.73812866210938,79.22112763592928,77.52607017316295,78.9021667053715,3666400
2023-05-31,78.04552459716797,78.83837631648008,75.22043107909812,78.26423967556107,13707800
2023-06-01,79.4124984741211,80.17801160514611,76.651197405463,78.43738544075295,4653800
2023-06-02,81.10757446289062,83.01223214381908,80.60634509800002,80.87974419754542,8034000
2023-06-05,77.93616485595703,79.00241565531593,76.03150740118623,77.60809570941633,5631300
2023-06-06,79.64945983886719,79.9684208105088,77.55341867751764,77.94528700062811,3778100
2023-06-07,79.5583267211914,80.49698624629069,79.17556661396317,80.10511793502495,2876400
2023-06-08,80.79772186279297,80.92530624445942,78.52852760423828,79.26670232996825,2963500
2023-06-09,80.3694076538086,81.49944383755128,79.84083976278308,80.97087594652577,2548400
2023-06-12,81.91864013671875,82.00977084170673,80.04132119322352,80.81594261486195,2896300
2023-06-13,82.62947845458984,83.73217609768686,81.72727255620644,82.11914088828455,3032700
2023-06-14,82.28317260742188,83.85064581478733,81.59968186836095,82.93020967272695,3023700
2023-06-15,84.43389892578125,84.90778282518033,82.00067332604091,82.01889668828287,3218300
2023-06-16,83.04869079589844,84.57060234372834,82.93933671179143,84.54325686987325,5653100
2023-06-20,82.58390808105469,82.83907683796727,81.1986963252047,82.2193783056822,2859400
2023-06-21,81.22604370117188,82.51100973512871,81.1895900243758,82.34697166596035,2163500
2023-06-22,81.23516082763672,81.49032961856635,79.64946408912546,80.77950028588295,2344400
2023-06-23,80.05044555664062,81.06201257771593,79.9228611533364,80.22359879805144,2867700
2023-06-26,80.9070816040039,83.26740673598285,79.82260733097348,79.82260733097348,2064800
2023-06-27,83.23094940185547,83.86887132688041,80.90707804829917,81.86396788866412,3022500
2023-06-28,83.1944808959961,83.39497259464136,82.18291420034137,82.87551999034511,2200000
2023-06-29,84.57970428466797,84.70728867522917,83.19449935022025,83.42232961234065,2761300
2023-06-30,84.72551727294922,85.80087636648005,84.71640211585732,84.95334753045297,3532800
2023-07-03,86.3567886352539,86.87624137964418,84.82576892239388,84.9442381613502,1975500
2023-07-05,84.67084503173828,85.7826509109531,84.20606933331436,85.65506651575095,2519000
2023-07-06,83.8597640991211,83.96000997579311,81.53589947866594,83.1945035933829,3347700
2023-07-07,83.759521484375,84.64349706715927,83.04868522125263,83.12159257431561,1922400
2023-07-10,85.09004974365234,85.63684098824132,83.44966905705752,83.44966905705752,1984500
2023-07-11,89.73778533935547,90.09319999434578,85.25408742037942,85.48191768397976,7890200
2023-07-12,89.47350311279297,91.5330906819761,89.19099580542303,90.76757736614772,5033300
2023-07-13,93.62911987304688,93.64735018707415,90.32102706551376,90.39393441596764,5279700
2023-07-14,94.80472564697266,95.56112377061932,94.0847811988686,94.32172661348164,7980500
2023-07-17,95.13279724121094,97.365530877397,94.30349875882057,95.36062748787596,6714700
2023-07-18,97.40196990966795,97.91231431340482,94.59510697683363,94.7591450078872,6503100
2023-07-19,98.5775909423828,99.12438215204509,95.86185825483496,95.90742013315749,6390100
2023-07-20,97.97612762451172,98.860110151785,95.2786181620782,95.50644842362996,6547900
2023-07-21,95.58846282958984,98.1401645093794,95.12368715482816,97.76651954757568,4490800
2023-07-24,95.8071746826172,96.9007640595145,95.00521470182116,95.9256508629902,3026100
2023-07-25,95.14192199707033,96.35398070029552,95.08723800443086,95.68871325366852,2228600
2023-07-26,95.4244155883789,96.02589075114888,93.73847322589276,94.7318097214148,3588500
2023-07-27,94.12123107910156,97.14681649885792,94.011877009711,96.06234924471288,3388300
2023-07-28,96.47219848632812,96.96809889534974,95.0028400673508,95.03039631800328,3679400
2023-07-31,96.2334442138672,96.6834316332393,95.56304878766583,96.40793213433496,2631400
2023-08-01,97.41810607910156,97.87727889394678,95.60896406758404,95.8752851409648,4241900
2023-08-02,94.48857879638672,95.93956653472532,94.16715923572208,95.32427666053572,3613700
2023-08-03,94.23143005371094,94.552849569712,92.69779478706306,93.55185636182011,4667200
2023-08-04,94.34162902832033,95.9487335294847,93.88245631370192,94.75488166890904,2972100
2023-08-07,95.44365692138672,95.67324331761768,94.58959524715075,94.76408315034094,2093300
2023-08-08,95.29671478271484,95.74670914750833,93.36819052612448,94.15796826081528,2632000
2023-08-09,91.91719818115234,95.09467979233162,91.80700120472264,94.96611198221686,4689800
2023-08-10,92.01821899414062,94.00184869535504,91.28354677646222,92.79881829715318,4317600
2023-08-11,90.33765411376952,91.9447588233868,90.13561697210464,90.56724050085772,3713000
2023-08-14,90.03460693359375,90.95295256897546,89.30911304087165,90.08970542966188,4290600
2023-08-15,89.51115417480469,89.84175917873033,88.62035774791737,89.06116675529204,2015400
2023-08-16,88.98767852783203,90.07132647588374,88.92339462440609,89.29991262835236,2108100
2023-08-17,88.89585876464844,89.89685212675919,88.32648195828222,89.18054366462103,1649800
2023-08-18,90.65907287597656,91.02641249344764,87.40812882195124,87.88566542016933,3063600
2023-08-21,90.72335052490234,91.71516532172669,90.32846168948636,91.14578860360456,2283000
2023-08-22,90.23663330078124,91.22844114347866,89.94276301286713,91.09987333041752,1972600
2023-08-23,91.5590591430664,91.72436164147987,90.0070597480736,90.61316423797544,1796600
2023-08-24,90.9345703125,92.80799601417188,90.51213221404755,91.83455200497367,2135900
2023-08-25,91.5223159790039,91.97230331262872,90.27336553731776,91.32945725817314,1742800
2023-08-28,92.64270782470705,93.27636857329878,92.02741791294422,92.1743565818901,2251600
2023-08-29,95.78345489501952,96.05895438846044,92.56924509325944,92.56924509325944,3323600
2023-08-30,96.32527160644533,96.68342583804828,95.15897575083947,95.9120188796484,2919300
2023-08-31,97.6844253540039,98.29971523302726,96.63751191594535,96.88546214857143,3984800
2023-09-01,95.95792388916016,98.59357812160886,95.66405359546438,98.44663947155074,4593600
2023-09-05,99.40171813964844,100.15476119349348,98.66704591998663,99.54865678743302,17225500
2023-09-06,99.08948516845705,99.98945987407224,98.32725668870712,98.43746067581976,7986500
2023-09-07,100.45783233642578,101.28434484116784,97.65687523880588,98.0425857452998,10221200
2023-09-08,103.47000122070312,103.61693988567896,100.70578589845184,100.8251683089288,11234900
2023-09-11,104.2322235107422,105.57300721909668,103.71795222710506,103.79141454875268,7250300
2023-09-12,103.3506088256836,104.91179345491166,103.28632491757232,104.1587503857138,5232600
2023-09-13,103.54345703125,104.44343872064366,102.87306172108306,103.70875950455004,6834900
2023-09-14,103.50672149658205,104.59955489453614,102.9097955143444,104.58118406075764,6855300
2023-09-15,104.4985580444336,105.78424342572607,103.68123093194214,104.59039121314984,117475900
2023-09-18,105.03118896484376,105.81178132482697,103.7914167976941,104.27814585187792,8648200
2023-09-19,105.7199478149414,106.08728044918146,104.3056947525704,104.80160221649952,5627400
2023-09-20,104.89342498779295,107.2443872449411,104.3699683287742,106.1331900216353,5846500
2023-09-21,102.05574035644533,104.05773397311616,101.57820374434596,103.77304908935042,5835800
2023-09-22,102.10165405273438,103.03836338984048,101.40370950353716,102.44144441364809,3506100
2023-09-25,101.29352569580078,102.17513665899672,100.33844540073322,101.93636483362457,4804200
2023-09-26,97.28952026367188,100.88943278493214,96.7476927989936,100.52209319968888,5611100
2023-09-27,97.84972381591795,98.50174833337816,96.49056928213317,97.62013742217478,4350200
2023-09-28,99.39254760742188,100.41190477994115,97.10586201335552,97.34463383172177,3957600
2023-09-29,98.39154052734376,100.81597219076087,98.07012098984912,100.2006823609254,5117300
2023-10-02,98.40990447998048,99.28232987880344,97.57420673451388,97.91399708262996,2827000
2023-10-03,94.79163360595705,97.55585581363395,94.07532516160708,97.21606542056654,4536700
2023-10-04,95.72834777832033,96.09568743647375,94.04778057802376,95.03958854669052,3331200
2023-10-05,95.68242645263672,95.9211912543979,94.29572269068558,95.28753758028324,3250500
2023-10-06,96.54566955566406,97.30789807849412,93.57941721737578,94.35082415150198,3259400
2023-10-09,96.25180053710938,96.72015875706366,94.63551731829072,94.80999821872784,2354100
2023-10-10,96.69261932373048,98.06095245111096,96.42629823070364,96.53650223670768,2829600
2023-10-11,98.51092529296876,98.59358003683715,96.7752527423586,97.42727725021136,2442600
2023-10-12,96.29771423339844,98.81397906030664,95.59976965867496,98.77724439780326,2724400
2023-10-13,95.32427978515624,96.7568967347473,93.97431057969337,96.5273103258297,3470100
2023-10-16,96.00384521484376,97.67523384563354,95.22325289393576,96.42628332961256,3723800
2023-10-17,96.72933197021484,97.51910965071572,94.80080784594854,94.95692489742846,2918200
2023-10-18,93.94674682617188,95.65487000529646,93.3222716100788,95.61813534477098,5189400
2023-10-19,86.52651977539062,90.6039763034288,86.47142128385084,89.39175343818883,10102500
2023-10-20,86.71018981933594,87.15099878990124,84.7449307970083,85.56225782001275,5854700
2023-10-23,85.1673583984375,87.09588251749524,84.76329114901722,86.59998212077127,5017000
2023-10-24,87.3989486694336,87.6009858215339,85.49797356641295,86.03980111126567,3570700
2023-10-25,84.4051513671875,86.96732954417043,84.1480087018878,86.93060188412026,3506600
2023-10-26,84.7633056640625,86.50815678088478,84.09291026174756,84.44187908382777,3006700
2023-10-27,83.012451171875,85.21722077842418,82.06754486358304,85.21722077842418,3367700
2023-10-30,85.5785140991211,86.0972888696417,83.78135152813148,83.94809929942741,4067900
2023-10-31,85.55072021484375,85.81010405484281,84.42980743903092,85.64335629088919,2809700
2023-11-01,87.7740249633789,87.91298261696244,85.00416589071446,85.89348497889729,3922800
2023-11-02,90.9700164794922,91.16456143687512,89.56192967739784,90.07143872258193,4178300
2023-11-03,93.4712142944336,94.0733592993725,92.1464981106394,92.25765855804576,4573300
2023-11-06,91.09043884277344,93.66575974252908,90.28449019531244,93.00803446053732,3150900
2023-11-07,91.64627838134766,93.44344813023233,91.0163431031176,91.2294124613826,3006600
2023-11-08,91.85933685302734,92.32252429484129,91.14602423473336,91.55363144518708,2064200
2023-11-09,89.71940612792969,92.63748842691336,89.11726103961885,92.48926505294412,2995500
2023-11-10,91.37760925292967,91.4424552059006,89.07093799133153,90.67356242947496,2407400
2023-11-13,90.53461456298828,91.0348507478586,89.79351187750505,90.57166333635134,2722500
2023-11-14,95.03678131103516,96.3892946527984,93.36004529105296,93.36931101741528,4280900
2023-11-15,96.60237121582033,96.92660100981536,95.03679540922776,95.03679540922776,3075300
2023-11-16,96.0650634765625,96.83395625315272,95.22206608776024,96.37076885535316,2719200
2023-11-17,97.23230743408205,97.6399146466176,95.4814594604971,96.50047042415656,2906800
2023-11-20,98.6125946044922,98.96462155170514,96.70426477869972,96.9636485917963,2780800
2023-11-21,97.99192810058594,98.9553587690957,97.70475416578134,98.1957316934198,2208400
2023-11-22,98.91831970214844,99.53898924544532,98.2328041926516,99.06654309213708,1906200
2023-11-24,99.12210845947266,99.16843002881512,98.24205518339949,98.8441931787763,975200
2023-11-27,98.89051055908205,99.224006054719,97.74180777837628,98.68670697089512,2422100
2023-11-28,99.71499633789062,99.97438018600022,98.19574202666604,98.89052322025093,2295100
2023-11-29,103.17035675048828,104.37463966502143,100.60429477740512,100.8822100248934,4454000
2023-11-30,104.09674835205078,104.23569893063082,102.6145428821886,103.06847166448163,4248600
2023-12-01,105.86612701416016,106.00508466869849,103.93926544268442,104.21718075176108,3943800
2023-12-04,107.03335571289062,107.24641797983772,104.27275542899866,104.44876891987808,4724500
2023-12-05,106.79248809814452,107.47800348586202,106.13476282419306,106.64427180216624,2710100
2023-12-06,103.85588836669922,108.65451052801362,102.87393325551425,107.45948608464047,6180000
2023-12-07,105.4770278930664,106.0513827731336,103.85587210680792,104.24494779926717,2651700
2023-12-08,104.28201293945312,106.19034280214204,103.4760643037386,104.91194809815804,3436300
2023-12-11,104.67108917236328,104.93047299172818,104.05968546495733,104.35612512532848,3566800
2023-12-12,104.8749008178711,104.90269093384018,103.83735839305498,104.79153046996386,2392200
2023-12-13,110.93338775634766,111.15571574033297,104.16158989692858,104.86562969082856,4983600
2023-12-14,119.0113754272461,119.18738890643526,111.78564893307666,112.0913543229276,7687300
2023-12-15,119.8451156616211,120.80855346837322,117.68666752736922,118.28881262274952,7990000
2023-12-18,116.68618774414062,120.18789098869864,116.6213417804088,119.96555591217812,4605500
2023-12-19,118.8446273803711,119.78953371781736,115.83391608185076,116.31562791066378,5025500
2023-12-20,116.81586456298828,120.00258916980746,116.67690692505532,118.41849612748068,5627300
2023-12-21,119.6320571899414,119.69691021963192,117.41802168570035,118.02016680018863,3810900
2023-12-22,121.06792449951172,122.35558490211804,119.72468387073437,120.18787126930296,3342700
2023-12-26,121.69786834716795,122.29074772875146,120.74370331329705,121.04940873221096,2485000
2023-12-27,122.84656524658205,123.60618524736516,120.96602549585744,121.41995424565089,3561200
2023-12-28,123.32828521728516,123.6988294938682,122.31852591318392,122.7446645530767,2087900
2023-12-29,121.28099822998048,123.4301947478342,120.6881188690827,123.08742642839093,2049000
2024-01-02,118.82611846923828,120.19714943358574,117.4365489803608,119.687640385408,4500900
2024-01-03,113.34195709228516,116.21371760247676,112.62865159520256,115.84317333097766,5391000
2024-01-04,113.85147857666016,115.04650306628236,112.6471883589287,113.24933346779444,3215700
2024-01-05,113.2122573852539,114.75930152200132,112.07282040029276,112.55453216066692,2747600
2024-01-08,113.33269500732422,113.87925984040432,112.29515970549755,113.5550300585835,4273200
2024-01-09,112.0913543701172,112.74907965094432,110.8129596497646,111.66522279666631,5883400
2024-01-10,112.58234405517578,113.06406297643304,111.21131311736936,111.93388443157542,4049300
2024-01-11,111.0908660888672,112.53601560590263,109.84026150248722,111.8875489949686,3875100
2024-01-12,110.5535659790039,112.36926681870644,109.75689014793949,111.60963976033248,2044800
2024-01-16,109.5438232421875,110.04406649665808,108.02456909202309,109.6457250385248,3007900
2024-01-17,108.3673324584961,108.53408021327344,106.42193963020073,107.36684592983204,3286500
2024-01-18,108.46923828125,109.50678075792824,107.11673171760582,109.13622936856602,2334800
2024-01-19,110.3127212524414,110.4702032841506,107.7651903590962,108.77493557524512,4079300
2024-01-22,112.06356811523438,113.22153669199314,110.79443201074224,110.79443201074224,2973100
2024-01-23,110.2200927734375,112.67498069475752,109.63647204161587,112.17473738220176,2637400
2024-01-24,111.74859619140624,112.17472777649748,110.40535547900296,112.00798708760372,3753500
2024-01-25,114.39802551269533,115.9913913474322,111.08160900041536,115.88022382372532,6069800
2024-01-26,115.39851379394533,116.29709852158184,114.17569928512016,114.7315227768263,3715600
2024-01-29,118.4185028076172,118.47408303885408,115.39851871474156,115.58379086398423,4298900
2024-01-30,117.83487701416016,118.79831476514067,116.73249575877423,118.08500217927065,2495700
2024-01-31,115.287353515625,117.91826190767864,115.1761930509036,116.67691586607936,3154600
2024-02-01,115.14839935302734,116.5379616602593,112.32295316791726,115.82464905131312,5190200
2024-02-02,116.08182525634766,116.61388222519628,112.53477404966712,114.130944956213,3320400
2024-02-05,113.17884063720705,115.03637178023348,111.94670838894582,114.81234967733168,3604900
2024-02-06,115.3350830078125,115.42843208905371,113.03883661567212,113.54289174392756,3066100
2024-02-07,117.69666290283205,118.15405058642683,115.6244458756976,116.18450472415378,2731300
2024-02-08,119.33016204833984,119.98356279661824,116.67921373071437,117.37928901309864,3436000
2024-02-09,119.18083190917967,120.08625674378509,117.60332645480996,119.5728795308368,3181400
2024-02-12,121.42108154296876,122.55052856837816,118.63944543052082,118.84480202478994,3981900
2024-02-13,116.63255310058594,117.9300255422228,113.89759171983694,117.7900161662824,6448100
2024-02-14,119.43285369873048,119.75956123098427,117.5753224021841,118.19139213799832,3302800
2024-02-15,121.57975006103516,122.02779428817192,120.33828142226088,120.85167285078695,3542400
2024-02-16,119.37684631347656,121.12236293539245,119.27416802730096,120.31028009941134,3578300
2024-02-20,117.9207000732422,118.64877733737433,117.23929022872602,118.28473870530826,2982300
2024-02-21,117.7900161743164,117.95803454699124,116.77256960602584,117.52865584383,2453300
2024-02-22,118.81678771972656,120.97302461247992,118.3127326196622,119.76888704993618,3162400
2024-02-23,116.78189849853516,119.82488743423816,116.44586177459314,119.4421832951308,3380400
2024-02-26,116.94058227539062,118.01403254170792,116.52986913520864,116.7912365744828,2623800
2024-02-27,118.31273651123048,118.47141855122904,117.14594423794416,117.72467576924672,2968400
2024-02-28,117.9113540649414,118.79811330176388,117.2579532716548,117.77133757451298,1986600
2024-02-29,119.31151580810548,119.82490015864806,117.80868672242524,119.11549555191264,3861500
2024-03-01,119.56352996826172,120.63698736564972,118.05137179603928,119.31150598006953,3673400
2024-03-04,118.17269897460938,119.30215283947786,115.81111297338131,117.31394172353257,5822500
2024-03-05,116.51121520996094,118.2660683194198,115.85781435046437,117.86469147100468,3856300
2024-03-06,115.0923843383789,118.96612870751416,114.056272305123,118.21938597969016,3355600
2024-03-07,116.49254608154295,117.15528325336405,115.0923953215318,116.67923000093045,2913800
2024-03-08,117.6033172607422,119.22749712833192,116.9872546832182,116.9872546832182,3151500
2024-03-11,116.2778549194336,117.7993495378516,115.78313611621022,117.7993495378516,2958900
2024-03-12,115.44709014892578,117.13660301115662,114.85902943151426,116.55787862557102,2888500
2024-03-13,117.70600128173828,117.99537060367513,115.25107294051936,115.74579171728476,3584200
2024-03-14,116.49254608154295,118.8167943491317,115.0177189051628,117.61266384093788,5851200
2024-03-15,116.6512222290039,116.94992075784708,114.9710385533019,114.9710385533019,22840100
2024-03-18,115.2137222290039,118.2473817633024,114.96169826270638,117.46329374970144,3163200
2024-03-19,115.72712707519533,115.85780723907344,113.41220808936102,114.4949947289624,3459200
2024-03-20,119.25550079345705,119.92756712770796,115.15772710105168,115.4750911654312,3151200
2024-03-21,122.89588928222656,124.6694076860275,120.14226260555942,120.3196030514847,4003400
2024-03-22,119.34883880615234,122.55985315710116,119.28349872908232,122.32649472163186,2072600
2024-03-25,120.26360321044922,120.68364555729455,119.39551664317348,119.47952226392874,1792600
2024-03-26,119.36751556396484,121.34639784644406,119.14349343889351,121.11303938904705,1993000
2024-03-27,122.1771469116211,122.26115253349629,120.33828122531752,120.8890037372582,2146400
2024-03-28,122.62520599365234,122.97991543085608,121.73844664371386,122.2891692223727,3132500
2024-04-01,122.30783081054688,123.21326274440206,122.13981956165972,123.02657883128204,2478100
2024-04-02,117.90202331542967,119.60087970147902,116.37119242307752,119.52620328684358,3620900
2024-04-03,118.14471435546876,118.8541260289379,117.0152603256822,117.26728431516572,2101700
2024-04-04,117.62201690673828,120.55299189007584,117.295316440565,119.47954851858304,2445100
2024-04-05,119.08748626708984,119.85289457896847,117.01526208548576,117.61265914953842,1906700
2024-04-08,120.71167755126952,121.28105855110358,118.38742203651267,119.00348470101945,2422400
2024-04-09,123.2132568359375,123.29726245635274,119.94623866225734,121.34638930812028,3258400
2024-04-10,117.68733978271484,120.0115951624657,117.34196669955224,119.53553479041685,3339700
2024-04-11,118.42475128173828,119.65688363901246,116.33385439788188,118.07937820465985,3429000
2024-04-12,115.25106811523438,117.6033180697886,114.50431825454775,117.33262142332806,4002800
2024-04-15,113.10417175292967,117.1459418130998,111.95605216784082,116.51120654470924,3350700
2024-04-16,113.76691436767578,114.68168266846988,111.72269909151564,112.60012206242236,3540100
2024-04-17,114.9897003173828,116.3151744683872,113.8229081869492,115.0737059324377,5150900
2024-04-18,112.31075286865234,115.23239805565204,111.13462430403231,113.06683195656932,5701700
2024-04-19,110.51856994628906,113.6829101475926,110.20119873213238,112.15207919386904,4161300
2024-04-22,113.9629364013672,114.81236463120322,109.92117320517204,111.59202066699086,3290800
2024-04-23,116.03514862060548,117.2579516908922,114.17761742913116,114.43897774292238,3379200
2024-04-24,115.54043579101562,116.50187147527645,114.40164540407318,115.69911782944928,2021500
2024-04-25,115.1483917236328,115.47509212247658,111.42399293374469,113.8042448009218,3620700
2024-04-26,115.11080169677734,115.95658420130042,114.65972247421504,115.50550497873807,2962700
2024-04-29,113.35345458984376,116.3982642595434,112.8835762445912,115.63706363456213,2291600
2024-04-30,109.58502960205078,112.87417805929836,109.46286381190046,111.94382093178524,4329200
2024-05-01,110.41202545166016,113.28768616186058,108.8426333018057,109.51925935126464,4141900
2024-05-02,111.8216552734375,112.66743779448284,109.37828912246492,111.48334226501936,3653000
2024-05-03,110.88189697265624,115.69345411584484,110.65635736009624,114.18044517411204,4437500
2024-05-06,113.90792083740234,114.3965983883469,111.52093770566267,112.00961525660722,3421900
2024-05-07,114.18045043945312,115.67466030000811,113.10912826817116,113.71057204258294,3233900
2024-05-08,112.5828628540039,113.24068971890075,111.5397322755424,112.91177628645234,2919600
2024-05-09,115.61827850341795,116.04117336728244,111.65250364150585,112.35732124483783,5938500
2024-05-10,116.5674285888672,116.83995890781212,112.77081044356096,116.83995890781212,2517800
2024-05-13,114.77249145507812,117.3098390296668,114.6879167874794,117.3098390296668,1826100
2024-05-14,118.38115692138672,118.54091384541027,115.29875598123267,115.29875598123267,2828900
2024-05-15,123.39946746826172,123.4276590260925,118.90743095290829,119.66863169344182,4480200
2024-05-16,120.17609405517578,122.95777325457313,120.07272023612931,122.6382593919024,4167700
2024-05-17,118.09923553466795,120.87151523143888,117.02791335444104,120.85273041988371,3954100
2024-05-20,118.09923553466795,118.52213039724728,117.11249519486704,117.47899977390388,3081900
2024-05-21,120.01632690429688,120.3264411652544,117.4883790952328,118.17440463869104,2960500
2024-05-22,119.04839324951172,120.636577386592,118.08044488016488,120.2888719547541,2617500
2024-05-23,115.69345092773438,120.28886073699542,115.21417299069846,120.05392155586848,3498300
2024-05-24,116.19152069091795,116.64260707278612,115.42092046463156,115.77802543835338,1815000
2024-05-28,113.90792083740234,116.66140854746274,113.28768507785011,116.35128708279892,2927100
2024-05-29,109.13395690917967,112.33853110639328,108.99299912202116,111.83106156329602,4754300
2024-05-30,112.14117431640624,112.26334011237128,109.0681657392958,109.11515644454582,2680200
2024-05-31,113.24068450927734,113.90791091862708,110.7503277728362,112.55465895049537,3636400
2024-06-03,112.02839660644533,114.03947539347898,109.66960525538256,114.00188426468328,4056900
2024-06-04,111.90623474121094,112.59225314891944,110.78792192207314,111.02286110795755,2022600
2024-06-05,114.3777847290039,114.45296698419354,111.92501921919424,112.61104475069432,2800100
2024-06-06,111.99080657958984,115.11079860258415,111.84044923270235,114.14285032833882,3380300
2024-06-07,110.53419494628906,111.90623898349423,109.01178638292568,110.38383042013083,3200900
2024-06-10,112.48887634277344,112.74261467185636,110.02671832882284,110.28044948813104,2385100
2024-06-11,111.84044647216795,112.38549990717831,110.28044691428858,112.38549990717831,2613400
2024-06-12,115.99417114257812,118.40934560341228,115.40212699567996,115.99417114257812,3755000
2024-06-13,114.84766387939452,116.14452552657843,114.16164551282984,115.73103745966772,2015900
2024-06-14,113.94550323486328,114.24622510093955,112.92117184315109,113.80453829175178,1685500
2024-06-17,114.80069732666016,115.24237701234948,113.3158798205623,113.71057596680838,1756800
2024-06-18,115.4961166381836,115.67466556166865,114.38720328433811,114.96045552817714,2244700
2024-06-20,117.16887664794922,117.54478079721116,115.0450242989282,115.12020656273565,2629900
2024-06-21,116.64260864257812,117.26284435999744,115.73104346157902,117.23465280508404,5206800
2024-06-24,117.71393585205078,118.8322415408298,116.54863228675342,116.68959723720756,2289400
2024-06-25,116.9245376586914,117.28164982622708,115.99418044756877,116.70839761286484,1853400
2024-06-26,116.68021392822266,117.60117162607506,115.77804104289166,116.17274436888988,2121000
2024-06-27,116.64260864257812,116.89633980657356,115.46791272268752,116.05995688519342,2084100
2024-06-28,116.34188842773438,118.92621948823128,115.97538386910044,116.90574104334232,4058700
2024-07-01,114.86647033691406,118.01465400531048,114.0958700911892,116.89634118208753,3568600
2024-07-02,115.78742980957033,116.07875211152246,114.19923858713412,114.4529769280006,2292900
2024-07-03,115.96598052978516,116.52983312709031,114.86646688957389,115.78742445889152,2102500
2024-07-05,115.3269500732422,116.0411672142849,114.4153848741038,116.0411672142849,1957400
2024-07-08,113.49442291259766,115.50550901350243,113.24069173726504,114.92285723008376,2270500
2024-07-09,113.97369384765624,114.885259013166,112.53586721330574,113.27827588243456,2495400
2024-07-10,116.77417755126952,116.877551368935,114.00189079443898,114.45297719604966,1976400
2024-07-11,118.98260498046876,120.22308362754625,117.95826637497608,118.8792311623977,3406000
2024-07-12,121.52935028076172,122.03681261839648,119.23633433745532,119.38669885955083,3390900
2024-07-15,124.39559936523438,125.14740765101187,121.73608597878228,121.93344121037464,4505300
2024-07-16,128.75608825683594,129.08500890906208,125.09104206699897,125.41055597287144,6351500
2024-07-17,126.7262191772461,128.61512531658153,125.57030790702945,127.30886384579146,5851800
2024-07-18,128.1922149658203,131.9700265776237,123.87873515171016,124.28282364997024,7386200
2024-07-19,130.24087524414062,133.48303293229858,128.4459365382751,129.95894537135538,7353600
2024-07-22,132.6748504638672,133.28570095225118,130.37244930500438,131.56594438701774,4004200
2024-07-23,134.96788024902344,136.4151138929453,133.4830626388221,133.49246938505613,4640000
2024-07-24,129.33872985839844,134.47920057778867,129.19775773806234,133.91534077554513,4497500
2024-07-25,131.58474731445312,134.44160159375338,127.9478788535989,129.4139114640764,4412700
2024-07-26,133.4454803466797,134.29125582432363,131.7633217981915,133.8213773723987,3262800
2024-07-29,133.25640869140625,133.8140965112567,131.81969225396392,133.27531703008844,2325800
2024-07-30,133.59669494628906,135.03342589553546,132.2544912734705,133.96532824781784,2831400
2024-07-31,134.3623046875,136.45123615566652,133.20914124906466,134.93888640671767,3617800
2024-08-01,129.5228271484375,134.43794290337783,128.20897870440564,134.14492852290743,4044800
2024-08-02,125.76087951660156,127.79308633490594,123.89880450358538,126.96130680432134,4695700
2024-08-05,122.414794921875,124.94797873482084,117.6320091160448,119.90052665958578,6374300
2024-08-06,123.17096710205078,125.543466035823,121.762605951111,122.77397852389642,3288900
2024-08-07,120.5999984741211,126.50759320801494,120.36369468476532,126.29964471955478,2970500
2024-08-08,123.49234008789062,123.99330290883768,120.94971651591548,122.112334196434,1975300
2024-08-09,123.75700378417967,124.6455082690636,122.02727287592488,123.40727881908867,1416000
2024-08-12,122.1974105834961,124.99525370818412,121.15766817365026,123.85153705735372,3100400
2024-08-13,126.04444885253906,126.3752655087659,122.9819465055347,123.52071165325906,3219300
2024-08-14,128.7004852294922,129.02185488640967,126.06332715172844,126.35634151084948,2970100
2024-08-15,128.80445861816406,130.6759803746471,128.12390262983624,130.3073470828726,3508900
2024-08-16,126.92347717285156,129.494463291294,125.94045985595874,128.7666436562989,3727400
2024-08-19,127.27320098876952,127.60403202612024,126.19565640635132,126.6588169740749,2146200
2024-08-20,125.6947021484375,127.88760814158664,125.43950445143676,127.46226422374734,1811400
2024-08-21,127.36772918701172,127.60403295173715,124.513175670734,125.96881493823152,1945200
2024-08-22,127.405517578125,128.07662654295868,126.2051049684002,127.35826836859168,1795500
2024-08-23,131.64955139160156,132.98230807744386,128.2845881115062,128.47362823748648,4886900
2024-08-26,134.1827392578125,134.45684528528054,132.15997956118997,132.66094240034153,3795200
2024-08-27,133.51162719726562,134.532461192594,132.868887879561,132.96340073183904,3870800
2024-08-28,132.40574645996094,134.27726851068542,131.64012445843,133.07684117270367,2548600
2024-08-29,132.8783416748047,133.7857401021149,132.06545610463542,132.83107803481525,2744900
2024-08-30,134.56082153320312,134.87274424536804,131.0257118848385,133.59669809767863,3421600
2024-09-03,130.57200622558594,134.17327325279174,129.4755533078223,133.68175738916716,2339700
2024-09-04,130.29791259765625,131.35654893735662,129.10693229265493,130.1088580317054,1703600
2024-09-05,130.69488525390625,133.17134399858003,130.1844610647551,131.07296549392908,2234600
2024-09-06,129.60791015625,132.42466197899157,128.19954866771928,131.0162860676208,2577900
2024-09-09,132.1127166748047,133.06737871992144,130.87448721917832,131.1296849080831,2133700
2024-09-10,134.41905212402344,134.69315817003985,130.6003748612201,132.60422635342397,2684700
2024-09-11,135.42095947265625,135.57218291396313,130.66652909277522,134.11655813438296,3148600
2024-09-12,138.47401428222656,138.92771349881804,134.89165534411396,136.1582401361358,3540500
2024-09-13,142.9070587158203,143.5497979953693,139.65551679546664,139.8918205463896,4681200
2024-09-16,146.0924530029297,146.6784817875473,142.5951597911649,143.2568075194168,4426400
2024-09-17,146.55560302734375,147.8883597697104,145.30791218185044,146.8391704397593,3923400
2024-09-18,146.44215393066406,149.11711412791036,144.32488154821462,146.79189329035083,3921300
2024-09-19,150.9130401611328,151.46126662747267,147.37793063935672,151.04536969281227,4707700
2024-09-20,149.4573974609375,152.41592515048416,149.1832914454748,151.08316848303627,5540500
2024-09-23,148.59727478027344,151.4329201291868,147.9261657016485,150.21358455236475,3485300
2024-09-24,148.91864013671875,149.4952219178456,147.6236856574313,148.63507272548893,2227500
2024-09-25,144.4005126953125,149.25891765938582,143.88064151355766,148.3042411921167,3918400
2024-09-26,145.06216430664062,146.53669757283413,143.87119845844694,146.13026199787686,3155400
2024-09-27,146.4516143798828,147.32121044897755,145.22283199554855,145.78996676457555,2170600
2024-09-30,144.74078369140625,145.96955170514434,142.91651116431973,145.48749722696266,3110200
2024-10-01,143.53091430664062,144.72188010393023,141.66883946286376,144.72188010393023,2949700
2024-10-02,143.8711700439453,144.99596368922957,142.5573218754407,142.5573218754407,1862800
2024-10-03,142.91653442382812,144.18311932209042,141.5837775390343,143.41749732273544,2109500
2024-10-04,143.59706115722656,145.13776622347802,141.961843244619,144.66515872318848,2073700
2024-10-07,140.9032440185547,143.51203291222367,140.1754242388057,142.88818738672452,2101100
2024-10-08,141.2529296875,142.188683292177,140.26989802616254,141.82005002488447,1578000
2024-10-09,140.28878784179688,141.30962162171053,138.91822917886216,139.8917993311917,2847300
2024-10-10,140.8654022216797,141.9807635159798,139.17347357449088,139.84456820451666,2460700
2024-10-11,144.65570068359375,145.0432423042627,141.57430490275803,141.80116170035762,2205400
2024-10-14,146.97149658203125,147.27395790487586,145.14722399512556,145.51585729590212,2576800
2024-10-15,147.75604248046875,148.91865310261463,146.6123257773023,147.97343793144327,2615800
2024-10-16,150.9602813720703,151.60302059536014,148.45545317783353,148.7579288755006,3962000
2024-10-17,160.43136596679688,162.81331222173026,155.2893931599484,155.3461181850506,9088800
2024-10-18,162.91725158691406,166.301122884931,160.7432542876161,162.1894320270667,5749100
2024-10-21,161.41436767578125,164.61864591090003,161.06462832239666,162.10437057921118,3386700
2024-10-22,159.2687225341797,161.5466940746358,157.76583419251878,161.1497055177538,2926500
2024-10-23,157.77529907226562,161.11190714342433,155.99829011050633,159.1458580506526,3167400
2024-10-24,160.36517333984375,162.56752592415344,158.75831079476797,161.19695269589536,3531200
2024-10-25,158.32351684570312,161.79245426017903,157.92652826554684,161.19696417852623,2831000
2024-10-28,161.48733520507812,162.14290180358046,159.58714888931303,160.2902230451637,2141300
2024-10-29,161.33534240722656,161.44934896512643,159.75818403566925,160.48026422843077,2313600
2024-10-30,162.97898864746094,164.61315018642642,161.22132484495822,161.36383303260598,2500700
2024-10-31,159.3781280517578,162.71294983400202,159.2261096663723,161.9813885367177,3473000
2024-11-01,159.74864196777344,162.99795840053488,159.43510952725225,160.3567009289229,3453200
2024-11-04,158.70358276367188,160.56577206105013,158.30454530650658,159.52066360375514,2383500
2024-11-05,161.15478515625,161.17379107727024,157.86747118598169,158.40901670826298,2609600
2024-11-06,167.5774383544922,169.40161550547336,163.96708140061912,166.31381269577307,6852200
2024-11-07,167.5014190673828,168.15698563627035,165.30670629138217,167.30189313444166,2865900
2024-11-08,168.60354614257812,169.71515345014782,167.0263879466327,167.33992044321982,2768300
2024-11-11,174.01907348632812,174.77915094357667,170.09518394258862,170.54172890507445,2998400
2024-11-12,171.64382934570312,173.52500969483324,169.1355840477727,173.06896904901063,2939600
2024-11-13,172.4989013671875,173.86703775432576,171.39678988896276,172.22338074626643,2728000
2024-11-14,172.1663818359375,175.14016346380885,171.65332342914382,173.00245392913328,2417200
2024-11-15,172.3563995361328,173.87653985761966,170.79824737067813,171.14977719239164,2893600
2024-11-18,173.8765411376953,173.94305461649336,170.50372207289067,171.71984013794147,2083100
2024-11-19,175.6817169189453,177.0213516564689,171.8243412894264,171.9668494541544,2625500
2024-11-20,175.79574584960938,177.7814371832654,173.79104859247798,175.76724421303226,2828700
2024-11-21,184.32757568359375,184.92613903602745,175.7672412091291,177.19238100271664,4400600
2024-11-22,189.1160430908203,189.9711211209611,183.66250322875612,184.86912558009465,4504300
2024-11-25,183.4820098876953,190.9307522327266,183.41551089657096,190.01865630366888,6691800
2024-11-26,182.09486389160156,183.415492843032,181.20177397531725,183.34897936118156,3205500
2024-11-27,179.5866241455078,184.53660169336433,179.11157753645514,183.35849538116776,2361300
2024-11-29,181.5532989501953,182.37037964986953,180.89773234848013,181.9333449135735,1460400
2024-12-02,177.71493530273438,182.90243603709257,177.4869077165592,182.15186879066573,2712700
2024-12-03,176.87884521484375,179.16857325324986,175.95725367236943,177.97146106794523,2643800
2024-12-04,176.24227905273438,177.63891714085847,175.4727059219866,176.7268213394683,2658200
2024-12-05,177.85743713378906,179.7671336688098,176.49881087000304,176.7173282381584,2264000
2024-12-06,177.6674346923828,179.52011359854413,177.3348962616967,178.17098294643506,2361100
2024-12-09,176.09976196289062,181.93333301961624,175.1401586532073,180.30866743908868,3376600
2024-12-10,180.10916137695312,182.04734498081615,175.74822289803768,176.28978294011847,3786600
2024-12-11,182.80743408203125,184.3180787740819,181.50579655419332,182.2753842154427,3556200
2024-12-12,180.80274963378903,181.81934187978817,178.37051321641155,181.4678120139669,2829500
2024-12-13,179.01654052734375,182.5793896596084,178.83602051841245,180.98324020704356,3658100
2024-12-16,179.0545654296875,180.2041700484095,178.43699617002218,179.76713530811352,2945500
2024-12-17,173.9715576171875,178.15196168646818,173.81953923354467,177.80043185940627,4278200
2024-12-18,163.13099670410156,174.8171457603627,163.08348914547324,173.7815476697144,5063000
2024-12-19,160.480224609375,165.8767463110287,160.09068296968857,165.55371814521206,7802700
2024-12-20,162.3139190673828,164.62265308564423,157.76297901092818,158.81758304450008,10917100
2024-12-23,163.59652709960938,164.15707852833265,160.6987403533633,161.68683076166752,3299000
2024-12-24,166.92189025878906,167.67245756928256,163.59656378723523,164.69867546858143,1584700
2024-12-26,167.6534423828125,168.29000304891292,165.55373015810565,165.55373015810565,1438500
2024-12-27,165.32569885253906,167.48241429757124,164.05257754907907,165.9527637920715,3124200
2024-12-30,163.46353149414062,164.30911382880527,160.75576018232977,163.3305190312924,1899100
2024-12-31,163.8150634765625,164.92667075152278,162.8839762243966,164.48963600954082,2181300
2025-01-02,165.07867431640625,166.22829333360997,162.4849242410589,164.48011103083763,2393000
2025-01-03,167.1309051513672,167.3494225371003,164.78417369126197,166.26631682453424,1600600
2025-01-06,166.0667724609375,169.63913192190952,165.82924917751205,169.10708208659983,2203100
2025-01-07,162.78895568847656,167.23539913755937,160.06219300641934,166.26630007218847,2729100
2025-01-08,165.28770446777344,165.50622183039678,161.51583354807497,162.37091157383293,2237200
2025-01-10,156.62286376953125,163.1024916046818,156.5373443669078,163.1024916046818,5077900
2025-01-13,157.4969482421875,157.71546561120806,152.70847056539944,154.0576011219191,3274800
2025-01-14,160.86976623535156,162.22839237237213,157.86746864240976,158.5420266064241,2686900
2025-01-15,166.3993377685547,168.6130568677791,165.66776187805007,167.9099826161135,3437900
2025-01-16,167.90048217773438,168.57504027430664,165.857787466296,166.63685640142813,3061700
2025-01-17,170.96926879882812,171.11179147748982,168.81255317107244,169.18310343722982,3442200
2025-01-21,172.46092224121094,173.74353936670016,171.7673437650922,172.77445473782524,3220900
2025-01-22,173.64854431152344,174.28510503816926,170.46572618102203,172.60343595597223,3042600
2025-01-23,176.26129150390625,176.37529804682637,173.36350439409057,173.42050766555062,2146800
2025-01-24,177.42039489746094,178.56999945710294,175.66271682209816,175.66271682209816,2326000
2025-01-27,173.4110107421875,173.79104221411603,170.35170955216745,172.72694249489908,4110700
2025-01-28,176.32778930664062,177.201873290138,171.47281259044723,172.75544417878993,2514200
2025-01-29,176.12828063964844,178.38949257933112,175.2921939912408,175.76724058742303,3086200
2025-01-30,168.90756225585938,179.42510058484513,167.32090840489113,178.6175155930955,5636400
2025-01-31,168.27099609375,172.44190438577968,167.7864538128405,171.74834045492395,3007000
2025-02-03,164.87916564941406,166.72234875573986,161.75336543623,163.82456162967466,2941700
2025-02-04,162.304443359375,166.90289154214582,160.90780502122303,165.11671146401437,3848900
2025-02-05,166.12379455566406,166.32330600046888,160.5657437797638,162.95998259831927,3228300
2025-02-06,165.83877563476562,168.9075726980448,163.61556096343418,167.7389620883355,3302200
2025-02-07,161.77236938476562,166.3138136132263,160.717765377898,165.59173352010563,4117000
2025-02-10,161.56155395507812,165.4518304051451,159.41518798014508,163.44920271468948,2333600
2025-02-11,157.89166259765625,160.47879095258205,155.94652432414713,159.5685069452277,3807600
2025-02-12,154.16429138183594,155.2949712733649,152.87071977950407,155.08416679563786,4877700
2025-02-13,153.77142333984375,156.18608344774097,151.8358762683537,154.99791411380858,4751900
2025-02-14,157.94915771484375,158.9169458445961,154.50923469636174,154.98833309852105,4179200
2025-02-18,159.7697296142578,160.45004111161418,157.94914703658063,157.96831506522955,3788100
2025-02-19,159.87515258789062,160.95790510185455,158.07373780508772,158.95527716535275,3162600
2025-02-20,157.0484619140625,160.60337875238574,155.17998093259297,159.87515439115057,3199000
2025-02-21,151.75921630859375,158.24619822207978,151.145970931547,158.10247454813253,4663300
2025-02-24,150.5039825439453,153.46480722856376,148.50134006482432,152.86113854922326,2839600
2025-02-25,150.65728759765625,151.46218406871918,146.75743399603064,151.2322115597121,4872800
2025-02-26,152.79408264160156,155.21831960567425,151.39510874781382,151.759228245017,2938100
2025-02-27,150.81057739257812,154.90208137819263,150.74351122673988,153.23481386368758,2736700
2025-02-28,154.42300415039062,154.585895856472,150.23567407411724,151.26095169706403,4300600
2025-03-03,151.90293884277344,156.81849314780987,150.62853533328536,155.53451293377154,3267200
2025-03-04,144.4290008544922,149.6703385667752,141.631067928122,149.6032723930587,7624300
2025-03-05,145.68423461914062,146.4124735424335,142.51260555962438,145.5021895092402,4687100
2025-03-06,139.54222106933594,143.4324981953866,138.5648561245641,142.42638851290894,5482200
2025-03-07,139.082275390625,139.82009110387088,133.04564656510718,139.16852422427417,6476800
2025-03-10,133.54388427734375,136.86882836642246,130.98550055784557,136.00645708872122,6826000
2025-03-11,132.36532592773438,135.230340068295,131.9916297025243,133.7163871346189,6254400
2025-03-12,134.6649627685547,137.58746573589667,133.0935207072347,136.30348561939948,4834900
2025-03-13,130.82261657714844,135.3740516778399,129.93150051231964,135.36447497273946,4877100
2025-03-14,135.0003662109375,135.8052481310336,131.64667692294535,133.4672452594854,5222900
2025-03-17,141.60232543945312,143.08753344040153,135.22073108446602,135.22073108446602,5202100
2025-03-18,140.0788116455078,142.43596790743183,138.57443544618835,141.60234125637638,3362900
2025-03-19,143.4612274169922,144.4769136952117,138.17197693731225,139.94464688237886,4050600
2025-03-20,142.53176879882812,144.63979875771875,141.7268870252208,141.82269792917083,3131900
2025-03-21,142.0909881591797,142.98211873037062,139.59968540742102,140.50039268248125,8381100
2025-03-24,145.72256469726562,146.62327198904734,142.2922185494418,144.68771044421356,3072900
2025-03-25,144.8889617919922,146.77659626122835,142.96297663755556,145.75133316617976,3782400
2025-03-26,140.52914428710938,144.68771483356934,139.84881813514954,143.72951804659206,3523000
2025-03-27,138.45944213867188,139.79133514949413,137.19461530316815,139.69550961798387,2993500
2025-03-28,132.33656311035156,137.85577151814618,131.91495417111085,137.19461337442078,4999800
2025-03-31,133.93675231933594,135.01951942071406,127.6605601309288,130.2189439238186,5797100
2025-04-01,136.8305206298828,137.2425382800005,132.8348413001307,134.26254532776352,4039500
2025-04-02,141.48736572265625,142.35932845973198,134.39669949120304,134.39669949120304,4064300
2025-04-03,127.53600311279295,134.1475553495065,127.15271561066902,131.7520632896939,11369100
2025-04-04,119.81293487548828,123.54031272277692,114.2362295067606,122.74502220452452,13062200
2025-04-07,119.43923950195312,125.29381556352077,110.82505181780866,115.13693766762312,13461300
2025-04-08,115.05068969726562,126.69278230098082,112.91390761269396,125.5237810331358,11546100
2025-04-09,131.617919921875,133.73554139391987,112.27192317793492,114.03500918365688,11512800
2025-04-10,122.12218475341795,128.3983770011672,118.24149192436124,127.66056133797356,9237000
2025-04-11,121.86346435546876,123.22410931202884,118.15524025866104,120.65613438968884,7806900
2025-04-14,125.01594543457033,126.57781099432502,122.97498144504289,125.38964162495608,6846000
2025-04-15,127.95759582519533,129.45239513330284,124.47935134030004,124.97760315541284,6224200
2025-04-16,123.97150421142578,127.1910459806032,121.81555414359364,125.93579591584786,5767300
2025-04-17,124.93927764892578,126.961073441012,123.26243328272372,126.48197505066857,4577000
2025-04-21,115.19442749023438,122.33299116135969,113.69005871491636,121.69100102072184,6702600
2025-04-22,119.68836975097656,120.38784934422576,116.4784045165649,116.80419524076748,5083800
2025-04-23,121.69100189208984,128.86790167665987,121.21190345944385,125.52378935325804,5621100
2025-04-24,128.92538452148438,130.11353921597507,121.7197403710544,122.23716752896786,6577400
2025-04-25,127.30603790283205,129.23200836569686,126.4628199707882,127.94802805712033,4663700
2025-04-28,128.89820861816406,131.01145452097288,127.49903204556146,128.30958768050493,3609000
2025-04-29,128.85958862304688,129.0622348722422,126.29282938516452,127.61480793909556,2270400
2025-04-30,127.09373474121094,127.44111777777924,122.44266268071232,125.31821326320208,5751600
2025-05-01,128.71485900878906,131.07898685351435,126.37003431363394,127.83674975320884,4007100
2025-05-02,132.60360717773438,134.49491822281124,130.52896775201236,131.37811489201616,4969600
2025-05-05,131.33950805664062,133.4817008926174,130.78947880665265,131.07896711064703,2640800
2025-05-06,129.30348205566406,131.06934480882535,128.16484652000216,128.3771222728294,2864000
2025-05-07,131.36846923828125,132.00534062928818,129.54471187238929,129.54471187238929,3031300
2025-05-08,134.90985107421875,137.2160843004214,132.70011887632165,133.43347662987924,4853000
2025-05-09,134.50454711914062,137.1967544873875,134.09926938219954,135.49844567677906,3114200
2025-05-12,143.77774047851562,146.67259431365352,141.3943096429997,143.5365026589208,6669100
2025-05-13,143.39178466796875,145.52431902751556,142.7935047845749,143.94179931232622,3474100
2025-05-14,143.2180633544922,144.74268810271934,142.44609940648016,143.6812358337043,2247800
2025-05-15,141.6066131591797,142.66806555286468,140.18813347125035,142.44611613710094,3397000
2025-05-16,141.55836486816406,142.36892049570775,140.2460303990025,142.36892049570775,3790500
2025-05-19,140.3521728515625,140.7863980202632,137.4669776985587,138.07488704514395,3181200
2025-05-20,139.14598083496094,139.92758906762202,138.0941874039476,138.95299351099345,4566100
2025-05-21,132.67115783691406,137.8143499668617,132.23691797828994,137.0423859919599,4588100
2025-05-22,132.1307830810547,133.03783971820206,130.9438970271651,132.1211388680599,3856800
2025-05-23,131.3491668701172,132.4588697047972,128.57976133759902,128.82099916374838,2613900
2025-05-27,134.417724609375,134.6782655938969,132.19833358253464,133.16328492255315,3448300
2025-05-28,133.5589141845703,135.01598536022033,133.24047848578817,134.8229980432583,2228800
2025-05-29,134.01243591308594,135.03528189447064,132.6229037406434,135.03528189447064,2208800
2025-05-30,133.89663696289062,134.01244113109504,131.2912714001103,133.31767501782184,6191200
2025-06-02,133.9449005126953,134.2054415115345,131.41673257459493,133.3273322101063,3007800
2025-06-03,134.13787841796875,134.90019821032493,132.6132535572451,133.87735216143167,3935900
2025-06-04,133.89663696289062,135.02562821596248,133.55891284259758,134.6300093735614,2433900
2025-06-05,132.93167114257812,134.50454629997424,131.9088252331009,134.2729527128526,2456300
2025-06-06,135.52740478515625,136.52130342896632,134.28262410834157,134.97739021018774,3676400
2025-06-09,135.07388305664062,136.45377111507568,134.40806428307306,136.39587639111133,3061700
2025-06-10,137.94944763183594,138.03628971715946,134.27297072259702,135.09318523684476,3665100
2025-06-11,136.4344482421875,140.41004243555685,135.85547163826587,138.95297143846923,3233400
2025-06-12,135.85548400878906,136.60815955201784,134.44666338774374,135.18002105869965,2382800
2025-06-13,131.62901306152344,134.15718080760493,131.3298805082376,133.6940082968394,3021400
2025-06-16,133.41416931152344,135.13178154897855,132.719403156599,132.719403156599,2584800
2025-06-17,130.93426513671875,132.77732594744225,130.06579999380645,132.64223333285466,2664400
2025-06-18,132.67115783691406,134.22472999895825,130.2684238300791,130.64475424329535,2688600
2025-06-20,132.86415100097656,134.20543276089305,132.26588588797446,133.54925819993275,4295600
2025-06-23,133.47206115722656,133.67469267002707,129.1490690469772,132.68079408137285,2927300
2025-06-24,139.00123596191406,139.38721058746526,134.62034886956846,135.1124834497326,3950900
2025-06-25,138.53807067871094,139.60915252897396,137.28363099438153,139.27142839503188,1911800
2025-06-26,142.98648071289062,143.14087645912508,139.0301891025568,139.4258226807868,4384700
2025-06-27,145.81381225585938,147.3191341419663,143.65231573601923,144.45322719572798,7633600
2025-06-30,144.33743286132812,147.28053759004155,143.6812582497509,147.03929973890092,4182100
2025-07-01,147.41563415527344,148.19724245811386,143.362841092107,143.71986840970317,4544100
2025-07-02,148.17791748046875,148.3516163688424,145.45676250384554,147.0006757307843,3094900
2025-07-03,149.6929168701172,150.18503678833466,148.1875950271084,149.07534855698563,2048000
2025-07-07,147.62791442871094,149.9920423249078,146.04539478124954,149.20077513918244,4112800
2025-07-08,150.8701629638672,151.3526386820452,148.2937296716849,148.40953385636112,4037100
2025-07-09,153.1184539794922,153.147416062436,150.8797747842574,151.497342981976,3773400
2025-07-10,158.30990600585938,158.4739459579951,153.12812229925987,153.3983074820703,5577700
2025-07-11,156.32211303710938,157.26776120313556,155.64665006137636,156.63090452543793,3977900
2025-07-14,157.63446044921875,157.86605408461548,155.1641872342793,156.32212596328344,2521100
2025-07-15,154.19923400878906,157.83710484684562,153.60095413878105,157.60551121419837,3994700
2025-07-16,160.10472106933594,160.87668506927452,155.84928221911466,157.2967091975038,5663700
2025-07-17,166.4444580078125,167.08131468694597,159.7090872123492,160.08541763710522,6507100
2025-07-18,162.80657958984375,167.69887487640264,162.63288070462332,167.4962433549647,4128100
2025-07-21,160.8477325439453,164.17681154256942,160.70298101636018,163.62679696491273,3103000
2025-07-22,163.44346618652344,164.12857340718426,160.27842690135662,161.7548013053038,3359900
2025-07-23,165.93304443359375,166.13567597631132,163.44346812656613,164.15752271860444,3448200
2025-07-24,171.8674774169922,174.80092290383632,169.02087401378753,172.79383714777836,7589100
2025-07-25,171.8578338623047,174.96497825230756,171.12446144479563,172.7262841499998,3597000
2025-07-28,170.7384796142578,172.5043422005266,169.7349220507012,171.8095761100606,2679100
2025-07-29,170.8349609375,172.80346971122458,169.19454677538778,171.4428849299719,2753800
2025-07-30,169.19454956054688,171.9736138873227,167.05235659598844,171.39463724458184,3475600
2025-07-31,166.89801025390625,169.3875720524628,165.4119767667159,167.90155328926318,3445200
2025-08-01,164.4276885986328,165.28649462994633,161.01176762127,163.99346347700018,3663500
2025-08-04,165.52474975585938,166.46644599820402,164.8160555615852,165.23350089915434,3975300
2025-08-05,162.7870330810547,166.3014103148806,161.4084709448427,166.3014103148806,4761700
2025-08-06,164.40830993652344,165.6121167946512,162.82586920246362,163.43749030846843,2470500
2025-08-07,162.74819946289062,167.1265905882034,161.49584867905796,167.1265905882034,3082300
2025-08-08,163.9811248779297,165.9033433351908,162.74817996831663,163.5830853287076,2279600
2025-08-11,165.1072998046875,166.30140378892574,164.29180006599455,165.62183301795812,2609200
2025-08-12,168.67019653320312,170.17495500792523,166.34022068939905,166.44701143407588,4180700
2025-08-13,171.4661407470703,172.23309647178928,168.86435151566573,170.7671494999851,5598700
2025-08-14,169.582763671875,170.91279662103176,167.4566811529484,170.46621307903445,2834800
2025-08-15,166.612060546875,170.38854832379667,166.39847904269686,170.28175757170757,3684000
2025-08-18,164.28208923339844,166.93242251837123,163.8355057121223,166.40818646720726,3974600
2025-08-19,162.40838623046875,165.27231558148895,161.90357076058245,164.67039742350164,5367600
2025-08-20,159.6707000732422,162.25308375278294,157.94264237815858,162.02978458005256,4877700
2025-08-21,158.67074584960938,160.049307800209,158.1659155478236,159.21440241451847,3656700
2025-08-22,165.52474975585938,167.44696850846097,158.9911376816136,159.9619573282755,5188800
2025-08-25,164.5539093017578,166.89358790961415,164.31120442078176,164.61215610302722,2801100
2025-08-26,166.42759704589844,166.5926494139335,163.23360707738823,163.89377210893392,3563600
2025-08-27,166.63148498535156,167.5343549675042,165.70920927584294,166.058704944171,2052800
2025-08-28,167.00038146972656,168.48573418129894,166.68971210633674,166.98096093113205,2667600
2025-08-29,166.39846801757812,167.95178525167657,165.37911932207774,167.38870812465416,1943600
2025-09-02,164.60244750976562,164.93252258115368,160.4958852144159,162.73847586639036,3512300
2025-09-03,162.45693969726562,165.01019985025297,160.7288820859487,164.50536953722408,2450700
2025-09-04,164.94224548339844,165.39853188426756,162.68995169574364,163.35010191872692,2548200
2025-09-05,165.02963256835938,168.39837783548876,162.85499128627038,167.92267088872595,3110400
2025-09-08,168.24302673339844,168.58280467920832,164.84515839411728,165.66064324029747,3085200
2025-09-09,168.11680603027344,170.67006597955807,167.41781482600942,167.58285235847043,2958100
2025-09-10,173.0291748046875,174.44657795211242,169.46626861644927,169.8740110747007,4345800
2025-09-11,178.55313110351562,181.2034643457091,173.32041428506653,173.32041428506653,6395800
2025-09-12,176.05813598632812,178.32985023831827,174.9028583210295,177.65027949800472,3356200
2025-09-15,178.4366455078125,178.7570177535532,176.10666957884348,176.49500630710406,2818400
2025-09-16,178.35897827148438,179.7375403272086,177.9803592196554,179.06767243238855,2924300
2025-09-17,178.2618865966797,182.08691811327657,177.1745734070595,178.69876725864535,4719200
2025-09-18,183.1742248535156,184.5430839688078,179.07737999729073,179.37833168642646,4395700
2025-09-19,182.14517211914065,183.7955773217468,181.17435250044608,183.3586966425088,7404000
2025-09-22,180.22293090820312,182.9315107880472,179.1161972736874,180.44621524482096,3038100
2025-09-23,179.51425170898438,184.33922619634404,178.35897404109105,180.17440191147705,2503200
2025-09-24,172.88356018066406,180.6695377021748,172.0195313090392,179.60163019183764,3826300
2025-09-25,170.4759063720703,171.78650378009712,168.81579854566746,169.8934087594831,3744100
2025-09-26,170.2041015625,173.08742218298113,169.55363938626107,171.3399587314245,2046900
2025-09-29,171.00015258789062,172.05834232756024,169.35946520083615,171.23315460955067,2630300
2025-09-30,165.86453247070312,171.83506700916848,161.89386909904363,171.2331636051726,5392000
2025-10-01,163.19476318359375,165.47618011080434,163.09767530859332,164.41799041553742,3630100
2025-10-02,161.71913146972656,164.0685131346222,161.5443762379077,163.30157216514206,3570000
2025-10-03,163.53456115722656,164.58304811887842,162.4084068487636,162.42782738884932,3218600
2025-10-06,162.02008056640625,165.03933007981948,159.58332873162843,163.98114028337875,2334100
2025-10-07,160.09786987304688,164.27239727433516,159.1561736401912,162.41812821264762,2884100
2025-10-08,157.7193603515625,160.09786543325075,156.57378550877684,160.09786543325075,2993100
2025-10-09,155.962158203125,158.36980140567888,155.01075917104464,157.74847747259136,2873000
2025-10-10,149.28292846679688,156.69027166506643,148.6907279403635,155.8068371203305,6611400
2025-10-13,153.54483032226562,153.9428699104828,149.93338025267815,151.84589603520013,3400200
2025-10-14,159.1949920654297,160.27260240182184,151.6128934450761,151.6128934450761,4665400
2025-10-15,159.12704467773438,161.5346731453062,156.65145172745963,161.2434243017095,4089400
2025-10-16,153.36036682128906,160.49589650074407,150.99156472869365,159.22411043590932,6474900
2025-10-17,151.74880981445312,154.17585882258788,150.73916394502294,153.302127105072,3761400
2025-10-20,155.75830078125,156.5155388928556,153.11767025387033,153.45746304318155,3081300
2025-10-21,156.7194061279297,157.91352494137303,155.1466830639717,155.32143830081813,2440600
2025-10-22,157.00094604492188,157.8358514889315,154.36031556217202,156.54465965031596,4352200
2025-10-23,150.45761108398438,157.3698564162525,147.77815443440812,157.08831044860648,7391400
2025-10-24,150.0886993408203,154.78746212535697,149.96248806657096,153.77780155842174,4451700
2025-10-27,149.360595703125,153.24387395538923,148.66160443263496,150.7488605678146,4209900
2025-10-28,147.2636260986328,149.47709358057455,146.63258447649395,149.321758890799,3654000
2025-10-29,144.57444763183594,147.80727855620623,144.06961731098176,146.5937541017218,3836800
2025-10-30,144.05992126464844,146.593761038046,141.9726650295856,143.19589240471382,4497600
2025-10-31,142.36097717285156,143.6424660799251,140.32225020742754,143.36092011691775,6158500
2025-11-03,141.45010375976562,142.88987545227178,139.70670938768384,142.39036861926058,6155800
2025-11-04,139.9123992919922,142.89966629719146,139.52061603499664,139.67732933779484,5850600
2025-11-05,141.3521728515625,141.82229782110113,138.20817755745273,139.96136095229673,4643600
2025-11-06,140.48046875,142.89967635661125,138.42366254974627,141.6264217805036,3711500
2025-11-07,142.9388427734375,143.23267646077062,138.69788456743558,140.00053579011072,3613700
2025-11-10,141.33258056640625,145.93592556502725,140.84286269538268,145.0838212518473,3946000
2025-11-11,141.9985809326172,143.16411178491214,140.3433322395262,141.4892851385911,3694100
2025-11-12,141.39134216308594,143.67342920064755,140.73512201932408,142.13570793548675,3947900
2025-11-13,136.66065979003906,140.70573394727458,135.12295353759276,140.01032803584815,8996400
2025-11-14,138.53138732910156,139.56958677637806,134.0749519202237,135.52451256670392,4645200
2025-11-17,135.573486328125,138.2963163489519,134.21207131771155,137.81640242596603,3510400
2025-11-18,133.72235107421875,136.01422695941244,133.0857238655546,134.34918930636582,5751100
2025-11-19,135.79876708984375,135.8575457913867,132.65478655498708,134.42756295392562,5141700
2025-11-20,135.573486328125,139.13863163960357,134.8291205844106,138.10043220007995,5503400
2025-11-21,139.73609924316406,140.2160281497404,135.0446084897084,136.79779193882752,4812700
2025-11-24,138.5117950439453,140.6567616203656,138.1885794692105,139.50101972176807,4847800
2025-11-25,140.48046875,141.50887932262896,137.79682423943024,138.88399856849443,3506300
2025-11-26,141.9398193359375,143.1739029332618,140.16704311656588,140.49025868979425,3117000
2025-11-28,143.4089813232422,144.7410145466306,142.50790222286233,143.13474050769196,1626600
2025-12-01,143.34042358398438,144.8585369938123,140.26499602132813,141.12688929222975,3128100
2025-12-02,143.72239685058594,144.85853087950176,143.15432236362682,144.65285775620768,2749200
2025-12-03,148.4040985107422,148.69793220392592,143.38937766341346,144.1337583454792,3678200
2025-12-04,148.27676391601562,149.7752992796739,147.1504188854235,148.8448383920106,3571900
2025-12-05,149.02113342285156,150.6568041676146,147.25816114670414,147.76745694225662,2903400
2025-12-08,148.25717163085938,149.21702934168042,147.61075545102344,149.21702934168042,2996000
2025-12-09,152.8115692138672,154.64310927574712,148.40410835864543,148.64896729504665,6539600
2025-12-10,153.379638671875,154.0652406821446,147.83602894811818,152.83114211865637,5168200
2025-12-11,150.9408416748047,153.0074516728545,148.27677528077828,152.00842303884377,3921000
2025-12-12,148.0710906982422,152.00842662940235,146.0632593506515,151.34241748766573,4843100
2025-12-15,147.2483673095703,149.82428811869391,147.19939253298932,149.4912835499489,4146700
2025-12-16,148.96237182617188,149.0799142726159,147.15042475060662,147.86540862604576,3734400
2025-12-17,150.0397491455078,153.28167874566958,148.81545458683632,149.27579053649697,3770100
2025-12-18,150.5686492919922,154.26112614690305,150.38255411369383,153.52654935572733,4417500
2025-12-19,148.47265625,151.46972714266133,148.2277973215799,151.27384298892585,8941900
2025-12-22,152.62547302246094,152.91930673320144,147.93396746281306,148.49225300772036,3689600
