Date,close,high,low,open,volume
2019-08-19,102.35258483886719,103.33808363868526,101.7857022896433,103.1026128294492,2630900
2019-08-20,101.75081634521484,102.72759868482353,101.57639401668506,102.55316970250843,2402000
2019-08-21,102.63166046142578,104.06194479248336,102.50956350539295,102.91074016861299,2783000
2019-08-22,102.8147964477539,103.73053018763787,102.23047440417835,103.19853350504387,2118200
2019-08-23,99.47457122802734,101.95140958484441,98.82920061796472,101.38452702769591,6102000
2019-08-26,99.78852844238281,100.87868455625376,99.28269440863832,100.34668784038195,5200400
2019-08-27,98.88154602050781,100.69556790939946,98.68096096434185,100.43393435955862,3160700
2019-08-28,100.17228698730469,100.25077505050406,97.45997746253221,98.42803683137569,3187900
2019-08-29,102.71015167236328,103.02411718433844,101.59383280924509,101.7072133103271,3442900
2019-08-30,103.78287506103516,104.29742561752062,103.30320364923877,103.8003146333797,2912000
2019-09-03,102.06478881835938,102.8235399721447,100.64322744794225,102.8235399721447,3780600
2019-09-04,103.8700942993164,103.99219127657028,103.13751243579323,103.27704898674641,3688400
2019-09-05,107.26264953613281,108.35280576224056,105.09106019678616,105.09106019678616,5355100
2019-09-06,107.00972747802734,108.44001184734512,106.8004193554842,107.8905755304999,3315700
2019-09-09,110.9779052734375,111.10000224006025,107.44579639300441,107.6115022707577,4433300
2019-09-10,113.62914276123047,113.62914276123047,110.95172634666011,110.98661213970067,8479700
2019-09-11,116.07112121582031,116.15833904498017,112.91403275230425,114.11756959533406,7592600
2019-09-12,114.9024429321289,115.72224237713645,113.43727964897636,115.12047413313864,5594600
2019-09-13,116.67288208007812,116.85603418642157,114.36175614033641,115.81820330147553,3704900
2019-09-16,116.12344360351562,116.69033286332922,115.1117886721724,115.98391371104994,2876500
2019-09-17,115.26876068115234,115.78331124192438,114.41408189964962,115.63505158751066,2888900
2019-09-18,114.3094253540039,115.3123637390043,113.13205133024618,114.79781320435438,3005700
2019-09-19,113.48089599609375,115.14665787025295,113.26286475521127,114.65827001988751,2725700
2019-09-20,111.77153778076172,114.23965300814035,111.5186207445561,113.38496096808136,6412300
2019-09-23,111.99827575683594,112.39945905791272,110.18425440524928,111.05637928730616,2723500
2019-09-24,109.87902069091797,112.50411865595002,109.5127298084815,112.27737095946192,3370700
2019-09-25,110.41973876953125,110.60288420778674,109.03305666018932,109.75692195456953,2354100
2019-09-26,110.22787475585938,110.69009992673692,109.582504139188,110.57672607566042,2227400
2019-09-27,110.40230560302734,111.0912851829771,109.59123570358501,110.75988006319037,2214300
2019-09-30,110.15809631347656,110.84707579746417,109.78308233241457,110.18425899642284,2795300
2019-10-01,106.72193145751953,112.06805495208918,106.66088297778263,111.1087188474587,3718200
2019-10-02,104.62010192871094,106.26841745304654,104.07938209677916,105.65793268617593,4255800
2019-10-03,104.68988800048828,104.70732757318939,102.25665840085375,104.07939649537586,3110200
2019-10-04,105.56200408935547,105.65793836556114,104.08811080381881,104.41079942867286,2442300
2019-10-07,104.87303161621094,106.1376102091125,104.43696911468822,105.39630528728104,2334500
2019-10-08,102.88457489013672,103.95728478447495,102.64038098423158,103.59971703762383,3530000
2019-10-09,104.1666030883789,104.70731628302644,102.9107410681663,104.21020534232315,2557300
2019-10-10,107.00099182128906,107.29751105387508,104.44566593937611,104.68985981416085,3242900
2019-10-11,111.98084259033203,113.70765963960612,109.36447429287088,109.54761974100388,6747800
2019-10-14,111.96341705322266,112.12039317301185,109.89647831011335,110.59417435083628,2851500
2019-10-15,114.27452087402344,114.84139671759955,111.32674120304566,111.62326046560642,3289000
2019-10-16,113.54194641113281,115.8269094621706,113.47217482004238,114.24836547301426,3038300
2019-10-17,115.18155670166016,115.87052960568415,113.5332276540093,114.22221386560489,3418300
2019-10-18,114.8914794921875,116.05172609554933,114.25861283138282,114.3992394354293,4329200
2019-10-21,116.22754669189453,117.29990359596353,115.58589490902482,115.98143331183017,4225200
2019-10-22,117.5108642578125,118.01187599396005,115.09366872480608,116.54398067974059,4681600
2019-10-23,118.96115112304688,119.53249617583376,114.88268442038245,117.98548277719414,11295900
2019-10-24,117.65147399902344,118.91719388583161,116.35937237399749,118.74140057478907,3916200
2019-10-25,122.81986999511719,123.039614992166,118.53045677300003,118.66229840636123,8319500
2019-10-28,123.10994720458984,124.48995236069824,122.06395876900125,123.03084221673143,6174000
2019-10-29,124.22624206542969,124.33171537103556,121.976055464704,122.51223378848395,4427900
2019-10-30,123.35606384277344,123.93619392688437,122.71441212607785,123.93619392688437,3948100
2019-10-31,121.12344360351562,123.3560468454086,119.88407861609899,122.50343519410808,4037600
2019-11-01,127.00381469726562,127.10928799679138,122.38037168957018,122.50342834307334,6220200
2019-11-04,129.13973999023438,129.21005999969466,127.46968335510648,127.75974836456625,5437800
2019-11-05,128.6563262939453,130.08906829749563,128.0410428425405,129.08703141601538,4516700
2019-11-06,127.88284301757812,128.74423991805912,127.15328779139418,128.74423991805912,3736600
2019-11-07,129.21888732910156,130.44946777978362,128.9903572825716,129.5529041304856,3816700
2019-11-08,130.2296905517578,130.24726049641615,128.15529704749628,128.91122044512136,2776600
2019-11-11,130.08905029296875,130.22089193853222,128.86726853278518,128.98154023372115,2205100
2019-11-12,128.62994384765625,130.5021757413813,128.34867719166374,130.1857423707823,2843100
2019-11-13,127.00381469726562,128.20801290741568,126.30062807203221,126.88954301466651,3194400
2019-11-14,126.08090209960938,127.75095885069148,125.87874044098123,126.75772050200787,2581700
2019-11-15,127.72461700439453,128.22564218090506,127.02143012733943,127.06538182193802,2827400
2019-11-18,126.21275329589844,127.25874179362981,125.71174159752489,126.78409842610897,2638600
2019-11-19,125.85236358642578,127.24115374623103,125.48319355592137,126.88078210046817,2085100
2019-11-20,124.39323425292969,125.43042405581157,123.14508445406257,125.21067908955676,3484700
2019-11-21,126.01057434082031,126.52038435434406,123.89222930501572,124.41962267408732,3297700
2019-11-22,126.46764373779297,126.977453735345,125.72050539037687,126.50279703561685,2258300
2019-11-25,128.70025634765625,128.83211140147145,126.39733292579847,127.23236128461039,3085200
2019-11-26,128.41018676757812,128.90241342847895,127.88280680754323,128.68266842542175,2468100
2019-11-27,128.05859375,128.08496207608002,126.3094187843955,127.46967878059625,2660200
2019-11-29,127.21482849121094,127.85649383470518,126.3885847760523,126.74018498046895,1652500
2019-12-02,125.65898132324219,128.36622780466405,125.55349460748107,127.62788785518536,2896200
2019-12-03,123.10994720458984,123.43516554056656,121.7914770915968,123.10116223221831,3839600
2019-12-04,123.16267395019531,125.06127397901427,123.05720064153998,123.91859729062303,2484600
2019-12-05,123.98014831542969,124.04166994935473,122.64409478077899,123.56702658703225,2277700
2019-12-06,125.44802856445312,126.06331189129615,124.9645868747298,125.61503691291851,2271400
2019-12-09,125.54473114013672,125.94026950852357,125.14039438683032,125.6677878194609,1585100
2019-12-10,125.57988739013672,126.2127541592753,124.59543393244223,125.4216774039383,1888900
2019-12-11,126.57313537597656,127.11809875028364,125.94905359880876,126.3709737068259,2265700
2019-12-12,129.01670837402344,129.5616717879268,125.69416440196628,126.16880779275743,3714100
2019-12-13,127.91796112060547,130.44062948380306,127.5839444214164,129.03426950039207,3311700
2019-12-16,127.76856231689453,130.35276624898975,127.65429059908094,129.83417115028314,2414800
2019-12-17,128.6563262939453,129.20130313276675,127.8564645132057,127.8916178194974,2850800
2019-12-18,129.31552124023438,129.4737445997974,127.97948142167782,128.77055798298548,2629500
2019-12-19,127.46967315673828,129.1924663080846,126.83680653439941,129.1924663080846,3576800
2019-12-20,129.7110595703125,129.88685285336308,127.66303496296214,129.54405125715573,6805400
2019-12-23,130.52854919433594,130.55491752523977,129.0167022990439,129.80777905050425,2346500
2019-12-24,129.6319580078125,130.7922179683515,129.46494967299222,130.70431460933995,966200
2019-12-26,130.28237915039062,130.2911641194791,129.20123781717749,130.00109919356015,1576900
2019-12-27,130.3351593017578,130.90649096308024,130.08026099142793,130.65159265275034,1544500
2019-12-30,129.66709899902344,130.50212709534165,129.2188107340121,130.45817542455293,1789200
2019-12-31,129.8077850341797,130.29122680998924,129.02549321956897,129.58803999173654,1952500
2020-01-02,132.31283569335938,132.33041904575924,130.07143439434336,130.96799759638338,3311900
2020-01-03,130.4757843017578,131.81183756455434,129.60558933369578,130.76584929111183,3100600
2020-01-06,130.3878936767578,130.58127035521247,128.80572694947924,129.44739202442912,2549600
2020-01-07,128.66513061523438,129.71111923696287,127.90040869333494,129.5177425130043,2841900
2020-01-08,129.80776977539062,130.5900749102151,128.7354264335202,129.06064476621157,2153200
2020-01-09,129.48257446289062,130.06270462880732,128.7793876022801,129.92206457425047,2272500
2020-01-10,128.4453582763672,129.84293332908996,128.18166158041527,129.60560496151612,2393700
2020-01-13,129.0518341064453,129.06061907697946,127.9355258888454,128.79692242709862,3355200
2020-01-14,128.9287872314453,130.071463978306,128.60356890500333,129.60560562501354,2742200
2020-01-15,127.9531478881836,128.9815530623795,127.62791610982664,128.52447962534595,2640500
2020-01-16,129.97479248046875,130.0275291443293,128.54206393428962,128.70905889912373,3070900
2020-01-17,130.8068389892578,131.24056527277125,129.7623734781981,130.3023129306322,3331500
2020-01-21,129.09849548339844,130.88647993074187,128.95686894115823,130.29343397964277,2476700
2020-01-22,126.2483139038086,129.7269294263934,126.1509473532242,129.4525364673599,3602400
2020-01-23,126.35453033447266,126.76170324012163,123.74335359973873,125.52249133624396,3182700
2020-01-24,124.25675964355467,126.3102906766224,123.26538725970144,126.17752422203353,2526200
2020-01-27,120.14083099365234,121.9819358070118,119.99921793589589,121.17644991874468,2920500
2020-01-28,121.03479766845705,121.7960233206957,120.04342554766482,121.28263732209304,2763800
2020-01-29,120.18508911132812,121.93767391832266,120.08772253836996,121.78720076125136,2620000
2020-01-30,119.8221664428711,120.353259253652,117.64471563242198,119.28222703753592,3862600
2020-01-31,116.26390075683594,119.48583077684302,115.54692134735086,118.4502118603678,6785700
2020-02-03,114.8653564453125,117.86599970200687,114.44933690328916,116.3435480814642,4385300
2020-02-04,118.17576599121094,119.29990451181058,117.44109363562204,117.72434666699276,3501600
2020-02-05,121.65443420410156,121.68098749613698,119.88414270172817,119.98150927460878,4448100
2020-02-06,121.48621368408205,122.44217239611636,120.494855096601,122.32709916498096,2283800
2020-02-07,118.0518569946289,120.81352027880996,117.72435746503416,120.4151939786282,3812300
2020-02-10,118.89275360107422,118.90160019408953,117.52962192678096,117.75975490141865,2331600
2020-02-11,120.5479736328125,121.4685190545587,119.54775484746636,119.92837445411324,2381900
2020-02-12,123.55747985839844,123.86728624295314,122.22976136387986,122.50415435841354,3222000
2020-02-13,123.67256927490234,124.36298190175708,122.53072365692915,123.920409012427,3318800
2020-02-14,122.1412353515625,123.58401336709288,121.16756987559212,123.46895363356822,2813400
2020-02-18,120.8932113647461,122.6546563162528,119.56549270450306,121.67214396742284,3869700
2020-02-19,121.14102172851562,121.45082807662324,120.43290258016204,121.07905505639437,2134900
2020-02-20,121.2029800415039,122.93787135333318,120.55682753783152,120.60993411261964,2678200
2020-02-21,121.4508285522461,121.65440824983584,119.59201746881968,120.82236926023069,2855600
2020-02-24,116.98971557617188,118.48561409839496,116.88350240506816,117.30836859573569,4964800
2020-02-25,114.18377685546876,117.848278921278,113.5199176877044,117.69780579733468,4840200
2020-02-26,113.5199203491211,115.94522409446331,112.9003211459314,114.75911875550052,3902500
2020-02-27,109.11188507080078,113.76775238799056,109.06763184675988,111.17427574921486,7369000
2020-02-28,109.97048950195312,109.97048950195312,105.3588816504106,105.8368610936907,8300700
2020-03-02,112.944580078125,113.19241977192004,108.88176491243102,110.68746279267008,6100200
2020-03-03,110.09441375732422,114.67946850450478,109.56332771678456,112.41349779653537,6358100
2020-03-04,112.76754760742188,112.80295424079742,110.0324442690034,111.59030237190316,5074700
2020-03-05,107.96119689941406,110.51041348901964,107.31503771792376,109.0056688516438,6015300
2020-03-06,107.46550750732422,107.85496689573692,105.1818307279729,105.33230382697607,5767900
2020-03-09,92.11713409423828,100.01263394874591,92.08172744765108,100.01263394874591,8636200
2020-03-10,94.2591552734375,96.5339792488969,87.72678302268983,96.16221970888996,8293200
2020-03-11,89.12530517578125,92.71899385041569,88.57651251852512,91.87810830194807,6543600
2020-03-12,81.66354370117188,83.45153503346879,77.45024830263341,82.76112247195685,10285900
2020-03-13,88.19590759277344,88.43490068801118,79.78702434042778,87.08947558588585,8718600
2020-03-16,82.68146514892578,93.69267334053178,78.33539641159557,78.77796927267804,9899000
2020-03-17,88.69158935546875,88.90402916875297,82.2919902373179,84.98283376079098,7206100
2020-03-18,88.62076568603516,91.12572219979958,82.41589413458392,83.19481970649888,6995100
2020-03-19,91.17884063720705,92.4091923526352,86.08040062208339,87.83299169866861,6870800
2020-03-20,84.53142547607422,92.0463115673126,83.34533332346047,91.27623902895569,7650300
2020-03-23,81.30062103271484,85.18640962978506,80.229595679956,83.11517219216672,6737500
2020-03-24,89.70066833496094,90.31142107211842,84.23932060079937,85.02709978921565,7417100
2020-03-25,92.64818572998048,96.03829490354688,87.18683915206789,89.55017621696283,6578100
2020-03-26,97.80860900878906,98.22462860724522,91.07264906078434,92.80753398486372,6059600
2020-03-27,93.32975006103516,97.04735871392174,91.52405230722248,92.43575115404649,5746500
2020-03-30,98.87960052490234,99.87981248379526,92.87831526529676,94.11752028496988,5725600
2020-03-31,102.71229553222656,103.48237463008724,97.59615507970084,98.01217458935692,8970800
2020-04-01,98.56095123291016,103.34073833971904,96.9234333892868,99.21595701973465,6847000
2020-04-02,103.33189392089844,104.90745198503572,98.36622663828038,98.45474659946778,8106500
2020-04-03,101.49964904785156,103.42041346835784,99.24253171484024,102.23432155074116,5036400
2020-04-06,106.59807586669922,107.7487677506738,104.56223845755174,106.25286965213174,5785600
2020-04-07,107.91696166992188,114.00676838234084,106.66890974978998,108.77555407581532,8489900
2020-04-08,112.76754760742188,113.4579533223081,107.1380212100822,108.86405238010975,4686100
2020-04-09,110.66976165771484,114.71488383865696,109.0056902349822,113.87398465005778,4752100
2020-04-13,101.03050994873048,106.26172325672638,100.53483061442778,106.17320330149424,10519600
2020-04-14,103.10176849365234,104.30556036723216,101.35803047909592,103.11946843531328,7166300
2020-04-15,98.72028350830078,100.1099617713455,97.18898546687636,99.98604193284147,5652800
2020-04-16,100.21619415283205,100.43748057102742,96.35695847925425,99.00354214999604,5926400
2020-04-17,103.88753509521484,104.10191846444002,101.6990146320692,102.23497646269436,4132300
2020-04-20,102.36896514892578,104.57534797830306,100.15365450684702,102.22604517933564,4083800
2020-04-21,98.12593841552734,99.1889343909644,97.00934829515238,99.1889343909644,5743300
2020-04-22,98.83162689208984,100.13580337053706,97.5542474868444,100.07327459469116,3794000
2020-04-23,100.85934448242188,102.93173524347112,99.10852537047344,99.44797309111372,3545400
2020-04-24,101.8687515258789,102.17246076988306,99.34078983672532,101.82408519464283,3045300
2020-04-27,102.90493774414062,103.73568102574976,98.01874534061687,99.01920567795268,5344800
2020-04-28,103.13719177246094,105.40610363461424,101.27025642849767,105.28104609076624,5604600
2020-04-29,107.24623107910156,107.92511968796568,104.09298209949318,104.47708932113844,4261100
2020-04-30,103.95899963378906,105.6294208353276,103.0210680621698,105.40610282087658,4040500
2020-05-01,99.0459976196289,102.36003594567312,98.76908547847516,101.8330087331386,3960400
2020-05-04,96.2232666015625,98.51004087549904,95.20493700675485,98.27778823357582,4500700
2020-05-05,97.28626251220705,99.2335890442006,97.13440108378217,97.58103711004672,3477400
2020-05-06,96.17859649658205,98.47430530914268,95.31212154911512,98.28671900326708,4465300
2020-05-07,95.83916473388672,98.30459764602112,95.38359405319198,97.38452165536792,4377900
2020-05-08,100.14472198486328,100.2251131916124,96.74135792999635,97.33984851954328,3911300
2020-05-11,97.01828002929688,98.94774415586392,96.63417276674474,98.40285446329582,4207300
2020-05-12,93.79354858398438,97.66141750883932,93.79354858398438,97.4648966023388,3874100
2020-05-13,93.32904815673828,94.05259619199798,91.60503317169936,93.91860404821416,5376100
2020-05-14,94.85657501220705,94.93696623717813,89.52373900509737,91.56039848587524,5542400
2020-05-15,96.40192413330078,96.46445290817375,93.1504142096551,93.9543604688258,6583100
2020-05-18,102.744140625,103.31584096480783,100.05539685942216,100.242983158291,5603500
2020-05-19,100.117919921875,103.11931416303231,100.05539115914772,102.68160600881735,3404900
2020-05-20,103.3426284790039,104.94158600071464,100.9843912039428,101.2166369914743,3735700
2020-05-21,101.88660430908205,103.33370743334642,101.67222093275107,102.68161586080376,2342300
2020-05-22,100.46630859375,101.97594053968848,99.57303654339586,101.94913665347292,2735100
2020-05-26,104.87905883789062,105.90631608830093,103.60167972651314,103.60167972651314,4185100
2020-05-27,109.3543472290039,109.4168759910381,106.77279191554048,106.94251576182924,4462700
2020-05-28,107.85365295410156,111.50713876057134,107.44274867636672,111.43567536919376,3743700
2020-05-29,107.30876922607422,107.8268686522155,105.02199495224367,106.8621331997714,4219000
2020-06-01,107.63928985595705,108.26457761039792,105.05773398885408,107.06759624757524,2131300
2020-06-02,110.15829467773438,110.60493064493492,108.33601911374132,108.83624921616624,2977500
2020-06-03,113.52595520019533,113.75820786932891,111.6679542925036,112.0609894074308,3712600
2020-06-04,115.19635772705078,115.25887967639576,111.4267421578939,112.02523954938368,3076700
2020-06-05,120.69892120361328,124.4953276101593,119.15356429459528,123.13756383853966,5591900
2020-06-08,123.02142333984376,125.0044883091028,120.87757594995526,120.87757594995526,4139200
2020-06-09,119.86820220947266,120.95799541581007,118.99279924430492,120.60961979281711,3819600
2020-06-10,118.30494689941406,120.93116878330896,116.62559116299168,119.4483339790317,4018700
2020-06-11,108.57720947265624,113.30261214412153,108.5504055891498,112.9185117438103,5969300
2020-06-12,110.00645446777344,111.81086101253376,106.61201794717988,111.12304453176804,4492700
2020-06-15,110.41737365722656,111.10519023058198,105.41505086017332,105.8616869458946,4093100
2020-06-16,116.22364044189452,118.30496619526564,112.9006669403172,117.34915844846051,6892400
2020-06-17,114.54427337646484,116.54520771416024,114.12444122952766,116.26829555412986,3228100
2020-06-18,113.97258758544922,115.21423529865147,113.17757593642403,113.57061785374005,2467700
2020-06-19,113.85646057128906,116.1253725136006,112.31110366123204,116.1253725136006,6488000
2020-06-22,112.36469268798828,112.98105258717167,111.30169676101978,112.87385748705827,2806300
2020-06-23,112.77559661865234,113.9547154552483,112.40042399226384,113.79392621320682,2357100
2020-06-24,109.03277587890624,111.51607089700752,108.82732713963492,111.47141138700802,3766500
2020-06-25,111.39996337890624,111.5071584849342,107.9072729927804,108.6308212168745,2903400
2020-06-26,109.32755279541016,111.15876300857695,108.48787498633136,111.06050254942416,3645800
2020-06-29,111.88232421875,112.58800995578903,110.12257719051814,110.51561907320442,2798700
2020-06-30,112.9989242553711,113.49915446649148,110.77467856363884,110.77467856363884,2778800
2020-07-01,112.60587310791016,115.58939850128944,112.44508386535452,115.57154287396372,2807800
2020-07-02,114.08869171142578,116.42905980063148,113.6152586801017,114.56212474274987,2527500
2020-07-06,115.6161651611328,116.5719725513904,114.49064757442184,116.24146633955183,2491900
2020-07-07,113.62420654296876,115.00878100146362,113.26690316088956,114.10657428692582,2018100
2020-07-08,114.45494079589844,115.5268644237164,112.97210606845522,115.5268644237164,2279500
2020-07-09,112.31109619140624,114.65147138138988,111.7661997037197,113.92791639725908,2663500
2020-07-10,114.34776306152344,114.54428402502415,112.39150168650627,112.5254938720864,2691400
2020-07-13,116.63452911376952,117.99229271125108,115.0981002158705,115.60725815736387,3708400
2020-07-14,122.27105712890624,122.65515748797968,115.43751918987785,116.41119588080792,6540800
2020-07-15,123.59310913085938,125.20992920023664,122.47651917905203,125.20992920023664,4915200
2020-07-16,123.77178192138672,125.94244024589838,122.91424832498149,123.53953607866256,3621500
2020-07-17,123.20479583740234,124.58173663827104,122.87181428220671,124.07776010100284,2458200
2020-07-20,121.16190338134766,123.24980833776328,120.8289080623384,122.1788512286498,2478000
2020-07-21,122.27780151367188,123.45674923730256,120.9818543653879,121.28785180430212,3221100
2020-07-22,123.27677917480467,124.07774472923232,121.66585339044497,121.7198489081299,2156800
2020-07-23,122.93478393554688,123.76274712051688,122.1338185052358,123.2047614821362,1613700
2020-07-24,123.8167724609375,124.81573082097717,123.15980405207564,123.47478250975972,2036300
2020-07-27,125.89568328857422,126.3006634410076,123.348789187616,123.4297824716366,2506900
2020-07-28,124.22175598144533,125.9856875751948,124.12275961038289,125.0407247118408,2029900
2020-07-29,126.4716339111328,126.96661566034042,124.01474197893744,124.71671110242184,2338300
2020-07-30,123.05178833007812,125.18470739858957,122.3678222208891,125.16670431530515,3063500
2020-07-31,119.5869598388672,121.62986377503162,117.18406284860065,119.18196593646095,6780900
2020-08-03,118.59697723388672,119.6949318426082,117.98500973778816,119.06496126358654,2851100
2020-08-04,118.36302185058594,119.1909853529881,117.59804855576208,118.22801929320588,2301800
2020-08-05,121.46788024902344,122.3408445451792,119.34396923966474,119.49696114187446,2767800
2020-08-06,120.94588470458984,121.6838600877456,120.32490876811228,121.06288415126804,2446400
2020-08-07,121.42286682128906,121.593861792025,119.2629635955284,120.59490346033648,2223700
2020-08-10,127.81260681152344,127.9386009419606,122.10683730716318,122.15183815353294,5181600
2020-08-11,128.27159118652344,131.57445029558156,128.05559534869752,129.61253959823827,4206000
2020-08-12,128.30758666992188,129.74751760514292,127.19162886595323,129.54952487004638,2541200
2020-08-13,126.59764099121094,128.46056874760353,125.787680760284,127.43461271334252,2939900
2020-08-14,125.95867919921876,126.7956372121305,124.88772229315192,125.49968982100188,2038500
2020-08-17,124.8427276611328,126.5346605873238,124.46474527530228,126.12966670819888,2284000
2020-08-18,124.52772521972656,126.09366388836668,124.26674230778436,125.04970477593994,1563200
2020-08-19,124.2127456665039,125.92266778885102,123.70876919812072,124.64472353478538,1849500
2020-08-20,123.72677612304688,124.17675713835128,122.07984395915304,122.41283924846326,2279700
2020-08-21,124.58173370361328,125.09471863774708,123.11480497411934,123.11480497411934,2524600
2020-08-24,127.50660705566406,128.01959197707305,125.16671414117532,125.77868169759653,2921700
2020-08-25,127.02961730957033,130.4314722095207,126.48063999860852,128.39756324927208,2467500
2020-08-26,127.64160919189452,128.1905865486463,125.82368214837275,126.42665502671817,2379900
2020-08-27,129.02752685546875,129.90049095407116,127.14660987284212,127.91158294310712,3010300
2020-08-28,129.26153564453125,131.25945221603698,128.4155692381044,129.84650540267958,3698700
2020-08-31,128.0735626220703,129.2345210437935,128.03757019199608,129.14451937011685,2886500
2020-09-01,131.43942260742188,131.50241279211855,126.81361954093052,127.49758555993792,2673900
2020-09-02,134.33731079101562,134.589299013424,131.7544109128374,132.17739408595037,4515500
2020-09-03,132.0784149169922,136.07424829555774,130.76447811952187,133.72534698422962,4479100
2020-09-04,133.35633850097656,135.69624477161378,131.43042071785007,133.82432250156958,5129400
2020-09-08,133.66232299804688,135.67822853000638,131.142427350771,132.29437729255542,4775200
2020-09-09,137.4151611328125,139.92604836081242,134.28329810317643,134.814272237322,5345100
2020-09-10,134.86830139160156,137.919171921018,133.86934305547425,136.80321413442942,4387000
2020-09-11,138.441162109375,138.9541333308008,135.21030168507482,135.42628378574636,3237100
2020-09-14,138.1531524658203,139.31411105852527,136.98321292968333,138.59413876005908,2569300
2020-09-15,133.73439025878906,139.01716405135735,133.51839438416778,138.7741704089501,4092400
2020-09-16,135.9932403564453,136.7762027983931,133.52733985942476,134.9942821194681,3302000
2020-09-17,138.4771270751953,140.6190406974438,134.22930599522067,134.85929028340777,4487000
2020-09-18,137.1452178955078,140.58307955927,136.84822876756516,138.30616291170975,5113500
2020-09-21,130.79150390625,134.54434450991758,129.47755309489656,133.69837787234752,4278200
2020-09-22,132.4293670654297,132.74435917334793,130.0444739020256,130.50344945451283,2579500
2020-09-23,129.9365234375,134.01335037095043,129.23455414646423,132.7263975158309,2420100
2020-09-24,130.62049865722656,132.69041423389135,128.45158670025904,129.61254549947614,2138800
2020-09-25,131.31346130371094,132.02442525549742,128.70356321287636,129.4955341828304,1848900
2020-09-28,132.90635681152344,135.27326082497717,132.663377004062,133.1943511893962,2212700
2020-09-29,132.66336059570312,134.06729868336856,131.5834092769086,133.5273161578083,1605600
2020-09-30,134.22930908203125,135.84924321458433,132.9603732661658,133.19435841162905,3642800
2020-10-01,132.0334014892578,135.27325572419397,131.0794304477717,134.92227117210103,2157400
2020-10-02,134.94029235839844,136.11924027534613,129.36952588152732,129.83750992455091,3220500
2020-10-05,138.13514709472656,138.99910276682928,136.4522091241126,136.94719088017555,2597700
2020-10-06,136.3712615966797,139.89911152779698,136.14627106230486,138.59416917488952,2559800
2020-10-07,139.28712463378906,140.44806958863975,137.87417768148785,137.9461762904265,2334200
2020-10-08,140.98805236816406,141.05104256831393,138.81014594279452,140.16908363990194,1842900
2020-10-09,143.03994750976562,143.44492762092327,141.6539984846835,142.07698167900986,4084200
2020-10-12,146.34283447265625,146.87380880443976,143.56195493941888,143.96693512921425,4279800
2020-10-13,145.9018096923828,146.85576704944137,145.00184784876865,145.54183044786834,3319000
2020-10-14,147.24276733398438,148.33172727761774,146.2438090734816,146.38780627355902,4087100
2020-10-15,148.5297088623047,149.195685625074,144.1288956338279,144.236900401941,2958500
2020-10-16,151.8686065673828,153.45253494260902,149.95168287236382,150.51866339789495,5569000
2020-10-19,150.77061462402344,153.01152467808555,150.11364628810784,151.85957455524917,2757700
2020-10-20,152.08460998535156,154.12751419621202,151.11264920707902,151.37363219060617,3007100
2020-10-21,150.65359497070312,153.46148503417243,150.05963063841847,152.82250613454613,2502000
2020-10-22,152.6875762939453,152.85857129360377,150.19467738108037,151.17563279431525,2356800
2020-10-23,152.65133666992188,154.51658008700971,151.71871496137797,153.35759361782488,2857300
2020-10-26,147.7708740234375,150.8856545192397,145.62494107952242,150.8856545192397,4506600
2020-10-27,142.9810333251953,146.54854397880462,142.1661119393502,145.7426860252894,4857900
2020-10-28,136.86917114257812,140.73547071210956,136.28967799709804,139.2595820947093,5645100
2020-10-29,140.04734802246094,140.80793029997324,135.4838405411786,136.36213691504705,3867200
2020-10-30,142.20233154296875,142.4196328496387,138.57143229367665,139.40446668993548,4373500
2020-11-02,147.83433532714844,148.35950334906758,142.74564495706855,144.14910955506832,4072400
2020-11-03,151.83644104003906,153.02259026880728,147.65322435446942,149.40075381274085,4843600
2020-11-04,140.55442810058594,147.0284696865777,140.55442810058594,144.1309891863294,9081700
2020-11-05,147.67129516601562,149.36451277834684,142.7003344292253,142.76370937057936,4821600
2020-11-06,146.04150390625,149.8897053907678,145.56161164994813,148.44097900396977,2983000
2020-11-09,154.67051696777344,159.69580349333842,154.03668459859566,157.5770326950367,5969600
2020-11-10,156.01055908203125,158.4462455439157,154.62520817822872,155.6483672605175,3499100
2020-11-11,153.4390869140625,156.40899130350547,151.63721854555337,156.08302551362965,2345500
2020-11-12,153.1402587890625,154.9240138179959,151.8001697515556,152.86861837247568,2185500
2020-11-13,155.47634887695312,155.93812792750248,153.1945886526382,154.19964855247406,2120200
2020-11-16,156.8164825439453,158.45536150087486,155.5850574676329,158.45536150087486,3902400
2020-11-17,155.65744018554688,156.1735445654016,154.10004979855756,155.89285452173598,2110800
2020-11-18,156.4089813232422,158.79939235773315,155.77514901611096,155.77514901611096,3165100
2020-11-19,156.55384826660156,156.87076442829314,154.5709047547671,156.19167020998884,2012100
2020-11-20,155.94715881347656,156.75301655953936,155.11413840983218,156.14636084654416,2449800
2020-11-23,158.256103515625,158.90803502100766,156.86170290568248,157.3325315802985,2403500
2020-11-24,160.1757049560547,161.46146900174207,158.69981605776684,159.58716208336563,3447000
2020-11-25,158.12030029296875,159.7953910547408,156.44519571498964,159.7772918234748,2506400
2020-11-27,158.5277557373047,159.28833794475665,157.44120775291515,157.92109989448892,976900
2020-11-30,157.17861938476562,158.3466691938727,156.12828366301858,157.19673243271504,2382600
2020-12-01,156.8798370361328,159.87691823111138,156.5900973116202,158.8084693199611,2710200
2020-12-02,157.43215942382812,157.93016466084194,155.99248286099512,156.87982885481435,1971000
2020-12-03,158.12030029296875,158.52775405576696,156.897925188367,157.4321426510626,2903900
2020-12-04,164.98370361328125,166.43242983897565,159.0167178275772,159.2883583124602,6086200
2020-12-07,161.81459045410156,163.3357550032848,159.867845236358,163.3357550032848,4587400
2020-12-08,161.9322967529297,163.65267727554902,160.7189849150946,160.86386168217584,2001600
2020-12-09,163.0460205078125,163.4172482242382,160.266254545775,162.6385528754917,2915500
2020-12-10,161.94137573242188,162.55708132731155,160.39303449504413,162.29450425095217,3109400
2020-12-11,162.3397674560547,162.78344742030953,159.56906462443922,160.25722243154556,2673400
2020-12-14,161.21694946289062,165.99777103984158,160.9724717071927,163.5258722715353,2533600
2020-12-15,164.55812072753906,165.48167894355822,162.09527118573934,162.91922836086923,2360300
2020-12-16,162.52987670898438,164.13254287153285,161.49765408921905,163.7522517817463,2031800
2020-12-17,162.23106384277344,163.6435774673154,161.69684642614388,163.58925214578778,2296500
2020-12-18,163.85183715820312,164.15968984677275,160.6917808444821,163.0459793462383,5262700
2020-12-21,163.12753295898438,163.78851430713857,159.65057294322824,160.21195322662953,2071000
2020-12-22,159.88592529296875,163.12746963192706,159.795373881542,162.33971103788997,2493300
2020-12-23,161.55198669433594,162.33973157180716,160.27528623924252,160.67369039398437,1862500
2020-12-24,162.58424377441406,162.84683466662466,161.48864593317893,162.4846427146463,585700
2020-12-28,161.50668334960938,163.99669507450528,161.45235803165895,163.41720198935954,1508800
2020-12-29,159.9493408203125,162.42125405429357,158.55493991742318,162.2311015685223,1490300
2020-12-30,163.01881408691406,165.0017712861965,161.79645286306223,162.77435013186752,2720600
2020-12-31,164.8116455078125,164.88408388332218,161.85079080881388,163.2089792631536,1717800
2021-01-04,164.9293670654297,168.39727702437412,163.20900032771004,165.69901281537275,4078300
2021-01-05,166.27847290039062,168.23426745271323,164.07821439118254,164.07821439118254,2933700
2021-01-06,175.53228759765625,178.62895581330008,168.5511924175393,169.45665144490445,8034700
2021-01-07,175.86729431152344,178.71043496407202,174.02921368225006,178.23960624081718,5297500
2021-01-08,175.89442443847656,176.79988325353014,173.23238712783126,175.52319682462044,3186600
2021-01-11,175.53228759765625,176.9810275679238,172.3179052872683,173.44972907147476,2540800
2021-01-12,178.86436462402344,179.28088184278965,175.0342769259202,176.27475133364592,2466100
2021-01-13,177.37037658691406,181.2457402994096,177.2888885865422,179.99620236220562,3154700
2021-01-14,178.7375946044922,179.19938752015162,176.89046439047658,177.5605090000606,2486600
2021-01-15,176.22042846679688,177.20738929004122,172.83402060481768,177.16211357620668,3317100
2021-01-19,176.64822387695312,178.51429314723646,176.08385699227105,176.85758354551024,2361200
2021-01-20,175.08255004882812,176.50257893428534,173.33482112136426,175.37384514826286,2501100
2021-01-21,174.9460906982422,176.33881301371576,172.99809901001814,175.09173831168644,1951200
2021-01-22,174.718505859375,175.51955377183864,172.32447377808367,173.72630762489504,2027000
2021-01-25,170.53121948242188,174.1996331675948,170.19442157610226,173.46231132418214,3837100
2021-01-26,170.412841796875,172.41544699130466,170.06693233875643,170.76784901820702,2506000
2021-01-27,164.4232635498047,168.90182266915966,163.24899898007942,167.67294372683662,4095300
2021-01-28,167.80035400390625,170.77696182322867,165.04221752838268,165.90697736013115,3445400
2021-01-29,166.43495178222656,171.87841524810528,164.51426781330244,167.03573760523798,4541400
2021-02-01,168.1462860107422,170.03966290807944,165.68854209515598,169.27503393695804,2738200
2021-02-02,175.2282257080078,175.4831020160421,168.98372838173375,169.76656672490108,5265400
2021-02-03,174.27243041992188,174.34525420554831,172.09687017455522,173.78088722908942,2979000
2021-02-04,174.45448303222656,175.32835457049347,173.13458490512028,174.7730853582977,2253800
2021-02-05,175.68338012695312,176.89404964640767,172.9616481495582,175.2464512572093,2240000
2021-02-08,179.734130859375,179.8160524284877,177.20356275550196,177.50395573196863,2725700
2021-02-09,179.57937622070312,180.83556244115337,177.40381558497398,179.81604314916677,2331600
2021-02-10,179.97987365722656,181.79132892237732,178.65086383384912,180.68988822775017,2816400
2021-02-11,180.55332946777344,180.6170415931114,176.94862881285985,179.8615105144632,2178200
2021-02-12,180.2256622314453,180.9265651863914,179.10601205511057,180.21655057636937,1804200
2021-02-16,184.22174072265625,186.770503509383,181.36347340635655,181.82770936614276,3722700
2021-02-17,184.1489715576172,184.69512922115473,181.86416824586857,184.2308931236899,2290400
2021-02-18,181.98248291015625,184.67690756078613,180.76271568880117,183.4662381044677,2345800
2021-02-19,191.07614135742188,192.48707269492425,184.513041752772,185.0136966002363,4937300
2021-02-22,198.4948883056641,199.2322100369354,190.55727623693227,190.82126419610157,4578300
2021-02-23,200.42466735839844,200.93443385115,194.14376524430745,199.83299320624377,4125100
2021-02-24,202.5092010498047,206.332359326126,200.15158839987345,200.63403380268667,4925000
2021-02-25,201.9175262451172,204.26602723338047,200.00594016847555,203.556012722563,4313000
2021-02-26,196.5104827880859,202.44547519067177,196.4558684239082,200.94352461691875,4461300
2021-03-01,200.0424041748047,202.6093911561851,199.2595656510206,199.63278243450705,2871200
2021-03-02,196.45587158203125,199.66003470950827,195.7185359846299,199.0683605684496,2854300
2021-03-03,195.6275177001953,198.03064700328233,192.9877076276686,193.10604801238844,2664000
2021-03-04,193.67955017089844,197.22962324686213,189.765358132196,195.23611533123704,3568400
2021-03-05,200.4064788818359,200.9708458708108,192.5234810068416,195.10866295018624,3602300
2021-03-08,201.69908142089844,204.17503477023473,198.631453864654,201.14381216484023,3048700
2021-03-09,197.3479461669922,202.3817740546222,196.74716034897315,201.51701416550105,2902400
2021-03-10,201.2256774902344,202.12685603126909,197.7029126393321,198.19445573189665,2435800
2021-03-11,200.0424041748047,203.5378772866546,199.48713482782156,202.99170570644424,2960000
2021-03-12,208.45333862304688,208.4715480439255,198.54952490227257,199.3505727443112,4756500
2021-03-15,210.03717041015625,211.00206112068932,205.56771018938187,208.3349441873204,4215300
2021-03-16,206.1412353515625,210.46504900028816,204.60286574681896,207.28817881387337,3539200
2021-03-17,212.6678924560547,213.2777760136503,206.75109550329285,207.66137195756392,3518500
2021-03-18,209.9825897216797,216.4455588390377,209.1269414245664,213.0047145611504,4336200
2021-03-19,205.07620239257812,209.0450087943104,203.94746833492945,208.22576543700288,7485100
2021-03-22,205.7406768798828,206.7965869531533,203.5105024663059,206.28683438887467,2211600
2021-03-23,198.6678466796875,205.03068443275092,197.2113987197342,202.13599793201595,4017600
2021-03-24,201.3804931640625,206.73292414528535,200.7250928851487,200.7250928851487,4258000
2021-03-25,204.12953186035156,204.78493213736832,196.65615470506927,199.55993934273988,2901800
2021-03-26,208.90841674804688,209.21790736525324,205.00333742227016,206.04105187797907,3040100
2021-03-29,209.5638732910156,211.04762854648533,207.27908409805815,207.6340914051666,3003200
2021-03-30,212.1672210693359,213.66007378223975,210.40128266352093,210.4558970241601,3139100
2021-03-31,211.06581115722656,215.74463189026488,208.31678608162585,213.32330691575984,4512300
2021-04-01,211.85777282714844,213.91499286461172,207.16984018160375,210.54697235064444,3787100
2021-04-05,212.74073791503903,214.51577440378048,211.52095678584948,213.9149885492164,2323400
2021-04-06,209.9461669921875,215.4442308251648,209.5729503014989,211.63928180219372,2614500
2021-04-07,209.73680114746097,213.17764503318764,208.77191032835572,211.1477324294257,2449600
2021-04-08,209.8004913330078,210.3193555247005,206.78747880707496,209.48190294118703,2158900
2021-04-09,210.0463409423828,211.3662393317908,207.12434672938917,210.54699588725333,2482900
2021-04-12,210.21014404296875,210.54695579067717,208.3895910553965,209.63667929689103,1688200
2021-04-13,208.77191162109375,212.5495533735595,207.58854944535332,212.4676318257055,2286400
2021-04-14,211.7121124267578,213.20496534802177,208.9539757117989,208.99949231525616,2491000
2021-04-15,211.6575164794922,212.4949692750653,210.03722526136096,212.23098128586815,1860200
2021-04-16,212.4221343994141,214.7706495445701,211.4299363021537,213.5690778420503,2128400
2021-04-19,211.53912353515625,212.1854258646455,209.28164204304213,212.00335948019332,1712600
2021-04-20,207.20623779296875,210.54695077887644,205.3583776657462,210.18283185619916,2815800
2021-04-21,211.6029052734375,211.7394412080185,205.74072172697072,206.9240840889743,1977700
2021-04-22,208.3531951904297,212.4858445409091,208.2439664511229,212.32200143194893,2410700
2021-04-23,210.41058349609375,211.8187399649817,208.3714947951215,209.7247900181767,3458300
2021-04-26,210.82205200195312,212.91601585368215,210.273425603588,210.8312048443866,1864800
2021-04-27,210.6208343505859,211.09632161060537,208.5543155686751,210.57511200688208,1959300
2021-04-28,212.4130859375,213.7115198123548,209.74306521494617,210.35570566595135,2965300
2021-04-29,207.99656677246097,215.06480682110777,204.09211245316857,214.8819313721426,5442400
2021-04-30,208.5818023681641,208.8378308188693,205.628322342348,206.213532222889,3953500
2021-05-03,208.6366424560547,211.1603571938575,207.75883470051576,210.30998005864777,3182900
2021-05-04,213.42807006835935,213.96755757004195,206.05807865112516,207.56681866837403,4040700
2021-05-05,217.5154266357422,218.8412913504869,212.00164771288607,214.5345017977932,3690600
2021-05-06,216.7747039794922,220.3499625634844,215.79629880887865,217.62508100217423,4527000
2021-05-07,220.359130859375,221.18207732307664,213.1994463961641,215.467132568199,3327900
2021-05-10,221.84046936035156,224.73908804837393,221.8221776280207,222.65427704277735,3752900
2021-05-11,218.81382751464844,222.18793343794783,216.29009875120337,218.33834016099163,3163100
2021-05-12,217.0033416748047,222.40738344625024,216.19867289692297,220.6151843805181,3668500
2021-05-13,219.5178985595703,220.3591367757744,214.48874704025084,215.8328892463851,2228100
2021-05-14,221.4929962158203,222.5171239388249,219.5270605415544,221.28269012777184,2041600
2021-05-17,223.83380126953125,224.43730277120036,220.47798745631283,221.95931059245532,1998400
2021-05-18,218.96926879882812,224.5196163054323,218.91440755747004,223.83382288345055,2436200
2021-05-19,216.59182739257812,216.78385567331796,212.0838857170138,215.88775625236937,3143100
2021-05-20,214.872802734375,217.2593644313617,212.6782553845867,217.1496279947453,3339200
2021-05-21,216.93017578125,218.90525019183983,214.89107333622744,216.34496596468583,2479100
2021-05-24,218.585205078125,219.18870657987256,215.99747647442103,217.34163256808532,2372700
2021-05-25,216.8661651611328,221.1820928593765,216.4729836315802,219.00583727905368,2265700
2021-05-26,217.35997009277344,218.9967244411439,216.36327293504604,217.0856499021375,2070000
2021-05-27,220.6243438720703,222.53541844549125,218.4755186179814,220.82551108532564,3594700
2021-05-28,220.44146728515625,221.52044237582865,218.3475032902004,221.20041377635167,2290700
2021-06-01,221.9776306152344,223.96185809456196,221.10896165645104,223.12061975902935,2476000
2021-06-02,222.61769104003903,224.11729207249817,220.09396236047192,222.2610790247745,2348500
2021-06-03,222.9651641845703,225.34258707030537,220.2494209933474,221.67586914378705,1923200
2021-06-04,223.1297607421875,225.57118374926873,221.57529837974857,224.135582763764,1837900
2021-06-07,219.2344512939453,223.4132261983877,218.19204577846688,223.1571977526564,2330700
2021-06-08,219.60020446777344,220.56031806429976,215.8511947870528,218.9052581928576,2212300
2021-06-09,214.56190490722656,218.71324906674636,214.37902944459432,218.5395124938695,2919600
2021-06-10,206.4055328369141,216.39068360686247,206.26837973049436,215.92434909253225,6281800
2021-06-11,201.80613708496097,208.40804273174945,201.193496649082,206.9267334376094,8734900
2021-06-14,200.2608184814453,202.9674226643476,197.14275498759025,201.23008490642243,7213300
2021-06-15,200.67230224609375,201.87929139497183,197.74623919517165,201.0654837714661,5055900
2021-06-16,198.56919860839844,200.60828710098556,198.14857251249353,200.2608139762164,4156900
2021-06-17,191.5192413330078,199.58417872091988,190.08365434971347,198.3954673252125,7995300
2021-06-18,190.9797515869141,193.67720290699,187.90739651642855,188.5291758514957,7156400
2021-06-21,194.95733642578125,196.80439643851,193.30227678194828,193.4394438211616,5633900
2021-06-22,194.8842010498047,196.43866330033316,193.1011270466224,195.21338244012267,3776400
2021-06-23,195.4876708984375,198.21256647476767,194.3812654595091,195.3139483061893,3283400
2021-06-24,200.5625762939453,202.9308463167049,196.89587235192172,198.00227796683876,6827600
2021-06-25,197.79197692871097,202.76626775912572,196.84101612995696,202.2450580286761,11274200
2021-06-28,197.75538635253903,198.22172083603016,195.27738009123792,197.91997006935864,3172000
2021-06-29,196.68557739257812,199.97737775432375,196.21922889243197,199.3738761379606,3443400
2021-06-30,198.99896240234375,199.2915603326327,195.73457910340093,196.2466359457835,3249500
2021-07-01,198.15773010253903,200.97404281998683,197.64565929231836,200.3979858313058,2426300
2021-07-02,199.11781311035156,199.67559227361917,197.12444708744547,199.0263823662514,2433600
2021-07-06,195.24085998535156,198.9349951845674,193.2474794336292,198.79784205251335,4348100
2021-07-07,196.31069946289065,196.64901982912545,193.0828988127134,194.48191659242167,2707700
2021-07-08,193.95152282714844,195.58827697686715,191.95814270613332,192.02215678893097,3723800
2021-07-09,198.80691528320312,199.87675121740392,196.04545019900456,197.4170368765699,3163800
2021-07-12,199.86761474609375,200.20593499918408,196.45693974000343,197.52677568714165,2509000
2021-07-13,196.76785278320312,200.29740352080088,196.31979605357824,200.21511165796255,2373300
2021-07-14,193.52178955078125,197.1793550414046,193.1377468485664,196.83188185499375,3185200
2021-07-15,193.3114776611328,195.1219686181504,192.13190501227697,192.27821097612812,2737500
2021-07-16,190.14764404296875,194.49100216972508,189.28811409706293,194.27155721502723,4368800
2021-07-19,186.6910858154297,187.30701394487104,183.15178202687,185.9464564951704,5391100
2021-07-20,191.17727661132812,191.79320477606308,185.983232909356,186.654316726548,3934300
2021-07-21,193.72373962402344,193.93518834669936,190.82795539874976,191.87595496886,3407300
2021-07-22,192.2804718017578,194.32131553212443,191.71049721040453,193.9719776239448,1931500
2021-07-23,192.62057495117188,193.39278216972772,191.08534844736,192.5929971238934,2302600
2021-07-26,193.99954223632812,194.95562043754975,192.593016791971,192.90557488463244,2157600
2021-07-27,192.9607086181641,194.02709801858816,190.2947491444828,190.78197612396676,2472000
2021-07-28,194.37646484375,195.5255878963853,191.30601141367987,193.05267284273313,3246900
2021-07-29,195.4060516357422,197.19868058161293,192.76766990585497,196.7298434811173,3419700
2021-07-30,190.06491088867188,191.82996182403824,186.75543161774863,191.122098252434,5834900
2021-08-02,188.60321044921875,193.87997281432993,188.4101516670768,191.21401380966495,3977100
2021-08-03,191.67367553710935,192.3999149462351,187.0128269096126,188.74111202192145,3580500
2021-08-04,188.014892578125,192.67572767317915,187.87698941645235,191.4162934887,2948700
2021-08-05,190.4694061279297,190.9014774264087,188.1803484419906,188.6859652835488,2685800
2021-08-06,191.53579711914065,193.41115938806715,190.8922771184729,192.14252330688328,2677100
2021-08-09,192.03224182128903,192.94235228528052,189.48578133084217,190.56135877335183,2747200
2021-08-10,196.794189453125,197.5571946811232,192.0965746831303,193.052638721897,4193600
2021-08-11,203.77166748046875,204.60823231209272,197.25384580613232,198.3202211886885,7794100
2021-08-12,202.4662628173828,205.7021827364754,200.83910089730608,204.3048594189768,4444500
2021-08-13,200.9310302734375,202.75123692640835,200.15880906326885,202.135308766751,2049400
2021-08-16,200.14044189453125,200.4070322332535,197.04239704111504,199.81868187403083,3132500
2021-08-17,196.2150115966797,198.9269385025483,193.58581816289168,198.7706594906036,4022800
2021-08-18,192.8779754638672,196.31615618041656,192.79524198284392,195.35089015300824,2947700
2021-08-19,187.95054626464844,192.0965908318328,186.8106252796038,191.37033727454173,4788100
2021-08-20,188.4010009765625,190.53376579640093,187.1599426268168,188.84226024491196,2765500
2021-08-23,192.2620391845703,192.82281168907588,189.2191641622484,190.52456601936103,2827400
2021-08-24,195.43362426757812,196.05875441233133,192.62057368463624,192.82282043493473,2485900
2021-08-25,197.42849731445312,198.292639958454,195.0291281969655,195.96681638804932,2599800
2021-08-26,194.19256591796875,197.19866107312657,193.49389027570643,197.19866107312657,2513900
2021-08-27,195.65428161621097,196.75743689897195,195.0935090269285,195.13027479115567,2511400
2021-08-30,194.38560485839844,196.49080562718584,193.7880666292855,196.012766627469,1922100
2021-08-31,193.8524169921875,195.16702078055675,193.43873558622275,194.22933264029277,2857900
2021-09-01,191.17727661132812,193.96274927943895,189.93621832152968,193.85242394714624,4122900
2021-09-02,194.6890106201172,195.76458804599437,192.05981668106844,192.05981668106844,2921600
2021-09-03,193.39279174804688,195.6266940598983,193.05265584317996,194.10984334755975,2512000
2021-09-07,191.42547607421875,193.36519599757665,191.0761522679736,193.0894037093148,2641100
2021-09-08,190.08331298828125,191.324357274044,188.2447163924442,190.40505897612545,2603100
2021-09-09,188.84222412109375,191.35190414068737,188.36418515585515,189.8350678054924,2777900
2021-09-10,188.46531677246097,191.10371211484332,188.2906618994593,190.3866606492504,2551200
2021-09-13,189.5593109130859,191.0853494919402,187.4724997975384,190.44184347295925,2699100
2021-09-14,186.00161743164065,189.4673757771946,185.36729939194373,189.41220609895203,3757600
2021-09-15,189.12722778320312,189.9178248507453,185.5787359257295,185.85452821019828,3342700
2021-09-16,187.16915893554688,189.73399528695543,186.45210730924424,188.8698525508009,3120100
2021-09-17,183.6298370361328,186.8657710081903,183.3540447382373,186.27742065212345,6351100
2021-09-20,175.4204864501953,178.33466001427965,173.26931803580993,177.47970540772377,9151100
2021-09-21,174.51956176757812,177.1579570622785,171.89036843212747,176.50524918750804,5699900
2021-09-22,175.90773010253906,178.8035140507646,175.73306118633514,176.50526836887815,3924400
2021-09-23,180.75242614746097,181.65334857564224,177.28668167745258,177.3418373307333,3367800
2021-09-24,180.93630981445312,181.8280163178039,179.19882244905426,179.86071838995483,2199500
2021-09-27,183.85968017578125,185.6890890433872,181.653369624624,181.653369624624,3033100
2021-09-28,184.36524963378903,185.5971058072333,182.71051013277165,184.04348966537185,3247500
2021-09-29,181.90155029296875,184.9260495579734,181.74527126511612,184.300919419184,2954700
2021-09-30,176.47772216796875,182.82087577572696,176.1651640657921,182.59105116635337,4978100
2021-10-01,178.64724731445312,180.06296057981675,175.8066188228432,177.33264339976316,3695500
2021-10-04,177.54408264160156,180.0997307570486,176.88218675282894,179.02415344463776,2864600
2021-10-05,176.9649200439453,178.71158117628474,175.33775815016094,177.20393254843407,3074600
2021-10-06,176.37655639648438,176.86378332908805,172.64420788150025,174.6666611525277,3777700
2021-10-07,179.95263671875,180.5409870516523,177.9853389780412,178.09565028190462,3510500
2021-10-08,179.41026306152344,180.71566498946376,179.02415945134777,179.99861342379765,2713200
2021-10-11,177.3234405517578,181.2580359766307,177.1303817453929,180.49501673865785,2015200
2021-10-12,174.5931396484375,177.95777495095058,174.28058157833635,176.79946408843372,4706700
2021-10-13,173.6922149658203,175.81579169564603,172.57066996980683,175.12631800272192,3253200
2021-10-14,178.64724731445312,179.0793186545545,177.06605305437563,177.93019573457838,5212900
2021-10-15,182.958740234375,183.35403174569083,179.53894964850795,180.1456898554084,4736300
2021-10-18,182.18655395507812,182.64620316460537,179.76880865158364,181.45112644173904,2809400
2021-10-19,184.90768432617188,185.22024242356423,182.44397128454145,182.57267250272545,2626900
2021-10-20,187.71153259277344,188.62162898302023,184.34689726050803,184.92605971057756,2936000
2021-10-21,185.82693481445312,185.97402589082915,183.62062477832117,185.3305199659054,3071300
2021-10-22,185.4756774902344,187.04712491327024,184.13533772190755,185.4664388259784,2632400
2021-10-25,186.917724609375,187.93452782860624,185.34627708948997,186.0580492163341,3294700
2021-10-26,184.54205322265625,187.45382612925445,184.38491131102947,187.41685736968407,2933600
2021-10-27,181.29754638671875,185.27234482117487,181.10342156644143,185.10596420793715,3406700
2021-10-28,188.6555328369141,189.03452965561297,182.1479444769004,182.43449823085228,4462700
2021-10-29,188.58160400390625,193.88751779263407,187.86984591766816,192.26062403216167,4292200
2021-11-01,189.8479461669922,191.2345072366201,188.3966721437973,188.84036773672625,3215200
2021-11-02,191.45635986328125,192.09418025166855,187.64794306921505,190.18997185463544,3429600
2021-11-03,188.15638732910156,190.95724026634824,186.55722377563427,190.661433726721,3137000
2021-11-04,188.19337463378903,189.39506413595143,187.2874917003949,188.5723715107108,2543500
2021-11-05,190.3101806640625,193.0833034950881,189.7093289211077,189.94042249035985,2591300
2021-11-08,198.04721069335935,200.0993229430495,195.2740875564629,199.56318411066945,5944700
2021-11-09,193.94297790527344,199.26738312765465,193.1572681796325,198.90686359462563,3310300
2021-11-10,191.0404357910156,194.07238238095383,190.81858088022776,193.44381462430368,3261800
2021-11-11,192.75975036621097,194.52530846941897,192.158912779488,192.158912779488,4819800
2021-11-12,193.44384765625,194.75645770000943,192.54720329951857,193.51779930580707,2018000
2021-11-15,192.00180053710935,194.75643212338912,191.1236336294673,194.11861157145248,2392600
2021-11-16,189.8942108154297,192.43624020919307,189.7370688727588,192.26985960101192,2138000
2021-11-17,187.6294708251953,189.67234400960325,185.6605633740634,189.4967106551499,3135700
2021-11-18,186.18743896484375,188.30426365982257,185.48491969098075,187.89753677843817,2119900
2021-11-19,185.2816162109375,187.5740608876381,184.56060527145237,185.7253119956588,2980100
2021-11-22,187.0748748779297,189.0622739760077,184.9580498375374,186.2521823171882,2596500
2021-11-23,189.8017578125,190.023612700149,186.34459319699965,187.6941857467433,3127100
2021-11-24,191.41018676757812,192.5101803002926,187.7219283543044,188.2580671232276,3880500
2021-11-26,183.7009124755859,186.21521186128572,181.74124334740327,185.79924622056456,3496000
2021-11-29,181.10340881347656,186.26141903312765,178.66306125733507,186.0118340260131,4559900
2021-11-30,178.727783203125,181.898380399885,177.0639065801923,179.18071759990045,6358000
2021-12-01,176.98992919921875,183.42356573239823,176.88824747302732,182.6378561253109,3425300
2021-12-02,181.9076232910156,182.67485569899085,177.30424294799755,177.7664301259465,3445700
2021-12-03,182.8412322998047,184.3109839948844,180.9370235721167,182.7210591318993,3250900
2021-12-06,186.05804443359375,187.88830146502752,183.34038193262248,184.4866110589352,2838400
2021-12-07,189.0252685546875,190.61519316676672,187.71265899910205,187.91600832871245,2818000
2021-12-08,188.74798583984375,190.60597305850447,188.2118470667106,188.95134930912985,2341200
2021-12-09,188.6925506591797,189.46902176949953,185.6883338611916,187.74044615620403,1646600
2021-12-10,188.07318115234375,190.32864235485476,186.82527033899,189.86645525432832,3315200
2021-12-13,186.0303497314453,188.80347295725568,185.29084738359572,188.40599873187656,1868500
2021-12-14,186.39083862304688,188.5538711618016,184.68999324752176,184.87486529184704,2248800
2021-12-15,187.2320098876953,187.2782314218354,183.61770313235095,185.7992269583437,2193700
2021-12-16,190.57823181152344,192.4824404536128,189.17317904359265,189.4967156634872,2856800
2021-12-17,186.1412353515625,189.7278119000523,186.01182352274233,189.45049680834293,6079600
2021-12-20,180.6781768798828,182.61011546089645,178.45967046539863,182.61011546089645,3605100
2021-12-21,183.31265258789065,183.96896450194703,181.86139237106357,182.10172459481993,2303400
2021-12-22,186.8622589111328,188.017726784946,185.642092170899,185.78074267382357,3558700
2021-12-23,190.60598754882812,191.62280497255952,187.91605481363857,188.0362279923068,2669600
2021-12-27,190.7723388671875,191.25300326284807,189.62610985981155,190.36561199022088,1711200
2021-12-28,190.99420166015625,192.510174855158,190.55050597267152,190.5874747362821,1393000
2021-12-29,191.6505126953125,192.77825039546065,190.49504489637644,190.67067825858777,1334900
2021-12-30,190.4950408935547,193.11102162795683,190.3563762976972,191.65050866821124,1465900
2021-12-31,191.10516357421875,192.0295379502296,190.11607622156703,190.60599351246609,1374500
2022-01-03,191.34548950195312,192.82449409655848,190.2362431084157,191.6505347285217,2055600
2022-01-04,201.5875244140625,202.36399534606215,192.2143707211215,192.5286545595741,5242300
2022-01-05,203.1312255859375,206.4682169322251,201.67995135637003,201.67995135637003,5378200
2022-01-06,205.2018280029297,205.8673785367224,201.5690301639086,204.739640915842,3913200
2022-01-07,207.2354431152344,208.8808279751974,205.4236635736232,205.67324854368036,3673400
2022-01-10,204.87831115722656,208.67748994364973,203.92620679439736,207.93798771203035,3734900
2022-01-11,203.31613159179688,205.294292098953,200.2102332707184,205.2111017941963,2944300
2022-01-12,205.5808258056641,206.7732764767052,203.42704623377512,205.32200214625684,2506900
2022-01-13,209.83294677734375,210.6464005999825,205.8026746362817,206.03376819000124,5002300
2022-01-14,211.6262664794922,212.27332570515745,206.6716193868033,207.7254055842676,3970600
2022-01-18,212.4859313964844,213.0035787856397,209.703569627358,210.48929348186164,5411900
2022-01-19,205.8910217285156,213.46122177681227,205.2129440177652,213.3218985065335,4991700
2022-01-20,201.2188415527344,206.08605634728215,200.6708036664278,205.35226356564013,3545600
2022-01-21,198.8595428466797,202.0362408897754,197.30834905849764,202.0362408897754,3754700
2022-01-24,199.08245849609375,199.67692800964156,191.95810782614976,196.13797557951537,5107300
2022-01-25,199.0638885498047,201.40461859204663,192.3668191092327,196.99253571498417,4554300
2022-01-26,199.0452880859375,203.3087637927055,197.14113752544316,199.704784540893,3558500
2022-01-27,197.07614135742188,202.39850294352476,195.1998409804708,199.8998825031881,3678100
2022-01-28,186.8493804931641,193.2027760740129,182.7995525046818,190.96422127657024,10747300
2022-01-31,187.2209320068359,187.25809432653844,180.83037365213417,185.26103775405804,6179000
2022-02-01,190.74131774902344,191.1500040529468,186.2734913262923,186.51500388460175,4026400
2022-02-02,190.3605194091797,191.1593393610119,187.0723479575524,188.7442983420006,3492300
2022-02-03,186.3199157714844,191.22429258883568,185.8554860412559,190.41618939368468,2748200
2022-02-04,184.2950439453125,186.7100704971103,182.51163514338893,185.96699412626376,3930800
2022-02-07,185.60470581054688,187.1930475647505,183.9420394247954,184.69441332660455,2402000
2022-02-08,187.16522216796875,187.9175962275703,185.05670676361447,186.01343108301813,2407100
2022-02-09,189.1157989501953,189.58022869793817,187.7132120411184,188.22408759828977,2743700
2022-02-10,188.62350463867188,192.0417007804697,187.2209177289464,188.1590748907143,3538500
2022-02-11,186.9237060546875,190.09110643509445,185.89267135906917,188.9486131258759,3826700
2022-02-14,185.66970825195312,187.35094152859023,184.01633962395763,186.65429696601,2730500
2022-02-15,188.93930053710935,189.9053081105207,185.78116996313705,186.4220852391859,2752600
2022-02-16,189.15298461914065,190.8063537152493,188.558514991026,188.6606901227304,2253900
2022-02-17,180.8861389160156,187.4067236551412,180.6074781777761,186.7007954017718,4699600
2022-02-18,178.2946014404297,181.70351454916835,177.57937556364644,179.6042969078025,4385200
2022-02-22,177.6072540283203,181.03473411771256,176.99420327804606,178.29460107565237,3488000
2022-02-23,173.3902130126953,178.63827805028052,173.111552308999,178.0809566428879,3550400
2022-02-24,171.5510711669922,172.08981140241892,166.8881922952635,169.08030138242975,5919500
2022-02-25,173.75247192382812,174.56057522836088,171.021622472724,171.78329413656556,3594600
2022-02-28,174.23550415039062,175.3408494606298,170.60365932339738,171.22599362133158,5168500
2022-03-01,169.82339477539062,174.82994722859914,167.78919007462346,174.4119632619432,5110600
2022-03-02,178.9075927734375,179.7900062857865,171.83897283735917,172.0247418652324,5849900
2022-03-03,180.98831176757812,182.59523502282337,178.65686493272784,179.56715761106102,4429700
2022-03-04,181.74070739746097,182.06579981549584,176.77130192043364,177.50510908141115,4334700
2022-03-07,182.70668029785156,189.02292840602436,179.84579103199468,180.93255506208672,6912300
2022-03-08,195.0604705810547,199.60259240051133,188.5584548950195,189.3665580234091,9318600
2022-03-09,194.8561553955078,198.40440568205233,192.6919109417672,197.44768147877397,4798300
2022-03-10,196.72314453125,202.04551959694143,193.36996121598057,194.4938874315798,4886300
2022-03-11,199.54690551757812,202.27775495385987,197.1968919111501,197.1968919111501,4045500
2022-03-14,200.11349487304688,202.93722154397508,197.7820484347221,200.9123146176633,3530700
2022-03-15,201.0609893798828,201.91553865613935,195.5342624831704,200.74516629058843,4364200
2022-03-16,200.70797729492188,203.87539182560744,197.21547041917177,202.02695618161377,4378700
2022-03-17,205.9281463623047,206.00245682239245,199.09173994021097,200.0020324463329,3600400
2022-03-18,205.1943817138672,205.92817457620436,202.4913968225857,203.86610508937855,4105100
2022-03-21,207.7951812744141,210.8975688460865,205.26868210245013,205.2779655958004,2902200
2022-03-22,206.8662872314453,209.78290523720972,205.5937401908853,208.49179121304297,2461500
2022-03-23,206.36474609375,208.78907033959237,205.91889743166217,205.91889743166217,2001700
2022-03-24,206.4019012451172,208.99341333422143,205.75168817612573,206.7084124455272,2110900
2022-03-25,207.47003173828125,207.8787321333118,205.4079627802775,206.2903763568557,1581100
2022-03-28,206.06748962402344,206.8384305510596,203.45738247433417,206.52262171669884,3072500
2022-03-29,205.3151092529297,205.67736391148188,201.13524126658663,205.0921920312188,3667800
2022-03-30,207.2099609375,209.81077014593373,204.99927098434085,206.206791063964,2507400
2022-03-31,206.9684906005859,209.1698831865817,206.60622177172905,207.33074525617096,3152100
2022-04-01,204.1354522705078,209.47639429051264,202.64927143041552,208.38963039766935,2618300
2022-04-04,205.1014709472656,205.60306303146544,201.19098025545347,203.5688583891175,2181300
2022-04-05,200.65228271484375,206.5505334926083,199.8348816175184,204.3491404693635,3582100
2022-04-06,200.82875061035156,201.68329978520828,198.3579805465619,199.81628282294855,2783300
2022-04-07,200.540771484375,200.92160730204648,198.36724353561465,200.13208518729436,2253600
2022-04-08,201.5903778076172,202.37991405841333,198.80379928471973,200.4385869157753,2450200
2022-04-11,200.68011474609375,203.1973162665016,200.4014540379219,201.59039316440095,2494700
2022-04-12,201.2838592529297,203.866087637312,199.68621971209683,200.1227848292588,2508200
2022-04-13,202.7421875,204.05186875552403,201.00521042183067,201.49750487266527,1898900
2022-04-14,211.60350036621097,212.91319578620573,203.0579949956409,204.26551529407715,5337900
2022-04-18,213.5633850097656,217.70610481911368,211.77997638312144,211.77997638312144,3644000
2022-04-19,215.64404296875,216.3685523055222,211.38058090852763,213.86991777368908,2689400
2022-04-20,218.3562774658203,219.55449989955287,216.03412888060436,216.93512366552977,2907700
2022-04-21,216.02488708496097,220.9756963517504,215.17032376817903,220.36265977861268,3571400
2022-04-22,201.8758087158203,214.4662046922888,201.2224918039792,213.16889888118985,5053700
2022-04-25,202.2491455078125,202.52914256236824,195.5946262219505,200.9518395882378,4145500
2022-04-26,196.2759552001953,203.64913078558305,195.38930966644503,201.7171780323582,4176700
2022-04-27,199.69190979003903,201.17587593001568,193.4760338844366,197.031958659614,3358300
2022-04-28,198.2732391357422,198.75856642947392,188.52943817145064,193.59732662907504,6092800
2022-04-29,196.49993896484375,202.7251563736011,196.1452893006044,198.5159007835159,3404000
2022-05-02,197.92794799804688,198.58126508573224,193.8120289837625,195.9959807802726,2639500
2022-05-03,199.37452697753903,200.9984984224761,196.73324671675368,197.7692257996678,2121100
2022-05-04,207.74639892578125,208.3997160004426,199.5705718744961,200.61587919395424,3023700
2022-05-05,201.53048706054688,208.26901534258505,199.51453962512096,207.56902983606784,3005600
2022-05-06,200.3358612060547,202.53848300044243,196.32262206244985,202.53848300044243,2268400
2022-05-09,192.5333709716797,197.90926962454049,191.7400624838401,197.89059935387252,2929900
2022-05-10,189.4534454345703,195.54798572691487,187.96013709019675,194.35334474791355,3040400
2022-05-11,191.525390625,195.7253040289025,190.01341211554995,191.85204201166897,2552400
2022-05-12,189.49078369140625,191.646737246718,186.0095256614277,190.0321076443679,3282000
2022-05-13,190.70407104492188,192.69203462764509,189.38809475097148,191.46938119859803,2323800
2022-05-16,193.3733367919922,195.25863512635715,190.09739542149416,191.34804704916235,2540800
2022-05-17,198.8798828125,199.51454375699817,195.1932952500765,198.60922801052115,2275900
2022-05-18,194.07334899902344,203.36915007141857,193.6813587601869,199.57989685475488,4723300
2022-05-19,192.9719696044922,195.3239245318872,188.2587459791375,192.1319928224708,2887700
2022-05-20,184.6282196044922,192.8507153265614,181.10027887002457,192.68271136718468,5404500
2022-05-23,190.5360412597656,191.78669280278248,185.8788136643301,186.597455167464,3246600
2022-05-24,191.93603515625,191.98270370857168,187.86678519142413,188.5387724693765,2467800
2022-05-25,195.3519592285156,196.07994303965123,191.1613883077142,191.32937799894148,3080200
2022-05-26,198.7865753173828,199.39322378598183,196.36928097465463,197.44260073457073,2016000
2022-05-27,202.6598358154297,203.11716487996145,199.87856361053284,200.66254408580676,2020400
2022-05-31,201.45587158203125,203.54648623221033,199.2532495461324,200.46654658793528,3773500
2022-06-01,203.06114196777344,204.39577420555693,200.00920107770435,203.89179089147052,2314000
2022-06-02,205.3291015625,206.11308198693123,202.76248779296876,204.94643936441705,1784100
2022-06-03,208.03570556640625,209.15569387064093,203.69580073184687,203.69580073184687,2222500
2022-06-06,208.7170257568359,209.7716609502924,207.42904780941572,208.03569624599476,1565400
2022-06-07,211.95562744140625,212.1142891216982,206.86905445215635,207.19572006767888,1799000
2022-06-08,214.4755859375,216.85553977303144,209.6410114284751,210.26633017500808,4171300
2022-06-09,208.75436401367188,212.9916180225709,208.70769546020517,212.26361991922505,3045700
2022-06-10,200.83053588867188,205.5344472717587,200.67187418901833,204.86245993131772,2604100
2022-06-13,193.08399963378903,195.8745993036127,191.23602771027893,195.6039445171089,3559400
2022-06-14,192.90667724609375,195.74394560330208,191.58137304544945,194.1853128974477,2359000
2022-06-15,192.26271057128903,194.7359873166068,189.58410357829473,193.64401149464143,2343100
2022-06-16,181.8002471923828,187.829462541861,180.3629497451659,187.661472839732,4789900
2022-06-17,179.79359436035156,184.553501085414,178.1416247217136,182.6308624328022,7226100
2022-06-21,183.2748565673828,185.18815302109712,180.941571682668,183.95618600741287,2755400
2022-06-22,175.3043975830078,179.9336277676054,175.19240444279384,177.32968756892473,4008700
2022-06-23,166.7552032470703,174.74436845279217,164.28192695367773,174.1377200762969,6667900
2022-06-24,173.1204376220703,173.22310274277118,167.40854564318028,169.24717556039545,4868900
2022-06-27,175.0803985595703,177.4043559276031,173.42844276230298,175.53772762143038,3061100
2022-06-28,174.94036865234375,180.22292901473253,174.93102639847183,177.301651800953,3327200
2022-06-29,171.2444305419922,175.06169521984629,169.98446532057702,174.82836674463164,2436900
2022-06-30,166.83920288085938,169.9938087082851,165.3085685146585,168.23917385877144,4197100
2022-07-01,166.40054321289062,169.2284976739748,162.13530573012468,167.3525274599514,3423100
2022-07-05,162.17266845703125,162.78865924006203,159.22340644125944,162.18201071332356,3724900
2022-07-06,160.81936645507812,163.0219885220959,158.00075360225372,161.9113423528748,3190600
2022-07-07,168.25787353515625,170.32983208391488,164.5712854972052,170.32983208391488,4677600
2022-07-08,167.1565399169922,169.1538312693518,164.62725275895582,168.21117503288764,2491100
2022-07-11,163.34861755371094,167.78185898005808,162.97528341516855,165.57923740700227,2773300
2022-07-12,162.85398864746094,165.4206025203573,161.09002550082917,163.08731718136062,2718400
2022-07-13,162.2753143310547,163.56329231705425,160.3993581594297,160.76335008052837,2389000
2022-07-14,158.607421875,159.31673556004583,155.93814261848598,158.43008989342732,2531200
2022-07-15,161.81800842285156,161.81800842285156,157.9167479538542,160.7633588987129,2282100
2022-07-18,161.92068481445312,164.91661540525175,161.19270088166593,164.38463371955854,2476400
2022-07-19,168.68734741210938,168.88470047050953,162.47517160717246,163.43377228598493,2671400
2022-07-20,169.13845825195312,169.91850619938148,166.41300126876445,168.0200764278141,2175900
2022-07-21,170.09707641601562,170.17226331671353,165.85850272433478,167.6817456300631,2214500
2022-07-22,167.8696746826172,171.7981070604521,166.66671317467546,170.5669522625143,1961500
2022-07-25,170.86767578125,171.6101372835369,167.07083142591748,168.38656601924274,1845600
2022-07-26,170.32260131835938,172.5969510012899,169.71172754525222,170.25682175130828,1767700
2022-07-27,174.10064697265625,174.9746676287067,169.4673680823784,171.91087733036693,1856500
2022-07-28,176.5347442626953,178.11364000838716,173.1138202108653,175.60433712760582,2229200
2022-07-29,186.31825256347656,187.48362788078015,177.73774030288823,177.80353421116104,5188100
2022-08-01,183.1322479248047,185.3220173574919,181.7601124908607,183.33900825513092,3185100
2022-08-02,172.46536254882812,178.0666635649549,172.1364360612722,176.685135032097,8193100
2022-08-03,171.86392211914062,174.27925295748895,170.67036768831122,172.28685023729537,4155900
2022-08-04,172.58753967285156,174.73970863622876,170.21920304251705,171.8544854868676,2478900
2022-08-05,174.23223876953125,174.89951348610575,172.20223566775272,172.53117653403083,1908500
2022-08-08,174.626953125,176.685149447609,173.07626473038306,175.52918147452306,2655000
2022-08-09,174.83367919921875,176.57234165011934,174.01604522501387,174.7584923231356,2460000
2022-08-10,179.2414093017578,179.99326371411618,176.16821209922423,177.37117342282554,2304300
2022-08-11,182.32403564453125,183.80894445980775,180.3598265372812,181.2244542638157,2538900
2022-08-12,184.99310302734375,185.11528351468183,182.1360729437898,183.16046741943637,1864800
2022-08-15,184.15667724609375,184.67357817012737,181.45002081372095,181.7601470277077,1752400
2022-08-16,185.63217163085935,186.45919867311665,183.2168413838842,183.5645825145685,1959300
2022-08-17,184.13787841796875,185.04949978029217,182.20186252369297,183.26385767247737,1576200
2022-08-18,185.4723968505859,185.73554376269797,183.49878066931456,185.19044963319988,1750900
2022-08-19,183.8277282714844,185.3502232250166,182.1454522278661,183.51758775494417,2003600
2022-08-22,180.2188262939453,182.25822207132364,180.0214732763711,181.487581625791,2008900
2022-08-23,185.34083557128903,186.21485622813412,180.89550238016255,181.1492563265246,2444900
2022-08-24,182.47439575195312,186.72234717613307,181.80712111428772,185.66975947321157,2503200
2022-08-25,186.91033935546875,186.93853264730788,182.85974056966984,183.7243683137475,1888700
2022-08-26,180.36920166015625,188.3106315170049,180.1906346061916,187.39901028181927,2560400
2022-08-29,180.23764038085935,181.54398208341297,177.62495697575224,178.56477156292553,1996600
2022-08-30,175.6889190673828,180.40679171541993,173.48034932983924,179.97447075004283,2691200
2022-08-31,173.59315490722656,176.74152510109084,173.39578753844953,175.3975971542545,2656600
2022-09-01,171.4597625732422,172.18342376579747,169.26060004776568,171.29999582639286,2686200
2022-09-02,169.9466552734375,174.561147842737,169.02564109221152,173.72471352357206,2185400
2022-09-06,169.78692626953125,172.60637035501492,168.78131766230032,171.8921020088145,2141700
2022-09-07,169.97488403320312,170.8958984066375,167.46558055203653,168.33020833899613,2166900
2022-09-08,172.12705993652344,172.2492404388529,167.36220677132405,168.8659017164835,2245700
2022-09-09,178.08547973632812,178.33921936179365,175.9520965068928,176.26223705622834,2279600
2022-09-12,180.82032775878903,181.1022750138221,179.13806589313273,179.36362656524577,1937200
2022-09-13,173.2172088623047,178.6117492754697,172.4559614088653,176.54416023565673,2207500
2022-09-14,173.53675842285156,173.99727273481386,170.9240750081469,172.85069778701595,2295000
2022-09-15,171.5067901611328,175.3130282325644,170.7455282064122,173.55557932844985,1933100
2022-09-16,168.6685333251953,169.48616746693494,167.070851317244,169.1666339334313,5088300
2022-09-19,171.14962768554688,171.73230811560487,166.15921473667763,166.58212841463688,2923700
2022-09-20,167.277587890625,169.84327745835742,165.69869207479883,169.72109698451214,2512400
2022-09-21,161.60113525390625,169.6271608452463,161.53535568174604,168.48997874523937,4061900
2022-09-22,160.28536987304688,164.1104075271933,160.04100891902706,162.30596536267703,2508400
2022-09-23,154.3551483154297,159.242181153596,151.99620459472732,158.50912694489264,4047200
2022-09-26,152.83265686035156,155.86826856586734,152.45673672898286,154.12960569231103,3213400
2022-09-27,152.6634979248047,154.66530776917702,150.93424236650995,154.56192758142927,2753500
2022-09-28,157.66329956054688,158.33996725165753,153.69728061448356,154.59950898277555,3694800
2022-09-29,155.91522216796875,156.56369647722897,153.6972593408628,155.727262133217,3518100
2022-09-30,154.20477294921875,157.68208391307385,154.02620589040671,155.90583498875344,2963000
2022-10-03,160.9244384765625,162.9356410036439,156.05620607883935,157.3531403829365,3444700
2022-10-04,168.81886291503906,169.34515667725697,163.72507065867373,163.80965051179527,4008200
2022-10-05,167.6441192626953,169.41096081508493,166.05583042377816,166.48813707387384,3067400
2022-10-06,168.04824829101562,170.08764427594355,166.2438059588273,166.7325135718469,2415000
2022-10-07,166.8640899658203,168.18923203218102,164.59913327204347,166.08404210421295,2759200
2022-10-10,167.91665649414062,170.25679978260027,165.47314737657155,168.98804446009405,2633900
2022-10-11,168.9316864013672,172.0612709634796,166.03705550601606,166.17803631033308,2542400
2022-10-12,168.69671630859375,170.21921133202264,168.0200486669737,168.677916001762,2260800
2022-10-13,172.11764526367188,173.81870739513633,162.31538586946178,163.29278674363326,3745900
2022-10-14,167.46554565429688,173.23600602814776,166.84526465146493,172.6909119050922,2830200
2022-10-17,169.91848754882812,173.21723172935515,168.4147784084005,171.32820949031657,2940000
2022-10-18,172.5029754638672,174.36380438638113,170.0218654537043,173.77171658994956,2674000
2022-10-19,173.31121826171875,174.52357281694538,171.04626157606796,171.92968961713893,2088700
2022-10-20,169.67408752441406,174.5611339360393,169.5989149910803,173.43334517001512,2953900
2022-10-21,179.9677276611328,180.14748955478495,169.55113802680805,170.04310123046037,3483800
2022-10-24,180.98953247070312,181.78425563874612,178.2931327635145,178.48235050308833,2919500
2022-10-25,184.33872985839844,185.123997186424,178.73780107714902,180.03395774190585,2545000
2022-10-26,186.3444976806641,188.823283512284,184.08331154876,187.61227253833303,3546000
2022-10-27,200.7063140869141,205.42737382429465,196.19339818958716,198.82356369238775,7872200
2022-10-28,207.51824951171875,207.66962947173863,199.82644116169584,201.0469078029361,5161000
2022-10-31,204.7935028076172,207.07360052328488,203.42164163335292,203.73385741834065,3786100
2022-11-01,206.72349548339844,207.64121650384195,205.02997754746625,206.84649348708223,2717500
2022-11-02,202.97694396972656,209.75104533836375,202.39982052615633,205.8720314574575,3150000
2022-11-03,207.4425811767578,209.8362211033292,199.96837171664464,200.13866336214505,3570400
2022-11-04,215.5695953369141,217.3482593335444,211.5486571949785,211.9460187613444,4973800
2022-11-07,216.2886199951172,216.78059762593765,210.6687655382286,215.71149655407405,3405600
2022-11-08,217.42396545410156,220.0919833016929,214.4532021014465,216.28864454643255,3676600
2022-11-09,213.3840789794922,216.7900557888675,212.9299535503712,213.88552688553912,6248300
2022-11-10,219.9216461181641,220.05409996471704,214.1315002025817,219.704046463767,4590800
2022-11-11,223.7439117431641,225.55095756673617,219.49590392273268,220.4420069568824,3585400
2022-11-14,223.75340270996097,226.9228541465815,221.861196344549,223.28035111860797,3217700
2022-11-15,221.9463653564453,226.4971198309268,220.20553878310847,224.32109383245097,3371000
2022-11-16,219.89328002929688,222.0125561632612,218.3984354039632,221.38812465463053,3062000
2022-11-17,218.02000427246097,218.1051500881333,213.35570840555047,215.4749845816308,3256900
2022-11-18,218.95660400390625,219.34450968737747,215.36142425738845,218.40787698385637,2868700
2022-11-21,219.65675354003903,221.07590818064125,215.9669572490284,219.0701742415675,2522600
2022-11-22,224.4723968505859,224.68054066945407,220.7826008549897,221.3881062090462,2523300
2022-11-23,224.15072631835935,226.71467186088717,222.91133366892723,224.82246581622465,2311300
2022-11-25,222.9964904785156,224.69002305642135,222.5139831104196,224.2264273555068,1034800
2022-11-28,219.7797393798828,222.29637693445775,219.08908820192644,221.3313477901496,2862100
2022-11-29,222.44775390625,223.02487736861872,219.07017338179415,220.7258537893321,2277900
2022-11-30,223.6681976318359,223.99932499622412,218.35108933694545,223.18567589720143,3850000
2022-12-01,222.9870452880859,224.22643805782403,219.43915860995585,224.13182197185208,2504700
2022-12-02,223.4033203125,225.6171980095055,221.0002104542705,221.2840442597195,2218300
2022-12-05,220.03521728515625,223.19519835234033,219.74191318107668,222.1450232747566,2064500
2022-12-06,215.98587036132812,220.4893303569152,213.4030129403452,220.05411657887572,3633800
2022-12-07,216.638671875,217.45232107368344,213.61114500887095,214.7653918822681,3044000
2022-12-08,218.47413635253903,219.9689810529212,217.16850939374197,218.4646805181957,2189400
2022-12-09,215.0397796630859,220.26227311881397,214.94517800945636,219.4959318733885,2257000
2022-12-12,220.498779296875,220.8204508761062,214.7843231031699,215.28575657561476,2709200
2022-12-13,222.79782104492188,225.0968446157328,219.61891409671313,225.0022429689119,2945200
2022-12-14,221.8422393798828,225.38066998809836,220.5555386529305,223.3370839329882,3513800
2022-12-15,218.22816467285156,220.37580851407347,215.4466189920423,219.64731945396736,2953200
2022-12-16,220.1771240234375,220.6501755937119,215.758824089441,216.30756564332592,7610700
2022-12-19,219.77029418945312,224.16021222456115,218.4835933290048,221.29352083721628,2622400
2022-12-20,222.4666748046875,223.01541631642644,219.36345789694036,219.9121994086793,2649900
2022-12-21,228.7014923095703,228.8717983700155,224.8508603007028,224.8508603007028,4143600
2022-12-22,224.7373046875,227.82160976744063,220.479841103776,227.20663414351537,3129900
2022-12-23,226.94174194335935,227.5756292767252,223.75337917267805,224.17912267283273,1959900
2022-12-27,230.03550720214844,231.84256758823972,226.79983633187348,227.71755749396644,3381500
2022-12-28,226.4781494140625,230.6788492044058,225.43743029973905,230.03549163290035,2270000
2022-12-29,227.2539520263672,228.58796080512272,225.42798005082324,228.2095253558413,1652500
2022-12-30,226.64842224121097,227.2160897903962,224.8886701623992,226.48758647076508,1521100
2023-01-03,226.0050811767578,227.70805496674345,223.46951772051935,227.70805496674345,2651900
2023-01-04,228.3514404296875,229.0799438449544,225.692893079314,227.0647396608207,2387900
2023-01-05,227.3296661376953,228.5217509222364,224.75626438749583,227.56619192770344,2355900
2023-01-06,235.4472198486328,236.4406309985268,229.1840218982568,229.79898314341668,3945100
2023-01-09,233.3279266357422,237.4434806260171,232.74134737176604,235.58911231933763,3417100
2023-01-10,237.00830078125,237.3205165608517,233.1671242069075,233.6401757936273,3011900
2023-01-11,237.21641540527344,238.3138984159683,233.8104530623959,237.93546296777757,2402400
2023-01-12,241.32254028320312,243.50803627599257,237.4813493217437,238.41799664853423,3881500
2023-01-13,244.52980041503903,244.64332816798623,241.4738914283136,242.95926579612728,3067800
2023-01-17,242.4483642578125,246.45983174247195,242.1456043680493,244.9082089620148,4100100
2023-01-18,239.1937561035156,244.95551963692395,238.4841788869958,243.41336720004423,3361400
2023-01-19,233.6136474609375,238.8420302118435,232.2352585458364,238.110052565251,4885200
2023-01-20,237.3781280517578,237.57774912089033,232.67257120603296,234.67836985889693,2964100
2023-01-23,240.22042846679688,241.152027186259,236.95982569606196,238.36673195681385,2610200
2023-01-24,244.887939453125,246.25682750380437,237.41611876943108,240.39154864333184,3505100
2023-01-25,245.677001953125,246.3899633744383,241.76047185371976,241.96009292875465,2424900
2023-01-26,249.17523193359375,249.3083319761255,244.2035333963405,247.1599325101861,2677200
2023-01-27,251.47573852539065,252.901661242574,249.1752371103938,249.4984427783654,2783000
2023-01-30,248.58590698242188,251.91306061316175,248.40528775020067,250.33503569561069,3426900
2023-01-31,239.83070373535156,244.6788615891577,234.24109619238916,244.30810773410576,10992100
2023-02-01,237.2165069580078,240.22045442481956,233.19540878564572,239.31737289982976,6022000
2023-02-02,232.80564880371097,237.2070016725196,229.85875048652608,237.0168815399974,6130300
2023-02-03,235.52439880371097,238.55686338173967,231.12306062626985,231.95009114564647,4134700
2023-02-06,239.0036773681641,239.6881214884046,235.75257504964023,235.85714330426688,3528800
2023-02-07,237.33056640625,239.55500223142823,233.2334176968596,238.17661325455632,3467900
2023-02-08,236.57960510253903,239.13676236455888,234.8780102414547,235.8476418270867,2300300
2023-02-09,234.11749267578125,239.5264950775349,233.3569976719691,237.6537821140573,2464900
2023-02-10,235.4388427734375,236.35143966219528,232.5584801478604,234.11748834951015,2820300
2023-02-13,235.8951416015625,236.1137935279148,230.66675832241637,231.47478699492424,3068100
2023-02-14,232.29234313964844,235.0966552269392,229.7161694290738,234.81146775080643,2512900
2023-02-15,236.41798400878903,236.48453403155037,231.21811799755875,232.14021584998625,2398200
2023-02-16,234.3456573486328,236.25638863132016,232.4444269958244,234.32664098363853,1934900
2023-02-17,235.55294799804688,238.47134379767172,233.4996300682297,235.6194980285081,3759300
2023-02-21,228.8225860595703,235.7525643303645,227.90998910566483,232.42541120473433,3105900
2023-02-22,226.141845703125,230.26751212337595,224.74444022122765,229.2788787136137,3145200
2023-02-23,226.19883728027344,228.9366131332204,223.964900724216,228.78451125133805,3219000
2023-02-24,224.50677490234375,225.0010988344722,221.51234302638684,223.6131943537701,2105500
2023-02-27,228.12863159179688,229.33591695703703,226.93086166190653,227.29210007951465,1720900
2023-02-28,227.71983337402344,229.1932895718063,226.92132022995176,229.04118768572573,2647700
2023-03-01,236.38949584960935,237.3686284106603,229.640136181454,230.058394713022,4117700
2023-03-02,239.72610473632812,240.02080759653904,233.97489508673715,234.33611895481965,2676500
2023-03-03,242.70155334472656,242.78710522757584,237.5682373004615,239.9257588276938,2314700
2023-03-06,241.43722534179688,243.07228451691617,239.15575484430917,243.02475085962772,2317100
2023-03-07,233.9844207763672,242.16921808965589,233.80380157059497,241.50379036199757,3018400
2023-03-08,236.43698120117188,238.7089506366323,234.56426835419677,235.74303626203553,2068600
2023-03-09,229.0602569580078,237.77739705743244,228.72753581850617,236.65566352002375,2518800
2023-03-10,215.79917907714844,226.37003132388887,214.64894266018592,224.6399044749189,5767500
2023-03-13,213.6032257080078,217.05396341533037,210.599278290816,211.58792619013204,4885100
2023-03-14,214.5253143310547,218.25172389454744,211.22667867438585,217.6813635205275,3754900
2023-03-15,206.5306396484375,210.25704924856063,202.07226683586512,208.56495546343425,5471700
2023-03-16,207.9090576171875,208.95472563828463,202.78524224862457,205.01917927453903,3555000
2023-03-17,204.3917694091797,206.6637391622954,200.98856524457463,206.6637391622954,7203000
2023-03-20,209.42999267578125,210.9129497857219,205.78913540958897,206.61618034031284,3464200
2023-03-21,213.81234741210935,214.83901346487065,212.56704394693384,212.99481784260885,3074600
2023-03-22,209.0878143310547,215.3998987993615,209.0022624426781,214.0500269302169,2930200
2023-03-23,208.60299682617188,214.17360234532256,206.85386838120817,209.6201475231532,2957400
2023-03-24,206.29299926757812,206.69225591082864,202.61412308636915,206.14091185960424,2976800
2023-03-27,207.2340850830078,208.1466819317317,203.35557386009216,204.3156898580876,3209500
2023-03-28,209.2874298095703,209.66767005821788,206.9584256498236,207.37668412124168,1802000
2023-03-29,211.98716735839844,212.1963038408749,210.56124470800563,211.74001265421504,1857300
2023-03-30,213.45114135742188,215.16225170449908,212.92831457532503,213.935964417149,1921100
2023-03-31,217.53875732421875,217.747893807908,213.7933314866289,215.20025228694487,2746700
2023-04-03,218.51791381835935,222.30137280030783,217.5577976775413,218.65099936763352,2242500
2023-04-04,206.7112579345703,218.15667226794537,205.5705226751082,217.5957983150491,4282100
2023-04-05,202.98484802246097,207.1200296497111,201.1026341221319,205.52298868485937,4265300
2023-04-06,198.8401641845703,202.48102185814076,198.62152676703457,202.1673171259013,4180100
2023-04-10,204.88609313964844,205.4184353314447,198.9827808635488,199.8383287424733,3839000
2023-04-11,209.70570373535156,211.89210693282428,205.49447116160297,205.49447116160297,3882000
2023-04-12,209.6106414794922,212.19631585906853,209.0307656552805,211.17915068166604,2385100
2023-04-13,210.7228546142578,211.2076631097952,205.96027802381815,209.07829449701697,2909100
2023-04-14,212.6335906982422,214.67742198261877,210.5042220364927,211.97767842633723,2246900
2023-04-17,214.11654663085935,215.71357300863727,213.2229661315258,213.89789471788367,1751800
2023-04-18,214.0785369873047,216.2649548161638,212.99483625546833,214.420759034476,2567100
2023-04-19,213.5556640625,214.03097158501188,211.42629564499677,213.69826502239425,2078400
2023-04-20,211.2931976318359,213.1468939590351,210.01936252280737,211.4357840780691,2826800
2023-04-21,210.5285797119141,211.21673893216803,207.8810786724362,210.91088390806837,2712500
2023-04-24,213.54884338378903,213.7973542665615,210.77710117050017,210.77710117050017,2790700
2023-04-25,208.96115112304688,213.3577085973275,208.61707144384465,212.5261887825776,2505600
2023-04-26,206.62904357910156,210.64329651702656,206.56213231454956,208.1009309755509,3254700
2023-04-27,204.8513031005859,206.52390972291315,195.01636799427743,201.1715626978771,7711100
2023-04-28,209.12364196777344,210.8058012729803,203.58014222055965,203.80953354653175,4669500
2023-05-01,207.66127014160156,212.14385791164784,206.9539912830367,209.6397171109822,2876400
2023-05-02,205.6350250244141,207.5083508021876,201.27669251837716,207.5083508021876,2858000
2023-05-03,206.1033477783203,209.4772328095099,205.35784434606697,206.1033477783203,2635100
2023-05-04,201.0759735107422,207.33628885149096,200.07240672244853,206.495216666763,3211000
2023-05-05,205.5776824951172,206.1415863581012,203.0066448958521,204.14401970747988,2716600
2023-05-08,205.29095458984375,208.46413534378223,204.18226641034585,206.86799246477315,2414100
2023-05-09,204.0484619140625,205.86442904249165,202.57655987255976,204.2874057248544,4111900
2023-05-10,203.7425994873047,206.43789257612957,200.8943934489077,205.902646208724,2446100
2023-05-11,200.7414703369141,200.98041414435068,199.2026716336635,199.75702301699312,3263300
2023-05-12,200.27310180664065,203.14999410188292,198.7343033601532,202.34714654301212,2172600
2023-05-15,201.94573974609375,203.8764097733296,199.9003813593693,201.00908411433423,1925600
2023-05-16,198.03659057617188,200.97082702639744,197.8932301499919,200.76055534535337,2771500
2023-05-17,202.7199249267578,204.3829644342326,199.4224888330293,200.02463187344443,2897400
2023-05-18,205.2240753173828,206.12250644041265,200.9326389338787,201.66859000461204,2643600
2023-05-19,205.28140258789065,210.16541459310469,203.5323321681476,209.7544382448014,4402100
2023-05-22,204.7843780517578,207.5561347325792,202.51919561685648,204.77482555050324,2540600
2023-05-23,203.3029632568359,205.7401785180656,202.0031083116593,203.7712838034539,2298300
2023-05-24,200.426025390625,203.08307886718177,199.96725744939857,202.442711332728,2964000
2023-05-25,200.6936798095703,202.42363065189656,199.37471990205773,200.4165114083023,2243600
2023-05-26,202.43316650390625,203.84770955027616,200.9134876145242,202.37582233207607,1973900
2023-05-30,200.61720275878903,203.4749757731504,199.0401795586597,201.84059381216775,2885900
2023-05-31,196.6507568359375,201.4583051559014,196.50739638264747,199.8812818338196,5937000
2023-06-01,199.82394409179688,201.2576070067882,196.92793158625895,198.49540245662385,2989100
2023-06-02,216.6073303222656,217.70646592848504,204.54543782222763,205.44386881081056,8358200
2023-06-05,212.6313018798828,216.95140970422963,210.9873674312545,216.95140970422963,3438400
2023-06-06,216.6551055908203,218.17479917428523,211.65640560316777,212.0482769176952,3230100
2023-06-07,225.13284301757812,225.9070185677412,216.27280315510507,217.73513799074013,5586400
2023-06-08,224.0814971923828,225.8305675933437,221.4913545157483,224.16751346194505,3546800
2023-06-09,224.6358642578125,225.38136781402844,221.19506739529783,225.27623194923012,2488500
2023-06-12,227.37893676757812,228.3251595595285,223.0014987519022,224.8270184808953,3644200
2023-06-13,234.58546447753903,235.770616376924,229.08019006088452,229.46250888647,4335100
2023-06-14,232.5592498779297,237.33812631384993,230.8866431253576,235.8853437938176,3122400
2023-06-15,236.7168426513672,237.395449462085,232.7121422194859,233.2091494082945,2743900
2023-06-16,234.4229736328125,239.79442527477303,234.13623817284216,238.3703150601023,5261200
2023-06-20,230.48516845703125,232.46362999095376,229.91171212520632,231.6129907023713,2979800
2023-06-21,230.8005828857422,234.413411844682,227.5031614814999,228.2773370321339,2892500
2023-06-22,226.8436737060547,230.3226947163193,225.5151468127277,229.60586334400676,2421600
2023-06-23,224.0719451904297,225.42914425445016,221.0516919912996,224.0719451904297,3354000
2023-06-26,226.470947265625,229.02286548595148,224.73144385822965,225.04685144734503,1748300
2023-06-27,230.04554748535156,230.18890793940537,224.91303905460444,226.9775025128438,2283000
2023-06-28,231.17333984375,231.34538696109848,227.3406865935971,228.70743811088343,2200100
2023-06-29,233.43850708007812,235.94263308301691,230.6954227269661,231.24022151421497,2070000
2023-06-30,235.16848754882812,236.00955979582469,233.10400964589007,235.66549472930697,2377900
2023-07-03,236.39187622070312,237.40499557464423,234.42298168999156,235.07290180988895,1045700
2023-07-05,234.00241088867188,236.55432856186897,233.32380417564855,234.16489089962784,1820600
2023-07-06,229.94039916992188,233.0848931582917,228.27734507311055,232.01442960207592,3079700
2023-07-07,234.33694458007812,236.84108539342068,229.4911721469697,229.56763590914525,2903900
2023-07-10,237.8064117431641,238.33209099025908,233.29515188731992,233.69657569856392,2771900
2023-07-11,241.6677703857422,243.2161215763932,238.79087763771471,238.79087763771471,3293300
2023-07-12,242.3845977783203,246.24593777285548,240.3201198357355,244.19101233208897,2986200
2023-07-13,244.5446319580078,245.11808830113225,241.5626181386405,243.30212133861423,1949400
2023-07-14,244.31524658203125,245.1372284032782,241.72510401404057,245.1372284032782,1936800
2023-07-17,246.07388305664065,247.4024246296963,240.8649109591845,243.02497231718507,2674500
2023-07-18,252.14305114746097,252.47757829835504,245.56731315755977,246.23636745934803,3832400
2023-07-19,252.37359619140625,252.5368955259758,249.44405713279,249.86668319737876,2771900
2023-07-20,250.77914428710935,254.9189333053944,250.1548196655669,253.7375266878701,2102300
2023-07-21,247.47496032714844,251.42266472557424,247.34050440612572,251.4130502625057,2249900
2023-07-24,249.12709045410156,252.0758586491653,247.90725518463717,248.0993393014412,2195300
2023-07-25,251.7108154296875,253.4589476586999,249.1942882469319,249.82822727434484,2016600
2023-07-26,248.1185607910156,252.1719078014275,247.0908096691763,250.24127635174335,2622800
2023-07-27,248.09930419921875,250.7887452655054,246.67777054889737,248.74285771482428,2284400
2023-07-28,250.14520263671875,252.5945167132783,248.76206815669215,249.6649484231648,2101200
2023-07-31,254.6980133056641,254.73641253493105,251.32661960080307,252.37357018990824,3568700
2023-08-01,277.250732421875,277.3756031987339,259.8175115396412,261.97865535096906,11823200
2023-08-02,276.21337890625,282.27418393514284,274.7918160695834,276.38626336530234,6288300
2023-08-03,270.3350524902344,276.5687415098685,269.950825749134,274.2635276251909,4743500
2023-08-04,265.5229187011719,272.30410500281175,264.4855533147957,272.0159642357002,3888200
2023-08-07,270.5271911621094,270.8249464279032,264.99468258446365,266.1760891834551,2438200
2023-08-08,271.7182312011719,272.73636774465007,263.92849295355325,267.0213311268709,2519500
2023-08-09,273.2934265136719,275.7811395030816,272.6691019786657,273.41829728315054,3088600
2023-08-10,272.61151123046875,276.29986010573316,270.0853693548257,273.2550354673899,2647100
2023-08-11,273.95623779296875,274.7438618044132,271.4492953449305,272.7267880753649,1874100
2023-08-14,273.3030700683594,274.3212066337939,270.16218882060673,272.84201548098906,2194000
2023-08-15,266.4162292480469,271.47812763754644,266.1088595031179,271.3628419989039,2593600
2023-08-16,263.66912841796875,270.58477021297756,263.2560875941045,266.0607845744326,2831300
2023-08-17,264.3031005859375,268.51010261641994,263.81323193817076,266.0800176172694,2534700
2023-08-18,262.9872131347656,264.8025882528694,260.40344294874916,262.2284325317295,2533000
2023-08-21,261.9786376953125,265.33080226789366,258.184618201718,263.8996542870288,2207400
2023-08-22,259.52935791015625,263.30414854545654,259.02028967673704,263.12164962098666,1668800
2023-08-23,262.24761962890625,262.9488013463858,258.48241362614874,259.62542102096484,1677800
2023-08-24,258.6649169921875,263.8420716703251,258.56888959593806,260.8741040413733,1433600
2023-08-25,261.7961120605469,262.81424840527535,258.2134059301144,260.7971753273171,1291700
2023-08-28,263.9381408691406,266.06085646232657,262.25725098174325,262.69907668753183,1550700
2023-08-29,268.97113037109375,269.0671870608194,262.6317699102246,264.1397749329966,2065800
2023-08-30,271.1802978515625,272.60186070065544,268.75982746651084,268.97114046688426,1431000
2023-08-31,270.0276794433594,273.562342643127,269.74912385326274,272.4385644453869,2579000
2023-09-01,274.9454650878906,275.7330888263458,272.4481379704672,273.552716509217,2336600
2023-09-05,270.50799560546875,277.9807500673959,270.2678684963935,275.03198213297753,2515600
2023-09-06,271.72784423828125,273.23584959300877,268.0202955603014,269.3458019580928,1688900
2023-09-07,270.3158264160156,272.28488589156996,266.68510644845935,269.8355722969612,1593200
2023-09-08,271.13232421875,272.19850384118615,268.09711399786096,270.4503714264047,1240100
2023-09-11,270.911376953125,273.74488840011713,268.8943328042989,273.3222623677714,1515300
2023-09-12,270.6808776855469,273.4663462636086,268.76947529424496,269.19210134745606,1587300
2023-09-13,265.0234680175781,271.5741124693578,262.24758490842805,269.14402759715216,2119300
2023-09-14,271.4012451171875,271.99675562194807,266.8580299338662,267.9818376343001,2660500
2023-09-15,268.1259460449219,270.73853037768316,266.37781351300504,270.73853037768316,4940900
2023-09-18,269.84521484375,271.5837325906745,267.8377559346601,268.0394544781871,1363200
2023-09-19,268.62542724609375,272.30416193313414,266.68518130060664,269.01920993934476,2313500
2023-09-20,267.6072082519531,275.28168964072063,267.09814001620555,270.3830913593002,2380300
2023-09-21,261.28717041015625,265.30208958631727,260.8741587200627,265.30208958631727,2277600
2023-09-22,262.2763977050781,264.2358428718308,260.88364892573,261.2678757009898,1707800
2023-09-25,263.4386291503906,263.976511511104,259.4045114450404,260.05765012413656,1257400
2023-09-26,258.87615966796875,262.6221651001395,258.52077632373545,260.44179272489623,1756400
2023-09-27,261.9402160644531,263.40020747259115,258.56885178949733,260.29775504268554,1991600
2023-09-28,265.3308410644531,267.26147240138795,261.46960770297477,262.68944286461914,1994700
2023-09-29,262.21881103515625,268.5101297581125,260.64356308206646,268.05868960691157,2257800
2023-10-02,260.9893798828125,265.8783648006097,259.56781670083757,261.87306063104427,1778200
2023-10-03,258.34796142578125,262.7758913524411,256.97444136419364,260.49949099427613,2187900
2023-10-04,254.5635223388672,257.24334879557824,252.4023785894782,256.9359790940253,2970100
2023-10-05,250.50059509277344,255.43762265598517,250.14521165191815,253.4781771865976,2639300
2023-10-06,255.53363037109375,257.81964476168235,248.0704622944796,251.24015719787883,2293400
2023-10-09,260.5859069824219,260.88366222976134,254.1985322352275,255.53365292885005,1640800
2023-10-10,262.4205322265625,264.2359074524737,261.09502574016284,261.88264978460245,2009000
2023-10-11,262.0555114746094,263.5731312634736,259.2412287085713,262.72787912472273,1538200
2023-10-12,258.9626159667969,262.9871478910094,255.6776941571653,262.9871478910094,1910500
2023-10-13,257.358642578125,263.12169341562145,255.5913105054465,259.80792745910406,1918300
2023-10-16,260.0960998535156,263.15050978901456,258.93386348624307,261.37356323616643,1678600
2023-10-17,261.88262939453125,264.6777125694469,257.9733528730505,257.9733528730505,2110100
2023-10-18,248.98297119140625,258.3767415133361,248.53153110251196,257.8964873469544,4257100
2023-10-19,242.90298461914065,249.73220037724303,241.81760536597983,247.72474120708227,3850000
2023-10-20,240.5954742431641,244.73735487323117,239.5913904512257,242.6326195229304,3103500
2023-10-23,238.78041076660156,242.92227688625553,238.04664302178395,239.07970456486115,3193200
2023-10-24,240.9333953857422,243.02846659564472,238.71280817724335,241.6092224321745,2304600
2023-10-25,236.4825897216797,242.11129029058637,236.0577799078866,241.24235710821165,2542400
2023-10-26,234.0592498779297,238.2107802956748,232.10900804488224,237.0522174360991,3859200
2023-10-27,230.32289123535156,235.49781934665907,229.64706409490455,234.65786381009832,3229900
2023-10-30,233.7985992431641,235.18888066295327,230.9214833536842,232.62072274761636,4478300
2023-10-31,218.2448272705078,222.5797847131895,216.0338893692151,219.7895727729522,12093300
2023-11-01,223.8252716064453,224.6169506182657,216.1883880965628,217.3373016002352,4932800
2023-11-02,230.863525390625,231.3172981447447,224.838993049844,227.6581678791447,7749900
2023-11-03,232.4372406005859,235.80674110530845,229.9559720200472,233.1709935644096,3929500
2023-11-06,230.0525360107422,234.5323229510872,228.19883259390204,233.17100467043227,2891500
2023-11-07,226.80857849121097,228.95192654604244,225.5052007164147,226.48032169447055,4074000
2023-11-08,226.71202087402344,229.57945762724412,226.35478640734453,227.85127015346643,2532500
2023-11-09,226.0651397705078,231.01801314691755,225.74654714814545,229.24154917021397,2708800
2023-11-10,231.40419006347656,231.85796282352825,226.51890688360993,227.2140475061603,2525200
2023-11-13,233.3255157470703,234.9088885542613,230.63185651195616,230.63185651195616,3035700
2023-11-14,239.3017578125,240.93340694483297,236.24121503745351,238.23008389748352,3441800
2023-11-15,242.42022705078125,244.19669101394052,240.0162125270042,240.90444450858385,3739900
2023-11-16,239.63967895507812,244.1870413081086,238.08526930620812,241.85060212922224,2625000
2023-11-17,244.33187866210935,245.48077736799272,241.3678740968753,241.454762995888,2792500
2023-11-20,241.80230712890625,244.16770909242143,240.07411981963824,243.8877288708473,2661400
2023-11-21,240.7982482910156,241.2230581044902,239.74588790067912,240.8272112572138,1765500
2023-11-22,237.515625,239.079698759393,233.46064787535263,233.4896108401632,3593700
2023-11-24,238.81903076171875,240.3058503892507,238.18181603623677,238.23009255760832,982200
2023-11-27,238.84800720214844,239.64935035995856,237.81496029976552,238.43286150517096,1743300
2023-11-28,238.9541931152344,240.2768843386661,237.51563529561304,239.1859115756879,2149900
2023-11-29,240.83685302734375,242.8933119537228,239.7362161509561,241.0589073384598,2224700
2023-11-30,242.0630340576172,242.81610070630325,239.282471212052,242.37197730049823,3210500
2023-12-01,247.8944854736328,248.55099905860465,242.34300930978557,243.21194254698136,3731500
2023-12-04,245.953857421875,246.70692399126625,243.70430712492532,244.81460815656408,3028700
2023-12-05,246.3786773681641,248.31928453464383,245.01735900133448,245.01735900133448,2682200
2023-12-06,247.1317443847656,251.99772906062896,246.7455616722992,247.93307277653713,3632600
2023-12-07,248.52203369140625,250.4240138117529,246.9772733281442,248.3289275970535,2162500
2023-12-08,250.53985595703125,252.60597912375752,248.12617719058585,248.4930610773019,3258200
2023-12-11,251.910888671875,253.18528892204668,250.53990589517193,250.86816273717508,2898300
2023-12-12,252.40321350097656,253.42661095952317,250.17297663717665,251.01293214901656,2375700
2023-12-13,258.7174072265625,258.96843925294473,250.32745726876317,252.37425219936435,3708300
2023-12-14,275.32354736328125,275.60351291150295,261.2083279125313,263.0427475118034,6464100
2023-12-15,275.87384033203125,276.94552910894396,270.31274405674924,270.42859593233885,7321200
2023-12-18,275.8448486328125,278.9054061921895,274.74422646549095,276.8392830798549,2691700
2023-12-19,282.8445129394531,282.9121030135192,276.2793187443564,276.897205162508,3659600
2023-12-20,279.7067565917969,287.9711907644761,279.5233146388171,281.85010462737534,3818400
2023-12-21,280.0543518066406,280.691566593123,276.70416420332157,279.8902086718788,3209300
2023-12-22,280.33428955078125,282.7190053254325,278.9343735593187,280.2860277615022,2833800
2023-12-26,285.42236328125,286.83194351531324,280.9522252241204,281.52184991142093,2019000
2023-12-27,287.8263854980469,288.82082005650676,284.5534521314089,285.4223706690386,1876500
2023-12-28,286.629150390625,288.86905108216314,285.8181579603471,286.84155527454413,2267400
2023-12-29,285.4609680175781,287.9422073509191,283.0762522620223,286.60021730287804,2300600
2024-01-02,282.6031799316406,286.39750566041886,281.29015271619966,283.29832065271364,2433100
2024-01-03,274.4835510253906,278.9536890347694,273.5374077593068,278.4323556095674,3043400
2024-01-04,276.2214050292969,278.26819991721067,273.99116819729153,274.5897558195472,2995400
2024-01-05,278.9536437988281,280.95217666290864,275.6131210134698,276.3661875249402,2684800
2024-01-08,282.1590576171875,282.57420330813954,275.3910926921027,277.63099373664176,2369100
2024-01-09,282.19769287109375,282.26525348832723,278.0558115943406,279.2433522300122,1974500
2024-01-10,283.2210693359375,284.379617453201,281.39631406525865,282.0624917548222,2048000
2024-01-11,281.9756164550781,285.3933939667359,279.417122759229,284.42792242386054,1941400
2024-01-12,280.3825378417969,285.6153760506931,278.95362963909173,285.07471445266356,1955600
2024-01-16,277.31231689453125,280.1894023538527,275.73859404763954,278.9053385593798,3140100
2024-01-17,269.00927734375,272.28220978199477,267.3776284634972,269.2023539285363,3789200
2024-01-18,272.1663818359375,272.7746335323069,268.0727925273357,270.35129088926345,2479300
2024-01-19,276.7057189941406,277.48166262281126,270.5659843713251,273.8346920476369,3116000
2024-01-22,279.993896484375,281.85617337907104,277.5011319739333,277.5011319739333,2072200
2024-01-23,280.1490173339844,284.0773097642458,278.878392586515,281.7688374443083,1866300
2024-01-24,281.9434509277344,283.81543664737745,279.6737844240648,282.09864559469764,2765900
2024-01-25,291.73016357421875,294.1938306133404,284.31980382553144,285.1636507089196,4647100
2024-01-26,290.43048095703125,293.873801768433,289.6836343316349,291.9533009598111,2920500
2024-01-29,294.1356506347656,294.5721374717276,288.50998473811745,290.0327750085304,2101400
2024-01-30,295.60028076171875,296.5411280644851,291.4780168393509,291.4780168393509,2150200
2024-01-31,291.2840270996094,296.560527487364,290.9154434577626,296.385944583444,2813000
2024-02-01,298.4422607421875,298.8108444316794,292.8650792099589,294.1259953684055,3196300
2024-02-02,305.6197814941406,307.8312535714337,296.80299033333984,297.77293474619387,4661500
2024-02-05,311.7401428222656,324.8052958530729,306.41515722096494,324.8052958530729,6557500
2024-02-06,313.0204772949219,317.5889074131261,309.48018593622254,313.47635237510656,2825700
2024-02-07,313.86431884765625,317.9671944988419,311.44916665601255,313.2338608795979,3203000
2024-02-08,312.32208251953125,316.61892891097926,311.759527817409,314.91184697327384,1986100
2024-02-09,307.6275634765625,312.64215935089356,306.0853554625815,312.3220907292706,2823000
2024-02-12,311.9632263183594,313.3793368733723,306.99711565939265,307.67605898834336,2483600
2024-02-13,303.43743896484375,306.5024671887744,301.4490645463254,306.2987871284263,2923200
2024-02-14,307.1910705566406,308.2968213373306,304.5334324772566,306.5121272635502,1887100
2024-02-15,313.3599548339844,313.4957316623161,305.97866231230915,306.45395521235747,2362900
2024-02-16,312.2348327636719,318.43276263153524,311.7789576716415,313.9904299137479,2513200
2024-02-20,304.3103942871094,309.41231210299134,303.3404497350624,307.72461805454435,2701600
2024-02-21,307.60821533203125,308.26777049307833,303.49563049178363,303.49563049178363,1779700
2024-02-22,312.409423828125,313.6509516175238,310.71202093478684,311.3521878637458,1875800
2024-02-23,314.1456298828125,315.3095455244017,312.3706148688622,313.2920739854328,1575000
2024-02-26,315.6004943847656,317.4045766507087,312.56456386162813,313.9224800188464,1650000
2024-02-27,317.7829284667969,318.0933178179109,314.0389272198337,317.15247044759246,1640900
2024-02-28,319.6549072265625,321.7111848316285,317.1621427561153,317.5501442366129,1471000
2024-02-29,323.9226379394531,324.82470876783367,320.17866659714355,321.0516106758891,2699800
2024-03-01,326.5802917480469,327.61810976113765,323.5734581840363,323.9614300244739,1815500
2024-03-04,328.4716491699219,330.0332749701811,324.72767817612043,325.51333073389435,1551000
2024-03-05,323.50555419921875,328.80144232941024,321.76934543699144,325.33876332141233,2030000
2024-03-06,325.54248046875,327.5793698588291,324.1166608557304,326.1438413285999,1542300
2024-03-07,329.9944763183594,332.0507536565043,328.2582675996847,328.3358797258524,1732500
2024-03-08,328.9954528808594,334.14585542519023,327.93821700644776,331.7888975693822,2307400
2024-03-11,324.90228271484375,328.04489315543856,321.5656715506066,326.87126869835976,1868000
2024-03-12,327.10406494140625,328.21952476679724,322.73931480838274,325.2029820604558,1645900
2024-03-13,331.25543212890625,332.78796100189794,327.2495862427311,327.9770446114614,1818800
2024-03-14,331.6434020996094,336.41551196892834,328.7529571329858,334.19433100598485,2110200
2024-03-15,336.5415954589844,336.8519847579792,330.8965121849705,332.66181802260695,4406000
2024-03-18,341.3234558105469,342.7201782265779,337.4048718322178,337.6182608013435,2528200
2024-03-19,343.2633361816406,343.36033654706404,339.1119751045773,341.03247577868046,2207600
2024-03-20,345.7366943359375,347.4146792091263,337.676458713953,340.5668740910547,2563900
2024-03-21,353.6029052734375,354.2236838575406,345.9985452202869,346.92000418095495,2616300
2024-03-22,347.3468322753906,354.5341250191435,347.1043461353195,353.64179259988254,2052000
2024-03-25,345.2517395019531,348.08396072536766,344.35937758202795,346.23136327015305,1774800
2024-03-26,345.6784973144531,348.7823016197873,345.30020479204484,345.746370925868,1637200
2024-03-27,353.6902160644531,353.8454107189706,347.12370319710527,347.9384529330568,2262800
2024-03-28,355.416748046875,356.1830124727617,352.60391498013354,353.6611509093411,2028600
2024-04-01,352.80755615234375,356.8716254362088,351.74064102417265,356.435168229326,1953800
2024-04-02,353.86480712890625,354.0200017870105,350.6155170260229,351.42055786456206,1968900
2024-04-03,364.4954223632813,364.76700561722726,353.6417419210591,354.5049770638195,2623700
2024-04-04,358.67572021484375,369.5778849552751,357.79306732708847,366.02788517388143,2492200
2024-04-05,367.89996337890625,369.5488809872344,360.61569979005304,361.3043521463119,2068300
2024-04-08,362.2451477050781,370.5284814310705,361.6825929594477,367.7156189018533,2690000
2024-04-09,360.7223205566406,365.8242376309791,354.5243911620914,363.7582512993446,2042700
2024-04-10,360.8872375488281,361.42069515460906,353.4380712989327,355.19366838021483,2148500
2024-04-11,360.7999572753906,362.1481647064775,355.8726227551461,361.43041526548257,2535700
2024-04-12,354.6407470703125,361.6340373414952,351.7793994812288,357.5602889506686,2072900
2024-04-15,352.97247314453125,363.2053748110279,351.2265554495368,361.76016711490513,2171000
2024-04-16,349.0636291503906,352.5360174138942,346.44476717709597,352.1092394686113,2513900
2024-04-17,347.5505065917969,352.0025481185904,342.2740063525551,351.7503530864553,2313800
2024-04-18,347.1722412109375,352.55545115439605,345.4651589531435,350.2954638057707,2380700
2024-04-19,345.25445556640625,351.3776537090252,342.801296411258,348.78819308001897,2929600
2024-04-22,348.126220703125,352.39981280343915,343.87211721901224,346.6562858844819,2085400
2024-04-23,353.61669921875,355.826488681317,349.5183557030339,350.4528884205093,1810700
2024-04-24,353.8795166015625,358.40622336203177,349.3820427674334,354.2981356717445,3032700
2024-04-25,329.0362854003906,332.8717995062746,321.55996509878923,321.67677796158677,6459600
2024-04-26,334.2736511230469,336.3374244881476,329.3575580631704,329.46465633836453,3324600
2024-04-29,340.5233459472656,341.64287189084394,334.85771402990343,334.85771402990343,2171400
2024-04-30,325.6972961425781,338.547217687459,324.2857378891028,337.817107495991,4201700
2024-05-01,322.2900695800781,329.5230197219856,321.9688045047305,324.53880627448945,3520600
2024-05-02,326.544189453125,327.2450963613905,320.5183448453551,324.6750944616648,2492000
2024-05-03,327.8194274902344,332.55052657133353,326.09637838815297,329.1238872744254,1977100
2024-05-06,333.0275573730469,333.46560560522323,330.6912110100054,331.8301661219198,1653900
2024-05-07,335.8506774902344,339.29680580366403,334.2931031892076,335.33473415952176,1965600
2024-05-08,335.3638916015625,337.0869406689559,329.75663676654654,330.98323118877,2260300
2024-05-09,342.4508361816406,343.5216702576569,336.2692314643362,336.7462569258036,3208900
2024-05-10,345.3810119628906,348.0288790152904,344.14467322631026,345.58543446496697,2210600
2024-05-13,347.2209167480469,349.0413200009269,344.9721798229294,345.3907691863519,2051200
2024-05-14,348.68109130859375,351.0466407959719,347.5615951473792,348.23329878575885,1563400
2024-05-15,350.49176025390625,353.67502927460396,348.62266551435926,351.8838295745085,1913900
2024-05-16,341.4189453125,349.2554483134348,340.3383669422814,347.28902918652363,2821700
2024-05-17,346.8217468261719,346.9580483010359,342.236663843154,343.6092743582241,2104300
2024-05-20,353.12994384765625,354.76538345968413,345.36156112813666,346.9483386132889,2247900
2024-05-21,349.5474853515625,353.606880484746,348.01911455765025,352.6528890581218,1841100
2024-05-22,346.5005187988281,349.6740735196529,343.2101512160783,348.99262554741557,2104200
2024-05-23,341.3995056152344,351.75731911848834,339.54015493582096,350.8422453870858,2749200
2024-05-24,339.6471862792969,344.524330876299,337.48605936230376,343.2880218976659,2635200
2024-05-28,337.2816467285156,339.96846127366234,335.2665358196556,338.77107007240033,2264900
2024-05-29,329.1434020996094,336.15247197525014,328.76376023998654,335.8506954661298,3040000
2024-05-30,330.25311279296875,335.41254526575483,329.4937995288936,329.4937995288936,2745800
2024-05-31,329.5425109863281,331.849684045911,326.17427776790026,330.34077189091335,8319400
2024-06-03,322.5723876953125,332.34613730898633,317.11117798446196,331.8301939867049,3878600
2024-06-04,318.88287353515625,321.56965832569256,315.8942825914442,319.9926253662301,3706600
2024-06-05,320.7130432128906,322.48475448503285,318.0359728345134,320.74224642868813,2616300
2024-06-06,319.5837707519531,322.2510965557638,318.41558282027887,321.46258009977225,2452100
2024-06-07,320.2165832519531,324.0520976631753,315.1350153579347,317.5492569782155,2499100
2024-06-10,320.8687744140625,323.1077965591226,319.72981928784924,319.99264823045473,2640500
2024-06-11,318.62982177734375,319.924567160799,315.1447755154065,319.0678997779961,3247000
2024-06-12,320.0121154785156,326.2813295328629,317.3545041810464,324.3148807697467,4817300
2024-06-13,317.7049865722656,319.19443981113375,312.925224892006,318.8147682698713,3183900
2024-06-14,312.9447021484375,314.12260495141663,307.4737478094774,312.86683679882947,4195300
2024-06-17,313.8500061035156,315.25181994836805,310.4233665429084,312.94467666029027,3198900
2024-06-18,316.517333984375,316.96512651207837,312.48711211028,314.4827344320437,3275300
2024-06-20,320.40155029296875,322.31930751907475,315.9721974569073,316.43947865854653,4463300
2024-06-21,319.1457214355469,321.78384426276796,317.5297408589014,321.76438535519003,8265100
2024-06-24,321.2484436035156,324.8211287600722,317.42267381421885,320.62540205898836,2447300
2024-06-25,318.71734619140625,320.732456922228,315.76770297850493,319.3111844399452,2990400
2024-06-26,318.065185546875,319.0191770969146,315.1934071719335,317.597904371907,2198600
2024-06-27,318.7757873535156,320.4988661552896,316.0597992463471,317.38371793121354,1995100
2024-06-28,324.2662048339844,325.3272945046369,319.612971466009,319.7979350488822,8891500
2024-07-01,320.35284423828125,326.39817753990326,316.7412410924515,326.2229285294051,2950200
2024-07-02,319.0678405761719,321.33603609128636,316.9456314231744,319.30146628876616,2119800
2024-07-03,321.84228515625,322.621087166599,319.5546303782636,319.5546303782636,1352200
2024-07-05,319.6422119140625,324.5972222927281,317.9678248744377,322.7768191728394,2280900
2024-07-08,320.3333740234375,324.42200251429006,318.46430878232394,321.59888632818615,1913400
2024-07-09,317.4129333496094,321.3652603572605,317.1890222215357,319.8271748015011,1896100
2024-07-10,319.7687683105469,319.7687683105469,313.11016769235897,317.45188081512566,2904400
2024-07-11,322.3484802246094,325.56095277055005,320.56699494995127,321.2484429243052,3016400
2024-07-12,326.690185546875,329.2601872893469,324.58746495074035,326.0671737266806,2451300
2024-07-15,336.6002197265625,338.67373719295256,328.88052929098666,330.1071237828245,3394300
2024-07-16,351.0174865722656,352.6724148386038,336.10379209872434,337.6321334741914,4637000
2024-07-17,348.3111877441406,353.07151996435596,346.75364326199275,349.4501725976744,3061000
2024-07-18,346.588134765625,359.43808456031763,346.3155615134106,347.0456716220123,3876300
2024-07-19,338.4109191894531,347.0359393105963,337.49584544504535,345.92618735545204,3462700
2024-07-22,340.0237121582031,340.86433018345605,333.6801050568799,340.1507847527731,2659600
2024-07-23,336.4071350097656,340.7958518997833,333.68005611087426,337.93194626244303,2027800
2024-07-24,328.4605712890625,337.0425357624374,327.883882414898,335.2147186904204,2835800
2024-07-25,336.5342102050781,340.3462685335735,326.4176810649442,327.942492464644,3291300
2024-07-26,342.5747985839844,344.97930397894277,339.055992012556,340.77630407619705,1894900
2024-07-29,336.759033203125,343.45453560067716,335.39061654059697,342.2815899875125,2190300
2024-07-30,334.0124206542969,337.92219964834027,330.9823359680639,335.9086658527476,1970800
2024-07-31,338.3913879394531,343.07332686412025,333.162052506124,337.56055392736863,2568100
2024-08-01,324.04241943359375,341.9394274733269,320.68000766081593,338.48904926704074,3747900
2024-08-02,313.6326599121094,316.10559368217247,310.4950709394053,315.4702606258467,4246700
2024-08-05,309.65447998046875,313.34921988397815,300.1243938183992,302.03042298251154,4681300
2024-08-06,319.0770568847656,324.67782587067785,303.49658565666357,306.9665024820705,5071700
2024-08-07,318.45147705078125,327.6199132742145,317.1319505454657,325.9875973002595,3011700
2024-08-08,328.5778503417969,328.84174970151184,320.22067933317715,322.55678674308285,2268300
2024-08-09,330.6304626464844,330.8650398354256,324.9808333219326,328.4214280198021,1668100
2024-08-12,328.45074462890625,332.1845905792245,326.075561143198,330.63045707020876,2127600
2024-08-13,331.15826416015625,331.862025562258,326.202642025821,329.5748084627388,1503800
2024-08-14,329.9755554199219,334.08083512553986,327.0530052881326,331.94022882851345,1610900
2024-08-15,337.84393310546875,339.79882211592724,333.10332128925916,336.72963205147266,3232600
2024-08-16,335.73272705078125,338.03948229864784,333.0740761884332,337.46279348668116,2483800
2024-08-19,336.8763122558594,338.2936190125146,335.5567559357399,335.9281896970286,2252600
2024-08-20,335.5567321777344,338.3620233443891,334.11013320470994,337.21839999345735,1479500
2024-08-21,335.2342224121094,337.8049068413354,334.1394890800997,336.8078941195618,1433200
2024-08-22,334.637939453125,337.35526424378435,334.0612506832798,335.26351835351255,2021400
2024-08-23,340.551513671875,341.6560309625772,335.3319625201963,337.1891014961558,2183900
2024-08-26,343.239501953125,346.41619739028823,341.0695734151851,341.9199455749156,1718100
2024-08-27,343.20037841796875,343.7868512040342,339.27106146104694,342.4477567372192,1210800
2024-08-28,340.3462829589844,346.43574482317706,338.0394977762525,342.68236046258113,1514500
2024-08-29,343.70867919921875,348.41994012792054,339.652259706039,343.2981392877219,1664500
2024-08-30,348.0680236816406,348.20485041272707,341.93942702541625,344.63718363310323,2974100
2024-09-03,332.56573486328125,344.6762875460686,330.76724041283524,344.2657476969735,3107200
2024-09-04,329.15447998046875,333.162008939398,327.7274191692671,330.9529745246836,2782500
2024-09-05,326.0364685058594,328.90037446506227,323.1041342551201,328.44097423927656,2525500
2024-09-06,321.9311828613281,330.98233063197506,320.71916093807374,326.66204161758674,2676600
2024-09-09,326.505615234375,328.77326412434263,325.4597423126817,326.37854265875427,2355800
2024-09-10,326.6228942871094,328.1770276366914,321.96049423836325,327.5514487685807,1869200
2024-09-11,327.4440002441406,327.9131844755568,318.75450185992156,325.48911069044425,1934700
2024-09-12,331.9206237792969,333.3477143707868,326.1537066114667,327.7176239356008,1747000
2024-09-13,337.5213623046875,339.38828490351176,332.67324587373037,334.6965631741003,2518600
2024-09-16,340.11163330078125,343.5326895882436,336.52442812659,340.4928510337068,1648200
2024-09-17,345.7123718261719,346.58228198094935,341.36273156456156,342.10559898199386,2088400
2024-09-18,347.110107421875,353.47328105370013,344.3732745851979,346.9928188473375,1990700
2024-09-19,364.8898620605469,366.2387404581936,353.1214200528431,354.81241004585934,4066600
2024-09-20,360.5011596679687,363.07184398920424,357.5883637375403,362.0455091616253,5440500
2024-09-23,362.7981567382813,364.557545239011,358.70266112312413,360.6673046554487,2442700
2024-09-24,377.2252502441406,380.64630691480903,370.9402875767605,371.42900995828455,4024300
2024-09-25,369.7184753417969,379.8741405753706,369.39593170033936,378.27111687316693,2661500
2024-09-26,382.1417846679687,388.26059824521354,377.4891680202621,381.21323006866464,3906800
2024-09-27,382.2590942382813,386.6380576232943,380.3628787940957,382.1809117801773,2683700
2024-09-30,382.2981567382813,383.90118032426176,378.0951565650057,380.5974125481386,2251300
2024-10-01,383.5395202636719,386.5695748131609,377.909429538246,382.4447571998719,2091400
2024-10-02,385.16204833984375,386.735749720958,379.87409908883154,383.1387606059013,1767900
2024-10-03,382.2688293457031,385.11319689210586,379.9522902690565,383.4906351734065,1866100
2024-10-04,388.1335144042969,388.4951641725379,383.0117136944609,387.7718646360559,1675100
2024-10-07,389.2673645019531,392.12151624413633,387.2049704355615,387.50797591612854,2224500
2024-10-08,379.2094421386719,386.09066126376416,376.16960340220254,385.36736172219815,2438800
2024-10-09,387.2538146972656,387.654570600275,378.75981794210816,379.4147190102564,1757900
2024-10-10,387.6937255859375,388.0064852563846,381.6922001061775,386.2666346795443,1331700
2024-10-11,392.9523010253906,394.49668033010335,387.6936736833443,387.6936736833443,2110400
2024-10-14,385.0643310546875,387.351547951756,378.1440062416914,384.51696443808527,3006100
2024-10-15,379.2387390136719,383.61770177040734,378.847767120752,381.8192071995812,2715100
2024-10-16,384.7417907714844,385.69969734770734,378.20268312578173,378.6620833431519,1551600
2024-10-17,385.5921020507813,388.1627860637393,384.2921138868369,386.2372190518052,1561500
2024-10-18,384.9763488769531,387.5079568579508,380.9297433968759,387.3124559894759,3024100
2024-10-21,383.0439147949219,385.6630519532068,381.8275083467268,384.819443710888,2375900
2024-10-22,381.0623474121094,383.8384710263657,378.3843553699575,382.30818130616,1523900
2024-10-23,378.38433837890625,382.602439096347,375.4022224191054,379.58110643316473,1500900
2024-10-24,379.6890563964844,380.9642879924969,374.94123007992494,379.5811655407627,1844100
2024-10-25,378.6197814941406,384.56437548909673,376.9913901118064,382.1904475871256,1606800
2024-10-28,383.1713562011719,384.1130958776795,379.9930671180942,380.99366178233186,3213900
2024-10-29,380.1304626464844,382.1806581377759,378.2077663535196,382.0825565005566,2186400
2024-10-30,372.0179443359375,380.86619138343855,360.20724928551795,366.8777417055982,4037500
2024-10-31,369.0358276367187,371.69421122805903,365.65151591724464,370.1639215644051,2394500
2024-11-01,372.40045166015625,375.9711170894768,369.7616767707587,370.8701621995316,1633300
2024-11-04,369.3497314453125,374.225086458889,368.1529633151262,370.89965948324095,1793600
2024-11-05,376.06927490234375,378.7178693303332,368.4962898010252,369.9481161451964,1724100
2024-11-06,408.9411315917969,410.3340729929647,396.3162268106644,397.4541398903934,4720000
2024-11-07,400.4362182617187,410.5302683679439,399.77899421414793,407.01845749992515,3211100
2024-11-08,385.8788146972656,395.3842846185023,384.9272857907756,393.32427018898227,3345900
2024-11-11,388.9884643554687,394.4229413287433,387.487602241181,390.33236985132214,1858900
2024-11-12,385.5256958007813,391.1367677729887,383.70110127562253,390.2146663346725,1737100
2024-11-13,379.6988220214844,383.7501769683257,378.3254889724912,381.5430249457389,2001900
2024-11-14,379.9832763671875,382.74958074285394,378.8551824361848,381.1015810904457,1372500
2024-11-15,376.75592041015625,381.0917308034613,374.9215367871108,378.63933987716257,2165500
2024-11-18,377.1385192871094,378.9434756149172,375.6278678646584,378.6492006459763,1626200
2024-11-19,375.0491027832031,375.95159597688064,370.8310016130851,370.8310016130851,1793200
2024-11-20,374.2348937988281,378.84540118847826,371.26259688826264,376.6971041214302,1859600
2024-11-21,382.1708068847656,384.5545237931997,371.7824820217005,376.6088007650862,1833500
2024-11-22,389.92041015625,390.5776642179141,380.5032512090483,382.92618515279,1893000
2024-11-25,397.9249877929687,399.3964225043465,392.3825897007291,392.3825897007291,4398000
2024-11-26,400.0634460449219,400.63241753639585,394.10906329075647,395.96305536896733,1796600
2024-11-27,396.01220703125,404.2718451649897,395.5609454232096,400.62268527144454,1371900
2024-11-29,398.376220703125,403.3594963731564,397.2873733825931,399.57298880311686,1962100
2024-12-02,394.84478759765625,400.3773663712873,393.1575413176154,399.70050403045366,1548500
2024-12-03,391.6567077636719,397.8072943356921,389.0473598413677,395.8355621608629,1716200
2024-12-04,391.9019470214844,393.8246134093459,388.5863092098225,390.9798455021553,1193800
2024-12-05,387.4581909179687,393.7853420834388,386.7028352892001,392.8730597660999,1291400
2024-12-06,387.5072326660156,392.12752925178864,385.26083397030544,390.5678120587931,1331000
2024-12-09,391.6567077636719,401.9076853837056,390.8523162366213,394.8742439354572,1739800
2024-12-10,380.99371337890625,387.938872299333,378.26662554149806,383.27932887572587,2251000
2024-12-11,381.4645690917969,383.89735211471304,380.051989263835,383.04392470540654,1651600
2024-12-12,373.5286254882813,382.44551673433057,372.9106180858907,381.64112519672966,1804600
2024-12-13,373.2637634277344,375.5984446627488,371.6746187044499,373.35204591942613,2034800
2024-12-16,371.7040710449219,375.03931734510746,370.5661578485915,374.49977327793056,1311100
2024-12-17,368.6434631347656,371.67464524807366,366.7109775148358,368.86909392059135,2138700
2024-12-18,356.9602966308594,373.9014056280047,356.1166584231655,371.48826087501544,2820700
2024-12-19,353.50726318359375,362.532074296144,353.15413323897764,361.4235887426304,2616700
2024-12-20,359.0693054199219,364.41550008198175,350.4368707442384,351.6728854442811,5142000
2024-12-23,358.4316711425781,359.37338089854205,354.61573640076506,357.921554658437,1804900
2024-12-24,360.5701904296875,360.5701904296875,355.75369038838886,357.50961091795466,886000
2024-12-26,360.1287536621094,360.4917027855186,356.94064496476574,358.0981664762919,1097900
2024-12-27,357.9117736816406,360.40341157008584,354.8610133407139,356.46979636777166,1245800
2024-12-30,356.0970458984375,357.87257485455297,351.9083422811778,353.5661612414165,1422200
2024-12-31,355.851806640625,358.8044654909219,354.91006680109547,356.57770490589655,1168100
2025-01-02,352.9187316894531,361.82583404074023,351.27073184930595,358.54944271458385,1802600
2025-01-03,356.8621826171875,357.53904501436085,352.6440515977751,354.70406628758883,1390800
2025-01-06,357.26434326171875,363.77787838052376,355.67516870083847,360.01100928716403,1590700
2025-01-07,356.0871887207031,359.11834053645174,354.21355832266795,357.19567429084464,1607400
2025-01-08,354.1939392089844,355.9694679215127,350.8881208871655,355.5476638486831,1828800
2025-01-10,344.3157043457031,352.99717467332636,343.13854466397265,351.0156235402938,2773900
2025-01-13,355.5967102050781,356.28339168900555,345.1004643017002,346.23837736672624,2746000
2025-01-14,364.4940185546875,364.9158226703459,358.22569206998287,358.52978619396146,2331700
2025-01-15,367.7507934570313,372.70461176439306,367.20143028030446,371.91985854578286,1984500
2025-01-16,373.302978515625,374.1564358044468,367.584015378207,369.1437325975028,1974700
2025-01-17,378.6687927246094,379.48300333104714,374.7253586281968,377.3739529805012,2605900
2025-01-21,392.2063903808594,396.36120388381227,384.76317453896854,384.96009709303127,3144500
2025-01-22,391.4679260253906,394.29361709018616,389.00654464383865,392.5214044677731,1994800
2025-01-23,400.1221923828125,403.2629177512462,391.1332218487548,391.2316831233397,2587400
2025-01-24,401.3332214355469,403.0758688958747,399.01951658404,399.4625773169836,1938200
2025-01-27,388.8786315917969,393.36818944617966,383.8967973933268,391.0544846197368,2964400
2025-01-28,384.2610778808594,390.7492765039027,380.50993453479504,387.9531504692033,1788900
2025-01-29,387.1556701660156,393.19095299582824,385.0782483389556,385.885588766388,2675800
2025-01-30,369.18756103515625,374.92748972581103,367.3956680131068,367.73041230632,4234600
2025-01-31,365.7022705078125,372.1609340495291,365.5447384645798,371.6292671593893,2858000
2025-02-03,355.9649658203125,362.8568337358745,354.1337124820484,358.51498338969094,3079300
2025-02-04,356.35888671875,363.9497801539771,353.85811427283903,363.9497801539771,2709800
2025-02-05,353.3067626953125,357.39265062574003,351.6822566562468,357.2646539600027,2134200
2025-02-06,359.8047790527344,361.8624904919387,356.92001694439756,358.2787044129063,3007000
2025-02-07,358.259033203125,363.82174982342934,356.97909669429464,363.5460762754935,1804800
2025-02-10,357.6092529296875,360.58259143363966,355.96503660826374,359.68664482090765,1944400
2025-02-11,356.63458251953125,358.79075562148097,355.40389148171374,356.1521312013126,1516900
2025-02-12,346.6019287109375,353.3854809509633,346.01119110251506,351.4853015179816,2833100
2025-02-13,348.2362976074219,352.0661919380141,345.00696599408104,347.12374826309616,3547200
2025-02-14,347.8621520996094,353.3362624706821,347.3501654882526,351.0914836138117,2045300
2025-02-18,348.5316162109375,351.4163480831868,345.6862448089793,349.97890971738866,3120200
2025-02-19,347.547119140625,348.3839949834828,344.1897906731318,346.43456973089036,2211000
2025-02-20,343.756591796875,351.3376601037762,342.0828701245305,349.5162314797892,2174100
2025-02-21,334.7873229980469,346.5625653863147,332.38501190247126,345.1152716528832,3225200
2025-02-24,333.6846008300781,340.1137284996224,331.03615177032975,338.0855524232136,2513300
2025-02-25,337.07147216796875,338.9126110880298,331.1838658284972,335.73249482192375,3323500
2025-02-26,337.28802490234375,343.39226319309654,334.866033858845,340.1137161736142,2397800
2025-02-27,334.7478942871094,341.5610117087935,333.2316748235895,338.34150537831215,1971000
2025-02-28,338.6369323730469,339.57223946334966,333.5073908821325,336.69736224229047,3210300
2025-03-03,326.9109191894531,342.7720503299055,324.9319584523426,342.26009369199056,2569700
2025-03-04,321.7026062011719,326.79275706206613,313.7572584176563,322.3327343738093,3500200
2025-03-05,333.26123046875,334.2654934422316,323.5732356033692,324.0359765695788,3189100
2025-03-06,335.7423400878906,336.6284315462562,327.38346687881796,330.09098691870264,2234100
2025-03-07,344.8887939453125,346.68068704521295,334.15717567534114,334.15717567534114,3063800
2025-03-10,339.87744140625,346.96623312025804,336.56935863715626,339.6706937447229,2809100
2025-03-11,334.52142333984375,339.81832109175593,331.17395053654985,338.60734063323787,3190900
2025-03-12,332.90679931640625,339.5820652212085,330.268205370285,337.7311013930998,1816700
2025-03-13,328.1612854003906,335.38789921551603,326.5466344617417,330.8392701695683,2490300
2025-03-14,334.39349365234375,336.70716846181153,331.7450444840493,332.5031392468886,1936100
2025-03-17,337.3471984863281,339.04060052161907,333.763411737546,334.4919712221403,1683800
2025-03-18,331.5086975097656,336.71698917632443,330.169720396017,336.71698917632443,3310000
2025-03-19,333.38922119140625,336.7170140322101,331.46936150751696,331.7253247710043,2407200
2025-03-20,331.05584716796875,334.53131701594504,328.4566136037328,329.40180583408994,2782900
2025-03-21,330.5931091308594,330.7604963125648,324.1245905882954,326.093696016449,6766100
2025-03-24,336.39215087890625,337.84926971748087,334.0489105295423,335.28942656154965,2277200
2025-03-25,337.32745361328125,339.48362650889334,335.5650958028505,338.2726158269496,1678000
2025-03-26,335.84075927734375,341.90560755465776,333.55661983344856,338.0560028668717,1703200
2025-03-27,334.0587158203125,336.717020102747,331.4299769629058,335.8112184073048,1481100
2025-03-28,324.5971984863281,333.02496762095075,322.9825175544914,331.7942766836967,1965200
2025-03-31,324.7054748535156,326.8518226169843,317.0259756603336,320.5999068392945,2837500
2025-04-01,325.463623046875,327.078273998694,318.88681761983565,321.95861751767836,1955300
2025-04-02,329.49041748046875,331.1543139839905,321.06264858562196,321.0921839654291,1747600
2025-04-03,301.0368347167969,319.6842647350646,300.288565071028,314.7319659949201,4638700
2025-04-04,283.6299133300781,289.7440069012417,277.15157013306947,280.5975043976014,7216800
2025-04-07,275.7337951660156,289.80306004995083,263.1708945386417,271.73651406569854,7824700
2025-04-08,269.7083435058594,287.2727584053308,264.12591700508824,285.4119696025145,4989000
2025-04-09,296.3602294921875,297.19707528315416,264.9726833749045,266.5775091463791,6457300
2025-04-10,284.6932373046875,293.66249719086886,275.4778092189876,292.09706214105597,4116800
2025-04-11,288.9170227050781,290.8467377235565,279.7508388095983,284.48653523501594,3197900
2025-04-14,293.5148010253906,297.8074657619351,291.14202577736864,294.05632295489767,2758400
2025-04-15,288.89727783203125,297.0690828817027,287.8733647058884,292.2447508438483,3611300
2025-04-16,285.65814208984375,291.16178821775117,283.16719485096013,288.1884197583291,3017200
2025-04-17,289.7046203613281,293.10133905862614,287.39091559984706,287.65676404773467,2717600
2025-04-21,281.6913757324219,287.88436169665476,279.43578812676196,286.2322285362831,2978300
2025-04-22,288.0525207519531,290.09046237413554,283.9271547319852,284.42180134301657,2231200
2025-04-23,292.6032409667969,302.0905591990628,292.0195615975646,298.11361137560755,2458300
2025-04-24,303.57452392578125,304.91007590301973,293.88936437169406,294.24549546384554,2874400
2025-04-25,303.1689453125,304.69243526439084,300.65613186503805,301.8333933129401,2162400
2025-04-28,303.77239990234375,308.0956068158599,300.59677684584636,303.1689454777274,2189600
2025-04-29,304.1087341308594,305.3651558603275,299.66681717071947,301.7344364071339,2651000
2025-04-30,305.95867919921875,312.666085495257,298.94459444438525,311.8350828787638,5124800
2025-05-01,310.5984802246094,315.475718576645,307.6899558424889,308.04611708868333,2961000
2025-05-02,320.2144470214844,321.1938679149593,315.07013999328336,315.07013999328336,3765200
2025-05-05,319.6505126953125,322.9745535604271,315.9604683660351,315.9604683660351,1829100
2025-05-06,317.454345703125,320.6299687844505,316.4254722041614,318.1072527217754,1724200
2025-05-07,316.8607482910156,319.34385385632555,314.70406602834447,319.284498675694,1555500
2025-05-08,320.7783508300781,325.34888102139473,319.44279884396775,321.4016104363186,2553400
2025-05-09,322.1336669921875,324.23096387611923,319.8484019732964,322.1633445824003,1646200
2025-05-12,338.8824157714844,347.2419564285051,336.092631545214,339.436417617186,4592000
2025-05-13,348.76544189453125,351.5255482540867,344.34329997242094,345.19407765407607,4132500
2025-05-14,345.91632080078125,348.65665254657023,345.0457378111312,347.95426271253604,2052200
2025-05-15,346.064697265625,347.5783148525136,344.7687254189155,345.69866356415025,1580400
2025-05-16,349.7942810058594,350.42744315384664,344.5114588707762,347.77614458852395,2561700
2025-05-19,348.7951354980469,349.1809441741663,344.80828482702765,345.95586864328686,2277700
2025-05-20,345.7480773925781,348.6862794601769,343.76949095489095,347.0836292761836,2266000
2025-05-21,338.84283447265625,344.6895610952833,337.99202659410554,342.92862035037615,2093400
2025-05-22,341.494140625,343.65079267204493,336.9433856202792,338.33829273075344,2174100
2025-05-23,339.7134094238281,341.2468018209653,332.63993882902486,334.0150708807044,1936600
2025-05-27,347.7464599609375,349.55685322030934,342.9088017551723,346.20316499499785,2240100
2025-05-28,345.7480773925781,349.02263553168376,345.12481783417337,348.7159570491089,1924400
2025-05-29,348.02349853515625,349.3095677490981,345.0061358550071,348.4291124111436,2290300
2025-05-30,344.3037414550781,349.45795102673617,343.3045455741754,348.06304386921414,4867100
2025-06-02,340.9797058105469,342.7604215218014,335.8650466033424,342.7604215218014,2552700
2025-06-03,345.6590576171875,347.08364232113115,341.2270431523266,342.2954665848672,2614300
2025-06-04,345.5898132324219,347.96414129153777,345.5898132324219,346.54942893557785,1616300
2025-06-05,345.2237548828125,347.74647071770283,342.14706744875986,347.2419215125581,1753300
2025-06-06,349.5668029785156,353.61300906124995,348.4884768754644,349.7844487179925,1608000
2025-06-09,354.23626708984375,356.60066243042587,350.14057824475185,351.4167750836939,2147100
2025-06-10,354.73089599609375,356.50170921661737,352.277437811386,355.5915763127079,1894300
2025-06-11,359.251953125,360.3896342857881,353.9196481965603,357.07549597240563,2551700
2025-06-12,357.09527587890625,358.1241492916305,354.0383634208363,355.9971748851093,1571800
2025-06-13,353.2271423339844,356.52150575866784,351.8916206010503,353.40523806376507,1609600
2025-06-16,358.5594482421875,360.7061976895981,356.3434410214193,357.1348635457411,1579800
2025-06-17,353.85040283203125,358.5099957824339,353.20736825693876,356.85786276901604,1560100
2025-06-18,355.94769287109375,360.3302848347962,353.13810371453104,353.30629684797265,2000500
2025-06-20,356.65997314453125,360.3500476445672,355.29477389055603,359.0639785625257,6268300
2025-06-23,362.3088989257813,363.1695792728945,353.8999058108393,356.0664605698383,2927400
2025-06-24,369.0261840820313,370.10451018004744,363.98081229279705,365.92972134465583,3841800
2025-06-25,367.6015625,370.1836335111342,365.5537484735256,369.0063721605564,1737700
2025-06-26,377.7913208007813,378.2364846601638,369.04597187005993,369.99568496091086,2575100
2025-06-27,380.5910034179687,383.341237486264,378.6519970725463,378.919095385321,4455000
2025-06-30,384.0535278320313,384.98346591126426,380.689936787767,382.1738766770749,2791400
2025-07-01,386.7344970703125,389.672698975903,380.13589838049654,382.450840762048,2393600
2025-07-02,394.1640930175781,394.3718663325584,385.25058157592434,388.49546215144966,2713700
2025-07-03,393.6001892089844,398.11139410432855,393.3330909061186,394.64886780625375,1737800
2025-07-07,387.3182067871094,393.79806544504976,383.9348106159338,393.79806544504976,3012900
2025-07-08,390.0684509277344,391.71068137481814,387.3280892544024,388.2283497508008,2003600
2025-07-09,397.8739318847656,399.4370320474534,392.63069000169736,395.44027906647665,3101000
2025-07-10,403.9580993652344,407.5888188755932,399.12047107344466,400.3274100457096,3382800
2025-07-11,401.5739135742187,402.5236266035374,397.3990950153219,401.1089445573215,2072600
2025-07-14,401.4255065917969,402.43460501738736,397.92343026425846,399.6744684280277,2497500
2025-07-15,400.3076477050781,404.3736285982821,398.7049672295982,401.91029798972306,2167000
2025-07-16,408.45941162109375,408.6473797583384,399.001770341055,400.6637757948481,3242100
2025-07-17,413.5938415527344,415.40423493937664,408.4594071044277,410.4181884422973,2444700
2025-07-18,409.280517578125,415.4042454439136,407.7471250586095,414.2171116132408,2526600
2025-07-21,407.1656188964844,414.47347593848616,406.9372370008847,414.2649717825061,1833300
2025-07-22,414.2351684570313,415.5557351258968,407.4734041065726,407.4734041065726,2185000
2025-07-23,424.5614929199219,425.1274630376006,416.47916207836687,417.02525445767975,3254900
2025-07-24,426.4778137207031,427.1132953164297,421.49337994762305,424.0153982908385,2511400
2025-07-25,430.6778869628906,431.7899495115456,425.58421627000536,426.64664507330065,2218400
2025-07-28,429.8736267089844,433.30911214989794,428.0665099152326,428.1955940149908,2550300
2025-07-29,427.0040588378906,432.1275155752032,421.79124318266,431.47218654237406,2383700
2025-07-30,431.0452575683594,433.7360549928062,423.4097210338985,426.9544431012923,3172600
2025-07-31,434.9176330566406,438.02546911260214,430.6083755293752,431.0552004433919,4116400
2025-08-01,425.6537170410156,427.8083305994453,418.3061351282559,423.945898083872,4027300
2025-08-04,430.6282348632813,433.79564339887656,426.9444899510807,427.8083231332557,4059500
2025-08-05,431.1545104980469,436.6254644750645,423.5487599838246,424.6210973859585,4329900
2025-08-06,424.6905822753906,431.6310643998266,422.52602986682575,430.2707725678517,2630800
2025-08-07,414.1656494140625,424.3033263200005,407.05635808006286,423.8168065511041,4261100
2025-08-08,413.56988525390625,418.9117849483701,412.8152887430536,417.5415542845643,2965200
2025-08-11,405.64642333984375,415.32736656410714,403.9187267133106,414.0266473857821,3416000
2025-08-12,409.7868957519531,415.2280935355509,406.7386626302195,408.0890156311732,2765100
2025-08-13,410.7698974609375,412.5968616493398,407.63227516951906,412.2393956660485,4403000
2025-08-14,414.54296875,416.2706351388714,404.1173372005988,406.4010348479905,3676000
2025-08-15,404.9017333984375,413.6096067624555,404.21661807260733,412.7755599095818,3107400
2025-08-18,409.7173767089844,410.21383531959447,402.5882080315375,404.11730903661663,3185200
2025-08-19,413.1429443359375,418.8919438289143,411.1273234845387,416.3401391658903,3543600
2025-08-20,417.611083984375,418.9316809634842,409.13156174957726,411.8620843272812,4060200
2025-08-21,414.9302062988281,417.601125837863,411.22661402860825,416.9557356823022,2504300
2025-08-22,432.5842590332031,434.7388724341099,417.07486658699673,418.62381502774093,3785100
2025-08-25,429.2381286621094,433.8055542171916,429.1090748687191,431.9190174426706,1857900
2025-08-26,428.20550537109375,429.1289111465116,424.2139586104375,428.3444980301422,2792200
2025-08-27,429.60552978515625,431.97858631057096,425.9118763180238,426.68635057880493,1970900
2025-08-28,431.8296813964844,432.8921102162829,429.5658310868624,431.8296813964844,1651700
2025-08-29,416.0720825195313,425.0679110202885,411.4351452995776,422.3969610036899,3673800
2025-09-02,413.1032409667969,414.2550287000276,407.61240937132345,410.9784136479329,2329500
2025-09-03,412.1798095703125,415.1685002298647,408.4563698322379,415.1685002298647,1496700
2025-09-04,417.24371337890625,417.80968351816506,411.355721000711,412.8649444039695,1634600
2025-09-05,420.0834045410156,421.8905211556343,414.9500394770874,417.8592796623642,1843200
2025-09-08,419.78558349609375,420.9075849163466,413.8280795738436,419.65649939621585,1876700
2025-09-09,415.1287841796875,420.5501040730873,413.49047671920977,420.1628820885599,1710700
2025-09-10,419.9146423339844,423.47921166351506,416.52879083902593,416.8465316347743,2221000
2025-09-11,428.3246765136719,432.70344551227265,420.3217653728936,420.9175218226261,2737900
2025-09-12,428.4636535644531,429.5459297629949,424.7203663290511,426.0210855411519,2341800
2025-09-15,432.8523559570313,435.6424510541984,427.5600899532015,430.7572847661579,2255800
2025-09-16,437.5488586425781,437.67791243209905,431.2041028594808,433.04100583542566,2366300
2025-09-17,447.4681091308594,449.1362029041625,439.86235906037064,441.8481936385213,4512200
2025-09-18,463.6526489257813,464.3973368927541,445.6907787985681,447.76597229702736,4331900
2025-09-19,463.2356567382813,468.7761220725536,459.4327664192578,466.92931039494016,5069300
2025-09-22,468.75628662109375,469.8881966424452,456.3547283245192,464.0002040339892,3180000
2025-09-23,467.9222106933594,481.9024727714083,464.8739473478069,469.90804526873984,3856600
2025-09-24,466.4626159667969,473.14492984695335,465.3108282895014,469.3520088785465,2776700
2025-09-25,460.43560791015625,464.6852927083376,456.3249157761264,461.418586332889,2979200
2025-09-26,462.4611511230469,465.1321009673724,459.105085947564,462.1831355032606,2329000
2025-09-29,468.2697143554687,469.1434864296517,464.1491136115404,464.764717490688,2892100
2025-09-30,473.7704772949219,474.0584317924693,466.9094152075619,468.2796459114551,2315300
2025-10-01,477.41448974609375,480.5024479157147,467.80305783049585,470.65272555141894,2964700
2025-10-02,487.095458984375,492.4671453442399,480.7606416080199,483.41171389471896,2648600
2025-10-03,494.3238830566406,500.9069295931007,489.0415557569383,489.7564574238261,2996500
2025-10-06,491.8713684082031,502.0090453813247,489.5479456025921,496.875679997982,2629200
2025-10-07,483.2627868652344,494.8501454788949,480.1251644554502,494.40332055828225,2135400
2025-10-08,498.5636291503906,505.8715162252059,485.8741472856886,487.5124547681765,3959400
2025-10-09,496.8160705566406,502.9423834437411,493.6189060373594,500.48987657535594,3113900
2025-10-10,487.82025146484375,507.87719280264673,487.82025146484375,499.55654108113106,3889100
2025-10-13,501.1849670410156,502.7934882861738,491.9409090148612,498.5934370227023,2618400
2025-10-14,523.7340087890625,527.795066820886,495.47562393369753,497.0344809157389,5459800
2025-10-15,530.2674560546875,534.6363162849174,523.475935863802,530.4164178863688,3447100
2025-10-16,537.1286010742188,541.1300265527542,530.9129286556549,534.2491164666017,3463100
2025-10-17,523.3468627929688,538.3697062564357,523.2375958327661,533.5738987713356,2814700
2025-10-20,528.93310546875,531.9403503410458,524.7110503598445,527.319962918215,2170800
2025-10-21,522.4307250976562,531.123777254608,519.8317193549713,522.8489314563171,2259100
2025-10-22,511.7361755371094,523.5758963855709,508.05184447084775,523.5061851866695,4149000
2025-10-23,518.2982788085938,520.6781836666389,510.8399713220044,516.1374749519597,2619400
2025-10-24,520.5188598632812,524.9998250975391,518.8161319715309,520.6483148322071,2392000
2025-10-27,524.8405151367188,527.2303267340226,519.2243576010392,524.8205802875564,2493800
2025-10-28,522.25146484375,528.0468535604762,519.4633209878451,523.7352132024248,2775400
2025-10-29,583.0133666992188,593.6880526871995,555.639659164687,555.8188904711803,6948500
2025-10-30,580.6832885742188,591.2583609074264,573.334501254264,575.4455287512561,2574800
2025-10-31,574.8181762695312,584.5667422886486,568.9331417766034,581.5595583407443,2974800
2025-11-03,568.1764526367188,573.7825820349732,562.9984362845208,573.4938306037104,2439400
2025-11-04,545.2637329101562,564.1036835771206,542.8937955380007,562.6100286338449,3440700
2025-11-05,566.7425537109375,571.581981613937,548.0319953944853,549.6053291061492,2701300
2025-11-06,567.369873046875,581.5197261806529,561.8433007959958,570.7753895089952,2245800
2025-11-07,560.7180786132812,563.1876296117598,548.0021366805005,561.1661872814028,2320100
2025-11-10,568.435302734375,571.7512339834444,559.1348446006095,567.588922511597,1829900
2025-11-11,565.5276489257812,568.0370087749421,557.8901100417276,566.3142853462349,1517400
2025-11-12,570.5961303710938,578.8112326626548,568.08677058613,568.08677058613,2645100
2025-11-13,551.2084350585938,574.3800208818428,542.3261842608654,570.347164802721,3458700
2025-11-14,551.6864624023438,555.9483262448119,538.711550596724,546.6379013909452,2764500
2025-11-17,549.7147827148438,559.2144668309496,545.2537528363878,550.2525373792113,1941100
2025-11-18,544.5667114257812,549.2368752337318,535.7740451634994,541.0516140949732,1918600
2025-11-19,550.7703247070312,558.537318475393,545.3234920334479,547.6734946239051,1880900
2025-11-20,543.81982421875,566.4636221815583,538.7115197332438,563.5559910704209,3195000
2025-11-21,548.1016845703125,552.6423934284032,534.8081791200474,543.5111993666397,2921600
2025-11-24,557.2328491210938,563.3468913038362,548.3406306106376,549.7944766419045,4653500
2025-11-25,564.2132568359375,564.741044138561,545.2338819999173,562.2018426511921,3105100
2025-11-26,571.3031005859375,572.4482603925884,563.625752810959,564.2132230737277,1995100
2025-11-28,573.3245239257812,574.9177315566375,569.9787514347978,571.3628254936019,1019500
2025-12-01,565.6571044921875,573.1552817747241,564.601590721917,567.9971396843886,1764500
2025-12-02,580.006103515625,583.0830594555778,566.6528549997921,568.9132722735536,2749500
2025-12-03,588.9879760742188,590.7305735401902,559.8318626475932,578.9406910055246,2545700
2025-12-04,596.6156616210938,600.170507286474,584.5170309624414,587.6835724911125,2313600
2025-12-05,600.6185913085938,604.4324075368003,595.2115673449534,601.4450974501275,2177300
2025-12-08,593.976806640625,602.2914618527999,589.4261304348183,602.1022631211982,1822500
2025-12-09,591.8458251953125,597.4520149924787,589.7248302955759,590.5413689647821,1755300
2025-12-10,612.7470092773438,614.6190616297847,596.157508791491,597.5914199385314,2797900
2025-12-11,622.9636840820312,624.1586202929926,601.7040179042241,607.8678369219276,2779500
2025-12-12,595.3609619140625,624.8456981184851,593.2599017228006,623.3520430632218,4581100
2025-12-15,587.2653198242188,601.5944645862521,585.4032348025482,599.9813220624196,3968600
2025-12-16,586.4388427734375,596.127665820769,583.800088631783,588.2013751941017,2319400
2025-12-17,559.5132446289062,588.5000960242694,555.1019906270719,585.1045469159837,3753300
2025-12-18,563.4365234375,572.2291282680936,559.5330615044821,566.0952121657389,2193000
2025-12-19,573.7825927734375,579.2692955089734,567.9175533312607,570.2675560780841,5355600
2025-12-22,579.9464111328125,583.3121187816959,573.2548655345233,582.0176298652748,2387700
