Date,close,high,low,open,volume
2019-08-19,250.17259216308594,251.7792479369951,249.21042696220732,250.89877287193127,1313400
2019-08-20,247.77627563476562,250.85338168542708,247.6673554490378,250.7807774619295,1390600
2019-08-21,250.2361602783203,251.0168011466813,249.34662692021348,249.99108984922304,1682300
2019-08-22,254.08480834960938,255.05603169489547,251.3162913421673,251.4433833449103,2345500
2019-08-23,248.72032165527344,254.2754732914402,247.53123000705318,252.53266704236555,1984300
2019-08-26,252.75958251953125,252.82312853183404,250.2452490850553,250.2997091810393,1426400
2019-08-27,265.39483642578125,266.3570016695621,254.46605865376753,255.06514737741722,5169000
2019-08-28,267.3099670410156,272.2660549963053,265.431039232575,266.63827438007314,5162100
2019-08-29,269.7935791015625,270.84884946620616,266.32757494633626,270.6214212262977,2613100
2019-08-30,268.14703369140625,271.3492137069143,266.3912663650772,271.09449515752436,1801000
2019-09-03,265.6816101074219,267.45556115877565,264.2351700979289,266.15467852763953,1842900
2019-09-04,269.38421630859375,269.54795799002744,267.2463851490821,267.45562913907287,1375700
2019-09-05,270.157470703125,272.65007543904875,269.89364615971544,271.48564390961315,1865300
2019-09-06,276.33447265625,277.1350246624688,271.35834066337077,272.186182953336,3018100
2019-09-09,272.00421142578125,279.5912151956202,271.2855303178177,277.00763337508494,3397200
2019-09-10,270.184814453125,271.3219559280961,267.9832963421941,270.5305099034751,2725000
2019-09-11,264.4444274902344,269.03846622403455,261.824450070963,267.7284775143989,4754700
2019-09-12,263.71673583984375,266.31850190059794,262.6159630336111,264.1260900650115,2942600
2019-09-13,265.54522705078125,267.51931653491914,263.6803264501726,263.99873156209657,2306300
2019-09-16,262.6250305175781,265.07216054387703,262.30662543655774,264.33529528444353,1508900
2019-09-17,265.0994567871094,265.44515215358297,262.62503642745435,263.4164822600458,1758900
2019-09-18,266.0273742675781,267.064460445967,262.7251115320873,264.4535884960687,1666000
2019-09-19,261.8426818847656,263.5984490828513,259.00438175252197,263.35280880379014,3004700
2019-09-20,260.5054016113281,263.2800429214101,260.3052914028786,262.6796290093488,3409500
2019-09-23,261.606201171875,262.1156382836669,259.950516677431,260.5054283390385,2025400
2019-09-24,261.9154052734375,266.2001446194138,260.5417301155758,263.17989157932124,2483200
2019-09-25,262.4613342285156,263.5256830040525,260.96939142509996,262.23390595450036,1827800
2019-09-26,262.2338562011719,263.64390012764443,260.72372941675616,263.2982047747711,1877300
2019-09-27,260.13238525390625,263.38914484986725,258.7223137620475,263.38914484986725,1538100
2019-09-30,262.0973815917969,262.56134407471274,260.6964436542131,261.7244237174855,2151500
2019-10-01,258.2947998046875,262.6159364606281,257.612515069539,262.03373458966456,2648900
2019-10-02,259.36822509765625,259.98685095346195,256.7391693188588,257.6579882087634,2480600
2019-10-03,262.9070739746094,264.5991269379828,256.17520289241327,259.62302315844846,3590200
2019-10-04,265.3360290527344,265.5907476073267,257.73991920230617,261.860918387607,4513300
2019-10-07,266.9187927246094,268.99293646199993,264.27152557413785,264.76277817995395,1988700
2019-10-08,265.5361328125,268.8929481390543,264.2261439113993,266.50042634216624,2201100
2019-10-09,270.09381103515625,271.6130441117791,266.6459906485022,266.6459906485022,2235500
2019-10-10,270.3121337890625,272.4408588747841,269.51158190816125,271.6675972733573,1637500
2019-10-11,270.7305908203125,273.6052871942758,270.5122408248397,271.15815703522367,1855500
2019-10-14,270.65777587890625,273.2231729564794,270.639591615051,271.0944480715469,1297600
2019-10-15,271.44927978515625,272.58642105354363,270.3940093566242,271.3855932111894,1580700
2019-10-16,271.80401611328125,271.97686378332793,268.43806731601205,270.0027745970111,1811100
2019-10-17,275.09716796875,275.2881998991587,271.86769836597074,271.86769836597074,1734600
2019-10-18,275.51556396484375,276.5526497271898,273.8053274775912,274.7332244000372,1853900
2019-10-21,273.8963317871094,276.10695510484015,273.0685175270205,275.6429926689087,1322900
2019-10-22,272.88653564453125,277.3532285935011,272.86835138387295,274.3784501231826,1955600
2019-10-23,270.4758605957031,272.95935917805525,270.348487457,272.53179298163684,1798700
2019-10-24,270.2302551269531,271.3492121924423,267.9650784767264,268.410828995111,2056700
2019-10-25,269.72991943359375,270.4122042213685,268.4654049677099,268.8383906498288,1686200
2019-10-28,271.9496154785156,272.08606688060274,268.55637588134465,269.00215414448047,1672600
2019-10-29,269.147705078125,271.9496369796216,269.10223052791343,271.2855364206407,1295300
2019-10-30,272.768310546875,273.1412961645295,269.24772609239045,270.1119644457647,1264300
2019-10-31,270.8719177246094,273.1602661216444,268.5379960045228,272.0115290263134,2277400
2019-11-01,269.94207763671875,272.0663292559586,269.40418429611935,271.6742817174293,1364500
2019-11-04,270.607666015625,271.88402566597006,269.10338400548426,270.9176370862407,1651600
2019-11-05,272.75921630859375,273.2241867858554,269.6868276140597,270.8537888830752,2204500
2019-11-06,274.9381408691406,275.0110637690945,271.6195785589905,273.47943246712464,1675000
2019-11-07,278.2566833496094,279.97978948073285,275.76778936805243,277.0897221589856,2399400
2019-11-08,275.8954162597656,277.41794965887476,274.6737559154591,276.00481452603935,1501600
2019-11-11,274.27264404296875,275.63105238678895,273.23333256329886,274.9199357462085,1160900
2019-11-12,273.9626770019531,275.9957544713648,272.28517176933315,274.2635222755391,1540800
2019-11-13,276.1507568359375,277.15362089711607,273.06924173093284,273.67096016764,1517900
2019-11-14,277.6914978027344,278.8767108306313,275.5763715132257,277.50917659867304,1336400
2019-11-15,276.8435974121094,278.4664033776854,274.9655195358546,278.34787930798603,1706100
2019-11-18,277.6459045410156,279.3234097398455,276.0139726842932,276.3421675215943,1241300
2019-11-19,275.54901123046875,277.73708817459215,274.82879659520637,277.6094382964115,1761400
2019-11-20,274.0264587402344,276.3968564774938,271.6925363651772,275.7313132744117,1979500
2019-11-21,273.7529296875,275.21163809786776,273.06916272850407,274.13585142645917,1302500
2019-11-22,272.8777160644531,275.27546332152474,270.981414604715,275.27546332152474,1277300
2019-11-25,272.64068603515625,274.08117077318104,271.27315202496976,273.77119973624485,1613000
2019-11-26,274.63726806640625,274.7375683542971,272.43099560339226,272.8321411098582,3359100
2019-11-27,274.1997375488281,276.05046608465113,274.0265143214189,275.1661261740822,1906500
2019-11-29,273.3335876464844,274.31822774618223,273.19683980556846,274.2544028129043,981600
2019-12-02,271.1273193359375,273.6891642798664,268.28282508614427,273.27889292793463,2705500
2019-12-03,269.559326171875,270.03339483550843,266.8516064457484,269.0670059064255,1921400
2019-12-04,270.3341064453125,270.9176009634149,269.08509653177765,269.8965133792857,1742000
2019-12-05,267.2161560058594,270.8902630003563,266.66913682734435,270.8902630003563,1941100
2019-12-06,268.90283203125,269.850969089155,268.2737640437146,268.93018160364045,1462000
2019-12-09,269.09423828125,270.94496659284096,268.5380932968036,268.9483646430764,1960000
2019-12-10,269.65960693359375,270.4892479872326,268.5382184676186,269.88752938275064,1565900
2019-12-11,269.2218933105469,270.17918396161986,267.17059197296123,269.8600870779288,1749800
2019-12-12,271.08172607421875,271.464647868686,268.1460850584794,269.1945223164107,2742700
2019-12-13,266.09478759765625,268.94837994495185,263.56941791056346,268.62018510730223,5195600
2019-12-16,267.5808410644531,268.456055105218,266.98824851417015,267.15234593008495,2410000
2019-12-17,269.44976806640625,270.133535058105,266.89704909308426,267.580816084783,2474100
2019-12-18,266.09478759765625,270.18826420614374,266.04921425550043,269.8509435710416,3309800
2019-12-19,267.77227783203125,267.86345233380024,265.75745210892984,266.26799593177407,2333600
2019-12-20,268.7933654785156,268.9665886851117,266.9244133937287,267.89992769981137,4866500
2019-12-23,267.4075927734375,269.2309714171881,267.15232087621445,268.866301252948,1309800
2019-12-24,268.2463684082031,268.4469411788092,267.45317529997607,267.9546211377668,543600
2019-12-26,269.6138610839844,269.6138610839844,267.94545424290374,268.4833475400823,1101800
2019-12-27,268.136962890625,270.1335649531486,267.2890984044994,270.0606420412193,1439100
2019-12-30,269.0760192871094,269.5044865897524,267.7267089769614,268.2190290367191,1238900
2019-12-31,267.9637451171875,269.35862870522163,266.37738673404317,268.9483573700436,1550700
2020-01-02,265.7483825683594,268.5654999873017,265.30166358444245,268.09143142931964,2103600
2020-01-03,265.96710205078125,267.033762841048,263.7790256986049,264.43544303974846,1926000
2020-01-06,266.0400695800781,266.2771177165954,263.131778299544,264.8913320847113,2655100
2020-01-07,265.6207580566406,265.930729167384,263.7335539958093,265.5934084828267,1963400
2020-01-08,268.6656799316406,269.38592215606235,264.84570013758747,265.2924189213521,2492800
2020-01-09,272.97802734375,275.2936981750457,271.41901858055377,272.18483426758263,3261200
2020-01-10,270.9905090332031,273.7529264014859,270.4617414998482,273.5067803153196,2024200
2020-01-13,273.38824462890625,274.09936111457307,270.5893520186668,270.69877809707856,1778600
2020-01-14,273.2788391113281,274.4184506172136,272.2121504998989,272.8229945089739,1459900
2020-01-15,274.25445556640625,274.4550283791808,271.7199597445589,272.00258127766523,1604000
2020-01-16,276.2691955566406,277.2082343822584,274.40024370122745,274.77403963681974,1758600
2020-01-17,277.7735290527344,278.33877204812825,276.26924705667415,276.6065676944057,2506500
2020-01-21,285.595703125,285.6686260025925,278.75803567092544,279.1591810540343,3585900
2020-01-22,284.34686279296875,285.86936873775204,282.81520322704887,285.72349507325697,2218900
2020-01-23,285.2493591308594,285.7234275615363,283.2892326557363,284.4652918472801,1535900
2020-01-24,283.088623046875,286.52568132267027,281.8031379332103,286.2886332269098,1986100
2020-01-27,282.1222229003906,284.2373206155231,278.6577873840126,279.11363196596665,2265100
2020-01-28,283.3986511230469,284.1826906399618,281.8031946979948,283.08868007060016,1571700
2020-01-29,282.2406921386719,284.41964238692736,282.0674968108284,283.4076530440115,1713700
2020-01-30,282.14044189453125,282.2954412916934,279.5877234077914,281.5660732793786,1232600
2020-01-31,278.5393371582031,281.87612372111084,277.66412311921914,281.3017549440251,1837000
2020-02-03,275.33013916015625,281.32904187079816,275.02929396524604,279.8885851727416,2816800
2020-02-04,277.9741516113281,278.89496700437167,276.02315034814245,277.67330628727143,1982300
2020-02-05,281.66644287109375,282.249909601991,278.4299289039445,279.88863746501517,1731800
2020-02-06,283.77679443359375,284.9005463774446,281.2552461877204,282.62566314700973,1917900
2020-02-07,286.5359802246094,286.7004236037035,282.41558342297435,283.2195660068261,1903500
2020-02-10,286.68212890625,289.55999923893955,285.5949291101573,286.6547216795085,2336300
2020-02-11,283.8408203125,287.2668635121426,283.64896970005907,286.9014244804229,2047500
2020-02-12,287.8973388671875,288.226253605324,283.92312205878585,283.92312205878585,1384600
2020-02-13,290.7112121582031,291.25023963770394,286.4537789045801,287.65060782844347,1438000
2020-02-14,290.8116760253906,292.1820932833587,289.5691777611472,291.32329623786853,1113400
2020-02-18,294.22857666015625,295.53506231369283,291.0857508243947,291.4420726975076,1547100
2020-02-19,295.1147766113281,296.4943388979347,293.93623785112476,294.2559795710683,1413600
2020-02-20,296.083251953125,296.98774644795554,293.27848537082286,294.4753144046102,1427500
2020-02-21,294.1372375488281,297.16128942416105,293.29670268974695,294.6945271883715,2239000
2020-02-24,286.52691650390625,292.3557640098475,286.19802965237994,288.244511078459,2300400
2020-02-25,278.53271484375,289.22197982857335,278.10331635233075,287.78760317838476,2881800
2020-02-26,279.28192138671875,284.4072688806592,278.3591647845719,280.9812255137325,2236000
2020-02-27,267.80694580078125,278.65150993973737,267.6881718437477,275.8924132228157,3625300
2020-02-28,256.8526916503906,262.50791988911635,247.8444698258621,260.60762067218997,7091800
2020-03-02,282.4338684082031,282.7719001973206,266.2081194808852,269.0037683999555,7563800
2020-03-03,276.57769775390625,287.0294185041364,275.02454661159857,282.43395247303414,5131400
2020-03-04,293.0318298339844,293.2419705780693,278.6698517116772,281.65738003994977,4219300
2020-03-05,288.4819641113281,296.4760644023933,286.1431209995247,288.4910812667243,6407700
2020-03-06,284.4437561035156,290.06246036415035,276.59583790474585,285.1746619167109,6185500
2020-03-09,275.8923645019531,283.52099694160876,267.6881245717024,270.29192248592767,5203100
2020-03-10,282.67138671875,282.97289412103595,268.9855045737812,281.3649289920702,4245500
2020-03-11,271.7354736328125,281.2005036848191,268.7753811653952,274.86915452331533,3622700
2020-03-12,255.6742248535156,270.0910155202765,252.4674390522586,256.21325237921377,7307600
2020-03-13,276.1573181152344,277.0526673577806,254.2306436994496,263.8783782118982,6100100
2020-03-16,258.71649169921875,273.6540449436862,255.3635531877795,257.4831106274353,5465500
2020-03-17,280.4695739746094,280.6523074196085,261.5669505833889,264.03371268483124,7170600
2020-03-18,280.9355773925781,290.52849954744664,270.4290436039126,272.2562668715066,6701800
2020-03-19,278.8525390625,286.73701178404326,276.48628831846327,283.5941855887387,5429500
2020-03-20,265.3310241699219,281.4014446908514,262.2247232323991,281.31922301396963,6581200
2020-03-23,260.8634948730469,270.1275290220467,254.3677303816303,266.783707529987,5646400
2020-03-24,260.3244934082031,271.66241679155434,258.39675842009717,269.1408398354168,7124200
2020-03-25,256.596923828125,265.605148113799,255.08947036285792,259.6575280644015,5639600
2020-03-26,267.0486145019531,268.35510005939614,256.5968973296612,257.03544086095764,5463100
2020-03-27,259.76708984375,268.1357727355894,258.85347853959115,262.3252182241173,4250400
2020-03-30,265.9705810546875,266.48220127503146,261.1467133477224,262.65416677842194,4396000
2020-03-31,260.498046875,266.336009759107,259.4656614371614,262.59022497994687,5618600
2020-04-01,262.0054626464844,263.85094754194677,256.63342343090955,257.9672881992892,3745800
2020-04-02,266.299560546875,267.4872446587715,258.38767951685054,259.8129116036134,3500600
2020-04-03,263.7139892578125,267.0852183753274,261.1101905574503,264.179940107275,2650100
2020-04-06,278.7611999511719,279.0992318222187,264.5545490408335,267.688230508537,5272500
2020-04-07,277.3999328613281,283.21963509568667,277.02534870787485,280.02199405428377,4036500
2020-04-08,279.5376892089844,280.8624369295492,276.1664608155767,278.75196888416986,3964400
2020-04-09,274.0926208496094,278.05769178727394,271.87252350581224,273.58100059192446,6487600
2020-04-13,273.7362976074219,277.6922513690762,271.94562671429463,272.78613375585496,3120400
2020-04-14,287.0019836425781,287.55927337877193,275.22551582320904,276.5959333293827,4288300
2020-04-15,283.4663391113281,286.6457183916045,280.3143949525674,284.71801076803666,2937300
2020-04-16,293.7809143066406,294.7584853117732,285.0833427869864,287.54095997420956,3940000
2020-04-17,290.455322265625,294.30161810474556,286.89221582316816,293.5524501330656,3688000
2020-04-20,285.1199035644531,290.87567352870707,284.6174283233612,290.48282722158325,3156300
2020-04-21,275.298583984375,284.94634858050875,273.4896507760868,284.26113984858995,3833000
2020-04-22,282.68963623046875,284.25190383248395,275.94718000538495,277.73785044493707,2970600
2020-04-23,279.0169677734375,282.89069978768043,278.45967809897576,280.5061590928466,2625200
2020-04-24,283.7220764160156,283.97788655344516,279.117493942284,280.780245894969,2019400
2020-04-27,282.1049499511719,286.2253466227203,281.01775006613457,286.0060609096409,2287300
2020-04-28,278.6058349609375,284.37983838662836,277.9937029950524,283.9778471006283,2425900
2020-04-29,280.56103515625,282.0136745250766,275.10677177307684,278.60592046631643,3667700
2020-04-30,277.4566955566406,281.9436134271564,277.0629518373805,280.34114076305036,3794300
2020-05-01,276.4678955078125,279.1234174139098,274.87456000821817,276.33968421517807,2525400
2020-05-04,278.8211364746094,279.77347111199833,274.77376316930133,277.4567541178536,2477500
2020-05-05,281.9620056152344,283.68349600043507,277.8596646571991,279.3430923410456,2460900
2020-05-06,282.8501892089844,284.81893585529764,280.6982916418902,283.7933577667014,2406700
2020-05-07,279.2881774902344,283.747626869466,278.8577978694201,283.2623075476894,2601800
2020-05-08,280.14892578125,281.2843834833069,278.09776917239554,280.1122900004025,2337400
2020-05-11,284.1688232421875,285.54237157237446,279.2881604713512,279.8742211724555,1865900
2020-05-12,279.1416015625,285.28593230565184,279.0958278032968,284.6357940224637,2264900
2020-05-13,276.66925048828125,280.57010839690406,274.8195210165563,279.14162049601515,2954900
2020-05-14,274.47161865234375,277.3469270236919,269.71000045735167,275.6345743066417,3718900
2020-05-15,273.98626708984375,274.5539959512566,270.9186701069795,273.8580837719022,4577200
2020-05-18,277.2369384765625,277.63068219817626,274.6363576052283,276.28460403448474,3987300
2020-05-19,278.9493713378906,282.96927513547496,277.59412685247554,278.94020540615844,3523000
2020-05-20,279.20574951171875,281.96201208938163,277.6399122478066,280.90893601897193,2827000
2020-05-21,276.5135498046875,279.3247516449845,275.854245593688,279.0958269598445,2492100
2020-05-22,276.93487548828125,278.31759008854164,275.4697513214047,276.55029751073914,2366400
2020-05-26,279.1050109863281,281.02798424770236,277.9420834541454,280.21302676551943,3234600
2020-05-27,280.2129821777344,280.4876806235436,274.2243045549206,278.88520781820426,2980200
2020-05-28,283.46368408203125,284.78229243048514,281.0279222146068,281.34842234490856,4301900
2020-05-29,282.4656066894531,282.8410465465035,276.8615345694027,278.5555829188072,4971800
2020-06-01,282.3008117675781,283.6285583588891,280.6250671904192,281.94367579559247,2293700
2020-06-02,281.2019958496094,282.96928817067754,279.0317937425578,281.9895115021824,2528900
2020-06-03,280.7898864746094,282.21837433155264,280.130582237181,281.5773740095024,2165900
2020-06-04,284.5533752441406,288.76559491557754,283.0333120262135,284.64495070447975,4553900
2020-06-05,285.73468017578125,287.19063801018325,281.3851105896121,286.7327885800602,4375600
2020-06-08,281.2935485839844,285.04791967974904,280.6250783238277,284.4710248989843,3764500
2020-06-09,279.7917785644531,282.58467688503913,279.44383646756177,281.5774025390067,3155800
2020-06-10,281.4217834472656,282.6122090075849,279.8834157133851,280.64346159215137,2713700
2020-06-11,275.4696960449219,283.1341195412917,275.29573895802946,281.1104047913195,3443000
2020-06-12,273.5193176269531,279.4255597371235,271.275843774731,277.1546439760939,4020000
2020-06-15,272.12738037109375,272.9423657696412,269.06894953362206,272.0083350481678,3266800
2020-06-16,275.9549560546875,277.21862477416767,273.9953753024515,275.9458180699181,2633800
2020-06-17,274.35247802734375,276.54101136528,273.70233976559535,275.64361656624595,2188400
2020-06-18,274.3159484863281,275.45140627228807,272.68600542958256,274.70969233856715,1881800
2020-06-19,274.6180725097656,276.449470162975,273.46431099078285,274.87446706341854,3438000
2020-06-22,275.1217041015625,276.0648727082172,273.10715564807265,274.4349300303603,2094400
2020-06-23,275.8908996582031,279.1965589172191,275.3781105650866,276.29380936635323,2409600
2020-06-24,272.8966369628906,275.8818249848405,271.59635988413186,275.4148094993426,2398100
2020-06-25,275.1949462890625,275.7626750471463,270.49740719505354,272.0174704848728,2274300
2020-06-26,271.5597229003906,276.65100766154677,271.00115986286943,275.0851700248935,2866000
2020-06-29,276.1656188964844,276.20225467586585,271.8068833321775,272.36547417432587,1841700
2020-06-30,277.6490783691406,278.9402172772059,274.8379037541884,275.634557391206,2391700
2020-07-01,279.0592346191406,279.81925239633705,275.3964390868139,276.99891213220684,1906100
2020-07-02,279.9658203125,282.8777645474009,278.92193792048903,280.20391100932596,2540500
2020-07-06,285.23101806640625,285.2951236909369,281.3392980600263,281.6048585438601,2332400
2020-07-07,289.5714416503906,291.2379922286404,283.61023351865623,283.8849319807552,3346600
2020-07-08,289.65386962890625,291.23801076937565,287.5386075013539,290.40474939965867,2364500
2020-07-09,298.0966491699219,301.24665584806587,292.73063869863955,293.02366907449357,5313600
2020-07-10,298.72845458984375,299.79980662637405,295.8714506209683,298.51783378804583,2484100
2020-07-13,295.6974182128906,301.3655671060402,294.39711384354666,298.7924561537621,2583200
2020-07-14,300.34918212890625,300.95354664145697,293.43566792554833,294.23232134598555,1844800
2020-07-15,299.1588134765625,301.55793989617064,298.16984310907037,300.4407862261726,1770700
2020-07-16,298.7650146484375,300.25760804987993,296.7413282792273,299.0855147929957,1402000
2020-07-17,297.4098815917969,300.1661165380808,297.2175646843304,299.7082670449203,1768100
2020-07-20,298.98480224609375,299.8363953609828,295.4593565351578,297.5013747698592,1863300
2020-07-21,300.11114501953125,303.54501585420854,298.9756873392366,299.43353678386023,1874200
2020-07-22,300.6239013671875,301.86926625206274,297.61127247054526,301.8601003217982,1312600
2020-07-23,298.61846923828125,302.5285203048403,297.90422541888313,300.44072852929935,1561700
2020-07-24,298.3163757324219,301.03600248483417,297.29996340374936,298.7192854694394,1423400
2020-07-27,299.9830017089844,301.2649747358986,297.7669978057414,298.22484731141907,2083300
2020-07-28,299.9554443359375,302.180585577503,298.35297153363257,300.32171824462563,1374000
2020-07-29,298.64605712890625,300.3858794759608,297.9592829436284,299.45184869923855,1341300
2020-07-30,298.0770568847656,299.5728608599548,295.4892252714328,296.1224187088444,1390300
2020-07-31,298.7285461425781,299.4443262617871,295.9938846589271,298.0770095224679,2149900
2020-08-03,302.20660400390625,302.7296817819895,297.59989010608115,298.7469757571299,2480200
2020-08-04,311.8145446777344,311.84207360875683,301.8394939320415,302.4267871288587,3933300
2020-08-05,311.979736328125,314.5125101489062,309.795680990497,313.7141150929945,2923700
2020-08-06,315.0447692871094,316.7057470253417,313.4847216410806,314.21887324127886,2104300
2020-08-07,312.8423767089844,316.34787715636577,311.66776213036167,314.8887875785859,1759000
2020-08-10,312.0072937011719,312.9892057290246,310.704192093505,312.65883050249505,1503800
2020-08-11,305.06048583984375,312.78726574429066,304.48235029291163,312.78726574429066,2065600
2020-08-12,309.0340270996094,310.99782296227426,305.73960082155065,306.27183618469746,1853900
2020-08-13,308.0613708496094,311.5117858612271,307.5382930083585,309.2451432208308,1536500
2020-08-14,308.5935974121094,310.86942563463424,307.9695894818282,308.82301456339127,1522900
2020-08-17,311.97052001953125,312.3467673983204,309.58457674221796,309.8507084013645,1504700
2020-08-18,312.69549560546875,314.57670455310637,309.07988000428816,312.9249126968887,1489400
2020-08-19,312.8332214355469,313.78760462490885,311.9614530649477,313.0351096485845,1730100
2020-08-20,312.8055725097656,313.53053827009,310.8509346526327,312.13569260916074,1717500
2020-08-21,316.2377014160156,317.3664436567143,311.3924132687764,312.07150694436757,2372600
2020-08-24,315.7972717285156,317.61423747179606,313.94356339807143,316.69656895336493,1461500
2020-08-25,316.3294677734375,316.51301265628615,313.34704545975865,315.8064180668515,1176200
2020-08-26,315.92572021484375,316.439612327613,313.55814783851537,314.76947696362276,1757000
2020-08-27,317.8435363769531,319.1099229421488,314.34722286261393,317.1552852441303,2220700
2020-08-28,319.6881408691406,320.3213343151322,317.0544370020537,318.86224489763515,1487300
2020-08-31,319.0366516113281,320.03690697072,315.94411307710266,318.29334232586234,1586900
2020-09-01,322.4503173828125,322.55124746143383,316.9718360758482,317.2471253857394,1773700
2020-09-02,329.3144836425781,330.28723795568214,322.3860981077197,324.496724322241,2434900
2020-09-03,319.6238708496094,333.72845672562613,317.0727539907589,333.1778501219502,3630400
2020-09-04,318.036376953125,324.836303859962,312.37435001819455,324.836303859962,2557000
2020-09-08,310.96112060546875,316.522217232183,310.3371127744908,315.53111961355313,2144300
2020-09-09,317.9078369140625,320.9086303148214,312.3651402934545,312.83313210434073,2100900
2020-09-10,311.57598876953125,319.3486421866308,310.86939409707514,317.76106557901056,1959600
2020-09-11,311.2089538574219,314.99892962040474,308.4284191459029,312.264267136443,1599600
2020-09-14,314.6868896484375,316.44879745934617,312.43859065496434,312.91576818603966,1522300
2020-09-15,315.5953674316406,319.128396648339,314.5308686439719,316.61396599271734,1362500
2020-09-16,315.43023681640625,320.0461087374733,314.98974580819464,318.678763485014,1656500
2020-09-17,310.9794921875,314.65935167349187,308.67613539142803,311.62184330645124,2681500
2020-09-18,308.2998962402344,313.126841430765,303.93181329701656,312.190829658294,3409300
2020-09-21,311.6127624511719,311.6586346834652,306.23520938816796,306.4738122081553,2427400
2020-09-22,316.0909423828125,316.50387642616727,311.6310586794299,312.64968532974814,2128100
2020-09-23,316.2560119628906,319.5779665311707,315.7329343416941,319.34854946977003,3577100
2020-09-24,318.430908203125,318.7337264276247,310.4563682327954,316.59557155642113,5779300
2020-09-25,314.374755859375,315.46678324466484,307.74919041472185,312.6862497522487,7338500
2020-09-28,320.8351745605469,320.9728191993938,314.8519875502241,315.4576519661637,3459200
2020-09-29,323.1477966308594,325.1207782901927,318.52273958382597,320.2204318972132,2526000
2020-09-30,325.7723693847656,328.250085931392,322.2577107922056,323.53325564774724,2525800
2020-10-01,328.94744873046875,330.07619108807654,325.6071498915239,326.9285947962772,2053000
2020-10-02,325.78143310546875,328.3784220799222,323.79926621102084,325.5244871009115,2125000
2020-10-05,329.0574951171875,329.4245848505979,326.0750730658237,326.0750730658237,2093500
2020-10-06,328.846435546875,333.11358747133147,327.64429233386716,332.1041467567793,2760400
2020-10-07,333.1319580078125,334.71034870741414,330.04860576022753,330.7919148915209,1959100
2020-10-08,335.0314636230469,335.83901608091054,331.966455343435,334.76533201647595,1793100
2020-10-09,339.0417785644531,339.30791025704036,335.59136422702346,335.8666535607215,1730700
2020-10-12,345.4839172363281,349.3197656253692,340.24400887186937,340.4550827516109,2806900
2020-10-13,349.3380432128906,350.81550408314524,345.4838522568318,347.2641314145187,1823300
2020-10-14,347.1907043457031,352.2654101389026,345.6857425361663,351.3661129129057,1904400
2020-10-15,345.5755615234375,347.2090101919809,342.3453787645814,345.4654457937632,1697800
2020-10-16,350.1271667480469,353.18298982752646,347.90639716695824,349.17278388629677,2459400
2020-10-19,344.6396179199219,351.5496613726447,343.8595940072326,350.57693489494574,1938100
2020-10-20,347.16314697265625,350.6227469263581,345.15345083894874,346.59419701791137,1282300
2020-10-21,346.71356201171875,349.88868757062227,345.9794103184595,347.39262782358793,1466500
2020-10-22,344.81390380859375,347.22737619895497,341.40017621555745,346.28217886027915,1813200
2020-10-23,343.7585144042969,345.5204216710431,342.80413163188626,344.68534024581015,1108000
2020-10-26,340.18890380859375,341.95083976482465,335.97680848161446,336.4907006344689,2145000
2020-10-27,342.03338623046875,344.04308237887483,338.4085846464438,338.4085846464438,1525400
2020-10-28,334.9123229980469,341.74896524113984,334.6462192687891,337.0871930900443,1908300
2020-10-29,335.4639892578125,339.3531972199043,333.30334622660297,333.96533847421773,1838500
2020-10-30,328.8072509765625,334.5353221524963,327.12470284623913,332.034466114681,2724100
2020-11-02,335.0318298339844,336.19949833755203,331.6482988514128,333.03665010832805,1646300
2020-11-03,341.9918518066406,344.60303480758597,338.24978562509216,339.2151778122654,2013100
2020-11-04,345.8628234863281,350.8921187494645,343.867643263746,343.88602180658694,2449800
2020-11-05,354.19281005859375,355.43402084866034,348.92445443978346,351.6643719829432,2255800
2020-11-06,354.5881652832031,355.63630322225566,350.20248453664374,351.11271328093136,1950200
2020-11-09,335.5926513671875,358.118733445259,335.3719966848419,356.9694435433166,4371300
2020-11-10,337.0821533203125,341.60577107895506,331.537979516059,334.56291863431414,2662600
2020-11-11,342.87457275390625,344.51116049116416,338.49806772353367,339.8955941766275,1688800
2020-11-12,345.4398193359375,347.76598137878256,343.4078822931681,346.57993419652064,1535900
2020-11-13,348.3175964355469,349.22782508686544,344.7777778176556,346.1845075782553,1274600
2020-11-16,349.1910705566406,350.56101519276655,346.5431020329539,346.5431020329539,1691500
2020-11-17,351.1494445800781,357.18091561631053,351.02991394332884,356.114371242255,3299100
2020-11-18,351.4344482421875,356.7855203166857,350.9747323144202,352.0412766339004,2134600
2020-11-19,352.6389465332031,353.71466622790876,349.6691711613177,352.7032854465518,1768900
2020-11-20,350.4139404296875,354.4410573213522,350.31281637184657,353.0159488591602,1807600
2020-11-23,350.9563903808594,352.19762922628723,349.69677299611476,352.1424655494983,1679600
2020-11-24,353.26416015625,354.9467083512808,350.03694489401926,352.7768623241296,2061100
2020-11-25,356.50982666015625,357.05228827756827,354.49626794765834,354.7077474495688,2034200
2020-11-27,357.09814453125,359.1944479966144,356.50969468751055,359.0013471085438,1329400
2020-11-30,360.2058410644531,361.47466163117906,354.1927763786837,360.1874625268325,3733800
2020-12-01,365.6687927246094,366.1499947486796,359.649160415363,362.7816381677925,2996800
2020-12-02,361.8381042480469,365.0271904518175,360.01712669650243,363.69683047246815,2212800
2020-12-03,352.921875,357.3375483440613,352.1953786083335,356.648771831634,3976400
2020-12-04,352.3369140625,354.11072744606423,350.88392122175236,354.01637015663596,2839700
2020-12-07,352.2425537109375,355.2335098763806,351.60097021848594,353.1294603950095,2652900
2020-12-08,356.2713928222656,358.08292612348276,349.8083070810236,352.82756764145574,2685500
2020-12-09,353.1484069824219,359.479387610087,351.7425493775966,358.42265490968583,2461600
2020-12-10,351.7330322265625,353.8181927133564,350.5724981886953,353.14830499741595,2566300
2020-12-11,353.9126281738281,358.3188289159421,351.49723108148453,358.3188289159421,3483900
2020-12-14,353.23333740234375,356.8186847838597,352.1294115983641,355.2901942812786,2778400
2020-12-15,350.8745422363281,354.46933392112004,348.44025616696524,353.34654819344934,2133900
2020-12-16,348.5722961425781,351.7802424167672,348.01562556858727,350.1951436168811,2385100
2020-12-17,349.374267578125,350.01585103319337,347.21360960824444,349.34596327257196,2314200
2020-12-18,346.2701416015625,350.383854803378,345.2605732427834,350.1385603863898,4140000
2020-12-21,344.35479736328125,345.439834253624,341.3732854113582,344.4680145979183,2329700
2020-12-22,341.580810546875,344.1566174376192,340.24100627853136,343.533893943358,2105500
2020-12-23,341.4487609863281,342.5904064211761,339.19374562968466,341.9771272434711,1782100
2020-12-24,343.9868469238281,344.7039278732423,340.99591909940426,340.99591909940426,972500
2020-12-28,350.10076904296875,350.69518826202955,344.45853743898596,344.8548265162933,3207700
2020-12-29,351.6669921875,352.17649846601006,349.34595282019757,351.22353888457076,2072600
2020-12-30,353.29931640625,354.6296476437307,352.1953908334658,353.06343758071336,1778000
2020-12-31,355.4976806640625,355.74300384716446,351.42168780566476,353.8087802761698,1628900
2021-01-04,358.6772766113281,359.9981920555626,353.6389091923071,356.1109142651881,3322200
2021-01-05,354.5164794921875,358.73399462838836,354.05416614415174,357.46024303539775,2748400
2021-01-06,349.1195068359375,354.5730238978654,348.77041079604913,352.70488210737085,2661400
2021-01-07,347.13818359375,350.6574774552033,346.0720066309449,350.05364259814957,2849500
2021-01-08,349.04412841796875,349.34606029025116,343.71327157050575,347.3269232873966,2599700
2021-01-11,343.4490661621094,350.04422990506276,343.3075158103911,347.76090986012696,2562500
2021-01-12,343.62823486328125,344.4490884504274,339.90133844127075,343.43952031262336,2387600
2021-01-13,346.2229309082031,347.91180246637765,342.49603417037184,343.7886454499021,1968800
2021-01-14,341.8827819824219,345.79836480190943,341.13739681730993,345.32660714187955,2363900
2021-01-15,341.7035217285156,344.2981889343127,340.42032588305284,340.6656490874362,2340400
2021-01-19,334.4478759765625,342.4488962402477,332.53254103246906,341.89219686399275,4533800
2021-01-20,340.8920593261719,341.45817425323054,333.4477387358245,334.3723940764803,2767200
2021-01-21,342.30731201171875,343.43009743264224,339.60887229003686,340.8920391746354,2121600
2021-01-22,341.8356018066406,344.0340087096561,339.5240064617685,342.6847886616994,1960300
2021-01-25,341.4393005371094,341.5147690872316,336.66511571392414,340.4768965618,2735900
2021-01-26,344.3642578125,345.2322758477891,338.60880816797805,339.8542553947542,1807000
2021-01-27,336.2593688964844,345.13782087565744,334.8063475431183,342.48654568046015,3120800
2021-01-28,336.8915710449219,341.18455414661173,335.95750011102234,336.6934408939921,2251100
2021-01-29,332.5231018066406,336.1650859637901,332.0041798911554,334.71206428910745,2598700
2021-02-01,330.72100830078125,332.8628066910813,329.48500542782443,331.372036231582,2371200
2021-02-02,335.4952087402344,337.49548566730994,330.9097375057177,331.89100162925206,1905000
2021-02-03,335.14599609375,337.3349580720856,333.2589658628668,336.10839993953005,1759800
2021-02-04,336.4128723144531,338.80467824868634,334.5221157229437,337.22588380048734,3411600
2021-02-05,335.77001953125,337.3582481322949,334.75845783806494,337.07461733525815,2165600
2021-02-08,340.1755065917969,340.37405683388295,336.1482141124252,337.09359253914363,2520700
2021-02-09,339.920166015625,341.91492891862845,338.7289803119296,340.37395791480697,2154000
2021-02-10,336.6680908203125,341.2815412011305,335.72271258983847,341.2815412011305,2162400
2021-02-11,332.9621887207031,337.0273031369331,332.1964347439279,336.29937236351685,2088400
2021-02-12,333.4821472167969,333.6995945806641,330.97690085333545,332.76365058023737,2096600
2021-02-16,334.6638488769531,335.9495492503152,332.8109158709577,333.7940883268286,1829000
2021-02-17,338.48321533203125,338.6061191128743,332.68804240940773,333.8224789273722,2143000
2021-02-18,337.42437744140625,338.63446030305965,333.0378090362556,333.0378090362556,1914900
2021-02-19,335.3918151855469,338.3792137735007,335.21219101866035,337.20695403226495,1839400
2021-02-22,331.0809631347656,333.9927447785164,329.7669021541668,333.482232361635,2215600
2021-02-23,323.461181640625,331.8277854191888,323.3477408600055,330.69331991168116,3692600
2021-02-24,322.0904235839844,323.7920931170368,319.43391266091623,323.1208825496355,3305800
2021-02-25,315.6618347167969,324.2647837287107,315.1418881490405,322.2322259856741,3618100
2021-02-26,312.9201965332031,317.54310996172063,312.8634761470198,317.18386161545703,3362200
2021-03-01,313.6481628417969,317.64712362365276,313.26055425862955,316.9002666536154,4653200
2021-03-02,310.51898193359375,316.4086997660144,310.48118756997735,315.4633213637378,4660100
2021-03-03,306.2269592285156,310.4811616840726,306.0756952346837,310.24481710320833,4064200
2021-03-04,301.6134948730469,307.8151740888607,297.83198174873814,305.7069701358226,5501200
2021-03-05,299.9874267578125,301.036782744414,290.2311165036312,298.1061044623573,8102800
2021-03-08,294.4096984863281,304.72374949615744,293.9370093754938,301.4905721344169,4873500
2021-03-09,301.36767578125,302.7857431487226,295.62922291005384,296.62188737767735,5426800
2021-03-10,306.141845703125,309.5074190322984,299.98745251804127,303.59880458958514,4523500
2021-03-11,310.69854736328125,313.15653651435485,308.8739743161998,312.3624222687441,4338900
2021-03-12,313.0526123046875,313.51583848119697,307.8152079728089,310.1786539356673,3182100
2021-03-15,312.45703125,315.4538646890932,309.4412717780588,315.378247109681,3243000
2021-03-16,309.37506103515625,312.0032116601299,308.7983940974322,311.6628893068483,3066700
2021-03-17,311.20916748046875,312.4476110741012,306.4160913032211,308.1934075950287,2672400
2021-03-18,305.3382568359375,310.2164117367441,304.77102415432694,308.6470804862377,2736900
2021-03-19,310.94427490234375,311.26569995350593,304.7804208582139,305.9337542973361,4859300
2021-03-22,316.2195739746094,317.8078314232084,310.2637023069941,310.50950989381477,4064900
2021-03-23,321.7500915527344,323.8015754410724,315.56730853949375,315.652417986814,3641200
2021-03-24,319.5757751464844,323.8016184458052,318.43184632125326,323.527450586381,3006400
2021-03-25,327.4223327636719,328.78367988943273,318.84774424464325,319.358256629468,4307100
2021-03-26,332.7919921875,333.2079608643164,325.30461370610504,327.29934767164036,3061200
2021-03-29,336.6965026855469,338.22801103784866,331.8372728375111,332.2532416308101,3012000
2021-03-30,330.6460876464844,335.39187671696027,329.7857898605789,334.2668741392884,2602400
2021-03-31,333.2269287109375,337.9254596654453,330.1544494651497,331.5063334091394,2832200
2021-04-01,335.5525207519531,337.80252535086146,332.4233214032483,333.2836189763986,2938600
2021-04-05,341.1114501953125,342.860406051503,337.3488336779869,337.97278690049774,2705700
2021-04-06,340.44964599609375,342.98325304405824,339.3908268626553,340.14711800063776,2142000
2021-04-07,339.2112121582031,341.71645907984583,338.0767465688344,341.1586893011147,1808400
2021-04-08,341.4895935058594,346.02739837467806,339.95808508389956,342.9832787128921,2839200
2021-04-09,343.370849609375,343.8435387667324,339.95804774156977,341.19649102579365,1610800
2021-04-12,344.88348388671875,345.299452681232,341.6030197599234,343.0210873274028,1836600
2021-04-13,345.2616271972656,347.23746453288027,344.37296921943687,345.3845310017443,1796400
2021-04-14,343.3331298828125,344.92135887262407,342.74697096571896,344.92135887262407,1509400
2021-04-15,348.6555480957031,349.36458190732725,344.3729850275198,344.9496808633171,1850100
2021-04-16,350.47064208984375,352.437016245864,348.447518693615,349.5063666167938,2249200
2021-04-19,349.36456298828125,351.23642253584006,348.0883252769973,350.7353731567853,1560000
2021-04-20,351.42547607421875,354.8571749732528,348.5893412530745,348.8445830007416,2330700
2021-04-21,353.6565856933594,354.11981185553566,351.179699017029,351.31203698451174,1531800
2021-04-22,350.98114013671875,354.9328143179348,349.8183144969881,353.8928924674425,2138000
2021-04-23,352.89080810546875,354.37505894983997,350.17757702029115,350.98115433958264,1404500
2021-04-26,348.39080810546875,353.4769480832513,348.09774313431683,353.4769480832513,2059700
2021-04-27,349.9884948730469,350.69752860312826,345.3372497600807,348.0599438996981,1875900
2021-04-28,349.4023742675781,350.2626720117912,348.06938735735724,349.3645510561135,1305600
2021-04-29,353.8930358886719,355.0014815559136,349.14653611560755,349.15601940056905,1848300
2021-04-30,352.5193786621094,354.48051092296424,351.79934272190104,353.2962565015487,2118900
2021-05-03,359.369140625,359.6533501401206,353.27734241371957,354.17735848657713,2685800
2021-05-04,355.551025390625,359.2837970503743,354.092016078386,359.0943048078914,2133800
2021-05-05,352.9078369140625,357.66379252251164,352.4814937340133,356.55534651432464,1905300
2021-05-06,362.6281127929687,362.79863845570736,353.5614558621119,353.5614558621119,2641400
2021-05-07,364.1060791015625,366.1240529555591,362.0975885334865,362.6944283848827,1817100
2021-05-10,361.41546630859375,367.4883256874934,361.22597406000983,365.2145343543179,1998700
2021-05-11,358.2889099121094,360.8848141570901,356.2235780210813,359.3594800784305,1859700
2021-05-12,352.62359619140625,357.11427955395203,351.5909009277994,356.22371794608995,2344600
2021-05-13,359.56793212890625,361.3774756942429,352.0266108197293,353.4666532623887,2023100
2021-05-14,364.2008972167969,365.52725644729384,360.1081068091524,362.0408182092839,1876100
2021-05-17,363.7650146484375,366.6924877918155,362.7607693207722,364.78822654876785,1830800
2021-05-18,362.6755065917969,368.966279277352,362.39129712631745,366.1240689727247,1698200
2021-05-19,359.69122314453125,361.65235536595173,356.3468898822,357.3132310621578,1725000
2021-05-20,363.4049682617187,364.2955297334936,358.3837420165678,359.23639925843884,1427300
2021-05-21,360.6954650878906,365.0819479603708,360.4207099748032,364.7977095602064,1706600
2021-05-24,363.28179931640625,365.47029858042333,361.8038525124584,364.1249732012126,1657000
2021-05-25,365.1103210449219,365.4513723854563,361.93651392348346,363.4428818357576,1379700
2021-05-26,365.337646484375,367.3556200872492,364.7691987365656,365.5650140185174,1648000
2021-05-27,367.1188049316406,367.3745934323991,363.32919146137857,364.87346357650335,4452000
2021-05-28,358.374267578125,365.0439954955013,357.19949663421033,363.94500410080894,4681200
2021-06-01,358.3363952636719,360.2027811018842,355.74997359575616,359.9469636821438,2117800
2021-06-02,360.572265625,361.8323283697369,357.84373913823225,358.4785121537134,1881000
2021-06-03,363.6797180175781,363.98289402746633,358.93321799933216,359.67222036560554,1780300
2021-06-04,367.13775634765625,367.36515282486306,363.5281516949713,363.9829157369277,1765900
2021-06-07,360.3922424316406,366.1240502672732,358.658506955877,365.1955845400458,2515800
2021-06-08,359.7291259765625,361.1596856228089,357.8248356606633,360.4017743762861,1553800
2021-06-09,359.9754333496094,361.6997146949325,359.189101149523,360.21228422960013,1398900
2021-06-10,362.8650207519531,363.1965888442116,359.5301419558717,360.26911552319245,1404000
2021-06-11,361.74700927734375,363.67023692596194,360.5153964843697,363.67023692596194,1404200
2021-06-14,363.5755004882813,363.78393037125426,359.1416310607148,360.76171152437274,1652600
2021-06-15,363.7176513671875,364.27661591691486,361.4912475420307,363.5755466363175,1252000
2021-06-16,359.454345703125,366.1145907865846,357.28478371154785,364.1818796570258,1801700
2021-06-17,364.5133972167969,366.14293194889706,359.264775162685,360.3732496768701,1686500
2021-06-18,360.8470153808594,364.66504996617505,360.29750521215306,364.51346195109943,3415700
2021-06-21,366.4556579589844,367.2609567070797,360.5438694399541,362.1449836492681,1631600
2021-06-22,371.5526428222656,371.8558188364848,366.2282405645362,366.6640380146912,1934800
2021-06-23,371.353759765625,372.7464440998039,370.0463382789516,372.32958423702513,1538000
2021-06-24,371.4483642578125,374.69795016092814,371.19254690038446,372.7273643076027,1487300
2021-06-25,373.7600708007813,373.7979461143616,370.6715269092457,372.301061679249,2056100
2021-06-28,375.6833190917969,376.5170386360242,372.4526703141432,374.22430988939897,1645500
2021-06-29,377.8150634765625,378.4308699912635,374.66967680421544,375.4560090160715,1523600
2021-06-30,374.859130859375,379.4066557946618,374.2243578347306,377.0381472007711,2031700
2021-07-01,373.7789916992187,376.7727893476704,373.16318538793627,375.4558849922407,1523400
2021-07-02,377.9571228027344,379.69085834038015,375.27595493234264,375.370701056863,1676600
2021-07-06,377.8813781738281,380.2877913633647,376.2234219082445,378.8098440910415,2113100
2021-07-07,383.3951721191406,384.7594352254643,378.2034203818384,378.2034203818384,2308600
2021-07-08,385.7352600097656,387.146910631872,381.95512997522025,382.2772436379112,2235500
2021-07-09,390.6807861328125,392.2250585012145,386.1521984496109,387.0616977361537,2304200
2021-07-12,386.4269409179687,392.5566426673108,383.2531334374819,392.26294989780666,2491300
2021-07-13,385.6499938964844,387.762713712788,383.4141359347969,383.4141359347969,1540300
2021-07-14,388.387939453125,388.88057869094575,385.83942262367793,387.0899728292922,1265800
2021-07-15,390.1596984863281,390.519716425876,386.42692655384593,388.8712147507073,1894100
2021-07-16,388.7859802246094,391.67557832553865,388.21753232668385,390.4439363946232,1413900
2021-07-19,392.36712646484375,393.47560120426425,388.4827666023954,388.4922498887234,2293100
2021-07-20,394.34722900390625,396.0809936236953,391.135546129277,392.225054386748,2045400
2021-07-21,393.181884765625,395.1714087274856,390.53862124814,395.1714087274856,1480000
2021-07-22,395.5788269042969,396.583072203355,391.7986676475065,394.1198175611066,1339200
2021-07-23,401.158935546875,401.68947903316587,395.1144984218633,396.28929806646585,1344500
2021-07-26,400.9695129394531,402.17270473358826,398.2409867831124,401.1305553110339,1220000
2021-07-27,402.0211486816406,402.22957858271457,399.42527266027497,401.6990350004275,1666500
2021-07-28,400.01263427734375,402.5137640286163,398.4210036254017,401.0073962066938,1362700
2021-07-29,403.66693115234375,404.20797025120146,398.9969567183179,400.2498802209408,1434200
2021-07-30,407.8813781738281,409.5709163688968,404.2934811543381,404.3314564414905,2283900
2021-08-02,407.12200927734375,408.82101941499326,403.85683007837815,408.7355967516467,1366900
2021-08-03,412.95953369140625,414.60159569440214,407.3119040568432,408.07126503991793,1448100
2021-08-04,412.930908203125,415.7309693337846,410.8901788107275,413.8421120823694,1280500
2021-08-05,420.666748046875,420.9609912927915,414.5350582911306,415.5032106841476,1742600
2021-08-06,417.2877502441406,420.9230946529737,416.594838844202,420.230212219692,1789800
2021-08-09,418.0850524902344,420.2776545922174,416.9840009075662,418.255897830651,1472500
2021-08-10,420.5148620605469,421.24571962045144,418.2653119792108,418.2653119792108,1893700
2021-08-11,421.7203369140625,425.23231179006103,419.3473887455912,422.8593636215897,2267500
2021-08-12,422.7264404296875,423.93191656894527,419.7745069810264,420.4863913908303,1230700
2021-08-13,425.0615234375,425.5740594545863,421.9482161819095,423.12518936187166,1309300
2021-08-16,429.8453369140625,430.15858231387665,424.3306073313531,425.14691661673896,1515600
2021-08-17,429.3517456054687,430.7185660655195,426.8459274064773,429.8453083956778,1936700
2021-08-18,423.5333251953125,432.104413881681,423.239081903347,428.04192727326546,2030100
2021-08-19,431.1741943359375,432.35116738836825,418.88231092122055,420.43897886367057,1953700
2021-08-20,435.6637878417969,437.2109547006735,430.60467503187823,432.3416603664947,1911200
2021-08-23,431.8101501464844,435.7302654549159,431.4874326469186,434.0312263258404,1835900
2021-08-24,428.8297424316406,432.246793851381,427.4154455167182,432.11389483969305,1541700
2021-08-25,428.2982177734375,429.8074094965152,424.5869229588295,427.9185228519177,1520600
2021-08-26,426.4757995605469,429.48471104383606,423.9984551976412,428.2982367780789,1418600
2021-08-27,427.4533996582031,428.6683479954996,424.0932968477688,426.4757461443369,1310200
2021-08-30,432.7593688964844,433.3858307938637,427.5483831152408,428.1178965643727,1219800
2021-08-31,432.3416748046875,433.66104795007607,429.44668949476346,432.9586645297419,1699000
2021-09-01,433.3193359375,433.47120810581976,428.8866847017011,432.3322102934033,1325400
2021-09-02,437.5431823730469,437.98929780199256,435.0943125283292,436.07196604708423,1455000
2021-09-03,439.0428466796875,440.0395022635044,435.67327195817495,435.67327195817495,1302400
2021-09-07,436.2428894042969,439.65994128335416,434.373004693164,438.99550406891075,1463400
2021-09-08,442.0328674316406,442.156236424235,434.8000959200507,435.77774956387606,1372000
2021-09-09,442.2606506347656,445.89599498059823,441.596213470084,443.58949599747245,1398700
2021-09-10,441.5203247070313,444.59565691329715,439.6599410608532,443.4281847065933,1324800
2021-09-13,436.2997741699219,444.443720073495,434.91398045921034,443.3236954164357,1679500
2021-09-14,435.11334228515625,438.71074040495336,434.17366392677104,437.5242661275348,1383900
2021-09-15,437.3153991699219,438.75814131043234,432.9586695607611,434.9519229623473,1770300
2021-09-16,439.7643432617187,440.2009577125495,433.3668828256627,437.3724213963072,1577500
2021-09-17,436.1574401855469,439.29922171695034,433.7939637560896,438.1601948376945,3411400
2021-09-20,428.2127990722656,437.5242464656676,423.9224897392613,433.4237845951816,2602000
2021-09-21,429.1334838867187,433.62311286893873,427.2826014399185,428.2128076783037,1531300
2021-09-22,429.34228515625,432.208825348708,426.97883783022905,431.5918645609234,1380800
2021-09-23,429.7694091796875,432.39862545480895,428.17479488214065,429.3137926803939,2061200
2021-09-24,443.9786376953125,444.8993428167033,431.87660107187,432.8068072560205,3353800
2021-09-27,437.1540832519531,446.57942819700014,434.0028005398153,441.8904794172907,2526000
2021-09-28,424.6154174804687,434.2495827581655,423.0208030138135,433.9078920724495,2632700
2021-09-29,428.8297424316406,432.82577934519503,426.08660023311216,427.00730535222755,1922000
2021-09-30,426.51373291015625,432.2182809216823,426.4662565642,430.5667181754708,1836400
2021-10-01,425.5455627441406,428.1558059413303,418.36029712144347,426.87443699967014,1860700
2021-10-04,417.7717895507813,426.5137227626678,414.00354658424095,425.5550424036781,2264000
2021-10-05,423.5617980957031,426.285938287001,416.9270434857717,417.2402599364597,1808700
2021-10-06,426.5042419433594,426.9218831710592,419.8979618354827,421.3691782285245,1334600
2021-10-07,429.8548278808594,436.2333139789216,429.0954960223546,433.271879177438,1966200
2021-10-08,428.8866882324219,432.5884818448948,427.1307006696712,432.2942385684325,1545800
2021-10-11,426.8459777832031,430.6331942312942,426.69410560675647,427.16869529565633,1011700
2021-10-12,424.15972900390625,429.83583137622185,423.09665287307905,427.2730358013225,1380900
2021-10-13,422.66949462890625,427.6147392158249,421.50202272820707,425.7448549957515,1621500
2021-10-14,427.7572021484375,428.74435685879826,423.8086122736517,424.3875978175553,1480400
2021-10-15,429.3993225097656,430.8705391296029,426.35243549708207,430.82309174186327,1494800
2021-10-18,438.4734497070313,438.8531156860737,425.7069747742941,426.76055003863627,2141300
2021-10-19,443.34271240234375,443.4186629775551,436.9167781329657,439.4700730996243,1365300
2021-10-20,445.8959655761719,448.4872355875623,444.06405641243566,444.7094914079508,1352900
2021-10-21,452.9768981933594,453.3755373224107,445.2410628638667,445.89599897110793,1423300
2021-10-22,457.4949645996094,460.3804780538727,454.2487873093872,454.6474264315834,1710300
2021-10-25,465.1928405761719,467.1955952528575,455.1315329083289,457.49498040008666,1903400
2021-10-26,460.85504150390625,463.4368104545569,456.773581948828,457.6278375572566,2378600
2021-10-27,464.2530822753906,466.52163474917194,458.98514864769226,459.2604187605472,1741800
2021-10-28,466.3541564941406,467.59007419978826,462.5037729381875,462.9600974997731,1362400
2021-10-29,467.3144226074219,469.8148075036676,462.6749291287857,462.7890102776838,2471600
2021-11-01,467.6281127929687,470.49929023419463,463.1882906514871,469.7957415097374,1548700
2021-11-02,472.4957885742187,474.8725758227477,468.4362463985973,470.3566800505427,2012200
2021-11-03,477.5725708007813,478.1715257896221,471.31687994586264,476.6313723974681,1856000
2021-11-04,490.2076110839844,494.5714179978712,481.0712548403308,482.0219697383684,2615000
2021-11-05,487.830810546875,492.3752554886469,483.5621100553214,489.39951329670725,2071700
2021-11-08,478.9796752929687,488.1065151954222,475.5476084029053,488.1065151954222,2834800
2021-11-09,483.63818359375,484.00897634269074,479.2173649749037,480.2251204789498,1881800
2021-11-10,480.5958862304687,485.20683016805856,478.94162261710915,483.2103521393566,1226600
2021-11-11,486.9371337890625,487.24136950985377,479.198329855973,481.2518774510412,1227300
2021-11-12,491.6813049316406,494.04857621218827,487.9354851705564,488.9052331272313,1780200
2021-11-15,494.2672119140625,497.318969782511,492.4798631563816,492.9361877661603,1392300
2021-11-16,500.7606201171875,502.2627661942571,491.9094650252182,494.21975373818026,1690700
2021-11-17,500.3517456054687,504.5824386999856,498.659503183883,501.5021315742627,1609400
2021-11-18,503.2799987792969,504.6395142765102,496.739074886818,502.1296127307137,1664200
2021-11-19,507.4821166992187,508.8987307297904,501.9870144143252,507.7578611744277,1909800
2021-11-22,513.0532836914062,518.5388688285481,506.0845277063737,507.0352425409528,2190500
2021-11-23,518.3867797851562,518.9191777712322,507.4630756244187,511.4465731008358,2147000
2021-11-24,522.6364135742188,523.6822346406967,516.5423574113944,518.6529163544081,2316400
2021-11-26,519.2138061523438,527.2188074074168,517.483498493757,522.465234068558,1844800
2021-11-29,527.5326538085938,533.1418945620846,515.6772096078927,519.2138989783489,2919100
2021-11-30,512.796630859375,529.7098288142495,509.4786449909362,523.8439338605137,4244200
2021-12-01,503.7268371582031,521.2294739433094,503.3085202570304,516.3332687155173,2877100
2021-12-02,499.6101684570313,504.7439938138506,488.70543898950694,492.95516452902046,3277500
2021-12-03,502.8616943359375,511.00932911408034,498.9067453392501,503.8694499476204,2984400
2021-12-06,506.921142578125,509.6306565452444,501.5686136160521,506.0179519134097,2432900
2021-12-07,515.306396484375,516.2380783148974,508.3566743994118,511.7221835230083,2579800
2021-12-08,503.9835205078125,520.7921549374834,499.6482623791376,519.2900669997114,3037500
2021-12-09,498.4884033203125,506.0941231848671,497.98449652630774,502.7380714416544,3200500
2021-12-10,531.2786254882812,533.6078891164997,508.26179175274285,508.3568980801052,6333600
2021-12-13,529.7572631835938,532.1625994359817,520.9726678787468,523.3114471331253,3415200
2021-12-14,518.4628295898438,529.7097437864837,511.0757570960658,529.0347734222562,3494400
2021-12-15,537.6104736328125,538.5707053779245,518.6437496657278,519.2902291117209,2937100
2021-12-16,525.3936767578125,538.6276143597415,522.370409781301,536.9543465427191,2683000
2021-12-17,520.6209716796875,529.044291754534,514.3177272600027,522.2467150459746,5752000
2021-12-20,521.5242309570312,522.0756619182187,511.5132319338875,515.411140319324,2033600
2021-12-21,518.54833984375,524.5854133307823,509.6591801298112,523.3684705961343,2472800
2021-12-22,522.5795288085938,522.8932810247803,513.1959758440033,518.5009821063355,1454500
2021-12-23,523.2450561523438,525.3746486562314,520.50699206819,524.5475311752937,1757800
2021-12-27,535.6992797851562,537.8574211080584,524.2622100765445,524.3572583527038,2262900
2021-12-28,536.8115844726562,538.7130139517798,533.0657660777018,535.6611987480583,1155000
2021-12-29,539.7874145507812,543.3240461075202,535.7278433801201,538.4849397866781,1753000
2021-12-30,536.1175537109375,541.793351202612,534.6534738185669,541.4606242356725,1338700
2021-12-31,539.7208862304688,540.2437678451494,531.4782038995653,535.6422819764822,1509200
2022-01-03,538.7796020507812,539.5020965518592,528.1315847475698,537.1824081593535,2714100
2022-01-04,536.421875,540.6905758199284,534.1021282124643,536.421875,2097500
2022-01-05,522.8171997070312,537.2015229362493,522.6746272669401,535.9085644054758,2887500
2022-01-06,522.7030029296875,526.2396922781157,516.7610352308074,519.2804527459439,2503100
2022-01-07,509.7542724609375,521.3434886023416,507.9098833628731,520.563895475631,2323900
2022-01-10,493.2308044433594,504.2685888482656,483.438454049338,503.2037929623346,4916800
2022-01-11,496.3017272949219,496.719986145135,485.1403146353466,493.2308787083336,2457300
2022-01-12,499.8858947753906,503.90745835699687,496.2827061079086,496.3017389750144,1729500
2022-01-13,491.4054870605469,502.9756703196957,489.83678437676247,501.63518793832026,2428100
2022-01-14,478.2001037597656,487.6977368327641,477.1257912233309,486.3572542841966,3872500
2022-01-18,464.015380859375,470.6798718991574,462.8649950580256,470.0904333634647,3801900
2022-01-19,466.0025329589844,471.7828682002611,463.09334697379745,465.7458503180055,2709400
2022-01-20,459.0242004394531,475.2433952119141,458.0924893409131,466.5633630513432,2893700
2022-01-21,457.8738098144531,470.2331040746061,457.5981233706901,458.1685581392468,3295600
2022-01-24,464.8045043945313,465.8217762911174,445.89480030008485,452.1124547973239,4412600
2022-01-25,453.7952575683594,458.8530679616278,449.0892070571968,456.24808932298754,3076800
2022-01-26,459.6421203613281,469.5295492281769,455.17374885718226,459.4139580763557,3074900
2022-01-27,458.7388916015625,471.3548954768429,456.6378200322296,462.9220599027407,2372300
2022-01-28,468.16058349609375,468.4458154060388,452.4452656056164,459.8988677719058,1918500
2022-01-31,480.234619140625,481.461049477905,466.4492531749771,467.75172793784475,2480700
2022-02-01,483.3529968261719,484.56039438183166,472.44829506245264,480.11105532738856,2347200
2022-02-02,496.2923278808594,498.1652088232204,485.18795317595834,485.9199933769856,2547600
2022-02-03,496.8063354492187,501.2528866295444,489.60804014190273,491.19812400797633,2665100
2022-02-04,494.9021301269531,497.02541935614175,486.36126080442983,493.32151866276786,2387400
2022-02-07,491.2077026367187,497.02536101828343,489.62709135805613,496.35884029047327,1863600
2022-02-08,496.2159729003906,498.3487923983605,486.07549131453897,491.2076245533869,1462000
2022-02-09,503.5286254882813,508.6797633839418,500.5293111297736,502.7383198118358,2256700
2022-02-10,493.673828125,499.3772333109858,490.1223048141587,495.949494930307,2558900
2022-02-11,485.2852783203125,496.4064224672754,483.10483331707536,493.5976092395816,2349700
2022-02-14,482.3240966796875,487.056312726801,477.4490630572069,484.6378285731122,1749600
2022-02-15,489.3319091796875,491.31240958353646,486.32312231949584,488.7797006396079,1984600
2022-02-16,487.88470458984375,489.931804898233,477.70612667464206,487.0182101796782,1770800
2022-02-17,490.3698425292969,493.4167531762722,482.77162762755427,485.2567697538829,2022800
2022-02-18,488.1417236328125,493.12153824941225,485.91368242940825,490.25553984083905,2154700
2022-02-22,478.1535339355469,489.960287651239,474.3258785504183,485.5993983507211,2451800
2022-02-23,471.5647583007813,483.6666521148109,471.107712990669,478.8773089176187,2021400
2022-02-24,481.3909606933594,482.3145530662969,459.8722608873775,460.1483651732876,2859800
2022-02-25,492.7310791015625,493.45472678366457,481.0767017992215,484.24736772148026,2003000
2022-02-28,494.4068908691406,494.7687147162786,486.8372407629296,489.6937081150865,2408900
2022-03-01,497.910888671875,504.0332442685961,494.34983482661136,494.60693552201326,2316000
2022-03-02,502.73828125,507.58478002430815,494.9020573189764,498.92965790719694,2571500
2022-03-03,507.5466918945313,513.1739658192594,504.2046153804007,508.91779871789294,3851800
2022-03-04,500.3578796386719,504.566392059157,487.29430072443586,494.6449447617317,4417900
2022-03-07,503.2333984375,519.2010115718708,498.3773690230136,498.4059615919998,3896900
2022-03-08,498.3203125,513.9071003912077,497.4157527454582,501.0434645063168,3649700
2022-03-09,502.4050598144531,505.4614429134544,491.0363165884468,502.3764672436304,2789700
2022-03-10,507.2323913574219,508.80347161603953,493.3500021431707,498.0821884011687,1777700
2022-03-11,502.18597412109375,516.687345848313,501.2433492181146,510.94581872656624,1735100
2022-03-14,500.786376953125,509.6985416907469,498.4916488284609,502.51930756015935,1950000
2022-03-15,516.3731689453125,517.8299371799706,502.6621014221593,504.6426018677217,2547900
2022-03-16,517.3920288085938,525.2282535771636,505.8423726379022,518.4775005249046,3017200
2022-03-17,526.3421630859375,526.7039869249234,517.2110218669956,517.3538103624,1974200
2022-03-18,534.4926147460938,535.6352132856125,523.2191230474477,526.5040720554481,3597800
2022-03-21,528.9510498046875,539.6342081745553,524.4854375350712,533.3404733510249,3136900
2022-03-22,532.655029296875,533.5405272967627,525.9042766117695,530.3127630116828,1777500
2022-03-23,527.5133666992188,533.8642295141397,525.5042738251178,530.303176175983,1546800
2022-03-24,531.4077758789062,531.5506225261568,522.9430950169768,528.9321935031633,1614200
2022-03-25,529.1226196289062,533.6167679513421,523.9047653495666,533.0359667521694,1974900
2022-03-28,538.1680297851562,538.2156259547384,527.0182638419221,530.1032395025999,2056100
2022-03-29,542.7098388671875,543.8905029665495,537.5206353448289,540.8245886514312,2005400
2022-03-30,548.8892822265625,550.584147618965,541.3863472215523,543.6334211916055,2086500
2022-03-31,548.2988891601562,558.2679905146017,547.9751887355098,551.0125680342786,3439800
2022-04-01,548.032470703125,555.0974523996736,544.9284326475677,549.7558708479904,1933500
2022-04-04,547.613525390625,551.9553547468294,544.1286016287405,546.4804573423066,2201800
2022-04-05,547.7943115234375,556.0399556278091,544.7283394614554,545.1949446453297,1826800
2022-04-06,556.8111572265625,558.7249996412525,543.0810871619625,546.5660098584067,2646200
2022-04-07,578.9583129882812,582.9764406175909,560.6103105440295,563.9523285301551,4804200
2022-04-08,571.33154296875,578.9107240270754,569.1320654043647,577.3682362865962,3230200
2022-04-11,556.6968994140625,572.2456194561715,554.9163727681141,570.1413342768797,2792700
2022-04-12,553.5452270507812,563.4190770684907,551.0696454622515,558.6202332337367,2142000
2022-04-13,562.8098754882812,565.0950148563811,554.6022378876069,554.6022378876069,2211800
2022-04-14,562.1431884765625,567.7513992059021,558.9629630331349,563.4666987784213,2206200
2022-04-18,554.2689819335938,563.7810099745114,551.8695304944492,557.3730194328086,2161900
2022-04-19,565.8661499023438,566.3708203444078,554.1546458148193,555.4400328297401,2327800
2022-04-20,574.6546630859375,576.3209358670483,568.7226924669949,570.4842157045873,1793300
2022-04-21,563.4288330078125,580.0344374715618,562.8670934614934,578.2253757772344,2027900
2022-04-22,544.3475341796875,563.5810947892945,543.728609604917,562.1052066671471,2878200
2022-04-25,541.0244140625,543.0429795079136,527.0467752868176,543.0239177970225,3154500
2022-04-26,527.265869140625,541.1483186627842,526.8373873555921,538.2061313128775,2057400
2022-04-27,527.570556640625,536.6541029931169,526.3993653669977,529.5795916393496,2261600
2022-04-28,535.982177734375,538.652539931715,520.5321460225457,529.7544565187018,2118700
2022-04-29,507.10400390625,535.5816799647739,505.17755935360503,534.9617484196563,2968000
2022-05-02,504.4621887207031,514.2376633686995,494.2766279750557,507.5903103391094,3303400
2022-05-03,503.6325378417969,509.5359739460302,499.4553054082602,505.4636350891111,2398000
2022-05-04,519.2256469726562,520.8565036062632,498.6065479088902,506.9895945623117,2465200
2022-05-05,493.3706359863281,517.2323517014652,488.4590323666392,516.4979802863334,3977000
2022-05-06,480.0569152832031,492.5313924739485,475.727115714932,490.5858553085971,3560800
2022-05-09,475.7366333007813,483.57608925116864,471.4545073357146,473.1330373820506,3292700
2022-05-10,478.2449035644531,486.9903912646906,472.68481619248774,486.1034525953581,2729400
2022-05-11,466.43804931640625,484.48216152415176,465.2268543903124,480.59105775737856,2782900
2022-05-12,463.67230224609375,474.23937022579145,457.54953228192977,464.2540774460447,2829500
2022-05-13,474.2488098144531,475.69845984263975,466.9339097665864,470.2813940661344,2338600
2022-05-16,471.6357116699219,474.6398764663781,466.953016834023,473.17119178663137,1579700
2022-05-17,467.7636413574219,470.71058599255855,457.9977125389939,466.5142902724379,2602800
2022-05-18,409.5208740234375,442.38553638979465,404.8953994850994,438.70424948397647,9511600
2022-05-19,403.3504333496094,410.59859689534943,399.33534360139737,410.4460006085715,5839600
2022-05-20,397.1513977050781,408.9964275518618,387.6906596524125,408.9487248352134,5115000
2022-05-23,409.5972595214844,410.0931756748163,397.3803000349952,400.55612507772753,3687200
2022-05-24,417.4461669921875,418.4189646250722,404.7046833958417,405.1338331414402,3473400
2022-05-25,419.7349853515625,422.7391786107484,410.8846063978125,416.1299825452987,3225100
2022-05-26,443.4632873535156,446.3816223824992,426.79254225287394,428.3089297401092,5917600
2022-05-27,448.9662170410156,452.89547735119373,434.05025547777456,435.6524730422564,5719600
2022-05-31,444.63629150390625,449.0042470598624,436.82544618748886,448.9661198199902,4424500
2022-06-01,435.8336181640625,448.71818142236134,435.5570646824852,447.650036529298,2319400
2022-06-02,465.0360107421875,468.393070461477,436.6823840077748,439.5625621944267,4950600
2022-06-03,454.2019348144531,465.5510167085495,453.572486120879,462.57546223329865,2857400
2022-06-06,450.5970458984375,458.73214916750834,447.2018580999245,458.2552966215962,2297000
2022-06-07,449.93896484375,451.7987013229024,438.3132980199749,438.6184906194365,2435500
2022-06-08,446.3244018554687,452.4662644969516,445.2753496199641,449.93895202136486,1697000
2022-06-09,450.1964721679687,461.82213944210264,445.5233230886613,445.7045293825631,3087500
2022-06-10,441.8610229492187,446.5151076028615,436.56797229959034,443.47278658799496,2549900
2022-06-13,431.3131103515625,437.4072996123908,428.1181926020787,429.1672739816542,3113400
2022-06-14,433.7449645996094,437.5216568521284,429.434229051353,431.31302881535834,2224600
2022-06-15,437.55029296875,442.8624073090433,430.49288230794946,437.2737103897255,2250200
2022-06-16,430.8457336425781,436.5774802831114,427.2311839331081,429.462849899829,2906600
2022-06-17,426.0104675292969,434.593812101166,422.6820465588414,430.16860715160385,3623400
2022-06-21,441.6703186035156,443.3011751459604,428.34708739171816,429.6917858600416,2420600
2022-06-22,438.66607666015625,443.2057210804138,437.2736757221303,438.1224870127929,1827500
2022-06-23,453.0098571777344,454.23059836551744,444.149929926966,444.7793786947743,2030100
2022-06-24,461.9461364746094,462.38483267302536,454.612141897946,457.77844982773263,2862600
2022-06-27,459.4473571777344,464.6831880113932,455.2510612413817,463.3193969254125,2034700
2022-06-28,446.9156799316406,464.6832084939813,446.22904028166266,461.1163611565746,1754600
2022-06-29,448.0886840820313,451.0737849249598,444.82702978750655,449.1473116020172,1275600
2022-06-30,457.0916748046875,459.771583195453,443.2057340473841,446.61998471977387,3852400
2022-07-01,463.2717895507813,468.5076211329701,455.87102880724626,458.9038039802753,2660400
2022-07-05,465.6559448242187,468.1737105232084,456.3096197219788,463.08093005717774,2489400
2022-07-06,469.8428039550781,474.01049051666735,465.19826485134337,465.6560537695201,2262300
2022-07-07,472.0362854003906,472.5894214755542,466.57154545780753,469.28006407347704,2125200
2022-07-08,478.3211669921875,482.11689389330087,473.99133856701,474.2965311222569,2607800
2022-07-11,475.8033142089844,482.1454452455169,471.93127508753247,477.92054000830495,1891100
2022-07-12,467.8591003417969,478.6645659133631,465.44622769349945,474.0009632837847,1775300
2022-07-13,469.4326171875,474.2965178963459,461.4215020166282,461.89835445661777,2008400
2022-07-14,488.2397155761719,489.5081594613146,470.7678338660613,473.1234862622753,3715600
2022-07-15,498.7399597167969,500.50429039405145,491.9019122852849,492.9890915679997,4265100
2022-07-18,492.3979187011719,504.0617713537642,491.7970798470118,497.7005165910889,2464100
2022-07-19,496.1459045410156,501.24826091868607,493.0368171091049,498.2249743344245,2391000
2022-07-20,499.9321594238281,501.8013839203048,492.88426568988456,497.12826446958104,1740700
2022-07-21,504.9486389160156,505.2156460304864,497.4524738420162,499.7795162259707,1716100
2022-07-22,505.1965637207031,512.2444573488795,501.7155755406987,506.1407805275768,1800800
2022-07-25,504.6434326171875,507.6475681732668,501.6487852142528,506.8178495541043,1452700
2022-07-26,488.2301940917969,495.6214078482602,485.2069655378226,491.15807542950125,3334800
2022-07-27,498.129638671875,501.0002999342633,487.50538048065994,489.3459949759019,2060100
2022-07-28,512.2401733398438,515.1062267939285,497.05012501919896,497.05012501919896,2083300
2022-07-29,517.1316528320312,517.9150479040256,508.1513854972506,508.24689730431624,2131500
2022-08-01,522.3956298828125,528.0322257458533,517.083879110631,517.2462725010533,2256000
2022-08-02,519.1951904296875,526.4367106301562,516.6252933381725,519.7397476174818,1984200
2022-08-03,522.5864868164062,524.201032113199,517.9148070848001,520.6662222451332,1693300
2022-08-04,519.023193359375,522.7681534871689,516.5296825778281,522.5770715978924,2000500
2022-08-05,516.5296630859375,517.4181326120394,509.5364860343578,513.2528158090231,1711500
2022-08-08,517.7048950195312,523.0548389985235,514.619070656455,519.5582788818992,1344100
2022-08-09,511.8961791992187,520.6662943714315,510.0523587686444,519.3670310073994,1877300
2022-08-10,515.7177124023438,525.3571737421753,513.3006457808918,520.1696235159505,2336600
2022-08-11,508.4379577636719,519.2238526147723,508.1418012022515,518.9850147971747,2340200
2022-08-12,513.2241821289062,514.3610522630104,509.89952067144026,512.2401425134198,1918200
2022-08-15,521.3828125,522.5770012597343,511.7624208543806,512.4503039011865,1848000
2022-08-16,528.3282470703125,534.9678901034405,524.4590287376269,526.4939311032616,2498000
2022-08-17,531.4810791015625,534.4713335429076,524.4974629462532,525.4432514692948,1835200
2022-08-18,535.9137573242188,539.5345168886303,531.5764261471644,534.098566966861,1619200
2022-08-19,529.77099609375,534.2897891834785,528.4716739814033,533.7070388719948,1617000
2022-08-22,521.1154174804688,528.3092403697893,519.9881100045485,528.3092403697893,1860900
2022-08-23,517.8671875,521.6312732370915,512.908912865481,521.3733097760456,1359000
2022-08-24,518.9658813476562,520.8765838598482,515.2782394935289,518.5168942460974,1145800
2022-08-25,526.1787109375,526.3124157674943,515.4596419479583,521.3732672177055,1483300
2022-08-26,508.074951171875,527.9940030726469,507.9316251484091,525.4432313490845,1886800
2022-08-29,507.3487548828125,511.5905161163454,500.6039784219701,503.4987202554639,1579900
2022-08-30,500.73779296875,512.0778070707396,498.2252146428996,510.42506815062114,1872700
2022-08-31,498.788818359375,502.82043058424455,497.031004874888,502.07522868907625,2179800
2022-09-01,505.5431823730469,505.93490902190354,493.9452630243952,496.51510179611466,2280600
2022-09-02,495.9323425292969,510.96005640737246,493.0089702186302,508.9155908652044,1901700
2022-09-06,495.7317504882813,499.7919930021533,489.64616813817264,496.93544399433966,1933400
2022-09-07,505.99224853515625,507.9220184035915,495.73178547036264,496.7826485182231,1827900
2022-09-08,505.4954223632813,509.230878209508,498.2729696224803,500.9193111061236,1600800
2022-09-09,512.6223754882812,514.0362766389085,505.8871610291302,508.3614880427278,1930900
2022-09-12,515.430908203125,518.3733468319502,513.023405406824,513.7207928667098,1522400
2022-09-13,487.51568603515625,508.4760928501661,485.97758465959447,507.0908220040359,2881400
2022-09-14,485.31829833984375,491.0599670651567,480.6561808878424,490.9166410940106,2007300
2022-09-15,481.0192565917969,486.3310061296062,478.1818627898915,485.7004709341827,1749600
2022-09-16,481.6307373046875,483.8280332628189,475.0961098562383,477.2647756013971,3004800
2022-09-19,483.95220947265625,484.0859434648804,476.61512008631337,479.7391076600683,1441300
2022-09-20,477.217041015625,480.9524678634603,471.3894217743278,480.54167382737,1843100
2022-09-21,471.054931640625,483.8184071978837,470.98805007242095,480.06388470870496,2082600
2022-09-22,465.4183654785156,471.9434000641585,462.78158735503513,471.9434000641585,3133100
2022-09-23,445.5757751464844,460.78497844029823,442.8339219823712,457.5558868550348,5377800
2022-09-26,458.8551025390625,462.4949877459213,444.43885853965287,445.0693937379671,4001900
2022-09-27,456.9444885253906,466.5935419246392,454.2026351188184,463.8134663048899,2412400
2022-09-28,466.4884643554687,469.6028895672068,453.0180060632086,460.0302806543696,2419500
2022-09-29,457.5940551757813,467.17622501492633,452.90327803448486,463.92800812979226,1963900
2022-09-30,451.18365478515625,462.2275112001842,450.8015201750692,459.199064531367,2436700
2022-10-03,456.3998718261719,459.3709996247037,449.3971322382165,453.31407741038106,2338500
2022-10-04,464.4248352050781,466.23043362463295,459.2659450927763,462.2275101806705,2175600
2022-10-05,458.8742370605469,462.26572172750394,453.61980612835913,459.8104624583541,1587700
2022-10-06,460.9472961425781,471.8287580619669,460.40276822862626,461.8644540971264,2430700
2022-10-07,447.24761962890625,457.7182597086767,445.3082580274387,456.90623458316264,2568100
2022-10-10,445.4898681640625,449.2539546674139,440.9997053336661,448.7189602648572,1616300
2022-10-11,450.9448547363281,455.9413519173634,442.9963550545244,444.2382999299612,2341400
2022-10-12,445.5566711425781,458.3201484302709,445.4802267242668,453.1421615573009,2043900
2022-10-13,447.09478759765625,450.67735450822533,428.9813374612202,437.7323577333708,3390900
2022-10-14,434.3504028320313,452.2537035511878,433.52881482170375,450.95441080171145,2301600
2022-10-17,443.4453125,446.0343056984082,439.92006477089416,441.03780917963473,2097500
2022-10-18,452.1390075683594,455.2438986637352,447.89724632412265,452.072155148722,1864000
2022-10-19,450.3811950683594,453.6676054255047,446.1012404860336,446.92282849781793,1207600
2022-10-20,443.8752136230469,451.0021245083903,442.2415714414939,449.97035817135713,1709500
2022-10-21,456.8297424316406,458.1576943400185,441.63966708835767,443.005812045826,2508400
2022-10-24,474.7808837890625,475.7648943521448,459.5334869045517,460.1066742966349,2366200
2022-10-25,476.7775573730469,477.85710887082786,468.5997536078264,471.2938509315801,2130900
2022-10-26,477.150146484375,484.7642963632277,473.55801680852875,475.764875646295,2088700
2022-10-27,475.2264099121094,481.41869129795776,472.9294339109619,478.3560371580048,1576600
2022-10-28,488.9412536621094,490.8075629428953,474.6808317055728,475.95372952343774,2369300
2022-10-31,479.9734497070313,487.76405970000496,479.01637403463434,487.76405970000496,2192200
2022-11-01,478.4996032714844,485.61069858127746,478.3273366393036,482.0790865833955,1586300
2022-11-02,462.7556457519531,481.6387291795652,462.5259277402872,476.4322354321339,2464400
2022-11-03,465.4163818359375,470.2400226609623,459.1188069473701,460.238598443529,2010400
2022-11-04,465.5312194824219,471.4842318210981,456.0370151824971,469.3499423819243,1987300
2022-11-07,467.5794067382813,468.96717843916656,454.132502386499,456.57303418307635,2036000
2022-11-08,471.608642578125,476.87255905424774,463.7127678639409,469.6657800288796,1709900
2022-11-09,468.9383850097656,476.2217171154433,465.9618643750408,470.7855341131938,1640500
2022-11-10,491.104248046875,492.7503901761269,479.8777398126939,483.2753759991647,3098300
2022-11-11,493.34381103515625,494.6550585606085,484.95984728858656,491.1042864826196,2393500
2022-11-14,487.8023681640625,498.3493617714367,487.55354832672697,493.63098526689265,1820200
2022-11-15,503.8716735839844,507.0587523871342,497.6794211334428,497.6794211334428,2502200
2022-11-16,501.6129455566406,505.87194422737696,497.8420648534072,498.9331452025001,1833600
2022-11-17,498.9427795410156,499.3925771425379,490.9416396084815,496.7223566018643,1902500
2022-11-18,501.1919250488281,506.8099559629948,495.9471677589416,504.2545796415335,1584400
2022-11-21,500.9048156738281,504.6470152044226,499.6702087761491,503.1730809133302,1268300
2022-11-22,509.1164245605469,509.92991553027326,504.0726169855035,507.2118532854529,1809100
2022-11-23,511.5474548339844,513.7582976811127,507.6330473727307,511.078497020241,1288200
2022-11-25,510.7531127929687,512.8586915125094,510.1884707093766,511.2316507558062,744200
2022-11-28,508.1305541992187,513.2317834332517,506.2355632301939,508.1018723075482,1684300
2022-11-29,506.2547607421875,510.8103918023607,505.33594708163554,508.2454360504899,1685700
2022-11-30,516.1030883789062,519.2901669221105,499.7275366272896,504.7712860115504,3601800
2022-12-01,482.2321472167969,496.8562919228431,474.393724120513,496.8562919228431,6970400
2022-12-02,473.30267333984375,477.5520920411163,470.9865371545925,477.1213962670496,3632100
2022-12-05,467.68463134765625,471.5512254883948,463.923330725552,471.3597986586779,2455300
2022-12-06,460.5065612792969,470.3740097088635,456.6878384669571,469.59878070496944,2995900
2022-12-07,461.28179931640625,465.6556424935036,458.3148586568221,458.5254164896347,2072600
2022-12-08,460.7554626464844,462.5834517938091,453.1754091603825,462.1719161934224,2901000
2022-12-09,462.2867431640625,469.0532760910603,450.30416464303903,454.70671917183074,4211100
2022-12-12,466.7467041015625,466.8807087289116,460.03762282083534,462.00919656872566,2276400
2022-12-13,467.2444458007813,476.59506642353733,460.8798679756733,475.70499288496904,2626700
2022-12-14,462.7652587890625,470.5845805629317,460.3917296082855,467.8760398185656,2145000
2022-12-15,443.9970703125,456.2380788667223,443.27926341007134,454.93644049568,3437700
2022-12-16,441.642578125,444.83920734717515,437.26873531792126,441.46073141169865,4909200
2022-12-19,438.9436340332031,443.5184547220391,435.81397779369655,441.1353455696778,1939200
2022-12-20,438.1684265136719,440.4941135744227,433.1054876222075,436.96250172322294,1993700
2022-12-21,442.2264099121094,443.78644802680026,436.6179601483308,439.6614539629608,1462400
2022-12-22,439.020263671875,440.6377242270261,433.92864224681966,438.9628414563485,1906100
2022-12-23,442.79107666015625,443.2983256241883,435.2780264057079,437.8812735361976,1229500
2022-12-27,438.8191528320313,444.7530331029968,437.4888037579823,444.4658929048108,1230800
2022-12-28,433.5457153320313,440.69507203433994,433.3638686110216,437.9004273251136,1324100
2022-12-29,436.9338073730469,439.2977857325493,433.9955777004717,436.0724450072552,1465000
2022-12-30,436.9050903320313,437.0965171696665,431.4019046378162,435.1344943106264,1803200
2023-01-03,433.82330322265625,439.10635095057927,428.6742309143673,438.3407020187532,1978100
2023-01-04,436.96246337890625,439.78584827437504,433.1628718196544,437.55584561812526,2097300
2023-01-05,430.8659362792969,436.8380796412712,430.3203960893688,435.0292216531338,2169300
2023-01-06,462.1431579589844,463.62664288075206,442.3795497670134,443.2026208838532,5174500
2023-01-09,458.1999816894531,465.97143153595704,457.6161795444573,462.2005510210563,2384800
2023-01-10,460.7362976074219,461.39668226513743,455.07042506378593,456.65917444266415,1649900
2023-01-11,463.5213317871094,463.7223095067774,458.5445264441209,459.7121599711034,1576400
2023-01-12,461.7220458984375,464.18173757956754,458.2000141571504,464.1721574756488,1628200
2023-01-13,464.4210510253906,464.74645330583974,458.43932702970034,460.2482143856627,1405900
2023-01-17,465.875732421875,469.4265043322689,463.57875656147274,464.3061434468593,1539900
2023-01-18,458.88916015625,467.82824511348423,457.9799264133404,463.9999417035696,1925500
2023-01-19,449.3374328613281,457.0610402856874,447.9784018088492,455.7976934311005,1919500
2023-01-20,459.5016174316406,459.70262436562695,449.3183467921083,453.5773454988819,2588600
2023-01-23,471.4650573730469,473.98217119501226,457.0993706476789,459.34850443580194,2709400
2023-01-24,470.9865112304687,472.4125738922984,466.10544850042623,470.9290890247717,1510200
2023-01-25,469.8093566894531,470.823854664807,463.7032086291237,468.3545828322404,1329800
2023-01-26,476.9107971191406,477.26493965326387,470.66109413035514,472.0297345432608,1576400
2023-01-27,481.6866760253906,487.2472839536223,476.4897323580367,478.308199700599,2034100
2023-01-30,481.6770324707031,483.8974549908717,478.89193882135584,478.89193882135584,1855900
2023-01-31,489.19970703125,489.4581069659153,480.45202076107546,481.62923443426206,1924100
2023-02-01,495.67913818359375,498.1101482794378,483.0553343279295,486.4912331966915,2080200
2023-02-02,501.8341369628906,508.18100203141586,499.1592688141624,502.6586407413155,2287400
2023-02-03,493.5602416992187,500.03174851830886,491.3551473753637,497.7116098656929,1844100
2023-02-06,494.3176879882813,495.88038321580166,491.1346583346219,493.2151115615095,1740100
2023-02-07,495.2189331054687,496.6186586912756,486.45601895519366,490.866207855692,1927300
2023-02-08,483.0237121582031,491.0483764797557,480.8665430713996,490.1951114776066,2062900
2023-02-09,479.974853515625,488.15291890253656,477.8560425882412,484.44259327011054,1517300
2023-02-10,479.3612976074219,479.8981906684583,474.9415120052335,477.9423784854589,1536800
2023-02-13,485.5548706054687,485.8808393563261,480.66528082564395,481.039174970443,1452600
2023-02-14,482.4580078125,486.89698664184937,478.0573868441888,484.17416367763934,1257300
2023-02-15,490.1855163574219,490.31975425623625,480.6556203298677,481.98828550318854,1422600
2023-02-16,483.3017272949219,489.6581898480666,482.82235641469646,482.8319239365369,1456000
2023-02-17,486.5422973632813,486.7627892510244,481.134979587592,483.4647151307766,1340400
2023-02-21,481.0390625,483.1962313756948,476.063190619386,480.1570365000177,1811800
2023-02-22,476.86859130859375,484.6056152904599,476.1111771047623,483.1291740051143,1332000
2023-02-23,472.7939453125,478.2779203205519,467.7317605201854,478.22039815322813,1546300
2023-02-24,468.4508361816406,470.12863440086454,464.7021813364362,468.4220750967931,1587600
2023-02-27,466.9360046386719,472.6596941951058,465.6416973931359,472.2282486937682,1501700
2023-02-28,464.2035827636719,468.7096807820546,463.82009190770833,465.5650089495907,1918200
2023-03-01,458.9209899902344,462.6696450051456,455.4215587106458,461.2507257437921,1759300
2023-03-02,465.6513366699219,467.3195381448474,455.9392769395519,457.66500058544176,2379200
2023-03-03,455.6516418457031,456.36110142217586,446.131313438835,455.2393606310843,5354200
2023-03-06,463.14898681640625,468.6521847742346,455.9009009777821,456.8596428004411,3104700
2023-03-07,465.1336059570313,474.7785466953919,464.9898005302126,466.04442242434817,2659100
2023-03-08,465.9868469238281,466.7921864803248,461.289018215026,463.0722638204523,1548500
2023-03-09,459.73577880859375,469.7834016879495,458.8729171878002,467.3673832980331,1629400
2023-03-10,451.70159912109375,460.63704993495094,449.0554625460611,459.21813087985606,2123000
2023-03-13,452.5261840820313,457.02268600606726,447.54071441841296,447.54071441841296,1799600
2023-03-14,462.0368957519531,465.1432100540085,453.48490538138896,455.81464110793047,2422900
2023-03-15,465.62255859375,466.92643343266946,458.796321475928,461.6437858686773,2226300
2023-03-16,467.1565551757813,468.00025267065735,462.8422169248294,464.9226703188736,1979600
2023-03-17,466.9552307128906,469.6876509797113,461.6438216527547,468.8919080764066,3959300
2023-03-20,469.102783203125,470.5408959021708,465.6800679573613,467.86599808957186,1623800
2023-03-21,470.5984497070313,472.6597388625452,465.9389490344636,472.6597388625452,1664000
2023-03-22,467.4057922363281,476.1303484761131,467.24282251492457,469.265753670731,1299700
2023-03-23,467.6358947753906,472.89937772634784,464.309059665446,470.4450011375188,1565900
2023-03-24,474.8360290527344,475.50715999958845,466.48539637287223,466.8497229292514,1635200
2023-03-27,472.8706359863281,479.2366663807314,472.1899374946272,476.7631253883872,1452100
2023-03-28,466.6867370605469,473.6759729989965,465.3828622521247,472.2857856808166,1407800
2023-03-29,470.6175842285156,471.0298361818334,465.85263629654503,469.0165018020108,1643000
2023-03-30,471.2024536132813,475.2866739867466,470.7422469935548,472.6597306880295,1545500
2023-03-31,476.3700866699219,477.7986027486984,473.56097990432824,474.5772439851128,2082000
2023-04-03,476.5234069824219,478.6038894368437,474.5771624159843,476.015275029366,1804700
2023-04-04,477.194580078125,481.8444545322177,475.056575270897,476.0153170978816,1913300
2023-04-05,476.6192932128906,483.3304854960374,474.7305707857232,478.4121356128893,1941500
2023-04-06,465.9293518066406,467.7221942963233,457.7992107867372,462.11354889886354,4114700
2023-04-10,473.4554748535156,473.5225938050424,461.7876029251996,463.935175306222,1653600
2023-04-11,478.07659912109375,479.3613096392823,472.65971373024195,473.455456561169,1547400
2023-04-12,469.1603393554687,479.4188597966828,468.3837607824084,479.3709344066341,2063700
2023-04-13,477.3480224609375,477.87531880677136,470.08074241594215,473.1295346603424,1600500
2023-04-14,471.0298767089844,479.7256726337273,469.9369261737706,475.71813857380914,1675300
2023-04-17,473.5609436035156,477.3479855494229,470.88604569554184,472.43920278453345,1411800
2023-04-18,476.3987731933594,477.0986652090088,473.73347227928457,475.63179149116326,1339600
2023-04-19,475.5647277832031,477.44385365277856,473.4554839694594,476.619349690075,1098800
2023-04-20,484.7206726074219,489.59109739883974,475.06616479363544,475.2962534658832,2936500
2023-04-21,485.4588928222656,489.57190313788135,484.6055986174311,488.3542823852962,1508600
2023-04-24,490.3197021484375,490.57855187916994,484.9411458976394,485.21918918815027,1374100
2023-04-25,482.41009521484375,491.95915477316606,481.53763671857234,490.04167128909063,1789900
2023-04-26,474.251220703125,482.12248266226385,473.0336291542743,479.7735828152547,1441900
2023-04-27,480.5885314941406,481.5377058507904,474.414231448323,474.414231448323,1361600
2023-04-28,482.4580078125,484.0015679322049,479.9844670573257,480.8664930518784,1170200
2023-05-01,473.2253723144531,479.4188362909491,468.632990795626,478.55597450301894,2203200
2023-05-02,474.3950500488281,475.22915077273586,469.60134082317074,474.5772133400814,1940800
2023-05-03,469.8410339355469,478.2012641315741,469.45754304294513,476.1112138971872,1426400
2023-05-04,471.0899353027344,471.6375649382807,466.8530622036933,469.7449032045072,1487000
2023-05-05,479.4676818847656,479.7943304977083,473.6263860847502,473.83775040130206,1709200
2023-05-08,479.4676818847656,480.6109666898181,476.23960430779795,477.8440262984139,1015000
2023-05-09,481.1297607421875,482.0424476072551,476.9025038589409,477.4501042501795,1571800
2023-05-10,480.0440979003906,485.14563288255056,475.66311903796515,482.2442041287743,1257600
2023-05-11,482.1865539550781,483.25296292116496,478.0169101438202,479.89998454874416,1046700
2023-05-12,484.281005859375,486.16405111013216,481.5236822694612,483.4163443180736,1472800
2023-05-15,482.3306579589844,485.17444451340407,479.2754777879391,484.22331983610394,1135700
2023-05-16,476.671875,480.6493587635288,474.8944974146478,480.370735527462,1229300
2023-05-17,475.5670471191406,478.45888844447,472.58874257631186,478.4492716471354,2069500
2023-05-18,478.5453186035156,479.0256893249969,474.6831192383251,475.5670142664315,2298900
2023-05-19,477.02734375,479.7846963950895,474.5294393855889,479.7846963950895,1635000
2023-05-22,472.5599365234375,477.48854531407784,469.3606800962614,477.48854531407784,1943800
2023-05-23,465.8347778320313,468.0445011176394,464.0093746444467,468.0445011176394,1800200
2023-05-24,463.80755615234375,468.1212759212293,462.0301785892041,468.1212759212293,1600600
2023-05-25,467.4487609863281,469.360656491777,458.0335060969299,461.3576634482353,3421900
2023-05-26,487.345703125,490.69868130567056,465.1141325456908,466.5840657486282,5302600
2023-05-30,488.0854797363281,494.58007202855214,481.8983024265834,489.7763940777249,2544800
2023-05-31,491.4768981933594,493.6962086170636,485.12641122566527,488.8828845274571,3320800
2023-06-01,492.47607421875,493.57133361272986,482.3883176904571,489.33446003831466,2407700
2023-06-02,492.4665222167969,498.14447880665966,489.4017250987075,490.2856201989078,2284800
2023-06-05,497.9043273925781,498.5480078368538,491.9189260708958,492.4665558120902,2023500
2023-06-06,495.992431640625,498.2693843755151,492.6298362857566,497.9042979030086,1410300
2023-06-07,491.1598815917969,498.9034263220081,490.5257886912131,494.3111125004686,1784700
2023-06-08,499.6720275878906,499.864128959404,492.379974457688,492.379974457688,1530400
2023-06-09,496.9724731445313,501.5647877788458,495.2623248460552,497.84672225240325,1287300
2023-06-12,500.51751708984375,500.80578647753254,495.7426595429106,496.9724369226114,1404500
2023-06-13,501.5263366699219,502.4198192996364,497.5776442237481,501.5263366699219,1204700
2023-06-14,506.5029296875,507.1273764780595,502.6023215495315,504.3892866632051,1841400
2023-06-15,508.4051208496094,510.4034793562946,505.9840337864908,508.2321944363867,1871600
2023-06-16,503.0923156738281,509.5964958285537,502.11234056815846,509.28905150836306,3147800
2023-06-20,499.2973937988281,502.3717784776159,497.798639330783,501.4590622799899,1684400
2023-06-21,499.220458984375,501.161175444527,496.26135895027267,497.577570023048,1273600
2023-06-22,503.62066650390625,504.081803623234,499.2780965002265,500.24845472131454,1114000
2023-06-23,503.8512878417969,504.77362081606935,498.9515295186826,502.5927187892944,1434300
2023-06-26,502.871337890625,504.264424899748,500.7961618934092,503.8129045070112,1278500
2023-06-27,509.510009765625,511.5083096837614,501.6030680653659,502.1315227535004,1673600
2023-06-28,511.883056640625,512.5459706175183,507.8575474323325,508.2130170942456,1245200
2023-06-29,510.8167419433594,511.5469149963396,508.1843191442598,509.7503327607784,1121800
2023-06-30,517.2439575195312,518.3776253302406,512.6804358880908,513.1992151319404,2221900
2023-07-03,519.7996826171875,519.8381498152228,513.3627599605862,516.1584925836484,951400
2023-07-05,519.8861083984375,524.6129406669639,516.3986116879171,519.9725423048724,1630400
2023-07-06,516.2734985351562,519.0884632394623,515.5145340904561,517.7242271422707,1750100
2023-07-07,504.437255859375,515.3993479737981,504.0337608938812,512.9302355610604,2740600
2023-07-10,506.32037353515625,510.2978573104077,504.4469159332764,504.4469159332764,1955600
2023-07-11,508.8471984863281,509.92322439437345,505.4942196622392,506.79119737527174,1262300
2023-07-12,516.8789672851562,518.906117934789,510.25944376087375,511.1145178358794,1960500
2023-07-13,517.311279296875,517.954959691531,511.87344949656216,516.6867738579493,1647200
2023-07-14,525.2373657226562,525.391058554454,516.9749540176588,517.561050871462,1828700
2023-07-17,531.251708984375,532.4526360131708,524.6609768846923,524.7378526334595,1909900
2023-07-18,531.85693359375,533.2115533605828,527.8218074080842,530.9730091590832,1778800
2023-07-19,532.3564453125,534.0665932868868,530.3485284650527,532.7119149675793,1261100
2023-07-20,535.0945434570312,539.0431764801342,531.9721339525287,532.0681846355285,1732800
2023-07-21,535.959228515625,539.9847376665626,535.565350309579,537.2177975101708,5264300
2023-07-24,541.7909545898438,544.327326258464,534.0569971351342,536.0937644523272,2086400
2023-07-25,543.0016479492188,545.268984472333,542.1465736932819,544.5196363776535,1602500
2023-07-26,543.9430541992188,545.730078137407,541.3010148043376,543.3089905456133,1306400
2023-07-27,539.7733764648438,548.7370518269986,538.5916246261036,545.432098947366,1485300
2023-07-28,541.2048950195312,545.5186148623187,540.5323642588748,542.4154386609116,1371400
2023-07-31,538.658935546875,542.1368151836408,537.1025389641901,540.8974797238019,1365900
2023-08-01,533.6630859375,540.7822137316249,532.7696033237982,538.6205452226334,1445300
2023-08-02,530.66552734375,534.7775289808706,529.3877834091077,530.5790934493185,1635000
2023-08-03,535.7960205078125,538.3515675308153,530.5407331176993,531.7993609899769,1463400
2023-08-04,530.36767578125,539.2545339731282,529.7624039916559,539.0431990060969,1142000
2023-08-07,536.48779296875,537.5926694742434,533.2020724915019,533.2020724915019,1015400
2023-08-08,534.2876586914062,536.9585487100395,530.1757147909799,536.093857741945,1020400
2023-08-09,537.7269897460938,540.0231758356484,534.9504329418542,536.074483995296,1471800
2023-08-10,539.4467163085938,546.8636709176609,538.6877516605709,541.0896053253327,1107200
2023-08-11,540.8589477539062,542.8188389117971,537.0832414508984,538.3513683748893,1043100
2023-08-14,539.427490234375,545.4225663219559,538.437957002982,542.5979840272613,1247600
2023-08-15,536.5838623046875,542.9727594983755,536.2860347198872,539.0241251401792,1124300
2023-08-16,537.1024780273438,542.7708758493795,536.7854169404699,539.6484662407502,1340100
2023-08-17,525.6312866210938,538.4187540937476,523.6810117992559,537.5060379085976,1941900
2023-08-18,523.5465698242188,527.8986991122323,521.7883961430521,525.448819572978,1878100
2023-08-21,521.8843994140625,523.7482402270844,515.2456429627348,522.5088461914062,2076100
2023-08-22,517.2344360351562,520.6835240838601,516.3985955576537,520.6835240838601,1286000
2023-08-23,519.6266479492188,519.9244754768732,515.1880267879113,517.801274232275,1295800
2023-08-24,511.801025390625,520.7431556566884,510.944335859002,519.097162609954,1587500
2023-08-25,514.014892578125,515.728212886936,510.6940603435969,512.9560449998339,1511500
2023-08-28,516.1133422851562,516.9314920800452,513.1582858056845,515.9304541398533,945800
2023-08-29,522.447021484375,522.7357768011361,514.3326739594314,514.3326739594314,1468500
2023-08-30,521.9560546875,524.0351515053491,519.1165004051779,522.4084281791905,1292800
2023-08-31,528.7133178710938,531.5239677586053,519.7807610370643,519.7807610370643,2086500
2023-09-01,523.8713989257812,532.755777024489,520.3965839028605,532.3611546914664,1437700
2023-09-05,524.3335571289062,528.6265816908802,523.6309094510881,525.2961139477502,1714300
2023-09-06,526.2200927734375,528.1355710903531,519.9538396363312,521.4361557145454,1476600
2023-09-07,528.077880859375,530.359135662828,523.9099936710834,528.106785761855,1340000
2023-09-08,530.5517578125,531.6972029118174,527.5774310420665,528.5111418162087,1075300
2023-09-11,537.8574829101562,538.4446284210943,531.1965479752823,532.1109886274486,1388600
2023-09-12,537.8670043945312,539.4167652367314,535.3547456609112,538.3387064985543,1055500
2023-09-13,538.80078125,539.4553127966687,533.8532254048189,537.3954272308039,1162700
2023-09-14,543.6231689453125,545.4808963355168,539.272393839877,543.6616500635752,1257300
2023-09-15,535.5281372070312,544.3355562502347,534.7388335072739,544.1623030600163,2945300
2023-09-18,541.6500854492188,543.0650748899848,536.5966608390078,537.2800975076576,1003100
2023-09-19,543.2188720703125,544.1622176242505,538.4831093651127,540.6103809079004,1144700
2023-09-20,542.7183227539062,547.9064583551636,541.5920891936112,543.2188122531319,1311500
2023-09-21,534.2960205078125,543.4306747212137,533.5259868530632,542.9493963432701,1687700
2023-09-22,537.6747436523438,541.8906892873874,534.0074038106981,534.3731214230244,1527300
2023-09-25,537.703369140625,540.2541676587614,533.9686447913243,538.540788691906,1313300
2023-09-26,532.2554931640625,540.3505709737931,531.3314173752169,538.2137228212155,2425100
2023-09-27,542.4295654296875,545.2883304183875,524.3334538016691,526.8842523688572,4591400
2023-09-28,547.3385620117188,550.755626178361,542.949306282922,542.949306282922,2192400
2023-09-29,543.8060302734375,549.6102163672259,539.7055295132567,548.6572946764394,1887500
2023-10-02,549.9183349609375,550.3322273439196,542.8820469506298,546.6456182701779,1831700
2023-10-03,543.8829956054688,554.6155258957431,541.9290361298541,549.7160866321187,2007400
2023-10-04,550.3900146484375,551.1696833746653,542.6510784492204,548.166510595876,1798800
2023-10-05,548.1954956054688,553.2296500456113,543.2286684572271,550.7462364714905,1579700
2023-10-06,536.6543579101562,545.7216271414655,522.31223710124,544.8938423363369,4246700
2023-10-09,538.0402221679688,538.7910444986571,529.1943836165531,534.2189007534698,1781500
2023-10-10,541.0436401367188,545.7216526258047,536.3752038669045,538.9548493392788,2176800
2023-10-11,544.3450317382812,545.2883184141566,539.2242235339137,543.7000765110914,1449800
2023-10-12,542.6702880859375,547.829578312121,541.3226850978463,546.7803655749896,1458000
2023-10-13,545.6158447265625,546.1933554361583,540.9377729795651,542.7377498992595,1243900
2023-10-16,550.8135986328125,552.6039405214996,547.2329148554385,548.3590900757654,1428300
2023-10-17,552.8348388671875,554.490408185113,549.340753359228,550.5246792958793,1404600
2023-10-18,553.1237182617188,555.6840937988793,550.582553912935,552.4306467348634,1311900
2023-10-19,544.4509887695312,554.2882907274867,542.9878836838851,552.2188289285033,2019600
2023-10-20,532.2264404296875,545.4519593757506,531.3409047633022,545.3268223115032,2295400
2023-10-23,531.6105346679688,536.0671778612034,526.1624884073473,533.3913002013355,1776500
2023-10-24,531.1774291992188,535.1720051118059,528.7614019636322,531.4276446450986,1678600
2023-10-25,529.3965454101562,533.0927889557908,525.180542400988,528.0104614242681,1757500
2023-10-26,527.0960693359375,533.8917178541359,525.1036285007568,529.0693577351841,1925300
2023-10-27,522.697265625,527.5100497936932,520.0020594906864,527.0960986553556,1503100
2023-10-30,534.1034545898438,535.5280196744187,523.284326920964,525.3056724463635,1696200
2023-10-31,531.7548828125,533.2853739797978,528.5014361170713,531.4853387076456,1394700
2023-11-01,535.9515380859375,537.5301451128478,529.0692931969384,534.2189478428928,1735300
2023-11-02,536.1348876953125,539.5486304246368,532.3162044491304,536.6460073825789,2100600
2023-11-03,540.8888549804688,542.9042573165233,535.4211005790087,537.4462144209756,1826800
2023-11-06,549.4907836914062,552.2198354771809,540.1464873047222,540.4936296135302,2056900
2023-11-07,550.8890380859375,553.4155606419113,549.2400239115276,552.075137013114,1373100
2023-11-08,547.1378173828125,552.5476575505805,544.1580321686603,551.7087008981514,1343600
2023-11-09,543.1744384765625,548.6999925015842,541.9593816242772,548.6999925015842,1288400
2023-11-10,556.5302734375,557.2728212332869,544.7848223845646,547.639240619526,1908800
2023-11-13,557.6006469726562,559.259313666662,553.0297639146921,554.4859015254831,1650700
2023-11-14,569.7222290039062,570.4454715235095,560.474400946851,560.9854617214046,2037600
2023-11-15,575.48876953125,578.4878002550823,572.2197000869846,572.7982704056107,2165100
2023-11-16,557.938232421875,565.6624720400932,551.8243963529426,565.459942943456,2954700
2023-11-17,556.5592041015625,559.2303395616111,553.5794192716509,558.2467698400662,1773600
2023-11-20,560.0789794921875,561.5447697913673,556.7424584321207,556.7424584321207,1624100
2023-11-21,563.4540405273438,564.080874157665,557.0991835258615,561.2361089131282,1173700
2023-11-22,568.0635375976562,570.0500410719352,565.4308951899935,565.9130567988731,1068600
2023-11-24,570.26220703125,573.0009110740418,569.3460881336107,569.9343700726987,645800
2023-11-27,573.6759643554688,578.5361326804148,571.2747498577053,571.3808701542827,1627400
2023-11-28,572.8081665039062,576.1061364369724,570.3201953611754,572.0270668129791,1286800
2023-11-29,566.8871459960938,573.9749583781643,566.4628413411496,573.9653057268381,1319800
2023-11-30,571.5930786132812,571.9113218354134,562.0366590161865,566.8582763191397,1755200
2023-12-01,574.9778442382812,575.074253038078,569.5197995303749,572.1138319073234,1475300
2023-12-04,577.7068481445312,578.1408054229153,570.3587089369987,571.0240944018207,1624000
2023-12-05,583.7530517578125,587.1571410581395,575.7299341686852,577.1764190335589,2349700
2023-12-06,585.7589111328125,586.7714388540777,582.316269794411,583.8977741756465,2233900
2023-12-07,589.1533203125,590.5033375913588,584.7173979052211,588.2372014240037,1690400
2023-12-08,588.989501953125,591.7184949248148,586.0482683599473,586.887225048436,1502100
2023-12-11,601.6026000976562,602.7309005116215,596.6845757893564,599.7800152975077,2139300
2023-12-12,607.0415649414062,607.2247887370758,600.9759920976162,605.0550611419714,2374400
2023-12-13,619.0955200195312,619.6740904204269,608.4879643805673,611.3037717609589,2436900
2023-12-14,608.2759399414062,618.9992113956259,607.8130246881682,618.3048679445835,3839200
2023-12-15,635.3154296875,638.266256380934,617.649021266882,618.6133444850973,8807700
2023-12-18,656.935546875,657.5816269580688,637.5140629239626,640.7927854444536,5733400
2023-12-19,653.5604248046875,656.5112515717552,645.2479631648554,650.9181885380632,3437300
2023-12-20,637.4176635742188,650.2913553242356,637.2247871541095,647.8226901766493,3782700
2023-12-21,641.4292602539062,643.5315368423633,635.9230118804439,642.1042983353502,2388400
2023-12-22,647.6394653320312,649.2499275225332,642.239278723649,644.1679252063027,1641700
2023-12-26,650.5516967773438,651.7474480992711,646.8487287389634,648.9991505886354,1774800
2023-12-27,657.633056640625,659.3886147222746,651.3210777019497,653.5894460735997,1875900
2023-12-28,653.9839477539062,657.6922664398538,652.4947571823255,656.6961418762693,1496900
2023-12-29,651.00537109375,654.0726009984155,648.1254713194633,651.9127062657291,1947500
2024-01-02,641.7050170898438,648.7566841921152,640.5708029830445,646.5672332053568,2657700
2024-01-03,635.8270263671875,646.4391112251051,634.2588586532039,642.2574109159032,2612600
2024-01-04,639.436767578125,640.9655070700155,631.7045818900897,633.2530054981344,2171100
2024-01-05,646.9913940429688,650.5813669346488,643.2732035340098,647.1590400824625,2233500
2024-01-08,652.5933837890625,652.9780366902881,645.0387165344887,646.7942145874534,2245300
2024-01-09,658.0078735351562,658.1163468528458,649.2105189215354,649.8219905980563,1886200
2024-01-10,663.5111083984375,664.566405585222,659.8126622655275,660.355088992475,1801900
2024-01-11,664.3199462890625,665.2371538497817,658.4616042915065,661.775398097216,1670800
2024-01-12,673.8471069335938,674.320488841671,666.8151222263498,668.1860275639071,2388400
2024-01-16,672.1211547851562,677.0820333718777,668.8369173584108,673.8470965271172,1626700
2024-01-17,674.7840576171875,675.4547020511551,669.8527954297151,671.14478371499,1786800
2024-01-18,677.8612060546875,678.2655430950174,670.8588373553551,673.4428140999139,1900600
2024-01-19,685.4158325195312,686.5599190650508,673.2849394903429,679.034808097177,2267900
2024-01-22,682.9896850585938,689.0551014309906,681.0270523395296,685.8695253209158,2452900
2024-01-23,678.1373291015625,682.1217672145193,675.2180002628372,681.2242438010011,2208600
2024-01-24,677.0720825195312,680.4844769843827,673.7286727437977,679.527841138429,1946500
2024-01-25,670.5531005859375,677.062343024568,666.6672633179098,677.062343024568,2751900
2024-01-26,677.4370727539062,677.7921091810307,670.1585250175007,670.730568280804,1825500
2024-01-29,684.4690551757812,684.5874006511077,676.8255988812479,680.4155721556727,2215400
2024-01-30,691.1063842773438,692.9901597634959,681.3030346145243,683.4136288528915,1610500
2024-01-31,685.3270874023438,695.8208276131613,683.5123564606854,691.6785554040417,1928500
2024-02-01,695.81640625,696.6263292645006,682.9960513593596,685.4653067872677,2039200
2024-02-02,700.7548217773438,705.4958397816191,693.6236420082356,694.6903770876523,2377400
2024-02-05,702.414306640625,704.0934125250611,697.0017175935486,701.9007424633546,2276900
2024-02-06,702.0487670898438,703.955024944358,695.6781366533095,702.4833584333558,1920200
2024-02-07,710.9283447265625,714.4247889413406,703.2439923899819,705.367576312287,2145500
2024-02-08,715.25439453125,719.2150899761003,711.7974368510445,714.9877559322763,1918500
2024-02-09,714.5037841796875,716.607594654844,711.2640920788534,716.2223763347039,1426100
2024-02-12,713.5259399414062,714.8988605064997,706.5033915692394,714.6223352306552,1572600
2024-02-13,705.46630859375,712.9037352254185,700.3203583399984,712.5185168924389,1951100
2024-02-14,713.2987670898438,713.6642120808373,702.325410123399,707.1947747320299,1472500
2024-02-15,715.6000366210938,717.101363059053,709.4466720139873,712.6171570776379,1264100
2024-02-16,715.08642578125,720.0940826067078,709.6639509580798,713.1110216032178,1764900
2024-02-20,716.765625,725.9216438520236,714.8099938993965,719.0768747153525,2407300
2024-02-21,714.1285400390625,719.8275413469001,711.4123586996017,716.7656883144247,1564200
2024-02-22,725.3685302734375,726.998202756247,716.923628113785,716.923628113785,1801600
2024-02-23,728.8550415039062,733.3787342379585,728.0550051724838,731.0181116273158,1265800
2024-02-26,736.1837768554688,737.5962439870287,729.9118922872556,732.8749987512093,1707000
2024-02-27,735.5518188476562,737.4580770973749,732.2133801723164,736.8259331422012,1471300
2024-02-28,738.76171875,742.6334942822537,734.0701335569737,734.0701335569737,1365000
2024-02-29,734.74169921875,743.3050591915496,733.8527432517322,742.1790643758737,3361200
2024-03-01,740.2235717773438,742.1397165411092,730.1588835047328,731.3342515858759,1678100
2024-03-04,749.84375,755.3353718282207,744.4015012249359,745.7941950882166,2133400
2024-03-05,750.604248046875,759.8096391607853,747.5917685980692,758.9700561769843,2353400
2024-03-06,763.7308349609375,765.6272062940342,754.2686310612805,755.4341727007914,2400600
2024-03-07,775.928955078125,777.4006216295232,767.4544537892998,769.5286041812138,4187900
2024-03-08,716.63720703125,746.920130009202,716.1828423160415,746.7522375145948,8590200
2024-03-11,705.2984619140625,711.1456425397114,702.2662086763081,710.9579766948809,3762500
2024-03-12,727.8179931640625,730.9489922205523,708.0935491204357,708.261501897288,3727400
2024-03-13,725.1709594726562,727.442662451234,717.644673612626,725.9611091672192,2270300
2024-03-14,722.9486083984375,731.57122896811,720.0249883010649,729.2501530048743,1826100
2024-03-15,716.7064208984375,723.5117041769548,714.326024608946,723.5117041769548,3390700
2024-03-18,722.5436401367188,724.3215523107116,717.091565028088,717.1705377985996,1595200
2024-03-19,723.1658935546875,726.3067792759762,721.0423700228475,722.7905619007702,1322700
2024-03-20,731.6107177734375,732.9639251995242,720.1632834552843,722.0102816786746,1398700
2024-03-21,733.4281005859375,743.0581964761334,731.9860337553249,734.3565430113488,2106900
2024-03-22,725.7635498046875,735.6306849373258,725.3487317687648,735.2751266208206,1794100
2024-03-25,721.9707641601562,725.1313627201145,717.8026298610399,722.0102505425621,1604700
2024-03-26,721.9906005859375,725.6648844523685,721.2399372000772,722.010373922796,1353500
2024-03-27,723.0770263671875,726.8401692488708,718.8002590625841,724.9733976666943,1246700
2024-03-28,723.6203002929688,725.8624036792978,719.3633060300727,724.8252680948063,1713300
2024-04-01,712.3703002929688,724.2523862820765,711.3431117431544,722.7609463664472,1600700
2024-04-02,702.5525512695312,711.1455723253744,699.6882511072884,711.1455723253744,2326700
2024-04-03,697.0115966796875,702.068627329515,688.6951606923277,701.2488175900232,3205500
2024-04-04,696.2116088867188,708.3109621805893,695.5596916029581,700.0537853397618,2252400
2024-04-05,704.9427490234375,708.0738082414276,697.3374907018855,697.3572037513729,1552900
2024-04-08,703.0563354492188,707.3331030670653,702.1278929237765,704.7354413294307,1459000
2024-04-09,709.7529907226562,710.2072951783342,698.2857217132857,707.4318542501284,1386400
2024-04-10,713.6939086914062,715.0766556706826,700.2315222010144,702.2562997566213,1832000
2024-04-11,723.3436889648438,724.7659825578104,715.2445790751354,722.5041662006487,2107800
2024-04-12,722.31640625,723.886879083569,717.6050480338439,719.0471147741534,1481800
2024-04-15,709.4468383789062,731.8874057425456,709.1208797395858,726.3858966865545,1808000
2024-04-16,707.1651000976562,713.6148242625262,703.3723574899934,709.4664630541926,1412300
2024-04-17,706.3947143554688,714.8988155345397,702.2562398694689,714.1086658588271,1376700
2024-04-18,702.5032958984375,710.1086160445151,700.8439631858589,706.3948455658341,1846400
2024-04-19,700.7846069335938,706.0786763280556,693.3669536669266,704.2613380151192,2190400
2024-04-22,706.6614990234375,709.4270533664616,697.4857062072409,706.0688414812845,1437100
2024-04-23,713.7925415039062,715.3630143573504,707.4909973263118,710.1874650343347,1176200
2024-04-24,714.98779296875,716.5088327243898,707.2837275107033,710.8592048166759,1206600
2024-04-25,714.1270751953125,719.4988991869126,706.7568710898923,719.4988991869126,1613600
2024-04-26,721.36865234375,723.1197105415956,707.3405628329058,707.3405628329058,1524400
2024-04-29,718.5491943359375,724.4057593277284,712.5046019258335,721.714926357368,1526900
2024-04-30,715.1559448242188,717.7379706604842,709.4180291240963,717.7379706604842,1734800
2024-05-01,714.4832153320312,722.041386599277,707.6571675618004,714.5327280138912,1609100
2024-05-02,724.5938110351562,726.5328364654246,712.9103269125344,716.9861869877054,1826900
2024-05-03,735.9310302734375,739.4825387531824,725.4939983488418,726.414088902998,2323300
2024-05-06,748.3465576171875,748.8312988416482,738.4833296308352,741.5600597121004,1773300
2024-05-07,763.04736328125,763.9673934395157,747.4759872010378,750.562559467903,1897800
2024-05-08,755.2319946289062,765.1051256025927,754.5395416373628,761.7514262603967,1511900
2024-05-09,770.694580078125,771.3574462360007,755.4298798557028,755.6178469124952,1716200
2024-05-10,778.7572021484375,779.0144265504007,769.8239073546229,770.6944851545067,1652700
2024-05-13,766.84619140625,781.0226370973439,765.2930028632101,779.558510992627,1596800
2024-05-14,769.5667114257812,772.4455112623812,763.1659903930239,766.6284963776702,1327700
2024-05-15,778.60888671875,781.2008153861029,770.1801974720355,770.1801974720355,1661700
2024-05-16,784.57421875,795.9411220855519,779.3903620835964,783.3277068804892,2000000
2024-05-17,787.284912109375,789.0557150626657,782.140604842641,785.1084674525276,1309100
2024-05-20,784.5050048828125,794.3780750295554,783.9015539859575,786.7309018071333,1347100
2024-05-21,792.35009765625,792.85464398526,783.5157667741137,787.0475306958617,1375700
2024-05-22,793.2700805664062,797.7119718941091,789.4613477464285,791.4695700245546,1192800
2024-05-23,787.809326171875,799.3938455035212,786.9090406283692,795.6840169459763,1519200
2024-05-24,801.0557250976562,808.1192521367575,790.529752289093,792.0532332581615,1623000
2024-05-28,804.458984375,806.556269265853,796.0994920414324,801.0657351376169,1986300
2024-05-29,797.8800659179688,804.7259175853777,797.6524887644503,798.374709601074,2282800
2024-05-30,806.6056518554688,810.7210610582855,799.641029599652,801.5206998974012,2277800
2024-05-31,801.214111328125,803.0442691498745,779.7564618739088,800.3633385234913,4360700
2024-06-03,806.6551513671875,819.04098984245,798.4836269333772,802.312164738554,2008700
2024-06-04,818.5266723632812,819.1400258376625,804.3303592391181,806.2495795761143,1754500
2024-06-05,825.362548828125,825.4516112708673,812.8777454138583,822.0088497130132,2080000
2024-06-06,833.6132202148438,839.9941365644805,825.3823411001761,826.470533180318,1735000
2024-06-07,836.521728515625,841.2702963676034,833.266934045767,837.6099205966539,1593600
2024-06-10,839.2521362304688,840.3798780260506,833.712090319111,838.1045289826866,1401600
2024-06-11,840.2117919921875,841.8243355010133,831.2587518974098,840.1425346191394,1690500
2024-06-12,838.7278442382812,846.572886973017,834.5728246061445,843.1796380481454,1838300
2024-06-13,836.8977661132812,838.7279240344852,828.5778235213081,838.7279240344852,1322400
2024-06-14,846.503662109375,847.0082084215464,832.8910557425518,834.3848896060176,1395500
2024-06-17,858.6124267578125,861.2340625996981,844.2282092636509,845.3362063546869,1904900
2024-06-18,861.422119140625,864.5977538580221,858.4048042420063,858.701578425567,1763800
2024-06-20,853.2010498046875,864.4887927637333,851.3411846139347,861.9760244398199,1944600
2024-06-21,839.2224731445312,857.682551248329,838.5695699650845,857.356129849264,3833100
2024-06-24,839.073974609375,841.5175458856368,832.4952496282152,840.8942899931369,1722900
2024-06-25,846.3453369140625,846.5234014137028,835.9479158967505,840.2216450320633,1564200
2024-06-26,847.6611938476562,850.5300915914971,840.9537950941191,843.5852734805466,1505300
2024-06-27,841.5076904296875,849.135118447622,839.5489205901375,848.5217650558171,1254900
2024-06-28,840.8846435546875,848.0569793890077,837.738715910359,842.13115571932,2131700
2024-07-01,836.6107177734375,846.8300742443934,831.4961184607624,844.3568555696141,1989000
2024-07-02,850.1541137695312,851.1434012954354,834.0485442460963,836.6305701971899,1377900
2024-07-03,853.418701171875,854.2695342847476,845.8407857294924,845.8407857294924,814400
2024-07-05,876.1822509765625,877.4386654347092,849.5209405392212,855.2984061581584,2620700
2024-07-08,871.4039306640625,878.4377495113207,868.2579436301553,877.2901423260603,1611300
2024-07-09,877.3496704101562,887.0644817384605,873.5112297507017,874.3818076558143,1356800
2024-07-10,874.8367919921875,880.7329669954743,871.2654787504298,877.8937168136541,1755800
2024-07-11,837.52099609375,881.217811448124,837.4517387176251,881.217811448124,6021100
2024-07-12,833.8704223632812,840.8943391613977,829.3988237318376,840.7855320325511,3288400
2024-07-15,839.637939453125,848.7097490747014,835.6214347193113,837.7879767051194,2064000
2024-07-16,841.6561889648438,842.1211251307129,832.3272146060184,838.7179735405113,1687600
2024-07-17,837.2142333984375,840.8449015252331,833.6231150333716,838.9256814083145,1783100
2024-07-18,830.3782958984375,846.1376395117901,816.2710456064831,840.3305263546634,2338500
2024-07-19,829.1515502929688,839.7863910858308,826.6090741320799,827.5489093481777,1984400
2024-07-22,838.3419799804688,840.4887772881159,829.6164571550155,836.6898867944832,1920200
2024-07-23,842.9818725585938,845.4254444164642,836.5218556973423,839.8062978928218,1744100
2024-07-24,821.9197998046875,836.9371759284257,820.6139331354955,835.5521493571063,2511300
2024-07-25,807.2090454101562,827.6873061413745,805.5569524012815,826.8364731093927,2183700
2024-07-26,809.9929809570312,814.6294911937697,801.4829366457805,810.3892835221944,1441500
2024-07-29,807.971923828125,816.075808813823,806.5156299189947,814.9067949396652,1320400
2024-07-30,802.4934692382812,814.3520707330548,795.8062715771522,810.3892869338672,2017200
2024-07-31,814.35205078125,817.7996532525459,803.7219028499005,812.7867342880825,2135000
2024-08-01,809.28955078125,816.5017851562334,802.1466119048516,810.9340792934815,1861400
2024-08-02,814.4313354492188,822.5649104191882,797.5201484939566,808.6060384834691,2598500
2024-08-05,794.3696899414062,803.276036177951,785.6218284391715,790.5753078114235,2820900
2024-08-06,809.2796630859375,825.3388652236233,797.5696304154851,797.5696304154851,2476300
2024-08-07,802.7609252929688,826.0720302850574,801.7306232615091,816.4424340988937,1702000
2024-08-08,831.619873046875,834.9189074078851,812.8164837403525,813.8567023681217,2345000
2024-08-09,846.9756469726562,849.789249962302,829.836619825289,830.6985204294971,1710600
2024-08-12,855.5353393554688,862.1531812817701,844.4692821295519,849.274133471758,1748200
2024-08-13,856.773681640625,859.9736102204465,848.1942208228517,856.872727049048,1484100
2024-08-14,854.683349609375,858.665906326261,850.5124977705483,856.8232263179045,1341500
2024-08-15,869.18701171875,872.1393265778783,860.9147252544819,864.7487134973469,1923800
2024-08-16,862.4899291992188,869.186982372446,860.5382269259827,869.186982372446,1516300
2024-08-19,864.2335205078125,865.5016402493743,860.6175168522178,862.4899465640813,1318400
2024-08-20,868.0477905273438,868.6025778323719,863.064560948926,863.8868555059917,1104600
2024-08-21,873.2191772460938,882.8289397236075,869.0582423059323,872.5455112793674,1465500
2024-08-22,869.3951416015625,875.7752259832995,865.0558884725432,874.0910307629521,1440900
2024-08-23,871.0297241210938,876.3299227564759,863.5598386780956,874.2791750813101,1305800
2024-08-26,884.2060546875,884.9391600179554,873.2390432317073,874.9529278808684,1737000
2024-08-27,900.4435424804688,910.3801910776244,878.8166336975582,884.384339909587,2098900
2024-08-28,879.7874755859375,903.732578386208,873.4569143182349,902.4843523536828,1668400
2024-08-29,878.3807983398438,892.0821409354355,876.9343604132308,882.7101350176429,1709900
2024-08-30,884.0773315429688,887.9905929702156,874.8836433243503,882.2148181619087,1933500
2024-09-03,870.3958129882812,888.5453714025036,866.3042335721237,888.337303469258,1784200
2024-09-04,881.7391357421875,883.4629368385557,868.434097793486,869.2860817084513,1425200
2024-09-05,877.73681640625,880.3621849742478,860.6176210925845,880.3621849742478,1998800
2024-09-06,868.5233764648438,884.8896940064974,862.8962303473555,882.9677413158497,2074600
2024-09-09,888.1489868164062,890.4672419039665,873.4966157435423,876.5083096099999,1954000
2024-09-10,885.9693603515625,892.3098379099367,879.2623906373079,884.2950819644693,1360800
2024-09-11,892.0226440429688,893.6077333520244,869.7022356035727,886.6728618071638,1796100
2024-09-12,906.5164794921876,907.1802288005042,888.1687724573746,892.0423667399723,1867300
2024-09-13,907.4775390625,915.2347056995184,900.8993030881518,905.1295943719592,1327500
2024-09-16,899.423095703125,914.04577708637,896.9265226472695,913.421633822406,1661000
2024-09-17,888.9217529296875,900.1462942355595,887.1186790881759,899.977892858967,1387000
2024-09-18,884.2158813476562,896.559912966908,882.6604816036421,891.5668276400812,1338200
2024-09-19,892.3594360351562,896.7086056494046,887.1681990732446,895.846705033751,1747500
2024-09-20,898.5414428710938,899.3637374857228,887.3664233825857,893.1818040920011,4658200
2024-09-23,908.5474243164062,910.9448914936862,892.3990930369997,898.5413593203383,1697600
2024-09-24,893.1519775390625,904.2775338333118,889.1793376941994,903.5245952596924,2432600
2024-09-25,899.9679565429688,901.8899090161932,892.7458051681233,894.5984016719664,1728100
2024-09-26,893.0529174804688,900.7803334326752,889.7737164592698,896.8769891550213,2738600
2024-09-27,877.3800048828125,885.1767759498795,865.8681245855445,884.9489352666211,3459100
2024-09-30,878.271728515625,901.5332483656856,873.2092266273636,883.0765793337399,2142900
2024-10-01,869.2167358398438,878.7373085133338,864.6298091846161,877.0135073969423,1836700
2024-10-02,870.3561401367188,873.030970822235,859.0918715791468,866.5122350214673,1317100
2024-10-03,867.522705078125,872.9814494340707,864.5506172299323,866.3041684098963,1451900
2024-10-04,874.8934936523438,876.0625076276386,867.5227133002763,869.8211351807363,1516400
2024-10-07,865.4620361328125,879.4506570518197,864.2137496554241,873.3974592998375,1963200
2024-10-08,882.135498046875,883.0172319816891,868.5431782183892,868.5431782183892,1697900
2024-10-09,900.6416015625,901.53325204264,879.6091473506385,883.9384835148237,1956500
2024-10-10,885.3155517578125,901.5332382502731,883.542227925518,901.5332382502731,1765800
2024-10-11,880.7584228515625,886.1775005100966,877.2612372293913,886.1775005100966,1527300
2024-10-14,881.481689453125,886.841328248977,878.014253426304,884.1466641324303,1431500
2024-10-15,886.2864379882812,892.270279878789,881.2735191902946,883.789925456618,1613900
2024-10-16,879.1237182617188,883.036979096442,871.3170298594783,881.6400640385164,1475500
2024-10-17,877.0531616210938,886.9997872704502,874.5863384765119,883.2648443350022,1321500
2024-10-18,881.2833862304688,882.3236047657309,875.5274458369249,877.5187541438047,1654000
2024-10-21,878.519287109375,883.1062132563725,875.4778439093457,880.7285192761432,1184900
2024-10-22,885.1768188476562,886.563817214391,876.0822382674515,882.6901626076353,1189700
2024-10-23,890.8040161132812,897.2534561016876,886.6629145043743,887.6833603064026,2193500
2024-10-24,885.1076049804688,895.0938376092626,879.9956402168835,893.1124456057003,1649600
2024-10-25,882.9280395507812,893.2313018979479,881.7194194832016,887.3168759398679,1425800
2024-10-28,882.6705322265625,887.6537016765496,881.7194422958634,887.6537016765496,912500
2024-10-29,878.7373657226562,882.8784674183872,865.9574246158761,881.719370121089,1361700
2024-10-30,870.9109497070312,878.3213362372155,869.2069211900987,878.1331015836116,1412200
2024-10-31,866.0465698242188,869.4843161800019,860.5680527174168,869.0384909134162,1771900
2024-11-01,870.3023071289062,872.3855087365954,860.4119735762469,867.2866115387717,1625200
2024-11-04,878.9923706054688,879.9149348046558,869.7269488223757,874.3001716699699,1576700
2024-11-05,883.0595703125,888.4263907510779,879.7164937122197,880.9069205792845,1622300
2024-11-06,892.0670166015625,892.711848783682,879.2006467705406,891.1047937810703,2437400
2024-11-07,906.6297607421876,912.135416695254,887.2260032894471,891.4420554094494,2145500
2024-11-08,936.26123046875,954.3158670908044,906.451271885886,906.6992749698494,3277100
2024-11-11,925.428466796875,943.6815178789057,923.999966620476,936.261224481786,2181800
2024-11-12,924.932373046875,932.0550136325708,919.5953423756852,928.4738639935832,1691400
2024-11-13,926.2716674804688,930.1008811481964,915.8258089728496,922.5714808090244,1757600
2024-11-14,916.51025390625,923.7122728567272,914.8039612738104,919.5953976127656,1859900
2024-11-15,899.8245849609375,913.1968911033885,898.3266367323894,910.4093390219764,2269900
2024-11-18,912.165283203125,918.543915330896,899.8643058768836,903.3661385259052,1797300
2024-11-19,922.7203369140624,926.539560347406,909.040447481362,920.5874860839324,1690500
2024-11-20,920.6668090820312,921.3810288881608,909.179289485766,917.6907721279044,1452100
2024-11-21,948.0166015625,950.8338826557298,922.5714612351884,927.5315228547324,2320500
2024-11-22,956.3097534179688,968.5015623595572,950.8636157698974,955.0498784659844,2078700
2024-11-25,953.2147216796876,967.212000821687,942.1041717145696,967.212000821687,3240900
2024-11-26,963.739990234375,966.5870608120498,953.2147538173892,956.2998976695188,1438000
2024-11-27,953.8694458007812,964.5236485596864,950.93312804831,963.700321918353,1499500
2024-11-29,964.116943359375,965.4958550226908,954.7820734735382,960.357238444402,1095900
2024-12-02,967.2119750976562,968.6999935208836,957.0537790160456,963.6010358591952,1955800
2024-12-03,974.3048095703124,975.147995723966,963.0057760446864,966.9043767374616,1653900
2024-12-04,983.0047607421876,983.2329647318217,969.7415618179948,974.156028435194,1784700
2024-12-05,974.4140014648438,982.221133341746,970.386433990168,978.778819211381,2089400
2024-12-06,984.6813354492188,989.7406346150636,974.414032145577,974.414032145577,1737300
2024-12-09,979.96923828125,989.0461748798232,972.6680424177846,989.0461748798232,1855500
2024-12-10,985.4650268554688,987.042292479896,978.005075106738,981.8242981799672,1556800
2024-12-11,986.7447509765624,999.7500181445072,985.6535616281604,987.0522723782124,1903600
2024-12-12,980.4949951171876,994.4624839004504,979.3244279364882,993.6788160258426,2344300
2024-12-13,981.4473876953124,998.6389785592726,958.0160609886934,973.1641088472138,2951900
2024-12-16,984.939208984375,1000.1963624062238,978.491129286244,981.1497148806816,2581300
2024-12-17,974.2354125976562,988.9568405590244,972.925949155,986.0601817270036,2050200
2024-12-18,957.033935546875,977.7272975703628,956.299856133314,974.1560775133966,2725300
2024-12-19,947.1734008789062,966.8549529845582,945.8937267158992,966.72598653236,2610800
2024-12-20,946.4491577148438,954.2562894690136,935.5171630778838,941.8065475372872,5373800
2024-12-23,942.3223876953124,946.637677576712,929.515535401336,946.2607080547242,1856800
2024-12-24,951.1612548828124,951.7167793571608,937.8980550785756,943.145778426394,939000
2024-12-26,948.5026245117188,951.746463455882,946.3797037266464,949.1771855882828,969000
2024-12-27,932.1939697265624,942.8581019436352,924.5554629127156,941.1418794935256,1943400
2024-12-30,914.8436279296876,926.7080555473308,908.1872040146428,923.56339370577,1881200
2024-12-31,908.9512329101562,917.3535489842508,905.2509854377834,916.2722893609032,1742900
2025-01-02,902.542724609375,918.3752630016552,894.7951108277713,907.6912709616528,1765100
2025-01-03,909.2586059570312,916.827664275822,903.7231606432256,907.0265783923252,1612200
2025-01-06,915.3397216796876,920.0021312071952,905.9751228332382,910.6474621716974,1970400
2025-01-07,914.0103759765624,923.8709807464434,909.109832749929,916.4606778636924,1888000
2025-01-08,919.96240234375,923.0674055533652,908.1078437577474,915.6074540021332,1774800
2025-01-10,929.4559936523438,936.737390472426,916.1233461068052,925.9045727151838,2765800
2025-01-13,917.3138427734376,927.5216281759574,913.6433849264222,926.5395456257094,1693800
2025-01-14,909.9034423828124,920.3493611923154,902.6518347336872,916.91697676237,1683800
2025-01-15,916.123291015625,925.418440732526,910.9648153291854,919.8532666742448,1839400
2025-01-16,912.4033203125,919.9922386879958,910.4887438237132,917.3435222312594,1353000
2025-01-17,935.656005859375,936.2611187806298,917.1847432130652,922.5713622884545,2375000
2025-01-21,940.1597290039062,948.9092841162692,935.9635366567728,937.6995580549174,2042400
2025-01-22,937.154052734375,944.3362122582756,931.7376436589276,943.6318617124864,2155000
2025-01-23,934.6342163085938,935.8544325243108,929.0095239158252,934.167999623186,1352400
2025-01-24,932.174072265625,938.4832557013964,926.1029620843924,934.6342432926904,1562400
2025-01-27,957.539794921875,959.2658864962748,919.7738824578432,922.5713641826924,3044700
2025-01-28,951.0123291015624,957.9961338155372,946.4490971512796,954.1471215941182,2166400
2025-01-29,956.3197021484376,960.5258245482828,947.371731964486,950.1493542523438,1713700
2025-01-30,971.1900024414062,978.8681682003228,962.3511386602328,962.549553236077,1788200
2025-01-31,972.052978515625,983.0841500069076,967.9857524672392,968.4420393565211,1873800
2025-02-03,997.7957153320312,1001.5454902160088,961.2003682760296,964.6228227062314,2751000
2025-02-04,1013.6976928710938,1016.1677938556128,991.6651380359468,997.369208865184,2001600
2025-02-05,1034.5498046875,1034.75808852252,1011.8525581472112,1011.8525581472112,2047600
2025-02-06,1042.5950927734375,1054.5091712729,1035.8592898903637,1041.6130101943038,2218000
2025-02-07,1036.6165771484375,1049.427579018972,1028.3737286191108,1039.7845348765954,1632900
2025-02-10,1054.601806640625,1055.6743201625795,1038.7914759078628,1044.7501268212925,2036900
2025-02-11,1051.04638671875,1058.653631561349,1041.8105506630156,1052.6056349086673,1748500
2025-02-12,1057.7796630859375,1059.6467118134592,1043.7569766784868,1046.8852925289962,1662300
2025-02-13,1069.4385986328125,1070.7991521664092,1057.3127849783118,1059.656506039082,1623300
2025-02-14,1064.463134765625,1070.0642802706366,1060.6496327386756,1069.0612311632524,1410700
2025-02-18,1048.7523193359375,1063.6191233658822,1038.0366406349665,1061.8414204915152,2090600
2025-02-19,1055.2174072265625,1055.8530111314349,1045.7431145747266,1048.7820843796735,1349600
2025-02-20,1027.6982421875,1046.3786679319778,1026.725015427664,1046.3786679319778,2000500
2025-02-21,1027.8970947265625,1029.0688948396455,1017.6184462486018,1027.4799455242949,1816300
2025-02-24,1028.463134765625,1031.035251827512,1018.1546637224312,1021.4518518192028,1759700
2025-02-25,1048.3848876953125,1049.735500623624,1030.3102413846902,1033.5577253738848,2083800
2025-02-26,1024.8580322265625,1051.5925536259087,1023.0804506509936,1042.902855246534,1555700
2025-02-27,1014.6687622070312,1035.3452854929817,1011.8086052870163,1026.8740421048242,1629100
2025-02-28,1041.3834228515625,1042.1481357441703,1016.9330979987722,1023.5074709979822,3307100
2025-03-03,1039.6353759765625,1058.653423735059,1033.9647665057578,1044.4916900006554,2422500
2025-03-04,1029.7242431640625,1040.708079631924,1021.6403267013632,1038.5231685390331,2536800
2025-03-05,1040.529296875,1043.7370175202575,1021.4119607119422,1025.960353413734,1898600
2025-03-06,1019.544921875,1038.6821397851922,1012.027084152501,1025.8312542881067,2594600
2025-03-07,957.6643676757812,995.5117146038834,936.2827751447076,988.2918576866914,5510700
2025-03-10,927.970458984375,953.0464478573354,917.6620488288984,948.885320942548,4459900
2025-03-11,924.0774536132812,931.5357076231728,914.8514981170068,924.5839486110596,3204900
2025-03-12,920.69091796875,937.87168052251,916.8872959671094,931.5356443186012,2331600
2025-03-13,884.4821166992188,917.1355227256622,881.3538012822293,915.645860263195,3447200
2025-03-14,897.6905517578125,900.6996993845714,875.4846618925192,885.6640232624206,3186400
2025-03-17,910.2930908203124,917.0263949770824,891.8113577424243,895.4163461423716,2256100
2025-03-18,891.8609619140625,911.236515962324,890.6593395764806,906.7079442077292,2182000
2025-03-19,897.8196411132812,903.88751891829,889.825130578644,896.6378396871504,1908500
2025-03-20,889.2293090820312,901.226015228293,887.9382196363246,895.2872462361541,1891800
2025-03-21,902.9938354492188,903.5003304775188,877.8682027714107,882.6251706179825,3447600
2025-03-24,919.6581420898438,922.250201253306,913.6597887760664,913.6597887760664,2208100
2025-03-25,923.8489379882812,925.8649163202008,916.13246709118,920.2439500057026,1623000
2025-03-26,923.342529296875,932.9458704945316,917.085958537747,927.8909827133408,1644700
2025-03-27,932.280517578125,936.4019417152266,921.6046021970706,923.153848888252,1547000
2025-03-28,923.2531127929688,932.2804946660384,919.6183627810934,931.039109187122,2100500
2025-03-31,939.2620239257812,988.1427867544847,915.6855812934506,916.0033832322802,3102000
2025-04-01,947.8226928710938,951.119759458889,932.2805219739986,935.925212874788,2041500
2025-04-02,958.4290161132812,964.1989731583924,943.4529253369192,944.2871630149756,1719900
2025-04-03,960.415283203125,974.5868987759133,921.6045901708458,924.6633809982216,3096900
2025-04-04,910.1640014648438,957.8729695988654,907.8401616650729,948.4185578765776,5167000
2025-04-07,901.87158203125,931.3569743521414,865.7025892349243,881.6320269602351,4626600
2025-04-08,902.4873046875,936.491328345434,893.3705763826672,925.6267194688238,3545400
2025-04-09,958.538330078125,960.7927056158172,891.4836293408412,901.7424564173042,5084500
2025-04-10,957.6643676757812,986.5637981384364,936.392002522236,959.8392775165664,4209100
2025-04-11,956.7705078125,963.5236932182928,936.66006332544,957.316765907472,2721800
2025-04-14,972.5708618164062,980.3270354874612,958.3495431867728,963.3150848613157,2219900
2025-04-15,970.1874389648438,987.1497473706032,967.5358565148996,978.5593354841932,1788200
2025-04-16,961.0806884765624,971.9055946695654,952.6293259919444,965.4305082733118,2531700
2025-04-17,987.646240234375,993.0288704438776,965.2913618908268,966.572510437668,2711100
2025-04-21,951.1693725585938,990.1190516722868,936.471320969368,986.1565591841604,2841300
2025-04-22,972.4814453125,980.6448272603564,960.1172951627065,963.0667977918316,2230600
2025-04-23,969.1149291992188,988.887690802877,962.3220410625036,987.6661868656691,2109700
2025-04-24,968.7573852539062,971.2600378769866,954.0892150613116,966.8903365691524,2468500
2025-04-25,970.4257202148438,971.5777598350038,956.2441646191623,967.2577021811876,1780900
2025-04-28,971.7962646484376,978.509687080564,962.103577653114,971.756562133964,1616200
2025-04-29,984.8656616210938,986.36526507836,964.367888673241,971.2600637382552,1523100
2025-04-30,987.646240234375,990.8837831083288,969.8199334787836,983.1772527220022,2212400
2025-05-01,992.1549682617188,999.4444103981658,978.2117485102732,983.276576972486,1829900
2025-05-02,1002.6558227539062,1012.3015371622266,998.9864758545272,1002.1884828077426,1547400
2025-05-05,1009.208984375,1012.0828216441436,996.888325072748,1001.8702904032735,1952600
2025-05-06,1004.8435668945312,1010.5414728939916,997.892704232812,1002.805054231516,1381200
2025-05-07,1001.5123291015624,1008.4233767275962,995.8640704672318,1005.5197389234978,1316000
2025-05-08,1002.0692138671876,1011.3071898480956,985.850513968062,1007.8267816234464,1882600
2025-05-09,1002.4470825195312,1005.052411797148,992.4632441732878,998.9865211016988,1176700
2025-05-12,1010.4619750976562,1011.2176699032586,986.6857808533164,1004.137530006645,2069000
2025-05-13,993.4378051757812,1018.0989712257876,982.0717329470748,1008.0455173774424,2917000
2025-05-14,985.9896850585938,994.2631199004368,984.9754359323638,993.1693015919624,2215000
2025-05-15,1004.8136596679688,1008.3239289083896,977.4974577090206,987.093464150095,2470700
2025-05-16,1020.0877075195312,1022.5041586131152,1003.3519598567232,1006.822414308201,2033700
2025-05-19,1028.5501708984375,1029.196556752475,1007.2202874242956,1012.898286430581,1879800
2025-05-20,1031.01611328125,1032.189561375944,1024.244296910224,1024.244296910224,2271200
2025-05-21,1019.5607299804688,1033.651332928507,1018.069065832235,1025.1690521497076,1438900
2025-05-22,1012.4308471679688,1023.0212562396764,1008.4432841213116,1021.9671315061248,1660900
2025-05-23,1002.854736328125,1009.4277210746536,1001.36313285317,1006.3351444363536,1413900
2025-05-27,1012.0927734375,1013.2463141831828,1005.2711876977188,1009.3184126553308,1868200
2025-05-28,1007.4688110351562,1018.8845305865864,1007.2898258954494,1011.3568975169316,1674700
2025-05-29,1003.0933837890624,1011.8441120421384,997.9821413119712,1010.3227080573704,2016700
2025-05-30,1034.3575439453125,1046.5985743929546,996.3912068258352,996.6895154077406,5403800
2025-06-02,1050.93408203125,1054.563674826441,1028.480521036954,1028.480521036954,2148000
2025-06-03,1049.68115234375,1061.1068257398254,1037.4202149543212,1048.2492712122869,1992900
2025-06-04,1045.802978515625,1051.9086236821838,1043.4960184092522,1049.0945086521367,1422100
2025-06-05,1005.15185546875,1045.166657751493,1000.3787362396338,1044.1224867099795,3289400
2025-06-06,1009.2587280273438,1014.9168798517592,1002.9641441296558,1014.9168798517592,1855400
2025-06-09,1000.5476684570312,1007.677515736697,991.3892017033114,1006.7527289090832,1696700
2025-06-10,1001.6317138671876,1005.847970285912,992.1351224967012,1001.2935903497593,2255000
2025-06-11,991.2003784179688,999.8118758453438,987.8193862363474,996.8286688710313,2459800
2025-06-12,997.09716796875,997.634123369645,989.7882745312024,993.4079135273116,1720100
2025-06-13,984.6671142578124,997.9722217646704,983.1356958860864,993.4874577220428,1786000
2025-06-16,978.849853515625,996.2419403879832,975.946215734317,986.7752715696158,2109300
2025-06-17,972.2470092773438,980.5801055924212,970.73555901926,977.497482671164,1668200
2025-06-18,969.44287109375,977.1494892728728,968.617500152644,974.5142987793846,1509600
2025-06-20,974.8026123046876,983.1257547299836,968.4484277120154,978.48191296655,3255700
2025-06-23,998.8572387695312,999.2450702469054,975.767245666822,977.6466806477872,2082900
2025-06-24,996.3116455078124,1000.2097466538472,986.516806047946,1000.2097466538472,2385100
2025-06-25,981.0176391601562,999.3544202983602,980.4806837590764,997.3855231342328,1827700
2025-06-26,977.4078979492188,982.2009241220966,971.0338061724676,982.2009241220966,2262800
2025-06-27,979.6256103515624,987.5808296770198,974.812675954518,976.7418190686816,2129200
2025-06-30,984.3986206054688,986.1885326164344,974.265658686011,979.6453484529212,2127600
2025-07-01,980.44091796875,991.260019896906,969.045045709819,984.4582814291643,2200600
2025-07-02,976.861083984375,980.1824145589328,971.4018247602772,978.3626412530656,1606100
2025-07-03,981.4949951171876,982.141320207644,971.8592342301588,976.9107543051608,1101400
2025-07-07,986.6260986328124,987.332146138302,970.7355687869206,979.4862971711708,1832600
2025-07-08,980.3215942382812,990.2954177883864,978.4222518489756,983.961079966367,1716200
2025-07-09,976.5926513671876,982.8573741665992,966.8375665341524,982.8573741665992,2922600
2025-07-10,964.7393188476562,982.4695298883032,963.6455005310524,981.4751275301168,2897000
2025-07-11,964.8984985351562,973.5000428857294,960.294410564102,967.8418907975972,1942000
2025-07-14,975.4191284179688,975.99589874321,964.1923483578306,965.664044332412,1679300
2025-07-15,962.26318359375,974.7628274400108,961.248873854066,973.7684251676924,1878000
2025-07-16,946.0444946289062,964.1625357763378,944.811445509589,962.5714557082682,2950300
2025-07-17,948.5703125,949.4056371734318,942.2061739195998,945.0401963203284,2280600
2025-07-18,945.626953125,954.88483683279,944.3342421728104,954.5765745234715,2115500
2025-07-21,942.255859375,950.4099705330576,941.3012112986833,946.183760675464,1742400
2025-07-22,936.3392333984376,952.339194789655,935.9812630993111,943.4889891134916,1799900
2025-07-23,935.9215087890624,943.1905872180052,930.7605583933084,937.1048499609136,2401600
2025-07-24,928.5728149414062,937.6219118912688,928.2645526696444,936.0606930654106,2057100
2025-07-25,930.2434692382812,936.020944329158,929.1197897535347,931.0588864294646,1827700
2025-07-28,928.7618408203124,934.9768555055024,925.6792178138594,930.2633980792148,2006300
2025-07-29,929.338623046875,936.5181789700227,922.1888676339752,928.761852682542,2065900
2025-07-30,922.318115234375,932.5007853873082,919.9613865666688,929.7661789785476,1699600
2025-07-31,934.3801879882812,940.6548640483576,919.8221238082704,920.1800940683938,2564400
2025-08-01,948.5004272460938,952.682654810084,935.5353516204702,935.5353516204702,2934500
2025-08-04,951.3383178710938,956.1280171601062,944.6566123026016,948.5799878682698,2389900
2025-08-05,939.6478271484376,947.484610393214,931.731364490949,947.3153448215872,2462300
2025-08-06,964.47265625,966.4542486883591,938.681930423478,939.6478686096772,2753000
2025-08-07,973.3251342773438,977.85592094085,966.8625320598978,970.5668043386936,1893300
2025-08-08,976.8402709960938,984.0298343921304,972.8770859392538,973.026477254272,2189700
2025-08-11,984.5674438476562,985.4039257357372,972.1998740646384,979.01097478902,2290100
2025-08-12,987.06689453125,987.5647845158812,975.9141467199952,984.3284996157788,1588500
2025-08-13,974.7191772460938,982.2373644713756,966.0061027059448,979.807658968505,2352600
2025-08-14,971.2738647460938,984.1193902261032,971.064729067032,976.4618396268552,1808700
2025-08-15,967.9379272460938,975.8643575814822,963.1382605614132,975.008001405327,1638300
2025-08-18,975.217041015625,977.1389497468276,965.9065230682172,969.1925846509738,2078500
2025-08-19,976.7108154296876,984.3584595233448,972.667950950104,974.49024541772,1673400
2025-08-20,990.3729248046876,995.0829447697053,974.8686228657992,974.8686228657992,2229600
2025-08-21,965.587890625,985.1450233486509,963.4370326840424,984.726812789106,2145600
2025-08-22,954.494873046875,969.3917626924748,949.0877953156136,967.4400121480584,3136000
2025-08-25,937.6065063476562,954.2559180096036,936.5907913454862,950.9300469978306,2284300
2025-08-26,937.3675537109376,940.0660785607968,929.3116669254806,937.3675537109376,4341300
2025-08-27,945.5130615234376,947.9825765176382,933.2649186879556,936.5211387935202,1893600
2025-08-28,940.9722900390624,946.9867793550346,940.1457756219008,946.2797536755844,2067900
2025-08-29,939.339111328125,944.6067651683584,936.4911953741652,941.0120142824284,1609000
2025-09-02,934.858154296875,940.524144730418,932.6276168990628,934.6987954669822,1793900
2025-09-03,945.7719116210938,946.080600974992,932.5479246903644,935.0373745694096,1670500
2025-09-04,951.8660888671876,955.4508724151366,947.0962639571632,949.3766389651156,1471900
2025-09-05,959.4140625,965.4584541888652,952.184690220112,954.6642333894176,1928500
2025-09-08,967.748779296875,968.2367625553978,954.5447874053142,959.6630504704508,1737000
2025-09-09,975.1175537109376,975.7349324415828,959.0456501103828,965.906588817574,1496800
2025-09-10,952.2543334960938,976.8600765707878,949.93421010161,972.2695458434508,2277500
2025-09-11,960.2505493164062,961.0869704569365,950.2529402834537,953.7580444540328,1532000
2025-09-12,963.8154907226562,965.4784263125432,955.9488043756132,956.2375586970036,1461600
2025-09-15,956.0482788085938,965.6476118433684,955.659970829974,963.7357314108368,2199400
2025-09-16,948.05224609375,955.5305634146548,946.7875860793374,955.0525476989036,2012600
2025-09-17,958.966064453125,959.9120068526374,949.4662841387208,949.4662841387208,1556800
2025-09-18,948.3409423828124,958.477974593418,946.6580719004698,953.3298094662252,1860900
2025-09-19,947.1460571289062,953.3995845639652,939.8071635532798,950.9698789865504,4606000
2025-09-22,939.2794799804688,945.9910276522396,935.64485856319,943.3820888381848,2794300
2025-09-23,939.6179809570312,941.002129739628,929.560627297308,938.7815597949124,3258500
2025-09-24,941.2809448242188,949.635492520608,939.1300260692612,940.295132385524,2149800
2025-09-25,939.3292236328124,948.978334204993,931.6716730484704,948.4306673638548,2991500
2025-09-26,912.0846557617188,923.715358264053,901.2306300146812,921.644118953954,4812900
2025-09-29,913.0008544921876,913.3493532005256,899.4781443227254,912.4731226671962,4107000
2025-09-30,921.7238159179688,926.5832270201984,909.5155437954654,912.3833949632594,3096700
2025-10-01,913.4688110351562,920.1006787960292,907.324804950434,919.1048988406222,2642100
2025-10-02,912.9012451171876,914.6338925834134,906.169762629138,908.7089894599033,2063800
2025-10-03,911.51708984375,914.2255822365788,907.3547367892018,911.7262255210618,2319200
2025-10-06,907.0958251953124,911.9154270820036,900.4340546408501,911.6365795119692,2504000
2025-10-07,910.9395141601562,913.7675560473934,900.065613788979,904.8951223841872,2601800
2025-10-08,910.9395141601562,912.512863547337,907.1157530698372,908.6890416794312,2376900
2025-10-09,938.9110107421876,939.7873019968866,923.366899661988,928.3756414147282,3742900
2025-10-10,926.0853881835938,941.4602341576804,925.0796406367434,940.4345515615572,3142500
2025-10-13,931.6119384765624,932.030149060682,919.10494405252,925.0796240788636,2169600
2025-10-14,942.5157470703124,943.4218801373512,932.0003125949146,936.292122007279,1925900
2025-10-15,950.9598999023438,959.9318871194404,941.2709802830466,942.0078477333926,2009800
2025-10-16,921.7138061523438,953.8576111942444,917.272605822159,951.507524388348,2721400
2025-10-17,932.3787231445312,934.8582056699177,924.2332498742402,925.6572080095298,2502200
2025-10-20,932.1596069335938,935.8340375872456,927.5690756920447,932.2392863518072,1523700
2025-10-21,933.543701171875,939.3889246039392,931.0542513020832,932.1595524576504,1448200
2025-10-22,940.6934204101562,948.9783171035734,928.5648275960988,936.0331774159066,2372400
2025-10-23,938.0745239257812,941.4800744611572,930.546429660558,941.4800744611572,1974800
2025-10-24,928.2063598632812,939.020515797939,926.2247674387684,936.033175874934,1639400
2025-10-27,925.9259643554688,929.261863662298,921.2159446298136,926.2844913292691,1967600
2025-10-28,920.260009765625,926.7923240756604,916.316759898813,922.9585954212404,2090800
2025-10-29,908.5695190429688,915.9980593015108,905.462690481413,915.121768089012,2449600
2025-10-30,916.2968139648438,919.1049207994917,906.5282148000176,908.8384316450666,2677100
2025-10-31,908.8876953125,917.4136469236964,907.1226517545758,913.6343234847548,2456300
2025-11-03,925.4310302734376,926.5778216871088,905.8263261302336,909.8350444016507,3206600
2025-11-04,938.0953369140624,938.5241207738376,926.3584058254816,930.5865372597932,2554500
2025-11-05,932.4014282226562,942.6226129331292,924.8327388131736,937.3574271067812,2974800
2025-11-06,920.983642578125,922.399633622534,905.7465686049584,921.761418187689,3247700
2025-11-07,920.1459350585938,934.365856335012,918.2014048284054,926.9168856062788,2584000
2025-11-10,912.9861450195312,919.408043113129,906.5143996603014,916.4164768123272,2612700
2025-11-11,911.2908935546876,916.3067821656678,910.433325839686,913.9234864535292,1663400
2025-11-12,911.4305419921876,915.5189916316248,909.1070751004509,912.8963802795636,1829700
2025-11-13,922.4793701171876,924.1446582594108,909.1568823886912,913.7738710913252,2430600
2025-11-14,920.38525390625,926.2786735081614,912.5274016794156,924.5236115682592,1739100
2025-11-17,910.0244750976562,922.2998657298692,906.2550725450168,919.4279573650684,2481900
2025-11-18,892.563720703125,916.3266847222724,891.6562448597587,910.0245054011992,2984700
2025-11-19,888.0963134765625,892.4839685051458,871.5130590027385,892.4839685051458,3462300
2025-11-20,890.7787475585938,902.0270662643331,888.4952071525561,890.9881791142635,2648300
2025-11-21,896.482666015625,902.7749245805268,889.6220025607739,892.0052982755861,2870100
2025-11-24,883.62890625,898.8260533364739,878.842412336212,896.4727024512009,3661200
2025-11-25,891.8157958984375,893.2018419487803,882.6416475953456,884.1673146723202,2534700
2025-11-26,905.7066650390624,909.436141230939,893.102184614745,893.5010844607134,1936200
2025-11-28,911.021728515625,911.629999066982,900.4614725065887,902.4758133278528,1092600
2025-12-01,909.396240234375,915.997624642562,903.662405137046,910.6327444998018,2149400
2025-12-02,919.43798828125,920.405232170967,902.4558343604824,909.3962900914224,2160600
2025-12-03,919.6672973632812,923.715881214339,913.4448493620074,918.2213615171383,1886800
2025-12-04,893.3414916992188,905.4075119941882,885.5833949363982,904.4801337678624,3787800
2025-12-05,892.1648559570312,903.3433641615107,890.4895860998004,894.7276384412609,2359800
2025-12-08,885.0250244140625,891.4867883702008,880.4180170211012,890.9881939695463,2407900
2025-12-09,885.9423828125,886.520769334084,879.0318720214691,884.356825906914,1899500
2025-12-10,871.9517822265625,887.0791792838055,868.6411691588339,885.3241173574713,3318300
2025-12-11,881.9935302734375,883.5092767256536,870.0970751940674,873.3977676872468,3041600
2025-12-12,881.9835205078125,886.1218782408607,864.6823197266883,880.8168266909345,4808900
2025-12-15,858.1407470703125,884.9950327667835,849.0065249130051,879.6301524301697,4771400
2025-12-16,857.9712524414062,861.1622686484181,841.6871429370814,855.0295334245739,3843300
2025-12-17,860.2249145507812,866.1382366378879,855.8172963770616,856.0865568206051,2363700
2025-12-18,855.1791381835938,860.7235052722544,850.1134022249098,857.8814807790878,2467500
2025-12-19,853.2146606445312,856.0367219389246,846.9323834916858,854.1620021599891,10097600
2025-12-22,847.6104125976562,853.0949505615234,844.9279725044221,851.5991674804687,2373300
