Date,close,high,low,open,volume
2019-08-19,41.88407897949219,42.94688357726006,41.594226205272456,42.89857293284086,22398591
2019-08-20,40.48310470581055,41.545905344806236,40.24155893797376,41.44928777715771,20525588
2019-08-21,39.420310974121094,40.96620726209381,39.32369338048078,40.386498002820005,17105978
2019-08-22,39.565242767333984,40.14495207868148,39.178768660624904,39.51693211745825,13672704
2019-08-23,38.5024299621582,39.1304460337264,37.48793620474152,39.08213909606868,25801529
2019-08-26,38.888912200927734,39.13045433532216,38.26088860126096,38.937219148833854,11634356
2019-08-27,38.30919647216797,39.17876214325343,38.21257888592106,39.08214455700652,13255982
2019-08-28,38.357505798339844,38.59905160438789,37.487940157080594,38.26088451797542,11576392
2019-08-29,39.17875671386719,39.61354133787335,38.647354517003365,38.84059336014981,11785596
2019-08-30,39.85508346557617,39.903390398861575,39.17875312270341,39.3236813174212,9494847
2019-09-03,40.2415657043457,40.53141845602825,39.03383296465798,39.13045054855217,13572847
2019-09-04,42.5120964050293,42.850259804062304,40.579729899204544,40.628036843391186,18790362
2019-09-05,42.56039810180664,44.589385464439374,42.512087470341726,43.42996358615912,17433537
2019-09-06,42.077308654785156,42.60871083741804,41.400978268031395,42.60871083741804,8596517
2019-09-09,43.285030364990234,43.71981490541534,42.17391924714442,42.27053680142875,10023906
2019-09-10,44.15460968017578,44.782629527323834,42.995187570649016,43.04349821174948,12563304
2019-09-11,45.21739959716797,45.21739959716797,43.768125083023115,44.20290965572499,11455328
2019-09-12,44.734317779541016,45.990357442763944,44.54108261478279,45.41064825105778,13666384
2019-09-13,45.16957092285156,45.70154765961202,44.20234318432617,45.02448602178701,9146903
2019-09-16,45.3630256652832,45.55646976215586,44.34743490312855,44.97613377010861,9178805
2019-09-17,45.26628875732422,45.41137364493008,44.73431577134056,44.97612268354087,7614962
2019-09-18,45.3630256652832,45.41138483878673,44.39579407663208,45.02449294361213,8079777
2019-09-19,45.55646514892578,45.943357004922156,45.16957329292941,45.21793616296479,6808664
2019-09-20,45.31465148925781,46.136797949503396,45.169566602071626,45.74990615081636,11542705
2019-09-23,45.16957092285156,45.41137785748291,44.49251298645527,44.589235020022066,6723554
2019-09-24,43.38019943237305,45.217932837116024,43.331836565894825,45.02448507263177,10702559
2019-09-25,44.29905700683594,44.492504739541715,43.235107431952244,43.33182944759112,8799802
2019-09-26,43.622013092041016,44.54087808546342,43.33184325126068,44.39579316507324,7469661
2019-09-27,43.718727111816406,44.34742585045978,43.47692018937115,43.718727111816406,6121624
2019-09-30,43.23511505126953,44.008895014171685,43.23511505126953,43.9121729814875,7040620
2019-10-01,41.639183044433594,43.71872312826554,41.15556924360887,43.331831347320126,13799506
2019-10-02,41.155574798583984,41.687547830437346,40.67195723105478,41.39738173163425,9534413
2019-10-03,42.122798919677734,42.122798919677734,39.89817384575673,41.107208407359806,11762643
2019-10-04,41.44573974609375,42.074438494845964,41.30065485000807,41.639187508017514,10487838
2019-10-07,41.39738464355469,41.83263567308954,41.01049278317429,41.349021772971284,6454560
2019-10-08,40.04325866699219,41.10720833915184,39.994895804036965,41.010486314669755,9129448
2019-10-09,40.38178634643555,40.47850836790698,39.8498096762003,40.18833860206444,6589067
2019-10-10,40.86540985107422,41.20393885725879,40.18834813727595,40.33343305462052,6128666
2019-10-11,42.55805587768555,43.138395510167186,41.494106053850686,41.54246892370045,11202546
2019-10-14,42.17115783691406,42.79985654559019,41.78426603915734,42.75149738426332,6832219
2019-10-15,42.993309020996094,43.1383939237811,41.639189430717266,42.267888208499805,7791583
2019-10-16,43.041664123535156,43.86381059454479,42.75149804679211,42.848220072373124,11605123
2019-10-17,43.718727111816406,43.96053403426166,42.944943479420175,43.13839123823349,6552993
2019-10-18,43.33182144165039,44.0088791274581,43.28345859205241,43.57362828678562,7827417
2019-10-21,42.50968933105469,44.10561564052389,42.36460444811599,43.47691694874169,12155530
2019-10-22,43.81544876098633,43.81544876098633,41.63918647782945,42.4129664020948,11459381
2019-10-23,44.20234680175781,44.250709673213485,43.186756112620756,43.428563067041104,9547274
2019-10-24,43.283470153808594,44.25070149414091,42.944941220477865,44.10561660801965,6848069
2019-10-25,43.5252799987793,43.96053094805296,43.138388209742565,43.138388209742565,8458780
2019-10-28,43.86380386352539,44.10561074108621,43.47691211914251,43.62199698596457,6371196
2019-10-29,43.86380386352539,44.20233275182497,43.1867423854984,43.57363412988127,9180931
2019-10-30,48.89338684082031,50.15078402563993,46.95893191120715,47.29746078360392,43326155
2019-10-31,48.26470184326172,49.37701448138297,47.68436594119849,48.603234512441574,17381933
2019-11-01,50.19915008544922,50.24750924092144,48.651583081780295,48.74830879558053,16462897
2019-11-04,52.85903549194336,52.95576122350881,50.39260336559598,50.39260336559598,19618249
2019-11-05,53.05247497558594,53.05247497558594,51.84344053395568,52.810668087259884,14321783
2019-11-06,53.29428482055664,53.68117660362779,52.18197233226266,52.85903017656602,15650118
2019-11-07,54.60004425048828,54.745129139526625,53.632816592137196,53.681179455626115,14261713
2019-11-08,55.712364196777344,55.85744910508374,53.874630661563764,54.30988538648295,12535897
2019-11-11,54.890220642089844,55.6156414732565,54.35824388532942,55.13202758581206,9144135
2019-11-12,55.22874069213867,56.002524267495055,54.600041999840144,54.745126882898,9819738
2019-11-13,54.60004425048828,54.93857689205388,54.06807125925223,54.60004425048828,10830626
2019-11-14,54.60004425048828,54.89021402856497,54.06807125925223,54.06807125925223,6177722
2019-11-15,55.712364196777344,55.85744910508374,54.793499279885005,54.84185844836787,7671582
2019-11-18,55.32546615600586,55.61563594017569,54.793493153599144,55.180384965349425,10226930
2019-11-19,55.61564254760742,55.85744949600073,54.454970675891126,55.27711356014258,9396375
2019-11-20,55.08366394042969,55.567281522489345,54.45496885675259,55.32547088074512,9367744
2019-11-21,55.760719299316406,56.19597026217698,54.69676592089566,54.79349164724545,8364300
2019-11-22,55.85743713378906,56.6795835375143,55.567271080793184,55.567271080793184,7720858
2019-11-25,56.00252914428711,57.259926638380406,55.95416998000879,56.38942096565648,11378143
2019-11-26,54.890220642089844,56.437784341626276,54.69677286625476,56.19597739790406,12879647
2019-11-27,54.60004425048828,55.47054988328994,54.45496306287834,55.08365807966383,9128706
2019-11-29,54.50332260131836,54.938577271439094,54.26151568506076,54.55168546514125,4562336
2019-12-02,53.971343994140625,55.712355210126724,53.874621971347686,54.69676471723012,13785963
2019-12-03,53.14920425415039,53.72954012515765,52.27869859692526,53.197567118996204,12850515
2019-12-04,52.71394729614258,54.06807043900527,52.56886611073361,54.01970757625005,8777551
2019-12-05,52.18198013305664,53.004122981594065,52.03689523003739,52.66559400883498,9484775
2019-12-06,53.68118667602539,53.72954584459046,52.47214823903616,52.713955186148226,10151591
2019-12-09,53.14920425415039,53.82626215342077,53.05248222588727,53.10084138930458,5356135
2019-12-10,53.245914459228516,53.342636466014646,52.81066357797709,53.149192452442385,4971956
2019-12-11,53.05247497558594,53.632810767282855,52.95575296054111,53.05247497558594,7365872
2019-12-12,55.32546615600586,55.95416858884998,54.3582384773444,54.89021518117959,20039606
2019-12-13,54.84185028076172,56.0992476969142,54.79349111948098,55.61563387553684,10560930
2019-12-16,54.01970672607422,54.93857519396359,53.826258979526216,54.55168340229587,11137921
2019-12-17,53.68118667602539,54.30988547880254,53.584460936037445,53.92299362313745,8376439
2019-12-18,53.00411605834961,53.87462166133345,52.810672013876875,53.29428582648698,15133639
2019-12-19,53.391014099121094,53.922990835841155,53.10084429701403,53.10084429701403,9090163
2019-12-20,53.391014099121094,53.92347315008377,52.76174532201555,53.633040266870566,14775102
2019-12-23,54.0202751159668,54.06868182447668,53.24579371329703,53.24579371329703,8834673
2019-12-24,54.16550064086914,54.21390735751525,53.68144829354683,53.729855010192935,4167022
2019-12-26,54.35911178588867,54.35911178588867,53.87505584078846,54.1170856657305,6092672
2019-12-27,54.11709213256836,54.26230485818868,53.87506227870445,54.06868542083871,6013441
2019-12-30,53.63304138183594,54.02028399924231,53.391015209055034,53.58463837015056,9659851
2019-12-31,54.0202751159668,54.0202751159668,53.052170584041555,53.24579371329703,11367670
2020-01-02,57.74748229980469,57.89269872500655,54.35911633408747,54.35911633408747,17540015
2020-01-03,57.941104888916016,58.086321312749234,55.81127265052517,56.0048957838975,17231837
2020-01-06,58.76399612426758,59.10283199460223,57.31183921873253,57.31183921873253,22461009
2020-01-07,58.32834243774414,59.24804020166923,57.6990737917399,58.812394672396046,14160793
2020-01-08,57.795894622802734,58.328353665326006,57.45705873428089,58.03792078671612,11115771
2020-01-09,57.65068054199219,58.521975508682054,57.26343792293173,58.425165780113105,7900488
2020-01-10,56.48895263671875,57.65068049291109,56.10171372277265,57.31184459081592,11767739
2020-01-13,58.667179107666016,58.81239552111396,56.53734702159188,56.827779848487765,13274420
2020-01-14,58.23154067993164,59.00602213821521,58.037917536772504,58.86080570704194,9034667
2020-01-15,57.45705795288086,58.183136434746565,57.26343480151265,58.183136434746565,9239517
2020-01-16,57.31183624267578,57.989507948155314,57.21502652829072,57.7958885193852,7358067
2020-01-17,57.16663360595703,57.747495737141826,56.92460740923128,57.360253081423615,9345794
2020-01-21,56.44054412841797,57.11821957139773,56.19851797837898,56.82778670943721,8775485
2020-01-22,55.03679275512695,56.682572873613104,54.93998303163588,56.682572873613104,12428998
2020-01-23,56.972999572753906,57.36024215470516,56.150111401597705,56.779380134170445,14679157
2020-01-24,56.68257141113281,57.553866309640945,56.246922109486555,57.50545959675212,11912960
2020-01-27,55.3756217956543,56.101703894059305,55.08519266107633,55.42402850380931,9602991
2020-01-28,56.77937316894531,57.21502240949273,55.52083585818681,55.762861979118526,12625782
2020-01-29,62.63642120361328,62.92685408035804,60.45818574238107,60.84542463832808,44278356
2020-01-30,61.61990737915039,62.87844485507507,60.506586335799234,62.394392549686245,19154638
2020-01-31,60.26456069946289,61.66831461998871,59.732101677059234,61.37788175235319,15646447
2020-02-03,59.34486389160156,61.37788288832376,59.29645717783827,60.3129685285916,10105766
2020-02-04,60.893829345703125,61.087448787295095,59.97412773618032,60.45818374972901,8905297
2020-02-05,62.249176025390625,62.249176025390625,60.845418497721646,61.76512004473947,10046658
2020-02-06,62.684837341308594,62.92686354005114,62.10397150049845,62.63643061964606,12763278
2020-02-07,62.10395812988281,63.36249557430236,62.00714841218537,63.02365600518491,13369743
2020-02-10,62.491207122802734,62.78163258371732,61.81353165993618,62.152367538977245,6720424
2020-02-11,62.20077133178711,62.83003634698111,61.86193176387126,62.684823623342034,8202487
2020-02-12,63.70134735107422,64.18539973710895,62.345996224435,62.68483585848729,13184414
2020-02-13,62.63642120361328,63.70133928182108,62.44280175563978,63.314092976305055,10234936
2020-02-14,62.10395812988281,63.26568956138919,61.71671925909305,62.781629858549174,7416954
2020-02-18,61.71672821044922,62.68483293740549,61.32948557870975,61.52310504218708,8820688
2020-02-19,61.03904342651367,62.63641672482131,60.942233709449255,61.474689005695645,11010597
2020-02-20,60.65179443359375,61.37787279189918,60.07093248790618,61.23265637928132,7937566
2020-02-21,59.29644775390625,60.31295894310636,59.15123134047997,60.264552237036305,8611565
2020-02-24,57.40864181518555,58.37674629875832,56.150104504627386,56.585753745105464,14240786
2020-02-25,54.79476547241211,58.08632564200942,54.1170937170614,57.94110920735301,16269102
2020-02-26,53.00377655029297,55.859683920872,52.27769432368806,55.036795670432674,18682881
2020-02-27,50.293067932128906,53.003765712704634,49.90582909683059,51.40638884557139,18910102
2020-02-28,52.66493606567383,54.16549980102028,47.727599235713065,48.16324485963449,30359552
2020-03-02,54.26231002807617,54.89157881659413,52.08407447882649,54.26231002807617,25039892
2020-03-03,52.66493606567383,55.08520146954329,51.64842467014435,54.45593268682431,21919391
2020-03-04,53.00377655029297,53.826664800732296,51.7936419758079,53.53623191009033,16665500
2020-03-05,48.79252243041992,51.93886296702092,48.16324987735771,51.30959411874372,21686251
2020-03-06,45.546142578125,47.290462995303635,44.48016692959154,47.19355712956343,29787216
2020-03-09,39.78018951416016,41.96059167126914,39.29565652557224,40.36163206723634,24558063
2020-03-10,42.88121032714844,42.88121032714844,39.53792989911287,42.5420379178166,19850767
2020-03-11,39.78018951416016,41.96059167126914,39.5379230198662,41.76677625075596,20746329
2020-03-12,35.03176498413086,37.69670037388857,33.09363285228066,35.03176498413086,31583435
2020-03-13,38.03587341308594,38.95648841671469,34.837953856840805,37.79360689241475,22099041
2020-03-16,32.26993179321289,34.64414249177663,32.22147699999151,33.86889175948391,23255932
2020-03-17,34.30496597290039,35.51630228277521,30.52560566057324,33.48126054563362,24121739
2020-03-18,31.979202270507812,32.948268219334025,28.587469595384437,31.543120368458062,27873844
2020-03-19,31.39775848388672,33.481250686485254,29.798797324941972,31.01012956965476,19861762
2020-03-20,31.591575622558594,34.15960116711234,31.252403277080923,33.965789457828905,25306037
2020-03-23,29.6049861907959,32.1245604304712,29.217359099425625,31.252400402003826,21193467
2020-03-24,33.965782165527344,34.20804860434977,31.349302401167584,32.269917093770324,23974833
2020-03-25,36.6307258605957,38.7626695719433,33.72352415931458,36.09773807852709,27665082
2020-03-26,39.34412384033203,40.216284239297345,36.38847018507862,36.969909214900646,24714600
2020-03-27,36.92144775390625,38.13278039261649,36.5338205678262,37.212169070582256,18719196
2020-03-30,38.22968673706055,38.47195324431197,35.613206233667086,36.533817477837054,17425331
2020-03-31,38.471954345703125,39.634832130415866,37.89051545334676,38.13277825907022,24307107
2020-04-01,34.11115646362305,36.58227661496906,33.91734100968501,36.436915951631526,19974760
2020-04-02,33.43280792236328,35.807022199894796,32.802914187162514,34.01425057544952,19561750
2020-04-03,32.609092712402344,34.1595973382685,31.88229332135919,34.062691494488654,19622924
2020-04-06,35.03176498413086,35.3709410739756,33.62662067192495,34.256514356469,19672140
2020-04-07,34.06269454956055,37.55133490623301,33.91733391662199,37.26061364035589,19278732
2020-04-08,35.37094497680664,35.758568479176105,34.20806334430591,34.78950230632422,18589124
2020-04-09,34.59568405151367,36.533816032868955,34.35341755384427,36.09773782044938,25701070
2020-04-13,34.01424789428711,34.54723200631853,32.754460523187916,34.54723200631853,18874790
2020-04-14,33.57815933227539,35.08021292471051,33.1420811710977,34.401868294331216,21481602
2020-04-15,31.494674682617188,32.60910145605998,30.767873242461324,32.60910145605998,27732155
2020-04-16,30.234886169433594,31.6884852893169,30.041072582602776,31.39776769041849,33241115
2020-04-17,33.14208221435547,33.626615168010964,30.719413737614897,31.34930731905966,33287181
2020-04-20,31.543123245239254,32.70600471496524,31.30085673593763,32.027659972306104,20001786
2020-04-21,31.39775848388672,31.882291381771836,30.525596671769645,30.961676650712516,15539929
2020-04-22,31.155498504638672,32.173019284879004,31.010136009163556,31.93074907716439,15398901
2020-04-23,31.591575622558594,32.65754744054412,31.1554974224392,31.300854350170127,16611930
2020-04-24,30.331789016723633,31.979203413697785,30.283336088396556,31.930748631139014,31222349
2020-04-27,31.155498504638672,31.34931022065424,30.67096365190459,30.913230151155773,21475783
2020-04-28,32.948272705078125,33.52971161184123,31.83384597051165,31.83384597051165,28223273
2020-04-29,31.882293701171875,33.432798345509134,31.591572457906103,32.3668266343062,45188986
2020-04-30,32.948272705078125,33.04517857146135,31.058593476750215,31.785394891551913,35254082
2020-05-01,31.494674682617188,32.657552536709915,31.058594560216445,32.31838013830486,24151935
2020-05-04,30.089521408081055,30.574054381896133,29.798801994638332,30.52560145536095,27457604
2020-05-05,30.041072845458984,31.300858389534465,29.84725925693232,30.428700022512313,23474184
2020-05-06,28.975095748901367,30.2833359323828,28.926642820823908,30.04106943776383,23525367
2020-05-07,29.6049861907959,30.331785596441552,29.36271972224735,29.36271972224735,20196745
2020-05-08,30.477149963378903,30.670963532874023,29.847256326077694,30.089522824388663,18787072
2020-05-11,29.99261474609375,30.283334151695612,29.701895340491888,30.23488122646723,14414337
2020-05-12,29.072010040283203,30.428703458955116,29.072010040283203,30.13798397044888,19191335
2020-05-13,28.054479598999023,29.16890609281532,26.55242601492537,29.072000247366717,47299141
2020-05-14,27.618406295776367,28.58747425685016,26.552432465711156,27.23077911134685,28130338
2020-05-15,26.60088348388672,27.424590727901823,26.552430552881543,27.182324218644172,25779038
2020-05-18,30.3802433013916,31.446215124044233,27.81221589136269,27.81221589136269,51073738
2020-05-19,30.089521408081055,30.864775649570475,29.50808072696399,30.477148528825765,21766084
2020-05-20,31.1070499420166,31.34931648971489,30.477156176308217,30.670969785313265,18315596
2020-05-21,31.39775848388672,31.73693077071377,30.670957282827715,31.107037261770586,19827132
2020-05-22,31.0585880279541,31.397762209255767,30.38024151958233,31.397762209255767,13961540
2020-05-26,32.948272705078125,33.62662118668821,32.89982162611839,32.89982162611839,25984590
2020-05-27,35.322479248046875,36.00082758408788,34.353413375242255,35.128667556871136,29644242
2020-05-28,32.85136413574219,36.291549922772376,32.65754871045878,36.291549922772376,27831269
2020-05-29,31.833839416503903,32.560638827438964,31.203945852000924,31.78538834751936,25942336
2020-06-01,32.75446319580078,33.045180814685395,31.446220931195977,31.882302922218912,15083601
2020-06-02,34.15959930419922,34.78949288771375,33.23898817261397,33.43279987132778,22787385
2020-06-03,35.66165542602539,35.95237670275364,34.789495304304,34.983310724943955,24642090
2020-06-04,37.50288391113281,37.5513349832362,34.74104300502645,35.41938768217977,25118482
2020-06-05,38.18123245239258,41.47606144432985,37.93896594196751,40.94307363800926,33669153
2020-06-08,40.99152755737305,41.52451540065107,39.29566186680605,39.82864971008408,31792699
2020-06-09,38.859580993652344,39.780192251943056,38.27813840055967,39.68328638924881,23603936
2020-06-10,36.872989654541016,38.66576087687948,36.436907762536634,38.61730980563222,23465356
2020-06-11,33.67506408691406,35.6131994861783,33.14208009702139,34.20805178526958,24979842
2020-06-12,35.12866973876953,36.00082982015755,34.30496072895334,35.56474792523194,20261430
2020-06-15,35.08021545410156,35.61320320816033,33.19053463299951,33.67506760633902,20497800
2020-06-16,36.19464492797851,37.50288702735042,35.32248476455176,37.454432242757555,19694772
2020-06-17,35.08021545410156,36.485363301864105,34.886403748151054,36.3400026681696,15090141
2020-06-18,35.274024963378906,35.46784036572289,34.01424153622653,34.54722554863072,15729550
2020-06-19,34.644134521484375,36.09773719060119,34.35341695443169,35.95237655284317,17792356
2020-06-22,34.11115646362305,34.78950128124619,33.72352926421097,34.74105019910968,15707761
2020-06-23,33.91733169555664,34.54722525806653,33.771974780599955,34.35341356581563,16168082
2020-06-24,31.640033721923828,33.432805200409426,31.591578935290286,33.432805200409426,29025298
2020-06-25,32.36682891845703,32.463734770230026,31.1070417200185,31.494668835573677,14836396
2020-06-26,31.44483184814453,32.26977198006546,31.299253303917872,32.1241934358388,17938840
2020-06-29,32.99766159057617,32.99766159057617,31.541883549734223,31.88156434979281,15103383
2020-06-30,33.14324951171875,33.33735553381233,32.318309131386286,32.56093887348547,13947676
2020-07-01,32.70650863647461,34.01671201028347,32.56093378518309,33.628503740785405,24202957
2020-07-02,33.09471130371094,34.16228479261792,33.046187599502225,33.28881726261335,14877567
2020-07-06,33.968177795410156,34.35638598732611,33.43439478129533,33.87112667593677,15133900
2020-07-07,32.80356979370117,33.43440788861988,32.75504235792902,33.43440788861988,12526487
2020-07-08,33.288822174072266,33.33734959946327,32.609456788713494,33.0947161865313,12928884
2020-07-09,31.930095672607425,33.14324418824727,31.930095672607425,33.14324418824727,14997186
2020-07-10,32.4638786315918,32.60945719555803,31.687465813810405,31.73598952578374,12725057
2020-07-13,32.51240158081055,33.09471204247144,32.2212482069914,32.80355866865229,13742084
2020-07-14,33.3858757019043,33.434403130770804,31.88156997532254,32.318305693051116,13946091
2020-07-15,34.647552490234375,34.9872333578577,34.11376561680957,34.404922768500086,18022606
2020-07-16,34.21080780029297,34.841645654342514,33.91965443890103,34.25933521753618,10502384
2020-07-17,34.307865142822266,34.696069653057506,33.87112949777355,34.2593377220315,12029771
2020-07-20,33.33734893798828,34.25934028993887,33.28882151356015,34.01671059584419,9844356
2020-07-21,34.16229248046875,34.69607563102179,33.48292704246031,33.67703304504416,14019625
2020-07-22,34.259342193603516,34.404920760954184,33.48292564374876,33.91966134580076,13143364
2020-07-23,34.16229248046875,34.550500771613095,33.82261161847621,34.259343624749,13769391
2020-07-24,33.288822174072266,34.501970668616785,33.0947161865313,34.06523869618999,13131567
2020-07-27,32.56093215942383,33.24029381160772,32.46387731137787,33.1917701016077,14185812
2020-07-28,33.43440246582031,33.774083319060225,32.46387990595544,32.51240733385682,15255125
2020-07-29,31.978618621826172,33.96818362561481,31.638937788356245,33.919659914560846,29782982
2020-07-30,30.37726593017578,31.59041457875506,30.37726593017578,31.541890861226012,25586567
2020-07-31,29.45527076721191,30.522842626254217,29.11558990938716,30.32873848306365,28609840
2020-08-03,29.64937210083008,30.037580350424623,29.21263828428908,29.794950658680904,18011050
2020-08-04,29.794950485229492,30.086105742224703,29.60084636156219,29.60084636156219,14253587
2020-08-05,31.056623458862305,31.056623458862305,29.794949482982453,29.940526178077395,21286984
2020-08-06,30.716941833496097,31.15367562124259,30.474312157749303,30.716941833496097,14027650
2020-08-07,31.056623458862305,31.347778706063593,30.328734412353384,30.522838529491377,16665861
2020-08-10,32.3668327331543,32.512411320686745,30.959579862717444,31.20221146094214,18929062
2020-08-11,32.65797424316406,33.968173474445216,32.463868314886376,33.33733942110305,18687596
2020-08-12,32.60945129394531,33.38586768523507,31.93008973708361,33.337343982043485,14073295
2020-08-13,32.02714538574219,32.80356188680789,31.97861796166697,31.97861796166697,10719714
2020-08-14,32.318302154541016,32.60945555379187,31.39630710518934,31.73598792799346,10111524
2020-08-17,31.39630889892578,32.46387885188391,31.29925776029743,32.36682771325556,11843460
2020-08-18,31.250732421875,31.88157043614112,31.1051557042063,31.493362141667863,8564375
2020-08-19,30.959575653076172,31.881568915721896,30.81399708533836,31.396309499278,10907008
2020-08-20,30.42578887939453,30.959573834729746,30.134631761019417,30.716944140758148,12793394
2020-08-21,30.619892120361328,30.959574816904706,30.231685711898045,30.328736849760976,12008403
2020-08-24,32.172733306884766,32.22126074508249,30.571374271660567,30.814004034601076,20622516
2020-08-25,31.978618621826172,32.51240544158109,31.4448355160943,32.26977574424213,13934033
2020-08-26,31.44483184814453,32.1241934358388,31.25072588450145,32.1241934358388,11497281
2020-08-27,31.44483184814453,32.17272085525522,31.299253303917872,31.63893409776501,14724301
2020-08-28,32.075679779052734,32.12420349964797,31.39631426450553,31.590416574934004,11870004
2020-08-31,30.765466690063477,32.463874381251166,30.37725847498748,31.59040682583583,28464920
2020-09-01,30.037578582763672,31.05662285671598,29.843474469389097,30.42578680951282,18695642
2020-09-02,31.250732421875,31.29925985144293,29.940530820786527,30.086109395466924,16816680
2020-09-03,30.66842460632324,32.26978359832844,30.47432228681907,31.008107379479487,18884902
2020-09-04,31.15368270874023,31.833048183801285,30.377266084105763,31.20221014053872,17992270
2020-09-08,29.794950485229492,30.862522236893895,29.746424918565538,30.66841625621513,24206006
2020-09-09,29.892004013061523,30.086108152277568,29.21264045431118,30.086108152277568,21878280
2020-09-10,29.115589141845703,30.0861079752022,29.115589141845703,29.94052940739408,19526919
2020-09-11,28.872957229614254,29.358216609252327,28.775904239479765,29.309691042690815,14429505
2020-09-14,29.84347915649414,29.892004728206185,28.921485865918623,29.06706258105476,14847532
2020-09-15,29.60085105895996,30.183163522369775,29.21264275002008,29.94053193652353,17325133
2020-09-16,32.75503158569336,33.04618867652495,29.358214334419163,29.60084400543794,51360267
2020-09-17,34.21080780029297,34.841645654342514,32.36682165538754,33.0461869266803,52374245
2020-09-18,33.3858757019043,34.647551712200176,33.33735198706112,33.57997798932366,29148649
2020-09-21,30.813993453979492,32.269773388762445,30.23168296567542,32.17272225971556,32651524
2020-09-22,30.32873916625977,31.930097919401828,30.134635018696738,31.056628326862352,28269901
2020-09-23,29.64937210083008,31.153677675250353,29.60084653388363,30.474314166965627,17785373
2020-09-24,29.4067440032959,29.989056409256268,29.115588728821507,29.600848138616023,19154738
2020-09-25,29.69837951660156,29.990016025510737,29.260923823197334,29.455348782497097,16006529
2020-09-28,30.135833740234375,30.670500957171463,30.03862219536612,30.2816529176176,16711586
2020-09-29,29.74698829650879,30.28165745361675,29.45535175813789,30.184444034105702,14761158
2020-09-30,30.28165054321289,30.573287015031084,29.844194905445253,29.844194905445253,19417934
2020-10-01,30.33026123046875,30.57329197307612,29.698380555657195,30.47608042006557,15885525
2020-10-02,31.05935859680176,31.107964381348452,29.406748901645013,29.406748901645013,18072625
2020-10-05,31.156566619873047,31.35099158440566,30.719109054613934,31.059353207566257,11693825
2020-10-06,29.990018844604492,31.98287439973733,29.698382308281175,31.253782128888485,34121508
2020-10-07,30.670503616333008,31.10795932632966,30.18444212968806,30.233049766417356,16710242
2020-10-08,32.3231201171875,32.42033168616565,30.816327777457,30.91354120651646,20699139
2020-10-09,33.246639251708984,34.364581592970865,32.56615082999355,34.364581592970865,34410686
2020-10-12,33.19803237915039,33.63548630886835,32.76057472926975,33.63548630886835,17863963
2020-10-13,32.663352966308594,33.149414389957556,32.37171834421613,33.003598938992084,15105450
2020-10-14,33.149410247802734,33.4896561779711,32.66334888488913,32.66334888488913,19652097
2020-10-15,33.39244842529297,33.44105233498362,32.128687250752584,32.56614103877577,17907361
2020-10-16,35.43391036987305,35.725548747622135,33.73269518004798,33.82990673257702,33937143
2020-10-19,35.43391036987305,36.30882178295833,35.14227199212396,35.919971852680206,26250714
2020-10-20,35.676944732666016,36.06579470241437,35.33670240419709,35.72555237394544,19746677
2020-10-21,35.57973098754883,36.01718485157764,35.33670023638569,35.385304154521044,14809210
2020-10-22,37.52397537231445,37.66979456073176,35.57972944718227,35.62833708337536,19214348
2020-10-23,37.086524963378906,39.0307710686501,36.74628263898891,38.5447095423323,26597033
2020-10-26,35.87137222290039,36.74628755143059,35.38531063160326,36.26022223997065,20917251
2020-10-27,34.51040267944336,35.96858745063241,34.46179503233861,35.96858745063241,19696497
2020-10-28,36.0657958984375,38.20446894289548,36.01718825554614,36.50325352397236,50860201
2020-10-29,35.82276153564453,37.621192060186786,35.531123147837114,37.23234211649759,24738095
2020-10-30,36.0657958984375,36.649069012321505,35.43391514166213,35.67694591579401,20539191
2020-11-02,36.551856994628906,36.84349540804517,35.62834155241478,36.45464543021096,21844975
2020-11-03,38.15586471557617,38.496107085785546,36.649072293011066,37.183741532027796,19636808
2020-11-04,38.15586471557617,38.982172397722536,36.600468365931334,37.37816468067235,25465824
2020-11-05,38.83634948730469,39.12798790273318,38.44749950678752,38.64192263696487,17215987
2020-11-06,39.3223991394043,39.56542983869983,38.690518577203655,38.98215690442282,16878656
2020-11-09,42.38460159301758,45.73842865428427,41.84993609872589,45.44679394471497,38779589
2020-11-10,43.64835739135742,44.231630453550366,42.53041518539302,42.87066121515421,33051594
2020-11-11,43.21090316772461,44.32884536445205,42.91926477895672,44.28023772627003,17543666
2020-11-12,42.57902145385742,43.11368686026212,42.14156388116773,42.57902145385742,15954303
2020-11-13,44.960723876953125,44.960723876953125,43.01647424650649,43.06508188232838,26078809
2020-11-16,46.51612091064453,46.85636320858851,45.787028677838,46.71054773815682,23830013
2020-11-17,47.0507926940918,47.34243109175444,45.34957738810492,45.932850463267975,18127238
2020-11-18,47.29381561279297,48.849215182291864,47.29381561279297,48.460365289917135,29867932
2020-11-19,46.953575134277344,47.43963658815514,46.22448295346065,46.75914832062917,17490999
2020-11-20,47.43965148925781,47.77989386981226,46.61334378198754,46.85637458526399,16078116
2020-11-23,48.94643020629883,49.9185531462899,47.925699631243454,47.925699631243454,21708341
2020-11-24,50.79347229003906,52.737718466814265,50.55044151794216,52.05723379300792,35369990
2020-11-25,51.03649139404297,51.32812974194912,50.258791613067615,51.18231056799604,22044528
2020-11-27,50.550445556640625,51.32814557754958,50.11299161998105,51.279537931181736,10865436
2020-11-30,49.48109436035156,50.50182111311261,48.41175625722831,50.50182111311261,25100464
2020-12-01,49.33528137207031,50.93928500758992,49.140854547065594,50.210192784186646,17408658
2020-12-02,50.69625473022461,50.93928547358228,48.654793509890574,48.99503952672091,15496290
2020-12-03,51.52256393432617,52.00862547218033,50.5018332167675,50.550440858617876,18348801
2020-12-04,52.8835334777832,53.126564230595555,51.08510665100425,51.86280282790648,27090138
2020-12-07,52.78632354736328,53.952873428908454,52.30026202676003,52.93214274757671,19542810
2020-12-08,53.27238464355469,53.612626961233865,52.446080809144625,52.59189628803411,18735107
2020-12-09,55.36244201660156,55.84850718419721,53.46680385967388,53.46680385967388,25307401
2020-12-10,55.02220916748047,55.79990910458519,53.758447699725885,53.855659261823384,19195227
2020-12-11,54.2445068359375,55.459664329085534,53.564022211130286,54.82778362310045,17853791
2020-12-14,52.640499114990234,55.168021747035915,52.44607601413836,54.77917182517028,15913996
2020-12-15,54.001468658447266,54.19589546749693,51.76558453542688,53.22377258273358,17377921
2020-12-16,53.12656784057617,54.19590620174238,52.98074863494784,54.09869091788189,11800604
2020-12-17,52.8835334777832,53.41820262203523,52.49468352925102,53.175171869222886,12528955
2020-12-18,52.59163665771485,54.0998152243683,52.25108128822103,52.44568329262175,23023775
2020-12-21,52.39702606201172,52.88353471682801,50.40233536424663,50.93749637397835,17218374
2020-12-22,51.61861038208008,52.348373359458265,51.03479702130995,52.10511903366554,17858164
2020-12-23,52.83488464355469,53.41869430982881,51.667261587421805,51.959168282351186,12139419
2020-12-24,51.81321334838867,52.78623067024706,51.66726000539301,52.78623067024706,6029070
2020-12-28,51.76456069946289,52.445671282475054,51.47265403612382,52.05646363921771,10793588
2020-12-29,51.37534713745117,52.39701661785109,51.27804616874256,51.86185570457802,10640944
2020-12-30,52.1051139831543,52.78622453992059,51.32669872663501,51.47265205268039,10156427
2020-12-31,52.5429801940918,52.68893354779392,51.47266180625089,51.81321714916598,9570828
2021-01-04,50.9375,53.029488109346595,50.59694466210282,52.980839474552575,16040798
2021-01-05,52.39702606201172,52.932183348158944,50.6942420465702,50.74289440148563,16793346
2021-01-06,55.267433166503906,56.53235352200568,52.688932650064174,52.688932650064174,26400690
2021-01-07,54.82956314086914,56.28909266398942,54.68360981619871,56.24044031457126,15105891
2021-01-08,55.17011642456055,55.656625006844386,54.29440023173286,54.92686213341863,14590235
2021-01-11,55.70528030395508,56.09448793510646,53.80789449843615,54.051148802457746,13493535
2021-01-12,57.31076431274414,57.943226301523154,55.51068305513037,55.997191704408934,18346073
2021-01-13,56.28908920288086,57.50536062770816,56.04583119433156,57.310754965585495,10776915
2021-01-14,56.72694778442383,57.067503052814985,56.337740167583654,56.48369348934671,11879594
2021-01-15,55.1214714050293,56.43504391837703,54.73226376903407,56.43504391837703,14768762
2021-01-19,55.60798645019531,56.678304780276456,55.46203310436957,55.851240785376696,12740305
2021-01-20,55.41337203979492,55.948532982528285,54.975515794710546,55.948532982528285,11840751
2021-01-21,53.8565559387207,55.60798871272113,53.8565559387207,55.46203536095697,13162304
2021-01-22,54.0511474609375,54.39170645698255,53.02947791997043,53.37003691601548,10617570
2021-01-25,53.46733474731445,54.24574994453676,52.39701664382164,54.19709759836644,18462763
2021-01-26,54.92687225341797,59.50005972720705,54.48901593812327,58.527042383365846,42495519
2021-01-27,55.36471176147461,56.240427790908015,51.7645466901558,53.905182563363454,29983117
2021-01-28,53.953861236572266,55.80259515138256,53.8565602354949,55.51069214815045,18879766
2021-01-29,51.959171295166016,54.68362152720003,51.9105189353285,53.51600212694823,21921317
2021-02-01,52.251068115234375,53.51599199569514,51.76455950330087,52.834877704837744,13379614
2021-02-02,54.68362045288086,55.21878150624028,52.73758567496993,52.932187663327106,16946953
2021-02-03,54.489017486572266,54.9755261723183,53.85655545038548,54.683619471436785,10877474
2021-02-04,55.70528030395508,55.94853460797667,54.440356433609125,54.63496211097688,13396066
2021-02-05,55.46202850341797,56.19179144842332,55.07282085469826,55.997189485855614,10396669
2021-02-08,56.48369216918945,56.67829411126924,55.51067501162272,55.802577924742394,8517928
2021-02-09,56.14313888549805,56.435045551839494,55.51068064773206,56.240443590001384,10581235
2021-02-10,55.46202850341797,56.386397134575326,55.36472752213412,56.386397134575326,9140985
2021-02-11,55.75393295288086,55.80258157979532,54.44035672525978,55.41337394655886,10398836
2021-02-12,57.067501068115234,57.116153414872215,55.36472106179493,55.51067437848201,11725144
2021-02-16,58.23512649536133,58.283775120720925,57.31075793052066,57.50536360271113,12100796
2021-02-17,57.69997024536133,58.13783025072292,57.21346161068245,57.60266926314242,8615357
2021-02-18,56.58100128173828,57.69997191866685,55.99719164790994,57.6026709336262,9802022
2021-02-19,58.478389739990234,58.52704209637758,56.82425802942046,57.018863731385224,12248665
2021-02-22,60.81363296508789,61.78665031802369,58.52704293040569,58.72164491155899,19388781
2021-02-23,61.25148391723633,61.54338684564262,59.25679715033152,61.30013254351199,14454364
2021-02-24,63.829986572265625,64.94895342850039,61.54338933721391,62.2731522731501,21426186
2021-02-25,62.078556060791016,64.55975548572374,61.59204739178822,63.7326877695513,18526244
2021-02-26,61.00823211669922,62.46775798932968,60.37577016050916,61.68934270115973,17802448
2021-03-01,63.78133010864258,64.65704259644401,62.22449963347556,62.85695782498015,15657201
2021-03-02,63.14885330200195,64.46242924856428,63.10020096191322,63.97592074201034,15490231
2021-03-03,65.38679504394531,66.26251483907413,63.48941332524979,63.68401524177836,23589309
2021-03-04,66.01927185058594,68.7437214885283,64.1218823608543,67.52744999365832,33418377
2021-03-05,66.21401977539062,67.23644282455663,63.97442820404141,67.1877545931372,21061930
2021-03-08,68.98917388916016,69.81685154811524,67.23644955133022,69.18391938166097,28835014
2021-03-09,68.1614761352539,70.20632183531676,67.33380617296874,68.64834344930134,22966413
2021-03-10,64.50997924804688,66.8956278910182,62.9033124416425,66.45744874478429,44186284
2021-03-11,59.73868179321289,62.6112056132673,58.18070675112947,61.7835279951735,61355743
2021-03-12,61.24797439575195,61.44271988521396,59.54393832080237,59.59262283000257,26996039
2021-03-15,64.99684143066406,65.04552965472557,61.9782609707636,62.026949194825114,22351422
2021-03-16,64.02313232421875,64.99686738361923,63.63364128152352,64.89949089661422,14938641
2021-03-17,66.26271057128906,66.26271057128906,63.92574244665634,64.2665526271218,15895858
2021-03-18,64.50997924804688,66.65219420392603,64.21785733300426,66.16532682974167,12792812
2021-03-19,64.3639144897461,64.99683902110368,63.1954269662257,64.266538045233,13737991
2021-03-22,63.92573928833008,64.46129492288996,62.95200448100683,64.07180398102486,10591427
2021-03-23,61.6374626159668,64.16917234425794,61.10190698679762,63.09806853857999,13172818
2021-03-24,60.85848236083984,63.39019246658496,60.85848236083984,62.12433927687778,12454218
2021-03-25,62.56251525878906,62.95200621136005,59.543934292051496,60.37160815576036,14725103
2021-03-26,63.24413299560547,63.92574594113567,61.88090337821444,63.049387504405594,12143472
2021-03-29,63.04938507080078,63.536252506338805,62.221707449321755,62.90332036854279,10786807
2021-03-30,64.75341796875,65.04553990650074,62.80594832062592,63.195439269186494,10618713
2021-03-31,63.92573928833008,65.38634149931494,63.92573928833008,65.14290779748413,12557044
2021-04-01,64.65604400634766,65.04554242263568,64.02311932728836,64.41261029091548,11874438
2021-04-05,65.53240203857422,66.06795763919065,65.0942228935826,65.58109026638662,10180082
2021-04-06,65.24027252197266,65.7271398380425,65.09421530821535,65.5323944021464,8035938
2021-04-07,65.19158935546875,65.87320961295377,64.55866477655805,65.24027758138335,8379669
2021-04-08,65.48371887207031,65.72715257728758,63.730994703973835,64.5586722827768,11018763
2021-04-09,66.21401977539062,67.33381928739551,65.33766142048293,65.72715236651734,12689464
2021-04-12,66.16532897949219,66.60351559262307,65.5810925830848,66.26270543855688,8442187
2021-04-13,65.43502044677734,65.92188778136584,64.55866222558183,65.77583056205306,10277370
2021-04-14,66.60352325439453,67.13907148287664,65.33766640423627,65.38634718670836,12968951
2021-04-15,65.9705810546875,66.94431579839329,65.43502545511731,66.8469467956187,10208753
2021-04-16,65.19158935546875,66.60351064369368,64.99684390447004,66.36007696678037,10036727
2021-04-19,65.53240203857422,65.58109026638662,64.12048069531453,64.85078920718058,9003729
2021-04-20,63.58492660522461,65.2889622507933,62.8059373910042,65.2889622507933,12330465
2021-04-21,64.99684143066406,65.14289865018917,62.17301014067993,62.951995641356085,9953202
2021-04-22,65.28897094726562,66.60351588715078,64.65603886586672,64.99684902144,10555051
2021-04-23,65.9705810546875,66.26270296833124,65.045534538699,65.72714736876105,9357311
2021-04-26,66.06795501708984,68.16148165599542,65.9705785653297,66.36007691971055,18815482
2021-04-27,65.678466796875,65.92190051117738,62.85463869203178,65.72715503026765,30050351
2021-04-28,64.26654052734375,64.9968415314202,64.02310685931826,64.89946508314623,13261158
2021-04-29,64.31523132324219,64.70472222659369,63.68229928947133,64.16916664499057,11066635
2021-04-30,63.8770637512207,64.99685589045745,63.682310811648144,64.07180923813216,10011667
2021-05-03,65.48371887207031,65.8732172720143,64.12048565125724,64.46129581962565,12734908
2021-05-04,63.8770637512207,65.19160137736893,63.633630029416096,64.94816765556432,15557003
2021-05-05,64.31523132324219,64.70472222659369,63.7309875155552,64.07179764548258,11168297
2021-05-06,64.31523132324219,64.80209867876144,63.438865611711705,64.36391954932607,12595406
2021-05-07,64.75341796875,64.94816344303028,63.633625902142896,64.07180508243869,10810442
2021-05-10,64.99684143066406,66.11664077344108,64.75340776301594,64.80209598707745,13154138
2021-05-11,63.73099136352539,64.70472613335635,63.00069028615218,64.21785874844088,13645738
2021-05-12,62.41645050048828,63.92573716593133,62.17301680673972,63.68230347218277,14215045
2021-05-13,63.14675521850586,63.48756541055744,61.92959033416805,62.31908130851748,13158312
2021-05-14,64.55870056152344,64.75344612046983,63.43890055541992,63.877087378879125,10167742
2021-05-17,64.02313232421875,64.94817914011672,63.87707504637364,64.41262336691398,15316179
2021-05-18,63.14675521850586,64.607365003969,63.14675521850586,64.16917834199951,9816408
2021-05-19,63.73099136352539,63.77967959254898,62.27038920877896,62.80594482271802,11921066
2021-05-20,63.58492660522461,63.82836026887728,62.90330638486968,63.730983822352485,9324527
2021-05-21,64.41259765625,64.65603132393215,63.53623943365802,63.82836132540849,10697965
2021-05-24,64.1691665649414,64.80209859792271,63.87705211412206,64.70472214587643,7827397
2021-05-25,63.8770637512207,64.70473393375971,63.77968728143442,64.26655472504363,9496071
2021-05-26,65.24027252197266,65.38632973572996,63.4875486935894,63.87704701804075,12092309
2021-05-27,69.86552429199219,70.10896544543093,66.1653305496301,66.21401878031784,37035234
2021-05-28,68.45362854003906,69.81686209888001,68.30757126175652,69.57342833330081,14560581
2021-06-01,68.89179992675781,69.81685409199973,68.64836618909658,69.28129837861272,10087388
2021-06-02,68.5997085571289,69.03788794227894,68.21020997381237,69.03788794227894,8012785
2021-06-03,68.5997085571289,69.96293496707659,67.86940709765749,68.1128409174813,12672972
2021-06-04,67.96674346923828,69.13522375194542,67.47987606372193,68.94047828027098,12855029
2021-06-07,67.72331237792969,68.50230174732623,67.47987866578457,68.16149156925874,7493597
2021-06-08,67.67460632324219,68.11279285183808,66.79824817136806,68.01541641155926,8852489
2021-06-09,66.8469467163086,67.23643763226481,66.55482480301144,67.0416921742867,11189043
2021-06-10,66.36006927490234,67.52854929811429,66.16531639381797,67.23642742914659,9999489
2021-06-11,66.65220642089844,67.09039310010952,66.06796993638599,66.45746092606096,8500031
2021-06-14,65.58109283447266,67.33381693573398,65.28897090881905,67.09038323979935,9114079
2021-06-15,65.9218978881836,66.06796258254971,64.80210582801288,65.48371871040638,7629388
2021-06-16,65.43502044677734,66.45744333994506,64.70471944489461,65.72714233806232,14070907
2021-06-17,63.29281997680664,65.77584543519818,62.85464076712839,65.28897799051988,15451709
2021-06-18,62.22170639038086,63.39018672525375,62.075649143269565,62.51382833726429,16465184
2021-06-21,64.21784973144531,64.21784973144531,62.61119056788351,62.75724778178581,10825169
2021-06-22,63.438873291015625,64.26655087665299,63.00069410853847,63.87705992615343,7678083
2021-06-23,63.04938507080078,64.21786542555985,63.00069683671479,63.39018780408082,8763306
2021-06-24,64.02313232421875,64.26656608906887,62.90333253431075,63.58495303802101,9594524
2021-06-25,64.12055206298828,64.5103393432609,63.82820787361846,64.12055206298828,6844839
2021-06-28,62.80502700805664,64.1692903832641,62.317789022863536,64.12057255141127,12396856
2021-06-29,63.77949905395508,64.4616306995858,63.14609269551212,63.63333065072444,13883493
2021-06-30,65.582275390625,65.92334490578125,63.58459849827805,64.07183640088307,13754002
2021-07-01,65.67971801757812,66.41058232449213,65.09503701371142,66.16696337496472,9368346
2021-07-02,65.09503173828125,65.97205690217133,64.8514128084972,65.97205690217133,6653090
2021-07-06,62.9511833190918,64.90014234354635,62.46394915672691,64.70524122026873,14172730
2021-07-07,63.2435188293457,63.73075665372447,62.0741495425028,62.756281004966944,12250973
2021-07-08,62.70756149291992,63.04863098465742,61.44074527062943,62.02542996777625,10798825
2021-07-09,64.12055206298828,64.26672042850784,63.048625854742504,63.38969531872908,8290767
2021-07-12,63.8769416809082,64.0231100659529,62.85374061060012,63.63332273361255,11187237
2021-07-13,62.80502700805664,63.779502978442856,62.756301717870706,63.779502978442856,7907410
2021-07-14,62.415225982666016,63.24352968039357,61.97671335715318,62.75629177241666,8970443
2021-07-15,62.17161178588867,62.951190260803486,61.24585745239664,61.83054597004055,10310877
2021-07-16,61.14840316772461,62.70756365697847,61.00223105610204,62.366497882636345,9141767
2021-07-19,58.468605041503906,59.63797468108413,57.59157594723551,59.39435569540771,19842400
2021-07-20,61.8792610168457,62.07415841194424,58.419870477796714,58.517317310763055,15072405
2021-07-21,63.73076248168945,63.87693831736876,62.22032732549024,62.31777415344411,13548149
2021-07-22,61.8792610168457,63.633322656069105,61.8792610168457,63.58459737500301,8712244
2021-07-23,61.92798614501953,62.75628981693723,61.53819508495066,62.36649875686836,7579911
2021-07-26,62.9511833190918,63.04863388073061,61.53819492531904,61.68436703861143,10800049
2021-07-27,63.73076248168945,65.63099613720115,62.36649570283822,64.94885715402704,23964901
2021-07-28,63.974388122558594,65.67972084260036,63.53587548621428,64.07183868989382,13757312
2021-07-29,64.75397491455078,65.1924875822379,63.77949900487601,64.2667369597134,10889854
2021-07-30,63.09737014770508,64.41291566722599,62.951194279795544,64.12057138973991,12050777
2021-08-02,61.27021408081055,65.29602392081344,61.16667751927331,63.63332310417178,39943542
2021-08-03,62.76847076416016,62.85374187242453,59.75368623085296,61.0265960018603,23177543
2021-08-04,62.67711639404297,63.00600646885559,61.79400138296964,62.00716424627513,22702917
2021-08-05,62.74411392211914,63.7307692193563,62.43959022184026,62.73193446577441,13050690
2021-08-06,63.65768814086914,64.10838771435614,62.95119013828546,62.95119013828546,17637083
2021-08-09,63.16435241699219,63.50542193800557,62.14115504145002,63.07299530868489,12768033
2021-08-10,64.60782623291016,64.76008814027465,62.853767568404294,63.22528214737269,12930790
2021-08-11,64.58345794677734,64.6870020073974,63.2313737409497,64.6870020073974,13330458
2021-08-12,64.87577056884766,65.30819714488624,64.09618851568302,64.67478346367014,10270509
2021-08-13,63.90130233764648,64.93668289193243,63.69422921012206,64.86359869741392,9020462
2021-08-16,62.94510269165039,63.52369773721554,62.26905707613082,63.481065909735094,11101144
2021-08-17,61.89144134521485,62.89636945520428,61.124038714254,62.45176340578511,13125487
2021-08-18,61.7635498046875,63.0181867334911,61.367668985020536,61.5625626661132,10427487
2021-08-19,60.55154037475586,61.40421047630346,60.052122991170286,60.90478936355178,17344153
2021-08-20,60.93524169921875,61.31285332998615,60.356646661147224,60.655080637143655,10203095
2021-08-23,61.49557113647461,61.80618458707696,61.0692341965143,61.270221344697994,9642436
2021-08-24,62.89638137817383,63.042549784002745,61.55038724880677,61.69046592592054,11007246
2021-08-25,63.767311096191406,64.02920295387287,62.45785926611576,62.95118315500574,12627427
2021-08-26,62.9633674621582,63.71858317746267,62.63447742484973,63.621132620112455,13107992
2021-08-27,64.61389923095703,64.6504450647038,63.280088174201374,63.280088174201374,12473178
2021-08-30,64.06574249267578,64.83923862428047,63.82821700016101,64.76006097399829,11469513
2021-08-31,64.19975280761719,64.77834793839371,63.62115021850727,63.91349451309261,17641256
2021-09-01,63.13389587402344,64.23627455805708,62.89027693464199,64.16927636639458,12789542
2021-09-02,64.71745300292969,64.76617084413803,63.328822986797704,63.34100244709979,13633178
2021-09-03,63.79778289794922,65.38739998247502,63.389722532221825,64.5590923333861,12225833
2021-09-07,62.9085693359375,63.913497772214406,62.311704987042866,63.64551983920741,17639170
2021-09-08,62.476131439208984,63.78558706111263,61.16058981838484,62.70148121173786,19263203
2021-09-09,62.9085693359375,63.90131831313841,62.18989547961536,62.34215736389974,15066205
2021-09-10,62.12289810180664,63.310540743887735,61.98890541237951,62.90856640477306,15350467
2021-09-13,63.62113952636719,63.86476594618907,62.13506684461274,62.51876820062548,20038302
2021-09-14,61.136226654052734,63.67595649435231,60.94742270998952,63.66986303715191,25717763
2021-09-15,62.220333099365234,62.409137045264906,61.32503119461616,61.38593593388483,13007192
2021-09-16,61.72091293334961,62.54921665409787,61.404209776029006,62.36041270534266,9601506
2021-09-17,61.1910400390625,62.03761663000512,60.98396318723134,61.60519001355896,17203387
2021-09-20,60.78907012939453,60.825615957570285,59.24208895188099,59.99121876282571,16217539
2021-09-21,58.96802520751953,60.89870799611911,58.59650698295198,60.843892975964344,25342171
2021-09-22,60.01557922363281,60.31401319150107,59.479616027087125,59.48570575517301,18002884
2021-09-23,62.70756149291992,63.38970047639492,60.61244163890764,60.61853136643888,18620844
2021-09-24,63.26832580566406,63.51213418160528,62.5369006778404,62.57347118781848,10528608
2021-09-27,64.21308898925781,64.81042105641286,63.62794584916069,63.72547219388744,12971559
2021-09-28,64.44471740722656,65.06642741481409,63.83519632838923,64.1765236540585,20146646
2021-09-29,64.77994537353516,65.21879899902727,64.18870403449517,64.60927800136274,11876404
2021-09-30,62.79900360107422,65.27365443103783,62.7502404272933,64.82871006363321,14356273
2021-10-01,64.49954986572266,64.84697527227756,63.18907998209273,63.49993861455937,12992425
2021-10-04,63.938812255859375,65.26756967637999,63.7559559355345,64.24357278973417,12288913
2021-10-05,63.938812255859375,64.60928543038392,63.237863027947355,64.03633114821976,9208740
2021-10-06,63.59138870239258,63.646242614529704,62.2077735966652,63.19519999612963,11257962
2021-10-07,64.31060791015625,64.93231775965877,63.591371727185134,63.90222291987097,10684302
2021-10-08,63.82909393310547,64.74337549121766,63.79252714926032,64.22528260828742,6859525
2021-10-11,63.43899917602539,64.46299594488542,63.371948880632395,63.90223065575206,6615872
2021-10-12,62.610050201416016,63.41461645847103,61.90300656156978,63.122044874778645,13722903
2021-10-13,62.390621185302734,62.902619572723594,61.67138491106083,62.293094839458085,12065484
2021-10-14,62.62223434448242,63.176901418356785,62.39671307616359,62.86604273490958,9853826
2021-10-15,63.64013671875,64.54832750632767,62.896522575938675,63.17690522748763,9069257
2021-10-18,63.463375091552734,63.73765953211129,62.80509094138591,63.19518884643698,6653913
2021-10-19,63.8351936340332,63.9814757011268,63.134244422955945,63.743765476066606,6767714
2021-10-20,64.6092758178711,64.6214647445861,63.31099464389513,63.847374596539126,9803748
2021-10-21,62.87215423583984,64.84699963058006,62.78681680265166,64.4630073056989,11588129
2021-10-22,63.42071533203125,63.70109052696119,62.50643378830554,62.81119430288078,8595273
2021-10-25,64.18262481689453,64.60319139507695,62.981869728915,63.17081679360769,10427005
2021-10-26,65.48699188232422,67.63861017887038,64.13385662334235,64.46300247388335,18781193
2021-10-27,63.2988166809082,65.99899656982205,63.201290322032975,65.75518813676676,14420637
2021-10-28,64.15821838378906,64.23135939122824,62.84165039336485,63.01840845002034,9487384
2021-10-29,63.920501708984375,64.14602292858878,63.46336107567956,63.96926486936286,9018536
2021-11-01,64.74945831298828,65.07859661010437,64.17041346367371,64.46298498562717,7844250
2021-11-02,65.02986145019531,65.30414597062001,64.18263002831472,64.81652904542055,7192101
2021-11-03,64.59098052978516,64.81650176996148,63.89003149477758,64.70679397926473,6599661
2021-11-04,64.12773895263672,64.85306572294462,63.56697384227199,64.53001820435522,7505094
2021-11-05,66.27938079833984,66.83404051798907,65.12738144682295,65.17614462739715,12202399
2021-11-08,66.0843276977539,67.23632704267636,66.02337558841832,66.6816598620693,8305554
2021-11-09,67.8336410522461,70.80810468457514,67.33992611311068,69.93039006657116,40325875
2021-11-10,66.41346740722656,68.68088417139582,65.89537452592378,68.57116889194054,13952431
2021-11-11,65.21879577636719,66.80355029198742,65.08470265633329,66.16355327606387,8848557
2021-11-12,65.57840728759766,65.78564888595984,64.88965459576004,65.4626012944916,12240118
2021-11-15,65.01765441894531,66.23669639256208,64.73118104797169,65.84660594665735,9831034
2021-11-16,62.99404525756836,64.73727823842881,62.670997646748994,64.7007039941355,19257424
2021-11-17,62.165096282958984,63.317095455694485,61.81767080450166,63.20738018246275,13334471
2021-11-18,61.360538482666016,62.049295070594304,60.45235131812838,61.823773761604755,13692888
2021-11-19,60.92776107788086,61.40318890503885,60.5254780029363,60.83023847366181,10598911
2021-11-22,61.5860481262207,62.15290412164543,61.12281293502651,61.23862266584149,9962170
2021-11-23,62.21995162963867,62.29919084984149,61.653095625580384,62.03709533569287,9648856
2021-11-24,62.311378479003906,62.36623611245841,61.750620682073965,62.08585721399344,8943739
2021-11-26,59.63558197021485,59.794056678664795,58.21539659342302,58.91634572070214,13815999
2021-11-29,59.9769172668457,61.21424643815254,59.019967020111366,60.50720279686264,15692352
2021-11-30,57.898441314697266,59.385676930261305,57.581491909456155,58.9041508951033,18313148
2021-12-01,56.68550491333008,59.05654637998171,56.648934395144295,58.84930846750713,13895451
2021-12-02,58.04473114013672,58.379967690324534,56.56968808007079,57.416923016958634,9782400
2021-12-03,56.545310974121094,58.11787666864234,55.91140837896269,57.98377980755283,12973646
2021-12-06,58.52016067504883,59.056540663407475,56.831785216917936,57.20359229127141,10721861
2021-12-07,59.45882415771485,59.934252047259534,58.69692288092273,58.87977918735284,8104115
2021-12-08,59.903770446777344,60.30605353724337,59.11138946025272,59.45881864952412,7635106
2021-12-09,59.62949752807617,59.84892811722699,59.12359723703021,59.592927007239915,6527432
2021-12-10,59.09310531616211,60.074433310820545,58.78834483756846,59.78795995376876,6863859
2021-12-13,56.76473236083984,58.75786810692072,56.57578161272058,58.495772605549575,11843339
2021-12-14,56.14302062988281,57.331590254397106,55.90530670497995,56.533114797407286,11654259
2021-12-15,56.12474060058594,56.32588029365068,54.96664695525285,56.2100742879767,12350388
2021-12-16,56.399024963378906,57.5022572378371,56.19788153857046,56.39293049973203,11440140
2021-12-17,55.74074172973633,56.72816801545826,54.92398282141798,56.35026274608345,14550168
2021-12-20,54.89276123046875,54.96597003132342,53.788563036078706,54.9049645649446,9651745
2021-12-21,56.771732330322266,57.14386867163624,55.344203638779696,55.344203638779696,12227117
2021-12-22,56.7778434753418,57.168279268099866,56.2226906564823,56.686335261507914,7485993
2021-12-23,57.34518814086914,57.674618434649794,56.918149839573346,56.918149839573346,6236589
2021-12-27,57.723419189453125,57.753921922556195,57.00965299364118,57.119464326945625,5503703
2021-12-28,58.13825988769531,58.614100299549925,57.49159893502067,57.60751007193406,6503676
2021-12-29,57.827117919921875,58.24805631780303,57.613598821682594,57.95523236713175,5602577
2021-12-30,57.77222442626953,58.55309214398898,57.66851289365048,57.74782149298661,5247049
2021-12-31,57.63191604614258,57.93694340393307,57.28418261706113,57.65021544640973,6092452
2022-01-03,58.71171951293945,59.44378522623783,57.80273343652641,58.08946141543539,7415209
2022-01-04,60.62117767333984,61.03601632973077,59.840309962055045,60.26124841788308,12237390
2022-01-05,60.62117767333984,62.09751216845652,60.572375542509576,60.84080033574292,9461542
2022-01-06,60.97501754760742,61.66438087222362,60.65168705333601,61.28004490622808,6864983
2022-01-07,61.859596252441406,62.37204295672913,60.86520931474861,60.883508714877664,10029103
2022-01-10,60.65168380737305,62.22563012308831,60.35885979996889,62.054813317269016,9259300
2022-01-11,62.09751510620117,62.45134831429356,60.98721334878497,61.182433087341785,9107137
2022-01-12,62.37204360961914,62.60386589635067,61.84739729975355,61.877900035621714,7316816
2022-01-13,62.506256103515625,63.23222194351164,62.10361701328789,62.402544563325506,7034320
2022-01-14,62.93327713012695,63.00038612096176,61.560654350316966,62.01819901225319,7030789
2022-01-18,62.7685661315918,63.28101647008206,62.32322852166523,62.56725035789887,13499795
2022-01-19,61.383758544921875,62.829586780008945,61.29225033421171,62.64657035858861,9147425
2022-01-20,59.93791580200195,62.097509933689985,59.7670990119099,61.14582546041501,9045502
2022-01-21,58.748321533203125,59.99893378238708,58.47989669362855,59.60239819118241,12964978
2022-01-24,59.12044906616211,59.44377955280991,56.30199409776165,57.70511991433319,15847565
2022-01-25,55.582130432128906,56.34469884332402,53.86787739082907,55.58823023235169,33629909
2022-01-26,54.4901237487793,56.07016601269531,53.715352115147375,55.82614415681124,17073695
2022-01-27,54.84395980834961,55.984760550264355,53.727558265035384,54.90496527551796,12527109
2022-01-28,56.18607711791992,56.22267964922063,54.20339953968713,54.47792412744244,10398756
2022-01-31,57.63801956176758,57.68682543629376,55.533330657337984,55.887160173983695,11238219
2022-02-01,59.754905700683594,60.041629912077774,57.80272694899152,57.95524435747817,13080224
2022-02-02,59.809814453125,60.13924475118348,58.66291007776104,59.58409196402296,8926564
2022-02-03,59.980621337890625,60.49306800022439,58.90082608199696,59.2668588786163,9972924
2022-02-04,60.40156555175781,61.03602320670321,59.56579208070505,59.60239461678513,10278374
2022-02-07,60.94451522827149,61.36545373311165,60.09043861829647,60.621184731790265,7039456
2022-02-08,60.58457946777344,61.31054530063262,60.16974451709224,60.993318353915605,8279712
2022-02-09,60.5479736328125,61.29224256005432,60.468665032789424,61.158028293502454,10632457
2022-02-10,60.267356872558594,61.42036107442875,59.78541288247876,60.02333497736211,8848717
2022-02-11,59.07163619995117,61.14582567935326,58.669000890816235,60.407656588050386,11966771
2022-02-14,58.93132400512695,59.419367694119046,58.29686646237059,58.998429265296735,11172731
2022-02-15,61.5667724609375,61.84739688196213,59.75490772140804,59.77931065700448,10741924
2022-02-16,61.86569595336914,62.17072328995216,60.938410608956666,61.06042154358987,7850670
2022-02-17,60.066036224365234,61.26784627758892,59.712202988620746,61.21904040530214,6229366
2022-02-18,56.54601287841797,60.37716143176181,56.07627227710786,60.04162762825436,25110235
2022-02-22,57.43669509887695,58.08945587214424,56.35079623364126,56.51551324461542,12349746
2022-02-23,56.5216064453125,57.869830169500354,56.31418712348873,57.21706947244712,11839969
2022-02-24,56.45450973510742,56.79003983333758,53.50184412361525,55.264903023200496,18285861
2022-02-25,58.791019439697266,59.43157688488992,56.77173536229911,56.985258246030426,11191511
2022-02-28,58.26637268066406,58.45548889212733,57.42449569371954,57.808831651962414,10142743
2022-03-01,56.326393127441406,58.60189850545558,56.04576873065149,57.93083837884194,10806289
2022-03-02,57.44278717041016,57.92473480323321,56.783930421158125,57.01575267119117,7131107
2022-03-03,56.399600982666016,58.13826058660093,56.112876772152944,57.91863790966859,7420184
2022-03-04,54.38032150268555,55.19779181202195,53.39203064796485,55.039178337165644,13545059
2022-03-07,52.133304595947266,54.47191458713422,52.07834960157389,54.14218835958329,11428423
2022-03-08,53.82467269897461,55.229058904531314,52.2371019453084,53.140795433924865,11006283
2022-03-09,55.71754455566406,56.779994064640526,55.625954145212454,55.84577038255845,10394261
2022-03-10,55.766395568847656,55.93125681602445,53.39725166249041,53.59264678588483,13026132
2022-03-11,56.34646987915039,57.16467833729138,55.96789391918302,56.6639818235325,11342229
2022-03-14,56.45026779174805,57.39059675266399,56.13886114421264,56.444162512127605,9700540
2022-03-15,56.38920593261719,57.128034474459206,55.72364822153882,56.938748379412125,8189827
2022-03-16,57.82411575317383,58.27595869349192,56.62733164697024,57.073073047616326,8954332
2022-03-17,58.33091735839844,58.35534221207094,56.97537723580677,57.51881434059262,6982315
2022-03-18,58.3675537109375,58.562948804780135,57.7386352161876,58.3675537109375,11872231
2022-03-21,57.89739990234375,58.44694237772207,57.18299244113831,57.67147464147459,8799280
2022-03-22,57.94624328613281,58.758346403326904,57.763062469203845,58.15384895972347,7730288
2022-03-23,57.21351623535156,57.79969780171619,57.09750471658549,57.750848091622814,7854202
2022-03-24,57.469970703125,57.65315150506607,57.182985203537314,57.6348319293964,8561245
2022-03-25,57.40890884399414,57.9523459557555,57.03644197144607,57.66536046412526,9227359
2022-03-28,56.17548751831055,57.17687659162041,55.393914646778775,57.15245173838092,12069336
2022-03-29,57.7935905456543,57.98898190196602,56.798306711387426,56.798306711387426,13794811
2022-03-30,57.750850677490234,58.09278744738761,56.969277713134126,57.16467282356772,9042452
2022-03-31,55.87019348144531,57.36617013840792,55.851873904455815,57.24404959498241,13203013
2022-04-01,56.47467803955078,56.51742246321495,55.63204498660953,56.236542286442315,9054811
2022-04-04,56.18770217895508,56.370882983595905,55.503828670438246,56.28540159904803,8249536
2022-04-05,55.015350341796875,56.38310119241662,54.89933507640387,55.96788984428035,10787509
2022-04-06,54.899322509765625,55.05807843405824,53.623162359938334,54.56959636627274,10556215
2022-04-07,54.62456130981445,55.00313722461112,53.177430676839315,54.84437753267336,11391666
2022-04-08,54.7955322265625,55.119149416218605,54.11165495539827,54.642881550680634,6447980
2022-04-11,54.7527961730957,55.925155786491814,54.362009635297,54.67342005270341,8655143
2022-04-12,54.95428466796875,55.7724929861172,54.52686280282884,54.95428466796875,7240254
2022-04-13,55.412235260009766,55.83965711430201,54.94817799451594,55.05197894936855,6362268
2022-04-14,55.46109390258789,56.267091826651765,55.33897708357295,55.589323479129376,6146543
2022-04-18,55.19852066040039,55.870183529601185,54.89321935621821,55.54656265169267,6291965
2022-04-19,56.11444091796875,56.33425717327032,55.44277785312585,55.44277785312585,7394824
2022-04-20,55.80912780761719,56.853261343788496,55.71753740891366,56.48079073144308,6424385
2022-04-21,56.004520416259766,57.26236491089367,55.82744863242059,56.75556319791485,7225326
2022-04-22,54.38642883300781,55.74807442397239,54.33147383926368,55.49772805101499,7967682
2022-04-25,54.88100814819336,54.95428270853228,52.86601942723688,54.03837874446115,11080599
2022-04-26,49.20851135253906,52.04171246052087,47.877399665797974,51.87074220339965,46154289
2022-04-27,47.75527572631836,49.916809949744824,47.54767006848618,48.84825526543545,20213257
2022-04-28,47.462181091308594,48.054464144175846,46.31424665677718,47.86517807749477,19277327
2022-04-29,45.520469665527344,47.70642887471885,45.39834912286165,47.31564239045081,16677077
2022-05-02,46.131065368652344,46.30203185919028,44.335892916528216,45.23958629040225,18536095
2022-05-03,47.41943359375,47.79190416314918,46.393623489760685,46.92484624551511,12595004
2022-05-04,49.11081314086914,49.31841880279184,47.15077925762601,47.743062370266145,12019739
2022-05-05,47.98729705810547,48.89709569101927,47.35837861559282,48.469673865768755,11491503
2022-05-06,47.76749038696289,47.865186075895565,46.52186007167585,47.82855065988197,8609237
2022-05-09,44.55571365356445,46.9920191055777,44.29315300449527,46.88211286589144,11266308
2022-05-10,44.76332092285156,45.61205943016299,43.43831081037572,45.18463753685254,10974181
2022-05-11,44.232086181640625,45.538776476885396,44.000059439782326,45.03808384668048,12465152
2022-05-12,44.7450065612793,45.31286863833761,43.456635451878405,43.80467753866284,13844409
2022-05-13,45.82577133178711,46.38752433636878,45.27622888607883,45.42277428600554,8309406
2022-05-16,45.56931686401367,46.03948320912536,45.01977440724962,45.37392548597327,10451563
2022-05-17,46.65008544921875,47.138567627881855,46.27761853572598,46.53407018404842,7218585
2022-05-18,45.91736602783203,46.72336019467053,45.68533547805362,46.19213727634828,11337253
2022-05-19,46.24708938598633,46.73557157506851,45.45941110835346,45.795242613347455,9992827
2022-05-20,45.9478874206543,46.67450533171673,44.738892661831834,46.47300495901671,11782667
2022-05-23,46.07611083984375,46.650078056553824,45.8013396578889,46.41804756298317,8467508
2022-05-24,45.50215148925781,45.715862445501024,44.00006951597194,45.63037731526589,9837776
2022-05-25,45.50825119018555,45.54488659887438,44.341997219656776,44.86100943569932,11389740
2022-05-26,47.02254867553711,47.44997054835194,45.61205724298596,45.92956913874426,7528368
2022-05-27,48.09111404418945,48.10332460398699,47.01034490928675,47.19352573838658,7819853
2022-05-31,47.80411529541016,48.26206724164327,47.480494424596706,47.59650966538012,8332038
2022-06-01,47.333961486816406,48.50631718903021,46.82715974442292,48.286500962201266,9514991
2022-06-02,47.627044677734375,48.0300454226849,47.120246715160455,47.63925897409917,9897164
2022-06-03,46.99813079833984,47.108037044281616,46.2043435268625,46.85769067783242,8463013
2022-06-06,47.016448974609375,47.80412726712846,46.87600884711837,47.57210046614296,7614722
2022-06-07,47.627044677734375,47.71863507637062,46.509640318896686,46.96148703323991,8227386
2022-06-08,47.1141357421875,47.79801293350079,46.723349309821145,46.82715400051382,5418794
2022-06-09,45.66090774536133,47.0469743472246,45.64258816930416,46.949278665194015,8114548
2022-06-10,43.49327087402344,44.67173572706713,43.194074766074,44.586250590697354,15384656
2022-06-13,41.35004806518555,42.74222375263413,40.99590073324805,42.418602817796334,15183217
2022-06-14,41.55154800415039,42.07666558625996,41.234036090881105,41.4904877332379,8634919
2022-06-15,42.19268798828125,42.75444108025639,41.39890433210042,42.107202846800746,10576600
2022-06-16,39.86627578735352,41.05695463714195,39.597609886341985,40.92872509576494,14550650
2022-06-17,40.2998161315918,40.74555390675496,39.40833310388651,39.805224901071384,14449368
2022-06-21,40.14716339111328,41.55765495829743,40.122738534026126,41.191293318057944,12972362
2022-06-22,39.408329010009766,39.933450324223706,39.18240750594216,39.18851278521902,15573094
2022-06-23,39.1213493347168,39.73805734854924,38.516851880093206,39.3045301549852,10841280
2022-06-24,40.95926284790039,41.50270002951109,39.335060321366605,39.48160572542972,16044991
2022-06-27,40.78196716308594,41.509452572573565,40.43350587796041,41.24657846676759,10911904
2022-06-28,40.27456283569336,41.84568751146582,39.956671856869555,41.23435582668726,11313819
2022-06-29,38.93574142456055,40.34792045594753,38.68509620993785,40.18285867327975,11088303
2022-06-30,38.92352294921875,38.97854355285528,37.75587636512557,38.238829174364,13967359
2022-07-01,38.844051361083984,39.455383131106466,38.03097860969284,38.81348477258286,10997455
2022-07-05,37.92094039916992,37.96984469392833,36.63713996394792,37.60304563905149,12889860
2022-07-06,37.63972473144531,38.122677568169976,37.126209050019646,37.63361216250511,7852596
2022-07-07,38.51393127441406,38.59340590140221,37.8659203498869,38.251060860440035,10110160
2022-07-08,38.666751861572266,39.357558034967155,38.02485371118215,38.440560677266994,9940822
2022-07-11,37.84758377075195,38.281632375800584,37.54803416082749,38.141024554002634,7662393
2022-07-12,38.526153564453125,39.449263626259736,37.29126136022856,37.29126136022856,11678496
2022-07-13,37.90871047973633,38.330530129921,37.41964508663014,37.93316449802223,6961770
2022-07-14,37.34629440307617,37.389086136452185,36.67994192023287,37.291273786482925,8179393
2022-07-15,38.4283447265625,38.50781560399703,37.28515216820901,37.951504489344046,9391720
2022-07-18,38.92963790893555,39.79773125379659,38.71567179299243,39.36368270978953,10607899
2022-07-19,40.80031204223633,40.83699119555835,39.41869940750105,39.43092454422416,10070675
2022-07-20,41.50334548950195,41.74176561227413,40.37849436030588,40.531327292447926,11004036
2022-07-21,41.65007019042969,41.77844911816783,41.020396947169075,41.38719602250848,9551106
2022-07-22,41.68674850463867,42.03520612188903,41.47278238169293,41.81512742977548,9009387
2022-07-25,41.790672302246094,42.13913365341332,40.97759955934232,41.19156567661667,9468604
2022-07-26,43.716365814208984,44.85344200844298,42.27362003196629,42.59762732477476,28957643
2022-07-27,43.759159088134766,44.26045333738001,42.85438665799159,44.015920652817286,11570152
2022-07-28,44.712833404541016,45.78878015327234,44.57222936437112,45.57481406578754,18063717
2022-07-29,45.18356704711914,45.55647867194508,44.27879454540596,44.62725589436376,12729511
2022-08-01,46.33898162841797,46.675214073118354,44.437736992044435,44.8106523343253,14685317
2022-08-02,45.45866775512695,46.49181920994454,45.43421373534396,45.99664121774001,9290599
2022-08-03,45.690975189208984,46.033320235668874,45.2752680836235,45.8010126631676,9678390
2022-08-04,45.03684997558594,45.63595664130781,44.96960422571593,45.53814430121023,6942669
2022-08-05,45.45866775512695,45.87437486197824,44.74952364033933,44.89012770357345,7447953
2022-08-08,45.959957122802734,46.93809168664566,45.764332455926,46.38789310000763,9833442
2022-08-09,45.80712127685547,46.51626907140196,45.77044212203651,46.07610798411591,7581496
2022-08-10,47.158172607421875,47.56165084144602,46.40623300612209,46.58963254369245,16331500
2022-08-11,48.23411560058594,48.423631449765146,47.65946297009331,47.68391699029255,14557872
2022-08-12,48.8637809753418,48.88823499160478,48.026254313038606,48.47252794459198,8273452
2022-08-15,48.790428161621094,48.9982779653707,48.34415447983456,48.48476228180924,5467107
2022-08-16,49.56070327758789,49.70131107345567,48.38083153549729,48.49087274471146,9268610
2022-08-17,48.85767364501953,49.13888550431052,48.45419543445827,48.94326083953933,6485057
2022-08-18,48.42362976074219,48.83933311701656,48.30136340716388,48.76597480213083,6421014
2022-08-19,47.51274871826172,48.04460590429328,47.2376493993171,47.98958529187367,5801930
2022-08-22,45.71542739868164,46.565175540467685,45.45866581663906,46.540725264880514,8143279
2022-08-23,46.52238082885742,47.2559788850571,45.80100790966662,45.84380337550328,7642490
2022-08-24,46.91363906860352,47.24375897907619,46.38789448541165,46.55295256907139,7649392
2022-08-25,47.76950454711914,48.71095625819043,47.26209766100995,47.29877682000685,8349212
2022-08-26,46.01497268676758,48.06293761127911,45.97829353364243,47.9223298239546,8628819
2022-08-29,46.4918098449707,46.97476260157782,45.40975056854933,45.75209929024459,7868808
2022-08-30,45.92939376831055,47.18262386841721,45.440324620237824,46.92586228494255,6886330
2022-08-31,44.896236419677734,46.33286971973798,44.84733212746197,46.100562166466275,10274200
2022-09-01,44.676151275634766,44.78007989995118,43.66745407327427,44.78007989995118,8002191
2022-09-02,44.27879333496094,45.45866509631426,44.08316867444519,45.11020375688231,6479760
2022-09-06,44.11373519897461,44.40717218933167,43.490174576054045,44.32158499679517,6472859
2022-09-07,44.98182678222656,45.079639116708925,43.84475043966866,43.954787912278896,5494394
2022-09-08,45.09798049926758,45.28749259888352,44.064829061808894,44.346040926705435,5810597
2022-09-09,45.263038635253906,45.83157867795502,45.042959946940066,45.56259569398985,10795534
2022-09-12,46.04554748535156,46.76080794306995,45.39753652070363,45.4892362914506,11661482
2022-09-13,43.30677795410156,45.15300218505303,43.172286459073746,44.786203115173656,11574005
2022-09-14,42.81159210205078,43.404582325608345,41.98629434627236,43.22118282432425,9968109
2022-09-15,42.12690353393555,43.27620871305824,42.02909120325878,42.65876439856112,7908775
2022-09-16,40.586334228515625,40.71471685464257,39.84662376646745,39.98111895975473,22966955
2022-09-19,40.98983001708984,41.25881675206848,40.01781172688351,40.09728261332165,8045047
2022-09-20,40.708614349365234,41.081525956141455,40.31124872475144,40.62302715851015,8379870
2022-09-21,39.8710823059082,41.00204585562264,39.834403155629026,40.97147927319793,10164733
2022-09-22,39.95667266845703,40.170638762475534,39.443153294182075,39.7365940060971,11345279
2022-09-23,39.46149826049805,39.7855056168933,38.85016645081143,39.46149826049805,13124524
2022-09-26,39.38804626464844,40.495932859948255,39.30235660897057,39.49822403308869,16780605
2022-09-27,39.46149063110352,39.975647190435566,38.873884740922854,39.69408267732228,12596770
2022-09-28,39.45537567138672,39.82262986956326,39.290109033528616,39.779781297764,10686228
2022-09-29,38.39645767211914,39.24114382201224,37.90066525709395,39.03303236139243,14124337
2022-09-30,37.8945426940918,38.73922887382071,37.876182232322485,38.34137014744655,12709126
2022-10-03,38.92897415161133,39.40640609808888,38.04144319177826,38.41481753566574,8721754
2022-10-04,41.34061813354492,41.401827170639685,39.70633459443594,39.712454748585806,12441557
2022-10-05,41.2794075012207,41.75071556951763,40.42860116892303,40.82033599295264,9327837
2022-10-06,40.53264999389648,41.303886733922035,40.269449678135715,40.84481528267962,7953396
2022-10-07,39.5165901184082,40.2633389245568,39.23502927745701,40.15928505326992,6856315
2022-10-10,39.77366256713867,40.16540114210311,39.21054094223836,39.816511140471064,5764210
2022-10-11,39.17381286621094,39.94504971497463,38.61069123637509,39.473737890974824,8500412
2022-10-12,39.62676239013672,40.04298535245601,38.59844904075855,38.98406748372489,8598323
2022-10-13,41.58544921875,41.84252564412885,38.678016562940826,38.98406171115258,12818915
2022-10-14,41.358985900878906,42.09961837877554,41.12639376751685,41.80581344970922,9106174
2022-10-17,42.00779342651367,42.962653565598416,41.88537536386697,42.203660827629335,8251944
2022-10-18,43.27481842041016,43.544138904958395,42.80351038329896,42.96265311350549,9806637
2022-10-19,43.17076110839844,43.446201724385915,42.442372952116536,43.011618390942914,8408280
2022-10-20,42.8280029296875,43.83183197422144,42.74230952080076,43.31155511402136,9609852
2022-10-21,44.57245635986328,44.62142508818434,42.69333669056271,42.84635928181856,10352529
2022-10-24,44.902984619140625,45.49059060315647,44.54185056457116,44.68263284360942,10913990
2022-10-25,44.6826286315918,46.05983178358683,43.50741302654419,45.90680921114294,15445168
2022-10-26,46.18836975097656,46.904517634910775,44.79892255184466,44.860135328296494,12975572
2022-10-27,46.51890563964844,47.51661444276131,46.451576448447724,46.702532750812914,10105505
2022-10-28,47.94507598876953,47.96956035227608,46.8739178785892,46.94124706738382,8648081
2022-10-31,47.62678146362305,48.269480006073735,47.46151858697405,47.60842100388285,10585428
2022-11-01,47.87162780761719,49.022355442368024,47.40643613309876,48.08585568705346,9174391
2022-11-02,47.37583541870117,48.75916274957575,47.30238606829998,47.798178553003666,10230221
2022-11-03,47.97568130493164,48.220517448477615,46.86779475714777,47.051425612605186,13947456
2022-11-04,49.6222038269043,49.67729270732636,48.618374914961535,48.96114475743526,11558435
2022-11-07,51.08510208129883,51.31769791794414,49.62220536677226,49.64668973080829,12864178
2022-11-08,51.41563415527344,51.85021758404644,50.58931212604943,51.29321607686988,10052376
2022-11-09,50.89535140991211,51.89918028577334,50.7423288296832,50.93819623325712,7961743
2022-11-10,52.26031494140625,52.43782188612612,51.50744233867612,52.16850139218539,13786304
2022-11-11,52.82955551147461,53.11723643971179,52.11952779891089,52.50514616874128,12490513
2022-11-14,52.5357551574707,53.31310836870199,52.43782145533256,52.62756870593728,7906367
2022-11-15,53.33759307861328,53.63139793473919,52.77447147680265,52.97033888235477,7913108
2022-11-16,51.966514587402344,53.20905956030362,51.81349199210899,53.14785052218628,7629328
2022-11-17,52.26643753051758,52.49903336516748,50.93207905388003,51.26260859603591,7466411
2022-11-18,52.321529388427734,53.34371884307654,51.93591094267742,52.93973993426077,6555521
2022-11-21,52.572479248046875,52.63980843328765,51.86245523062135,52.09504730216199,5247691
2022-11-22,53.43553924560547,53.61304247117993,52.639817942782685,52.82344507086525,6797569
2022-11-23,53.784423828125,53.83951271051525,53.21517828975565,53.2702671721459,5867738
2022-11-25,53.94968795776367,54.09659039822165,53.46613955679499,53.680371189355114,3040207
2022-11-28,52.31540298461914,53.59467249954953,52.125651987689615,53.37431698670205,6876058
2022-11-29,52.43169403076172,52.59084050231492,52.00323083337455,52.48678290569955,7205262
2022-11-30,52.62145233154297,52.85404442235112,50.91983961196664,52.41946101129037,11654259
2022-12-01,52.18686294555664,53.013188653636064,51.94815071082466,52.768348769458505,6806718
2022-12-02,53.17844772338867,53.22129254505573,51.666582441258406,51.764519887007495,7191459
2022-12-05,51.819610595703125,52.67041694963414,51.79512997942721,52.54187872299373,7568656
2022-12-06,52.19910430908203,53.31310717304018,51.70330816024363,53.01318591968058,9444207
2022-12-07,52.02772521972656,52.68878435076892,51.917551196418295,52.02772521972656,7801715
2022-12-08,51.18916320800781,52.75611389258373,50.61379747872652,52.394979804688155,10334231
2022-12-09,49.85479736328125,51.29320960297605,49.781344276831,51.18303184719951,8899117
2022-12-12,50.93207550048828,50.96268001618608,49.59771711694528,50.0200601831344,7480054
2022-12-13,50.73008728027344,51.96651203827184,50.148601446682505,51.764524471071624,12391318
2022-12-14,49.91521835327149,51.0609353943522,49.835568230923336,50.47275795545235,12271899
2022-12-15,48.28548049926758,49.75591643330488,48.09554618998644,49.0574586143535,15598294
2022-12-16,47.574764251708984,48.0036413761941,46.98659065984159,47.66054042688963,15978540
2022-12-19,47.82597732543945,48.0036557949501,47.29907173594727,47.32970582546914,7061125
2022-12-20,49.216758728027344,49.504721370578224,47.69730664998052,47.81371692031306,11196647
2022-12-21,50.840370178222656,51.214105264542326,49.608876961394536,49.651763179781554,12127441
2022-12-22,50.09902572631836,50.67494731313879,49.1861291819499,50.350228241262045,9730074
2022-12-23,50.11128616333008,50.478895241315904,49.60275877154864,50.06227011903093,5286213
2022-12-27,50.754600524902344,50.907770969461154,50.178678903077376,50.239947080900905,6804792
2022-12-28,50.22156524658203,50.95678338221515,49.811069954754544,50.84650291272168,6210907
2022-12-29,51.312137603759766,51.41016593304737,50.23994454594766,50.39311498277796,7088733
2022-12-30,51.33664321899414,51.48368758174651,50.7178354334725,50.79748180604171,6625342
2023-01-03,52.06573867797851,52.13313292122611,51.18347619419278,51.4959431411909,10280781
2023-01-04,55.09618377685547,55.09618377685547,52.38846596059814,53.69130744879955,21031104
2023-01-05,55.95166015625,56.15572231610445,54.15436306341322,54.86072515259836,16001061
2023-01-06,56.461814880371094,56.76790438540931,55.52784667804572,56.51675440706192,13018044
2023-01-09,57.03475189208984,58.00795996106952,56.477512393144835,56.508904265605445,9488844
2023-01-10,59.07535171508789,59.1538351484086,56.66587542394717,56.66587542394717,11597142
2023-01-11,60.97468185424805,60.982529822668845,59.263715947364645,59.507017974085166,12729603
2023-01-12,61.89295196533203,62.16764962396551,60.66074211291761,61.12380227257732,14407871
2023-01-13,62.94464111328125,63.258582335627075,61.61040029685818,61.83015840221652,13843395
2023-01-17,63.1722526550293,63.305675622795846,62.59931343849908,62.72488843774042,10640727
2023-01-18,62.2147331237793,63.71378496909017,62.112702042164955,63.52542624389507,9816378
2023-01-19,60.3232536315918,61.80661331142926,60.174130991129246,61.17088666252218,13045860
2023-01-20,60.966835021972656,61.021774553361006,59.38929205168246,60.896199553450195,10351409
2023-01-23,62.60716247558594,62.80337294632202,60.85695667344141,60.91189620547456,13729748
2023-01-24,63.337059020996094,63.45478603595774,60.80200796700169,61.21797650310494,16767395
2023-01-25,63.4077033996582,63.84721212259356,62.34031221052218,62.615006100211474,10652380
2023-01-26,63.68240737915039,64.02774053942386,62.881865736170425,63.94925334300392,8158534
2023-01-27,65.3227310180664,65.91921413958826,63.49403430807522,63.572521496088456,9760244
2023-01-30,63.4390869140625,64.94598662760092,63.3135119379343,64.67914074118306,7175806
2023-01-31,63.164398193359375,63.5018833137647,62.371700933934655,63.140854290204,8625026
2023-02-01,64.60852813720703,64.7262551810573,62.795530911629015,62.99958937030709,9112192
2023-02-02,65.87995147705078,65.95059068012286,64.27886873483408,64.5064747745998,10391129
2023-02-03,64.32595825195312,65.68374656009611,64.21607921248385,65.54247565301746,7240085
2023-02-06,64.63206481933594,64.70269653604596,63.76088779337988,63.94139857225457,5425114
2023-02-07,64.4437026977539,64.64776489811004,63.2114965322679,64.34167159757584,5891982
2023-02-08,64.32595825195312,64.8282656478854,63.80796242505257,64.11405564275336,4269472
2023-02-09,63.4077033996582,64.85181956681207,63.13300200713132,64.62421348581091,4838334
2023-02-10,63.80012512207031,63.84721293135492,63.10161093398927,63.42340013928044,4373095
2023-02-13,64.89106750488281,65.079433768816,63.63531742145662,63.72949305058469,5114245
2023-02-14,65.56602478027344,65.77792740636487,64.32596337965145,64.45938633046347,6726731
2023-02-15,66.53138732910156,66.547083264752,64.70269078042821,64.83612123913159,7305617
2023-02-16,65.96630096435547,66.35087392447798,65.12651582567094,65.62096784623387,5645893
2023-02-17,65.17359924316406,65.78578575414213,64.53787633140973,65.60526748742971,5543523
2023-02-21,64.56143188476562,65.44046446765576,64.20825075831985,64.46725625331771,5101965
2023-02-22,65.29132843017578,66.18605681987543,64.43584738397158,64.4829426955986,10829053
2023-02-23,65.09512329101562,66.2488421596669,64.27888206582074,65.52678405715562,10120732
2023-02-24,65.5738754272461,65.7543861906017,64.08266399912286,64.16899914829501,8704340
2023-02-27,65.80148315429688,66.60202091199982,65.52678176417918,65.92705814586817,8007297
2023-02-28,66.48429107666016,67.22205256163164,65.50323508971908,65.62881007597944,11441143
2023-03-01,66.03692626953125,66.994438235319,65.73083305790108,66.44504304886853,7512988
2023-03-02,67.27699279785156,67.28484076608603,65.4404556884194,65.61311849241551,8546337
2023-03-03,67.79499053955078,68.31299397117314,66.82963039799543,67.41826554563137,9618780
2023-03-06,68.39202880859375,68.98906484885445,67.92853941433695,68.06208606034086,8084105
2023-03-07,67.86567687988281,68.80051073155367,67.63785984830969,68.31345570123632,8643445
2023-03-08,68.32917785644531,68.66697584060947,67.61430567244419,68.16421024082685,7598067
2023-03-09,71.92710876464844,74.5823463167852,70.52093004279024,70.67019469077019,35826152
2023-03-10,71.4871826171875,74.00101818799574,71.32221499749363,72.1941995755204,23152683
2023-03-13,69.8924560546875,71.27506871041875,68.86335931437489,70.46592624734402,14201502
2023-03-14,71.62073516845703,73.12117672811522,70.85872401410636,71.62073516845703,14218418
2023-03-15,70.5130615234375,70.5130615234375,67.9128186758488,69.90817033118248,15107797
2023-03-16,72.24919891357422,72.35132459388336,69.57825077693836,70.23027356842898,10183883
2023-03-17,70.92941284179688,72.1391951145345,70.19097509192233,72.10777414895456,12765689
2023-03-20,70.6387710571289,71.66787562748912,70.23813107665569,71.19653093997069,8705343
2023-03-21,72.41415405273438,73.08974996912815,71.45575438565078,71.4714648707122,8553980
2023-03-22,70.3795166015625,72.74409473298664,70.34809563231883,72.65767955777466,8784783
2023-03-23,71.95067596435547,73.01905670386004,71.11797506703184,71.19652750463221,10834691
2023-03-24,71.7778549194336,72.54771388627891,70.9530017350745,71.14939785366258,8342975
2023-03-27,73.30186462402344,73.56110267572139,72.35917533799966,72.4927219855473,7524516
2023-03-28,73.16829681396484,73.63964136902698,72.71267025255744,73.3254166721799,5023152
2023-03-29,73.89103698730469,74.17384073689033,73.58466000042687,73.82033229501225,6162254
2023-03-30,73.8831787109375,74.08743004789649,73.49824927573981,73.80462628117829,6623107
2023-03-31,75.10083770751953,75.15582441840193,74.08744359025587,74.26027398690265,9247391
2023-04-03,76.13777923583984,76.15348972243233,74.91228618369766,75.21866320162962,6199468
2023-04-04,74.66875457763672,76.88407575325229,74.37024032896228,76.16920359325691,8554983
2023-04-05,74.04029846191406,74.88086202743065,73.57680908796671,74.61376874712651,10642230
2023-04-06,73.52969360351562,74.15029548131933,73.48255462570886,73.9381888556742,8025340
2023-04-10,74.126708984375,74.62161929905952,73.53752825027628,73.71035109437562,7499832
2023-04-11,73.77320098876953,74.59804651168953,73.74962775142981,74.24453806909864,6663078
2023-04-12,73.9224624633789,74.3702413523447,73.69464539740657,74.04815386083338,8768118
2023-04-13,74.0795669555664,74.38594392854166,73.42754430868965,74.14241640250687,11044694
2023-04-14,74.97512817382812,75.13224053390054,73.69464103633048,73.73391724890057,7211767
2023-04-17,76.01993560791016,76.08278505789819,75.00654924391385,75.11653014904884,7676003
2023-04-18,77.35541534423828,77.39469906964878,76.09064610341738,76.20062701693998,8909832
2023-04-19,77.79534149169922,78.01530332579428,77.31614160663244,77.44183301043063,7038101
2023-04-20,78.36881256103516,78.92656488522127,77.81890797050697,78.00744883291463,8661237
2023-04-21,78.17240905761719,78.62018793111672,77.87389481514566,78.54162799424894,5112741
2023-04-24,78.6751708984375,79.16222596237336,78.22739955596842,78.22739955596842,7833505
2023-04-25,77.33184814453125,80.13635012134561,76.63268646107122,80.08921115370782,11649768
2023-04-26,75.58003234863281,77.33971211042073,75.48576191251726,77.16688923570337,8032357
2023-04-27,77.03333282470703,77.13545849174946,75.8863922684365,76.21633499815997,9348633
2023-04-28,77.74819946289062,78.33738018491574,76.10634868352783,76.30274476080017,6279159
2023-05-01,79.48432922363281,80.12850428187068,78.06243996092395,78.15671039747015,7408237
2023-05-02,79.74354553222656,80.15204814252782,78.7065935425509,79.03652871574333,7485046
2023-05-03,79.94780731201172,80.87478603860208,79.58644361467219,80.03422249240379,5917543
2023-05-04,78.02315521240234,79.93209942716616,76.52271367475244,79.7278480886092,9055431
2023-05-05,78.74588012695312,79.9399521285959,78.36095070098236,79.01297340131714,6302841
2023-05-08,79.28006744384766,79.42932455391275,78.73016294651347,78.73016294651347,4282128
2023-05-09,79.3429183959961,80.04993532584851,79.16223278713062,79.16223278713062,6520737
2023-05-10,78.19599151611328,79.86926370791751,77.34757255362885,79.72000655474753,5053224
2023-05-11,78.17240905761719,78.54162799424894,77.63036727162701,78.0860013878341,5117628
2023-05-12,77.61466979980469,78.55735165131556,76.75838812277127,78.22741638269385,4332874
2023-05-15,80.12850952148438,80.37203711777354,77.78749649150937,77.88176693421994,7973716
2023-05-16,79.44505310058594,80.30918249875597,79.25651222726468,79.52361304943535,5523851
2023-05-17,81.28327941894531,81.36969459745171,79.77498272024549,80.02636550336213,6871703
2023-05-18,81.70750427246094,81.91960336313949,79.91639605364192,80.8276568956278,5772320
2023-05-19,81.90388488769531,83.09795691711848,81.57394966335424,82.10813622451026,7230687
2023-05-22,82.13169860839844,83.22364492494184,81.77819015975125,81.77819015975125,4996087
2023-05-23,79.89282989501953,81.80962951316113,79.56288713047223,81.5896676701296,5738239
2023-05-24,79.32720184326172,79.71213125079842,78.48663833669333,79.562874135189,6275400
2023-05-25,79.75141906738281,80.19919798915879,78.98156014028821,79.6571561447294,6737506
2023-05-26,80.70983123779297,81.6603759320106,79.78285978764718,79.8064255219248,6796523
2023-05-30,80.4427261352539,80.96905749634521,79.07583113926276,80.92978127829157,7098370
2023-05-31,79.75927734375,80.00280492278415,78.32954035475105,79.59430971304064,13358734
2023-06-01,82.22595977783203,82.6187443955349,79.39789250687205,79.50787340139547,7797043
2023-06-02,83.11366271972656,83.82853484850439,82.12384208289328,82.87799042430986,7477278
2023-06-05,81.77820587158203,83.11367998645513,81.77820587158203,83.11367998645513,5108732
2023-06-06,82.84657287597656,83.35719370053866,81.7781922599468,81.95887786513202,7794036
2023-06-07,83.33362579345703,84.31559120264953,82.9879725876195,83.77354942084882,9121088
2023-06-08,83.32577514648438,84.22918817903451,82.980121921583,83.14509704584992,4477596
2023-06-09,83.50646209716797,83.70285068711458,82.54806234767521,83.49860685396182,4365076
2023-06-12,83.45146942138672,83.9699530315026,82.99583526786996,83.51431887798584,4677449
2023-06-13,83.85211181640625,84.17419179395733,83.12152166027734,83.29435202316114,5411582
2023-06-14,82.24954986572266,83.89925626243118,81.66822425384865,83.836406799891,6429268
2023-06-15,82.80729675292969,82.98797484852153,81.69178467855801,82.04528562688085,8733159
2023-06-16,83.49861907958984,85.54896552307855,83.22366299773795,83.23151824209424,13731752
2023-06-20,81.71536254882812,83.4357661280733,81.23616262394496,83.33364044591555,8068443
2023-06-21,82.52449798583984,83.02727115408327,81.36970952217408,81.41684098648118,5983576
2023-06-22,82.34381103515625,83.10581468519123,82.20240914760049,82.21811963401859,5292046
2023-06-23,81.52682495117188,81.99031440663823,80.63127452740862,80.98478305226634,7532911
2023-06-26,82.05315399169922,82.57163009514667,81.19687238296099,81.33041903052192,5326378
2023-06-27,82.42237091064453,82.65018047331641,81.98244725212075,82.19455383817991,5973427
2023-06-28,84.09562683105469,84.3470095852431,82.46163141903865,82.71301417322707,6009012
2023-06-29,84.63768768310547,84.70839238423979,83.30221368337979,83.44361557585542,4070746
2023-06-30,86.29523468017578,86.61732213815696,85.31326933170173,85.61963879556893,9250648
2023-07-03,85.06190490722656,85.88675057077913,84.29989368472197,85.67465147689629,3723916
2023-07-05,85.35254669189453,85.6196399485529,84.65338507138917,85.0147487450422,4588235
2023-07-06,84.3470230102539,85.4311141264115,83.94637558029203,84.84978859865294,4594375
2023-07-07,85.05404663085938,85.52538377474437,84.00923164723386,84.16634402852887,4843847
2023-07-10,86.89363861083984,87.05087467657323,85.19554621754769,85.22699042455602,5805400
2023-07-11,87.43608093261719,87.6797885458108,86.65778427140025,87.05086688520555,4746113
2023-07-12,87.42036437988281,88.0257029257689,87.17665675121887,87.49111384381035,5403938
2023-07-13,87.4832534790039,87.90778032728427,87.12162255894296,87.45967032417627,3477075
2023-07-14,86.69710540771484,87.43608936965147,86.50056408184719,87.26313119920492,3405529
2023-07-17,87.3731918334961,88.16721065882986,86.59490262683312,86.80716605241238,4557412
2023-07-18,87.31029510498047,87.91563360207155,86.88576829425281,87.18451077501395,4476718
2023-07-19,86.3905029296875,87.11376479712287,85.55717882022103,86.73641175959303,5604920
2023-07-20,87.45181274414062,87.92350592080106,86.44553797544954,86.50842639081974,5158852
2023-07-21,86.73641967773438,87.95495798787678,86.33548344788494,87.60904912639334,10277106
2023-07-24,86.67351531982422,87.24740211721974,86.52414031674634,86.7914386028437,6687261
2023-07-25,92.1058349609375,92.73475659837489,89.33071119010928,90.01466018285903,21329067
2023-07-26,90.1876220703125,92.2866504708514,89.18920845976756,92.0901166783835,9449750
2023-07-27,90.73793029785156,92.18445395479324,90.3527162291684,90.84799253395326,7752311
2023-07-28,89.9281997680664,91.07598095920012,89.63731830790711,90.82441227305172,5600785
2023-07-31,89.8102798461914,90.2112160456552,89.40147507935356,89.96750840209651,5169252
2023-08-01,89.00840759277344,89.77883584989911,88.26156249376139,89.37789961592719,6595040
2023-08-02,88.02571105957031,89.2285272109383,87.99426685047477,88.81186137903697,5377375
2023-08-03,88.33230590820312,88.96909622566558,87.69552310608691,87.9156475974063,4347409
2023-08-04,88.88261413574219,89.51939691636002,87.8920614735931,88.6939338594538,6118274
2023-08-07,90.19549560546876,90.39202942513914,89.25997027411583,89.25997027411583,4140914
2023-08-08,89.26782989501953,90.2741046797951,88.92978211096333,89.9282033590381,4735463
2023-08-09,88.18294525146484,89.56658072417926,88.03357773337656,89.54299005050484,3900213
2023-08-10,89.28355407714844,90.4392039084051,88.40306361997679,88.40306361997679,5853515
2023-08-11,90.09329223632812,90.71435291972648,89.18921865084462,89.25996811869288,4463437
2023-08-14,90.8401336669922,91.07598024783238,89.77882405321131,90.0146706340515,4916020
2023-08-15,89.50366973876953,90.1404524832894,89.20493475281795,90.13259143183517,4276614
2023-08-16,89.28355407714844,90.67505050599436,89.20494355484955,89.40933842817296,4614924
2023-08-17,87.23168182373047,89.92819528673768,87.2159597210479,89.6058696357085,5734981
2023-08-18,87.88420104980469,87.9942632925352,86.4927046694342,86.71282915489523,5651281
2023-08-21,88.06502532958984,88.42665631722082,87.27887492970359,88.08074743574592,3686075
2023-08-22,87.7820053100586,88.87475923791878,87.13735391755644,88.16721942586315,3308421
2023-08-23,89.20494842529297,89.43293398309999,87.65622335194513,87.65622335194513,3568043
2023-08-24,87.2945785522461,89.59014835656741,87.278856449419,88.99267087241006,4211960
2023-08-25,88.02571105957031,88.34016818121844,86.64993672748416,87.61690627994288,3903596
2023-08-28,89.59016418457031,89.84173290493989,88.16722344317895,88.48168810131435,3524313
2023-08-29,90.66719818115234,90.93448901338988,88.77256416583582,89.36218071656393,5833091
2023-08-30,89.86531066894531,90.86372443768882,89.58229775435485,90.2898375561774,6086573
2023-08-31,89.98323059082031,90.36058363455533,89.47223214713831,90.0775707305906,5218620
2023-09-01,89.8102798461914,90.76938831637018,89.2521075754764,90.42347948110204,4435119
2023-09-05,88.74110412597656,89.77096200630783,88.29299412427895,89.37788688104719,4406550
2023-09-06,88.58386993408203,89.67663128085455,87.99426099141408,88.71752284453156,5018014
2023-09-07,87.88420104980469,88.95336423859362,87.58545852943728,88.22224131460622,4139035
2023-09-08,87.82916259765625,88.07287022907074,87.4360874698077,87.65621194631352,3170967
2023-09-11,89.82600402832031,89.85744823715956,88.14363364057279,88.24583483464662,5272499
2023-09-12,90.40775299072266,91.83855457454452,89.62159521864699,89.81813654050234,5275255
2023-09-13,89.30712890625,90.69076415384671,88.55242287047666,90.16404364217388,3508651
2023-09-14,90.91875457763672,92.1451538306965,89.87316703409469,89.91247229369725,6637768
2023-09-15,90.79296875,91.12315547131148,89.77882543068884,90.73793387210848,8437076
2023-09-18,91.64201354980467,92.31810157032906,90.34485735511444,91.0209528909846,4700880
2023-09-19,91.35899353027344,91.7284854760656,90.58069686805068,91.2096185294687,3882045
2023-09-20,90.28983306884766,92.50678499210052,90.26624239768222,91.61057246354083,5134919
2023-09-21,88.82759094238281,89.88890072659203,88.09646792744141,89.58230463147311,5760292
2023-09-22,87.45968627929688,88.99268932225084,87.31817980917054,88.75684270025792,6249463
2023-09-25,87.89236450195312,88.08118054631984,87.03484063535797,87.10564853218393,4741101
2023-09-26,86.48413848876953,88.06545227058336,86.34253020760444,87.3259289876026,6022043
2023-09-27,87.23938751220703,87.80582058701934,86.65721350020232,87.03483805699506,5912656
2023-09-28,88.38013458251953,88.89150073851408,87.19218634390619,87.37313568816052,5518337
2023-09-29,86.97190856933594,88.70269742172478,86.46840909255175,88.6082893896391,4924165
2023-10-02,85.58728790283203,87.48328523492951,85.04444734054587,86.89324441538143,5389278
2023-10-03,84.77696228027344,86.53135128062982,84.21052160201303,85.20966137852528,8624900
2023-10-04,85.6344985961914,85.9177227365433,84.46229104453926,84.9421904682057,4876551
2023-10-05,85.53221130371094,85.87050236800098,84.32066285635007,85.2568614349711,4819539
2023-10-06,87.6957015991211,88.03399270141087,84.92644661969352,85.241137591284,5284026
2023-10-09,86.74376678466797,87.43607480730425,86.17732611091591,87.33380006558122,5418473
2023-10-10,87.70356750488281,88.89150832411556,87.20792720346851,87.49115130724165,5707039
2023-10-11,89.10391998291016,89.21406143086345,87.96317947870351,88.11265447208497,3580573
2023-10-12,87.58555603027344,89.4815457561206,87.13712352348702,89.29273721483202,3861746
2023-10-13,86.05145263671875,87.69569267799244,85.4850119537811,87.56195109687954,4578337
2023-10-16,85.86262512207031,87.26298946348226,84.95790101262439,86.45266585464536,5616698
2023-10-17,86.55493927001953,87.08203880676395,85.01296668035582,85.55580715438309,4916647
2023-10-18,84.62748718261719,86.20879353352275,84.50161231212363,85.76822772641795,6080433
2023-10-19,84.13971710205078,85.83116482397318,83.91943420901595,84.70615775260404,5035055
2023-10-20,83.45527648925781,84.36787498692426,83.0225848904458,83.94304257711264,9714760
2023-10-23,83.93517303466797,85.20179599084578,83.54968170739812,83.76996461462511,7300229
2023-10-24,89.38714599609375,90.38627823750844,85.21752686456256,87.365273864745,15904078
2023-10-25,87.4832763671875,89.94570661984302,87.39673505022475,89.94570661984302,8224191
2023-10-26,85.59514617919922,88.36440064308788,84.1554482254977,87.93170157779892,9738191
2023-10-27,83.6677017211914,86.41335669942379,83.17993558071079,85.94132398015148,6677237
2023-10-30,86.38973236083984,86.91683190664565,84.50946872121264,84.588143325965,5611435
2023-10-31,85.46141052246094,86.34253461078698,85.0365781365464,86.15372606652299,6349452
2023-11-01,84.375732421875,85.22538962734667,83.25859207261217,85.20178950067466,12703791
2023-11-02,84.79268646240234,85.9334344040275,84.46226966343504,85.6580845646368,9398127
2023-11-03,85.68955993652344,86.10651809140937,85.03657794053102,85.39846913035363,6941620
2023-11-06,87.93956756591797,88.01824217371326,85.39059600994646,85.98063676652608,6131806
2023-11-07,87.95530700683594,88.84429772054732,87.21578375595863,87.60914926748487,5237415
2023-11-08,89.56807708740234,89.72541877438513,88.10477909242762,88.26998748772186,6065021
2023-11-09,88.97017669677734,90.29186652604592,88.84430183307339,89.9614421885402,5786605
2023-11-10,90.68521881103516,90.91336839723932,89.04884568617064,89.47367050407395,4382618
2023-11-13,90.88191223144533,91.7001026502958,90.24467116941244,90.58295471345464,5753776
2023-11-14,92.24293518066406,92.4868182110533,90.92124528682002,91.65289437798774,6007634
2023-11-15,91.4955596923828,92.4396250491141,91.039260433862,92.01479263028294,5245309
2023-11-16,93.5724868774414,93.58822781600809,91.50341458228208,91.72369747316488,5825072
2023-11-17,94.3513412475586,94.46934939883332,93.5724844408438,93.87930864245968,5186418
2023-11-20,94.46148681640624,94.9885864054396,94.12319576520758,94.3513453690217,5190678
2023-11-21,94.31987762451172,94.60309418891347,93.65116223759934,94.24906972303414,3506019
2023-11-22,94.09172821044922,94.7919104346343,93.90291215330215,94.32774452150588,3773785
2023-11-24,94.3828125,94.68177000690736,94.15466289547328,94.3906792090696,1981995
2023-11-27,94.3828125,94.65816235894424,93.87144632745944,94.17039631361244,3984415
2023-11-28,93.5016860961914,94.49295158015748,93.27353649738107,94.38281013518856,4378107
2023-11-29,93.50955963134766,94.170400828649,93.18700198176636,94.0287925378526,3792831
2023-11-30,95.82251739501952,95.85398423355922,93.54102870654872,93.65903687182744,10174611
2023-12-01,96.37322998046876,96.96327083935576,95.5629061981632,95.74384805048572,5668572
2023-12-04,95.61009979248048,96.30241535473924,95.31901649874348,95.83038270054053,4747116
2023-12-05,94.5873794555664,95.33476207980772,94.3985633614974,95.20102048015708,3688206
2023-12-06,94.2569351196289,96.43614884734768,94.17039380141776,95.25606731084729,3964241
2023-12-07,93.99732208251952,94.422146938559,92.96671549786518,94.01305550080754,5064626
2023-12-08,94.87059020996094,95.05153958231844,93.60397468647967,93.69837520692155,4925418
2023-12-11,94.6266860961914,95.1223188012191,94.1231866828778,94.87056909456228,4643869
2023-12-12,96.23161315917967,96.35748050912696,94.8863156075622,95.18527312595096,4664543
2023-12-13,95.33474731445312,96.26307917846108,94.81551441731526,96.08212982294056,5506309
2023-12-14,95.4684829711914,96.29454004223902,94.32774250596172,95.29540785646668,10454155
2023-12-15,96.947509765625,97.2936674990034,95.846102898014,96.30240207022884,13586279
2023-12-18,97.27008056640624,97.4274222771898,96.84525569106422,97.29368069491058,5206215
2023-12-19,99.07953643798828,99.11101079670908,97.3172882213236,97.3172882213236,5957138
2023-12-20,97.05767059326172,99.29982583931576,96.93966242241676,98.67831814506712,6231921
2023-12-21,99.88985443115234,99.95278810347448,97.70277394437944,97.7342407805405,5185165
2023-12-22,99.66957092285156,100.72377761454594,99.26834620200516,100.2202781560514,4030650
2023-12-26,100.28321075439452,100.47202680968574,99.63023631129134,99.7561111745674,2480063
2023-12-27,100.9208526611328,101.08616481332626,99.85811233151998,99.89747057597629,3314310
2023-12-28,101.01531982421876,101.70807007848904,100.61383562944916,100.76341200911628,3965494
2023-12-29,100.47215270996094,101.14128811273456,99.94472205812332,100.95235346180522,4441133
2024-01-02,99.14962005615234,100.8814957167022,98.5907028757624,99.98406752771794,5189425
2024-01-03,97.66178894042967,98.5749529098665,97.33902875248992,98.49623641925469,4531850
2024-01-04,98.13410949707033,99.007915145614,97.74837615000835,97.85070757895168,4364199
2024-01-05,99.41728973388672,99.45664798321909,98.18922957446034,98.32305514766826,4190157
2024-01-08,100.98382568359376,101.10191546771934,97.77986892780108,99.36216818350212,6920068
2024-01-09,101.37744140625,101.37744140625,99.9368393106881,100.1887471336356,4815028
2024-01-10,102.1016845703125,102.47167467840852,101.16489806291884,101.3144669309837,4571320
2024-01-11,102.20402526855467,102.49529135999862,100.6138466637942,102.43231816205518,5014005
2024-01-12,102.17252349853516,102.96761274141888,101.69232279823882,102.8101722328638,5640380
2024-01-16,100.7397918701172,102.21975972496624,100.16513138668638,101.70807243403104,6314619
2024-01-17,99.88172912597656,101.29871625834086,99.33855524052316,100.30682827587668,5031171
2024-01-18,101.19638061523438,101.2908479322532,99.79514426045196,100.13364023109686,6508082
2024-01-19,102.18827056884766,102.37719766707885,100.32256938026852,101.3144573410438,6154611
2024-01-22,103.3061065673828,104.12481068114003,102.54251151802472,102.55825481485974,10052443
2024-01-23,102.29846954345705,103.81779554452208,99.58258523372368,100.47213419804552,13333800
2024-01-24,102.28273010253906,102.64484852585424,99.54322321840084,102.55038121423355,10785198
2024-01-25,102.28273010253906,104.30587178889223,102.0938030047746,102.84165479794092,6086573
2024-01-26,103.27462768554688,104.1011959839675,102.64485061225916,102.75506122381066,4696495
2024-01-29,103.20377349853516,104.0224776589858,102.09380327907152,103.4399380154829,6126544
2024-01-30,105.43158721923828,105.70711751026263,103.29824241027806,103.50291280945294,7871346
2024-01-31,104.2428970336914,105.85668285396152,104.00673252092244,105.305629815675,6253472
2024-02-01,106.59667205810548,106.63603783056804,104.28226415130923,104.72310661945232,6190572
2024-02-02,107.4862289428711,108.171100069705,106.30540627525752,106.61241565355056,6103864
2024-02-05,108.40725708007812,109.13936557809684,106.8643160698372,107.04537904486216,7158013
2024-02-06,108.304931640625,108.94258043177932,107.51772150221817,108.38365566465684,6026178
2024-02-07,109.02915954589844,109.28894654603386,108.58045296488764,109.1236268618134,5807655
2024-02-08,109.4621353149414,109.80063882244964,108.83236572276188,109.14724675611284,4327110
2024-02-09,109.64320373535156,109.76127848459709,108.80087698690974,109.43065413575368,4324604
2024-02-12,110.34380340576172,110.85549821123884,109.34404379244256,109.847859423549,4516313
2024-02-13,111.60335540771484,111.61909870626388,109.17873692161864,110.07615761725428,9054930
2024-02-14,115.32687377929688,115.64175478751191,112.05993628483463,112.57162356729182,13116028
2024-02-15,116.7989730834961,117.20832144168574,115.55517718415112,115.7204893522613,8627532
2024-02-16,117.42086791992188,118.3655260565969,116.90918060438204,117.25555575619472,8616756
2024-02-20,116.99578094482422,118.34978748289504,116.36600381157834,117.31066198596938,7166032
2024-02-21,117.35002136230467,117.60192919167793,116.24004355262448,116.87769230086052,5302571
2024-02-22,119.39678192138672,119.85336017323874,117.96405139278826,117.96405139278826,5753024
2024-02-23,120.70354461669922,121.07354222910593,119.58570270675122,119.65655507466418,7066168
2024-02-26,121.83714294433594,122.15990315112712,120.88461314848188,120.96333716916882,7705449
2024-02-27,121.22311401367188,122.026067400182,120.52249206870484,122.01032410148304,7300354
2024-02-28,122.4983901977539,123.52177229013937,121.08928225601804,121.35693337116548,7633025
2024-02-29,123.50602722167967,123.73432008882,122.09691177466772,122.79753367375667,8177329
2024-03-01,124.89154052734376,125.41897871246714,123.4903040265406,123.592635478041,8698201
2024-03-04,126.74935913085938,127.34763458852966,124.83642791467018,125.45832584607165,8402242
2024-03-05,124.26961517333984,127.64677056797824,123.26198397664916,127.15082661801476,8003663
2024-03-06,125.56066131591795,126.72574065208325,124.74982877012144,125.24577277154222,8198755
2024-03-07,131.07118225097656,131.25224526157476,127.19021777900689,127.56020039966562,14393838
2024-03-08,132.22052001953125,138.4001419450785,131.7403192364084,133.44070110361747,21242234
2024-03-11,131.118408203125,132.58262544272094,128.30017682648156,131.53563576468537,9338609
2024-03-12,131.82687377929688,132.09452487940428,129.04800124575763,131.81900213079234,6928589
2024-03-13,133.95237731933594,134.6529993093207,130.2918343723071,130.2918343723071,8462887
2024-03-14,131.2679443359375,134.4167991051476,130.38625958221604,134.02318661488945,9460777
2024-03-15,132.95262145996094,134.22003237838516,129.80376576363415,130.40204127198683,13263757
2024-03-18,133.7555694580078,134.41683319098422,132.7085798356785,133.0077175776361,6228788
2024-03-19,136.55020141601562,136.92018404832868,133.03921945411017,133.67686831102068,9360787
2024-03-20,136.92015075683594,137.58928605371793,135.40870389050184,135.88103291760044,7229434
2024-03-21,139.05349731445312,139.37624995102706,136.25888151044552,137.46331897496674,7890893
2024-03-22,137.88055419921875,139.7305120918981,137.82545265711093,138.78585402337706,6842132
2024-03-25,136.57376098632812,138.16392408201176,136.02270051021537,137.49480394472323,6288181
2024-03-26,136.6210174560547,137.8018400618548,135.7157176164489,136.5737875620135,5056983
2024-03-27,141.7930145263672,141.98194916361646,137.51058137079465,137.77823250233325,12606433
2024-03-28,138.17971801757812,141.67495654175224,137.23505977055575,141.65921324103232,12122274
2024-04-01,138.0458984375,138.57332910770836,136.235298467043,138.23483309501006,7399592
2024-04-02,134.61122131347656,142.54170644513718,132.16500419066472,138.61591996522046,20490400
2024-04-03,143.6365509033203,145.9249581364963,136.1302037209611,136.2682962228973,16208500
2024-04-04,145.3824462890625,149.9197971476221,144.21852592459643,144.65252017936004,11880200
2024-04-05,154.17108154296875,154.33876421126624,146.50691046881906,146.50691046881906,14777900
2024-04-08,154.3880615234375,155.79857641725434,151.60646522658234,155.3251186617505,9588800
2024-04-09,152.38575744628906,155.7197095513021,148.87423417354643,154.00341904456047,8807300
2024-04-10,154.47686767578125,155.6407880622486,149.58441957014983,149.82115602800357,8075400
2024-04-11,155.5322723388672,156.2819301986975,152.6421883715403,154.93059544751284,6063200
2024-04-12,152.795166015625,155.11727188070154,151.21414557655848,154.0500853459909,6851300
2024-04-15,151.87620544433594,156.8069999433323,150.87819544912742,155.33467473262212,6423700
2024-04-16,154.89988708496094,155.1568115857751,150.19637447032017,150.88806528457192,6187200
2024-04-17,153.82284545898438,156.79712390250904,151.80705837296145,156.12519989974504,6519900
2024-04-18,151.12521362304688,156.1251691596472,151.06592799656198,154.8208250660673,6186600
2024-04-19,146.30313110351562,151.70822578759606,145.03832067323245,151.62917325098715,9566100
2024-04-22,148.4078826904297,150.10747477538948,147.06401953203664,147.06401953203664,7322800
2024-04-23,160.6903533935547,161.70813025254964,151.0066518255534,155.9571979574918,19250900
2024-04-24,157.3010711669922,160.4136875781193,153.7141395277519,159.94926334083962,10416000
2024-04-25,159.34649658203125,159.56388728621687,155.25562208702894,156.21411335246663,5908200
2024-04-26,160.42356872558594,161.4314545985917,158.4077668241164,159.09945764217792,5898000
2024-04-29,162.5381622314453,164.09941571412344,161.06583718745526,161.06583718745526,5371700
2024-04-30,159.89984130859375,164.2871433341723,159.6626837351595,161.6191847133782,6723600
2024-05-01,157.8050079345703,161.36229661701094,156.9354602059854,160.64096296780718,4775800
2024-05-02,160.7101287841797,160.88800076189446,157.52833578856712,159.47496116407325,5030400
2024-05-03,162.1626739501953,163.33855584153648,160.08758648574286,163.33855584153648,3968600
2024-05-06,165.97686767578125,165.9867435877092,163.07175132978213,163.16067977031807,4831600
2024-05-07,166.77725219726562,168.77328706173023,165.23576559850744,165.8187610289584,4781800
2024-05-08,166.8563232421875,168.17054339280355,166.1053467608625,166.1053467608625,4878200
2024-05-09,165.512451171875,167.3306141810186,165.14684640311484,166.75749463031983,4968800
2024-05-10,161.4413604736328,166.73776006240337,161.174560034307,165.9176069176095,5711300
2024-05-13,157.6073760986328,161.17454051187403,156.97497092930857,161.1448976975095,7768600
2024-05-14,158.10145568847656,158.9117328861903,156.1548303090938,156.7575927120153,6103500
2024-05-15,161.5302734375,161.7970738512409,157.3405796614376,158.10144709735772,7133300
2024-05-16,159.20814514160156,161.97492335517433,159.17850232784096,161.06584188514995,4283200
2024-05-17,157.9927520751953,159.95914425550637,157.212132812743,159.89985862515925,5946300
2024-05-20,157.38998413085938,159.50459031216351,156.9354509291396,158.0223892950514,5586800
2024-05-21,159.08958435058594,159.30697505094795,155.49277695968186,156.0658965262972,5071300
2024-05-22,158.90184020996094,159.820812751822,157.834653586056,158.5856451423574,4432200
2024-05-23,163.29901123046875,164.29703617021215,159.8306664922207,160.0678240683209,7411500
2024-05-24,165.344482421875,167.14287866150585,161.90577994112542,163.8622812569983,5500300
2024-05-28,166.5598602294922,166.64878866848923,163.34842481429126,165.0183736426322,5749700
2024-05-29,161.6587371826172,165.44327733909543,161.45122239718276,164.62313934309748,4820800
2024-05-30,162.25160217285156,163.06187930208867,161.2535922461427,161.5401444761604,4384400
2024-05-31,163.18045043945312,163.38796521655627,158.17061882979448,162.34053049661304,11704800
2024-06-03,159.54412841796875,164.81086957238097,157.14295486508502,164.14882157621403,5220500
2024-06-04,159.46505737304688,160.057928680413,156.47101279155302,159.08956165730604,5598600
2024-06-05,160.62118530273438,161.00655696103405,158.61527448161956,159.9097276139152,4279900
2024-06-06,158.71409606933594,161.23384106769998,157.86430013084498,160.3741692160827,3867300
2024-06-07,159.99864196777344,161.85633855586835,158.20024607996567,158.79311738329403,3341800
2024-06-10,160.90771484375,161.95513432747046,159.64290470366572,160.07768601639336,4385200
2024-06-11,158.45716857910156,160.33461714488223,157.71606808033633,160.1073505470248,5106400
2024-06-12,159.13900756835938,161.0065805051745,157.29118645854044,159.34650729593298,5790700
2024-06-13,153.8425750732422,158.72395913475287,152.3504831785367,158.6844253337432,8080900
2024-06-14,154.03033447265625,154.74179216685505,151.40189438451782,152.3900283956019,6247400
2024-06-17,161.29310607910156,165.51244241496633,153.60542488538883,154.28723974717653,9564800
2024-06-18,163.01246643066406,163.22985711587472,160.4334360995086,161.46108882054506,5105300
2024-06-20,163.04209899902344,164.32667612789453,161.11524084458043,163.01245618724178,4957200
2024-06-21,162.2911376953125,162.96306159500824,159.3860212493521,162.5480471138323,17195200
2024-06-24,158.63502502441406,162.8049516921955,157.31092908892316,162.1527947141524,5519000
2024-06-25,157.83465576171875,161.7081396290659,156.5402025015933,157.6864416776318,6825500
2024-06-26,158.73385620117188,159.10935197217094,155.6508827315398,156.688426519275,3998000
2024-06-27,158.59552001953125,159.92950706013315,157.70620537761636,158.89196325941273,3339700
2024-06-28,157.08367919921875,159.70222853506053,156.02636847412768,158.35836555495897,8641200
2024-07-01,157.08367919921875,159.48483782668163,154.1983294344156,158.76350415491328,4435100
2024-07-02,159.53424072265625,161.00656589774263,156.37221475113336,156.93545840176498,5247300
2024-07-03,161.06585693359375,162.538182158086,159.62317452563167,159.95915157585603,2577300
2024-07-05,158.59552001953125,161.30301282977877,157.76549101004673,161.30301282977877,4668300
2024-07-08,161.5895538330078,161.83658733609474,158.74372305257322,158.89195220106245,3453300
2024-07-09,161.19430541992188,163.6152307220239,161.0954859881102,162.03421027940752,3829900
2024-07-10,163.73379516601562,164.02036245971004,160.61128821450802,161.21405053693368,3904600
2024-07-11,160.2694549560547,163.99112168692753,160.1407752874183,163.50612620344728,4553800
2024-07-12,157.38914489746094,160.64561712863463,157.18129396549264,160.22990016144763,5983400
2024-07-15,157.93353271484375,159.11140494087937,156.98332687255,158.96293999778644,5383300
2024-07-16,161.1899871826172,162.1995788920315,158.0225944451081,158.2502608040183,6500700
2024-07-17,155.0631103515625,160.29918078122913,154.9146302950442,160.00223577144308,6041200
2024-07-18,157.17140197753906,158.80459212285757,154.82556489083387,155.7658782515162,5274800
2024-07-19,157.50791931152344,158.804563460496,156.01330177224276,158.03251556869176,5459800
2024-07-22,161.10093688964844,161.2791099535805,158.14142445228177,158.3393827763436,6350500
2024-07-23,170.24671936035156,175.39371018082872,162.9419424989434,164.30788031289742,16428000
2024-07-24,160.64561462402344,171.1078625599061,160.39816297337129,169.7518323473724,7335200
2024-07-25,162.991455078125,166.48547125508094,160.2694868601805,161.63542483531646,8791500
2024-07-26,168.0790557861328,170.86040990662153,164.41677439862184,165.54515331484416,7297700
2024-07-29,168.13845825195312,170.96930600050587,166.68344120372748,169.50439632251226,4886600
2024-07-30,165.77281188964844,172.9489100318717,165.56496095300446,168.74223181056843,5329500
2024-07-31,168.46507263183594,169.99927581265828,166.24791561482763,169.1282412112625,5568800
2024-08-01,168.01966857910156,172.91920817681122,166.50526570532313,169.00947516866916,6112900
2024-08-02,158.64620971679688,165.72332127041886,156.7457827484526,163.88229538820335,8210700
2024-08-05,156.74578857421875,158.2700842366558,148.66896233112615,150.93562811688022,7064800
2024-08-06,160.6159210205078,163.76349875521646,158.13149679137288,158.2997621007834,5056700
2024-08-07,160.47735595703125,164.57515485733177,159.92306665314533,162.74400652540427,4307500
2024-08-08,163.921875,164.63453697491076,161.89276840763603,162.80338868596635,3842700
2024-08-09,165.4263916015625,166.1687465951387,162.89248897334255,163.76350856226128,2770100
2024-08-12,165.1690216064453,167.05955582689512,162.9419567686144,165.9212842844149,3173700
2024-08-13,166.2479248046875,166.91109342077272,164.555348856731,166.04995140015436,2942400
2024-08-14,166.23802185058594,167.45547978655588,163.93177057139036,166.78241852219872,4456000
2024-08-15,168.20773315429688,169.00947407011537,166.50526462304654,167.02986090384755,4162500
2024-08-16,167.6930389404297,168.5937666065572,167.13874963919758,168.31662195594114,3305600
2024-08-19,169.18763732910156,169.25693104166123,166.30731156002074,167.8811004519438,4506000
2024-08-20,168.25723266601562,169.16785294345755,167.46538434985948,169.16785294345755,2573900
2024-08-21,169.45489501953125,170.43480903765823,168.11866510744994,168.3661167693077,4102900
2024-08-22,167.95037841796875,170.22693664274018,167.04966588089528,169.98939272230336,2996600
2024-08-23,169.47467041015625,169.63304307519002,167.12883383443227,168.26710526995902,4058000
2024-08-26,169.47467041015625,170.17742456846452,167.8513883516819,168.80159413538715,3707300
2024-08-27,169.24703979492188,169.75183573515656,167.87120919396813,168.9599874166165,3206000
2024-08-28,170.11805725097656,171.404808864803,168.5541609945722,169.4548886345757,4578700
2024-08-29,171.81060791015625,174.17624475604163,170.7317224886945,170.8603870588632,4262500
2024-08-30,172.84002685546875,173.03800026173016,170.01908705524826,172.1867659658574,5295600
2024-09-03,162.5361328125,172.96868672855237,161.93235024039058,172.4143975023369,6099600
2024-09-04,164.6642303466797,164.92157463139617,161.73439609823225,161.83338280179655,4112400
2024-09-05,162.17984008789062,164.30791853362155,160.8534875802921,163.10035310481308,3144200
2024-09-06,159.5865020751953,164.34746905222968,158.95302650222035,162.83306627459814,3954900
2024-09-09,163.6645050048828,164.68400445542244,161.24937481411973,161.82346437612475,3716000
2024-09-10,165.27789306640625,166.02024797700324,162.57572542074297,165.74310335197364,3473200
2024-09-11,164.6543426513672,165.03045890903047,160.5763289736815,164.54546331548417,4258000
2024-09-12,167.9701690673828,169.22722761893144,164.53553911931454,164.81268374596706,5148500
2024-09-13,176.46270751953125,177.492114771814,167.48517011766174,167.68312840363947,7360800
2024-09-16,179.59051513671875,179.6697014785269,174.46330900320805,176.8982399282441,6844600
2024-09-17,178.49180603027344,180.5703905958825,177.1654689593731,179.65977043810398,5936900
2024-09-18,181.6790008544922,183.87637267125737,178.59079405341012,179.35294934923405,5686500
2024-09-19,184.26239013671875,186.07373792738997,182.40154899812225,185.7371922234475,5021500
2024-09-20,185.5194396972656,185.9252640190962,182.4411557382697,183.11421696186696,9895700
2024-09-23,186.7468109130859,187.84549685206133,185.4897522920555,185.89557662610275,3972500
2024-09-24,187.72671508789065,187.8652874016391,185.09382602341933,186.7468011600086,3648900
2024-09-25,187.40008544921875,188.9342887003504,186.2815991578276,187.8949887493741,3214800
2024-09-26,182.97901916503903,187.89573828070615,182.91954522473037,187.7470383043138,4781500
2024-09-27,183.7621307373047,184.56505917261944,181.53176725004343,182.56268416221565,4452800
2024-09-30,186.9342041015625,187.0630743903625,181.49211163463568,183.46474971614143,5628400
2024-10-01,184.67410278320312,186.57734450830853,183.30614164850024,185.85371968914308,3794000
2024-10-02,184.8128662109375,186.55750054404464,183.11778340740096,183.95046388798391,2879800
2024-10-03,182.2851104736328,185.08050635344057,182.09676626711288,184.87233246054507,3999500
2024-10-04,185.44728088378903,185.52658450731695,183.24665448915243,184.95164458095417,3978300
2024-10-07,184.33705139160156,185.595956648796,183.18717159510467,184.3172217052843,2514200
2024-10-08,185.8338928222656,188.2228636406871,184.931831042188,185.98257767585164,3627200
2024-10-09,187.62806701660156,187.76684456854915,184.8723305381996,185.00120080987196,2312600
2024-10-10,186.47821044921875,188.09398974679428,185.75458563292923,186.50794741936625,2300900
2024-10-11,189.49166870117188,190.0963455757788,187.40999024744468,187.75694169827224,2983900
2024-10-14,190.9488525390625,192.23749486419345,189.98731687296817,190.304516250877,3132900
2024-10-15,188.9068145751953,192.63399386788532,188.10387111496584,192.15818728545264,3824300
2024-10-16,190.50274658203125,190.54240595337495,188.262476120897,188.83741600043447,2912800
2024-10-17,190.9389190673828,193.099901151989,190.5225863998427,192.3960909665827,2633300
2024-10-18,190.92901611328125,191.75177418645148,189.4718441810618,191.41474513256088,3075900
2024-10-21,192.5348663330078,192.69347357377737,190.34416243165245,191.22639441070675,4728800
2024-10-22,175.1182098388672,183.38541915890957,174.21614820096408,182.88978289091253,15636200
2024-10-23,180.10430908203125,183.36558906288525,178.05236767681612,178.13167129459248,9788600
2024-10-24,178.1713409423828,180.6197854520762,178.06230035235365,180.31247824336177,4366800
2024-10-25,177.5369415283203,179.8366862610385,176.7439203659407,178.4290808824845,3974900
2024-10-28,173.82957458496094,179.00401908980567,173.6808897359334,178.40924944245458,5687400
2024-10-29,172.53099060058594,173.37356319392563,171.26216294481188,173.03653415658977,5219300
2024-10-30,173.11582946777344,174.98933389502992,171.00441419436987,171.47031348122997,3694000
2024-10-31,170.2808074951172,172.10474546479097,168.94258342326043,170.49888867905858,5177100
2024-11-01,170.20150756835938,173.74035811822444,170.09246697402017,171.252254136199,3984900
2024-11-04,170.26097106933594,173.1554851568147,169.95367899293106,170.79626672714105,4197400
2024-11-05,173.7304229736328,173.9385968659698,170.27089142852503,170.85573860727257,3607300
2024-11-06,179.1824188232422,180.4710761499205,176.94214832883924,179.91596594781134,5939500
2024-11-07,177.28909301757812,179.4401525316575,175.2272443985227,179.4401525316575,5084200
2024-11-08,183.1970977783203,184.79304736510724,177.883875718485,178.0821272252568,4676500
2024-11-11,182.9492645263672,185.83387135771983,182.09676950449173,185.0012060225724,3371900
2024-11-12,181.04603576660156,184.07932764839225,179.0139238137408,183.45483616577783,3158000
2024-11-13,181.95799255371097,184.6740848709552,181.16497146376335,181.35331567425808,3934800
2024-11-14,176.84303283691406,182.1959141655971,175.94098623043848,181.40289302887143,5085600
2024-11-15,175.38583374023438,176.36719894689082,174.35491700975732,175.20741195299743,5302100
2024-11-18,175.970703125,177.01154230286318,173.60156239188433,175.45523717608918,2833800
2024-11-19,176.01036071777344,176.32757521057883,174.16659307379595,174.95961418018985,3216000
2024-11-20,176.4266815185547,176.98179171797526,174.46396613471234,176.54564450815803,3225400
2024-11-21,177.1404266357422,179.36088290603757,175.792295172638,176.85296421098374,4532000
2024-11-22,179.5690155029297,180.15387780003596,177.21970441113191,177.735170369781,3405200
2024-11-25,178.6372528076172,182.0967847124356,177.98300922152495,180.6495350984235,9740700
2024-11-26,182.98892211914065,183.31602875606467,178.84539491921433,179.29146454972977,3918900
2024-11-27,179.02383422851562,183.07813545578185,178.86522698536302,183.02856880159425,2726200
2024-11-29,180.5702209472656,181.37314933539477,179.54921137648168,179.86641074403985,2054700
2024-12-02,178.865234375,180.05475849655016,177.85413206515344,179.22209312402703,2817700
2024-12-03,179.14276123046875,180.6494996136664,178.33983295326487,179.42031631084498,2882300
2024-12-04,181.05593872070312,181.30375687669948,176.4465270694185,178.92470862938225,3713400
2024-12-05,171.4009552001953,179.19235872778427,171.20270369802762,178.75619634764328,7547300
2024-12-06,174.04762268066406,174.29544079899415,170.93502771946282,171.78752265154304,6899600
2024-12-09,169.8248291015625,174.83074363134,169.27962614640887,173.47270500946416,6500800
2024-12-10,169.7752685546875,171.64877323117074,169.12102498496446,169.51752798900384,5100300
2024-12-11,167.16822814941406,171.65869228719174,166.46441787450337,171.65869228719174,7606400
2024-12-12,163.3914794921875,167.80263994254202,163.01479102936366,167.16822602525082,7808600
2024-12-13,164.56114196777344,166.4049094193024,164.09524268360735,164.2042832634253,4957100
2024-12-16,164.34307861328125,167.72332182824067,164.00604955755438,164.86846700977492,7436000
2024-12-17,164.35301208496094,165.05680721191428,162.1028188837689,164.35301208496094,4855100
2024-12-18,158.55404663085938,165.17575535083574,158.2071103021697,164.55124878332737,8059100
2024-12-19,163.36170959472656,164.3232451213568,160.76456538204695,161.60715304991643,6257600
2024-12-20,166.9005584716797,167.60436865460804,161.7360368306355,162.53896519560874,9281500
2024-12-23,167.544921875,167.85221400269575,165.09647700993685,166.65276733828614,4127700
2024-12-24,169.9933319091797,169.9933319091797,167.3763730304745,167.76296871281895,2235700
2024-12-26,170.64756774902344,171.1630337232361,168.64520803781642,169.52744002460898,3309700
2024-12-27,168.87030029296875,170.25041325045882,167.77811803153332,169.50574765864204,3188400
2024-12-30,166.90440368652344,168.0263563190144,164.82925718696333,166.01079579884245,4117500
2024-12-31,165.6036834716797,167.35117499914568,164.96823613903555,167.30152759888642,2806900
2025-01-02,167.39088439941406,169.48587743531266,166.03063349918105,166.72565165440014,4148000
2025-01-03,170.7369384765625,171.40217127305203,167.79798485674388,168.0164213153238,3975500
2025-01-06,171.22344970703125,172.44469711393816,169.96247831519818,171.9184679406262,4980300
2025-01-07,171.08444213867188,172.46455515312556,169.56532548068546,170.99508590002816,6496400
2025-01-08,171.66030883789062,172.34540359530197,169.49582149154296,170.77663962259803,4527700
2025-01-10,170.4688720703125,172.22628733966707,169.52563189363215,171.17381377225018,5131200
2025-01-13,170.34971618652344,171.29295628445794,167.79798803131837,168.30435520382778,5610800
2025-01-14,175.60211181640625,176.6347083147075,171.1738261951939,171.87878309855606,6432700
2025-01-15,179.00767517089844,179.5934902919733,177.60771535340749,177.7963663966129,7397000
2025-01-16,178.4615936279297,181.57925957842227,177.34954939477095,180.3877825321622,6144700
2025-01-17,181.5494842529297,181.88706236466888,178.68004000262474,179.49419986918758,5899100
2025-01-21,186.1664123535156,187.9734749348859,183.19767317709076,183.58489870877565,7508400
2025-01-22,187.02029418945312,187.8940400566142,185.282741026515,186.7422868954039,7457800
2025-01-23,199.3718109130859,206.17308112571223,196.6910177216033,199.96753431660383,14403500
2025-01-24,195.35061645507812,201.55616335644655,194.12936906696189,201.0597196043371,7835700
2025-01-27,193.0769195556641,195.23148372020145,191.36915175838124,192.9577627475376,7674800
2025-01-28,193.047119140625,195.1520510495253,190.42589661373592,193.91094161159936,4858800
2025-01-29,197.6839141845703,198.51793607751085,193.5435598333597,193.5435598333597,5595800
2025-01-30,204.10789489746097,204.46531986065347,198.06119838234645,198.3888530822008,6282100
2025-01-31,202.1221160888672,204.40574522364935,201.6256723377822,204.3759598106051,5507800
2025-02-03,202.65826416015625,203.2738495497073,197.55482311868096,198.57749601111735,4678300
2025-02-04,200.7419891357422,203.08520426110456,199.00443599639223,201.48665476689217,5413800
2025-02-05,203.1249237060547,203.81994191620987,200.35475913593945,202.42990549589948,3239400
2025-02-06,204.5944061279297,204.63413011407604,202.60863102793968,203.54194774897687,3113200
2025-02-07,203.81996154785156,206.36175133281816,203.04551044619024,205.0114236157719,3954400
2025-02-10,203.76036071777344,205.190121048882,201.9532983131057,204.6738153403684,3787500
2025-02-11,207.33477783203125,207.662417379242,202.98592567500992,203.54194025850356,4110900
2025-02-12,208.14892578125,209.9162642418552,204.6738196833898,205.2298342350058,4595200
2025-02-13,206.87803649902344,209.79712812216985,204.80290529626663,209.61840049715036,3763300
2025-02-14,206.78868103027344,207.67235028714052,203.51214929516988,207.1759065439509,4268500
2025-02-18,208.5858154296875,210.68080873714783,207.8312263562452,208.3773023809637,4396000
2025-02-19,209.00282287597656,210.27371768904473,207.3943499423068,207.5532004312444,2699100
2025-02-20,207.25534057617188,208.78438064804695,205.67663794937377,208.23828949728417,2969100
2025-02-21,198.40869140625,207.63260870688035,197.02857852315657,206.8780197352767,5419500
2025-02-24,197.29669189453125,201.80439470925256,196.02578189120885,201.1888092758124,4299100
2025-02-25,197.85269165039065,198.6569280821764,193.4541922521124,197.56474579810896,4121400
2025-02-26,200.1760711669922,203.14481056770313,198.5675980908225,200.32499824802176,3157400
2025-02-27,199.9973297119141,204.0086038536861,199.66969015626884,202.9660689076667,3480200
2025-02-28,205.50782775878903,205.84542098561673,199.60015081780443,200.5136053986563,6117400
2025-03-03,200.52357482910156,206.9971907005858,199.38174506461587,205.6170776219728,5376400
2025-03-04,197.3562469482422,201.59586554327615,191.88542728421817,196.5917193531293,6164200
2025-03-05,201.05972290039065,203.01571252778817,197.2768238713436,197.45553635290744,6221200
2025-03-06,194.65560913085935,198.7959484372369,193.89108146773216,197.58462440224736,5621400
2025-03-07,192.4712371826172,194.3577172671238,186.3451083176263,193.68256107696692,7681300
2025-03-10,191.1084747314453,191.1980124130339,186.92064907008384,188.20385048374345,6195000
2025-03-11,190.7105712890625,192.6602431424928,187.3284787882836,188.92998736437656,5356700
2025-03-12,193.9733123779297,196.2114659822904,191.41683630862585,193.8937317616939,4735000
2025-03-13,191.40687561035156,194.590024054662,190.6608244822265,193.52566567133044,3837200
2025-03-14,196.0721893310547,196.6590792570316,192.5806754283392,194.34134520627,3263200
2025-03-17,200.96627807617188,202.5280190572489,195.2962925361276,195.96276305607196,3733000
2025-03-18,199.7327880859375,200.91652489254437,198.4694858546469,200.7374799193339,3983100
2025-03-19,204.48764038085935,205.73105888243552,200.26001747550055,200.26001747550055,3564000
2025-03-20,202.85626220703125,205.08447364226092,202.0405875568735,203.92063573775684,3970800
2025-03-21,203.0552215576172,203.2342665377047,199.7626517661195,201.53327851307867,7976300
2025-03-24,209.1230926513672,209.76967937811884,204.51748085097324,205.8305228935354,4043900
2025-03-25,211.0130920410156,211.63976462602963,209.14298581255625,209.66025214396055,4315200
2025-03-26,206.27816772460935,213.08216585645496,205.60175529017283,211.17226152504057,4791100
2025-03-27,204.7960205078125,206.5964881993683,201.7322352775964,205.2734889968807,3301900
2025-03-28,198.82760620117188,205.77085118765595,198.53912459542792,204.5174907438852,5178400
2025-03-31,199.09616088867188,200.50869763857804,193.42617565720045,196.48996061244864,6923100
2025-04-01,202.7170257568359,203.42329423931463,197.42504379460257,198.509301231094,3854000
2025-04-02,198.7181854248047,201.1254419426965,197.3852291889065,198.4297038180968,6026500
2025-04-03,186.64208984375,193.12774961884855,185.7368775597785,188.84044518659735,12750500
2025-04-04,165.93173217773438,182.19565444606192,164.54905122439797,178.7339659417135,18167100
2025-04-07,166.81703186035156,174.41680553231768,158.52094682677517,162.35068208330551,18545500
2025-04-08,168.4782257080078,177.4109550073632,165.48407946887204,175.07332219082235,11903400
2025-04-09,186.28399658203125,188.11430503345775,164.82755893057953,164.9369803694392,12548600
2025-04-10,180.5543212890625,184.43379639986696,175.03355488804587,180.942267282298,8150900
2025-04-11,180.7134704589844,183.27988808093448,174.1283308976576,178.06747223110767,6491100
2025-04-14,185.0206756591797,186.62219931906645,182.8621029312364,184.37410410056745,5319100
2025-04-15,184.6924285888672,187.44784853461863,181.33021974196,182.9118597816611,4999300
2025-04-16,181.4893798828125,184.90132849038025,180.3255418685748,183.1008607458301,5128000
2025-04-17,180.83285522460935,183.26996793210188,180.63391127542337,182.4244371749983,4932000
2025-04-21,177.4109649658203,179.83810522799166,175.0932309648491,178.3460029664741,8501600
2025-04-22,188.18392944335935,188.9996192965051,181.14122014450373,185.5180473620958,13041000
2025-04-23,192.6602325439453,195.9926002604568,191.5560914656751,194.90834295009233,7235700
2025-04-24,196.37060546875,196.6590718895158,193.02829584922617,193.3068203859824,5906300
2025-04-25,197.38523864746097,198.93703783920577,196.22140063748984,197.65382132005428,4390600
2025-04-28,199.80245971679688,200.41919051959505,197.55436422720143,198.44961959761497,3416900
2025-04-29,199.4443359375,201.36416689802584,198.59880524992644,199.43439405331588,3444200
2025-04-30,200.47885131835935,200.96627685017305,195.823499591286,197.55434366282424,4436300
2025-05-01,202.5379638671875,204.15938653340615,199.8024430235888,201.18512386103345,4687600
2025-05-02,206.60641479492188,207.62104854025205,204.47768293139296,205.23369109312657,3831700
2025-05-05,207.8398895263672,209.41157231654975,204.56720356615176,205.22373217061696,4466500
2025-05-06,207.5016937255859,208.72521332899828,204.83579646120432,204.93527601659844,3169600
2025-05-07,208.8147430419922,209.52101148143333,207.12369679096437,207.80010921999565,3968300
2025-05-08,213.36068725585935,215.65852237189523,209.40163155358377,209.8890571030412,5870300
2025-05-09,213.8282012939453,214.9820821371571,211.6099317406372,214.07688499627997,3778200
2025-05-12,217.7971954345703,218.8217711302024,210.0382604597709,218.1851414243878,5468000
2025-05-13,220.4133453369141,222.37297416525956,218.14535113998255,218.84166248492664,7188700
2025-05-14,222.0646209716797,222.17404241605928,219.28930214534685,221.76619747078533,4764700
2025-05-15,228.1722869873047,228.87854023779784,222.2735013761742,222.2735013761742,7207700
2025-05-16,230.5596466064453,231.09681193536656,226.39170507888215,227.8639236127445,4651700
2025-05-19,234.0511474609375,234.62809547386345,227.7146915595374,228.29163957246337,4734400
2025-05-20,234.02130126953125,234.83699108312015,232.56899697582415,232.92710210742084,4311000
2025-05-21,232.3103790283203,236.0505919208176,231.4350226483644,233.62343636592888,4631000
2025-05-22,229.05760192871097,231.2261166517392,228.21207122091764,229.97275618435629,6909400
2025-05-23,231.56431579589844,232.4595862553755,226.8094844940538,227.6351162293547,4234200
2025-05-27,240.50698852539065,241.004355945648,233.86216707640736,234.18047433257857,7162400
2025-05-28,242.3870391845703,244.70477320750248,240.32794593695937,240.50699092438236,9570500
2025-05-29,242.8744659423828,243.65035791533512,240.21852569982303,243.24251298178473,5243700
2025-05-30,244.61524963378903,245.56024470184212,241.02425623242817,242.10851357178953,9143000
2025-06-02,246.1769561767578,246.79370205436788,243.22259270101696,244.55554882598528,5450800
2025-06-03,247.5596466064453,249.1810691992566,242.89433793220684,246.1968647777086,6456200
2025-06-04,249.55908203125,251.727596701269,248.4051859716413,248.66381156633324,5811500
2025-06-05,250.59359741210935,251.6778547377023,248.7931297921828,251.15064649026908,4188200
2025-06-06,254.28407287597656,256.1143813450086,250.74281926201704,251.6679153807254,5796700
2025-06-09,250.08628845214844,253.9757052989237,249.81770579679505,252.68254697803397,5771600
2025-06-10,240.725830078125,249.92712730218557,238.48767669929947,249.45960071544383,11230900
2025-06-11,244.2273101806641,245.65973082581831,237.25420900924632,241.36246889035553,6940800
2025-06-12,238.72640991210935,242.14828487128665,237.4232945753269,238.7363517958594,8946600
2025-06-13,235.3542633056641,236.74688597531585,232.46952323503007,233.76268153024884,7420300
2025-06-16,235.29457092285156,238.67667846504676,234.8270595151102,236.3490025966409,4505600
2025-06-17,234.5087432861328,237.7117907501706,233.6433288148848,235.483579199138,5720500
2025-06-18,234.6479949951172,238.25888723208507,231.0172189903246,234.71763371784985,7761100
2025-06-20,238.1096649169922,239.53214357795588,235.2647227735134,238.45782816939231,9142100
2025-06-23,246.5052490234375,247.15183580470853,237.3636330165643,237.98037896560973,8052000
2025-06-24,247.4403076171875,248.0769373492455,244.27705790496353,247.07226055944383,5255700
2025-06-25,248.584228515625,249.66850101843244,247.17170687519996,248.76328867822903,5197400
2025-06-26,249.6784515380859,254.13485949087155,248.68371667140033,249.85749652843356,6790300
2025-06-27,253.16995239257812,259.1781439988243,250.45433059661585,250.5239693193463,26988000
2025-06-30,256.0348205566406,256.53218798735924,252.5333344159663,254.96048990642507,8135800
2025-07-01,247.7088623046875,254.40342320895968,245.8089152079826,254.40342320895968,7178300
2025-07-02,243.4613494873047,247.818292897031,242.3770921661236,246.69423768274387,6228600
2025-07-03,245.58013916015625,247.3905486540752,243.71003282666837,244.25714001768333,3089500
2025-07-07,247.7020263671875,248.4890230381225,245.5403012239944,246.57634478055925,5336400
2025-07-08,246.10812377929688,248.50893929136433,242.41226148308328,247.05449885980624,5994500
2025-07-09,249.37562561035156,250.760325665703,245.87901286066668,248.04073797150363,5589500
2025-07-10,251.60707092285156,251.716636949492,245.80925268184225,249.65453683739227,5462500
2025-07-11,254.4462127685547,255.90065322593205,250.44153470977355,250.54115954132823,7867200
2025-07-14,261.3398132324219,261.459350862796,255.02398841741913,255.21326646592095,7502200
2025-07-15,263.66094970703125,264.0494470096965,260.7420973299912,262.91380910836926,9392400
2025-07-16,265.1651611328125,265.84256128460487,261.0309894048801,262.9934798455341,11912900
2025-07-17,259.28765869140625,271.75991416021685,257.17574623962054,268.7713519206196,16260200
2025-07-18,262.26629638671875,268.6718057078571,261.5590117087835,264.38818082175726,8619800
2025-07-21,261.8578186035156,265.23490865275437,258.5903249824529,262.68467121198483,5208500
2025-07-22,258.0125732421875,260.50304209587654,253.689122960331,259.73598863338356,4751300
2025-07-23,262.1766052246094,262.72452656165495,258.9589392248922,259.5367145680954,4689800
2025-07-24,266.98822021484375,268.8112299538215,262.1766175901792,262.55517370240716,5206700
2025-07-25,270.5545654296875,271.78982822847263,267.2372743582405,267.8050781407988,4598400
2025-07-28,269.5782775878906,272.39750516233966,266.42038032185746,272.3177931397783,5006400
2025-07-29,269.2794494628906,272.756134222727,268.09398386718357,271.69023666794715,4125300
2025-07-30,272.507080078125,272.58679210328575,268.4825044431795,269.8871324746444,4697000
2025-07-31,270.0464782714844,273.89177760440134,268.8510715823938,272.02891195295,4524000
2025-08-01,268.3529968261719,269.51851919043355,260.7122252331767,264.51766882502005,4416300
2025-08-04,275.1768798828125,275.7945112592189,269.18978337050856,269.47868625345745,3744000
2025-08-05,271.08251953125,275.94391907077267,267.59586351411025,275.2067500983989,4000600
2025-08-06,271.2419128417969,274.00134108473634,268.8809534915189,272.45726272521256,3576800
2025-08-07,270.98291015625,271.8296756032174,267.70547520217787,270.91320013686624,3050400
2025-08-08,273.9615173339844,276.1232270519756,271.5407587522263,272.53694619124883,4467300
2025-08-11,274.15081787109375,275.3561962588576,271.5108966201199,274.10099025431794,3360100
2025-08-12,278.5639343261719,279.4704686606209,274.6489244827273,274.9876246074832,3630100
2025-08-13,267.8349609375,280.42678573131184,263.0731858274545,279.9286919733521,7599600
2025-08-14,268.67181396484375,273.1148022491146,268.45265147183125,271.94924935417697,4481700
2025-08-15,266.828857421875,268.67181058064324,264.1989075388522,267.8947854608835,5203300
2025-08-18,267.4265441894531,268.5820949262336,265.4939380243088,266.87862282852194,2697000
2025-08-19,264.9161071777344,267.9345537744793,262.79422315800963,265.2946632527761,3404900
2025-08-20,265.4241943359375,267.91466303342884,262.8042164019799,264.4479196620784,3854700
2025-08-21,267.685546875,270.88333078537204,265.1253679876561,266.1215555332902,3266400
2025-08-22,265.51385498046875,271.311673566539,265.3544613312277,268.70166716283023,5229300
2025-08-25,265.5935363769531,270.8833200028429,265.5437391621461,265.98206409687606,4301600
2025-08-26,272.8955993652344,273.65271157471545,266.4004679719239,266.95833052589023,4693500
2025-08-27,272.307861328125,273.6527205438553,271.1921361836237,272.6565330360892,2705700
2025-08-28,274.94775390625,275.6152129172739,271.0925130906744,271.46109760671425,3388100
2025-08-29,274.15081787109375,275.2266870169631,270.60439272931956,274.94775572720215,5037100
2025-09-02,274.340087890625,274.5293355448883,266.9882193387871,272.8557478553789,4081200
2025-09-03,274.87799072265625,276.26270584525804,272.55688738342013,274.85807791846497,4120400
2025-09-04,281.1938171386719,281.2834703599314,274.7783676067924,274.7783676067924,4591300
2025-09-05,278.16546630859375,283.3257106284793,270.8235383755635,281.19385463460844,4952600
2025-09-08,274.99755859375,281.841392538977,274.4396960027644,278.9325115420681,5008600
2025-09-09,275.18682861328125,276.0236224752951,272.25803489561764,274.33012194546836,3073600
2025-09-10,282.3294982910156,282.4091799131389,275.8343668443234,276.4918238302215,3206400
2025-09-11,280.4865417480469,285.8161507952048,278.5240512152095,282.648281935466,4016800
2025-09-12,280.6160583496094,282.4490396952075,279.629842456368,280.48654911085447,3249700
2025-09-15,285.6866760253906,286.0154045537568,280.5463444095817,280.9149289539183,3716600
2025-09-16,291.8530578613281,293.6162988207052,287.7387985548846,288.76487048060636,5538400
2025-09-17,288.39630126953125,291.59405485416454,285.407738562075,290.9764234254873,4149600
2025-09-18,295.95733642578125,296.5151989855756,289.1035616611886,289.6016554039499,3977500
2025-09-19,299.9919128417969,301.8746913736338,294.2339200121975,296.654678697744,9652600
2025-09-22,299.8723449707031,300.0018542075959,295.220166453156,298.95586951169633,4192800
2025-09-23,304.46478271484375,304.6042331526434,300.00185188435967,300.4999456216411,3637400
2025-09-24,299.15509033203125,306.0786055305618,297.650867898761,305.72993382969526,5645500
2025-09-25,296.0469970703125,299.0953284203051,293.7458063531853,297.36197188045094,4504500
2025-09-26,293.85540771484375,300.848633211272,291.6338985847678,298.78651773369404,3817600
2025-09-29,292.8679504394531,297.15677852547935,288.9082525154842,295.5908458225106,3860800
2025-09-30,300.039306640625,300.6876136457226,293.147236109462,293.945147740601,4112400
2025-10-01,300.0991516113281,301.44565413645586,294.26432762802654,295.61083015315427,3633300
2025-10-02,298.6728515625,302.6524866014974,296.0297047393465,301.52541441291515,2508200
2025-10-03,296.2292175292969,301.9642949730459,294.69320565639913,298.6828247477028,2817000
2025-10-06,297.446044921875,298.5132753065693,293.9850492316216,295.0323120408108,2759800
2025-10-07,300.9569091796875,301.95431396168516,297.11692511969926,297.296450675248,2578800
2025-10-08,301.7747802734375,303.8793201346929,298.8124869332019,302.61259661513134,2658600
2025-10-09,298.5731201171875,303.2110461498969,295.3315546567034,301.92438549052827,4292500
2025-10-10,290.7334899902344,299.2214138363389,290.7334899902344,298.2240091235511,3380000
2025-10-13,296.7578430175781,296.8077010812338,292.35928428455446,295.23181492149877,2604100
2025-10-14,299.30120849609375,301.5054949424331,291.2521751755017,294.0748172676388,2516500
2025-10-15,299.3410949707031,304.15857673774264,294.95252035965876,300.75742304362984,2773000
2025-10-16,299.06182861328125,302.2634892526673,296.9872401814836,300.8870963026041,2623100
2025-10-17,299.361083984375,302.17374231863795,296.56833234943144,297.39619535874135,3949300
2025-10-20,301.89447021484375,304.6373333481203,300.8871120894466,303.0714005450026,5058700
2025-10-21,305.834228515625,315.7085296193211,302.2435652674506,306.5024726638929,6726600
2025-10-22,297.1169128417969,308.19806490145737,294.03490540701046,306.8017043520388,5212200
2025-10-23,305.5948486328125,306.29301367803964,297.9048362791362,298.37361771792695,3091000
2025-10-24,303.08135986328125,309.4946647482705,302.7821506300686,308.3875601470079,3586800
2025-10-27,312.0281066894531,312.5168252897539,303.709754504401,306.69198504644567,4244400
2025-10-28,308.98602294921875,315.8481724310449,308.64690899019996,311.2900254637117,3058100
2025-10-29,313.46435546875,314.3021717843785,308.2179968797682,309.19546446718965,3596800
2025-10-30,309.9435119628906,314.02289355221063,307.6993513774795,309.6043980159225,3782000
2025-10-31,308.148193359375,314.1027006188865,306.3827675648617,310.9309305487887,4023800
2025-11-03,307.8190612792969,310.88110128841146,305.48513772436655,308.2978265360949,3297600
2025-11-04,303.4105529785156,308.4274979156153,302.28348068198585,305.0263438878001,3938200
2025-11-05,304.3181457519531,307.73926714490455,301.7149339897682,302.662480668558,4711100
2025-11-06,304.4777526855469,307.2305996769687,300.6577056900755,302.9417712074274,3467800
2025-11-07,306.4725341796875,308.1182763013289,296.9273942413986,303.24095266066655,4766500
2025-11-10,311.1304626464844,312.94574672794977,308.11831104150536,309.13565300224883,3716400
2025-11-11,309.9136047363281,311.9084142337457,306.25311591568084,309.6941744740771,2682200
2025-11-12,308.218017578125,311.6391391446572,301.2162469026415,309.97345975068646,3884500
2025-11-13,303.380615234375,310.57189493623116,301.79471490115264,309.1755343783529,4153300
2025-11-14,304.0289306640625,306.00377263698294,295.4811644415059,300.1889161946154,2803300
2025-11-17,299.3511047363281,308.0185548035484,297.7751881213543,306.0237452219258,3076600
2025-11-18,295.2417907714844,300.2986097376662,292.98764628869316,295.0622347827193,4053600
2025-11-19,300.039306640625,300.8871067726962,294.73310602225564,295.0921571247549,2952600
2025-11-20,289.8657531738281,306.283026246994,289.72613234179425,304.60739363233,3733900
2025-11-21,286.6940002441406,290.9529072192673,283.3028304601525,289.8657397836038,5604100
2025-11-24,293.2868347167969,294.05485580288996,286.6241787428383,288.72871845089014,11909200
2025-11-25,292.6784362792969,295.21185272858355,285.46718937309777,293.7256990342098,4693100
2025-11-26,295.8501892089844,297.83501490197676,292.6983865769103,294.4438448725022,4113700
2025-11-28,297.67547607421875,297.90485969868797,294.4937523128379,296.2392107206885,1376400
2025-12-01,287.701416015625,295.63076561715087,287.2824926223473,294.9824586089825,3756300
2025-12-02,288.56915283203125,291.24219028698883,287.71136890939397,290.04529239812956,4255800
2025-12-03,287.74127197265625,288.5990558420451,283.7616369625652,287.2924581209782,4059500
2025-12-04,291.1025390625,293.7756069563175,286.91345732749244,288.10037142867236,4195300
2025-12-05,283.2030944824219,292.51885077812364,281.4177315370353,290.9130438128724,5220300
2025-12-08,286.4446716308594,288.0903833751873,282.564752555897,284.2603528005847,4333200
2025-12-09,284.5695495605469,289.69622463592725,284.0309424675525,286.4546591668383,3553400
2025-12-10,282.8639831542969,285.1380646860986,280.57991783506856,284.7091879640217,5807400
2025-12-11,287.6715087890625,288.60904130746644,278.914295771876,281.34793550577905,5971500
2025-12-12,299.03192138671875,303.22103359226077,289.9455785507024,290.17496216703194,9381900
2025-12-15,300.1988830566406,307.2604950689636,299.131652702903,299.22141547494033,6808600
2025-12-16,297.9547119140625,300.617765372215,296.08953958859433,296.8874815980293,5271300
2025-12-17,291.4217224121094,300.4482539681125,290.8631781682773,298.34371404643423,3802500
2025-12-18,300.90704345703125,301.52542953598964,294.6533265908964,295.23180795684465,4495100
2025-12-19,306.4126892089844,307.6295241599028,302.8519775649544,303.4404426850511,8856400
2025-12-22,313.9132080078125,315.57885689525887,305.1360279424794,308.8463748309896,6959900
