Date,close,high,low,open,volume
2020-07-31,14.057074546813965,14.20269038584618,14.057074546813965,14.20269038584618,9900
2020-08-03,14.116425514221191,14.116425514221191,13.974950756743254,13.974950756743254,5100
2020-08-04,14.281364440917969,14.36831930964024,14.009456066228909,14.0784684309313,1600
2020-08-05,14.37522029876709,14.423528557894803,14.285505148430104,14.285505148430104,11000
2020-08-06,14.18681812286377,14.506345038039006,14.147481769914195,14.49944366946336,2900
2020-08-07,14.07847023010254,14.237197767791807,13.9404467993603,14.237197767791807,1400
2020-08-10,14.144031524658203,14.29930770814958,14.1440315246582,14.147481550741846,5000
2020-08-11,14.0094575881958,14.271704339294711,14.0094575881958,14.21649470479518,4200
2020-08-12,13.905939102172852,13.981852840024438,13.871433575677472,13.905939102172852,2300
2020-08-13,13.88868522644043,14.050864083841384,13.88868522644043,13.94044482833901,2100
2020-08-14,13.885236740112305,13.905939530126073,13.802421631152727,13.802421631152727,2300
2020-08-17,14.085370063781738,14.285505793550303,14.085370063781738,14.250998952399828,2900
2020-08-18,14.212353706359863,14.212353706359863,14.212353706359863,14.212353706359863,100
2020-08-19,14.112975120544434,14.202690272287391,14.112975120544435,14.202690272287391,900
2020-08-20,13.926641464233398,14.016356611669911,13.926641464233398,14.009455243974596,29400
2020-08-21,13.85072898864746,13.857630356966986,13.748591896641871,13.857630356966986,4100
2020-08-24,14.482190132141112,14.602960785006395,14.269632466796828,14.513245630920956,7400
2020-08-25,14.963895797729492,15.017034889328611,14.65817161108566,15.017034889328611,9100
2020-08-26,14.879008293151855,15.134353640637755,14.837601401989748,15.113649536906031,24400
2020-08-27,14.785842895507812,15.175761655364912,14.637466765198512,15.175761655364912,1100
2020-08-28,15.208197593688965,15.893487797664664,15.14263525339412,15.438008023085777,2500
2020-08-31,15.090187072753906,15.182663834981629,15.006683537885182,15.182663834981629,2400
2020-09-01,14.665072441101074,15.09984812724108,14.665072441101074,15.09984812724108,4500
2020-09-02,14.823800086975098,14.823800086975098,14.608482126212564,14.665072558722454,1400
2020-09-03,14.968725204467772,15.07914446171528,14.968725204467772,15.07914446171528,600
2020-09-04,14.569144248962402,15.03083562260571,14.492540777019371,15.03083562260571,6200
2020-09-08,14.268250465393066,14.575355401383678,13.961146845703736,14.437330681471016,11700
2020-09-09,14.301376342773438,14.554651134957608,14.285504382083692,14.49254014332497,18400
2020-09-10,14.689226150512695,14.689226150512694,14.689226150512694,14.689226150512694,100
2020-09-11,14.79964542388916,14.799645423889162,14.799645423889162,14.799645423889162,200
2020-09-14,15.700251579284668,15.803769458305416,15.099845774882333,15.244771858552378,7500
2020-09-15,15.299983024597168,15.74856142312148,15.258576132073747,15.720957266872992,7300
2020-09-16,15.525652885437012,15.527723427577682,15.444218581511558,15.527723427577682,300
2020-09-17,14.954922676086426,15.20336666649698,14.954922676086426,15.20336666649698,3000
2020-09-18,14.906614303588867,15.003230825226405,14.837601938290032,15.003230825226405,75700
2020-09-21,14.205451965332031,14.451135689503811,14.061906655263392,14.416628845947994,46400
2020-09-22,14.71683120727539,14.789293598114725,14.181986366305331,14.223394575043274,45800
2020-09-23,14.24064826965332,14.485640930704989,14.20269140064221,14.31311066523737,30100
2020-09-24,14.216493606567385,14.354517024003108,13.747211091422804,13.981852348995094,11900
2020-09-25,14.07847023010254,14.133679865659742,14.043964701492364,14.064667492137852,20700
2020-09-28,14.597440719604492,14.658170919093424,14.291026805439468,14.299307657791918,3600
2020-09-29,14.354517936706545,14.382123411729776,14.320012409229,14.320012409229,1700
2020-09-30,14.347618103027344,14.48564153134362,14.320012627583178,14.320012627583178,6100
2020-10-01,14.27101230621338,14.299306202764605,14.14748006134064,14.299306202764605,3300
2020-10-02,14.337263107299805,14.482189197688283,14.23650550732454,14.244096616971776,8100
2020-10-05,14.413177490234377,14.464935776341552,14.39454392806319,14.464935776341552,1700
2020-10-06,14.3200101852417,14.471836325385436,14.3200101852417,14.471836325385436,10700
2020-10-07,14.302068710327148,14.830700613165227,14.302068710327148,14.62366483296934,5400
2020-10-08,14.205451965332031,14.485641216758143,14.205451965332031,14.485641216758143,7800
2020-10-09,14.112975120544434,14.202690272287391,13.954246288535574,14.18888753623421,7000
2020-10-12,14.085370063781738,14.161283798011386,13.995654909393297,14.03706180247247,800
2020-10-13,13.85072898864746,13.968049617476572,13.85072898864746,13.968049617476572,6100
2020-10-14,13.98530387878418,14.085371755688415,13.8852373181815,13.93354558529346,800
2020-10-15,13.740309715270996,14.458036224212606,13.664395980128717,13.726506978644869,7300
2020-10-16,13.69890308380127,13.774815504094605,13.681650320839214,13.703733910082704,2000
2020-10-19,13.816225051879885,13.816225051879885,13.754114046164316,13.754114046164316,5700
2020-10-20,13.512568473815918,13.71270418596105,13.512568473815918,13.643691826038546,11000
2020-10-21,13.381446838378906,13.409052312410092,13.181312416858615,13.381446838378906,6300
2020-10-22,13.395249366760254,13.45045899766127,13.395249366760254,13.398700709111122,1100
2020-10-23,13.98530387878418,14.09227312474749,13.65956663048461,13.65956663048461,1300
2020-10-26,13.41250228881836,14.14748157840734,13.32968849963454,13.698903157474229,30000
2020-10-27,13.490486145019531,13.56777936351472,13.353842212479224,13.381446369241187,1000
2020-10-28,13.084693908691406,13.181311746586063,13.05708975236535,13.181311746586063,4900
2020-10-29,13.202013969421388,13.202013969421388,13.057089193237411,13.105397451965404,1900
2020-10-30,13.34004020690918,13.366954623209743,13.181312677001612,13.202015466632137,71000
2020-11-02,13.208224296569824,13.31243322983692,13.029482440551323,13.25722229237538,3000
2020-11-03,13.66439437866211,13.740308104907305,13.487724372498782,13.487724372498782,2600
2020-11-04,13.905939102172852,13.964600076776748,13.74790131617727,13.816223943503989,3400
2020-11-05,14.09227180480957,14.216493803634664,13.890066843894092,13.890066843894092,6100
2020-11-06,14.085370063781738,14.35451684324846,14.085370063781738,14.271703057090113,6000
2020-11-09,14.373150825500488,14.49254199839441,14.185438342846188,14.244098000062618,3400
2020-11-10,14.3897123336792,14.464935003962983,14.375219856386874,14.464935003962983,1500
2020-11-11,14.279294967651367,14.423530017731403,14.216494224429145,14.423530017731403,2100
2020-11-12,14.230295181274414,14.341404174612604,14.202689710260453,14.341404174612604,1400
2020-11-13,14.285507202148438,14.409727893634528,14.216494829344036,14.40282784102546,2400
2020-11-16,14.492541313171388,14.492541313171388,14.492541313171388,14.492541313171388,300
2020-11-17,14.532567977905272,14.540848829427,14.421457668288294,14.492540571463664,7700
2020-11-18,14.63056468963623,14.693365422394796,14.45803445186364,14.45803445186364,1900
2020-11-19,14.292407035827637,14.43043177932219,14.292407035827638,14.37522214518467,3100
2020-11-20,14.39247226715088,14.561552481080112,14.39247226715088,14.426979104841164,400
2020-11-23,14.740986824035645,14.823800617259716,14.382123543260644,14.506345549398262,10200
2020-11-24,14.962512969970703,14.968724595912658,14.768588877599734,14.837601239649064,11400
2020-11-25,14.948022842407228,15.0998490097435,14.9204186830286,15.01703521530609,18000
2020-11-27,15.239253997802734,15.299984199253071,15.182663564511603,15.21716909154672,5200
2020-11-30,15.465612411499023,15.576031672669185,15.2447738891587,15.500117937001663,7500
2020-12-01,15.565680503845217,15.624340161310045,15.317236504461372,15.541526372383055,2300
2020-12-02,15.77202606201172,15.772026062011715,15.707154780050931,15.762364409726098,500
2020-12-03,15.693351745605469,15.836897043295854,15.624339380746418,15.789968266627316,2600
2020-12-04,16.079818725585938,16.121226933199573,15.734758226613696,15.734758226613696,3200
2020-12-07,15.776166915893556,16.06946782245427,15.776166915893556,15.92109169806199,24200
2020-12-08,15.886585235595703,15.948696228943747,15.858979764640438,15.948696228943747,8400
2020-12-09,15.769265174865724,16.017707840751395,15.769265174865724,16.003906421086498,5100
2020-12-10,16.393823623657227,16.393823623657227,16.204040613679094,16.210941981571196,6100
2020-12-11,16.25372886657715,16.39727415249018,16.25372886657715,16.383471417390556,10300
2020-12-14,16.42487907409668,16.65952031655246,16.411077654653237,16.56980516681411,19100
2020-12-15,16.903823852539062,16.93557040921759,16.763040154761672,16.7906443109979,55700
2020-12-16,16.792715072631836,16.818250003432855,16.645719746721117,16.811348635208216,15600
2020-12-17,16.86448860168457,16.95627430288401,16.830672817032145,16.87346051247441,7000
2020-12-18,16.59395980834961,16.59603035040536,16.39727542497109,16.5145960498198,9600
2020-12-21,16.46283721923828,16.514596824154843,16.31101106314523,16.36276935176036,9300
2020-12-22,16.355867385864258,16.583607251506866,16.355867385864258,16.452483899681948,4200
2020-12-23,16.797548294067383,16.887263461178136,16.65262217328652,16.804449663276145,4800
2020-12-24,16.96800422668457,17.01148165827539,16.838951415663466,16.983877503934153,8700
2020-12-28,17.46006202697754,17.47386476388079,17.246124870182875,17.246124870182875,6500
2020-12-29,17.25302505493164,17.34274020604469,17.190914059429776,17.34274020604469,6100
2020-12-30,17.066692352294922,17.960399117657385,17.052889616109074,17.304784944446016,22800
2020-12-31,16.997678756713867,17.073592483937077,16.92866771338507,17.073592483937077,3200
2021-01-04,17.529071807861328,18.1191249022171,17.460059449832883,17.784417137676197,22300
2021-01-05,17.372417449951172,17.39105101318126,17.301334539414917,17.39105101318126,10400
2021-01-06,17.62569236755371,17.67400063077089,17.39105110366902,17.40485252437289,32900
2021-01-07,18.079099655151367,18.08807024856051,17.649844584736847,17.649844584736847,18600
2021-01-08,18.053564071655273,18.184687421627206,17.705053568665576,17.929342089187262,13300
2021-01-11,17.903810501098633,18.067368848895295,17.41175334122986,17.943146852385937,22700
2021-01-12,18.04666328430176,18.205390793090753,18.012157761974166,18.205390793090753,22100
2021-01-13,17.46006202697754,17.59808676340719,17.259927607086126,17.59808676340719,54700
2021-01-14,17.601537704467773,17.66019868120527,17.391051879107902,17.460062934608708,12100
2021-01-15,16.56290626525879,16.9942319492499,16.56290626525879,16.942472340650358,26900
2021-01-19,17.35654640197754,17.35654640197754,16.976980301624195,16.976980301624195,6000
2021-01-20,17.18056297302246,17.349641884457338,17.166760236819222,17.349641884457338,8900
2021-01-21,17.546327590942383,17.763716095475363,17.37724866676232,17.55668030202589,28300
2021-01-22,17.795459747314453,17.954188578824795,17.56358010059581,17.56358010059581,14600
2021-01-25,17.34343147277832,17.94314627286431,16.90106338906103,17.68780091980864,31600
2021-01-26,17.280628204345703,17.46005848245656,17.052887040579485,17.335837824449314,22100
2021-01-27,17.166759490966797,17.38414796966803,16.7285325078141,16.74923661121942,26900
2021-01-28,17.598085403442383,17.598085403442383,17.339290029862347,17.397949682715847,10000
2021-01-29,17.25302505493164,17.466962197048414,17.25302505493164,17.466962197048414,36700
2021-02-01,16.970077514648438,17.232322946681585,16.970077514648438,17.184014681541388,14400
2021-02-02,17.943147659301758,17.943147659301758,17.59808712739211,17.89483939544264,92600
2021-02-03,18.77819061279297,19.323386800782508,18.315810835137743,18.315810835137743,95100
2021-02-04,18.805797576904297,18.916216833519627,18.77129205282502,18.916216833519627,38900
2021-02-05,19.061832427978516,19.26127709250585,18.978327586520024,19.240572988542976,71700
2021-02-08,19.150856018066406,19.21986837508545,19.024563496862644,19.21986837508545,59300
2021-02-09,19.092199325561523,19.14395761411178,18.920358806407418,19.06804387800969,28900
2021-02-10,19.56838035583496,19.6684482152988,19.18536299577093,19.30958498458103,25800
2021-02-11,19.116352081298828,19.668448350584164,18.764390216016423,19.647744246872964,54400
2021-02-12,19.775419235229492,20.18604078763945,19.254377103411183,19.357894998036222,38100
2021-02-16,19.371694564819336,19.799570126562777,19.254373952430107,19.799570126562777,119300
2021-02-17,18.888612747192383,19.261277410568457,18.77819217386837,19.13705541734264,36600
2021-02-18,19.123254776000977,19.143958882573777,18.971428610038355,19.068045141441704,25500
2021-02-19,18.76439094543457,19.150858348957247,18.729884104574538,19.150858348957247,47600
2021-02-22,18.9652156829834,19.17156171304191,18.67950458016268,18.76439022072872,27400
2021-02-23,19.286121368408203,19.32338849306213,18.702279840473977,18.916216987368493,17700
2021-02-24,19.544227600097656,19.59943723052669,19.211589017334628,19.288883552976408,18200
2021-02-25,19.137054443359375,19.53042319101964,19.12877359183975,19.516621771820265,53900
2021-02-26,18.77129173278809,19.130153652518885,18.77129173278809,19.1163522329033,19000
2021-03-01,18.7264347076416,18.861008100762454,18.702280576378957,18.861008100762454,27900
2021-03-02,18.9852294921875,19.22677211338965,18.840303392945653,18.950722651272113,30600
2021-03-03,18.791996002197266,18.978329002865017,18.70228084426545,18.88171247643053,20200
2021-03-04,19.00593376159668,19.13015444106541,18.86997957144369,18.895513186011023,38900
2021-03-05,19.18536376953125,19.25782747679388,19.05631226594848,19.233673346473463,65000
2021-03-08,19.08184814453125,19.12325504195118,18.860319861218024,18.94382471436431,33100
2021-03-09,19.633943557739254,19.71675734306202,19.11635279241715,19.406203673649586,17900
2021-03-10,19.998327255249023,20.013509475332356,19.86858469371496,19.985904002852067,160500
2021-03-11,20.227447509765625,20.696730032119486,20.113578221539388,20.172237878682903,219500
2021-03-12,20.406879425048828,20.49659589950045,20.289558792820788,20.379275267272412,112900
2021-03-15,20.24125099182129,20.358571626729077,20.075622092475264,20.358571626729077,135500
2021-03-16,19.882387161254883,20.28955868768338,19.882387161254883,20.28955868768338,81600
2021-03-17,20.53110122680664,20.544903963711796,19.882387071580112,20.01351043957622,60400
2021-03-18,20.123929977416992,20.40687950633495,20.037664845032214,20.39997813778799,124800
2021-03-19,19.979005813598633,20.089425081211008,19.680872738004027,20.0204127098779,120600
2021-03-22,20.524200439453125,20.634619705217787,20.09632611369043,20.192942642159142,581500
2021-03-23,19.786460876464844,20.05491793064019,19.777490281880908,19.972104139348353,377600
2021-03-24,19.854782104492188,19.94449725811469,19.406203703776903,19.647745008261097,117200
2021-03-25,19.27507972717285,19.39930171769448,19.047339849983647,19.39240034974313,164500
2021-03-26,19.620140075683594,19.778867588437024,19.4062029360463,19.675349702567452,116100
2021-03-29,19.70985412597656,19.809921980464093,19.627040348422327,19.74436096354188,136800
2021-03-30,19.68915367126465,19.79267156361633,19.60909885167429,19.730560564945037,73600
2021-03-31,19.799571990966797,20.24124901270392,19.737460995247343,19.778867886959866,73300
2021-04-01,19.806472778320312,19.90999066271754,19.6339425322245,19.90999066271754,169200
2021-04-05,19.79267120361328,19.909991830491656,19.79267120361328,19.85478220115486,79700
2021-04-06,20.406879425048828,20.524889799238373,20.289558792820788,20.289558792820788,142900
2021-04-07,20.25505256652832,20.417230114076,20.158434726896257,20.39307598324334,130800
2021-04-08,20.192941665649418,20.33096508302983,20.11012656218003,20.33096508302983,160500
2021-04-09,20.22054672241211,20.261954934140157,20.082523298889697,20.199843932849557,233300
2021-04-12,20.544902801513672,20.6070137977719,20.48279180525544,20.57940832552319,150400
2021-04-13,20.372371673583984,20.655321170469765,20.28265520893163,20.627715699407094,243300
2021-04-14,20.412397384643555,20.496593280039964,20.25505067793352,20.496593280039964,201500
2021-04-15,20.607013702392575,20.655321962302857,20.455186238330143,20.600112334362343,236800
2021-04-16,20.627716064453125,20.73813531805525,20.565605069764263,20.73813531805525,228600
2021-04-19,20.517297744750977,20.78644583942081,20.39307574971896,20.779544471218877,220400
2021-04-20,20.95207405090332,20.95207405090332,20.658771835146982,20.73123554077702,474100
2021-04-21,21.39375114440918,21.39375114440918,21.06249337808549,21.117703005806103,362900
2021-04-22,21.50417137145996,21.718108524005864,21.400653479344296,21.718108524005864,419300
2021-04-23,21.787120819091797,21.787120819091797,21.531776773800917,21.53867682579134,489800
2021-04-26,21.994155883789062,22.03556277340722,21.79402017074892,22.02176003810074,573600
2021-04-27,21.932048797607425,22.14598596775788,21.80782679032602,22.035566698241414,322800
2021-04-28,22.17359161376953,22.18739435164059,21.88373938368338,22.070072396038107,381900
2021-04-29,22.139081954956055,22.235698469424896,21.980353131655587,22.235698469424896,350000
2021-04-30,22.3530216217041,22.54556494194037,22.11838034645268,22.159788559474592,270100
2021-05-03,22.642871856689453,22.642871856689453,22.401327917538215,22.532452597609765,861600
2021-05-04,22.35992431640625,22.44273810988246,22.152885883811187,22.44273810988246,297800
2021-05-05,22.51865005493164,22.56695831665704,22.394428058322664,22.504847318352553,244200
2021-05-06,22.704980850219727,22.96032487068846,22.663572644494028,22.96032487068846,298600
2021-05-07,23.41580581665039,23.41580581665039,22.849906805420865,23.043139843615524,647700
2021-05-10,23.719457626342773,24.07832085610453,23.567632799114733,24.07832085610453,729900
2021-05-11,24.07832145690918,24.140432452698565,23.70565548217287,24.112826980658237,918000
2021-05-12,24.59591293334961,24.71047327633924,24.330217496815266,24.45098814978542,1254100
2021-05-13,24.430286407470703,24.485494722933986,23.91959566827012,24.147336880138777,546700
2021-05-14,25.493066787719727,25.49306678771973,24.844354046465575,25.051389803665625,621700
2021-05-17,25.120407104492188,25.527578626564328,25.003085157825875,25.527578626564328,720200
2021-05-18,24.181840896606445,24.706331707474543,23.926494226647048,24.52690140266783,779500
2021-05-19,22.77399253845215,23.33299148486019,22.63596781472888,23.08454750867884,841700
2021-05-20,24.03691673278809,24.15423604421062,23.75396458325721,23.809175529293324,721600
2021-05-21,23.56763458251953,24.27845841169314,23.457215321360493,24.2715557270316,474800
2021-05-24,23.947200775146484,24.15423656201461,23.947200775146484,24.119731036303733,243900
2021-05-25,24.285356521606445,24.423381245167857,24.071420701058763,24.237048263250347,183900
2021-05-26,24.119733810424805,24.63042196792924,24.002411850390654,24.582113699857285,289800
2021-05-27,23.595239639282227,24.030016672691353,23.429612048290338,24.016213934674848,385300
2021-05-28,23.740163803100582,23.91269405564462,23.022437320692735,23.82297758719296,278400
2021-06-01,23.753963470458984,24.154234912660936,23.671149687887183,24.147334861031073,375900
2021-06-02,23.664249420166016,23.78433032520954,23.46411370089259,23.56763290261406,252000
2021-06-03,23.188064575195312,23.4020030331928,23.119053528152353,23.39510298152958,414700
2021-06-04,23.222572326660156,23.602138343987782,23.117673641508805,23.57453287261055,292200
2021-06-07,23.988605499267575,24.041054844218607,23.698755934487753,23.79537245608103,382400
2021-06-08,24.071422576904297,24.146643937862017,23.988606156752123,24.07832262894889,255200
2021-06-09,24.471689224243164,24.775344139133363,24.36126997317471,24.57520842388348,269300
2021-06-10,24.30606460571289,24.71944644721812,24.19564534128036,24.56140866110007,327100
2021-06-11,24.085222244262695,24.188738807356874,23.88508653663711,24.174936072423815,156400
2021-06-14,24.202547073364254,24.6166186855749,24.161138859101953,24.609718632832735,307100
2021-06-15,23.912694931030273,23.99550871815426,23.860935326851724,23.90579224641829,189300
2021-06-16,23.553831100463867,24.18874117388657,23.533125679737292,24.03691633997401,175700
2021-06-17,23.188064575195312,23.66424975064089,23.120433011964455,23.360594825405403,456500
2021-06-18,23.684953689575195,23.76776747657292,23.505523378979653,23.698756426175287,324200
2021-06-21,23.954099655151367,24.140432643996093,23.847131740900828,24.05071617545543,292800
2021-06-22,24.46479225158691,24.47169230388339,24.205996852520627,24.28535930064331,287200
2021-06-23,24.87196159362793,25.18941662335793,24.76154233839129,24.844356121668095,525300
2021-06-24,24.996183395385746,25.106602649785454,24.89611553474183,24.947875136123532,583400
2021-06-25,24.996183395385746,25.161810960683972,24.858158669235426,25.161810960683972,215400
2021-06-28,25.099700927734375,25.223922922771397,25.051392666620288,25.223922922771397,306100
2021-06-29,25.11350440979004,25.265331882143855,25.067957747645615,25.24462909322392,251100
2021-06-30,25.527578353881836,25.527578353881836,25.20322062358999,25.20322062358999,247100
2021-07-01,25.989953994750977,26.009277296455696,25.77601555973272,25.96234852585783,490800
2021-07-02,25.97615623474121,25.98995897183101,25.74841765426683,25.98995897183101,454500
2021-07-06,24.237049102783203,25.679402117125353,24.161135370564764,25.679402117125353,974000
2021-07-07,24.60281562805176,24.69943215046789,24.32676616463184,24.485493684687317,435400
2021-07-08,24.49239730834961,24.72703857147287,24.223247886523573,24.582111149688732,355300
2021-07-09,24.934072494506836,25.127305532286147,24.84435602727957,24.84435602727957,203000
2021-07-12,24.06452178955078,24.26465753846003,23.961005205103376,24.26465753846003,829100
2021-07-13,24.42338180541992,24.561406532147505,24.28535707869234,24.4854928008172,263300
2021-07-14,24.430286407470703,24.740838776232824,24.252232942779298,24.430286407470703,286000
2021-07-15,24.51309585571289,24.73393434366146,24.31641149511487,24.58900957955817,189900
2021-07-16,24.582109451293945,24.582109451293945,24.326765416673226,24.55450661188287,113400
2021-07-19,24.105928421020508,24.48549447095933,24.033466026881513,24.430286156064184,353300
2021-07-20,23.809175491333008,23.822978227820027,23.47101502890797,23.68495349555261,291900
2021-07-21,24.023115158081055,24.07832347418434,23.809176680748863,23.947201419911472,149400
2021-07-22,23.36749839782715,23.58833691588152,23.27088187525371,23.58833691588152,308800
2021-07-23,23.684953689575195,23.70565647817392,23.43306098628129,23.574534429377287,213900
2021-07-26,24.46479225158691,24.499297778275164,24.11973171949853,24.15423724618678,359800
2021-07-27,24.34746742248535,24.48480240363123,24.250850906142578,24.47859209403852,147700
2021-07-28,24.671829223632812,24.671829223632812,24.381979626473168,24.402682416955127,166500
2021-07-29,24.830556869506836,24.856782861329098,24.499299057320226,24.623521065965587,217700
2021-07-30,24.485492706298828,24.637320168373357,24.432353621093277,24.5338009655766,225100
2021-08-02,24.94096946716309,25.15835924043036,24.844352960200908,25.15490789872389,160600
2021-08-03,25.02378845214844,25.237726928270845,24.85816087217225,25.230826876023055,225400
2021-08-04,25.35504913330078,25.389554660093957,25.11350518054265,25.21702439352513,168900
2021-08-05,25.631092071533203,25.637994755400953,25.17147125875567,25.348142582813953,370100
2021-08-06,25.70700454711914,25.70700454711914,25.48616606094671,25.679399078196983,220200
2021-08-09,25.686307907104492,25.769121701081513,25.52067768654741,25.741516225554825,266800
2021-08-10,25.796728134155273,25.89334466948194,25.693208913389192,25.748419866491943,216900
2021-08-11,26.190092086791992,26.20941539026116,25.803623384805977,25.86573437918582,321700
2021-08-12,25.527578353881836,26.148685708518105,25.43095919717577,26.148685708518105,294900
2021-08-13,25.29983901977539,25.548283033054847,25.25843080669447,25.548283033054847,274100
2021-08-16,26.383325576782227,26.417831100343687,26.08657333546884,26.19699259042712,769000
2021-08-17,25.8519344329834,26.217700387177644,25.76912064240862,26.18319222788546,455100
2021-08-18,25.727712631225582,26.017564849399523,25.258430093308128,25.996859427142343,578600
2021-08-19,24.623517990112305,25.06519501785558,24.161135541779178,25.058294966060792,514700
2021-08-20,24.685630798339844,24.768444588968674,24.43028674154923,24.60281700771101,222900
2021-08-23,25.05829429626465,25.065194347875,24.782244845002396,25.05139161205162,333000
2021-08-24,25.56898307800293,25.575885762410135,25.313639039593948,25.313639039593948,475000
2021-08-25,25.60348892211914,25.651797183162163,25.203220097390837,25.410255877947048,366800
2021-08-26,25.95545196533203,26.086574011303675,25.9278464927266,25.97615475348472,282900
2021-08-27,27.17006492614746,27.211473136769857,26.2660080380163,26.362624563532343,1026700
2021-08-30,27.54962921142578,27.595868245362205,27.24597691745351,27.38400164475098,847100
2021-08-31,27.494422912597656,27.666953176197637,27.390903701396503,27.57033664979811,473800
2021-09-01,27.28738594055176,27.41850798746974,27.10105294802445,27.41850798746974,586300
2021-09-02,27.715261459350582,27.809119017979356,27.50132298459554,27.591039458860937,715300
2021-09-03,27.956804275512695,28.10863175816904,27.660054627979992,27.977509698440496,439700
2021-09-07,28.08792495727539,28.301860780358925,27.92919744470925,28.19834421091283,769500
2021-09-08,28.170740127563477,28.219048388872743,27.880890559707865,28.20524565241255,443600
2021-09-09,28.0189151763916,28.232853661841112,27.956804173041935,28.046520651792125,415700
2021-09-10,27.55653190612793,27.722159472865272,27.363988609309484,27.722159472865272,470600
2021-09-13,27.57033348083496,27.936096755192786,27.335692244004775,27.81187476907077,634000
2021-09-14,27.121753692626953,27.218370207560177,26.819480896220483,27.218370207560177,416200
2021-09-15,27.37019920349121,27.763567969333153,27.3011881554007,27.55653219245888,307900
2021-09-16,27.232177734375,27.27358594774747,26.880217134819635,27.156263992826982,317600
2021-09-17,27.32189178466797,27.46750631162032,27.14246147454555,27.459916517702116,512500
2021-09-20,27.52202796936035,27.75528711310214,27.156262025903477,27.156262025903477,374300
2021-09-21,27.418506622314453,27.418506622314457,27.239076323223458,27.30118731764008,240600
2021-09-22,27.55653190612793,27.69041554941868,27.349496131404894,27.41160712708208,530200
2021-09-23,27.563432693481445,27.770471106332963,27.487521592385708,27.687654688151245,324900
2021-09-24,28.833253860473633,28.833253860473633,28.06031909575327,28.143132876679797,716400
2021-09-27,29.274930953979492,29.408814593711227,28.971278667964516,29.04029234610608,797100
2021-09-28,28.384681701660156,29.261135818325137,28.163843159322862,29.261135818325137,734400
2021-09-29,28.43988800048828,28.577912737794172,28.032716473367504,28.267357737006648,553300
2021-09-30,28.35707664489746,28.357076644897464,27.963707821006608,28.053424302845805,653500
2021-10-01,29.067895889282227,29.08446022547873,28.474391405893112,28.985082106107814,616800
2021-10-04,29.323246002197266,29.57859006601512,29.12311025611702,29.26113499936557,679500
2021-10-05,29.65450096130371,29.93054778871316,29.509573546865784,29.737314746266268,658300
2021-10-06,27.97060775756836,28.29496552183705,27.64694236791822,27.9222994904564,1214300
2021-10-07,28.032716751098633,28.108630488999125,27.22527637365434,27.97060575032577,778200
2021-10-08,26.983728408813477,27.63175405243323,26.963025622503174,27.577232853999057,654700
2021-10-11,27.494422912597656,27.646250386998567,27.34949812299836,27.494422912597653,435400
2021-10-12,27.666948318481445,27.70145383862244,27.480615350597144,27.480615350597144,377200
2021-10-13,27.694555282592773,27.715258069274427,27.384000319355117,27.60483881930132,312300
2021-10-14,28.633121490478516,28.681429749941387,27.980954722524384,28.005111484858514,621400
2021-10-15,27.646251678466797,28.55721130222109,27.618646203176542,28.550308617097016,662500
2021-10-18,27.266681671142575,27.811877935346303,27.204570671010472,27.75666962000826,517600
2021-10-19,26.673179626464844,27.14936220306577,26.27981083870693,27.107953992342825,833600
2021-10-20,27.604841232299805,27.67385228233943,26.95612841107777,27.00443667262607,448700
2021-10-21,27.998212814331055,28.046521080719256,27.74286874447871,27.929201757377363,300400
2021-10-22,28.584814071655273,28.640025022094303,28.020297109253413,28.502000278599752,587900
2021-10-25,28.612417221069336,28.640022694044895,28.36397322949491,28.453689700364077,463400
2021-10-26,28.702131271362305,28.84015599199707,28.612414808059317,28.68832853603857,374300
2021-10-27,28.564105987548828,28.646919765255873,28.343267491928355,28.564105987548828,646800
2021-10-28,28.3294677734375,28.3294677734375,27.895383161663887,28.129332042782423,709900
2021-10-29,28.191442489624023,28.37087542829021,28.06722049596367,28.191442489624023,667900
2021-11-01,27.901592254638672,28.508899472072812,27.825678523384067,28.44678847673747,692600
2021-11-02,28.888465881347656,28.909168669201545,28.605516372732655,28.74354110116496,388800
2021-11-03,28.936777114868164,29.17072864554768,28.895368902302664,28.950579852389996,323300
2021-11-04,28.81255149841309,29.39225323865532,28.57791025515783,29.28873403651816,433000
2021-11-05,28.757343292236328,28.757343292236328,28.46749371083001,28.757343292236328,421900
2021-11-08,29.29564094543457,29.295640945434577,28.98508592684067,29.00578871721258,451200
2021-11-09,29.337045669555664,29.468170358357135,29.123109821684576,29.330145617167517,312400
2021-11-10,30.21349716186523,30.2963135790504,29.619992668385287,29.675203613175395,700700
2021-11-11,30.565460205078125,30.634471253128144,30.158288703336456,30.199694279125374,532200
2021-11-12,30.530956268310547,30.758694844797574,30.41363432140285,30.565461794129448,583000
2021-11-15,31.614444732666016,31.67655572949258,30.779396301419375,30.98643471257643,686500
2021-11-16,31.773170471191406,32.021614444583584,31.642045800455197,31.65584853593283,1002200
2021-11-17,31.46951675415039,31.869788200435018,31.138258987881752,31.786974417018538,844300
2021-11-18,32.29076385498047,32.487448244623984,31.449505091904843,31.46951813857896,826600
2021-11-19,32.490901947021484,32.542658922316576,32.18034693223586,32.283863515429054,597200
2021-11-22,32.311466217041016,32.69793493922235,32.19414690630547,32.642723993509534,781200
2021-11-23,32.06302261352539,32.525405075341205,31.97330877456345,32.42878855178045,457100
2021-11-24,31.95260238647461,33.12580863550254,31.814577657306135,32.718637132387045,675500
2021-11-26,32.345970153808594,32.69793333394144,32.0285151293535,32.24245358458332,488100
2021-11-29,32.8842658996582,33.17411544892771,32.8497577444191,33.008487887231595,493000
2021-11-30,33.00849151611328,33.32594657143333,32.87391548761158,33.132710884740455,604500
2021-12-01,33.44326400756836,34.0850767669722,33.407378999227575,34.02986845430881,655500
2021-12-02,33.38115310668945,34.02986855242331,33.063698068302074,34.02986855242331,757700
2021-12-03,33.063697814941406,33.37425279907228,32.81525382763671,32.91187034878792,680500
2021-12-06,34.526756286621094,34.6233728151961,33.35010123132844,33.401860838094464,864100
2021-12-07,35.78277587890625,35.92080061731477,34.92702723945868,35.0650519778672,1158900
2021-12-08,37.777225494384766,37.81173101859133,36.92147427800724,37.10090458344301,1448200
2021-12-09,34.733795166015625,36.265862171062224,34.53434916328634,36.22445659119255,1621700
2021-12-10,35.5964469909668,35.60334704350307,34.78210389632919,34.996039748793,838100
2021-12-13,34.58196258544922,35.713070824851776,34.554357114539194,35.603341315696646,681400
2021-12-14,34.01606750488281,34.16099229491533,33.574390449963,34.14718955787372,1210100
2021-12-15,34.595767974853516,34.63027349983677,33.94015246976047,33.94015246976047,796700
2021-12-16,35.83798599243164,35.955305306153925,34.892520900153585,34.989137425007904,665000
2021-12-17,32.41498565673828,33.43636446633525,31.99401140676462,33.40185894131833,1906100
2021-12-20,34.243804931640625,34.43704061111436,33.125809594940186,33.222426118375644,1166900
2021-12-21,33.91944885253906,34.49915060894344,33.712410442492484,34.42323687627339,777500
2021-12-22,33.8159294128418,33.8159294128418,33.27073318436112,33.51227711687162,536000
2021-12-23,32.99468994140625,33.22242852994925,32.849762513130145,33.02919546905179,646000
2021-12-27,33.62959671020508,33.711720752871045,33.29833893926052,33.40875819624203,492100
2021-12-28,34.299015045166016,34.36733635185041,34.02296558553622,34.160990315351114,750000
2021-12-29,34.94266128540039,34.99121181288087,34.308033131584445,34.588932989979405,727400
2021-12-30,34.81087875366211,34.901045152224185,34.60765974075809,34.67909912946007,440400
2021-12-31,35.303321838378906,35.324128449941334,35.03282265904165,35.26170596944891,475200
2022-01-03,36.39225006103515,36.54137030372827,35.448978074307135,35.525272521146235,921900
2022-01-04,36.829200744628906,37.09969992949982,36.28127301110316,36.912432484191584,874800
2022-01-05,37.37019348144531,37.7239190859941,36.75984066913244,36.89162027753199,1230600
2022-01-06,36.7112922668457,37.092761804383144,36.551768738268414,37.078889848097496,747800
2022-01-07,36.34369659423828,36.7945232910747,36.26046485215334,36.73210080741362,759300
2022-01-10,34.90104675292969,35.601566069124445,34.15891420918642,35.601566069124445,1680000
2022-01-11,34.970401763916016,35.227028998577346,34.57506025147642,35.129927945810465,476800
2022-01-12,34.71377944946289,34.89411225567821,34.076378464320534,34.72071675128947,795500
2022-01-13,35.15766906738281,35.26864207662616,34.49876831326593,34.57506010740397,579700
2022-01-14,35.48365020751953,35.50445681804334,35.16460316573123,35.49752216313707,433600
2022-01-18,35.240901947021484,35.2894524747709,34.956533436286925,35.122991632626245,506800
2022-01-19,34.56812286376953,35.02588682335143,34.56118820875081,34.852491344027904,591900
2022-01-20,35.657047271728516,35.94835306105769,35.15073277526638,35.28944969181336,753800
2022-01-21,35.199283599853516,35.34008012042614,34.6999037543408,35.331063216505974,1016200
2022-01-24,34.37392044067383,34.74845266157346,33.72195175141647,34.67909552883779,1859700
2022-01-25,35.504459381103516,35.546075250960364,34.67216315040811,35.31025728004862,706700
2022-01-26,35.58768844604492,36.47547243649024,35.55994453489226,36.26739839445524,840900
2022-01-27,35.69866180419922,36.06625937035484,35.58768880427648,35.650111282095835,535200
2022-01-28,35.85818862915039,36.0454560798578,35.72640636061262,35.94141772530748,356900
2022-01-31,36.14948654174805,36.17723045170866,35.65704404606917,35.78188899508704,561100
2022-02-01,36.19804382324219,36.2049811249307,35.613355231236326,35.8027022927689,597600
2022-02-02,38.0013542175293,38.08458330751068,37.38406672904104,37.45342386305801,1404400
2022-02-03,38.112327575683594,38.164346749585086,37.56439721609068,37.73085804341445,904600
2022-02-04,38.83365631103515,38.88914149374026,38.49379997592224,38.66026081564812,775900
2022-02-07,38.4244384765625,38.83365190507993,38.25797765572279,38.73654821620386,1071000
2022-02-08,38.3897590637207,38.83365372482586,38.16087840087136,38.64638628478269,769300
2022-02-09,36.967918395996094,37.876511727321926,36.51709170390415,37.84876781358559,1089400
2022-02-10,36.69048309326172,36.9817862175036,36.315948237117915,36.315948237117915,689500
2022-02-11,36.99565887451172,37.234945478109594,36.82573204881431,36.88468587567596,635000
2022-02-14,36.371437072753906,36.54483256295816,36.17723497038281,36.34369580513319,656200
2022-02-15,36.0246467590332,36.71822873268594,35.91367374908098,36.57257715321212,659600
2022-02-16,35.92754364013672,36.21884942813887,35.75414815669416,36.031581988524295,555200
2022-02-17,35.01895523071289,35.42886190451599,34.85942904747637,35.37268087531169,678800
2022-02-18,35.89286422729492,36.127295783212226,35.71946874793601,35.71946874793601,412200
2022-02-22,35.92754364013672,36.107876424567834,35.497523582024606,35.65011245411169,510400
2022-02-23,37.2453498840332,37.571331589481474,37.05114514597767,37.425680020293626,862000
2022-02-24,35.47671890258789,35.54607604141978,34.0548737442869,34.581997524308164,1455300
2022-02-25,35.906734466552734,36.066257982440014,35.532199614049595,35.76801756053621,421100
2022-02-28,33.98551559448242,34.67216289003542,33.78437619372592,34.47102348927892,1319400
2022-03-01,29.53965759277344,31.477524818798425,28.097005757564094,31.37071365607348,4304000
2022-03-02,29.185930252075195,29.913497582574813,28.52008955726121,29.733857991639898,2280000
2022-03-03,28.09006690979004,28.89462180680615,27.99990052209372,28.89462180680615,2027800
2022-03-04,27.68085479736328,28.381371384455026,27.18841226068853,28.23571981374364,1923500
2022-03-07,24.69151496887207,25.745759790900554,24.51811949115301,25.6070428795643,2777800
2022-03-08,27.701662063598633,28.353630788339153,26.723711622293013,26.77226214701133,1447500
2022-03-09,29.90031623840332,30.06677441334306,28.77671429724262,29.303835378958446,1210200
2022-03-10,30.559221267700195,31.05166381073237,30.3234033019685,30.68406622872316,869900
2022-03-11,31.093276977539062,31.488618437819913,30.5869598763886,31.093276977539062,652800
2022-03-14,31.301355361938477,32.25156192957577,31.287483404902243,32.18913944581535,1021600
2022-03-15,31.62733459472656,31.675885117617277,30.912946061501724,31.058597630173868,549300
2022-03-16,32.09897232055664,32.09897232055664,31.22506021352057,31.384583747114252,368800
2022-03-17,32.528995513916016,32.5636740833217,32.203011140731064,32.203011140731064,369800
2022-03-18,32.147518157958984,32.39027339648176,31.98799464762936,32.28623505914274,419900
2022-03-21,31.80073356628418,32.04348885319187,31.48862378366842,31.814605523747936,321700
2022-03-22,32.30010986328125,32.445761431761056,31.99840077502589,32.25155934045465,260800
2022-03-23,31.28748321533203,32.0781662409698,30.9129483150388,32.04348767149197,721300
2022-03-24,31.904769897460938,31.932513810625885,31.17234752305945,31.384583431741465,416800
2022-03-25,31.994935989379883,32.00187064470286,31.44007096036091,31.571850577938804,216300
2022-03-28,32.750938415527344,32.83624710606766,32.584477594098075,32.584477594098075,228500
2022-03-29,33.763572692871094,33.80518856624996,33.330083933611554,33.451460257043145,336800
2022-03-30,32.99369430541992,33.33355063697746,32.764813629722205,32.82723611324072,311600
2022-03-31,32.36253356933594,32.764812368932304,31.90476958974999,32.764812368932304,290800
2022-04-01,32.785621643066406,32.91046661543747,32.61916079796986,32.66771132658023,189100
2022-04-04,33.02836990356445,33.09079238146711,32.515120770413745,32.7370667705554,133300
2022-04-05,32.69544982910156,32.851507341633244,32.657302613536366,32.79255087024753,166000
2022-04-06,32.41108322143555,32.52899352517241,32.24462504014303,32.52205622423226,339000
2022-04-07,33.187896728515625,33.36129222374466,33.00756657763175,33.00756657763175,227500
2022-04-08,33.40290832519531,33.41678028240583,33.257256743192826,33.29193531331647,159200
2022-04-11,32.674644470214844,32.86191190494047,32.53592755792123,32.86191190494047,248100
2022-04-12,32.86885070800781,33.06652147308573,32.771749650889596,32.87578800969076,146800
2022-04-13,32.757877349853516,32.82029983531862,32.45963687994305,32.53593132282322,100300
2022-04-14,33.09773254394531,33.35435713270903,32.99369418984381,33.291934649409185,129800
2022-04-18,32.74400329589844,33.18096066617658,32.66909790561958,32.73706864053759,158800
2022-04-19,32.889652252197266,33.21563659011226,32.88271759738853,32.97981863954066,167500
2022-04-20,34.734580993652344,35.1923449177247,34.616670701040235,34.67909317458668,522700
2022-04-21,34.769264221191406,35.12992715607862,34.7207136958994,35.01895414886757,289100
2022-04-22,35.11605453491211,35.50445872989799,35.10218257854759,35.407357681151524,328600
2022-04-25,33.33354949951172,33.54162355553809,33.24060765548117,33.36822806788192,540700
2022-04-26,32.750938415527344,33.749695406687955,32.737066459924485,33.57629993035976,274000
2022-04-27,32.28623962402344,32.54286420772383,32.11284413447894,32.45963511356793,199700
2022-04-28,32.702388763427734,32.836247979235075,32.16971676649449,32.25155945466417,169800
2022-04-29,32.87578201293945,33.4930694598556,32.82029419281873,33.236442260504596,147300
2022-05-02,32.480445861816406,32.750942414588636,32.43952319092036,32.709326542698555,216500
2022-05-03,34.06180953979492,34.17278254450302,33.924479024348386,34.02019367085246,277700
2022-05-04,34.256011962890625,34.30456248755007,33.50694483542692,33.63872445295897,185800
2022-05-05,34.151973724365234,34.85249027519507,34.03406342622261,34.85249027519507,267400
2022-05-06,34.887176513671875,35.192354308356144,34.58200136479315,34.83169132560553,690000
2022-05-09,33.4306526184082,34.096490697225654,33.40290870367281,33.86761001517199,858400
2022-05-10,33.93696594238281,34.17971857312165,33.591561359955634,33.95083789925435,315500
2022-05-11,33.902286529541016,34.630547049441994,33.72195374050333,33.73582569702971,246500
2022-05-12,33.27805709838867,33.72888636263651,33.20869997118353,33.28499439859207,496900
2022-05-13,33.5416259765625,33.6942148633714,33.19483497621889,33.278064075475854,228000
2022-05-16,34.19358444213867,34.25600691404423,33.694207312698985,33.72888587580101,175600
2022-05-17,34.505699157714844,35.171537139634346,34.22133068757391,34.817811538553656,431900
2022-05-18,32.94514083862305,33.25725322836048,32.64690040463006,32.73706679406643,663400
2022-05-19,32.785621643066406,33.09842727500202,32.41802402764348,32.50125312728907,415300
2022-05-20,32.13364791870117,32.681575561515395,31.918636595801324,32.60528113578304,478100
2022-05-23,32.092037200927734,32.112843812806986,31.780617994668297,31.904769756598903,233300
2022-05-24,32.84804153442383,33.16708859603328,32.702389960098444,32.785619053169356,226600
2022-05-25,33.00062942504883,33.125471738026924,32.77174611867797,32.8411032531997,92700
2022-05-26,34.09648895263672,34.26294978672657,33.569367828661704,33.569367828661704,193100
2022-05-27,33.9647102355957,34.07568324600262,33.841251670123334,33.992451503843476,142800
2022-05-31,34.103424072265625,34.23520633940704,33.93002858038921,33.96470979540868,233800
2022-06-01,34.56812286376953,34.9218484774353,34.08955229332643,34.08955229332643,469200
2022-06-02,34.831687927246094,34.949595594011846,34.57506068933483,34.74845618455879,177400
2022-06-03,34.845558166503906,35.02588830849237,34.769263729037775,34.90798064753937,71600
2022-06-06,33.590171813964844,33.98551328748135,33.46185820926721,33.98551328748135,263400
2022-06-07,33.22951126098633,33.51387975587204,33.180960735942804,33.416778705785,121500
2022-06-08,33.291934967041016,33.41677993483184,33.02143841876265,33.2295124831456,254500
2022-06-09,33.04917907714844,33.93696307548764,33.02836982069642,33.78437420859621,188000
2022-06-10,33.25031280517578,33.32660723170319,33.02143217139832,33.08385464348395,178700
2022-06-13,32.369468688964844,32.841104631764615,32.342420622436315,32.58448004829583,297500
2022-06-14,32.64690399169922,33.05611747080495,32.61916007716197,32.98676033026715,222100
2022-06-15,33.395973205566406,33.51041222080415,32.82029889545085,32.82029889545085,153200
2022-06-16,32.737064361572266,32.91045982678631,32.41801734057158,32.70932045214486,281400
2022-06-17,32.307044982910156,32.813359433778416,32.15445612386867,32.813359433778416,210000
2022-06-21,33.06998825073242,33.34048479332717,32.917399372015296,33.02143772492337,314400
2022-06-22,32.15446090698242,32.549802422576036,32.043487896391326,32.549802422576036,416800
2022-06-23,32.41108322143555,32.70238900740509,32.27236630648839,32.34866074199958,250800
2022-06-24,32.46657180786133,32.54355944611274,32.320917588554906,32.320917588554906,182400
2022-06-27,32.577545166015625,33.06998771745509,32.55673590828644,32.74400335301804,236800
2022-06-28,33.382102966308594,33.61792095613549,32.75094344144915,32.77175005514389,236400
2022-06-29,33.47919845581055,33.63178731967197,33.30580298171528,33.63178731967197,182500
2022-06-30,34.14503860473633,34.158910561039455,33.62485214949207,33.62485214949207,273000
2022-07-01,33.54855728149414,33.666467585652555,33.042242789061184,33.347420532197006,289600
2022-07-05,32.20301055908203,32.66077454606256,32.0851002502661,32.66077454606256,387300
2022-07-06,32.27236557006836,32.543557939572295,32.16139256980393,32.223815047815485,150800
2022-07-07,32.5151252746582,32.75094326320166,32.390280301558406,32.46657474576443,257300
2022-07-08,32.18913650512695,32.43188911657085,31.974125159415912,32.43188911657085,167900
2022-07-11,32.071231842041016,32.397213572707585,32.050422583543586,32.18220485274128,92900
2022-07-12,32.23768997192383,32.459635992888806,32.15446087551328,32.21688335927251,193000
2022-07-13,31.655078887939453,31.97412594100897,31.64120693183142,31.91170346142536,173500
2022-07-14,31.481685638427734,31.67588774610562,31.231995702381717,31.585723993715337,198700
2022-07-15,31.752178192138672,32.064290572926105,31.67588376063453,31.74524353736782,227500
2022-07-18,31.585721969604492,31.96025684967216,31.55797805719834,31.821539933446527,312300
2022-07-19,31.83540916442871,31.90476629370176,31.65715864347599,31.74524277972984,172200
2022-07-20,30.302593231201172,31.0239190653484,30.24017075236526,31.0239190653484,479300
2022-07-21,30.37195587158203,30.427441054770508,29.96967704879298,30.073715405253683,228700
2022-07-22,29.62288475036621,30.399698447235497,29.516766795604205,30.378889189376636,435400
2022-07-25,29.78240966796875,30.045971564727505,29.5465916857752,29.962742466837224,197400
2022-07-26,29.484169006347656,29.72692428848329,29.411343215448557,29.643695191142218,170000
2022-07-27,29.886444091796875,29.914188002711132,29.442552100388667,29.643691485809565,143100
2022-07-28,30.39970016479492,30.65632476257493,30.191623449281323,30.34421233510987,138000
2022-07-29,30.54534912109375,30.611237605919467,30.01129071244597,30.12226371646336,409400
2022-08-01,31.21811866760254,31.41232338949794,30.808905260265423,30.82971451542145,210900
2022-08-02,31.564910888671875,31.807666139492337,31.412324670864255,31.42619662626585,129100
2022-08-03,32.26543426513672,32.37640727692322,31.918643272578247,31.932515229777223,158300
2022-08-04,32.473506927490234,32.5636733224825,32.26543287011248,32.383340532497975,135500
2022-08-05,32.57061004638672,32.59835396134711,32.22381904679792,32.22381904679792,111600
2022-08-08,32.535926818847656,32.59141464082668,32.32785277803628,32.59141464082668,115700
2022-08-09,33.19483184814453,33.305804851964865,32.9451419280975,33.14628132433595,360200
2022-08-10,33.825992584228516,33.825992584228516,33.37516325087309,33.37516325087309,285200
2022-08-11,34.19358444213867,34.38778915795861,34.07567679843083,34.11729001583135,309300
2022-08-12,34.42940902709961,34.457152941263246,34.131168564353715,34.41553707001779,366200
2022-08-15,34.40166473388672,34.595869485087086,34.31843563811814,34.31843563811814,146100
2022-08-16,34.75539016723633,34.99120812405493,34.75539016723633,34.78313407881617,180000
2022-08-17,35.78882598876953,35.88592967997819,35.24783293820367,35.28251150501852,295200
2022-08-18,35.761085510253906,35.85818655779567,35.60156198274886,35.747213554061496,245700
2022-08-19,35.82350540161133,35.98302891758921,35.67785119501855,35.72640171528117,147200
2022-08-22,34.16584396362305,34.512634921071054,33.860668873558616,34.464084398692734,309500
2022-08-23,33.604042053222656,33.75662826512373,33.33354554787478,33.534682278899574,259500
2022-08-24,32.910465240478516,33.68034165600045,32.61915943518131,33.34048532412126,516700
2022-08-25,32.501251220703125,32.79255437527696,31.987999403752053,32.37640625565571,282400
2022-08-26,32.80642318725586,33.063047748229074,32.69545018960758,32.76480996676585,285900
2022-08-29,31.786863327026367,32.42495747690622,31.731375498790584,32.085101143475235,454400
2022-08-30,30.441308975219727,31.010045917959747,30.385823799389097,31.010045917959747,360000
2022-08-31,30.358083724975582,30.697937415124137,30.247110713485508,30.281789283487665,459800
2022-09-01,30.17774772644043,30.256124408381403,29.49110311749853,29.77547159463907,283400
2022-09-02,29.70611572265625,29.98354691082267,29.56393015514942,29.74079429045141,261400
2022-09-06,27.56294822692871,27.701662502145517,27.11905355049724,27.604561451171673,569600
2022-09-07,27.52826499938965,27.60455943266319,27.060790941166047,27.55600891072639,381500
2022-09-08,26.772262573242188,27.132925509609628,26.664758216197978,27.04276175987167,284200
2022-09-09,26.758394241333008,26.938724393211597,26.633549272415024,26.772263552719185,234300
2022-09-12,28.506216049194336,28.620657701772473,27.431164594981865,27.521330986025703,401300
2022-09-13,27.493587493896484,27.833443806371633,27.403421101475715,27.78489328256163,211100
2022-09-14,28.18716812133789,28.29120646513479,27.981869528983065,28.18023346646043,151500
2022-09-15,28.284273147583008,28.381374204371703,27.89170706859367,27.89586892042824,152900
2022-09-16,28.464603424072266,28.70735604450698,28.263464026680573,28.42298755522412,155600
2022-09-19,27.639238357543945,27.916672182901003,27.569881224107203,27.791827226070833,1558900
2022-09-20,27.56294822692871,27.7224717600722,27.493588443515105,27.67392123458528,159300
2022-09-21,26.80000686645508,27.278580118516572,26.786134909574503,27.278580118516572,206500
2022-09-22,26.938720703125,27.2993836032836,26.841619661890945,27.049693699650344,120400
2022-09-23,25.31574249267578,25.953836649901884,25.30187053545713,25.85673559517663,462400
2022-09-26,25.898351669311523,26.411603507193096,25.09379666497673,25.177025763134033,273200
2022-09-27,25.551559448242188,25.770036812605166,25.433649139518767,25.65559780030372,229400
2022-09-28,25.294933319091797,25.31504672899086,24.76087492636146,24.96894897196684,146900
2022-09-29,25.565427780151367,25.57999293571047,25.110436661889413,25.24638075957919,163000
2022-09-30,25.801250457763672,26.134169494184487,25.71108405858554,25.724956015828734,103400
2022-10-03,26.12029266357422,26.12029266357422,25.09379183134373,25.09379183134373,129700
2022-10-04,26.487892150878903,26.633546362573338,26.279818107350444,26.279818107350444,47600
2022-10-05,26.25207901000977,26.695973735623305,26.175787208509725,26.605807330098077,154700
2022-10-06,26.74452209472656,26.897108331141528,26.425472373192846,26.522576072845453,149500
2022-10-07,26.66128921508789,27.098246584570308,26.61967599138825,26.83468470265018,164800
2022-10-10,26.14803695678711,26.215314482659224,25.912219015798605,26.064807873439655,159800
2022-10-11,26.085617065429688,26.33530698599744,25.912221581235983,25.974644061377923,153600
2022-10-12,26.141101837158203,26.27288409640694,26.01625687881997,26.01625687881997,56800
2022-10-13,26.94565773010254,27.049696081044004,26.078680291607537,26.106424204632617,155200
2022-10-14,26.446279525756836,26.737582664101662,26.404663657791115,26.6196750069064,106100
2022-10-17,26.4809627532959,26.640486306531955,26.467090794865957,26.550319899640087,145200
2022-10-18,26.598865509033203,26.806942201171545,26.529508375523783,26.68903189923948,460700
2022-10-19,26.10642433166504,26.39148602800114,26.07174576311753,26.1896534253401,86200
2022-10-20,25.995452880859375,26.26803168465302,25.933030395415315,26.071747323713826,58000
2022-10-21,26.848556518554688,26.87283178085408,26.189653140107417,26.189653140107417,88500
2022-10-24,27.70859718322754,27.788357619354425,26.70290290817427,26.70290290817427,71400
2022-10-25,28.991724014282227,29.296901755423196,28.707355530095008,28.95011079198488,131200
2022-10-26,29.005596160888672,29.296901947909433,28.77671549933423,29.199798255032448,127400
2022-10-27,30.094518661499023,30.233235572705787,29.622882750879032,29.636754706580213,123600
2022-10-28,30.462114334106445,30.569621322657987,30.217282136321256,30.378885250876905,83400
2022-10-31,30.094518661499023,30.125731223277928,29.710273690571945,29.893379272539462,140200
2022-11-01,29.2691593170166,29.456426764198557,29.00559743070808,29.449489462929662,67200
2022-11-02,28.859943389892575,29.331579295314807,28.853006089215935,29.1789904300885,62300
2022-11-03,28.527029037475582,28.624130096313777,28.38831210521871,28.513157079669355,123800
2022-11-04,29.026405334472656,29.248351360459232,28.748974124892108,29.220610091564907,168600
2022-11-07,29.380128860473633,29.47722990034599,29.061081830663063,29.15818287053542,97400
2022-11-08,29.054149627685547,29.262223699033058,28.75590915529216,28.963983226639662,267800
2022-11-09,28.103939056396484,28.47153661871265,28.03457927854108,28.305078443469665,245500
2022-11-10,28.589447021484375,28.669207459050096,28.381370332971184,28.54089649971263,139300
2022-11-11,29.52578353881836,29.67837241519427,29.220608431871707,29.220608431871707,338500
2022-11-14,29.227542877197266,29.32464392662766,29.121424923776164,29.234480178330955,196700
2022-11-15,29.67837142944336,29.893380134498734,29.19286354912284,29.276092639924755,266000
2022-11-16,28.97785186767578,29.061083603333262,28.81832834303987,29.061083603333262,157800
2022-11-17,28.61025619506836,28.835670863948124,28.50691368826912,28.714294548645245,87900
2022-11-18,28.44379425048828,28.76977860957904,28.364033808884248,28.7073561290256,88100
2022-11-21,28.72122573852539,29.02293481084843,28.637996653189862,28.818326779050988,165600
2022-11-22,28.714296340942383,28.804460097477964,28.5755794094498,28.5755794094498,110800
2022-11-23,29.2691593170166,29.62982225464794,29.206736834622617,29.380132325071997,70800
2022-11-25,30.01129150390625,30.191621648013268,29.699179095062192,29.699179095062192,95600
2022-11-28,29.39400100708008,29.815697332388183,29.35932244201471,29.64369090883859,117800
2022-11-29,30.12920188903809,30.27485612353163,30.00435691421815,30.01822887206541,107900
2022-11-30,31.40538787841797,31.405387878417965,30.42743749612392,30.864394838027003,149000
2022-12-01,31.80766487121582,31.828471480586103,30.482923609942382,30.75342011497549,151700
2022-12-02,32.57061004638672,32.59835396134711,32.07816746196391,32.07816746196391,127600
2022-12-05,32.26543426513672,32.66493763672917,32.25156230793774,32.52899616030664,212700
2022-12-06,32.452701568603516,32.917400226497264,32.42148900359877,32.7578766881544,217800
2022-12-07,32.5151252746582,32.66771151726487,32.35560173032077,32.35560173032077,126800
2022-12-08,32.702388763427734,32.82723372136826,32.66077289551254,32.7162580735944,224800
2022-12-09,32.508182525634766,32.70238725447295,32.424953439449794,32.52205448096642,100200
2022-12-12,33.111602783203125,33.361290057644666,33.01449908970323,33.01449908970323,246400
2022-12-13,33.12547302246094,33.20176746087619,32.792554001398614,32.94514287822912,152900
2022-12-14,32.52205276489258,32.65730101498343,32.28762123002618,32.424951728499636,188000
2022-12-15,32.244625091552734,32.65383853610649,32.126714787627876,32.598350711717124,366300
2022-12-16,31.856220245361328,32.58448078816591,31.800732417510755,32.45963582130738,199600
2022-12-19,31.849281311035156,32.27930401741366,31.66201651615386,32.0642926642244,188900
2022-12-20,32.45963668823242,32.70932662861815,32.27236923294313,32.27236923294313,115700
2022-12-21,32.15446090698242,32.25156196052397,32.026147288628074,32.11978233726119,66500
2022-12-22,32.5151252746582,32.52205993058357,32.17526892659645,32.52205993058357,52400
2022-12-23,32.5914192199707,32.61916048905292,32.24462822129209,32.36253589085625,102200
2022-12-27,32.41802215576172,32.567142383827466,32.30704914737362,32.43882876802036,88200
2022-12-28,31.687482833862305,32.38001284283085,31.53546373709368,32.28711192572789,290300
2022-12-29,31.459453582763672,31.569245866470546,31.096297216555573,31.552354498077246,204600
2022-12-30,30.800708770751953,31.13008242633915,30.417281443332502,31.079408317133677,505800
2023-01-03,30.750036239624023,31.189202210177864,30.677406245564928,31.045627170910493,387400
2023-01-04,29.272075653076172,30.150407609585336,29.255184282177968,30.150407609585336,359000
2023-01-05,29.516996383666992,29.626788686203913,29.314303149883425,29.36497726375423,181000
2023-01-06,29.491653442382812,29.542327548910663,29.255180721984527,29.542327548910663,156400
2023-01-09,30.403772354125977,30.5980182908956,30.15040822884819,30.16729960009333,241900
2023-01-10,30.378433227539062,30.395324596737687,30.074395025362307,30.386877301288745,109500
2023-01-11,29.98149299621582,30.13351209167904,29.72812891101016,30.13351209167904,182100
2023-01-12,30.47977828979492,30.53382873833291,30.108177831684575,30.175740086932247,144100
2023-01-13,30.361541748046875,30.454442667452213,29.930819889294728,30.12506580182441,99100
2023-01-17,30.336206436157227,30.57437057910483,30.15885187316412,30.234861431832535,98300
2023-01-18,31.31588554382324,31.51013147111908,31.070965505263473,31.070965505263473,280300
2023-01-19,31.4679012298584,31.556581729419246,31.222984414588648,31.50168397048163,163700
2023-01-20,31.636812210083008,31.70437769239475,31.527023133875694,31.61992083950507,91900
2023-01-23,31.484792709350582,31.740692298994716,31.34122089375319,31.64525911701765,237000
2023-01-24,30.92738914489746,31.08785554618769,30.72723140759904,31.079408250488548,128500
2023-01-25,31.501684188842773,31.552358300128876,30.893610961906965,30.893610961906965,104300
2023-01-26,32.751617431640625,32.76006472791786,32.27529237165105,32.49825331221635,268000
2023-01-27,32.53203582763672,32.894348158960014,32.46447034468712,32.7093903878301,113400
2023-01-30,32.52358627319336,32.7431708558335,32.52358627319336,32.64182586014538,169200
2023-01-31,33.401920318603516,33.486377171883525,33.02187253309232,33.23300983374303,115900
2023-02-01,34.39848709106445,34.61807167803452,33.6975129596586,33.866420215236325,546700
2023-02-02,33.6468391418457,33.87486780489301,33.23300863001184,33.77352280632734,296900
2023-02-03,33.67217254638672,33.91709256464229,33.551403929350485,33.82419164587644,128200
2023-02-06,32.80228805541992,33.19922717404337,32.69249576739018,33.19922717404337,109600
2023-02-07,32.5995979309082,32.734725674453024,32.34623381447411,32.57426248577465,57100
2023-02-08,32.44757843017578,32.67560709875993,32.35468072522623,32.65111573919598,80900
2023-02-09,32.72627639770508,32.92052229681661,32.72627639770508,32.810730015858255,75800
2023-02-10,32.99653625488281,33.12744034703743,32.85296444048091,32.979644884653275,85200
2023-02-13,32.886741638183594,32.959374847214306,32.709387095839816,32.93741574529577,70700
2023-02-14,32.64182662963867,32.9695088974783,32.548925705693144,32.785398441773104,76200
2023-02-15,33.25834655761719,33.3850269975872,32.90363423796259,32.962752420955134,90800
2023-02-16,33.9677734375,34.15357209034037,33.528607420577536,33.65528788091872,242600
2023-02-17,33.72284698486328,33.76507379698114,33.54549244094872,33.697511541932414,117500
2023-02-21,34.56739807128906,34.82076218004143,34.50827988663683,34.50827988663683,284400
2023-02-22,33.477928161621094,34.11134003114228,33.401918608410575,34.11134003114228,147100
2023-02-23,33.697513580322266,33.90865087538268,33.528603099934045,33.87486813496515,69800
2023-02-24,33.73973846435547,34.07755618410202,33.672172987386595,34.07755618410202,73600
2023-02-27,34.5589485168457,34.61806991933363,34.08600307053608,34.08600307053608,116700
2023-02-28,34.2464714050293,34.64341058303125,34.238027330086574,34.62651921144609,99700
2023-03-01,34.00999450683594,34.08431588842494,33.845307681049526,33.86641947668665,151100
2023-03-02,33.26679229736328,33.663731450217064,33.14855592545777,33.49482096676655,306400
2023-03-03,33.233009338378906,33.29550708670458,32.996536596118766,33.199229819269945,96000
2023-03-06,33.233009338378906,33.47877346195619,33.1907825232181,33.24990070878313,63500
2023-03-07,33.61305618286133,33.90865032416038,33.57082936887558,33.78196666050373,57500
2023-03-08,34.20423889160156,34.20423889160156,33.857973886011344,33.857973886011344,160700
2023-03-09,34.618072509765625,34.62651658406763,34.00999606563817,34.00999606563817,82900
2023-03-10,35.09946823120117,35.19236594311229,34.61807541312647,34.626519488136665,141000
2023-03-13,33.95087814331055,34.433115010005885,33.7904117350347,33.86642129113918,263000
2023-03-14,33.401920318603516,33.722849917668476,33.35969350281328,33.638396286088,117400
2023-03-15,32.135093688964844,32.28542461939454,31.90706503770936,32.10131095062346,505800
2023-03-16,31.755048751831055,31.898623791659677,31.29054733440817,31.518576005877485,156200
2023-03-17,31.839500427246097,31.97631631919807,31.273650877836687,31.653698601813304,133700
2023-03-20,31.890174865722656,32.2279958184201,31.49323895125744,31.552357134724584,126300
2023-03-21,32.776954650878906,32.91208239004934,32.502475524585996,32.616488245695656,84200
2023-03-22,32.5995979309082,32.87830071417538,32.34623381447411,32.42224337157429,66400
2023-03-23,33.545494079589844,33.65528315211944,33.40191904533662,33.40191904533662,54100
2023-03-24,32.09286880493164,32.21110517453053,31.839504695548385,32.01685924994672,140100
2023-03-27,32.27866744995117,32.27866744995117,31.957737891694812,31.957737891694812,124000
2023-03-28,32.67560577392578,32.70938851346471,32.439133040552015,32.54892533320385,55000
2023-03-29,32.86140823364258,32.895190973812674,32.72628049466163,32.75161593893949,71300
2023-03-30,33.249900817871094,33.44414674560771,33.106329001513394,33.106329001513394,51800
2023-03-31,33.48637390136719,33.58771889370559,33.31915160339456,33.51170934402698,82100
2023-04-03,34.58428955078125,34.60962499522676,34.03533129533256,34.03533129533256,259100
2023-04-04,34.254913330078125,34.61806970796235,34.20423922326897,34.61806970796235,86700
2023-04-05,34.609622955322266,34.61807025077251,34.40693296830591,34.58428751237003,46600
2023-04-06,34.491390228271484,34.58429115782115,34.380753842445955,34.466054782648705,39100
2023-04-10,34.40693283081055,34.55050463589846,34.24646643488965,34.39004146167681,56400
2023-04-11,34.651851654052734,34.858768521758805,34.630739857676225,34.72786120874693,166200
2023-04-12,34.66029739379883,34.72363922348333,34.381594631866726,34.381594631866726,39200
2023-04-13,34.4660530090332,34.55050663789624,34.33092526983268,34.55050663789624,41300
2023-04-14,34.314029693603516,34.4398660362227,34.246464221435524,34.26335558947752,52500
2023-04-17,33.97621154785156,34.170457463632054,33.84953110975088,33.97621154785156,94200
2023-04-18,34.66874313354492,34.7109699481306,34.280251284637636,34.280251284637636,63400
2023-04-19,34.4660530090332,34.84609756061631,34.2802511594952,34.660298932777735,83900
2023-04-20,33.731292724609375,33.94243001732608,33.65528317036338,33.80730227885537,112200
2023-04-21,33.43570327758789,33.57083102201607,33.13166504719959,33.511712835184966,94200
2023-04-24,33.148555755615234,33.22034166366156,32.7262811600023,32.85296482736597,99900
2023-04-25,32.45602798461914,33.10633129471257,32.43913661298947,32.83607579203734,115200
2023-04-26,32.43069076538086,32.608889410529066,32.26178028001647,32.515144397213284,71100
2023-04-27,32.751617431640625,32.827626989637864,32.34032237750763,32.51514468307124,75400
2023-04-28,32.89519119262695,33.02187163655833,32.78539889719354,32.93741800727074,57700
2023-05-01,32.396907806396484,32.55821507975499,32.1773232103876,32.1773232103876,142900
2023-05-02,32.979644775390625,33.27523892087906,32.8782997760486,33.27523892087906,128500
2023-05-03,32.261775970458984,32.346229591010015,31.98307322358217,32.14353961300789,226100
2023-05-04,31.907066345214844,32.24488729907362,31.83950408746272,32.09286819200711,94200
2023-05-05,32.10976028442383,32.177322543696285,31.96618524820825,32.177322543696285,55500
2023-05-08,32.118202209472656,32.20096766293529,32.00841314278914,32.00841314278914,41300
2023-05-09,32.46446990966797,32.574262207140094,32.016859867073194,32.05064260809531,35200
2023-05-10,33.004981994628906,33.089435620095074,32.82762422643107,32.937416516896526,50900
2023-05-11,32.684059143066406,32.72628596448704,32.430694992842625,32.59960227852517,29400
2023-05-12,32.658714294433594,32.700944329565054,32.47291567099244,32.55736929785666,31600
2023-05-15,32.2364387512207,32.244886046673734,32.07597557630488,32.202659234506335,41500
2023-05-16,32.48980712890625,32.63337893930505,32.33778802277848,32.540478016482595,56800
2023-05-17,32.4222412109375,32.47291531952718,32.2448866634226,32.25333073733788,41700
2023-05-18,32.717838287353516,32.7642855306134,32.52358913114131,32.53203642751555,57100
2023-05-19,32.717838287353516,33.030320597508606,32.700946916304645,32.954311038638494,97500
2023-05-22,32.22800064086914,32.34623702549578,32.160438373239565,32.26178338553385,71800
2023-05-23,31.645259857177734,31.873288529959503,31.645259857177734,31.839505788428973,107200
2023-05-24,31.43412208557129,31.755048460218426,31.349665233006643,31.670594829353288,108900
2023-05-25,31.020292282104492,31.10390182963914,30.91894727837463,30.952730020184447,81100
2023-05-26,30.969614028930664,31.121633125051172,30.87249268633649,30.986505397577293,267000
2023-05-30,30.49666976928711,30.796484325499712,30.43755158759444,30.766925234653375,142600
2023-05-31,30.488224029541016,30.720476342113052,30.403770400441783,30.462888585151138,91000
2023-06-01,30.302425384521484,30.57268086352975,30.06594942411467,30.403770383724726,117000
2023-06-02,30.074398040771484,30.55579083525177,30.022035757515415,30.55579083525177,60800
2023-06-05,30.994956970214844,31.13852879097611,30.800711036520397,30.84293785311491,163700
2023-06-06,30.589570999145508,30.766925546018356,30.29397686599145,30.538896890739277,123800
2023-06-07,31.206092834472656,31.41723012939913,30.92739005875398,30.92739005875398,123800
2023-06-08,31.40877914428711,31.543906868300457,31.24831597880222,31.24831597880222,38500
2023-06-09,32.00841522216797,32.32089751680427,31.839504741767456,31.839504741767456,312800
2023-06-12,32.72627639770508,32.72627639770508,32.304001863541146,32.304001863541146,60500
2023-06-13,33.35124969482422,33.52438060745743,32.74317323314754,32.77695597472948,242700
2023-06-14,34.21268844604492,34.26758620877532,33.91709749941852,33.91709749941852,142000
2023-06-15,34.609622955322266,34.660297062925984,34.21268383334128,34.23802249799277,95200
2023-06-16,34.20423889160156,34.4491589062554,34.10289390066518,34.23802162914675,158600
2023-06-20,34.73631286621094,35.04879519843428,34.584293737734754,34.77853968596547,259400
2023-06-21,34.16201400756836,34.20424082103223,33.790410317007826,33.98465945800048,114900
2023-06-22,34.069114685058594,34.069114685058594,33.689066902635254,33.78196782963868,45600
2023-06-23,32.971195220947266,33.39346974000131,32.9374124862152,33.241450655405934,74500
2023-06-26,32.5995979309082,32.827626602208746,32.51514429933002,32.54047974446357,199300
2023-06-27,33.32591247558594,33.401922036597654,33.02187423153908,33.055656974588665,160400
2023-06-28,33.16024398803711,33.18667946006984,32.79013057167454,33.01043513616294,106100
2023-06-29,32.92231369018555,33.02805893679839,32.843003914830724,33.02805893679839,133000
2023-06-30,33.415794372558594,33.57441392622929,33.23955341210746,33.23955341210746,99200
2023-07-03,33.15142822265625,33.27479823458924,33.0192475076912,33.213113228622746,100300
2023-07-05,32.49051284790039,32.715224421533264,32.49051284790039,32.66675715346381,76500
2023-07-06,32.499324798583984,32.595375232797466,32.37595480118662,32.54338503171443,48800
2023-07-07,32.640323638916016,32.79894318726431,32.54338909697198,32.54338909697198,49400
2023-07-10,32.92231369018555,32.948749161443565,32.60507458876625,32.62269935679852,43300
2023-07-11,33.116180419921875,33.133801825119164,32.939936113724116,33.028056586032726,79700
2023-07-12,33.07211685180664,33.2747966275624,33.01924591300634,33.2219256887621,40000
2023-07-13,33.60966491699219,33.68897469725868,33.270397355707246,33.34530010329755,92900
2023-07-14,33.75065231323242,33.97095683663679,33.61847161613796,33.92689660427197,113000
2023-07-17,33.9180908203125,34.050271536572225,33.592037658060875,33.64491196151321,47400
2023-07-18,34.20888900756836,34.349883779963434,33.95333493210836,33.97977376301906,68800
2023-07-19,34.43800735473633,34.4644428238677,34.31463398843539,34.4644428238677,60500
2023-07-20,34.59662628173828,34.98877148732105,34.49088103522491,34.940304215673095,67500
2023-07-21,34.852176666259766,34.96673596537876,34.746431431000914,34.78168096328067,150700
2023-07-24,34.46444320678711,34.64949821592381,34.45562914259172,34.60543797968849,127900
2023-07-25,34.70237350463867,34.75965147721776,34.455630123848884,34.455630123848884,64100
2023-07-26,34.76405715942383,34.82574216183066,34.376319016774595,34.64068715461017,233900
2023-07-27,34.905052185058594,35.336847205050915,34.80811764869036,34.957923123746326,170100
2023-07-28,34.561378479003906,34.561378479003906,34.26176416001439,34.37632010434816,68000
2023-07-31,34.244140625,34.402760173794874,33.96215106304928,34.01502200492708,144600
2023-08-01,33.38054656982422,33.979775218566814,33.35851477005165,33.96215045106489,135300
2023-08-02,32.72843933105469,33.156711376662514,32.684379098862244,33.07211384836808,99800
2023-08-03,32.91349792480469,33.169052005697466,32.91349792480469,33.107367001562054,54200
2023-08-04,33.036869049072266,33.11794028305672,32.966369985377696,32.99280545347297,31000
2023-08-07,32.90468978881836,32.992810269719904,32.88265798780254,32.9839995662621,26200
2023-08-08,33.265987396240234,33.31004763438269,32.912618033797635,33.02805807637413,44900
2023-08-09,33.25717544555664,33.4774799895846,33.160240908331446,33.4598552226727,44300
2023-08-10,33.301239013671875,33.534761315851384,33.275684275646185,33.29242494854383,27600
2023-08-11,33.662532806396484,33.75329883736738,33.43341421305126,33.43341421305126,29200
2023-08-14,33.6360969543457,33.86521556797195,33.54797647930832,33.56560124663192,54600
2023-08-15,33.39817428588867,33.70659934044994,33.39817428588867,33.70659934044994,21100
2023-08-16,33.777095794677734,33.988586283793595,33.71540742697317,33.856402206910644,43000
2023-08-17,33.89165115356445,34.30582478312782,33.882840450662975,34.173640708541015,99400
2023-08-18,33.80352783203125,33.88283759778946,33.671343768574104,33.671343768574104,95000
2023-08-21,33.90927505493164,33.970960058408586,33.81234051758771,33.926899821865135,80700
2023-08-22,34.28820037841797,34.58781470394723,34.20007990214847,34.411570389827546,74300
2023-08-23,34.2970085144043,34.44681734674663,33.66253373727454,33.715404674446766,143900
2023-08-24,33.32767105102539,33.81234037410784,33.31004628416669,33.547975594388376,87500
2023-08-25,33.37173080444336,33.53035034229569,33.151426264268515,33.486290106576824,83300
2023-08-28,33.28361129760742,33.477480374285626,33.25717582772607,33.371731771599,57200
2023-08-29,33.45985412597656,33.45985412597656,33.10736552245293,33.10736552245293,78300
2023-08-30,33.78590393066406,33.93130573187147,33.636095097473884,33.671344630175156,33800
2023-08-31,33.6360969543457,33.80353056312965,33.609661484150614,33.768281028482434,94800
2023-09-01,33.38054656982422,33.59203705668591,33.25717655889145,33.59203705668591,68000
2023-09-05,32.88706588745117,32.93112612906368,32.65795061411758,32.763695866303784,81700
2023-09-06,32.79894256591797,32.922312576389345,32.70200802581027,32.895877106025665,356800
2023-09-07,32.70201110839844,32.739902849246334,32.57864108629784,32.61388726291159,101200
2023-09-08,32.36714172363281,32.675570088102376,32.297526754860804,32.59626032141939,84800
2023-09-11,32.4817008972168,32.53897886565227,32.32308136446276,32.411201833068155,479400
2023-09-12,32.22615051269531,32.39358076680045,32.18209027336036,32.2878355200804,310700
2023-09-13,32.92231369018555,32.948749161443565,32.52576481341143,32.53457551663717,225700
2023-09-14,32.59626388549805,32.74606937140098,32.53457551659479,32.649134828014006,60300
2023-09-15,32.314266204833984,32.56100955940642,32.27020597202542,32.51694932659786,53000
2023-09-18,31.979412078857425,32.13803163764265,31.88335826474457,32.04109708932046,103400
2023-09-19,32.08515548706055,32.20852550089709,32.03404601320848,32.04109524805903,82300
2023-09-20,32.40239334106445,32.58744835470696,32.14683925846444,32.14683925846444,53900
2023-09-21,32.64913558959961,32.73637533605056,32.41120625798542,32.41120625798542,33100
2023-09-22,32.98399353027344,33.1276304929423,32.675568541978166,32.675568541978166,94600
2023-09-25,32.63151168823242,32.82538078468006,32.60507621565536,32.72844623645624,55000
2023-09-26,32.07634353637695,32.31426949004784,31.961784230163858,32.27020925275992,154100
2023-09-27,31.723857879638672,31.891288141612073,31.635737396827608,31.83841719655781,74600
2023-09-28,32.06753158569336,32.189140134498636,31.907150563371935,32.146841362671545,40000
2023-09-29,31.83841323852539,31.926533710381648,31.715043233294423,31.926533710381648,79500
2023-10-02,31.60929298400879,31.811972747968124,31.591668218240976,31.67979204708005,121400
2023-10-03,31.48592758178711,31.60929759859202,31.441867341725477,31.441867341725477,53900
2023-10-04,32.00584030151367,32.04108983138812,31.803160547105907,31.803160547105907,71000
2023-10-05,31.794353485107425,31.882473958300995,31.609295112872005,31.68860488337845,77800
2023-10-06,32.00584030151367,32.11158552955681,31.679790554125542,31.68860125580406,64500
2023-10-09,32.234962463378906,32.25258386869256,32.00584385533465,32.00584385533465,84500
2023-10-10,33.06330490112305,33.17257643417034,32.86062513301806,32.86062513301806,92600
2023-10-11,32.825374603271484,33.12410816114479,32.6315055433317,32.992804834032015,14400
2023-10-12,32.9928092956543,33.089743838732666,32.878253346180564,33.01924812840889,46200
2023-10-13,32.9928092956543,33.16905361383489,32.84300381022829,32.84300381022829,98600
2023-10-16,32.6579475402832,32.82537778728421,32.51695276344534,32.82537778728421,51100
2023-10-17,32.4288330078125,32.44645777733273,32.182092957691374,32.296652278782354,60400
2023-10-18,31.997032165527344,32.129212870785175,31.997032165527344,32.01465693187781,83400
2023-10-19,32.25258255004883,32.287832082396086,32.005842546778865,32.005842546778865,27800
2023-10-20,32.28783416748047,32.28783416748047,31.935348905986352,31.935348905986352,108600
2023-10-23,32.01465606689453,32.05430926892638,31.856036535606403,31.86484723775336,26400
2023-10-24,32.00584030151367,32.13714362374291,31.873656245274603,32.023465066450896,27300
2023-10-25,31.891284942626953,31.988219480944274,31.803164468655172,31.86484947275154,42300
2023-10-26,31.84722328186035,31.88247281450542,31.723853279183068,31.723853279183068,24000
2023-10-27,31.723857879638672,31.900102206841744,31.723857879638672,31.785542889922606,36600
2023-10-30,31.829601287841797,31.856040120418605,31.67979580342314,31.74148081013444,97400
2023-10-31,31.891284942626953,32.01465831240029,31.71504399468339,31.75029016732374,48000
2023-11-01,31.662168502807617,31.72385350458454,31.485924199910496,31.61810826747846,66500
2023-11-02,32.0587158203125,32.15565035037804,31.28676923912263,31.450673172294213,64600
2023-11-03,31.917722702026367,32.28607124599557,31.882473168989375,32.08515294158133,46200
2023-11-06,31.61810874938965,31.72385398810746,31.54760968252409,31.6533549212419,55200
2023-11-07,31.4506778717041,31.578454920284937,31.38018216031033,31.485927408191397,68900
2023-11-08,31.48592758178711,31.735313179517515,31.463899142546715,31.73266761539693,45600
2023-11-09,31.87366104125977,32.03228058798183,31.547611244811375,31.547611244811375,86200
2023-11-10,32.19971466064453,32.19971466064453,31.767916252474183,31.820790555999352,44700
2023-11-13,31.811975479125977,31.900099315530753,31.732665707151995,31.732665707151995,53600
2023-11-14,32.58744812011719,32.619171356287445,32.31426927224435,32.31426927224435,75200
2023-11-15,32.860626220703125,32.895875754126514,32.737256215301805,32.75487762043297,62600
2023-11-16,32.384769439697266,32.728444006102364,32.323965167648915,32.649134232194974,37000
2023-11-17,32.32308578491211,32.49933010780617,32.25258671112214,32.32308578491211,48800
2023-11-20,32.358333587646484,32.56101337155926,32.32308405264061,32.45526812812231,79900
2023-11-21,32.102779388427734,32.22438793066425,31.97940937792132,32.19971392856297,80700
2023-11-22,32.06753158569336,32.23936887554929,31.856041088138756,31.970597040322147,45800
2023-11-24,32.51694869995117,32.73636912573049,32.49932393485135,32.49932393485135,39000
2023-11-27,31.68860626220703,31.94416035180081,31.600485785179178,31.856039874772957,75500
2023-11-28,31.60929298400879,31.891282513133113,31.52117251675007,31.767912514338764,115100
2023-11-29,31.054128646850582,31.322897086153617,30.983629582286863,31.239183648959724,184100
2023-11-30,30.851449966430664,31.1378465747593,30.816203790646004,31.01888358812665,57700
2023-12-01,31.027690887451172,31.239184726859452,30.88669611503916,31.11581472119651,129500
2023-12-04,30.50777244567871,30.80650602718373,30.3403422016734,30.70164152095477,99100
2023-12-05,29.96141815185547,30.181722697089697,29.87329767839401,29.987853621577788,148900
2023-12-06,29.89973258972168,29.961417592308816,29.76754852041752,29.961417592308816,130200
2023-12-07,30.146474838256836,30.305094388566125,29.9746375523519,29.996669352731825,129800
2023-12-08,29.829235076904297,30.06276072638414,29.803680340441332,29.90854485030219,68700
2023-12-11,29.5472469329834,29.697055783942435,29.266138095272233,29.274071426098292,101500
2023-12-12,29.846858978271484,29.959656815304943,29.688239436079243,29.688239436079243,236200
2023-12-13,30.305091857910156,30.49014686395754,29.943792548283152,30.06716255231474,104200
2023-12-14,30.049537658691406,30.44608649967306,29.8556719509963,30.41965103080111,63400
2023-12-15,29.811613082885746,29.952607859303164,29.67061494488769,29.78517425122079,75000
2023-12-18,30.39508056640625,30.693196376133283,30.285681130718572,30.540947639904935,85300
2023-12-19,30.59564781188965,30.613881630029503,30.404194460293773,30.404194460293773,100900
2023-12-20,31.31586456298828,31.608513345306974,30.39507935044138,30.422428338832855,113500
2023-12-21,32.32781982421875,32.4736868962037,32.06343466945061,32.127254773830266,154300
2023-12-22,32.601322174072266,32.64690846256663,32.45545509302871,32.45545509302871,105900
2023-12-26,32.67425537109375,32.7380719976241,32.57397110719026,32.57397110719026,130900
2023-12-27,33.14832305908203,33.16017521469916,32.87482274388319,32.87482274388319,79400
2023-12-28,33.130088806152344,33.286896857093,33.093621170539144,33.12097363612162,124500
2023-12-29,33.266841888427734,33.33065851415647,33.12097481851274,33.12097481851274,169700
2024-01-02,32.00873565673828,32.25488698483617,31.726116692386217,32.25488698483617,185500
2024-01-03,32.48280715942383,32.51015614998534,32.218421991510915,32.218421991510915,73000
2024-01-04,32.20930480957031,32.25488761690868,31.89933685082603,31.93580101004956,40700
2024-01-05,32.428104400634766,32.4372230489534,32.18195306221197,32.1910717105306,39200
2024-01-08,31.24293327331543,31.621277181660737,31.197350466010697,31.49819977641815,82700
2024-01-09,31.224699020385746,31.32862795870428,31.111651434085967,31.179116213715243,76900
2024-01-10,30.814449310302734,30.85091694970231,30.44978334954351,30.55918278999673,69900
2024-01-11,30.10334587097168,30.495364275934676,29.802493081129956,30.367731023666774,115000
2024-01-12,29.483409881591797,29.5918981457661,29.273726185106423,29.41047460746891,241500
2024-01-16,29.24637794494629,29.35030688771237,29.191676487953664,29.310194572565003,173100
2024-01-17,28.81789207458496,28.89082561216234,28.662908089873937,28.89082561216234,116900
2024-01-18,28.73583984375,28.781422649829167,28.55350514168814,28.65378940170942,195600
2024-01-19,28.95464324951172,28.991109150135223,28.881709709391952,28.881709709391952,63400
2024-01-22,28.517040252685547,28.708490131632978,28.10678802798012,28.23442128061174,116700
2024-01-23,28.672025680541992,28.731282985756305,28.47145714328511,28.47145714328511,88100
2024-01-24,29.428709030151367,29.52443397109386,29.137887791317407,29.17344252097138,77000
2024-01-25,28.808774948120117,28.890825394635986,28.637381223047377,28.76319040068204,185700
2024-01-26,28.69937515258789,29.036693864352312,28.62735278138482,28.71760897243954,130000
2024-01-29,28.26177215576172,28.708490281171944,28.18428103450964,28.708490281171944,98700
2024-01-30,28.85435676574707,28.959198612945073,28.41675555860603,28.41675555860603,81800
2024-01-31,28.89994239807129,29.12785991938456,28.808775041771447,28.808775041771447,42300
2024-02-01,28.681140899658203,28.79054207824339,28.497896751196215,28.717608538810847,70000
2024-02-02,28.918174743652344,29.08227563872369,28.817892215787513,28.981993110858863,61900
2024-02-05,28.58085823059082,28.717608399001996,28.448665647615165,28.70849148925822,92200
2024-02-06,28.681140899658203,28.881709437252265,28.58085836973391,28.58085836973391,55600
2024-02-07,28.389406204223633,28.494248056492633,28.38028929460815,28.38028929460815,50800
2024-02-08,27.997386932373047,28.16148782270813,27.942687215218903,28.15237091337033,89400
2024-02-09,27.559785842895508,27.67556867925289,27.359219053168545,27.45038640808904,96000
2024-02-12,27.04013442993164,27.204235322528454,26.97631780256014,27.16776768467464,166500
2024-02-13,26.8031005859375,26.885151034028063,26.59341688031614,26.72105013784693,87400
2024-02-14,26.7757511138916,26.881504134103295,26.644469703760507,26.803100103514396,61500
2024-02-15,27.27716827392578,27.532436516805756,27.231585466459514,27.35921871846318,66900
2024-02-16,26.939849853515625,27.05836793629881,26.812216600246956,26.812216600246956,66000
2024-02-20,26.21963119506836,26.47489943845448,26.01906440739739,26.01906440739739,155800
2024-02-21,26.374616622924805,26.429316342769862,26.183164995157988,26.183164995157988,300100
2024-02-22,26.028179168701172,26.1558141578244,25.845846202467825,25.946128725290748,110500
2024-02-23,26.055530548095703,26.15307956560211,25.819407290351137,25.83672993981724,116200
2024-02-26,26.21963119506836,26.55694814428192,26.174046648639063,26.174046648639063,117000
2024-02-27,26.693700790405273,26.772103082483127,26.2378657466141,26.31079928406578,120400
2024-02-28,27.076602935791016,27.571639137304672,27.03101838701242,27.31363563394876,137300
2024-02-29,26.885149002075195,26.914322067466973,26.73928193624372,26.84868310505362,96400
2024-03-01,26.903383255004883,26.99090419146787,26.728343120951525,26.81221590266804,82900
2024-03-04,27.031017303466797,27.217909598785567,26.602532995360335,26.65723271282926,132100
2024-03-05,27.82417106628418,28.12502212104628,27.80593724748098,27.942687410759632,144300
2024-03-06,27.47773551940918,28.042971731328883,27.4412696206026,27.979155104262865,50400
2024-03-07,27.751237869262695,27.915338762752633,27.518761023861057,27.915338762752633,70800
2024-03-08,27.38656997680664,27.495969412394057,27.304519530679737,27.340985429584652,103300
2024-03-11,26.711933135986328,26.812217403055932,26.63899959781008,26.63899959781008,93500
2024-03-12,26.903383255004883,26.976316789099833,26.54783249365108,26.556947663899408,76500
2024-03-13,26.00994873046875,26.439344223279907,25.99171491103311,26.1466988984906,70100
2024-03-14,26.912500381469727,27.094833348743308,25.58146119989672,25.736445178459206,885700
2024-03-15,27.313634872436523,27.54611171754399,27.113068080020778,27.34098560094113,160600
2024-03-18,27.723888397216797,28.04297328914506,27.62360412690063,27.787705027827897,58200
2024-03-19,27.77858543395996,27.865195200454952,27.15044552892357,27.2771676085712,62400
2024-03-20,27.76947021484375,28.11590582416109,27.50508679192835,27.50508679192835,39500
2024-03-21,27.56890296936035,27.924453743590067,27.56890296936035,27.65095341554762,85300
2024-03-22,28.05208969116211,28.26177339905142,27.979156151945272,28.134140140140143,57300
2024-03-25,28.72672462463379,29.073158492283476,28.079437959222336,28.15237149656294,73900
2024-03-26,28.097671508789062,28.33470593759078,27.851520170548124,28.197955773747815,93200
2024-03-27,28.12502098083496,28.17972069615432,27.723885677790292,27.723885677790292,49700
2024-03-28,28.042972564697266,28.121376596939495,27.860637848627807,27.9244544775903,54500
2024-04-01,28.079439163208008,28.247186480171305,27.878872361639655,27.933572082272335,131100
2024-04-02,27.21335220336914,27.42303590419001,27.13130175715703,27.350102367431763,112700
2024-04-03,26.885149002075195,26.985433261911556,26.821332378133,26.83956619608008,95500
2024-04-04,26.94896697998047,27.331868481743875,26.876033443400424,27.176884499152195,74900
2024-04-05,27.578020095825195,27.664628127983207,27.15865269101038,27.295402856107703,99600
2024-04-08,28.20707321166992,28.26177293045742,26.438432741395648,26.62076745585091,132300
2024-04-09,28.5352725982666,28.6683763455003,28.325588898740527,28.562623326459303,32200
2024-04-10,28.05208969116211,28.380289748201506,27.99738823259493,28.32559002850706,46200
2024-04-11,29.6292781829834,29.715887955166043,29.173443134014423,29.173443134014423,126500
2024-04-12,30.230979919433594,30.36773182346243,29.82984633349192,29.82984633349192,128900
2024-04-15,29.711328506469727,30.176278724262772,29.711328506469727,29.93924602999964,68100
2024-04-16,30.69593048095703,30.837241710786575,30.51359924384672,30.522714414604064,84800
2024-04-17,29.91189765930176,30.066879909192803,29.538113052084285,29.784260922176475,47300
2024-04-18,30.121580123901367,30.31303000506394,29.975713050956735,30.18539675095556,102800
2024-04-19,29.446943283081055,29.96659495742548,29.366718652010817,29.82984653024008,33800
2024-04-22,28.918174743652344,29.045809739192674,28.818803385085793,28.909057834051413,39300
2024-04-23,28.991107940673828,29.100509115725824,28.42587346304448,28.82700878640487,127700
2024-04-24,29.100507736206055,29.19167508794878,28.84068191400648,28.927289941782135,112400
2024-04-25,29.56546211242676,29.729563011372804,29.464266674001543,29.528994473161973,94100
2024-04-26,29.364891052246097,29.437826324511704,29.00022338528103,29.30107442788628,30200
2024-04-29,28.8817081451416,28.991107579959735,28.599090909843316,28.7449579821826,46400
2024-04-30,29.6292781829834,29.756911440255443,29.455147469315516,29.492526277194536,71600
2024-05-01,29.474294662475582,29.499821312827343,29.14609114608307,29.14609114608307,35500
2024-05-02,30.860031127929688,30.869149776358995,30.303915294830887,30.34037945531192,114300
2024-05-03,30.72328186035156,31.08794779939937,30.54094715195501,31.005897354508186,45400
2024-05-06,31.224699020385746,31.242932838602982,30.72328119151983,30.72328119151983,36000
2024-05-07,30.48624610900879,30.75063126587727,30.440663300728616,30.75063126587727,96300
2024-05-08,30.759750366210938,30.82538933287935,30.63029129371799,30.714164079515506,30300
2024-05-09,31.297636032104492,31.33410019281965,30.978549412192596,30.99678323142288,123500
2024-05-10,30.650346755981445,30.878264273305582,30.540947321434547,30.878264273305582,18900
2024-05-13,30.167163848876953,30.276563287473657,29.948361493938098,30.048645761712343,43500
2024-05-14,30.331262588500977,30.600203580454565,30.23553765181859,30.385964042781715,27600
2024-05-15,30.285680770874023,30.367731216101223,30.22915697626216,30.358612567884137,67800
2024-05-16,30.96031379699707,30.97854761516964,30.44978079914602,30.44978079914602,184800
2024-05-17,30.83268165588379,31.081566501282897,30.54094751012609,30.54094751012609,55900
2024-05-20,31.844636917114254,32.145486242120214,31.49820130484625,31.49820130484625,85600
2024-05-21,32.227535247802734,32.4891868922129,32.20930490700846,32.20930490700846,38600
2024-05-22,32.44633865356445,32.51927045236237,32.10902169391512,32.10902169391512,83600
2024-05-23,32.400753021240234,32.71072096404834,32.22753349341667,32.52838626632385,148800
2024-05-24,32.537506103515625,32.57397374384058,32.072555861481966,32.22753811624465,81200
2024-05-28,32.227535247802734,32.36428714797681,32.03608536975526,32.03608536975526,60000
2024-05-29,31.963153839111328,32.01694064816677,31.80816811910901,31.99050282827543,25800
2024-05-30,32.09990310668945,32.61043961023006,32.063435468348246,32.18195355408445,80000
2024-05-31,31.762584686279297,32.19107072272751,31.68053424265613,32.10902027910435,69700
2024-06-03,31.817285537719727,32.437221438280396,31.780817901746705,32.209303930066774,163300
2024-06-04,30.83268165588379,31.124415801641486,30.814447837055766,31.005897718132,187200
2024-06-05,30.440664291381836,30.71234228908713,30.26744822318194,30.45889811083637,164000
2024-06-06,30.814449310302734,30.814449310302734,30.340380431344784,30.44066470082086,43300
2024-06-07,30.440664291381836,30.72328327630894,30.440664291381836,30.449782939981834,48900
2024-06-10,30.331262588500977,30.44978066723664,29.939244193852034,30.085111260855463,122500
2024-06-11,30.075998306274418,30.276563364588306,30.012178199372883,30.22186538402336,43600
2024-06-12,30.30391502380371,30.70504860747068,30.26744738590343,30.695929959122925,27700
2024-06-13,30.340377807617188,30.664934901363157,30.29479500118231,30.568295317536776,201000
2024-06-14,29.592809677124023,29.82984584317846,29.52899305035829,29.720442930655494,39600
2024-06-17,29.528993606567383,29.592810234535172,29.337543722664023,29.41959416972909,66600
2024-06-18,29.6292781829834,29.921923505406504,29.620163012212007,29.620163012212007,127400
2024-06-20,29.620162963867188,30.039530373575268,29.487970382552493,29.829846668721228,58300
2024-06-21,29.21902656555176,29.30107701522317,29.091393305561898,29.173443755233308,155300
2024-06-24,29.26460838317871,29.31019466969633,28.98199288214368,29.036692600444887,56200
2024-06-25,29.519878387451172,29.519878387451172,29.228144237864186,29.228144237864186,24100
2024-06-26,29.38312530517578,29.53172935963093,29.28284104319898,29.30107486153524,17900
2024-06-27,29.392244338989254,29.59280938783002,29.328424235102087,29.565460398839303,31500
2024-06-28,29.66574478149414,29.775144215642488,29.507114384768183,29.756910396993547,275500
2024-07-01,29.90277862548828,29.939246264197234,29.73867772904344,29.7477963775934,45200
2024-07-02,30.55918312072754,30.71416537323479,30.10334805653604,30.10334805653604,55000
2024-07-03,30.650346755981445,30.650346755981445,30.540947321434547,30.60476394806568,14900
2024-07-05,30.495365142822266,30.495365142822266,30.349498067834514,30.431548514874212,33500
2024-07-08,30.139814376831055,30.19542352567538,30.00306247246229,30.194512356382248,30100
2024-07-09,29.875429153442383,30.08511285601852,29.811612525603792,29.857195334382016,167000
2024-07-10,29.40135955810547,29.55634179963665,29.255492487004524,29.374010569069448,55200
2024-07-11,29.465177536010746,29.620163262396893,29.45606236516236,29.45606236516236,80700
2024-07-12,29.720441818237305,29.834400572874326,29.26460679968922,29.26460679968922,45600
2024-07-15,29.118741989135746,29.24181765499532,29.100508170740405,29.164324796251453,58800
2024-07-16,29.0549259185791,29.164325353295418,28.84524048077296,28.84524048077296,65400
2024-07-17,28.79054069519043,28.86347423111936,28.544389359353037,28.799657604540627,85100
2024-07-18,28.681140899658203,28.94370198938992,28.65379190916646,28.817892807607876,52500
2024-07-19,28.635557174682617,28.84980020067747,28.37482017078819,28.635557174682617,40800
2024-07-22,28.31647300720215,28.489690814237076,28.19795665851893,28.42587418503282,42300
2024-07-23,28.517040252685547,28.608205868066616,28.37117318142865,28.37117318142865,51500
2024-07-24,29.30107688903809,29.437828797150026,28.854358742124596,28.854358742124596,85800
2024-07-25,28.84524154663086,29.08227598243839,28.726725198163457,28.92729199513626,63500
2024-07-26,28.972877502441406,29.155210486030555,28.918176042379155,28.918176042379155,74400
2024-07-29,29.073158264160156,29.140623046353554,28.89082529167568,28.981992647354257,123200
2024-07-30,28.799657821655273,28.95464180403173,28.653790748697748,28.899942086390823,62400
2024-07-31,29.273727416992188,29.310195055588245,28.81789236777772,28.854358267501063,115000
2024-08-01,30.057764053344727,30.057764053344723,29.647511816297015,29.647511816297015,62400
2024-08-02,29.820728302001953,30.148930096264458,29.802494482571205,29.893663579724933,125700
2024-08-05,29.392244338989254,29.41503400389976,28.909056841099687,29.03669183225608,70300
2024-08-06,29.766029357910156,29.811612166138747,29.456061393112257,29.456061393112257,50100
2024-08-07,29.95747947692871,30.085112732080095,29.738677126851076,29.738677126851076,30100
2024-08-08,29.948362350463867,30.1033480808418,29.74779728692464,30.039531450023105,52000
2024-08-09,29.66574478149414,29.784259386094305,29.583694336446555,29.775144215642488,77000
2024-08-12,30.30391502380371,30.568296704217317,30.16716312055035,30.41331445975918,47100
2024-08-13,30.11246109008789,30.203630183101907,29.866309755567993,30.06687828245353,47400
2024-08-14,30.203632354736328,30.349499436301265,30.030412804427897,30.148930894994898,56900
2024-08-15,30.24921417236328,30.322145971878133,30.06687945695799,30.20363136294832,15900
2024-08-16,30.331262588500977,30.349496406594557,30.176276873578157,30.221863157684705,24700
2024-08-19,30.650346755981445,30.668580574696815,30.540947321434547,30.540947321434547,33200
2024-08-20,30.72328186035156,30.814447475677188,30.54094715195501,30.732397030786004,78900
2024-08-21,30.258329391479492,30.70504927104872,30.176278943303327,30.513599384552812,74100
2024-08-22,30.167163848876953,30.34037991646719,29.893663513512468,29.921012503725283,38500
2024-08-23,30.331262588500977,30.340377758675164,29.97571183003919,29.97571183003919,30800
2024-08-26,30.057764053344727,30.185397309816143,29.921012148413684,29.921012148413684,29900
2024-08-27,30.69593048095703,30.732398119477264,30.230980261933055,30.230980261933055,62100
2024-08-28,30.27656364440918,30.59565027088405,30.221865663338708,30.59565027088405,33900
2024-08-29,30.29479598999023,30.58653013398976,30.139813747504068,30.34949744614464,95700
2024-08-30,30.203632354736328,30.349499436301265,30.148930894994898,30.158049543824575,26000
2024-09-03,29.69309425354004,29.85719514630424,29.647511445048952,29.73867706203112,69600
2024-09-04,29.291961669921875,29.535376031775897,29.27372785035391,29.45606256828803,21100
2024-09-05,29.155208587646484,29.337543298236053,29.02757533355739,29.337543298236053,42200
2024-09-06,29.1096248626709,29.291959567518106,29.08227413528203,29.291959567518106,33200
2024-09-09,29.155208587646484,29.26005217650272,29.054926061807624,29.173442406479975,66500
2024-09-10,28.681140899658203,28.93640915710849,28.63555808959014,28.86347561767594,38900
2024-09-11,28.9090576171875,28.963759074382736,28.744958462219863,28.754075371752403,43700
2024-09-12,28.717607498168945,28.77504246276762,28.59909115296302,28.635557051921506,50600
2024-09-13,28.927291870117188,28.927291870117188,28.544390358371057,28.544390358371057,72700
2024-09-16,28.480573654174805,28.854358255262305,28.480573654174805,28.66290836933234,28000
2024-09-17,28.69937515258789,29.036693864352312,28.562624981446067,28.589975711223538,71100
2024-09-18,28.58085823059082,28.79965884782325,28.50792469151334,28.690257669770663,32300
2024-09-19,28.544389724731445,28.672024718395345,28.290945553718775,28.471456187868935,46200
2024-09-20,28.7084903717041,28.790540817331323,28.62643992607688,28.62643992607688,45000
2024-09-23,28.589975357055664,28.854358786138352,28.50792490761244,28.59909226686855,25500
2024-09-24,28.544389724731445,28.60000235081772,28.362056752011515,28.407639560473328,13600
2024-09-25,28.772306442260746,28.79054026068596,28.453221575310017,28.453221575310017,36200
2024-09-26,29.000225067138672,29.12786006213304,28.85435799189314,28.85435799189314,77300
2024-09-27,29.082275390625,29.173442746983863,28.97287595409252,29.04580949140507,47900
2024-09-30,28.86347389221191,29.082274497429612,28.854356982968763,29.082274497429612,32400
2024-10-01,28.27088928222656,28.526157529652433,28.143256027949963,28.152371198507428,71100
2024-10-02,28.106788635253903,28.179722172458153,28.04297200755928,28.152371443929304,8400
2024-10-03,28.024738311767575,28.334706280966756,28.006504492668167,28.07943803019311,34100
2024-10-04,27.997386932373047,28.16148782270813,27.942687215218903,28.079437377540582,21500
2024-10-07,28.14325523376465,28.28912230278525,27.824170368204857,27.824170368204857,75200
2024-10-08,27.70565414428711,27.796821503251937,27.660071334241064,27.778587683684425,84700
2024-10-09,28.21619033813477,28.352940505590848,27.970038993390187,28.18883960909446,30900
2024-10-10,28.827009201049805,28.94552554842756,28.672025215172606,28.86347510067653,50100
2024-10-11,28.890825271606445,29.0002247072466,28.77230718764482,28.77230718764482,53000
2024-10-14,29.237258911132812,29.355776994181696,29.109625657578007,29.109625657578007,42700
2024-10-15,29.20079231262207,29.237259951433963,28.91817506732082,29.219026132028016,90600
2024-10-16,28.672025680541992,28.854358659380463,28.65379186099632,28.754076129624764,56400
2024-10-17,28.5352725982666,28.694815904415048,28.47145597135629,28.662907590959893,17200
2024-10-18,28.7084903717041,28.763190089164695,28.46233903482244,28.526157400544573,22100
2024-10-21,28.398521423339844,28.57082804873186,28.37117243499412,28.407638332412617,17900
2024-10-22,28.23442268371582,28.558066894343604,28.207073693291456,28.325590042500085,83600
2024-10-23,28.890825271606445,28.945524989426524,28.571740396389416,28.571740396389416,51800
2024-10-24,29.34665870666504,29.60010287833791,29.209910280923385,29.42870915320818,65600
2024-10-25,29.337543487548828,29.4150346097822,29.24637787053843,29.24637787053843,28900
2024-10-28,29.20079231262207,29.26460894167015,28.845241528569765,28.845241528569765,41000
2024-10-29,29.364891052246097,29.58369339129773,29.30289676636936,29.35577588208549,32400
2024-10-30,29.19167709350586,29.263697723956582,28.945525748550935,29.118743554875444,86000
2024-10-31,28.836124420166016,29.027576044863757,28.68114043402888,28.927291777694812,27600
2024-11-01,28.772306442260746,28.944613070295546,28.763189533048138,28.80877407911117,39600
2024-11-04,29.2554931640625,29.39224506789804,29.157032975734335,29.246377993421305,52500
2024-11-05,28.981992721557617,29.05492625851268,28.827008738169027,29.00022480164187,47400
2024-11-06,28.945526123046875,28.945526123046875,28.35294089664881,28.35294089664881,159600
2024-11-07,29.683979034423828,29.793378470172705,29.21902534643673,29.21902534643673,66100
2024-11-08,29.92101287841797,30.130696587414732,29.875430068243972,30.003063327829352,95400
2024-11-11,29.802494049072266,29.84808033585877,29.683979441114484,29.775145059196685,33700
2024-11-12,29.21902656555176,29.715888587935737,29.118744035076617,29.565462183913898,76000
2024-11-13,28.717607498168945,28.854357662290457,28.62188255717116,28.62644014246371,54900
2024-11-14,28.754074096679688,29.237258108369097,28.754074096679688,28.899941164986597,77100
2024-11-15,28.27088928222656,28.790540947635773,28.27088928222656,28.480572982501737,94900
2024-11-18,28.981992721557617,29.091392157553862,28.936408174165276,28.945525083643744,43200
2024-11-19,28.635557174682617,28.681139983294308,28.544389818586552,28.608206446191993,73300
2024-11-20,28.49880599975586,28.713049018156276,28.37117274906929,28.626439250442427,68100
2024-11-21,28.945526123046875,29.173443651574804,28.849801178394603,29.15520983196311,76500
2024-11-22,28.49880599975586,28.50154124639523,28.270888487031204,28.425872465238875,15300
2024-11-25,28.890825271606445,29.08227515341306,28.699373650927157,28.854357633811276,24300
2024-11-26,28.52615737915039,28.763190067592745,28.471455922858155,28.60820608584341,96500
2024-11-27,28.462339401245117,28.52068727431056,28.20707289056095,28.261772608725742,37000
2024-11-29,28.562623977661133,28.59453229184377,28.234422187356635,28.307355725327337,62300
2024-12-02,28.462339401245117,28.571740576447393,28.307355417384297,28.34382305540928,53200
2024-12-03,28.27088928222656,28.62188247035988,27.76946969680496,28.498806801362015,122100
2024-12-04,27.85152053833008,28.143256427619523,27.5324373981072,27.733004191800536,45200
2024-12-05,27.58713722229004,27.84240547431908,27.277169251566455,27.277169251566455,51700
2024-12-06,28.15237045288086,28.207071908012907,27.25893421886233,27.28628494642835,405400
2024-12-09,27.641836166381836,27.814142796806543,27.518760498613513,27.733003520899775,32600
2024-12-10,28.115903854370117,28.21618811407389,27.887986346950697,27.887986346950697,61600
2024-12-11,28.12502098083496,28.252654229537654,28.00012123985653,28.061204356483618,102000
2024-12-12,27.304519653320312,27.50508644537989,27.15865257930013,27.50508644537989,51000
2024-12-13,27.076602935791016,27.31363563394876,26.99455248686228,27.222470014137045,55300
2024-12-16,26.821332931518555,26.93984927287467,26.775750124582963,26.775750124582963,59700
2024-12-17,26.76443099975586,27.0097062043571,26.538776389333727,26.78405159393497,38100
2024-12-18,26.4700984954834,26.872349664062632,26.44066666982716,26.75461861883522,261000
2024-12-19,27.26479148864746,27.32365701129792,26.87234968084113,26.87234968084113,97900
2024-12-20,27.20592498779297,27.411957130784895,27.161775376530503,27.186302522498256,55500
2024-12-23,27.64742088317871,27.79949030976465,27.578744126488125,27.578744126488125,71400
2024-12-24,27.696475982666016,27.706287215522487,27.65723292254146,27.676853516953074,40500
2024-12-26,27.568933486938477,27.765152528660735,27.480634263208,27.647421477887644,44600
2024-12-27,28.206647872924805,28.4519230718198,27.980995139053707,27.980995139053707,57100
2024-12-30,28.373435974121097,28.402869672581343,28.049672776263645,28.049672776263645,57000
2024-12-31,28.75606346130371,28.80021307144532,28.559844427241956,28.559844427241956,48300
2025-01-02,29.011150360107425,29.158315105865004,28.7658751600777,28.7658751600777,22500
2025-01-03,29.4232120513916,29.433023283708984,29.18774808967807,29.18774808967807,14500
2025-01-06,29.040584564208984,29.172050965907165,28.942474108225927,28.971907806411235,41700
2025-01-07,28.6579532623291,28.91303969303876,28.6579532623291,28.74625248339403,32900
2025-01-08,28.00061798095703,28.26551377714008,27.82401953596747,28.108537797438537,28500
2025-01-10,28.118349075317383,28.716821168455606,27.980995560682885,27.980995560682885,77800
2025-01-13,28.883607864379883,28.90813500993996,28.46173422406208,28.46173422406208,40400
2025-01-14,28.628520965576172,29.0405833666719,28.46173375867311,28.64814343022388,87700
2025-01-15,28.77568626403809,29.00035843608373,28.618710286424683,28.64814398396517,16900
2025-01-16,28.687387466430664,28.89341960965464,28.334190575933157,28.677576233772257,31900
2025-01-17,29.050395965576172,29.16812701639824,28.903229345096623,29.16812701639824,25700
2025-01-21,29.11907196044922,29.344724694694037,28.99643436079861,29.03077273899668,87800
2025-01-22,29.00133895874023,29.0994494124413,28.893419143840195,29.0994494124413,13600
2025-01-23,29.482078552246097,29.580189007374127,29.22699398873501,29.43302426033272,33600
2025-01-24,29.894140243530273,29.90395147593585,29.482077839002365,29.482077839002365,25900
2025-01-27,29.011150360107425,29.56056628420965,28.97190730117933,29.325102316737265,58300
2025-01-28,29.482078552246097,29.619433937945857,29.040584311121876,29.040584311121876,60000
2025-01-29,30.25714874267578,30.365070429210306,29.894140624251357,29.894140624251357,24400
2025-01-30,30.10017204284668,30.443557687974053,30.051115881370645,30.41412399108843,63400
2025-01-31,30.404314041137695,30.793810436048755,29.0013395758714,29.540946147059135,38900
2025-02-03,29.560565948486328,29.83527484306817,29.206388503784208,29.26623646031391,31900
2025-02-04,29.63905334472656,29.913762233821224,29.540944764829593,29.63905334472656,30400
2025-02-05,29.707733154296875,30.286582781001336,29.707733154296875,29.923574658492953,36100
2025-02-06,29.81565284729004,29.99225129149255,29.68811056608893,29.92357453459186,66600
2025-02-07,29.78622055053711,30.070738806248308,29.78622055053711,29.815652376572015,38200
2025-02-10,29.962820053100582,30.14137962454714,29.90395265634345,29.90395265634345,17300
2025-02-11,29.962820053100582,30.03149681134926,29.766599139846097,30.002063112970692,36500
2025-02-12,29.6881103515625,29.85489756195953,29.43302391970226,29.85489756195953,31200
2025-02-13,29.187747955322266,29.325101464530924,29.070015039356836,29.246613477654375,18700
2025-02-14,29.894140243530273,29.923573940747,29.50170030381351,29.50170030381351,17500
2025-02-18,28.550033569335938,28.687387082110963,28.172309537903356,28.550033569335938,24600
2025-02-19,27.843639373779297,28.27532424188553,27.822055785329415,28.216458718921437,46400
2025-02-20,27.725908279418945,27.774962569919794,27.549309839533915,27.667042756557677,41900
2025-02-21,28.06929397583008,28.206647486513223,27.91231800039184,27.91231800039184,29700
2025-02-24,28.118349075317383,28.245893228593378,27.931939397383932,27.931939397383932,39600
2025-02-25,27.67685317993164,27.980995780874693,27.519877198742268,27.980995780874693,177400
2025-02-26,27.598363876342773,27.608175108613,27.392333612571615,27.510066528513143,22500
2025-02-27,27.922128677368164,28.07910653150561,27.66704410873546,27.66704410873546,30900
2025-02-28,27.36289978027344,27.657231133019273,27.294223026023104,27.657231133019273,16500
2025-03-03,27.67685317993164,27.80439733421132,27.44138920814758,27.44138920814758,28900
2025-03-04,27.058759689331055,27.1990567578571,26.84291818939108,27.02932599198873,47000
2025-03-05,27.372711181640625,27.61308169430333,27.343279356095017,27.45119916859761,48700
2025-03-06,27.13724708557129,27.264791233304223,27.09996515160487,27.15686955003808,14900
2025-03-07,27.500255584716797,27.86326182601707,27.470821887597356,27.647420327711536,83400
2025-03-10,27.51987648010254,27.814207840622576,27.43157725907665,27.62779816609001,57000
2025-03-11,27.323657989501953,27.44138903901772,27.156870776603544,27.156870776603544,95600
2025-03-12,27.55912208557129,27.81420852242098,26.999894919566746,26.999894919566746,105600
2025-03-13,27.58855438232422,28.157592752144716,27.568931917878395,27.66704236880631,47400
2025-03-14,27.755342483520508,28.03004950942545,27.755342483520508,27.86326229885405,32800
2025-03-17,27.765151977539062,27.91231859503623,27.61798723134317,27.627798463929732,82400
2025-03-18,28.432300567626953,28.451923032623824,27.941750170512748,27.96137263550962,26900
2025-03-19,29.11907196044922,29.18774871684536,28.863985528619796,28.893419226204397,26300
2025-03-20,28.834552764892575,28.922851989204844,28.618711256185556,28.91304075635889,50300
2025-03-21,28.363624572753903,28.559845485386905,28.216459823929817,28.550034252625125,45500
2025-03-24,28.49116897583008,28.608900027395578,28.030050388511462,28.167403905771653,52200
2025-03-25,28.206647872924805,28.530411060614153,28.17721417538895,28.4519230718198,120200
2025-03-26,28.118349075317383,28.55984518850153,28.049672318000137,28.27532505527146,55300
2025-03-27,27.67685317993164,27.833831032422317,27.57383804314511,27.833831032422317,22200
2025-03-28,27.882884979248047,27.9417505036392,27.717078329259856,27.833830687472297,19200
2025-03-31,27.686664581298828,27.824019969152097,27.353090151414392,27.5885559959339,38100
2025-04-01,28.049671173095703,28.19683591438316,27.91231766406757,27.922127025025684,55800
2025-04-02,27.686664581298828,27.912319193021577,27.578744763137145,27.716098279689096,39000
2025-04-03,27.23535919189453,27.38252394173732,26.972424514483187,27.21573672623514,58900
2025-04-04,26.18558120727539,26.460288237118288,26.09728198445409,26.21501303401496,99100
2025-04-07,25.655784606933594,26.636885371032783,25.655784606933594,25.744083825406616,131100
2025-04-08,25.940305709838867,26.10709292090872,25.636163114104782,25.891249546994047,56100
2025-04-09,25.381078720092773,25.60673145676499,24.429409738933913,24.429409738933913,408500
2025-04-10,25.3614559173584,25.439943906082664,24.988636567442175,25.263345463627747,58100
2025-04-11,26.479909896850582,26.607454046512625,26.06784749332159,26.06784749332159,53900
2025-04-14,26.931217193603516,26.97046025177654,26.78405057937628,26.80367304411341,47600
2025-04-15,26.81348419189453,27.019516328381957,26.772278138857292,26.980271399031505,118000
2025-04-16,27.225547790527344,27.225547790527344,26.94102765413144,27.03913811051973,125500
2025-04-17,27.16668128967285,27.16668128967285,26.90668830888491,26.950837919109183,17000
2025-04-21,27.088193893432617,27.41195708505008,27.041100725324387,27.41195708505008,34700
2025-04-22,26.744808197021484,26.784051256186142,26.479910530280208,26.734996964405,23500
2025-04-23,27.07838249206543,27.200039530370045,26.91159528098052,26.91159528098052,24400
2025-04-24,27.16668128967285,27.16668128967285,26.78307014877744,26.793861943045375,8200
2025-04-25,27.26479148864746,27.318750459484665,27.098984843562295,27.274600849671515,7900
2025-04-28,26.98027229309082,26.98027229309082,26.695752159775427,26.98027229309082,51200
2025-04-29,26.705562591552734,26.852729205778996,26.62707460390597,26.852729205778996,56900
2025-04-30,27.10781478881836,27.26479264135839,27.00479965199944,27.088194194639495,54200
2025-05-01,27.304035186767575,27.313846419322875,27.098004917010147,27.19611349996058,33300
2025-05-02,28.010427474975582,28.088915465198127,27.892696425292417,27.892696425292417,27900
2025-05-05,27.67685317993164,27.695495083522328,27.529688431479265,27.57874459516426,7600
2025-05-06,28.27532386779785,28.412677376663936,28.010426211012224,28.010426211012224,12100
2025-05-07,28.6579532623291,28.88360786688462,28.569655912565427,28.569655912565427,11800
2025-05-08,28.648143768310547,28.648143768310547,28.432300397240976,28.432300397240976,25400
2025-05-09,28.550033569335938,28.589276628142542,28.392075158343395,28.589276628142542,15400
2025-05-12,29.089637756347656,29.207370673334797,28.229213450050448,28.55003307580122,42600
2025-05-13,29.040584564208984,29.27604853578755,28.962096573682796,29.13869502019205,16900
2025-05-14,28.77568626403809,28.87379671787178,28.46762142257963,28.530411065104484,26300
2025-05-15,29.030773162841797,29.32019797709485,28.88360841537273,28.893419648044173,31200
2025-05-16,28.3145694732666,28.99152767282404,28.265513310855823,28.95228461419667,18900
2025-05-19,28.402868270874023,28.4911674905958,28.236081063766356,28.236081063766356,49000
2025-05-20,29.30548095703125,29.369251160035443,28.80511933749131,28.80511933749131,35400
2025-05-21,29.10926055908203,29.354535756960612,29.050395035555525,29.10926055908203,79200
2025-05-22,28.82474136352539,29.09454558695844,28.82474136352539,28.98171921684158,16700
2025-05-23,28.79530906677246,28.88360828912822,28.24589313868207,28.40286911813647,38600
2025-05-27,28.579465866088867,28.87379723283938,28.491168514495136,28.765875544567397,17100
2025-05-28,28.628520965576172,28.849269014609817,28.628520965576172,28.756063243183817,25900
2025-05-29,28.38324546813965,28.599086963054724,28.38324546813965,28.58927573083569,17400
2025-05-30,28.206647872924805,28.363623850513505,27.922127743982,27.922127743982,20000
2025-06-02,28.59908866882324,28.59908866882324,28.461735152166877,28.47154638497109,10600
2025-06-03,28.942474365234375,28.942474365234375,28.736444090011577,28.736444090011577,4200
2025-06-04,28.79530906677246,29.020961803325495,28.520600167076623,28.71682107704526,12100
2025-06-05,29.10926055908203,29.10926055908203,28.844362896260865,28.844362896260865,12800
2025-06-06,29.06020736694336,29.315291935638044,28.844363987015253,28.844363987015253,7900
2025-06-09,29.226993560791016,29.3839695381769,29.040583885907303,29.089638177102422,13600
2025-06-10,29.14850425720215,29.205408658263668,28.942473984688313,28.991528276819807,5600
2025-06-11,29.570377349853516,29.79603195479609,29.020961428852537,29.020961428852537,25500
2025-06-12,30.031496047973633,30.15903832843611,29.580188707480698,29.589999940024157,15700
2025-06-13,30.188472747802734,30.4141254877934,29.63807437815373,29.63807437815373,12400
2025-06-16,29.933385848999023,30.24733780786095,29.89414091849064,30.119795526311275,19000
2025-06-17,29.85489845275879,30.139416719395268,29.648866306096703,29.972629504021704,89200
2025-06-18,30.051116943359375,30.18945289091892,29.590000236996364,30.139416165835463,20400
2025-06-20,29.825464248657227,29.88432977329073,29.585095598144672,29.746976258712127,13500
2025-06-23,29.91376304626465,30.060927791408236,29.38396958948748,29.38396958948748,26500
2025-06-24,30.12960433959961,30.12960433959961,29.923574072082005,29.923574072082005,12400
2025-06-25,29.658676147460938,29.737164135054336,29.433023417042573,29.433023417042573,9900
2025-06-26,29.43302345275879,29.74697540351335,29.43302345275879,29.74697540351335,7900
2025-06-27,29.59981155395508,29.6390546133333,29.40653420009119,29.6390546133333,18400
2025-06-30,29.128883361816406,29.208351913063808,28.971907383057847,29.138694594401475,21100
2025-07-01,29.5311336517334,29.58018794187981,29.33491274854531,29.42321196784983,11700
2025-07-02,29.80584144592285,30.070739110726723,29.64886546780973,29.64886546780973,40100
2025-07-03,29.90395164489746,30.10605966525199,29.884329179975445,30.01187333066731,8300
2025-07-07,29.295669555664062,29.619432734521315,29.295669555664062,29.46245676121484,57500
2025-07-08,29.197559356689453,29.364346563680705,29.168125659702326,29.18774812436041,8100
2025-07-09,29.295669555664062,29.43302306448192,29.1779366400336,29.1779366400336,8500
2025-07-10,29.325101852416992,29.433023537537693,29.25642509690427,29.33491308481899,7300
2025-07-11,29.33491325378418,29.383969416076713,29.207370974426105,29.383969416076713,30700
2025-07-14,29.364347457885746,29.3937792844679,29.24661453765326,29.344724992630113,21400
2025-07-15,29.43302345275879,29.531133905194896,29.28585870975524,29.38396916219135,15000
2025-07-16,29.717544555664062,29.77641008054243,29.50170117894121,29.69792209027084,18700
2025-07-17,29.52132225036621,29.62924393363168,29.338836699168372,29.36434627723528,10700
2025-07-18,29.43302345275879,29.521322672821164,29.27114092554402,29.521322672821164,13100
2025-07-21,29.325101852416992,29.38396924682896,28.86398515733068,29.38396924682896,41000
2025-07-22,29.33491325378418,29.374158183618206,29.109260521142293,29.1190717536008,8400
2025-07-23,29.511512756347656,29.511512756347656,29.212276705160328,29.236803851537697,25200
2025-07-24,29.825464248657227,29.872557416884547,29.50170105622103,29.531134754188425,61700
2025-07-25,29.9530086517334,30.02168540959557,28.84436367929719,29.85489819565832,35800
2025-07-28,29.580188751220703,29.658676740383193,29.315291086059315,29.315291086059315,44700
2025-07-29,30.080551147460938,30.168850371422863,29.820560027629323,29.87452087241731,47800
2025-07-30,29.81565284729004,30.095266426843597,29.75875031803019,30.06092804839325,31400
2025-07-31,29.619434356689453,29.796032804156308,29.570378192781263,29.727354174684844,67500
2025-08-01,29.52132225036621,29.707731920197144,29.393778102634077,29.707731920197144,28600
2025-08-04,29.43302345275879,29.472268382253723,29.38396916219135,29.46245714987999,11700
2025-08-05,29.63905334472656,29.78621995717444,29.413400616881592,29.52132230032971,15600
2025-08-06,29.62924575805664,29.80584233522699,29.488946812652124,29.678300050942628,33500
2025-08-07,29.94319725036621,30.04130770588877,29.612566381305133,29.63905465111615,46100
2025-08-08,30.276771545410156,30.296392139388768,29.97262894747556,29.97262894747556,17400
2025-08-11,29.992250442504883,30.051115965138997,29.87451939723666,29.87451939723666,8100
2025-08-12,29.87451934814453,29.96281856760121,29.781313576884024,29.78622012868785,15400
2025-08-13,29.992250442504883,30.026588819983218,29.87451939723666,29.88432875825799,36100
2025-08-14,29.717544555664062,29.756787615149207,29.614527548000293,29.737165149755988,36700
2025-08-15,29.658676147460938,29.766597832139823,29.58999939222937,29.717543541631912,30900
2025-08-18,29.933385848999023,30.0216850713416,29.639054484090007,29.6586769493442,27000
2025-08-19,29.81565284729004,29.894140836791017,29.707733031289493,29.894140836791017,15600
2025-08-20,29.88432884216309,30.021684223763295,29.717543506115028,29.75678656421421,31500
2025-08-21,30.208093643188477,30.3042410995937,30.041306437233995,30.178659946384315,26900
2025-08-22,30.335636138916016,30.365069835932513,29.96674278522179,30.119794641365377,9200
2025-08-25,30.139415740966797,30.355259113443996,30.04130715853308,30.168849438477668,24300
2025-08-26,30.31601333618164,30.365069497328776,30.09036060880844,30.09036060880844,21900
2025-08-27,30.247337341308594,30.31601409733767,30.056022986284383,30.18847181775528,8200
2025-08-28,30.21790313720703,30.350351966457115,30.159037614640734,30.257148066452043,51300
2025-08-29,30.590723037719727,30.71826531748959,30.37487966553822,30.41412459549895,97600
2025-09-02,30.83599853515625,30.94392022229376,30.75260399383146,30.81637606998556,58500
2025-09-03,31.110706329345703,31.16957372630909,30.875242355396125,30.91448728670505,28400
2025-09-04,31.159761428833008,31.213722271888415,30.98316298657941,31.012596684055428,57200
2025-09-05,31.41484832763672,31.5914467725207,30.80656500318092,31.30692663991844,198100
2025-09-08,31.640501022338867,31.826908828311847,31.483525042939892,31.483525042939892,72800
2025-09-09,31.581632614135746,31.640500007999133,31.313793270132084,31.36579111720698,33700
2025-09-10,32.12124252319336,32.31745969329238,31.885776679430872,31.974075903016477,17800
2025-09-11,31.88577651977539,31.98388510433366,31.72095230126825,31.866154054343216,40000
2025-09-12,32.062374114990234,32.1899182656125,32.0044872821115,32.1899182656125,20600
2025-09-15,32.71971130371094,32.75895623527981,32.534284054561624,32.631412078982315,86300
2025-09-16,32.70989990234375,32.88649834078839,32.65103250866139,32.65103250866139,11300
2025-09-17,32.307647705078125,32.79819807564706,32.26840277720805,32.79819807564706,45800
2025-09-18,32.494056701660156,32.601978385997526,32.33708072697011,32.40575748198435,38500
2025-09-19,32.4351921081543,32.49405575782676,31.895583702141096,32.4351921081543,10200
2025-09-22,32.150672912597656,32.23897213223504,32.02312876365423,32.0819961576133,12500
2025-09-23,32.31745910644531,32.46462572394982,32.12124193990937,32.15067376636925,41900
2025-09-24,32.062374114990234,32.121241509724165,31.9936973591019,32.09180594105595,21800
2025-09-25,31.718990325927734,31.964265523340963,31.640500466306303,31.91520748977632,15300
2025-09-26,31.895586013793945,31.974075875848957,31.635594895291295,31.768045601858475,27000
2025-09-29,32.18010711669922,32.258596981112476,31.89558697210524,31.89558697210524,30100
2025-09-30,31.787668228149418,31.964266676063783,31.787668228149418,31.92502174483778,25100
2025-10-01,32.05256271362305,32.131052577437075,31.709178915943426,31.90539983287579,69000
2025-10-02,32.445003509521484,32.513680266860334,31.856344520159197,32.02312986152423,64200
2025-10-03,33.10234069824219,33.259316667335945,32.80800748141436,32.86687487330039,70300
2025-10-06,33.16120529174805,33.29855880079076,32.89630763462178,33.288749439831605,78300
2025-10-07,32.768768310546875,32.945366754459,32.60197922791762,32.866876893785815,70200
2025-10-08,32.9846076965332,33.03366198778733,32.552924693853356,32.58235652008533,24100
2025-10-09,32.90612030029297,32.994419518160036,32.58235525391292,32.8080079789949,16600
2025-10-10,32.94536590576172,33.30837214551754,32.86687604711049,33.11215124149191,20100
2025-10-13,32.611793518066406,32.98460914201769,32.40575949760601,32.98460914201769,71400
2025-10-14,32.36651611328125,32.50779186988625,32.2193495004482,32.38613483523005,70800
2025-10-15,32.79819869995117,32.88159136631069,32.395947538132006,32.395947538132006,23400
2025-10-16,33.27893829345703,33.33780569048132,32.91593203498054,32.994421897679594,18200
2025-10-17,33.23969650268555,33.455536135993434,33.200451572046816,33.23969650268555,43300
2025-10-20,33.32799530029297,33.45652001380409,33.151396857273376,33.2691279050856,7600
2025-10-21,33.0630989074707,33.28875165054113,32.97479968256465,33.229884253069535,18900
2025-10-22,32.876686096191406,32.95517595648529,32.71088131883399,32.86687673495594,13100
2025-10-23,32.788387298583984,32.945367021201356,32.788387298583984,32.81782286787603,24500
2025-10-24,32.8570671081543,32.93555322521129,32.71970985375018,32.86687646931048,8600
2025-10-27,32.788387298583984,32.8472546945655,32.356704289193964,32.59217013051744,21100
2025-10-28,32.97480010986328,33.07290869765125,32.86687841773488,33.06309933591354,15100
2025-10-29,33.02385330200195,33.254412592474665,32.90612225206364,32.964985905731496,17000
2025-10-30,33.08272171020508,33.34761938762092,33.072908605891875,33.11215353793927,24300
2025-10-31,32.915931701660156,33.06309832142928,32.8276324783192,33.06309832142928,20900
2025-11-03,33.4064826965332,33.63213543956074,33.37705086910434,33.47515945560234,32700
2025-11-04,33.52421188354492,33.60858885613699,33.40550027593136,33.48497069669073,8100
2025-11-05,33.33780288696289,33.352518799330774,33.17101755665707,33.34761599027637,33600
2025-11-06,33.0630989074707,33.179849397910424,32.92672595120712,32.93555475091692,59100
2025-11-07,33.00423049926758,33.210260770204606,32.847254520086615,32.92574438097838,73500
2025-11-10,33.04347610473633,33.07192736997991,32.819784487748244,32.97479934635437,26600
2025-11-11,33.1710205078125,33.25931973247794,32.99442205848161,32.99442205848161,45000
2025-11-12,33.48497009277344,33.504592557147866,33.16120504449895,33.40648023527572,14700
2025-11-13,33.0630989074707,33.55364932525928,33.0630989074707,33.49478192778769,23000
2025-11-14,33.13177490234375,33.308373348082476,33.01404385271879,33.16120672909934,14300
2025-11-17,32.81782150268555,33.09252852063322,32.72952228368773,32.81782150268555,38600
2025-11-18,33.23969650268555,33.34761819064078,33.151397280049686,33.34761819064078,15000
2025-11-19,33.014041900634766,33.239694625157746,32.92574268298644,33.239694625157746,16400
2025-11-20,33.190643310546875,33.259320070139154,33.05328604875961,33.06309915304577,22100
2025-11-21,33.13177490234375,33.19064229845752,32.85706787235132,32.85706787235132,8300
2025-11-24,33.269126892089844,33.34761674997644,32.82763079798377,33.102341557984445,37200
2025-11-25,33.700809478759766,33.812657150647446,33.112150522074934,33.112150522074934,45400
2025-11-26,33.514404296875,33.71062521194459,33.367237674922144,33.367237674922144,299400
2025-11-28,33.57326889038086,33.84797590297515,33.347616166806645,33.347616166806645,15200
2025-12-01,33.79892349243164,33.94608636767088,33.583080117624355,33.65175687458984,42300
2025-12-02,33.56345748901367,34.26985126305138,33.4555358021354,34.26985126305138,43700
2025-12-03,33.5438346862793,33.79892298771553,33.48497103410363,33.48497103410363,17600
2025-12-04,33.90684509277344,33.92646755794213,33.455535879098605,33.455535879098605,32800
2025-12-05,33.38685989379883,33.73024742828198,33.053285463428054,33.563458341795275,8800
2025-12-08,33.72043228149414,34.083442259609434,33.66156863079619,34.02948141806804,31800
2025-12-09,33.88722229003906,34.06382073219557,33.78910996517294,33.78910996517294,73700
2025-12-10,34.04419708251953,34.112873836234684,33.759676964212545,33.78910878934693,94000
2025-12-11,34.40916442871094,34.554369915895734,34.33852655136866,34.33852655136866,97600
2025-12-12,34.46607208251953,34.53474883897302,34.338527930847675,34.338527930847675,12400
2025-12-15,34.92718505859375,34.92718505859375,34.76039972823225,34.76039972823225,30700
2025-12-16,34.829078674316406,35.02529958438237,34.750588813248996,34.9271872580481,153200
2025-12-17,34.58380126953125,34.88794384789092,34.554369444806945,34.7800221670987,27600
2025-12-18,34.68191146850586,34.927186666282005,34.58870943832063,34.819268723046605,23400
2025-12-19,34.9370002746582,35.02529949683705,34.85851041378697,34.87813287900478,24000
2025-12-22,35.279998779296875,35.310001373291016,34.900001525878906,34.91999816894531,58700
