Date,close,high,low,open,volume
2019-08-19,171.4188232421875,172.52469375634323,170.6936602086098,171.53666621165252,1232100
2019-08-20,170.1316375732422,171.31908510353927,168.87167236832659,170.62111458775186,1364200
2019-08-21,171.08340454101562,172.18020146575557,170.9655615966944,171.60007392894042,1074700
2019-08-22,169.62403869628906,171.31909622764712,169.15268069632862,170.9111963838479,1446700
2019-08-23,167.0225372314453,169.83253886108793,164.61138980186968,168.27344314586276,2119700
2019-08-26,167.62074279785156,168.0921007000311,166.63271555572905,167.91987297627338,1226800
2019-08-27,167.45767211914062,168.96236945322767,167.12227602528668,168.69044536542327,1477100
2019-08-28,167.66610717773438,168.53629168946387,166.65994682700543,167.41230220920215,1122700
2019-08-29,170.10443115234375,170.81146113242792,169.56962890636512,170.5395233328576,1458900
2019-08-30,172.03968811035156,172.34021963853914,170.67364328920434,171.66629919083428,1686800
2019-09-03,170.50970458984375,171.3384417534537,169.57168829120866,170.54614023226947,1370200
2019-09-04,170.8102569580078,172.03058710184024,169.85402272143284,171.24738744759463,1210400
2019-09-05,170.39134216308594,172.57700847984134,170.39134216308594,171.84844840888036,1911200
2019-09-06,172.59518432617188,173.30552640116144,171.1836021375198,171.68448793299302,1066700
2019-09-09,168.670166015625,171.61171288590532,168.50623336022042,171.30207929874547,2862300
2019-09-10,169.1345672607422,169.1345672607422,166.89424759525824,167.66834523440403,1788900
2019-09-11,170.85577392578125,170.96505306094295,168.5790326357389,169.08902046132823,1292100
2019-09-12,174.462158203125,175.41837853743988,172.4130908076601,173.6243050839426,1640200
2019-09-13,174.99948120117188,176.41106386535006,174.8355485691904,175.3000127796972,1717100
2019-09-16,171.6844940185547,174.67157718237215,170.9832538800359,174.48944067650515,1263900
2019-09-17,175.07228088378906,175.94654164568576,172.80464184589434,173.34194938665627,1186700
2019-09-18,175.45480346679688,176.37460199441568,173.94304383452587,176.17424763851824,1694800
2019-09-19,176.8936767578125,178.60577656966998,176.60224723469875,178.21418378112597,1601500
2019-09-20,176.77528381347656,178.72417360934622,175.8554854257862,178.0320493281646,2475500
2019-09-23,176.23802185058594,176.675152357255,175.35464497710942,175.445706305596,859600
2019-09-24,174.41659545898438,176.52940408741594,173.80643047890769,175.91923910733925,1539800
2019-09-25,175.08140563964844,175.6460330342227,173.33286999208278,173.61518368936993,852100
2019-09-26,175.12693786621094,175.95567500746495,174.38016007401484,175.80084437552136,1345600
2019-09-27,174.4439239501953,175.5367570122917,173.5605472001035,174.99944939204553,873900
2019-09-30,176.4200897216797,176.89365569228227,175.0176096269282,175.32725693239308,1027200
2019-10-01,171.7117919921875,176.69330191848834,171.62071680275824,176.61132868955286,1127500
2019-10-02,167.66835021972656,169.3895662238985,165.80141942566783,169.32581079227532,1996200
2019-10-03,168.1510467529297,168.46068031173309,166.00180187489696,167.44070440220213,955600
2019-10-04,169.553466796875,170.6463137079555,167.76850944821155,169.07991462460757,1498100
2019-10-07,171.73916625976562,173.34198727095938,169.23475061320377,169.38956736745598,2744100
2019-10-08,167.66835021972656,170.71007350394538,167.29496128168938,170.70097154062518,1526600
2019-10-09,170.65541076660156,171.24735791298943,169.09811369034801,169.48972039799526,1266600
2019-10-10,174.15248107910156,174.908360812448,171.75735882595592,173.24178461426857,1486200
2019-10-11,176.90280151367188,178.98829045969194,175.17248365963346,175.47300128689565,1609600
2019-10-14,175.33641052246094,177.8681458899841,175.272668988179,176.94834735158065,1213700
2019-10-15,177.74972534179688,180.34521576669843,177.48562948722486,178.30525072870694,1519300
2019-10-16,179.27061462402344,180.4818287609759,178.62401398376122,180.13577353447207,1570400
2019-10-17,179.07937622070312,181.21040289812817,178.99741686298535,180.0993519508634,958900
2019-10-18,178.3052520751953,179.62577304640232,177.5311684293111,179.2979217681087,1022800
2019-10-21,177.55848693847656,178.54204076630765,176.97564176970167,178.44186360154362,927900
2019-10-22,174.3710479736328,176.3836793183757,174.30729255287744,175.83726979363263,1429700
2019-10-23,176.4019012451172,177.46741443410505,175.91923323376693,176.45654080925115,1227900
2019-10-24,175.7553253173828,177.25796900769856,175.48211358383648,176.9574374904102,996600
2019-10-25,177.58578491210938,177.9955954826819,176.71151031824783,177.03025959320607,1025000
2019-10-28,179.19778442382812,179.3070635755016,178.20511451032436,178.7788578488663,1216700
2019-10-29,181.32876586914062,183.33229522636918,179.5073730178193,180.10843599382525,1080100
2019-10-30,181.40164184570312,181.73859511097783,178.7697294615988,180.19951577046461,1110400
2019-10-31,180.63665771484375,181.45627901266135,179.361674267418,181.39252358703342,1303500
2019-11-01,181.04644775390625,182.18481825802272,180.66395693205803,181.11930513370461,812200
2019-11-04,182.8314208984375,183.4962393361432,182.2485757052455,183.27766717764914,1086100
2019-11-05,182.42160034179688,183.4871135012863,181.1830526365902,182.99534354156995,1132900
2019-11-06,183.1592559814453,183.59640025975315,182.23945761773896,183.15015402002717,1084500
2019-11-07,184.50711059570312,184.6163897254705,183.0864124281004,183.632835869188,1098200
2019-11-08,184.87135314941406,186.1918600355424,184.24297046459054,185.41777650042312,966000
2019-11-11,184.2248077392578,185.16283801476789,183.57822093986397,184.6619521092413,881600
2019-11-12,187.38491821289062,189.1607876125982,185.9460159880047,186.90225015027957,1681200
2019-11-13,189.2609405517578,190.05324200662912,188.28648869225532,188.69629931042581,1388200
2019-11-14,190.00770568847656,190.30823718279754,188.27738800179517,188.5961234198023,1003000
2019-11-15,190.98219299316406,191.54682044695593,189.7254272193667,191.2462888968684,1772000
2019-11-18,190.4357452392578,191.20984282095378,188.95130550086176,189.78004264905377,1115900
2019-11-19,188.90573120117188,191.70157557687392,188.90573120117188,191.42836390134022,1463700
2019-11-20,187.7673797607422,189.15164219940627,187.20275243144638,188.53237530871084,1234900
2019-11-21,187.84022521972656,189.25180734950212,187.63076894894652,188.72360179595472,1369500
2019-11-22,186.6107940673828,187.68540909976716,186.38311997786508,187.06614224641828,936700
2019-11-25,187.548828125,187.56704594481675,186.00064694757376,186.45599517011823,1418800
2019-11-26,186.8203125,187.58529436024418,186.3649641694554,186.79299271185758,1547400
2019-11-27,187.60350036621094,187.70367754846518,185.6090725806849,185.74568540891926,1074000
2019-11-29,187.7947540283203,188.35027951616462,186.83851980876832,187.04797613811462,847600
2019-12-02,183.49168395996094,186.189684730214,182.76001918616058,185.52204707846815,1718600
2019-12-03,184.7811737060547,185.25675776362004,182.55875778025296,183.47333499192592,1230600
2019-12-04,185.43055725097656,187.5066517378053,185.35738938851753,186.84815493101684,1384500
2019-12-05,186.34515380859375,186.62867058276032,184.97328764558569,185.81469721758933,868700
2019-12-06,187.9730682373047,188.39377992868276,187.122518060965,188.03709534580778,912300
2019-12-09,187.7901611328125,189.31750356909114,187.28714082018365,189.1894633036349,1038300
2019-12-10,186.52806091308594,188.16516230018163,186.41831608904604,187.21399397402303,1135900
2019-12-11,188.07363891601562,188.73213556065443,187.3877060741285,187.89986702988327,1159200
2019-12-12,191.98805236816406,192.2898645317252,189.19858899768198,189.39979710672273,1333000
2019-12-13,191.1923828125,193.56113461392596,190.57961771070302,193.07640977287252,1527900
2019-12-16,192.07949829101562,193.1312564387199,191.89658565080703,193.06724329454985,1797200
2019-12-17,191.75030517578125,192.53684231498704,190.88145941807977,192.40880203443464,1433000
2019-12-18,190.53387451171875,191.44845173457227,189.26261273016596,191.4393109862665,1427300
2019-12-19,191.5124969482422,191.55822860810989,189.9211412454553,190.17722179430245,1205200
2019-12-20,193.99098205566406,195.6646601064322,192.9940961973074,194.92385476296823,3034100
2019-12-23,193.68002319335938,194.17388875539572,193.0672581261505,193.96353990076366,967400
2019-12-24,193.5428009033203,194.26532462532052,192.67395545178073,193.49708321271746,399900
2019-12-26,194.57630920410156,194.57630920410156,193.06726232942603,193.61600030415292,481000
2019-12-27,194.128173828125,195.95732843899893,193.97269736084178,195.85672437718716,825500
2019-12-30,193.42398071289062,194.71352424991628,193.22277256704533,194.63121563261876,807500
2019-12-31,194.71351623535156,194.73181169022362,193.21360990873353,193.6526170936045,1040000
2020-01-02,192.738037109375,196.13111128658673,192.48195656601348,195.3354334522379,2604100
2020-01-03,187.7261505126953,191.19240664437768,187.64384189667376,189.68334557393183,2899300
2020-01-06,186.9304656982422,188.72304346079895,186.7475530176571,187.12253308382944,2395300
2020-01-07,187.33285522460935,189.0888418271541,186.80239875790195,187.31455977255987,2589200
2020-01-08,189.6741943359375,190.40585900036217,187.57981836380648,187.73529483725352,1327300
2020-01-09,191.0094451904297,191.82341830351788,190.0582771303226,190.30521687068463,1086100
2020-01-10,191.2198181152344,193.734905618638,191.0826231509346,192.7380197392982,1217600
2020-01-13,193.70748901367188,193.82637458168227,191.44848180201387,191.8691795756072,1225700
2020-01-14,192.0246429443359,194.00011917146685,191.27468291095,193.22273689272168,2107300
2020-01-15,193.3782196044922,193.963548497271,192.38133373255263,192.96666262533145,1078200
2020-01-16,194.85984802246097,194.8690027273834,193.68919013050197,194.69523079797116,1302600
2020-01-17,195.81100463867188,196.1036621165885,194.6586283143934,194.97873595010233,1903700
2020-01-21,193.6434326171875,194.56716454907772,193.1404123506148,193.6159964167691,1384500
2020-01-22,193.0489959716797,193.8446738303891,192.47280775380412,193.1587407920966,966900
2020-01-23,191.7136688232422,191.7411050229044,189.79306507018572,190.61617897073268,1400700
2020-01-24,192.05210876464844,194.16478027645311,190.9820549062802,192.06124951451125,1541600
2020-01-27,187.3785400390625,188.67723770312836,186.65601639479317,187.68949286947176,1947800
2020-01-28,190.12234497070312,191.08264002891408,187.65297494860943,187.8816192872964,1229400
2020-01-29,190.44241333007812,191.54905792241624,189.92111156401816,190.350963979978,982700
2020-01-30,190.44241333007812,190.7533801953737,187.90904444238092,188.83276242383656,1381300
2020-01-31,185.778076171875,188.71386124900633,185.63174046659955,188.0645192342755,1909700
2020-02-03,191.5490570068359,192.10694967454216,186.1896338885787,186.36340579488177,2911500
2020-02-04,195.26226806640625,196.49695309533345,192.62828078087793,192.80205271365145,2369400
2020-02-05,198.2254943847656,198.57302427852815,195.0427552468769,198.57302427852815,2970400
2020-02-06,198.234619140625,198.84738422411192,196.69813605761448,198.2711960903123,2234200
2020-02-07,195.86585998535156,197.26516200981516,194.5580073093103,196.432893393729,995300
2020-02-10,197.0365447998047,197.30176608864255,195.82929600976053,196.5335244706196,1435600
2020-02-11,197.74989318847656,200.1460811065837,197.53038962557815,198.99371880088495,1385500
2020-02-12,198.64620971679688,198.8474178624681,197.10057166838803,198.57304184970337,1238000
2020-02-13,202.35934448242188,208.3864187838924,202.2495996850884,203.31051257711331,2231800
2020-02-14,203.6215057373047,204.04221746917537,202.3228075424721,202.70692836443584,1280300
2020-02-18,204.4537353515625,205.40488949688887,203.8318156003048,204.9018692470497,1524700
2020-02-19,203.4751434326172,204.4537477923367,202.91725074981943,203.9690229644533,1590100
2020-02-20,202.3045196533203,203.36543279480665,199.40531094754243,201.6185865980161,1534700
2020-02-21,199.68878173828125,201.4813591838048,199.59733239183385,201.19784248573893,1660100
2020-02-24,192.56423950195312,194.1830451144036,191.6953939203054,193.11297746941116,2020400
2020-02-25,184.4245452880859,191.78689687412296,183.69289446031544,191.31131267179617,2743100
2020-02-26,186.03419494628903,189.24435664231757,185.2750940187816,185.9335908726352,2711200
2020-02-27,178.29681396484375,185.99755195208948,178.25108231592608,182.79653190261172,3685500
2020-02-28,174.69342041015625,176.35795794108597,170.06566109808452,174.51050772514083,5555300
2020-03-02,181.22349548339844,181.36069045847057,173.23009841273466,174.9586490380378,3489600
2020-03-03,178.6992645263672,184.59828553280903,175.9098008698093,181.1046073777283,4063300
2020-03-04,187.9730682373047,188.17427635639743,180.51011424370577,181.45212773066643,2755600
2020-03-05,180.56964111328125,183.2987239564937,179.2464617532418,181.69987697189015,3204300
2020-03-06,173.85264587402344,177.0319869503991,170.6916863819618,176.54498012388223,4466800
2020-03-09,159.08619689941406,165.74809775421645,158.34190401279562,160.85963412100708,4822700
2020-03-10,161.91635131835938,163.02819170237785,153.93125719969828,162.16443958987722,5604100
2020-03-11,159.8120880126953,162.32983182386673,158.5440253165599,159.38940979467566,4315300
2020-03-12,145.2018280029297,156.16409036053736,144.26456385327964,150.14540670767434,6340400
2020-03-13,162.1827850341797,162.78005313835564,148.26171872606264,159.31587570047708,6386900
2020-03-16,145.5050506591797,150.3659329542034,134.8092588335928,136.6562076259449,7079300
2020-03-17,150.5864715576172,152.2036997419508,143.0332561369188,144.04401849423934,4956600
2020-03-18,144.7332000732422,147.16824749018227,137.50159815847036,140.9474080702414,4723900
2020-03-19,141.51712036132812,145.92776014990497,136.73893309913544,139.18316445968912,4296100
2020-03-20,139.02694702148438,145.12832722470583,136.04057842461623,141.59982123222423,4699900
2020-03-23,137.83241271972656,142.7576248284197,134.89199071924668,137.63025739272126,4434000
2020-03-24,151.44102478027344,153.3063551606718,144.26455459445006,146.36878938074452,3423100
2020-03-25,151.89129638671875,161.22714695562888,148.25251512619414,149.842192117273,3258400
2020-03-26,160.06019592285156,160.80448874166106,155.00634056239937,155.53929426475352,2726000
2020-03-27,153.7658233642578,157.1840680346023,152.72749547652325,153.75663958508738,2301600
2020-03-30,162.45843505859375,162.90867852746547,156.9818889785005,158.28670049620953,2480500
2020-03-31,158.9667205810547,162.87197238723667,156.77059130265508,158.69105294346943,3142300
2020-04-01,147.82066345214844,154.84092709876043,147.22339527328032,152.18535651306522,3822000
2020-04-02,150.77943420410156,153.2144813732479,146.4790706019196,147.15903471518504,3369800
2020-04-03,148.9784698486328,152.30482103087033,148.17903229443607,150.00761407716186,2665700
2020-04-06,161.64984130859375,162.68818323609395,155.76899769495793,155.85169377209408,3604000
2020-04-07,165.34375,170.40678846770433,164.14919972394853,166.81395386041677,3097600
2020-04-08,171.77590942382812,172.22615290847205,164.2502589521112,165.94099951138097,2495400
2020-04-09,174.1099090576172,174.63367898383467,168.38527313820904,168.44040386285533,3206800
2020-04-13,171.0132598876953,173.23695433955902,168.8538799339034,171.3256766407009,2087700
2020-04-14,174.44065856933594,175.42386962028073,172.50181584308393,173.4390799626793,2372800
2020-04-15,166.45558166503906,168.56901450363185,164.77403880227888,167.37446428868495,2025500
2020-04-16,168.2749786376953,168.79873444000208,164.36972750384726,167.0436652712711,1806700
2020-04-17,173.2553253173828,173.5769258301368,170.88460641351668,172.58454491320344,2634400
2020-04-20,169.99331665039062,174.22018310524825,169.45117916774407,169.87385740060662,1598100
2020-04-21,164.3697509765625,167.852310433404,162.2746994260809,166.9334276824546,2010000
2020-04-22,166.8690948486328,168.05444729787828,165.41725857910652,166.207498218949,1376400
2020-04-23,166.5934295654297,170.19544792098577,165.7204938400002,166.06965971754994,1249900
2020-04-24,166.7496337890625,167.9349862253111,164.3421657591879,167.27338960288142,1187700
2020-04-27,169.6073760986328,170.56300796921124,167.18152625066227,167.82474135788215,1542000
2020-04-28,171.72080993652344,172.85103177424182,170.43436569540273,172.71320497246072,1896700
2020-04-29,173.3839874267578,174.77149532436897,172.44672310080858,172.75913986911232,1282300
2020-04-30,169.06524658203125,171.08678587998023,168.28419061596443,170.34249307664325,2104400
2020-05-01,165.7020721435547,170.08514530972082,165.19668399717773,169.30408962704433,1169200
2020-05-04,167.84310913085938,168.35768117430428,164.12163157382423,164.9210549969592,1828000
2020-05-05,167.24583435058594,170.03924559652316,167.1080075546839,168.15553326665105,1171900
2020-05-06,164.43405151367188,168.13714756383052,164.2962247211496,167.61339173120896,1336100
2020-05-07,169.80030822753906,170.82026846682868,163.05571335852477,163.58866694510306,2295100
2020-05-08,173.12667846679688,173.12667846679688,169.7635646995806,169.91058928439614,1841400
2020-05-11,171.70242309570312,172.18024602896878,169.48791240801145,169.59818786709576,1894700
2020-05-12,168.23818969726562,171.3623985381555,168.1463098619957,170.0300077269193,1741100
2020-05-13,164.27783203125,167.8798501829325,163.29463492866793,167.8155356911175,1857300
2020-05-14,164.70974731445312,164.81082498661738,158.74619269884104,159.70183869403743,2442300
2020-05-15,167.7787628173828,167.87984045955434,163.48758295616446,163.57027902129522,2829400
2020-05-18,176.65518188476562,177.96917728780343,172.4558816242997,172.66723471987987,2105200
2020-05-19,174.8174285888672,176.6551939353993,174.45906490713492,175.9200849925791,1774400
2020-05-20,180.09181213378906,181.33229527464653,177.03193128601598,177.16057429368348,2300400
2020-05-21,177.95999145507812,179.93559745765074,176.89408427405587,179.53128687029502,1891600
2020-05-22,175.38714599609375,177.07790091198942,174.9093370612675,176.8114170627228,1676000
2020-05-26,177.3443145751953,179.182079493073,176.71028343516213,178.26319703413415,2214300
2020-05-27,177.46380615234375,178.95239152062325,175.97520676302807,178.90644458508854,1603400
2020-05-28,183.8132781982422,185.54996583703365,180.7717788856371,181.83768611924364,1740200
2020-05-29,185.9266815185547,186.6434087462305,182.83923576047647,185.19157271500575,2354700
2020-06-01,188.57313537597656,189.21635055236516,185.8440522509056,186.06458917754136,1658300
2020-06-02,190.42225646972656,191.16083103753175,188.74201306292943,189.28670634791976,1675100
2020-06-03,196.543212890625,197.2448511196682,192.87804873385983,194.79833735176544,2155300
2020-06-04,196.2385406494141,197.7987759552321,194.48443811943963,196.93095176711032,1951500
2020-06-05,204.2889709472656,207.0955518435915,202.61795440396304,203.13495244088097,3525600
2020-06-08,199.8114318847656,204.9445195340507,198.31582797141863,203.6058464058243,2970400
2020-06-09,197.7803497314453,200.93774340845013,197.30028806393105,198.7958918880009,2499400
2020-06-10,196.9771270751953,199.94988011146407,195.7030860347541,199.90371655010264,1750200
2020-06-11,183.8213348388672,193.78281825345883,183.43358623855207,193.2935154420748,2925000
2020-06-12,186.4340362548828,189.14829056370712,183.08276135270472,188.88055032935765,1711900
2020-06-15,187.6342010498047,188.80667382820343,182.1133658138183,183.10121251707957,2142100
2020-06-16,192.2872314453125,193.579726893618,188.91750211335213,192.1395136548936,1878100
2020-06-17,191.5486297607422,194.13363438255843,190.9577727689392,193.9489942139591,1577400
2020-06-18,192.17642211914065,194.05977436731044,191.105489425504,192.92422395425427,1563800
2020-06-19,192.07484436035156,195.4907363456576,189.5083083112145,195.4630410282823,4635000
2020-06-22,193.8474273681641,194.5213702788204,191.7794209881289,192.7764947381204,1510800
2020-06-23,196.06317138671875,198.6758716117229,195.94316301209247,198.3435136374821,2044300
2020-06-24,190.2469024658203,194.02284805093407,189.07441559064927,192.94268830123153,2068500
2020-06-25,193.08116149902344,193.31196522148508,188.35430577089423,189.90530002400868,1163300
2020-06-26,190.93930053710935,193.05345632863987,188.8805212950602,192.8226526179551,2794600
2020-06-29,195.0568389892578,195.93389030904285,192.22257662905045,193.80126618723529,1406100
2020-06-30,195.8231201171875,197.171020118502,193.36736501305035,193.54277810436616,1697400
2020-07-01,198.27886962890625,199.091289168253,194.5490735137932,195.30611649977396,2126100
2020-07-02,204.27053833007812,204.98141779838252,201.74093833870847,201.74093833870847,2837900
2020-07-06,207.40020751953125,208.2680317203472,204.6028676900912,207.72333834737225,2860700
2020-07-07,207.28941345214844,208.5357590401589,205.304507309758,205.6368651940848,2171600
2020-07-08,204.51058959960935,210.0221842457285,201.8517259066072,208.93278322651233,3063600
2020-07-09,204.90753173828125,208.95121726150305,203.35653756271924,208.33266500669149,2312400
2020-07-10,208.60037231445312,209.1912291976788,205.97844577558544,206.9939876469761,1448300
2020-07-13,208.48040771484375,213.16110020722437,208.44347122787687,210.41915066633723,1498000
2020-07-14,215.2290954589844,215.9307337158974,208.17573414340515,208.3972967049874,2554800
2020-07-15,219.3835601806641,222.66096179079935,217.5094350692995,222.24551790514823,2616100
2020-07-16,220.5468292236328,226.6677491381433,219.23586562337996,226.34461825557597,3216400
2020-07-17,223.9719085693359,224.95974104674352,222.47629106446757,222.79019479211857,1900900
2020-07-20,221.8669891357422,225.15363159406317,221.42383588572991,223.93498128723945,1966500
2020-07-21,225.26446533203125,227.10166829688947,224.3504773890256,224.98749800804683,1686900
2020-07-22,226.5015563964844,227.43401252799356,223.75037974197397,225.772222771626,1390500
2020-07-23,227.0924072265625,229.1881090868826,225.8183801873301,226.68619039860877,1068900
2020-07-24,225.32904052734375,226.05837401300587,223.90728186213343,224.3319668638188,1304400
2020-07-27,227.90481567382812,229.76971359263763,226.4184392198473,227.1570139083289,1469200
2020-07-28,224.98748779296875,228.578793501434,224.87670650326208,228.13565425546463,1677400
2020-07-29,225.919921875,226.7600367184672,224.93207518111373,225.919921875,1967900
2020-07-30,223.43649291992188,224.32277141000185,218.84811335229125,222.26400595346217,1855500
2020-07-31,226.28921508789065,228.1264178945788,222.91024501790093,227.8863729937916,3184700
2020-08-03,225.55059814453125,229.05881708702236,225.34748976821433,228.58798262581828,2577700
2020-08-04,225.12596130371097,226.6492602694433,223.44570340668795,223.83345197819904,2435500
2020-08-05,229.2065887451172,232.05931967376193,227.81252509910823,228.4957092607947,2166600
2020-08-06,227.7201690673828,228.95727353541056,225.88296651885324,228.46797081168103,1938800
2020-08-07,226.47384643554688,226.8062043653373,224.9782427950608,225.9845436621251,1750100
2020-08-10,224.6551055908203,225.25520371529873,223.1410337506171,224.2396617121144,1159100
2020-08-11,226.04913330078125,229.17883068619292,225.716775432988,228.56950558071551,1506500
2020-08-12,229.53890991210935,231.7269245724986,228.3664231222635,228.87419410110547,1323300
2020-08-13,230.10211181640625,230.72989125497335,228.22798649219644,228.22798649219644,1147700
2020-08-14,229.41893005371097,230.38830863192987,228.3941608288183,228.85576833395655,979300
2020-08-17,229.3542938232422,231.33921450938817,228.4864835634986,230.4713901625017,973500
2020-08-18,227.92330932617188,231.03453917197092,227.12010274759615,230.5637046230515,1013400
2020-08-19,228.2556610107422,230.17594972738385,227.66480402770952,229.20657124769883,1626100
2020-08-20,226.47384643554688,226.833899685558,225.0705558334161,225.56909977167248,1905400
2020-08-21,225.54139709472656,226.12301288753247,221.7931469509375,221.97778710876705,1781100
2020-08-24,229.79742431640625,231.61615879777443,229.53892527117904,231.52383167284697,1363000
2020-08-25,230.8776092529297,232.07779157224255,230.12056618991255,231.2099672169372,1064400
2020-08-26,233.4626007080078,234.7274006796943,229.9174445991838,230.536011011426,844900
2020-08-27,231.66229248046875,234.50579587126543,230.93295895697017,234.27499216182224,1084000
2020-08-28,234.09962463378903,234.57045919295257,231.49615167959203,232.19778997921375,959900
2020-08-31,230.5636749267578,233.81338096040412,230.03743571591323,232.33624569614855,2297600
2020-09-01,237.2108154296875,237.31235553508785,229.4650437407231,230.7760070798824,2285800
2020-09-02,241.15206909179688,241.39298878184263,236.9170974302927,238.5666012172747,2912700
2020-09-03,232.0890350341797,240.14197113736947,229.22557215911968,240.12341927573533,3305100
2020-09-04,229.5406036376953,233.4883033758926,225.63925526541377,232.69135116894472,2924700
2020-09-08,225.2315216064453,227.91891115490577,224.1565601310064,225.77826413373108,1849300
2020-09-09,232.73765563964844,234.98951454317975,227.82622118282455,227.82622118282455,1854800
2020-09-10,229.16070556640625,235.94406958723943,228.89197222553537,234.7486480997065,1095400
2020-09-11,231.82955932617188,232.9971812369172,230.47660262421692,231.57934958096283,1382400
2020-09-14,232.8303680419922,235.04515187288567,232.20948875736337,233.30297384786684,1524900
2020-09-15,232.3485107421875,235.62899463898069,232.329987160498,233.6180830948525,1401100
2020-09-16,230.5970458984375,233.42344721682343,230.22637634264208,231.95001664335143,1635000
2020-09-17,232.03341674804688,232.16315250747,227.87258237632307,228.845607642065,1506400
2020-09-18,228.05795288085935,232.2373112279709,227.2702623197203,231.041889770152,2460200
2020-09-21,220.9595184326172,222.97042996382152,217.6512350444129,221.7471948535192,2180300
2020-09-22,220.764892578125,221.1818993771042,218.8559174369162,220.40348480032463,2209100
2020-09-23,216.0572967529297,220.89460913687444,215.79782524989432,220.67221307149353,1753500
2020-09-24,217.308349609375,218.21649994701147,214.7136202188475,216.2982630197491,1391200
2020-09-25,215.68663024902344,216.5391815052859,211.7204067724328,212.3320242411004,2227300
2020-09-28,219.67141723632812,221.38578173961216,219.0690614864135,220.468369569034,1182300
2020-09-29,219.09686279296875,221.7471913499437,218.94860344205463,220.32935967458303,1178100
2020-09-30,220.67225646972656,222.42369652972812,218.62426941071516,218.73546746527427,2121000
2020-10-01,215.64031982421875,220.8946396978286,215.07503951294123,219.3378104642279,2480100
2020-10-02,215.1306304931641,217.75315943659828,212.34130448385423,212.46177845818968,2458600
2020-10-05,217.8550567626953,219.30068763585524,217.06738052546604,217.24343935016293,2728300
2020-10-06,215.0657501220703,220.37566833827464,214.787740897423,218.818839304468,1988400
2020-10-07,221.4320831298828,222.41437009581588,217.1785888271488,217.43806032229585,1791300
2020-10-08,220.3201141357422,222.7573085666941,219.70849654513884,221.35800036939193,1537800
2020-10-09,222.3495178222656,223.63761355835305,221.3116318018604,221.62670232374964,1849800
2020-10-12,222.64610290527344,225.02769837791897,222.3495700327294,224.01761162872663,1453300
2020-10-13,218.67984008789065,221.56184046274507,217.65121579615445,221.3394443824588,1668300
2020-10-14,217.64198303222656,219.2636873212353,216.9377051171643,219.1524892662621,1077000
2020-10-15,212.76760864257812,213.79623307279624,211.28490192041423,212.285726836854,2389200
2020-10-16,215.9924774169922,217.2434979453604,213.65721930117675,214.15763882463537,1836100
2020-10-19,213.0177764892578,217.23420992421163,212.61003148682536,216.7616041114672,1130000
2020-10-20,216.1407470703125,216.97476074105285,214.04642282222505,214.52830461472377,1415100
2020-10-21,213.9815673828125,218.33699892639757,213.80549436919736,215.43646044769164,1360300
2020-10-22,216.10365295410156,216.91914297246308,211.71116059552512,212.83244523063456,1466600
2020-10-23,217.09523010253903,219.56020975830967,216.62261011106065,219.06906618530783,1323700
2020-10-26,211.27560424804688,214.51901227932711,209.690961531104,214.1946658201444,1252300
2020-10-27,208.9403533935547,211.79455425198032,208.67160594362755,209.82996599298193,1566400
2020-10-28,201.0079040527344,204.3347106879898,200.29435031014108,201.8882548535214,2297200
2020-10-29,203.72311401367188,205.34481823248004,198.4409945290102,199.87736395083945,2239900
2020-10-30,204.1864471435547,204.70539020336565,201.35078389520345,203.0651624907784,2480600
2020-11-02,211.8223876953125,213.33289396649343,207.6244913351719,208.61604034339123,2182600
2020-11-03,216.9283905029297,218.1145500115906,214.85261843284147,215.58469573110224,1595900
2020-11-04,218.0404052734375,221.01507986561575,215.07500661060533,216.4835762780017,2347200
2020-11-05,231.44960021972656,234.78568282612036,230.1522426173164,231.48667565987392,2917800
2020-11-06,231.96856689453125,235.0637016870529,231.2364753931012,234.94322771184943,1725000
2020-11-09,238.7611541748047,250.00188398103137,238.3348856192963,248.95472203096404,3184300
2020-11-10,242.82937622070312,245.09974527123708,240.67017694555372,243.26492079223652,1935000
2020-11-11,240.58677673339844,243.57998968551863,238.05693614378887,243.34831764440253,1841200
2020-11-12,236.370361328125,240.68873164911332,235.52707168902097,238.21446176028897,1669700
2020-11-13,238.2144775390625,239.66010893605932,237.05611723504063,238.70562117675655,1196700
2020-11-16,236.73171997070312,240.08631182702385,234.27598831495064,239.43764720267092,1720900
2020-11-17,233.6550750732422,236.00885600206556,232.60791327279077,235.18410437714752,1947400
2020-11-18,231.95004272460935,235.74019379832333,231.85736825517128,234.53549639632212,1180100
2020-11-19,234.5169677734375,234.7208261495694,230.56926735850965,231.67202847647985,1205300
2020-11-20,233.59027099609375,235.8699157532769,232.96937753948276,234.82275369855623,1345600
2020-11-23,233.6550750732422,236.50001357388527,232.69132592619985,235.3323778275031,1231300
2020-11-24,237.38043212890625,238.87238642704577,234.15554729154667,234.8783770338186,1982100
2020-11-25,234.7671661376953,237.25068352483456,234.4891568722341,237.1394854747055,1172000
2020-11-27,238.5572967529297,240.13267774230465,238.3441766018521,239.2986641574546,1082000
2020-11-30,237.6213836669922,242.34747052424868,236.5834833420398,242.17139751643808,3384300
2020-12-01,239.9195098876953,242.09723227425508,238.57582929873857,241.6709637263346,1802900
2020-12-02,233.4671173095703,239.05731513818716,233.23458034013845,238.61083393796824,2060200
2020-12-03,229.0023956298828,235.07625989655688,228.59312830894856,234.9646466973674,2463800
2020-12-04,233.1136474609375,233.1136474609375,227.67229110471524,227.70949077348072,3030900
2020-12-07,232.33233642578125,236.87146262377135,231.8114558836375,235.72737051199465,1771300
2020-12-08,231.830078125,232.59279205695609,229.3558811934945,230.67668956770623,1397500
2020-12-09,233.59732055664065,234.23912481674165,231.1045312371559,233.44849350066056,1450300
2020-12-10,233.4206085205078,234.77863067527673,231.97887646252903,233.336898617298,1245900
2020-12-11,231.9788818359375,232.499776584813,230.14648932760477,230.98363095788525,1328900
2020-12-14,230.3045959472656,233.9414629795253,230.27669264930697,233.4112861253816,1814300
2020-12-15,234.0810546875,235.3181532602537,231.88590478725615,232.1277381635873,1365800
2020-12-16,232.6579132080078,234.49030582016465,232.06261908277975,234.21125859426024,1355000
2020-12-17,238.7038421630859,239.24331541472705,237.28071711856992,237.996920728786,1538600
2020-12-18,239.6711883544922,240.65714271969532,235.80175603256416,239.16890061071751,3525700
2020-12-21,236.41566467285156,237.2155923487379,230.21158054869085,232.53695004918268,1716200
2020-12-22,235.7552795410156,236.89935741878347,234.11821024685176,235.32740528651465,1162300
2020-12-23,237.28070068359375,239.7734898828156,237.09465977612945,238.2852477806725,1036700
2020-12-24,238.6945648193359,239.02943284539657,236.97379961006175,237.0017029134116,276400
2020-12-28,241.85704040527344,245.02884806751263,241.54079353385873,243.7266467187873,1257000
2020-12-29,241.2989959716797,244.8893534675823,240.5641711361556,244.7498369509291,881100
2020-12-30,243.48475646972656,244.09865736624772,242.2662652372825,242.76855295004623,924900
2020-12-31,245.103271484375,245.4008972260935,242.4058199837527,244.12659920060696,909300
2021-01-04,240.73158264160156,248.61924727903417,239.39216735626655,248.07974558545817,1741300
2021-01-05,244.50796508789065,244.8521152567056,239.56888218839643,239.56888218839643,1620000
2021-01-06,252.5350646972656,255.399906716764,243.1312864105428,243.14056858384353,2586600
2021-01-07,251.80963134765625,254.6372888075365,250.20977588315483,250.26558248423024,1757800
2021-01-08,251.51199340820312,253.3536965198244,249.214526896508,253.02813906868795,1879300
2021-01-11,248.8424530029297,250.29348137705716,245.7357625923819,245.78225863050585,1913200
2021-01-12,247.99598693847656,248.89823138549963,245.2520681254678,246.49846269599905,1785200
2021-01-13,249.02853393554688,249.77264098023497,247.61469081042964,248.02395820076737,1518800
2021-01-14,245.27069091796875,248.60991832149185,245.1311744164572,248.51689785853085,1903400
2021-01-15,240.0618896484375,243.61506175791453,238.95501127723463,243.61506175791453,1955300
2021-01-19,240.9454803466797,245.19623397749675,240.23855897543936,244.6939746319006,1643100
2021-01-20,239.4200439453125,242.4895487925007,239.31774131000233,239.44794724456608,1773300
2021-01-21,235.5134124755859,239.73627710560388,235.327385760211,239.1689005912354,1559800
2021-01-22,233.91357421875,236.77843126162531,233.64383759074295,233.64383759074295,1582000
2021-01-25,235.43902587890625,235.8389968459907,228.81637754218713,231.17894690281472,1990700
2021-01-26,237.9783172607422,239.66188248632173,236.49007512262196,236.7598117362802,1544600
2021-01-27,225.94219970703125,233.2438512339265,223.9795873316712,233.05782451728544,2681600
2021-01-28,232.10906982421875,233.65311853898808,228.88147009835257,229.71859741974723,2110400
2021-01-29,228.2582550048828,231.90444671989889,227.04907426922287,230.2952808735252,1647300
2021-02-01,232.9369201660156,233.6531379873128,228.76056538679853,230.90920465776023,1629200
2021-02-02,234.62982177734375,235.9227268677851,232.7695258663242,233.23459984407907,1526000
2021-02-03,232.6579132080078,235.783210913688,232.360259048928,234.8809662592582,2365700
2021-02-04,231.7742462158203,234.78793051225705,230.0348741897631,232.48116770118048,2712300
2021-02-05,239.39215087890625,241.5407901708524,234.5925986940503,237.234215217788,2806400
2021-02-08,239.3642578125,241.8198619002052,237.77371284733624,241.0199199434426,1770400
2021-02-09,237.76437377929688,240.04324722145213,237.14117646251609,239.87582743168815,1389500
2021-02-10,235.0669708251953,237.29002366662075,233.80196915436767,236.43428932943297,1585200
2021-02-11,235.42971801757812,237.39233050825055,234.20191606833643,236.397065516705,1204000
2021-02-12,235.02976989746097,235.98783531371697,233.37410773329148,234.42517942590152,1478200
2021-02-16,232.667236328125,236.75988213548723,232.3974996342621,234.9088965702768,2248900
2021-02-17,231.8672637939453,232.8067080489748,229.9697683521533,231.5045066862676,1653200
2021-02-18,232.47183227539065,233.69033781248433,229.26282521178948,230.5278267844267,2168500
2021-02-19,233.35546875,234.36932637680871,231.7463029464286,232.0997636281494,1962400
2021-02-22,233.53224182128903,234.39727256218563,231.81146251618011,232.6299972160716,2034700
2021-02-23,240.5734405517578,241.09432104874745,232.7322872195681,233.9321716363528,3013500
2021-02-24,236.8249359130859,241.2338416687722,236.71332271694405,239.9781364404585,2155900
2021-02-25,229.7465057373047,236.29473997982737,229.65348528048233,235.28088228793737,2104700
2021-02-26,227.20721435546875,230.87199907568825,227.12349026416172,229.54188029877312,2599300
2021-03-01,233.92288208007812,234.88093320628337,229.98834655365872,230.14646998106903,1517300
2021-03-02,236.26687622070312,239.03871314414255,235.3274318984689,235.47625897711927,1671200
2021-03-03,230.25808715820312,233.6624314597183,230.17437726380413,233.0578268833359,1782800
2021-03-04,229.2585601806641,233.22868848331805,226.50282691549717,231.20158938985048,2369400
2021-03-05,231.33233642578125,231.93952673068688,225.9516507919978,230.0618949805037,2136300
2021-03-08,236.974609375,239.79575400360895,231.50051689737785,232.12639421901076,2450500
2021-03-09,245.06434631347656,247.45576255582807,241.02882071403448,244.00875466979593,2812100
2021-03-10,248.1470184326172,249.42679627048264,246.5122598935778,246.72709562792144,2192800
2021-03-11,249.76307678222656,252.2198899006755,249.64163301470984,251.13627510089177,1567200
2021-03-12,250.81869506835935,250.8747416581313,247.93218166338457,248.8476568095427,1139100
2021-03-15,251.2857666015625,251.29511720241223,247.25959172958449,247.64259576134137,1680400
2021-03-16,252.9579162597656,253.82666695949257,250.44505614366233,250.44505614366233,1599500
2021-03-17,251.7995758056641,253.8827360573005,250.73466193597375,251.93037020625673,1670400
2021-03-18,250.25819396972656,252.67763338994232,248.99708871772543,249.9405871335364,1941900
2021-03-19,251.3978271484375,253.05128684017384,246.7270885985396,250.35158627452847,3845200
2021-03-22,252.55615234375,253.7612108296512,250.00594742986627,250.8373240385185,1347400
2021-03-23,250.23953247070312,254.52726771297495,249.38945449996208,252.3974117395341,1539600
2021-03-24,252.0050811767578,253.31291110774907,249.1185674440292,249.2306606363009,1482100
2021-03-25,255.37733459472656,256.0966181504608,251.01485174888853,252.1358405316788,1847900
2021-03-26,262.869140625,263.317541755787,256.3581304232179,256.89060142079177,2235600
2021-03-29,262.4955139160156,264.59734632281646,259.4782064647324,261.68280994665423,2449600
2021-03-30,260.8701477050781,262.31806552486256,260.34702716967655,261.8042955908567,1364100
2021-03-31,261.6922607421875,264.59744763077543,259.7492167421838,259.7492167421838,2218400
2021-04-01,262.3460693359375,262.8972131266602,258.9177628142013,260.748684552119,1594900
2021-04-05,266.60577392578125,268.0817434004216,263.9527976195367,263.9527976195367,1400000
2021-04-06,265.4007263183594,266.4376452338642,263.775318216569,265.7650576558941,1615800
2021-04-07,262.8224792480469,265.6903197270123,261.9817519615683,264.82154063998803,3015900
2021-04-08,263.6164855957031,265.4287343679513,263.35492538671497,264.4291895126333,2003800
2021-04-09,266.0452880859375,266.44699331509673,263.1774759407573,265.101818171877,1599000
2021-04-12,266.63385009765625,267.51195147622457,264.3825500532787,264.3825500532787,1479900
2021-04-13,267.4372253417969,268.83844727074785,266.39098419611616,266.66186657666816,1543600
2021-04-14,266.2787780761719,267.651976271513,265.4100275975482,266.08261505053,1325400
2021-04-15,269.0065002441406,269.7818302511148,267.736044614446,268.1003758822009,1449100
2021-04-16,270.865478515625,271.50072066315954,269.52030345061746,269.81923757793635,1304400
2021-04-19,269.4549560546875,271.0243175851697,268.12845357739656,270.89352320366464,1675600
2021-04-20,267.01678466796875,268.8944307344554,266.87666820955775,268.2405159179688,1603200
2021-04-21,272.74310302734375,273.22884956478265,268.5581111004366,268.7449520421805,1176400
2021-04-22,269.6884765625,272.5936624860569,269.19337937744666,271.5380709291873,930300
2021-04-23,272.3974914550781,273.1634994571928,268.89443736874205,269.38018393919356,1290600
2021-04-26,270.4544982910156,272.81789141237726,269.7538873438776,272.7992187166426,906300
2021-04-27,271.09906005859375,271.69692841159286,268.6983215686493,269.55772169117034,1199800
2021-04-28,268.23126220703125,271.42603230496013,268.05377181182035,269.4362925644943,1366300
2021-04-29,270.2862854003906,270.2862854003906,267.10083840136275,269.3708104142194,1290400
2021-04-30,267.01678466796875,269.62306482611905,266.60575738467884,269.3428034013706,1932700
2021-05-03,269.6884765625,270.51050266551215,268.2031564994121,268.4180207525213,974900
2021-05-04,264.36383056640625,267.0448302232493,263.3829867678296,265.55953862441066,2301700
2021-05-05,272.4067687988281,273.4903834391466,267.85747453395663,268.6515056980089,1763500
2021-05-06,276.8813781738281,276.9747986473011,272.3881299266595,275.55490437746005,2532800
2021-05-07,279.2447814941406,281.0944043114565,277.3764859845829,278.8431048014882,1883600
2021-05-10,281.1877746582031,283.85942307676265,281.1877746582031,282.20599210843244,1695700
2021-05-11,278.94586181640625,281.1224421621981,276.7879826717517,278.35737264707836,1634800
2021-05-12,274.62078857421875,278.1611883145144,273.97622429264953,275.51756250634276,1776000
2021-05-13,278.32940673828125,279.11408763376306,274.480693049107,275.181304045923,1569300
2021-05-14,281.3373107910156,281.963173864414,279.29152478968507,279.8426685811586,1210600
2021-05-17,281.0664367675781,283.2429889244357,279.3102340789895,282.2901682884267,1143000
2021-05-18,278.3759765625,281.9350765325479,278.1984862431184,281.4680027463692,1305900
2021-05-19,276.5731506347656,276.96547675291737,272.34146216998374,275.27467148714345,1882400
2021-05-20,278.49749755859375,281.010357505893,277.9183304643486,277.9183304643486,1272900
2021-05-21,278.9085388183594,282.1406824945054,278.6936745435319,280.0014758713427,1923500
2021-05-24,281.43072509765625,283.11220840764264,280.75813747524796,281.3186319119101,1058300
2021-05-25,281.4119873046875,282.7571622383298,280.4498163390333,282.4956020294507,1330300
2021-05-26,280.0295104980469,281.7296665469587,277.87163109286337,281.27194319068707,1411600
2021-05-27,280.97296142578125,281.84171199855547,280.0294630679505,280.935587533253,1710900
2021-05-28,280.8048400878906,283.03743855113703,280.244345694915,282.6637851251296,1430900
2021-06-01,282.35546875,285.5782609343177,281.43064322079186,285.0738417452111,1418200
2021-06-02,281.1181640625,283.4523693173472,280.5932024679019,283.3961254756589,1562800
2021-06-03,279.6557312011719,280.0213161253966,277.52773456579126,278.99951498770713,1608200
2021-06-04,281.0993347167969,282.861717654298,279.87129676511887,281.1930839682447,1362200
2021-06-07,273.33740234375,279.3463667127111,272.9249570858394,278.81205027503364,3591400
2021-06-08,274.1997375488281,275.86837070479544,273.1310479166798,275.1184341479602,1721800
2021-06-09,272.30621337890625,276.0653094387554,272.01561072762314,274.0217073722308,1720800
2021-06-10,272.1655578613281,274.77162665757635,272.04371531230544,273.87169684668027,1311000
2021-06-11,272.9998779296875,274.3685253005549,271.8093455340719,273.33734086705823,1437700
2021-06-14,272.70928955078125,273.30923322907825,269.92510573906316,272.7936552895299,1489400
2021-06-15,272.70928955078125,275.3434802908618,270.8719244876644,275.3247418850021,2011500
2021-06-16,271.4437561035156,276.52466788470184,271.2375191985615,276.2996639649537,2364000
2021-06-17,269.2689208984375,271.3500285206881,267.51592137048334,270.67507392405935,2397800
2021-06-18,264.3754577636719,267.693986293597,264.347335852751,266.3440773528902,3882300
2021-06-21,270.29071044921875,270.5719582072807,267.52529344860227,268.7345930092815,2282800
2021-06-22,272.1842956542969,273.2529568259602,271.24686052451335,272.6061242977496,2406900
2021-06-23,266.9441223144531,272.1843829373805,266.4941430088894,271.60317754785586,2685000
2021-06-24,267.2908935546875,269.73758560686383,267.0002909417834,269.3344953513196,3124300
2021-06-25,267.272216796875,268.9314959108899,265.29424165992685,267.3003673252921,23412000
2021-06-28,271.5655822753906,271.7249302252143,269.231377980595,270.8906278444769,1969300
2021-06-29,272.20306396484375,274.76227244930266,271.58435327821894,273.50611267036857,1181800
2021-06-30,271.01251220703125,271.7437104921671,269.9344674878022,270.16882627929766,1546800
2021-07-01,272.64373779296875,272.69998163439163,270.88135447302284,271.5656926880158,1434800
2021-07-02,273.506103515625,274.0591868514618,271.42499622418296,272.5124244907993,1066400
2021-07-06,270.4500732421875,273.6467309204323,269.4845160661036,273.21551870997587,1288100
2021-07-07,274.2278747558594,274.45285001381393,271.22807114464393,272.1186458877931,1228600
2021-07-08,269.03460693359375,269.94392051949217,266.8972551224861,269.0814958738891,1587100
2021-07-09,274.3966979980469,275.437266130701,271.93123840790764,272.6999422740836,1405800
2021-07-12,274.218505859375,276.2246307105019,273.47795272640667,274.05915791258394,1382800
2021-07-13,271.59375,274.24667925021686,270.75941887026926,273.67485746235997,1343000
2021-07-14,272.8780822753906,273.8436396465696,271.3875633397799,272.6062179840122,1106200
2021-07-15,273.7779235839844,275.13721599215205,270.9093743191998,271.1249947022524,1220900
2021-07-16,271.921875,274.8279302656077,271.05942190254797,274.4529332442987,1306300
2021-07-19,266.8597717285156,267.57220324249977,265.0598830122039,267.3847333107189,1718100
2021-07-20,272.20306396484375,273.2811087608895,266.8221948833307,267.41278365730227,1973600
2021-07-21,275.7934265136719,276.2808824819915,273.29046213053584,273.646692057029,1370200
2021-07-22,276.74969482421875,278.4651891108959,276.11224558389955,278.09960416151796,914600
2021-07-23,280.11505126953125,280.31190468034737,277.6495917514183,278.6057941061805,1102700
2021-07-26,279.7963562011719,281.2587531951482,278.277715369601,280.79003547635426,1398400
2021-07-27,280.152587890625,281.8212218350039,277.087155682418,279.0276539156071,1551300
2021-07-28,278.287109375,280.0213708998861,278.02462855992223,279.4026599911464,1063500
2021-07-29,280.7150573730469,281.774335402221,278.72767018508404,279.09328374310513,1295000
2021-07-30,288.1582336425781,289.4799921625361,283.1054439409421,283.48041231722647,2516600
2021-08-02,281.4367980957031,290.7830282241288,281.34304885365054,289.41438083656783,1927600
2021-08-03,283.9679260253906,284.23976167628064,281.2774625663345,281.87743491641504,1133000
2021-08-04,286.4989929199219,288.4676129166345,285.43033147546805,285.43033147546805,1476700
2021-08-05,285.7584228515625,289.65815758208674,285.37409950952485,288.1676387162609,1586500
2021-08-06,286.7333068847656,287.6801256139862,284.91468026473444,285.8896209062956,858900
2021-08-09,284.2866516113281,287.02394679552395,282.8617315789874,286.9583194554543,910300
2021-08-10,282.899169921875,285.6364930652518,282.12111135838495,283.0679013778247,1448400
2021-08-11,287.13641357421875,288.6363157373584,284.67098282945506,288.1207377788984,1803100
2021-08-12,287.4739074707031,289.3675164443989,285.7115245604048,288.73006731760086,784500
2021-08-13,290.04248046875,290.06124748431597,288.08324409521856,288.8613314265657,816500
2021-08-16,291.8704528808594,292.2079158181689,289.03002539216425,290.4830384971108,1262500
2021-08-17,292.0298767089844,292.7704587136995,288.52387733316453,292.0861205464808,1408500
2021-08-18,290.52056884765625,294.7015221543384,290.323715450665,292.8735405371974,1278800
2021-08-19,291.7017517089844,292.4235665831445,288.4957104302991,288.9644280751899,1402500
2021-08-20,294.214111328125,294.4672085917256,291.27993389578285,291.4205434866721,1165200
2021-08-23,293.25787353515625,294.6921484058114,293.2485186357306,293.3047624653049,988600
2021-08-24,292.9298095703125,294.64530367964113,292.38608104464083,294.1109586621469,689100
2021-08-25,293.2766418457031,293.94221290410854,290.5862070889149,291.1111685727635,801400
2021-08-26,291.84234619140625,294.27968354046953,291.74859694562434,293.92345357145024,880100
2021-08-27,294.8608703613281,295.28269902857016,292.79850151619553,293.6890763830145,1268900
2021-08-30,295.8076477050781,296.50136916398,294.9077179787935,295.8357696150167,747500
2021-08-31,294.9077453613281,295.7326929404573,293.8578224818012,295.4139683954761,1492900
2021-09-01,294.2422180175781,295.7514752287739,292.60170612283986,293.8766044919302,1050700
2021-09-02,296.8288879394531,296.9229548653483,295.163986596176,295.7565766536004,893000
2021-09-03,294.8160095214844,297.4026924973626,294.7313578868978,295.74723491233647,1150800
2021-09-07,296.89471435546875,298.2021497956482,294.2139650564388,297.49669096459786,1382700
2021-09-08,293.08526611328125,297.0640648878275,291.9189165125528,295.3991634101191,1521800
2021-09-09,294.1293029785156,296.7724196750807,293.64016650172994,294.3456253076856,1211200
2021-09-10,292.0035705566406,295.5308653027295,291.6931525440738,294.55262085569206,971100
2021-09-13,294.8818359375,296.82890949466014,292.6996094011234,295.8788822729622,1354000
2021-09-14,293.41448974609375,297.0264361373575,292.5208969244068,296.87593478290506,1128600
2021-09-15,295.85064697265625,296.3397548056469,293.05702860218355,294.86301600241876,1419000
2021-09-16,294.4866943359375,296.1798125956534,291.5143866655826,295.43672132546936,1232300
2021-09-17,290.9500427246094,292.7842184727818,287.8084028235384,290.9782599298061,6512400
2021-09-20,284.2623291015625,286.47277292299896,281.77912848262866,283.87667475780563,1885200
2021-09-21,286.8489074707031,287.92121848056576,285.0523358577287,287.3662610773728,1216200
2021-09-22,287.8836364746094,290.92182283027336,287.53561471200254,287.8930517779857,1334000
2021-09-23,291.9377136230469,293.3298295823312,290.22579305930486,290.5267957594524,1066900
2021-09-24,291.8342590332031,292.643171493569,289.5297483822772,289.91540270821815,926200
2021-09-27,290.8465881347656,293.74368876777663,290.15054453698855,292.0505701795349,1021600
2021-09-28,282.11767578125,287.51680675521584,280.51865302657126,287.3945226346713,2278000
2021-09-29,281.3746643066406,282.6632980477782,280.6033556408568,281.8731874774135,1197700
2021-09-30,275.9566955566406,282.6162144964137,275.88143053743744,281.51571476101617,2084800
2021-10-01,280.1612548828125,280.8102793780123,275.18540998801325,277.9884437311252,1597400
2021-10-04,277.15130615234375,280.2741447248972,274.6586902184558,278.87264210088443,1495200
2021-10-05,280.1424560546875,281.86379206947623,276.77507776434214,277.3206200876764,1359900
2021-10-06,278.4680480957031,278.6467665931645,273.03131428576313,276.389304531511,2050200
2021-10-07,281.3934631347656,284.4222346406492,279.78502480215093,279.85084582006334,1375800
2021-10-08,278.59979248046875,282.47510824132416,278.12948661230297,281.85430105072226,909400
2021-10-11,277.3299560546875,280.47159575457573,277.1982853405992,278.0071976412329,748800
2021-10-12,278.24237060546875,279.4463525454406,276.7373860042055,278.1577189892044,1063900
2021-10-13,283.1146545410156,284.1869654610989,280.1799511673773,281.0264958012828,1430000
2021-10-14,290.43267822265625,290.7807286807313,285.6073640822894,286.2751903839071,1126400
2021-10-15,289.93414306640625,291.15695550729833,288.3727241898522,290.1881265983439,1230500
2021-10-18,289.6802062988281,290.206946590601,287.61084893458263,289.0311818848235,1010600
2021-10-19,292.2292175292969,292.52080484138486,288.7395563811158,289.7460177255171,984800
2021-10-20,292.7371826171875,293.47085861551864,291.787155587931,292.67133290709825,745300
2021-10-21,292.82183837890625,293.09462382086315,290.09407007491427,292.69016766205306,856900
2021-10-22,295.4931640625,296.2832744572371,294.2703803169955,294.4490988389804,1214800
2021-10-25,297.87298583984375,298.90766472728365,295.3145201841736,296.35861437678983,1225400
2021-10-26,297.9576110839844,300.158639410418,297.87295946049034,298.96407267196275,1069800
2021-10-27,300.0269470214844,302.33145741377155,297.9482029807497,300.52547012732197,1536000
2021-10-28,299.0769958496094,299.5379152682049,296.8759671232192,297.65669119041485,1565000
2021-10-29,300.24322509765625,303.5541674953893,298.03278216364697,298.7758733425665,1890800
2021-11-01,303.7893981933594,305.05922988111456,301.4472839661894,302.3314613662444,1367700
2021-11-02,308.1162414550781,309.216741283462,306.6582758130663,307.7023699300732,2012300
2021-11-03,308.9064025878906,310.55247365302483,305.9810842254332,310.298518736848,1856300
2021-11-04,311.8128356933594,311.93511982959996,308.8404987320209,309.837545020326,1628200
2021-11-05,312.2737121582031,312.85688689978923,311.02271105498085,311.794019644586,1693200
2021-11-08,317.4847106933594,317.8327324785727,315.16139831874597,315.41535317966503,1448700
2021-11-09,318.510009765625,319.9585601872044,317.4847461981092,319.7892569276583,1813000
2021-11-10,316.6287841796875,318.5288386549906,315.58471871292835,317.616443932101,1540100
2021-11-11,315.7257385253906,317.71983081145885,315.7069366245532,317.5316969823161,924900
2021-11-12,317.00494384765625,317.7198179231695,315.6316588072359,317.7198179231695,1044100
2021-11-15,314.1737060546875,316.7321708880654,312.9979414934879,316.7321708880654,1274900
2021-11-16,313.1955261230469,315.4059696923914,313.1014591978246,314.1173360619127,1604300
2021-11-17,311.7939758300781,314.56876311466783,311.4083215894692,314.48411150651333,1304600
2021-11-18,311.3424987792969,312.0573729168387,309.62119185439735,311.77517216008584,1762900
2021-11-19,312.46185302734375,313.4494839886487,310.8439994956891,312.1138312353638,2067000
2021-11-22,310.1573181152344,314.5123552349142,310.1573181152344,313.007370650904,955500
2021-11-23,310.6370544433594,311.7751867113597,309.0286162640141,309.44248776241324,986800
2021-11-24,307.815185546875,308.80281637136585,305.54830785574944,305.99981181547787,1327400
2021-11-26,301.5319519042969,305.2003324300908,300.18688382903844,303.9869350889911,1319000
2021-11-29,301.6917724609375,303.48834416316765,299.6976803489889,302.40664650302836,1857200
2021-11-30,299.24627685546875,301.7294772884297,297.04521979883083,301.3344076691059,3243900
2021-12-01,299.38739013671875,306.4607817739629,299.3403423153871,302.5948803794151,2459500
2021-12-02,305.7765808105469,306.4277739811769,301.4353026067177,302.00156129436726,2183900
2021-12-03,302.6622009277344,308.60784513933123,300.3594367210766,306.89020434891853,2566700
2021-12-06,306.74859619140625,308.06984704220764,305.2668943653501,306.87128891346435,1672900
2021-12-07,312.0524597167969,313.8172762501353,311.4295782107177,312.06190647936194,1797500
2021-12-08,314.44964599609375,315.24239652627864,312.2318165836728,315.119703801171,1370100
2021-12-09,313.4398193359375,315.21408285359024,311.91094126680116,312.429994852853,1086500
2021-12-10,315.21405029296875,316.00680073577644,314.07211524094765,314.2419841641694,1116600
2021-12-13,315.3934326171875,316.62974915480584,312.7792420760236,314.9121084319227,1016800
2021-12-14,315.6860046386719,317.15825993469144,314.2892370599117,316.3371978043474,1631400
2021-12-15,322.1600646972656,322.2072697091396,315.7991677464149,317.28086941869674,1445100
2021-12-16,320.8861083984375,324.0004880056086,319.5365170209575,321.7260352714278,1449500
2021-12-17,315.0536193847656,319.92339710149656,314.3835616108928,319.1117818825953,2791400
2021-12-20,311.74114990234375,312.0714699034441,308.6173232427095,311.7788793644975,1621800
2021-12-21,314.1665344238281,315.2235351419482,311.0426796856957,311.81656549757275,1051900
2021-12-22,316.4880676269531,316.6673832805407,312.7979841890142,313.4586238391897,923400
2021-12-23,320.0932922363281,321.4806127885518,316.3654496745867,316.4881423929839,1151900
2021-12-27,324.1042175292969,324.52888981879755,321.50889237829745,322.60362236974686,1094400
2021-12-28,324.45343017578125,325.5481890629892,323.60405672223754,324.0664873000443,926400
2021-12-29,325.9729309082031,327.0110670399813,324.60450360818436,324.81213083454,802100
2021-12-30,324.9630126953125,326.74672273552306,324.42509445561393,325.84072637282037,925300
2021-12-31,326.94500732421875,327.45464304112346,324.3025050904799,324.38743957644493,817800
2022-01-03,319.5931396484375,327.0959730360324,319.3288606550801,326.9355508484778,1514700
2022-01-04,325.41607666015625,326.1899624760236,319.24391246224684,319.8951055510731,1919900
2022-01-05,326.9261169433594,332.3715719911459,326.84118246405836,328.1341219841605,1654900
2022-01-06,318.9985656738281,326.0672798321258,318.70600399311826,325.29339399232714,1649400
2022-01-07,317.3658752441406,319.1684504378639,314.55347546316557,319.0079994431808,1441000
2022-01-10,316.56365966796875,316.6769056336504,312.052512961284,314.6667321405803,1415600
2022-01-11,317.50738525390625,317.54514350603154,312.3828041702671,315.39338395261296,1571700
2022-01-12,322.09405517578125,322.6886252552007,318.21520831538726,319.28165575293536,1274400
2022-01-13,314.6572265625,320.81994298606713,314.0721033151057,319.25330688437333,1446200
2022-01-14,310.1460876464844,312.13739608471377,306.88070470171823,310.63682968407466,1850700
2022-01-18,303.0962829589844,305.5877805552294,300.5481335799725,304.6723372836254,2207400
2022-01-19,304.068359375,308.43794867928347,303.7569041643662,307.0600459432798,1442400
2022-01-20,303.5870361328125,309.17407720254965,303.1812284824411,305.6066852225672,1611700
2022-01-21,298.3397216796875,303.9078684726054,297.75459839244996,302.66213419701546,1921800
2022-01-24,298.3774719238281,298.96259519536386,287.02410470015633,296.15019598576583,2877700
2022-01-25,295.9519958496094,298.4340750079123,289.0720168839996,292.91310494417866,1941600
2022-01-26,291.5541687011719,299.86864633478535,288.5624820599286,299.2646582284882,2092900
2022-01-27,293.8380126953125,296.3955797034104,290.01578912562655,293.2528894271453,2151600
2022-01-28,297.22613525390625,297.25444674550346,288.2416000400292,290.0724578318329,1898400
2022-01-31,300.7557373046875,300.96336448826105,292.13925238804796,292.62057649567464,2381400
2022-02-01,303.33221435546875,303.96451390247245,298.1604280133028,302.41677110587807,1875800
2022-02-02,304.1627197265625,306.25785637735083,302.00151333246663,302.3129397206029,1730400
2022-02-03,294.2626647949219,301.54845126176593,293.488807932707,301.1237789839231,1556300
2022-02-04,281.2200012207031,287.28833628165887,280.7764354143178,284.45707253054496,3291600
2022-02-07,279.794921875,282.7866365702597,278.88892554124516,280.0214137581627,2533400
2022-02-08,281.9089660644531,282.78667984824307,278.332156390659,279.8421409109721,1993000
2022-02-09,287.0429992675781,287.81688506895426,284.7779936450391,285.74061311431313,1880800
2022-02-10,291.4786071777344,299.0286438017917,290.0063523401315,292.2713575671279,2497900
2022-02-11,278.1528625488281,291.7146144155011,277.00148054088123,289.71385884784837,2209700
2022-02-14,277.0014953613281,279.20987825516306,273.99091508441893,277.6715532408105,1774400
2022-02-15,284.9195861816406,285.59909083218844,282.10721513443633,283.66440489161715,1697600
2022-02-16,286.740966796875,288.0999758166792,282.2864436322073,284.3627154127711,1805400
2022-02-17,282.1543884277344,285.627399360651,281.2389450719323,284.9856529754384,2055900
2022-02-18,285.8255615234375,288.090596057541,281.83349719935654,282.94712093792083,2871400
2022-02-22,277.076904296875,278.4736714467516,273.44344339564435,274.82134582227684,3590700
2022-02-23,274.7176513671875,280.4084931111015,274.3023968451508,279.2099345777018,3391600
2022-02-24,269.2060852050781,269.81952012981,261.18416855567176,261.18416855567176,4444500
2022-02-25,280.7575988769531,280.9086030971286,271.42387912616874,271.4993668357014,2888900
2022-02-28,276.74658203125,278.14334916900515,271.7635590331532,271.7635590331532,3233300
2022-03-01,266.6673278808594,276.6428220526627,264.7703717021897,275.5763746248755,3439200
2022-03-02,273.8776550292969,275.60471364426917,266.55410855026497,268.13960970517576,2964500
2022-03-03,271.2445983886719,275.4348724352211,269.60247408433446,274.23628528338116,3092200
2022-03-04,265.6009521484375,265.7047801708788,260.8255543429181,262.7036175016838,3849600
2022-03-07,255.7481231689453,265.4027458636371,254.69112232204557,265.04411440462906,3732000
2022-03-08,256.17279052734375,262.9111844363919,252.46384128827856,258.1169229997799,3117300
2022-03-09,276.3030700683594,279.6345232112966,266.08221871403435,268.3283596457406,4117600
2022-03-10,268.60906982421875,273.06249744122186,265.4632251628433,265.8232955528005,2525900
2022-03-11,266.03167724609375,274.31317810195367,265.6242125523875,273.2235115024978,2007300
2022-03-14,270.39044189453125,277.28857211472325,269.6703299823551,273.51734634874026,2541100
2022-03-15,278.67193603515625,279.1267374078517,272.26654681411617,274.94810521286627,3413500
2022-03-16,288.5548095703125,292.13651525549363,282.91692612295714,287.1808628394429,3535700
2022-03-17,293.140869140625,293.8231000839952,286.2901635391451,287.00081956696124,2265300
2022-03-18,295.3106994628906,296.17296544124395,288.7252764313258,288.7252764313258,3242700
2022-03-21,294.4011535644531,296.0688069294914,292.1460001835059,295.18760028063537,1556300
2022-03-22,295.756103515625,296.9594706905695,293.3682806671757,295.5381585823664,1721900
2022-03-23,291.179443359375,294.4200474782407,290.84782702240557,291.5963638639464,1854000
2022-03-24,301.3560485839844,301.4413238325225,293.4535574694533,293.4535574694533,2115900
2022-03-25,302.0193786621094,304.1039815992183,299.18623873471057,303.8197307062819,1813500
2022-03-28,305.7148132324219,305.7716634109091,302.30365793982406,302.61633392150384,1722500
2022-03-29,309.22064208984375,311.74110556226213,303.9144047224718,310.53773845231075,2514200
2022-03-30,308.5384521484375,309.4102030335353,305.5442176010789,307.571970248659,1526700
2022-03-31,302.6731262207031,307.83723814026683,302.4741506340473,306.5580515355736,2311300
2022-04-01,305.800048828125,305.96111467405257,303.56383606993523,304.0565761084641,1477700
2022-04-04,304.5777587890625,305.0894393238125,302.43630562820107,303.5638823884181,1301800
2022-04-05,304.8904113769531,307.9888905208584,303.84813888308537,303.99972007309907,1376900
2022-04-06,298.52294921875,300.2948761802954,295.7561441281845,299.4420656649324,2257600
2022-04-07,301.3655090332031,302.73945553107495,297.8690792052856,300.16214195173376,1471400
2022-04-08,301.14764404296875,304.5966800385027,300.4938380999042,300.84442382541124,1357200
2022-04-11,300.51275634765625,302.66369388329315,300.1432302295677,301.1760469100412,1235700
2022-04-12,297.5279541015625,300.94856415247654,296.4761971883998,298.3902201137037,1827900
2022-04-13,302.5025939941406,302.67314450729265,297.082655992849,297.52800161052517,1208900
2022-04-14,301.8109130859375,303.87657556625385,300.01058998994796,302.2278336660621,1785300
2022-04-18,300.88232421875,303.11850819113874,299.12936672909274,301.78247125848117,915800
2022-04-19,301.4603576660156,302.417383946175,298.0586867535456,298.56088265055814,1944600
2022-04-20,309.2491149902344,310.67042724143806,303.13748966006153,303.13748966006153,1957100
2022-04-21,307.35400390625,314.8774850485485,306.6054380923431,313.81624329128095,1475000
2022-04-22,293.4725341796875,305.73372265251317,292.8187282767056,305.73372265251317,2339100
2022-04-25,297.51849365234375,297.68907306881107,290.440358743948,294.96960515532214,2293300
2022-04-26,287.6072082519531,297.101561622385,287.6072082519531,295.2917831947369,2500300
2022-04-27,290.93316650390625,293.7947315837093,287.55043621999556,288.40321783428504,2610900
2022-04-28,298.6555480957031,299.9157653158662,287.12395761872483,289.473870479755,3304900
2022-04-29,295.5950012207031,302.1709407204148,294.6569445065277,297.08264812937983,2534900
2022-05-02,296.8553161621094,299.0915004596229,290.80051145399676,298.058683584923,2195400
2022-05-03,297.5374755859375,300.0768795238436,295.55711758771963,297.6416912568958,1771900
2022-05-04,305.3357238769531,305.96110465537555,295.7655791086741,298.29549839032103,1730100
2022-05-05,296.2109069824219,302.9100317065539,293.1977322316816,302.1520101434754,1769500
2022-05-06,292.46820068359375,293.5673524357427,287.8536776084858,289.4550252639146,2273000
2022-05-09,284.5182800292969,289.56869249279504,284.0919036979545,287.78730981961644,2027000
2022-05-10,283.67498779296875,290.5636043040001,282.4526511229671,290.1372279656316,2524900
2022-05-11,284.6888732910156,290.63943313161576,281.7988541827846,282.44317550363354,1759200
2022-05-12,285.5321350097656,286.4701917851528,280.7754873751381,280.95552256267075,2455200
2022-05-13,292.57232666015625,294.8559047401866,286.7165281686261,287.3798186676667,1845400
2022-05-16,293.20721435546875,295.28233234348,288.93379337026414,291.2268562911875,1598800
2022-05-17,302.0477600097656,302.1709450177563,298.40920452374144,300.2948315627241,1396600
2022-05-18,293.80419921875,299.69790849285425,292.70504761109225,298.11550146789165,1737200
2022-05-19,294.4011535644531,297.62278885866135,291.79541445761726,292.2881256241808,1957800
2022-05-20,298.64605712890625,300.1337038956341,291.20785221193233,298.95876194823904,2372000
2022-05-23,303.6112060546875,306.5580457146055,302.0098588916881,303.1374353891058,1981100
2022-05-24,303.67755126953125,304.7672470747178,299.1293638580417,304.160806664295,1707700
2022-05-25,299.2809753417969,303.2511763648027,296.85527152225205,302.03832445503025,2260100
2022-05-26,303.5259704589844,304.8714921765418,300.5412203748563,300.89180611992236,2651600
2022-05-27,312.3381042480469,312.50865477530255,306.39700063193317,306.91816579855384,1879000
2022-05-31,307.6476745605469,310.65139293361597,305.9610523555312,307.42975858789276,2510400
2022-06-01,302.84375,308.07419801957036,301.128702056387,306.55812571075757,1853800
2022-06-02,316.86181640625,317.07104261411365,307.1138312644035,307.6939703501277,2282400
2022-06-03,315.6445007324219,317.22320225931594,313.6663858327341,314.1133677651855,1332800
2022-06-06,319.07769775390625,321.4362159364075,317.03297533077205,319.9050830210202,1728400
2022-06-07,319.3154602050781,319.66733403663073,314.97879807556245,315.30214238085176,1726100
2022-06-08,312.5061340332031,317.403896215161,311.2602963429259,314.72200464343865,1917000
2022-06-09,303.08148193359375,310.6040763471196,302.9863738416432,308.3691667893984,1666100
2022-06-10,295.66351318359375,297.94596226082183,292.78188603330926,297.14710653493773,2007900
2022-06-13,286.5716857910156,289.5864408185513,285.0690825463407,287.80803283715755,2039600
2022-06-14,281.1413879394531,285.4114715169404,278.8589387606134,284.60312526197754,2420300
2022-06-15,285.2973327636719,288.0077536649091,279.65777428244814,284.92644894762384,1979500
2022-06-16,275.5303955078125,277.3278139562629,273.7329480364422,275.6445136286132,2986900
2022-06-17,276.4433288574219,278.18371701253875,269.77667808206917,271.0795748078722,5565600
2022-06-21,284.1466064453125,285.88696549369,278.4975283848724,279.0206083670104,3779400
2022-06-22,283.78521728515625,286.16277444911185,278.9730439071433,279.21079962353883,2768900
2022-06-23,282.29205322265625,285.1071012907256,278.6496490781651,282.41569081642467,2812400
2022-06-24,288.3786926269531,289.70059940367884,282.8912717630305,282.93884032313446,23958800
2022-06-27,281.7500305175781,286.06765323272344,281.01772437001387,284.94545326832423,2714300
2022-06-28,279.0301208496094,284.35585504295705,277.87939123488223,281.74054199490314,2535500
2022-06-29,277.1375732421875,278.0220175305101,274.50325038604194,276.87128800410386,1951200
2022-06-30,273.44757080078125,275.4066753486353,268.6639275177533,270.20457973277337,2926900
2022-07-01,271.4599914550781,272.11619960826636,267.1708686903381,269.6340146325289,3307600
2022-07-05,257.3753356933594,260.07623728462613,253.7614312087424,258.84940959994145,4332700
2022-07-06,260.8561096191406,261.98782932322047,256.34824081477626,256.4052998735602,3484100
2022-07-07,260.4660949707031,262.7295335817205,260.19029026843486,261.3600586073723,2338000
2022-07-08,260.27593994140625,262.84371337697064,258.64969891110377,261.3030609247982,1711900
2022-07-11,263.2145690917969,264.5460242259995,257.4894223017931,257.670118955066,2251700
2022-07-12,260.142822265625,264.0515126049772,259.73386034537333,261.4932585830836,2146600
2022-07-13,261.2745361328125,262.35868716501943,256.110459642072,256.9093444315922,2423300
2022-07-14,255.83468627929688,255.9392848700215,252.13519317094767,254.7029666769891,2473800
2022-07-15,263.4143371582031,263.4143371582031,259.87653075733766,261.7785765852671,2370100
2022-07-18,263.5569152832031,266.8474455712975,262.7390207009793,266.05810953096034,2244100
2022-07-19,271.7547912597656,272.3919893671854,266.5717048916643,267.066255369935,2097500
2022-07-20,269.2726745605469,271.80237027938233,268.12191579810656,270.4709438423848,1997000
2022-07-21,272.9720764160156,273.1717830800092,268.2740214055088,268.66394424096205,1544800
2022-07-22,271.5550231933594,274.56025833406017,270.61349100798003,273.11468529101666,1203700
2022-07-25,273.9801940917969,274.1418807609662,270.63260380603185,272.8675135097446,1460700
2022-07-26,272.5821533203125,273.5617056542774,270.42334198857986,270.59451912898237,1448500
2022-07-27,276.2245788574219,276.490864075674,271.1460916574015,272.17321251559673,3179200
2022-07-28,282.3871765136719,282.7580893149647,272.4109572127957,272.4109572127957,1941300
2022-07-29,287.2088928222656,288.302563265185,284.1180686445426,284.47946196129635,1711400
2022-08-01,285.3734130859375,287.4846848223443,283.870780837938,285.7157673563706,1247900
2022-08-02,283.0624694824219,285.8964991457052,281.33160084139604,283.8137566758488,1428100
2022-08-03,285.3638916015625,286.571680077805,281.3030347997511,285.1927144675272,1297100
2022-08-04,287.4371337890625,289.2250613713987,286.6573171179082,286.6573171179082,1451100
2022-08-05,287.18035888671875,287.2754669722318,284.73622330130604,285.4114413694969,1113100
2022-08-08,286.2388610839844,290.8798281031768,285.96305633757936,290.6896409514151,1081700
2022-08-09,285.9440612792969,287.91265657783345,285.0881174714206,285.9250222470859,884200
2022-08-10,294.2464599609375,296.0343875381498,291.42192097415284,292.9340438022215,1246500
2022-08-11,290.889404296875,294.86467352508896,290.64212902619977,294.09434720651365,1165400
2022-08-12,296.29119873046875,296.3102377647955,290.6040998670654,290.9940227728271,1149000
2022-08-15,296.9188537597656,297.1280799602869,293.1052716371005,294.664934113146,1263500
2022-08-16,296.9949035644531,298.12662296198897,294.1037862698558,294.14183530637854,938400
2022-08-17,294.30352783203125,294.9692554470489,291.96401970931083,293.3525049665286,912200
2022-08-18,294.978759765625,295.8632040194761,293.02914557804064,294.37009123206315,1113600
2022-08-19,288.8731994628906,293.41908766306904,288.37867801411716,293.39055813761894,1154000
2022-08-22,281.3030700683594,282.95784061732576,280.02870287257986,281.89269961923634,1966500
2022-08-23,279.7719421386719,282.0163715343692,277.8984256479053,279.07771391598453,1461600
2022-08-24,278.77337646484375,280.52325530103377,277.69871583182754,279.8004685341375,1439300
2022-08-25,282.5679016113281,282.96734397425854,278.57362309659305,279.94306928527806,1332400
2022-08-26,272.2303161621094,282.6630389590028,272.02108995471,282.4252832243634,1782500
2022-08-29,273.4285583496094,274.68388631397795,271.7166999970708,272.32536848408296,1456100
2022-08-30,270.7086486816406,275.82515626272436,268.80660297999844,275.32111531270573,1674300
2022-08-31,269.0063781738281,271.75484884379307,268.4833270818101,270.9750029419772,2947800
2022-09-01,266.5711669921875,267.0104463951819,260.99409923968807,265.32012559814916,3096300
2022-09-02,265.2055358886719,272.9408227904104,264.0500267527443,270.31464711746264,2400600
2022-09-06,264.4702453613281,266.5998458073216,261.4525269512274,263.9163446582428,2738500
2022-09-07,272.95989990234375,273.22729115714594,264.8617481034995,265.1100212478766,1313700
2022-09-08,271.1263732910156,271.31735039462825,266.92449814653787,267.0677382601127,1510300
2022-09-09,274.1059265136719,275.0895476365783,272.2437173195302,273.4660817163796,1679400
2022-09-12,281.24908447265625,281.8889000098046,277.65837696145195,279.7211219693697,1752700
2022-09-13,272.7210998535156,278.45093624282794,272.10993245991887,275.63378417082237,1752500
2022-09-14,273.6666259765625,274.5165368117512,270.5056676044389,272.74983089192216,1325300
2022-09-15,270.1618957519531,274.71713628620313,269.9231524667104,272.1196081770238,1382600
2022-09-16,270.60113525390625,271.1263878899119,265.97906943175775,267.7171272859498,3278300
2022-09-19,272.30096435546875,272.46329341481373,267.50698213894947,267.8889654389198,1144000
2022-09-20,268.8534851074219,270.00899400899004,266.4756122153754,267.9176012930493,1589700
2022-09-21,264.0787048339844,270.92587464556624,263.9259056438601,269.1973757010174,1428600
2022-09-22,261.72943115234375,264.96677414674036,260.9940833634416,264.14551143703596,1537400
2022-09-23,257.03094482421875,258.3965490481933,253.89863494354603,257.6707894769432,1947200
2022-09-26,252.3515625,257.4320247924429,251.12919848125387,254.2519490468468,2174000
2022-09-27,253.25885009765625,257.04053500016937,250.65176332794795,255.96141085215683,1947400
2022-09-28,259.2274169921875,260.6025803613587,253.0200928637063,254.44299322263512,1880200
2022-09-29,257.4702453613281,258.31062622779143,253.2779292279667,256.3052063296408,1463900
2022-09-30,257.451171875,261.79631658368874,257.23151758968265,257.9668654637873,2625100
2022-10-03,263.40069580078125,264.84268541001495,259.06510962893316,260.25882604183994,3081000
2022-10-04,273.5615234375,274.2395751665646,270.12361523587083,270.8398448968994,2425100
2022-10-05,271.0118408203125,273.42792174566284,268.65305595299674,270.6585054146101,1861400
2022-10-06,266.26556396484375,269.5411141772436,264.8426344568591,267.77440839734527,2182300
2022-10-07,260.89862060546875,264.5275061442874,259.62849026645915,264.03093070382147,1587900
2022-10-10,259.59027099609375,262.426541679336,258.0050416258214,261.5670718966632,1207900
2022-10-11,258.79766845703125,262.66529723230707,256.8304265190562,258.12917573721154,1092900
2022-10-12,259.3611145019531,261.4907147912292,257.8236219553073,258.87406894430006,1437300
2022-10-13,269.7416687011719,270.2764512562003,254.23291631841988,254.9587051331571,2124500
2022-10-14,262.9422607421875,274.640679921866,262.5889253972656,272.82623706146563,1640000
2022-10-17,268.2710876464844,270.9259120111775,267.94637110802,268.586215983445,1508200
2022-10-18,271.8425598144531,275.82478005648244,270.0472062936471,275.19452365688255,1692800
2022-10-19,271.1263732910156,273.2177663795931,269.1304833259752,271.2123173591605,1186500
2022-10-20,269.5220947265625,275.2328157683425,268.82495380408955,271.6039292926731,1345100
2022-10-21,275.33782958984375,275.7293720273484,266.9531675952475,267.8317264579952,1610500
2022-10-24,265.5970764160156,281.6024326385276,264.1837350793484,280.122207056404,4454300
2022-10-25,275.2041320800781,275.26142813275135,265.57801636593075,265.8072005766236,2999600
2022-10-26,281.56427001953125,283.2450320295726,277.16185794370864,278.5751995035464,2597200
2022-10-27,280.05535888671875,283.3499978692537,279.03353090057436,280.7620294990064,2338500
2022-10-28,288.2108459472656,289.3568252293217,281.4019127911908,282.7197510790524,2249300
2022-10-31,283.9612121582031,289.1276193084962,283.74155788833,287.14125925462696,2016100
2022-11-01,284.7442932128906,290.3308615749508,283.1112685086793,290.3308615749508,1891500
2022-11-02,281.0867004394531,288.72648311083094,280.6474210960172,288.72648311083094,2587800
2022-11-03,284.1999816894531,284.7920603095421,276.88488472754176,276.9326217220144,2396100
2022-11-04,295.01983642578125,296.0798717344525,289.3855008950104,292.3554824272289,2948000
2022-11-07,299.37451171875,299.81382033380623,295.48779329981824,297.0825820773895,1575900
2022-11-08,300.5395202636719,304.16843485505353,299.5654583744201,300.5299903520007,1520000
2022-11-09,300.28167724609375,304.51220014567104,299.2216421857727,301.48495241092854,1165500
2022-11-10,313.5844421386719,315.2652037451492,309.9269088057804,315.1410526069263,2683400
2022-11-11,315.3511657714844,319.209264613645,314.6540250328448,318.16834760507555,2133700
2022-11-14,317.1274108886719,322.809511714586,316.99372982754215,318.0059988437359,1908500
2022-11-15,317.5858154296875,323.97458706842394,315.09334991302694,323.7549327889343,1865500
2022-11-16,318.7030944824219,321.0141124210902,318.30199306889455,320.718073173934,1418500
2022-11-17,315.4657287597656,316.4302606671931,313.2310957809822,314.86409119942806,1520600
2022-11-18,319.8299560546875,320.58439275542014,316.0864497138289,319.1137264275695,1257400
2022-11-21,319.31427001953125,320.79449543621587,317.66218562621316,317.66218562621316,1065700
2022-11-22,324.46160888671875,324.94862525875817,319.1996987673687,321.01414148813956,1010400
2022-11-23,327.4220275878906,328.03322429450685,325.0250651842542,325.3974894982847,954500
2022-11-25,328.91180419921875,329.06457422865907,327.0782432678493,327.80403205327127,458500
2022-11-28,322.494384765625,329.3988207112997,321.634885774819,329.18872549141906,2881100
2022-11-29,317.0223693847656,320.39342271134024,316.1056035186967,319.6867520586893,1888300
2022-11-30,321.329345703125,321.9023062243221,313.61314705840056,317.16564800714764,3115200
2022-12-01,323.1980285644531,324.03174942845686,319.02939499928004,323.22677655130997,1420000
2022-12-02,323.2842102050781,324.83665968639025,319.7097218874424,320.3997026841532,1200800
2022-12-05,320.32305908203125,322.27798035016934,318.71308435306804,321.195120197051,2145000
2022-12-06,317.67816162109375,321.65512219959726,315.75195888448985,320.9555781473143,1242100
2022-12-07,317.58233642578125,320.0068474043012,315.8382139484647,318.22441377561665,1849300
2022-12-08,320.67767333984375,321.21432191153633,317.11277683065526,317.4769374854082,966900
2022-12-09,318.35858154296875,321.8372343084215,318.32983355503757,320.76393709878266,1262900
2022-12-12,322.0384521484375,322.76677346202246,319.7097775212486,322.0097041621199,1246900
2022-12-13,328.1716003417969,333.10686586527424,326.26455326455215,331.6214753808267,1969400
2022-12-14,327.74993896484375,331.05607403651305,325.8237363415527,328.74655521949745,1824800
2022-12-15,317.00732421875,322.7571549790307,314.89907048707136,322.3738387773757,1882800
2022-12-16,315.88616943359375,316.1832417263687,310.5100616851668,313.90247051462126,3857600
2022-12-19,313.4137268066406,316.71989168568825,312.5991907233922,315.2824337809121,1254700
2022-12-20,315.2153015136719,317.1223486219107,312.7332947196845,314.3528327398972,1312900
2022-12-21,314.9661865234375,316.5473842723368,312.4649947155952,312.4649947155952,1723800
2022-12-22,313.9982604980469,314.17074840156283,309.58045866810096,312.7236983056034,1202200
2022-12-23,315.5986022949219,315.86692655020795,312.004958208867,312.5799471116659,636600
2022-12-27,315.2344970703125,318.2435600937765,314.6020121492946,316.8731907208141,682800
2022-12-28,312.3212585449219,316.68153560882365,312.0050014442402,315.12908582774486,908900
2022-12-29,316.0010681152344,317.10311299655376,314.6977873761447,315.6464999507805,872300
2022-12-30,312.5799560546875,313.317869711699,309.73378868729617,312.5608004806013,1238000
2023-01-03,305.07647705078125,308.574285305367,301.3390924877286,304.4248365105885,2374200
2023-01-04,303.5622863769531,306.89719854750314,301.93318530568,305.4309929607824,2088900
2023-01-05,292.752685546875,295.1197008788999,289.5711340814679,292.5418572047253,3133700
2023-01-06,302.97772216796875,303.9168716267808,294.74588545953185,294.9854617173274,2538900
2023-01-09,308.4976806640625,311.51633676072527,306.7727134337129,308.83306415079005,2471300
2023-01-10,308.6030578613281,309.76259909797886,306.0539622268811,308.9480629804678,1613400
2023-01-11,315.8765869140625,315.9628308812634,311.4108807263332,312.48417797837584,1928000
2023-01-12,315.19610595703125,315.876494328962,312.24451013388574,314.5252807485487,1277500
2023-01-13,320.1793518066406,320.76393321436984,316.24073128198495,316.24073128198495,1882800
2023-01-17,316.24066162109375,322.28756405369126,316.0681737335907,321.5017469059789,1714700
2023-01-18,310.8166809082031,320.02600837212066,310.66334857869856,319.59475936756706,2945700
2023-01-19,311.00836181640625,311.9379189824499,308.0567655747791,310.490868846353,2703600
2023-01-20,314.9182434082031,315.11947930725535,309.35049265491796,310.9891863232208,1792700
2023-01-23,312.87701416015625,314.8703050907763,310.7495757266935,312.2637141204539,1931100
2023-01-24,314.9278259277344,315.13865423040926,310.2416997094776,311.98582210022875,1625900
2023-01-25,312.7524719238281,313.6149700024042,310.48129327259323,311.1904590093148,1887200
2023-01-26,315.7711181640625,315.7902737375234,311.180828614676,312.7907741399006,1587100
2023-01-27,311.1617126464844,313.9407918998571,310.5771312622918,310.74005601547293,1819800
2023-01-30,311.4779052734375,314.8415655306206,310.6633400899559,310.87416838161994,2163800
2023-01-31,317.1414794921875,317.4481441307999,312.8386991231468,313.1357713526933,2330300
2023-02-01,317.275634765625,319.83432221118056,312.40745780028425,316.94025138189835,1879500
2023-02-02,318.2052001953125,320.5626518232945,313.4711706105468,317.8985647863137,2524000
2023-02-03,310.1075439453125,315.17698623942255,309.9542116160692,311.61209000868274,2663000
2023-02-06,309.3984069824219,310.21297226237346,306.5043357678765,308.9384391971535,2322900
2023-02-07,323.0638427734375,323.3513518791314,305.5843653689045,305.60352094455595,5990100
2023-02-08,320.3134460449219,332.2156070051666,319.5468137434718,326.39868864005535,3429500
2023-02-09,318.7035217285156,323.89751879118876,317.31396768950793,322.2013293584235,2655700
2023-02-10,318.1956787109375,318.76107529068935,314.5061977037604,317.3715210005983,2515900
2023-02-13,320.1314392089844,321.9426501110746,318.28191715463464,319.1731339897166,1782700
2023-02-14,320.0739440917969,321.3005736059353,316.60488386799074,319.4893919441537,2175000
2023-02-15,318.66522216796875,318.8377100825238,315.45489394747824,318.1573215894544,2493000
2023-02-16,310.0117492675781,314.09413900278173,309.88716490549456,312.09128453393384,3209100
2023-02-17,308.1142883300781,309.8967512729297,305.9197904005683,307.50098818775353,3231600
2023-02-21,311.0274658203125,314.6786054997089,308.6987917089143,309.47501641271367,3245700
2023-02-22,316.2694091796875,318.0326869327096,311.4970395824388,314.18987438818357,3595100
2023-02-23,318.05194091796875,320.39977121460925,312.8004176616885,317.8986085697757,3836400
2023-02-24,333.1643981933594,333.69145436930137,309.15883474845634,309.61883178493355,14737800
2023-02-27,330.1169738769531,333.7968622023554,329.84864960047025,331.8131634913108,3708600
2023-02-28,333.84478759765625,336.50887496167826,329.84867117420055,330.10740305750375,3274400
2023-03-01,335.4547119140625,341.32912726531185,334.4964067473374,335.50264471949043,3474000
2023-03-02,337.0838317871094,339.6041789755024,334.9755487886033,335.7805508390524,2266600
2023-03-03,347.2705993652344,347.61557515615925,338.5979208492487,340.21745877310747,2940200
2023-03-06,343.12115478515625,345.6415020641597,341.5208015268408,344.9898615667037,3846400
2023-03-07,339.37420654296875,342.2299372293176,335.84762129519356,341.15664011940237,2218100
2023-03-08,340.1025085449219,340.88832582524947,335.7901351586926,338.2817345197669,2222800
2023-03-09,331.4969482421875,338.56921606485236,329.8582252907585,337.40967495943056,2489100
2023-03-10,327.2995300292969,332.9056206788418,325.92913151841213,331.75564286785544,1534100
2023-03-13,322.0716857910156,327.65070126098584,321.3598920096585,325.83270338623277,2228900
2023-03-14,329.3916931152344,333.1911943400438,326.33287065260794,327.94884900779863,2580100
2023-03-15,318.32025146484375,320.0131978993581,311.7601133858383,316.55999461670854,3395300
2023-03-16,325.3998107910156,326.65989222095976,315.61731541268284,316.05018036087176,1750100
2023-03-17,317.8970031738281,324.07238847843337,317.33911640372185,323.0046686421232,5702300
2023-03-20,325.9000244140625,326.602219154422,319.3014310736529,319.76312242754176,2305000
2023-03-21,328.29510498046875,331.03651455097304,326.1019831950128,330.19966969734,1792600
2023-03-22,326.22705078125,331.4886235311067,325.78458680225754,328.04504846896725,1434200
2023-03-23,328.3239440917969,332.9314340855575,326.6117704103509,327.0927184035069,2082100
2023-03-24,331.6136474609375,332.2869864057984,325.0727663740159,326.5733217922477,1793800
2023-03-27,333.87408447265625,336.65394845670767,331.9214369013502,334.57624971725767,1475900
2023-03-28,334.1337890625,334.7590155545767,331.43086381073044,333.65284109094335,1396600
2023-03-29,336.40386962890625,339.4049801932673,335.10530426997553,338.2122092949371,1132600
2023-03-30,338.1449279785156,338.2988348610472,335.14381715599063,337.09646486133454,1120700
2023-03-31,341.89630126953125,342.07906384972136,336.7116679715581,337.01948172290304,1513500
2023-04-03,344.45501708984375,345.31108939863964,339.9822058645399,339.9822058645399,1878500
2023-04-04,344.1663818359375,347.6580690611681,342.9255571141221,343.64697912413715,2299100
2023-04-05,342.05987548828125,342.9448328615317,339.8282987319912,341.2422872453459,2199800
2023-04-06,342.9928283691406,343.59882748512985,338.59698639954826,338.82783202288385,1627700
2023-04-10,344.89739990234375,345.0705341233977,341.15564002525224,341.60773228338246,1311500
2023-04-11,344.5992736816406,347.1098083821798,343.43538763396185,345.5323140616116,975100
2023-04-12,345.6573486328125,349.02398478048616,344.3107000446906,346.94628580678193,1613700
2023-04-13,348.1679382324219,350.2648942453767,343.60855966544295,344.59931157127676,1667600
2023-04-14,345.96514892578125,348.8700642922638,344.04135691638544,347.21560198999396,1078300
2023-04-17,348.5430603027344,348.5911433661969,345.8112788809502,346.10946432579266,1421500
2023-04-18,350.9670104980469,351.9000508498585,347.9947551970565,350.18787703830856,1085000
2023-04-19,351.3902282714844,351.5729908613507,347.8119739481725,348.70653019031636,1163200
2023-04-20,353.3525085449219,353.5064154305714,348.9470083380732,349.19711069659576,1095500
2023-04-21,352.25592041015625,353.1601049843392,350.4860353205123,350.97661166632577,1677800
2023-04-24,353.9873046875,355.00691195030487,352.19816312417026,353.37167724708013,1237600
2023-04-25,353.0735778808594,355.5648852415079,351.1017026302472,352.80424814875516,1735800
2023-04-26,351.0920104980469,352.17895758346947,348.4756524237077,351.06315479466105,2055500
2023-04-27,351.7076416015625,353.8815064400794,346.1189992472129,351.65952919226766,1898600
2023-04-28,355.3724365234375,356.4208994862178,350.99579275616327,351.6979873002926,1878900
2023-05-01,358.1234436035156,359.3450407722654,355.9688062807659,356.6709714682342,1018000
2023-05-02,355.9400329589844,357.55601132505296,353.3429018062223,356.32478551927613,1124600
2023-05-03,349.649169921875,357.11349171867397,349.51449040164647,355.43017384422205,1418900
2023-05-04,347.05206298828125,351.2940278455505,343.8393338900104,348.82197744989344,1545800
2023-05-05,352.4098205566406,353.4582836375776,349.72612259072804,350.34175009957283,1113600
2023-05-08,351.73651123046875,354.6221991319733,351.1401110728468,353.97771591788705,1261700
2023-05-09,350.8034362792969,353.49673297914984,348.90850023716496,351.0919932990196,1015500
2023-05-10,354.84344482421875,356.07467058656977,350.13016007872193,355.7476294541197,1304300
2023-05-11,353.0543518066406,355.57451488505336,351.1113029028726,354.39137211755315,1336700
2023-05-12,356.21893310546875,356.632570695465,352.4868012798688,352.8907811616038,1189400
2023-05-15,354.7471923828125,357.17118881190845,351.5344636337521,356.9499421895715,1378800
2023-05-16,351.957763671875,354.02583433691274,350.66882646968986,353.2948132900655,1065300
2023-05-17,351.1016540527344,353.14086879291693,350.1397580919135,353.14086879291693,1296300
2023-05-18,354.1604919433594,354.6702956511204,348.4179716271997,349.90889869100926,1116100
2023-05-19,357.33477783203125,358.2101068179375,354.88195448435505,355.4879537326548,1140900
2023-05-22,352.4291076660156,358.8545662315283,352.36176789741364,358.30627843817706,1207900
2023-05-23,340.4534606933594,350.13976012006884,340.22261505494043,350.13013176688963,2157000
2023-05-24,341.33837890625,342.9447580408537,337.6735577261478,337.933288416771,1801200
2023-05-25,343.0024719238281,345.4360674934604,341.41534948358697,342.5792353591325,1994800
2023-05-26,342.6369934082031,346.88858698511655,341.2807164169087,343.51232236094233,1805800
2023-05-30,341.3865051269531,343.1660185574734,337.24073580951557,342.6273591580896,1801900
2023-05-31,340.18414306640625,343.79125306835556,339.0106287715826,340.61697865379836,2958100
2023-06-01,343.1816711425781,344.9579603081808,340.99994035859476,342.9789503333878,1239500
2023-06-02,347.9892272949219,349.11873063018743,344.74554731589075,345.218601778823,1337700
2023-06-05,350.2481994628906,354.50551280230354,347.7575413838543,349.23456605581805,1724500
2023-06-06,347.28448486328125,352.1210298898198,345.4020186240584,349.7655091972861,1638000
2023-06-07,349.7462463378906,351.0108871450443,346.02954107049817,346.20330176286626,1441000
2023-06-08,349.6689453125,350.1323365476603,346.91761693432056,349.56276805955844,1056300
2023-06-09,348.2691650390625,349.93924719084225,346.32874923951374,349.93924719084225,1121600
2023-06-12,349.4759216308594,349.9199865278765,346.17432136455403,349.9199865278765,1021400
2023-06-13,360.33642578125,360.40397974291955,350.6537010956039,351.61907755264116,2065900
2023-06-14,361.3500671386719,363.41598694293674,359.05246640718184,362.24786019262154,1553200
2023-06-15,363.40631103515625,365.3949841534615,360.07575051806924,362.3733511691668,1228600
2023-06-16,362.2961120605469,363.9468974311289,360.38465621080235,363.7055533346892,4372200
2023-06-20,355.9149475097656,361.9002926954644,355.10403490683615,361.4369014390982,1721700
2023-06-21,357.8167724609375,359.1779567799503,352.8547528670071,354.447618104677,1542700
2023-06-22,359.73779296875,360.4038754272388,352.93187323997876,355.528737514646,1197500
2023-06-23,357.7588195800781,358.28979425147554,354.47654586787394,356.8224033380337,2070500
2023-06-26,357.8746337890625,359.11997744377925,356.6679134347487,357.1699279571488,1089700
2023-06-27,362.7402038574219,363.3773558546014,358.59873060623084,358.7531943747245,1320000
2023-06-28,361.9871826171875,362.8367185458795,359.45790121373125,361.2534871404173,1094000
2023-06-29,366.06109619140625,367.4415774358269,360.49088471494866,360.5584386757122,1350600
2023-06-30,367.8856506347656,370.29909179933463,366.8623539378645,367.2485280929569,1642800
2023-07-03,365.0668029785156,369.1117331164027,365.0668029785156,368.78350862175455,1118700
2023-07-05,354.5248107910156,361.08938782246446,353.02848919303295,358.2704758425516,2926700
2023-07-06,351.90869140625,352.28520237934003,345.9619686809604,349.8331378409004,2129900
2023-07-07,351.8893737792969,357.08310371379093,349.4662694997364,350.460606049433,1336800
2023-07-10,354.82403564453125,355.97283576073323,351.300418157274,351.300418157274,1292100
2023-07-11,354.1387023925781,358.840081109937,350.6923013077675,357.00587170046185,1162000
2023-07-12,361.6300354003906,361.94859667605994,353.31812858559243,357.5464822829164,1557000
2023-07-13,364.0820617675781,365.0088148424803,360.7032444406117,363.0780620842138,1281100
2023-07-14,365.4721984863281,366.3506945791432,363.4642284605728,364.0820835213904,886400
2023-07-17,368.8799743652344,370.27978197629915,365.3949795862624,365.4046427780886,1152100
2023-07-18,370.9651489257813,371.235453117705,363.84069641130134,363.84069641130134,1099400
2023-07-19,361.7362365722656,370.5790892510869,361.3500918468361,369.1503508209021,1607100
2023-07-20,368.38763427734375,368.4938115384004,361.7748001502527,363.08769789213073,1085100
2023-07-21,371.2259216308594,372.065794549192,365.70396636560616,367.209951486952,1195700
2023-07-24,371.37060546875,372.6352460453443,368.5034367235902,371.6698697602527,1467500
2023-07-25,377.5007629394531,378.05100504937246,371.5637044869569,372.2008269300214,1328400
2023-07-26,374.7687683105469,375.0294387965564,366.44722836047293,373.793758168765,1825500
2023-07-27,371.3127136230469,375.27076258657297,369.9418662306448,374.76874802495746,2336400
2023-07-28,375.2514343261719,375.6762022788212,371.8726170870647,373.2627613937447,1445400
2023-07-31,377.1435852050781,377.433186320775,372.58700773211166,375.0680025191089,1615200
2023-08-01,375.1838989257813,380.03974104825454,375.05839527979896,376.34233293133735,1468600
2023-08-02,370.4921875,373.7262046279838,370.0867164120964,372.2684767031513,1538900
2023-08-03,367.5670166015625,371.2161377415854,365.9837853697594,368.6868566155571,1926000
2023-08-04,364.7385559082031,371.0907203085495,364.45858847443753,371.01350315145186,1648900
2023-08-07,371.6409606933594,372.60633711104106,367.4801906900273,367.80841513672505,1112000
2023-08-08,368.5613403320313,371.0327011536008,365.81001215133887,370.60793325043,946800
2023-08-09,366.4182434082031,370.57901310119416,366.1576024008117,369.94186117773376,853400
2023-08-10,369.0826721191406,373.1951551017743,367.5573610751416,368.09796944338393,825000
2023-08-11,368.60003662109375,369.9805178492901,367.3643559656189,369.0923585683469,692600
2023-08-14,368.93792724609375,370.06740118339945,365.89696788961464,367.9146011150406,1060700
2023-08-15,366.2444763183594,367.5767003657984,364.6612449979397,365.8776285996793,709700
2023-08-16,364.71917724609375,368.37796190179114,364.3040724816682,365.645959764142,1143800
2023-08-17,363.3290100097656,368.0014572258943,362.3926232815759,366.3023855109384,1229800
2023-08-18,362.1127014160156,364.7867834962932,360.85769439212214,361.59138989959985,1254700
2023-08-21,364.419921875,365.4142583723722,360.53911941612927,363.193904472904,947100
2023-08-22,364.5164184570313,367.2001632812384,364.30403450140574,365.49145790707746,913200
2023-08-23,365.2501525878906,366.5823766816875,362.7208712322814,364.51645712499993,929200
2023-08-24,364.8543395996094,367.5670447826925,364.0627239230152,364.3330281222244,820300
2023-08-25,368.3779602050781,369.9997854127698,364.8253822851016,366.28311001038014,1022100
2023-08-28,368.84136962890625,370.6659157121886,367.5574025138651,369.1599308793064,772000
2023-08-29,373.4558410644531,373.59097843165216,366.2155185523891,367.875967026927,1060100
2023-08-30,373.68756103515625,374.7591441986938,371.95952896583856,373.5041371554602,780100
2023-08-31,373.6393432617187,375.6956000000088,372.6353434138165,374.23787200111786,1193100
2023-09-01,376.6853637695313,378.7193602097675,375.3971532154444,376.9178103712783,970000
2023-09-05,369.6051940917969,377.712095612643,369.4599149452141,377.712095612643,1092500
2023-09-06,371.2420349121094,371.7650397836423,367.5808530197904,368.39444571160374,775400
2023-09-07,374.46734619140625,375.2615781774282,370.099099826603,371.99751231392133,986400
2023-09-08,374.65142822265625,377.2471808917832,373.0048523704803,374.33181409330615,1064000
2023-09-11,377.1116027832031,379.1940161171373,375.30038705240935,376.3851774649711,862000
2023-09-12,375.7265319824219,377.3440223556526,374.8257421881123,375.2131926433645,1047900
2023-09-13,373.0436096191406,376.4626502719986,372.3075187287867,374.79671369121576,1207500
2023-09-14,377.54742431640625,378.64190981238175,373.5182113991976,375.10664599108014,1231500
2023-09-15,375.7943115234375,381.05365294683895,373.8765677264022,377.45058242237513,2820400
2023-09-18,375.3487548828125,377.1406096802927,372.99514425111454,375.484368445948,652000
2023-09-19,377.528076171875,378.1189174624292,373.431026772584,375.85244447843223,1458800
2023-09-20,366.9125671386719,376.4916796360448,366.7382321683425,376.43356797926833,1747300
2023-09-21,360.7330932617187,365.6243447533684,360.616869951882,365.2853699524508,1362200
2023-09-22,361.22711181640625,364.1521738177996,359.01878001044525,359.2027805658133,1017300
2023-09-25,364.7333068847656,365.0529210106628,357.4012471062315,359.51271621465065,1558100
2023-09-26,359.5320739746094,363.4741191098448,357.3721589731693,361.96315698917624,1769500
2023-09-27,360.3165893554687,362.16655571960314,358.37945551553537,359.75480398923077,1254900
2023-09-28,361.7500915527344,364.8301571807735,359.7257900015673,360.9752497499704,1065500
2023-09-29,360.64593505859375,365.0238473388935,360.25851416306347,364.0359196215433,1474100
2023-10-02,358.5732421875,359.76459044247395,354.97986627858234,359.28030685955633,1298400
2023-10-03,361.1108703613281,365.27572675865616,356.20992304427045,357.013850315475,1747600
2023-10-04,366.7091979980469,367.9392972076969,361.0431037627474,362.3700360416691,1897900
2023-10-05,358.23419189453125,369.0240429282486,355.57063252956357,366.3701786923615,1821900
2023-10-06,361.7985229492187,363.2610390094272,355.4931423642503,357.633667143088,1571300
2023-10-09,361.9825439453125,362.699274043671,357.63365815508706,358.7475338160299,846100
2023-10-10,367.0481872558594,369.6730254311709,363.2998372334769,364.5299068339993,1335500
2023-10-11,366.7672729492187,369.5954719907062,365.469367178941,368.3847632603355,931400
2023-10-12,365.83746337890625,369.41147826748664,363.5419641294632,368.7431646178613,888400
2023-10-13,366.0118408203125,370.4381700660344,364.3168483711697,367.7649449316172,1214200
2023-10-16,367.3193664550781,372.2397037271817,366.1280478753731,366.5832755809615,1182400
2023-10-17,369.1112060546875,370.31221971367734,364.6461262326998,365.7599724059552,920300
2023-10-18,359.725830078125,367.71650898742973,359.2609367680015,367.2128647153548,1486600
2023-10-19,358.50543212890625,361.8469708101239,357.2559723230367,358.79599042872644,1249200
2023-10-20,354.84423828125,360.0938851126117,354.43745664077545,358.36983680975175,1334100
2023-10-23,353.9434509277344,357.0428773192961,349.6720666788892,353.526974189125,1648700
2023-10-24,355.7159423828125,357.80805074687834,353.565722360716,355.00887779901194,1590000
2023-10-25,352.92645263671875,357.88551100987905,350.9408725267061,356.2679910938355,1492900
2023-10-26,358.67974853515625,362.5249608147061,354.61175519839975,359.2318388345469,2168400
2023-10-27,358.8831481933594,364.72360632804657,356.29706116175413,356.29706116175413,1945300
2023-10-30,366.96099853515625,367.49372815495224,361.9438282413684,364.2490225813036,1478000
2023-10-31,370.1476135253906,371.99758026858655,364.8592453351048,366.3217615842715,2020700
2023-11-01,374.9323120117187,375.34878875038265,369.0821587370827,370.2541165945196,1564900
2023-11-02,377.4118347167969,379.3973853168587,375.26161471498824,375.29067054372945,1586700
2023-11-03,380.1722717285156,382.7583292638038,376.41422675152927,377.8380215328448,1339300
2023-11-06,380.6468200683594,381.16015938128425,377.9735657664694,380.2109531075493,1464000
2023-11-07,377.0631713867187,378.67099636738993,373.0145678826737,377.7024292386717,2647400
2023-11-08,379.93011474609375,381.741330372872,376.90819032512474,379.10682685438,1631400
2023-11-09,378.6903381347656,381.9931551677575,378.1091920202877,381.9350139538224,1305400
2023-11-10,387.2718811035156,387.785220504578,379.2037298456255,379.2037298456255,1378100
2023-11-13,387.1846923828125,389.3155517939891,382.58399872723186,383.9012357753616,1420000
2023-11-14,391.0686645507813,393.9937265726993,387.0103660080989,387.0103660080989,1350500
2023-11-15,390.09039306640625,393.36415453953526,389.46083037349416,391.2720460911749,1139900
2023-11-16,395.5531005859375,396.1051613245499,389.67389166418906,390.5068451157123,1228100
2023-11-17,395.0591125488281,398.1585092127344,393.7224853599725,398.1585092127344,1542500
2023-11-20,395.4368286132813,397.2286834303762,393.43191743747207,394.7394592082942,1678500
2023-11-21,398.9624938964844,401.9263069780797,396.5410760482318,398.1198452146242,1225300
2023-11-22,398.6816101074219,399.54364906876344,395.28192991342706,397.8292662763546,1111000
2023-11-24,401.1998291015625,403.1079072985273,398.9236907105153,399.6985620555098,711300
2023-11-27,399.8244934082031,400.9867857699959,397.1125173084501,400.8221163547183,1301200
2023-11-28,397.8195495605469,400.81241815646814,397.1318456826104,399.0593141849899,1134300
2023-11-29,398.4588012695313,402.2362067427284,398.0326294152916,399.6017032612105,1405900
2023-11-30,400.7639770507813,402.9238922101145,396.90909911475,397.5580224846405,4023900
2023-12-01,399.99163818359375,403.2463435097145,398.3108271367652,400.7203088655048,2107300
2023-12-04,395.0755004882813,399.5446564773182,394.4731078826682,397.3683697592005,2092400
2023-12-05,392.4814453125,395.0463505880174,390.7131974155517,394.45371268996246,2207000
2023-12-06,388.925537109375,392.67577755880694,387.10872299086776,392.4814535211299,2263700
2023-12-07,387.312744140625,389.9942616937313,386.0788724801593,388.05113990734947,1914100
2023-12-08,389.8582458496094,390.17887756209586,386.15660105794257,386.68125226493794,1483700
2023-12-11,396.6300354003906,396.6786312380289,388.4980749382976,388.62438260659474,1653400
2023-12-12,414.58447265625,421.8614543834617,408.34703856886426,413.5837661050459,6829000
2023-12-13,397.11578369140625,402.39138179145255,393.16155345264696,394.39542509352697,3359600
2023-12-14,398.0679016113281,399.42808083367953,394.2885157777653,395.21151041954846,2220500
2023-12-15,395.79449462890625,399.21437841325235,393.38501285944574,395.82364027068786,4241100
2023-12-18,397.465576171875,401.24493271258416,396.1733835513757,400.1859348734218,1717600
2023-12-19,400.3705139160156,402.46908894560727,398.4468127264688,400.2830769959932,1344600
2023-12-20,394.8034973144531,400.079095858887,394.3954583152427,399.0589390614861,1578500
2023-12-21,397.49468994140625,397.7570006934809,395.04633765664187,396.41624199462103,1534000
2023-12-22,399.0588684082031,400.555080323008,397.1351970245649,398.91314022000057,838900
2023-12-26,398.2719421386719,400.02076950245464,397.9804857362172,398.9325964173591,619300
2023-12-27,399.5155029296875,399.65153567171814,396.3968011052557,396.3968011052557,850900
2023-12-28,398.116455078125,399.2143235170733,397.5723834065602,398.8548507679697,814400
2023-12-29,399.0297546386719,400.3996590165464,396.3579622594101,397.09635800485063,975900
2024-01-02,397.931884765625,400.02076433842865,395.1338143891268,398.1262087978762,1571900
2024-01-03,397.0866088867187,398.20389788415594,393.7638875326122,394.3565253926758,1536300
2024-01-04,396.9700622558594,399.9430362205307,395.9887762646879,396.04709719605825,1517800
2024-01-05,397.4849548339844,398.8159884030527,394.6965800462836,397.41693846119097,1400100
2024-01-08,396.6785888671875,398.3302245270352,392.8603321821587,396.2607951667492,1142300
2024-01-09,395.1241149902344,396.18311284060246,392.928377811668,395.8916564229549,1256200
2024-01-10,394.3371276855469,394.5411471647965,392.5203136162984,392.9283525747976,1170600
2024-01-11,394.4148254394531,395.4252570025011,390.21770519618354,395.21151243435025,1110500
2024-01-12,397.2906799316406,397.9124634642275,393.96792874445754,397.115776443074,849100
2024-01-16,395.085205078125,398.9325776580332,394.4536964693792,395.8916171698039,1464700
2024-01-17,395.182373046875,395.7458652901774,392.4328689059562,392.9672155099444,1369100
2024-01-18,396.2511596679687,396.7660858118357,392.25802854125897,395.4836181762728,1232200
2024-01-19,395.79449462890625,396.3968576588498,392.7632292848767,395.5418793003416,2265900
2024-01-22,394.9103393554687,395.7361720067972,389.9942438330415,390.450878617916,2105400
2024-01-23,396.2900085449219,396.5717398715221,390.73267874712536,393.7639441550713,1293900
2024-01-24,389.8679504394531,396.7757637441936,389.595914577855,395.49329626108016,1594800
2024-01-25,391.9956970214844,392.12200468872135,389.012997794089,389.3239044134897,1550900
2024-01-26,392.5494384765625,393.7930351289663,390.2468440978657,392.9089112327731,1146600
2024-01-29,394.0747985839844,394.3274139034266,390.82009332039144,393.26841609068975,1400400
2024-01-30,396.2511596679687,398.8646611292054,393.8708233587659,394.5023320786497,1647600
2024-01-31,393.31689453125,398.9325140398647,391.85955352054015,397.81522519492296,1782000
2024-02-01,397.0283203125,398.3399333400196,393.7833107549604,396.65912245960146,1893600
2024-02-02,395.5126953125,397.3003636843856,392.74374101296246,395.4446789383752,2218600
2024-02-05,389.2364501953125,390.54806334727334,384.806134839563,385.5542260626822,3487800
2024-02-06,403.7418518066406,409.0271455606823,399.6612841003175,403.09092259686474,3227000
2024-02-07,404.9757080078125,411.912666913325,403.48922104944336,407.1520245378065,1985600
2024-02-08,402.2261962890625,407.3754569903773,401.60438310642894,407.3754569903773,1488900
2024-02-09,407.4920959472656,407.9001349316788,400.56486181252137,402.0416237436844,1351500
2024-02-12,407.6766662597656,409.01742508268984,406.2290499667438,408.4053369548604,1272100
2024-02-13,404.4122314453125,407.773823914093,402.4399639710381,407.0063121379227,1313300
2024-02-14,406.50103759765625,408.88137344568094,404.7716605391906,406.95767236504406,1345200
2024-02-15,416.4983825683594,417.03272912391066,407.754335770516,408.2984074215185,1721600
2024-02-16,419.3548278808594,422.4055136298787,418.4026875434318,419.9766114269682,1460800
2024-02-20,423.5616455078125,426.90381709050706,421.841993535485,423.202172749446,1869200
2024-02-21,426.9620971679687,427.2438580994394,422.26947159047415,425.31046161208394,1230900
2024-02-22,434.3168640136719,435.0941008667694,426.2529204764649,429.2064442379838,1386900
2024-02-23,434.831787109375,435.7839274501035,432.64577511917696,435.5507326760297,1164900
2024-02-26,432.2863159179687,435.3078561319504,431.8685518404184,434.8318007714714,1286000
2024-02-27,432.1502380371094,432.2959958788984,429.2938468730998,430.9455121161225,1086300
2024-02-28,438.3682556152344,438.8831816659278,430.9066459537242,431.47986328187847,1562400
2024-02-29,436.0560302734375,440.2240057603513,432.44182204198415,439.7770959867498,3684200
2024-03-01,436.4348449707031,438.14480156966334,434.28770377520266,435.25926463376015,1656100
2024-03-04,442.6430969238281,443.6729489777832,435.9684791148184,436.4348093130278,2291800
2024-03-05,447.85064697265625,449.8715099904209,443.3911865690807,443.3911865690807,4102900
2024-03-06,450.4253234863281,451.88266480031456,445.92702153622525,445.92702153622525,2599800
2024-03-07,452.05755615234375,454.4670080843004,448.501639883744,451.7757952039609,2514000
2024-03-08,449.3954772949219,453.0291351811462,448.841710122017,453.0291351811462,2469200
2024-03-11,456.1284484863281,460.50047279014507,453.4760764014584,460.50047279014507,4251500
2024-03-12,458.061767578125,459.75227386752385,453.61203219868565,454.0978125944607,3259400
2024-03-13,462.7488403320313,465.4967208028434,457.9448595255998,457.9448595255998,3240000
2024-03-14,461.8231201171875,464.80488492450706,460.9948455068527,463.7622337060546,3551300
2024-03-15,456.2591552734375,461.7257146941129,454.45644677070254,460.5271503978669,33347400
2024-03-18,454.1932678222656,463.8109532128983,453.65734119378453,456.65861357787526,3026400
2024-03-19,454.7974853515625,456.2591360103356,452.97526921757736,455.0605717646925,1883100
2024-03-20,454.8559265136719,456.30782324699226,452.2639292384301,454.3687096514991,2146400
2024-03-21,454.3784484863281,456.63914193700754,451.49413289529207,452.77063873654674,2723800
2024-03-22,456.2688903808594,457.214092392368,450.6658958173734,452.48808233482504,1687400
2024-03-25,454.9631042480469,456.2980737050362,452.57575944325856,455.2651763264594,1391000
2024-03-26,455.5964965820313,456.36630758563166,453.0532387200958,453.0532387200958,1265300
2024-03-27,454.3102416992187,455.2846754143245,449.1652328729545,451.1335782720196,1590600
2024-03-28,452.4490661621094,453.9984121884103,450.78276311153945,451.7767045250072,1784900
2024-04-01,451.5525817871094,454.6220420704621,450.0032357343191,454.0276517727102,1027300
2024-04-02,449.5452575683594,452.3516314945728,449.0580406988739,450.5489231300051,1451100
2024-04-03,450.6463623046875,452.4685485975578,448.4149007662272,449.03855261905824,1449200
2024-04-04,445.569580078125,455.0020915149286,444.3125522309869,451.4746461451119,2258500
2024-04-05,452.8193664550781,453.88149565283265,444.89721546819214,445.8229096697461,1575900
2024-04-08,449.8668212890625,451.2505004960656,447.7425332135786,451.0361238916537,1744300
2024-04-09,446.232177734375,450.0129853057751,442.0518487714242,448.8923924812268,1472300
2024-04-10,438.97265625,442.2272614489886,437.8520633703482,441.83749389137387,1838200
2024-04-11,441.4184265136719,444.31249553262654,436.81909867264454,440.03471769932577,1681800
2024-04-12,435.9713745117187,440.08348581359417,432.8044650649797,438.6997769093516,1976700
2024-04-15,433.3793640136719,442.3051797785912,432.4828719750085,438.41719904740694,1712000
2024-04-16,434.3830261230469,435.4354013680503,431.5376668145707,435.3184740894227,1577300
2024-04-17,435.3672790527344,437.62794283315776,432.6291224963377,434.18819276218585,1216800
2024-04-18,435.0164489746094,439.6547631096332,434.12971069953966,439.44038649656846,1070300
2024-04-19,434.8897705078125,440.41482295192657,432.7362802478733,440.41482295192657,1831200
2024-04-22,435.5426330566406,437.5012543139934,430.4366099731276,432.04441963426706,1345900
2024-04-23,433.6814575195313,436.6437442760712,432.7362556467548,435.15286191358433,1509900
2024-04-24,432.9603576660156,433.2429220078514,422.3000513736589,426.032119092532,1969100
2024-04-25,432.48291015625,433.8666191400221,427.8738576361492,431.2064043464157,1442700
2024-04-26,431.8495178222656,434.2953559127214,428.2246232872947,428.2246232872947,1583800
2024-04-29,433.6912231445313,436.67298795044206,430.9725447377219,434.3733089065057,1260300
2024-04-30,429.686279296875,433.340405699695,428.99443969106767,432.30750834881974,2172700
2024-05-01,431.3038330078125,437.9104922043199,430.680210912677,431.46949981874184,1824100
2024-05-02,408.8919067382813,414.9334081982525,403.0355500794528,414.9334081982525,5267300
2024-05-03,412.7701416015625,414.8846461818086,407.3912482806765,407.3912482806765,2657400
2024-05-06,415.7129211425781,417.62280296370847,412.62398281189553,416.0637327555618,1533500
2024-05-07,419.0065002441406,426.74350637182334,416.5217061492636,418.7239061384462,1556400
2024-05-08,416.7750854492187,419.8542999230611,416.0150282506815,419.0163011024977,1344800
2024-05-09,418.87005615234375,419.92246120162594,417.3304639902504,418.8018683937113,1740100
2024-05-10,423.2842712402344,423.7129947119156,419.4644780335388,419.4937098551843,1234500
2024-05-13,423.664306640625,425.9834637345784,422.6216553862244,423.94690075592274,1269800
2024-05-14,421.06256103515625,424.2879641642167,419.13320120725695,423.3914720136051,1288100
2024-05-15,419.8055725097656,424.2294805050981,418.5485445943098,423.17710509642393,1745200
2024-05-16,418.7044372558594,421.56927483822255,416.9114827378766,420.69229041731415,1839700
2024-05-17,421.4620666503906,422.3877905898358,418.8116057124272,419.30857643121954,1150700
2024-05-20,421.5497741699219,421.91033964010114,420.0101819152751,421.66673120037257,1499200
2024-05-21,423.9176025390625,425.9931508692918,420.4486212949428,420.4486212949428,1228300
2024-05-22,423.674072265625,425.6229398289966,421.2477119278232,424.06383983082753,1655000
2024-05-23,421.2476806640625,425.7885453181918,420.6435365222325,424.7946336400867,1674800
2024-05-24,424.43408203125,426.33420985094335,421.90054853430314,422.202620593906,1157400
2024-05-28,418.9285278320313,422.2318424416303,416.219603474916,419.9711492369911,1696500
2024-05-29,415.2841796875,417.4084381830773,413.0137620729351,414.6995134741906,1465600
2024-05-30,419.1136474609375,419.52292268280064,414.3779141446436,414.96258028843863,1375900
2024-05-31,424.3853759765625,424.8433610284295,416.59965983218166,419.1136858220452,3621600
2024-06-03,423.2257995605469,425.4182755084464,419.0649781337598,423.04068450553825,1809000
2024-06-04,421.4661865234375,424.3597623186023,419.0124958241013,421.6323553931402,2157400
2024-06-05,425.3177795410156,425.7870201706957,419.69679648539847,422.0527251373449,2116800
2024-06-06,424.1154174804687,426.2367110033892,422.2678103803434,426.2367110033892,1282600
2024-06-07,423.96875,428.35799485497006,421.906078186902,424.2717919038986,1492000
2024-06-10,422.3069458007813,424.3598327538801,421.52490783428465,423.0205770740157,1406100
2024-06-11,425.7088317871094,426.0020885375303,417.0280739806515,418.24024165950226,1582400
2024-06-12,424.4281921386719,430.63568822249056,424.1740164209816,427.7812233140343,1914800
2024-06-13,429.9318542480469,430.9583124831033,420.71344963419176,421.3293186086593,1650000
2024-06-14,427.1458740234375,428.3287160950732,424.36957074036434,427.61508485101666,1396100
2024-06-17,430.7432556152344,433.3337895908672,425.2493605865404,426.5690457474328,1939000
2024-06-18,430.14697265625,430.8606039085,425.4644704995404,429.7461685145344,1384500
2024-06-20,432.6983642578125,435.2302467928334,428.6414870672025,429.2280005248668,1626100
2024-06-21,432.8157043457031,434.0181167034684,430.12740804541926,433.4511138682944,4042800
2024-06-24,433.1969604492187,436.4620148646581,432.21939817515306,434.76103622145735,1440900
2024-06-25,431.2711181640625,435.0836046825855,430.4499396836144,434.01806549105146,1385500
2024-06-26,428.5828857421875,430.78240096363135,426.55932457857887,429.9123561784997,1634400
2024-06-27,430.3424682617187,431.6230724623885,427.7323638466604,430.7823832210226,1236500
2024-06-28,428.9640502929687,432.3366516879283,428.2895300139768,430.24465433967407,2470200
2024-07-01,419.3155517578125,430.8898851586971,415.8549730573122,429.2964539260906,2462900
2024-07-02,420.4397277832031,420.84053186968544,415.1022464639023,418.3966263419869,1886400
2024-07-03,423.225830078125,423.93946130626887,419.86301333556264,419.9803160398418,865100
2024-07-05,425.94342041015625,426.1682704651779,419.5697253451153,422.7076917823522,1499400
2024-07-08,425.96295166015625,428.10381530588813,424.574830015889,426.83299635462026,1502200
2024-07-09,421.52484130859375,425.8261091111648,421.08492637634487,424.45752796936927,1052100
2024-07-10,425.190673828125,426.2659683388805,420.6547710816677,423.39193319913016,1554000
2024-07-11,425.132080078125,428.2895871926571,423.8710163665,425.3373598065367,1368400
2024-07-12,430.8117065429687,434.4579947358523,426.8525614293596,427.7714723545232,1843900
2024-07-15,428.34820556640625,431.2418112116156,427.71279609120865,430.81168144902585,1271500
2024-07-16,435.7288208007813,437.94787630922514,428.2309054169877,428.2309054169877,1173300
2024-07-17,439.2089538574219,441.62353382033933,436.7063968715033,437.06809013256327,1896500
2024-07-18,436.0318603515625,441.2324686817299,435.5430792422468,435.5430792422468,1458700
2024-07-19,434.7708129882813,435.601746871745,432.0043249325874,435.3768968132355,1503800
2024-07-22,436.0905456542969,438.6419689238328,434.47757383452705,437.83060534563754,1096700
2024-07-23,437.37109375,438.55393562167023,435.024950510227,437.8403343310866,1060700
2024-07-24,433.8030090332031,439.4826429973467,432.6983589800242,438.4073186166933,1700700
2024-07-25,433.0893859863281,438.3388902963306,432.06295759591904,434.9956442346093,1777300
2024-07-26,441.2618408203125,442.591311168004,433.5097494614133,434.1549441299692,1307400
2024-07-29,439.8639526367187,443.05081548758017,438.984152476317,441.3400813518073,1015200
2024-07-30,440.73394775390625,446.48201857509014,440.528668033959,442.4153560224646,1755600
2024-07-31,443.3244934082031,447.8994777128224,442.3664716352188,443.3929299275948,1874000
2024-08-01,443.1680603027344,449.1605215801583,439.815028994538,445.8368159457163,2244000
2024-08-02,443.8132629394531,447.5182322321628,433.75413900113455,439.5217503282746,2714600
2024-08-05,433.5488586425781,445.4458043725873,431.32980307096904,443.8034771167271,2281700
2024-08-06,435.660400390625,441.0956441698365,433.6466245215634,434.1060799770968,1598200
2024-08-07,431.9456481933594,440.88058161729214,431.4177860497765,439.238284171591,1619300
2024-08-08,437.4982299804687,437.7914867305553,431.0365278137862,432.3073766741052,1491300
2024-08-09,436.9898376464844,438.1042728582845,432.2388997422766,436.95075663868215,1108500
2024-08-12,436.7552795410156,438.3389256804925,435.11298205065697,436.989884944543,853000
2024-08-13,439.6097106933594,440.166898445789,435.7483282685601,438.4464093484838,1174800
2024-08-14,441.0565185546875,441.8483415721764,439.0720684265757,441.5257591636123,906700
2024-08-15,445.9052429199219,446.5308672242393,441.26182240023326,441.9069872090248,1105000
2024-08-16,446.5699768066406,447.1369497631053,442.1611616844005,445.9052416624183,1115400
2024-08-19,448.2904968261719,448.45669554006656,445.92481281712094,446.9512412770494,1013700
2024-08-20,447.7919006347656,450.6268248995556,446.3450979148069,448.3295478834428,1115600
2024-08-21,451.3893432617187,451.7608216688416,448.1047486083115,449.6297432449407,853700
2024-08-22,451.3502502441406,454.2340707646164,449.5906501578776,451.4773381076834,1179100
2024-08-23,455.2898254394531,455.9741309365704,451.1840819552448,454.0776578154724,1308000
2024-08-26,457.9488220214844,459.2196708981881,454.6349013714486,455.19211903663023,1216200
2024-08-27,461.74176025390625,462.1816752097037,458.1052274065685,462.10345352151023,1293400
2024-08-28,462.23052978515625,464.9677219793786,460.3047309631964,462.23052978515625,1327200
2024-08-29,462.1230163574219,465.8866071795144,459.7670877387952,463.1005786141384,944700
2024-08-30,467.5191650390625,469.0246193183618,460.89129390835103,464.38119844238577,1385600
2024-09-03,463.4133911132813,467.8808579333703,462.26965994167136,463.3058735812639,2104000
2024-09-04,462.893798828125,468.2371633711195,462.34475641491025,466.8939692559133,1310300
2024-09-05,456.4130554199219,462.2466679720935,454.0306005136326,461.1387692923899,1882200
2024-09-06,447.9126892089844,458.52102567194504,447.245999170717,455.2659673619592,2012100
2024-09-09,454.0207824707031,456.4228652459334,450.5304289162113,451.069687253796,2076200
2024-09-10,454.6483154296875,456.5209539726803,451.8246516563908,452.9325504208297,1247100
2024-09-11,456.0110778808594,456.73662166916847,444.6282176949074,454.8051594164275,1585400
2024-09-12,458.1974792480469,458.2955289439842,453.3639314360571,457.30527787998005,1916900
2024-09-13,459.6387023925781,462.55060169996807,455.9032395332733,456.40327201572927,1162700
2024-09-16,465.619384765625,466.1880251161508,461.18781986392906,465.1487641882285,1307200
2024-09-17,462.4329528808594,467.64888528382966,461.3054562323896,466.2174256161788,1357100
2024-09-18,457.8935241699219,462.4329525969099,455.6385308743671,462.4329525969099,1149900
2024-09-19,459.9916687011719,463.89378905162425,459.442596420538,463.5506300964398,1897200
2024-09-20,462.6780395507813,462.8741090032281,457.6189809168621,460.31518273265505,3672700
2024-09-23,468.02142333984375,469.81563992566447,462.86434472003464,465.41348707507194,1148400
2024-09-24,469.9725341796875,471.35495409383486,466.1880313802819,469.58036532020367,1588600
2024-09-25,467.6783142089844,472.178516941805,466.3939439918436,471.5902486932098,1283800
2024-09-26,472.2569274902344,472.6785082554634,467.1782705755118,469.6293632857716,1092800
2024-09-27,470.12939453125,473.90405335862584,469.90388323109835,470.3156799703828,1252500
2024-09-30,467.53118896484375,470.2077928350219,464.8742129844768,469.9332716627393,1532600
2024-10-01,465.7272033691406,468.51164104042846,464.6193346200967,467.6292536669428,1342100
2024-10-02,466.53118896484375,468.0998943186789,463.4134061484572,464.7860121128507,1024600
2024-10-03,460.560302734375,463.50161387477544,458.9915974753819,462.72706023004537,1072300
2024-10-04,459.0210266113281,461.61917889871216,455.7855962037277,460.96230280822755,2131000
2024-10-07,454.17767333984375,457.2170343387111,451.7559925022331,455.3640237755068,2019600
2024-10-08,460.25640869140625,460.8642749247031,456.0110991630759,456.40329795152127,1272300
2024-10-09,460.38385009765625,461.43292496162303,457.8935315190579,458.3543381467446,1245500
2024-10-10,460.23681640625,463.3840112546091,458.58965926790313,462.6780953154796,1249500
2024-10-11,464.7663879394531,465.3252143187808,461.6289774086643,462.8643376672541,1105300
2024-10-14,468.2371215820313,468.795977891502,464.158529710889,465.09974091803224,1076800
2024-10-15,471.305908203125,473.8942764993302,467.8645943409615,468.237135304295,1477100
2024-10-16,474.511962890625,475.82574502650886,468.9626852619844,469.15875473148833,1210100
2024-10-17,476.5512390136719,477.9532568403742,474.9041119199,477.3944304510849,1051700
2024-10-18,476.93365478515625,477.747404439591,472.0902929598825,473.68841027218417,1255200
2024-10-21,473.904052734375,475.9923885025389,471.6490594180898,475.4629740220258,1065700
2024-10-22,472.5216674804687,473.0412979413315,468.6489290068512,472.3549800101246,1429700
2024-10-23,468.090087890625,472.8059880529444,467.5312315502504,469.7960688285808,1541400
2024-10-24,465.17816162109375,469.07049796712903,462.3937239461298,468.99207616695406,994300
2024-10-25,464.4919128417969,469.2862349371391,463.67813325338534,465.8252930012928,2458400
2024-10-28,466.6880798339844,468.64895411900113,464.44287039988143,466.5017943832625,1440400
2024-10-29,465.374267578125,467.001796719976,463.5016291664875,465.3644536327527,2056600
2024-10-30,464.138916015625,465.7076213558842,463.09965508582343,464.0114544056476,1794300
2024-10-31,447.2263488769531,453.942348571026,445.57922183413183,446.049842383751,3615600
2024-11-01,448.3636474609375,450.3441194533192,444.6281848397218,447.5793098197432,2347400
2024-11-04,449.35394287109375,452.7658448604411,447.3636567371191,449.0205978445808,1616100
2024-11-05,445.9910278320313,451.84420834660375,445.2851119532009,449.3539197612161,1749000
2024-11-06,453.57958984375,456.5797247742576,449.3539086206963,454.74631230789896,2626900
2024-11-07,456.3640441894531,458.8249508098403,454.5208177104831,455.90323756971065,1925500
2024-11-08,450.4912109375,456.5110786577743,450.2264737939876,456.22674354534223,1496700
2024-11-11,447.5107421875,453.3443552901006,446.4420692676375,450.4912795481994,1981200
2024-11-12,446.6773376464844,451.28540401409106,444.7066494883385,449.3049019103016,1749000
2024-11-13,447.3145751953125,448.58916127013174,442.0398192549845,444.96153233792126,1538400
2024-11-14,444.618408203125,448.9127274623253,444.23605329514226,446.7361559167264,1666700
2024-11-15,440.3143005371094,442.8536289949432,438.1573269834533,442.2457627899761,2414000
2024-11-18,439.7947082519531,440.47121229247415,436.5788755331931,437.79460804864874,1750700
2024-11-19,435.3728942871094,435.97097647413136,431.1570267441722,435.1179710676673,2084600
2024-11-20,441.3339538574219,442.0790656792449,432.8923751871259,435.05913271838534,1928700
2024-11-21,446.16748046875,446.2361182408693,440.81427281358486,443.010472077459,2072800
2024-11-22,445.8832092285156,448.2558803143827,444.67726075355534,444.9615959069494,1864800
2024-11-25,446.7753601074219,448.05973024467505,444.15758002825265,445.6870594271277,3835600
2024-11-26,447.6675720214844,447.7263958520228,442.4516396296009,444.5987992059483,2600000
2024-11-27,448.1773986816406,450.6088934410626,447.7460039675405,447.7460039675405,2069100
2024-11-29,451.9716491699219,452.6285551338564,447.1675137890416,448.04990111686647,1351500
2024-12-02,450.6971435546875,452.02073965511266,447.52053685012027,451.97169984661303,1801800
2024-12-03,450.52008056640625,454.2373716096713,449.0056197676505,454.2373716096713,1868300
2024-12-04,451.8280944824219,453.7555712063766,447.7567594513327,448.71066910755536,2188300
2024-12-05,441.1383972167969,450.0579402492988,440.5778758773285,449.6744256486099,2303200
2024-12-06,441.9841003417969,443.3805267071334,439.5354173415702,440.6171450852236,2191300
2024-12-09,435.2379150390625,443.3215525768236,434.59870405601504,440.4696674138559,2833900
2024-12-10,437.4309387207031,438.97490082002827,429.99635575959,437.4309387207031,2326100
2024-12-11,433.2218933105469,438.25695104680784,432.85803617112896,435.93611631359533,1612500
2024-12-12,431.2255859375,435.04122420210933,430.63553352346446,432.6416997266604,1719300
2024-12-13,428.0786437988281,430.53717042301463,425.5808023567988,430.3503199986715,2254200
2024-12-16,421.1947937011719,428.5015580610034,420.31957377803747,428.4917143503156,3691400
2024-12-17,423.0632629394531,426.0036511050003,418.8739240727403,421.1357565060365,3320200
2024-12-18,415.2648315429687,424.1450290930639,415.04847998536,421.8045368024228,3271900
2024-12-19,412.6293029785156,418.51010992488847,412.0785953727839,415.09767350474016,3292000
2024-12-20,417.27099609375,418.2839079249241,411.33118700026694,412.2752828903169,6680900
2024-12-23,415.3238525390625,418.5986271720453,410.7509985131253,415.4221996172007,2084300
2024-12-24,418.706787109375,418.9919846320088,413.602882880791,415.17634609389904,824200
2024-12-26,417.28082275390625,419.5229978813589,415.89421010766006,417.0841286153547,991500
2024-12-27,415.963134765625,418.8936799099005,414.5470207317709,416.189300055311,1444900
2024-12-30,410.7312927246094,413.2881663984715,408.5186187780324,412.2260660977804,1608000
2024-12-31,411.7245788574219,413.1406626821283,408.8530063534612,411.66554660388374,1386700
2025-01-02,407.2992248535156,415.7073743758876,406.9058365625051,413.7700540867816,2110900
2025-01-03,406.6403198242187,411.0558242133696,406.246961550956,409.246352147311,1995900
2025-01-06,406.0600891113281,411.4393464880406,405.2831863061052,408.5382731087508,2630600
2025-01-07,408.0663146972656,412.0491163471691,403.876975175652,405.1947420179821,3209100
2025-01-08,413.0423583984375,413.44556040699,407.328744346168,409.8265860411307,2252300
2025-01-10,407.279541015625,410.9575174920055,404.88986018440687,408.71531225424434,2642600
2025-01-13,414.4387817382813,415.6680451656031,406.837035910964,408.8923607600884,2824500
2025-01-14,420.2015686035156,420.712931366117,413.7405530680141,415.2746713671314,2344300
2025-01-15,420.880126953125,426.7215889781371,419.3361649339371,426.03318947582153,2202300
2025-01-16,425.3152770996094,425.57097348105737,420.5555729906299,420.8211130825374,1511600
2025-01-17,428.76702880859375,432.70067127472765,426.3380033853037,432.70067127472765,2412200
2025-01-21,435.119873046875,436.7031798183643,432.1499836521064,432.3761789084082,2281900
2025-01-22,435.2575988769531,441.2465666732612,435.1297506791336,438.2766770469647,2643900
2025-01-23,433.5169372558594,435.7886436439477,433.1235789676148,435.37559793393694,1811300
2025-01-24,431.963134765625,436.0147819051569,431.7566269290637,435.5230765724698,1547800
2025-01-27,432.19915771484375,434.07747574787953,427.77380957738194,431.0682414153105,2833400
2025-01-28,428.28521728515625,433.10392386731064,428.0196771804067,432.7007218660324,2158400
2025-01-29,431.048583984375,431.7369534656033,427.28210420789526,428.0000048208988,2631100
2025-01-30,438.9749145507813,442.2103444626958,431.7173380971328,431.7173380971328,2545900
2025-01-31,438.71917724609375,440.7351871904727,431.3632844078791,437.04739706073264,2816500
2025-02-03,446.6749572753906,447.26500968659855,433.1530604037229,437.64725442123944,2701200
2025-02-04,447.2552185058594,451.21836281762495,445.3178980351661,448.3763212199582,2503800
2025-02-05,446.1734619140625,447.5207298175114,443.429737563688,445.8784206871444,2696500
2025-02-06,453.03765869140625,453.8539064230965,442.5348390473969,442.56434016954745,2423300
2025-02-07,447.5010681152344,450.5594912789087,444.99338260453067,448.96637060045555,1668100
2025-02-10,453.2146301269531,453.4703265065536,445.87839488083097,447.2748512469332,1876700
2025-02-11,453.0966491699219,454.8668064869336,451.7002227426368,452.6147875168703,1587700
2025-02-12,450.9528503417969,452.5066561993668,447.0093634625778,449.7334305634375,1695200
2025-02-13,453.4015197753906,454.9258244631444,449.7924190855067,449.9694258199356,2265300
2025-02-14,449.418701171875,456.4009233192588,449.123689959001,453.40150260224254,1705500
2025-02-18,458.1021728515625,458.298866987361,442.58395389450646,447.3240004609215,2808500
2025-02-19,454.4045715332031,457.9153547972503,452.48690873887506,453.1753082064061,1883800
2025-02-20,454.2374572753906,454.4636525708132,450.795519363566,452.073971451891,1335400
2025-02-21,450.402099609375,457.4531675178444,449.9300516703406,455.8895180983282,1939600
2025-02-24,450.9233093261719,456.49926122804175,448.4549388532044,451.39535726860584,2108300
2025-02-25,459.7346801757813,461.20979629520434,451.6707300630569,451.6707300630569,2342100
2025-02-26,453.8932189941406,459.7543686637149,453.6178651849959,458.6234222938174,1576100
2025-02-27,452.6443176269531,460.4624454189954,452.2509593128632,455.8502464088511,2071000
2025-02-28,459.3019714355469,460.5705796859211,452.9884913278794,457.3548373889363,2332900
2025-03-03,454.5816345214844,464.3960849416194,453.3327136309288,461.31800438847904,3072900
2025-03-04,453.696533203125,461.49497286440214,452.250918271264,460.8262607900032,5027000
2025-03-05,460.4820861816406,462.61610072567754,452.9098113611006,454.2669230052616,2385700
2025-03-06,458.4267578125,462.35055709274434,455.66337601198654,458.94796430840046,3712100
2025-03-07,460.993408203125,462.2030141292803,455.7321851364477,458.4365644744381,1824000
2025-03-10,454.3947448730469,463.3634456400773,450.42175724859464,458.2595417147992,3129200
2025-03-11,446.5373229980469,454.237415905953,443.6362493034817,453.9915632203565,2845700
2025-03-12,443.6853942871094,447.4026853279195,441.3743732671309,445.789877463318,2652600
2025-03-13,447.2276611328125,449.2898421190731,441.5443102082192,443.45849353736554,2213400
2025-03-14,449.4378051757813,451.9045329758679,446.8230797299741,448.5103131140348,1911900
2025-03-17,454.1838073730469,456.12759017093106,446.31987759010536,446.31987759010536,1890200
2025-03-18,454.5784912109375,458.6140545779583,451.6381707263654,457.93323524570184,2023000
2025-03-19,453.6312561035156,455.427041222826,448.84579800488046,452.8912377411934,4051400
2025-03-20,451.6578674316406,453.887799034299,449.1714166094315,450.0396795153764,2298100
2025-03-21,452.2301330566406,452.52615846294833,443.3992654964669,447.7012243763737,4969900
2025-03-24,452.98004150390625,455.7526412574867,448.9642012517721,451.0362587122201,2049500
2025-03-25,451.36187744140625,452.8813601282398,448.92474910277025,452.83203761543746,2002500
2025-03-26,455.2888793945313,456.93666682524827,450.89812194729944,451.361867981334,1597900
2025-03-27,458.54498291015625,460.43941303068334,453.3155018175208,455.8414287191729,1493300
2025-03-28,452.999755859375,460.3900929905055,452.6840375785411,460.32101738380703,1334700
2025-03-31,459.4429016113281,461.8109544524973,452.3091134450591,452.7629829626886,2373300
2025-04-01,460.87359619140625,461.28801975090505,454.64757703109785,455.8513415183523,1544600
2025-04-02,463.4883117675781,464.0507329748198,456.2460020180256,456.73934761495497,1527700
2025-04-03,461.0018310546875,465.72808999952554,458.8014989942377,460.3506112953872,2445200
2025-04-04,432.1312255859375,463.744816850977,431.3024086755746,458.1798645952823,4430700
2025-04-07,420.1922912597656,435.6833548229053,412.26916229262304,423.37931460975,4159300
2025-04-08,407.82904052734375,427.2964677926078,403.21133316362904,425.02709018802153,3780800
2025-04-09,440.03466796875,442.3632447065203,407.4738589384976,408.64802385486615,4103300
2025-04-10,426.1321716308594,438.6138084496065,421.4157892163335,434.50916972013346,4239000
2025-04-11,435.9497375488281,443.64594658556535,426.9511190787932,431.4997809381644,3343000
2025-04-14,440.0938415527344,442.1658989388065,435.8708047395674,437.1929672345181,1897800
2025-04-15,444.9680786132813,448.4609734760098,441.97840583820795,443.3893668592317,2321000
2025-04-16,442.02777099609375,448.7767350371819,439.3242468052559,444.51425203483814,1828900
2025-04-17,446.1028137207031,449.1023633541431,443.70516136802246,445.3529187844868,1730200
2025-04-21,437.94287109375,446.44814395287614,434.4104999293229,444.54383726818855,1303400
2025-04-22,448.5596618652344,449.2010352199145,441.39630439050984,442.32379650651256,1458600
2025-04-23,442.2448425292969,451.7170838190252,439.57091787979056,448.3426168673965,1973400
2025-04-24,443.5472717285156,445.12598359177383,436.1865641761761,441.12986636495543,2114500
2025-04-25,442.4322814941406,443.369650080058,437.202830729082,441.95868903929613,1866600
2025-04-28,442.03765869140625,444.8892107199312,438.2586446351031,442.6790019507046,1644900
2025-04-29,444.5832824707031,446.3297450671153,440.8239916205018,442.86644951558173,1214000
2025-04-30,447.1980285644531,449.21085677536,438.99862774037433,443.3893851713322,2670400
2025-05-01,442.0869445800781,444.6128714401277,427.38525290409865,431.6181662430524,2540400
2025-05-02,448.8951721191406,451.0560282494818,446.0929426216096,447.6618081228922,1548600
2025-05-05,446.4678649902344,449.4279384147911,444.1491648968041,446.9710871080647,1462100
2025-05-06,441.1002502441406,447.4940194997117,440.3010328511221,446.8329232046427,1441300
2025-05-07,443.6755676269531,448.17487708011697,438.97890788965424,442.00805709371633,1573900
2025-05-08,447.1980285644531,451.90453438154583,443.5472593643996,443.9419297913565,1626400
2025-05-09,446.6356506347656,448.97410400507135,444.56359305337435,448.97410400507135,1058900
2025-05-12,448.3722229003906,451.90456410440663,446.3494878981336,450.3949277912223,1944900
2025-05-13,444.6720886230469,449.8916628305644,444.0997909260774,448.25375200100245,1666300
2025-05-14,440.03466796875,442.6987462067044,433.71985042153153,441.2779084946521,1941300
2025-05-15,448.1748352050781,448.944453063015,440.03463358360585,440.03463358360585,2279500
2025-05-16,451.6776123046875,452.2597564896768,445.9449389365272,449.6943835012967,1850500
2025-05-19,454.2035217285156,455.50596126723,449.2404664714405,451.677594805119,1640500
2025-05-20,453.7299499511719,455.5651811119265,451.76641400640506,455.2198331729835,1329700
2025-05-21,449.4378051757813,452.9800226833348,447.7505717917205,450.6415695466805,1867600
2025-05-22,452.8912658691406,452.9997874488709,447.5927388836632,450.010114283865,1654400
2025-05-23,452.7926025390625,454.34171500755986,447.5335514960181,447.5335514960181,1627000
2025-05-27,461.7221374511719,461.89973463210856,456.3545351657499,457.0945535310773,3330800
2025-05-28,456.35455322265625,460.8341095577916,455.9500062202327,459.9066174276353,2692900
2025-05-29,457.9035949707031,458.7718879613315,455.00275082317336,457.7753504205891,1306800
2025-05-30,461.3570251464844,462.8568149348432,454.4896633154118,460.34073448741555,4344700
2025-06-02,458.3871154785156,460.1434245237264,455.1803692361447,458.97913619169975,1865400
2025-06-03,465.5406188964844,465.9944883877309,455.851304716674,456.1571765598427,2606600
2025-06-04,468.95556640625,470.6482112367587,464.2043558053401,466.3523176849663,2092600
2025-06-05,465.4812622070313,470.05430927435594,464.5606898408152,469.18324693630154,1679000
2025-06-06,467.90631103515625,470.40072212000376,466.4611560178365,468.5893016695827,1352700
2025-06-09,467.371826171875,471.1035045924857,463.3431782239804,467.371826171875,1616000
2025-06-10,470.7273864746094,471.1629176386032,466.9461978269629,467.58961673340406,1859600
2025-06-11,463.77874755859375,469.7177761038685,462.64043979557505,468.93579555398486,2734200
2025-06-12,465.7485046386719,467.35203747464294,461.7198564546217,463.6599608160692,1572800
2025-06-13,461.2447509765625,468.08453560944946,460.4033825824231,465.8573999700889,1415800
2025-06-16,461.8584289550781,464.7883410538352,460.1559063421261,462.0662864824414,1586500
2025-06-17,456.2163391113281,460.838895973588,455.5234706191689,460.343976961706,1272700
2025-06-18,454.0387268066406,457.730803410032,453.61307348635665,456.2163523978656,1223200
2025-06-20,451.2275695800781,458.532579393985,450.7524666376847,457.7902008390344,4365000
2025-06-23,455.0780334472656,455.3848808193989,448.34714693875094,452.6628262419547,1611000
2025-06-24,458.453369140625,459.21553352167695,454.2267717789507,456.1866316752152,1470600
2025-06-25,455.52349853515625,459.1067075675793,455.0582734271783,457.0379495960274,1608900
2025-06-26,459.74017333984375,461.7000635581971,453.8506550527931,456.1371785371419,1983000
2025-06-27,459.0769958496094,462.620602763294,457.1567076236171,459.8193743841695,2643200
2025-06-30,464.4122314453125,465.26350791724417,458.83943812187306,461.46253324683886,1856200
2025-07-01,471.9052734375,472.9841932484662,464.2043348925865,465.016009314309,1856300
2025-07-02,472.321044921875,473.8552818466394,469.61877611741255,471.1926150230465,1423100
2025-07-03,470.7471618652344,472.3606027039478,469.18323105300664,471.7766018851272,952700
2025-07-07,464.8180236816406,468.8862735772783,463.03632736122586,467.5697721185906,2099500
2025-07-08,465.1744079589844,466.9957063628408,462.77898656466976,463.6203549564004,1627200
2025-07-09,466.48095703125,471.61821881812665,462.8086664019131,467.60938688384,1522500
2025-07-10,465.5604248046875,467.4213251718515,464.28352526211904,467.24316157264474,2238500
2025-07-11,464.0459899902344,464.8477564221039,459.76000437551784,464.24396969012406,1326400
2025-07-14,464.0162963867187,465.2239000590002,461.5614870606576,463.66984701539536,1133000
2025-07-15,455.8797912597656,464.49139402579664,455.39478030147507,463.41247422028687,1263700
2025-07-16,454.9988403320313,457.8396705187587,451.36612163200095,455.82039256915886,1438000
2025-07-17,456.6023864746094,457.4239387359163,452.42526884230506,454.1871793010045,1515000
2025-07-18,460.28460693359375,460.7399239840808,456.3450405716637,459.1759931372111,2267600
2025-07-21,465.64947509765625,471.3905535235897,459.5025896812517,460.28457014591794,1797700
2025-07-22,467.2233581542969,471.5390678771893,464.14497623491246,465.64951923702006,1405300
2025-07-23,465.2139892578125,469.38122932134183,464.9269579641664,468.6586366487141,1193900
2025-07-24,466.6987609863281,467.3619658115512,457.7407381705725,461.898070317061,1383200
2025-07-25,468.0845642089844,468.84672868855847,463.8084562703554,467.6391249709122,1212100
2025-07-28,462.7096557617187,466.5601400208824,461.27440880871376,463.9865552197718,1283700
2025-07-29,466.718505859375,466.8768835577591,462.50178648633954,465.1248510370125,1386100
2025-07-30,461.4922180175781,467.5401141750612,460.5320738735428,466.6096639650698,1301600
2025-07-31,455.5828552246094,462.8482626421628,453.7516488522552,453.7516488522552,2228600
2025-08-01,454.7414855957031,457.8099894803187,444.7540236602372,453.6724436245024,2219300
2025-08-04,462.65032958984375,463.72924951188486,455.1869417336793,455.1869417336793,1684900
2025-08-05,465.06549072265625,466.2533084271643,461.23482242643325,463.1848045300676,1691000
2025-08-06,466.6888732910156,468.56955961948825,463.1947460435373,466.97590458758555,1275900
2025-08-07,464.6596984863281,470.95508459763744,462.73941012906255,468.5200610884479,1090400
2025-08-08,467.6192932128906,468.5794373057493,463.92718650376224,464.23403387501463,939300
2025-08-11,465.6000061035156,468.6189999388843,461.393194577943,466.3126906761463,1069200
2025-08-12,468.4210815429687,469.6583791325877,465.1645058290029,465.7188127325553,1347700
2025-08-13,470.7966613769531,471.3113662716742,463.7391114747838,469.7474354943753,1797800
2025-08-14,472.7763671875,473.7365113338126,467.81726873817365,470.87586478179753,1545400
2025-08-15,475.2014465332031,477.76515371263855,473.71668943076867,475.9933351123112,1951300
2025-08-18,473.64739990234375,476.1615667199819,472.31111253586704,475.5478719817008,1218100
2025-08-19,475.0430603027344,477.9135844252976,471.7072809102403,473.6077831377237,1512400
2025-08-20,477.4582824707031,481.4374508909244,475.61719813877943,477.8839358033988,1160900
2025-08-21,475.8250427246094,478.00269852751177,475.1717459837387,476.50803339881696,1263500
2025-08-22,476.7752990722656,480.79403907323854,474.8154088904895,479.1409962653698,1782500
2025-08-25,472.994140625,479.0816388791833,471.8360167603933,477.0227889290021,1151800
2025-08-26,477.0227966308594,477.1910521938634,470.18301164624353,471.4500032223795,1699500
2025-08-27,477.8047180175781,478.9034539640851,474.5085705929774,475.28064306587686,2259600
2025-08-28,477.25042724609375,478.10170370815234,474.2611271002913,477.6562644863534,2579200
2025-08-29,473.42962646484375,478.40851040692274,472.15272698409393,477.2800805849907,2058200
2025-09-02,469.3218078613281,472.32101581885865,467.698459027768,472.32101581885865,1262500
2025-09-03,466.9858093261719,469.4109247111391,465.2238987477237,467.0155032603467,1617900
2025-09-04,469.0810241699219,469.6172197672911,465.3274731654832,467.46243712082713,1660600
2025-09-05,466.2311096191406,471.7223720305243,463.321640867288,467.8496966931324,1066200
2025-09-08,471.3052978515625,471.74221814646376,463.3315479253255,466.3701106919887,1677200
2025-09-09,470.1236267089844,471.1960481383784,467.0850639712598,469.8058609877539,2966100
2025-09-10,469.3888244628906,471.6031842762416,466.2012881791275,469.6171939553558,1551500
2025-09-11,480.2025451660156,481.04659714683794,469.1703830390517,469.5973637021684,1907400
2025-09-12,478.6634216308594,480.5302574825269,475.7837415698827,475.8035905647993,2069700
2025-09-15,473.390625,479.91458060392,472.1890789577982,478.0080467401347,1130700
2025-09-16,468.1674499511719,475.08862773386096,467.6014354120876,473.1026373262464,1470500
2025-09-17,476.4986572265625,478.0080293094798,468.70366922976154,470.5804143804834,1698800
2025-09-18,472.6657409667969,476.5781446923815,467.9986511508528,475.5355117970671,1650900
2025-09-19,475.6546630859375,477.51155934969904,470.6797471999592,474.16517021505155,3742100
2025-09-22,474.4133911132813,475.3269297168735,470.96769659588415,473.6388560781451,1562700
2025-09-23,476.578125,479.5868992835437,471.3251718376292,475.06878318545773,1462900
2025-09-24,470.8088073730469,478.3654861122062,470.0044837052569,476.240492194776,1579400
2025-09-25,470.4612731933594,473.01327817665,466.61838654813346,470.8088275804371,1536700
2025-09-26,471.08685302734375,471.83159942190366,467.42269834180433,469.4186283764435,1476400
2025-09-29,473.15228271484375,473.370742875412,468.0979406811349,471.41454107971794,1859600
2025-09-30,471.6727294921875,475.426250211573,469.9151388621879,470.3818478277326,2171200
2025-10-01,463.54010009765625,471.7521597263123,457.572189078364,469.4682828227498,2286100
2025-10-02,466.19140625,466.995729952955,459.70714868313235,460.1837669937373,1677500
2025-10-03,463.4606628417969,466.1417317124492,459.75677981855273,463.7486096324442,1250700
2025-10-06,465.2678833007813,467.27375297534456,461.842068083841,463.4606550891857,1539000
2025-10-07,467.0751647949219,467.2737759638525,462.6265655274492,464.8210765162269,1283300
2025-10-08,464.5529479980469,468.3859253675972,464.2550615487234,467.0155870930898,1208500
2025-10-09,454.9507141113281,466.70777440891675,454.3052732500354,464.5728406505743,1499900
2025-10-10,450.6410827636719,459.796499594406,449.747393156676,454.86131230585977,2038900
2025-10-13,453.44134521484375,456.5791833970761,451.8128185318896,453.36188862826566,1287400
2025-10-14,456.0330505371094,458.8333043043395,449.8963474075862,450.0750792726071,1664800
2025-10-15,448.2579040527344,458.29707092370154,447.6323122315651,455.81458293735255,1838000
2025-10-16,441.128173828125,449.3005351571195,437.861241469399,448.8735544980241,3033700
2025-10-17,447.7316284179687,448.1685184344118,439.7876666734698,441.0884879848268,2365300
2025-10-20,448.39691162109375,452.05112669667614,446.5598644340498,449.1912956622869,1895900
2025-10-21,446.9272766113281,449.2807007449177,445.2392029146,447.3939855782666,1766100
2025-10-22,446.7684020996094,451.8922305310143,444.6135892379688,447.1755034536712,1856800
2025-10-23,446.9272766113281,449.4991609061189,445.5172403648734,449.40976466870126,1527000
2025-10-24,442.8758850097656,447.24505808362903,442.4687533175819,446.39109670769034,1593300
2025-10-27,441.70416259765625,446.99681404497153,441.1480876716129,444.51432587377457,2337600
2025-10-28,439.6188354492187,444.0873138420331,438.8939380450134,442.3495722448275,2110300
2025-10-29,428.98388671875,436.36183413732414,428.1994119878856,435.7163932869869,4087200
2025-10-30,426.8985595703125,432.14157288522574,425.607647659773,429.42077580135344,3635300
2025-10-31,415.369873046875,423.4230797413021,411.5667148285664,422.0229528964123,4072800
2025-11-03,409.2927551269531,419.2922240849723,406.1350376572024,419.2922240849723,4908100
2025-11-04,415.0124206542969,418.3687493140212,411.10001710105934,413.2548300412795,3483500
2025-11-05,415.3004150390625,416.8494852074515,412.09302946661336,413.3740018264077,3076400
2025-11-06,412.4107971191406,416.5515703677749,410.6929044163711,413.4335810209765,3443900
2025-11-07,417.5644226074219,419.85823910257824,411.10001413717646,414.07899974686615,2563300
2025-11-10,417.7232971191406,419.2127898941857,413.00656999816465,417.5743235985897,2624200
2025-11-11,423.661376953125,425.39911847492107,418.9843782566713,422.7577477253342,2477700
2025-11-12,425.9552307128906,428.53702440400207,421.92367245288057,425.001963765213,2592700
2025-11-13,425.6374816894531,425.99494541950133,417.9715574501713,424.2075661616424,2873300
2025-11-14,420.42425537109375,427.0872447271136,420.1064896318387,425.6374802094996,2469700
2025-11-17,414.9230346679687,420.41429670386685,414.63505758580783,418.656675871989,2249300
2025-11-18,411.8149719238281,416.44233320765306,410.75245978338535,415.7968923862712,2586700
2025-11-19,410.3056335449219,413.15552495353694,407.85293416017566,411.82491500648155,2635300
2025-11-20,405.6484680175781,413.03635453261114,405.3505512832479,411.69580498764486,2723600
2025-11-21,409.8488464355469,413.50309195655376,403.5731395377728,404.526406484909,3100100
2025-11-24,404.8143615722656,409.5707867034167,403.8610643731694,407.36633617419494,4038300
2025-11-25,404.99310302734375,409.9779280791647,403.24542175807346,408.78635200777865,3580000
2025-11-26,405.0427551269531,407.6146091798222,404.17885411080835,404.6455630889775,2591500
2025-11-28,407.44580078125,408.69695413600846,403.62276317192345,404.96331276270143,1160800
2025-12-01,404.2880859375,408.687047462211,403.8710146139815,407.1478866983638,2074800
2025-12-02,405.926513671875,408.4387902995001,401.43815600242016,405.14203898387416,2139800
2025-12-03,407.7802734375,409.64400833078815,404.6408248450607,406.97298752559885,1957500
2025-12-04,402.3784484863281,407.3617100415355,400.5844560772046,406.2454339042207,2859800
2025-12-05,398.23236083984375,403.255466457432,397.59448877800867,402.6076485552278,3183600
2025-12-08,388.0764770507813,398.0828746490494,386.4818272892997,397.4250804818602,4569900
2025-12-09,389.0731201171875,395.50150904394,388.7940586967063,389.9003281229451,3574700
2025-12-10,391.3654174804687,393.0298402026187,387.69774431976526,388.315663878693,5121700
2025-12-11,401.9498596191406,402.9365660766471,393.5480880466602,393.9168445304557,3272500
2025-12-12,414.8465576171875,416.62059755443215,405.38833670397247,405.38833670397247,4726400
2025-12-15,415.5940246582031,420.0989124313366,408.6274349513552,416.0325540947987,4798100
2025-12-16,422.09222412109375,423.0290797136971,413.51103202616616,417.12888473147694,3960500
2025-12-17,420.9261169433594,422.98919444627865,419.3713418321368,421.5839110927864,4766000
2025-12-18,417.58734130859375,423.0589831687124,417.0690930573468,420.11884669033736,3370800
2025-12-19,420.0191650390625,421.9726254161616,415.7933690848907,416.6305533541843,6048500
2025-12-22,422.09222412109375,423.86626399349734,419.1221893258816,420.1487399753835,2354200
