Date,close,high,low,open,volume
2019-08-19,103.91719055175781,104.29581340028287,102.3103684462709,102.55047056861711,2903500
2019-08-20,102.51351928710938,104.24038872971462,102.42117449557506,103.73248885354789,2074800
2019-08-21,102.92906951904297,103.83406534250665,101.58081589893004,103.42773982436512,2207300
2019-08-22,103.06759643554688,103.67707770404358,102.3103578622897,102.91060958333095,1840200
2019-08-23,101.12832641601562,103.94488131167171,100.5465408421875,102.92907451249319,3870100
2019-08-26,103.2245864868164,103.26152581415131,101.81169068217353,102.14413758273142,2565500
2019-08-27,102.25495910644531,104.24039693990629,102.25495910644531,103.71402383670086,2945200
2019-08-28,102.47657775878906,103.00295080922245,101.38689233301129,101.88556265112544,1744400
2019-08-29,103.65859985351562,103.77864736597985,102.13488628622144,103.25227435678244,2708600
2019-08-30,104.32351684570312,105.43166857175439,103.35387880131562,104.1849961185825,2870700
2019-09-03,105.23772430419922,105.29312976735243,103.60319973207889,103.92641000956533,3710300
2019-09-04,104.58209228515625,105.73642001457299,103.8433197201466,105.62560201618433,3756400
2019-09-05,105.82875061035156,106.60446240397432,104.59131483243193,105.23773545590392,4045900
2019-09-06,105.32086181640625,106.18891145301254,105.12692856344802,105.99498524551144,2904700
2019-09-09,102.56893157958984,105.75487289503342,101.90403776356004,105.75487289503342,4982300
2019-09-10,102.59660339355469,102.62430611996407,98.25633580154349,100.0755566539396,6589500
2019-09-11,103.14146423339844,103.4277351744248,101.84861613462706,103.2245724244879,3404100
2019-09-12,102.93831634521484,103.8156024788314,102.61510603522224,103.35387145156872,3578500
2019-09-13,102.40270233154297,103.56626644375957,101.80245061239795,103.18764363559904,2842600
2019-09-16,101.70086669921875,102.07025290531558,100.85128335701515,101.96867152250256,1728900
2019-09-17,102.6151123046875,102.67975437063545,101.23914868664903,101.88557639158532,2438100
2019-09-18,104.0926284790039,104.26808849789337,102.66125968854372,102.91059835175035,3132500
2019-09-19,105.59791564941406,106.29974899043683,103.78793033453088,104.22195875535472,3929800
2019-09-20,107.26934814453125,108.25745219205274,105.70869512682263,107.05694878682213,7517700
2019-09-23,105.44088745117188,107.62025825232519,105.24696128396616,107.12158794574377,2611300
2019-09-24,104.58209228515625,105.78259594193258,103.37235907927385,105.60713587251489,3480200
2019-09-25,102.86442565917969,105.13614120216319,102.7905470125488,104.24038198676632,3093400
2019-09-26,103.26152038574219,104.03723212808389,102.21801086384892,103.46468315267587,2266400
2019-09-27,103.76943969726562,104.69290180602152,102.8552071368684,103.75096650963472,1906300
2019-09-30,103.27073669433594,104.76674032890551,103.1414526035819,103.79710964825014,2516600
2019-10-01,102.46736145019531,103.84331810959165,101.9594614844036,103.37235747602325,2203400
2019-10-02,98.8104248046875,102.17182560823858,98.49645113572478,101.88555466942489,4483900
2019-10-03,99.0782470703125,99.82624909801206,98.08090633640875,98.8935504276693,2735000
2019-10-04,99.91859436035156,99.97400687612998,98.81044268117522,99.2629371282023,2865300
2019-10-07,99.57691955566406,100.33415819296941,99.33681743784823,100.02017741652459,1460800
2019-10-08,98.98587799072266,100.03862393645508,97.84078022359405,98.70883661744368,2802500
2019-10-09,99.08746337890625,99.87240457444352,98.69960403148524,99.32755839700607,1636600
2019-10-10,98.7365493774414,99.2629224037878,98.42257569824957,98.83813075493417,2736900
2019-10-11,100.06632232666016,100.78662141141363,99.35525278728234,99.5030100587469,2554900
2019-10-14,99.64155578613281,100.77741015285304,99.62308259982892,100.21409774334076,1341300
2019-10-15,101.30379486083984,101.67318112928959,99.93707482666997,100.05712236959688,1760000
2019-10-16,99.68771362304688,101.10061630968784,99.53996337625671,100.82357490945499,2314600
2019-10-17,100.15867614746094,101.08213804118134,99.9739865868989,100.86050915941588,2018900
2019-10-18,100.32490539550781,100.60194679789238,99.6415455272029,100.0201612619759,2207100
2019-10-21,99.65079498291016,100.65736525362733,99.52150381177364,100.53731772134054,3944900
2019-10-22,101.43306732177734,102.92907836633375,100.55578119997062,101.56235848949025,5708500
2019-10-23,99.17982482910156,99.50303513506621,93.602113243825,97.8869765597867,9047500
2019-10-24,99.58615112304688,99.92783464204115,98.1178497416731,99.27217738569279,3304500
2019-10-25,101.76551055908203,102.12566017890411,99.30910527913001,99.8077756093735,4234600
2019-10-28,104.34196472167969,104.52666134065925,102.15336438905304,102.15336438905304,4168500
2019-10-29,103.12300872802734,104.17575493503278,102.96602186542013,103.88948394493062,2987800
2019-10-30,104.0926284790039,104.54512284589981,102.74437492476437,102.84595629933665,2424700
2019-10-31,105.228515625,105.89340954103224,103.42776714029397,103.76021409831007,4124400
2019-11-01,103.8987045288086,105.74562840323897,103.71400791409228,105.33930289631854,2629100
2019-11-04,104.4527816772461,105.57940638297008,104.23115278208162,104.5728291943236,3002100
2019-11-05,102.73515319824219,104.42509044288458,102.05179325306705,104.30503586713391,3357300
2019-11-06,105.10845947265625,105.5424878015161,102.97526420451018,103.0306696778261,3973700
2019-11-07,104.1388168334961,105.85645688526161,103.45545685933394,105.48707768547013,3076200
2019-11-08,104.84064483642578,104.87758416367872,103.52009383032241,104.02800077322996,2224100
2019-11-11,104.16651153564453,105.4685892309759,103.63090190984043,104.77599276343958,1770200
2019-11-12,104.50819396972656,105.31160845470566,103.84330019532399,104.13880775667447,2273200
2019-11-13,104.15726470947266,104.84062451757136,103.65859445638823,104.23114334966033,3250600
2019-11-14,103.4560546875,104.3569658993312,103.0938336765956,104.19907614298369,2627100
2019-11-15,105.12786102294922,105.71298570069139,103.40034197135398,103.40034197135398,4857400
2019-11-18,105.9451904296875,106.00091457089498,104.82137537080116,104.96997544268088,3361600
2019-11-19,106.90179443359375,107.84914707044476,105.6479520245636,105.90800738809848,3781600
2019-11-20,106.44670867919922,107.66339943696453,105.92659789773826,106.77177791761233,3638200
2019-11-21,106.57674407958984,107.29189645580102,105.2207358113347,106.5303025767542,2909500
2019-11-22,107.92345428466797,108.36926858508988,106.53958405611357,106.89251535804657,3120100
2019-11-25,109.10301208496094,110.02249576396423,108.29497667857704,108.29497667857704,2939300
2019-11-26,108.75006103515625,109.69741375832267,108.66647484039454,109.10299942009104,4704900
2019-11-27,109.07513427734375,109.50236912801863,108.31354048510114,109.34447937393875,1798200
2019-11-29,108.9915542602539,109.63241015722967,108.82437476912887,108.88010599015622,1243900
2019-12-02,108.42499542236328,109.8274451200205,107.83058106427906,109.14943747840482,2199700
2019-12-03,109.23304748535156,109.520964991197,107.66341806630162,108.10923244610736,2786000
2019-12-04,110.21752166748047,110.37541142191097,109.19587249307807,109.85530066097397,2597000
2019-12-05,111.23917388916016,111.37849129993549,109.16801341942191,109.96675901615747,3003200
2019-12-06,111.11845397949219,112.11224127850552,111.06272984051282,111.4249509158368,2462800
2019-12-09,111.67569732666016,112.23295987808103,110.4682963129112,111.01626914744804,2335100
2019-12-10,112.0564956665039,112.52088229828719,111.55495725386062,111.97290238807453,3592600
2019-12-11,112.17723083496094,112.56731389527071,111.43421649427243,111.97289958832891,3438100
2019-12-12,113.03170776367188,113.24532874047961,111.97290676866193,111.97290676866193,2959400
2019-12-13,112.87381744384766,113.48681122001395,112.12151334216895,113.29176967831864,3343900
2019-12-16,114.09980773925781,115.40938159971024,113.36607592244793,114.3041390155819,3468400
2019-12-17,116.40314483642578,117.98205641463247,114.52701903683925,115.16787480122971,6718800
2019-12-18,120.25756072998047,120.7219473715395,118.5950627888596,118.77152489418711,8173000
2019-12-19,121.52999114990234,121.66001884414263,119.19876111265454,119.8860584518993,4423400
2019-12-20,122.99745178222656,127.24195292692694,121.89222336562639,123.05319008941223,9229900
2019-12-23,121.80860900878906,123.13676215776309,121.69716075112468,122.96029296849088,2473400
2019-12-24,121.77146911621094,121.86435211589819,120.86127524149121,121.73432441950965,1215800
2019-12-26,121.79932403564453,122.31943479068326,121.35351684160491,121.66929634688483,1272000
2019-12-27,122.15228271484375,122.38447606708428,121.52070942733161,122.19872421968337,2161300
2019-12-30,121.94796752929688,122.53308521725245,121.54858754130366,122.15229883999864,1856200
2019-12-31,122.06866455078125,122.15226491609418,121.20491220884306,121.8364712323735,1549800
2020-01-02,122.79313659667967,122.83956392879124,121.41854177041895,122.38447403600529,2204200
2020-01-03,122.38446044921876,123.0345989181345,120.95414164564838,121.0191625785178,1963500
2020-01-06,122.83956909179688,123.11820395596398,121.61359553020267,122.05940280969531,2102900
2020-01-07,123.0717315673828,123.46181461054952,122.31942754327886,122.31942754327886,2448300
2020-01-08,124.1863021850586,124.65068890239236,122.60737600855742,123.02533539172416,5188600
2020-01-09,126.23884582519533,126.64750828187331,124.4648856936856,124.96643113486452,4522800
2020-01-10,128.17074584960938,128.42151866833328,125.87667411984876,126.10886750001109,4177600
2020-01-13,129.0437774658203,130.01899236267198,128.06856256896864,128.35648005322943,5117100
2020-01-14,130.63194274902344,130.86413604518023,128.28214772567316,129.09019003322754,4685200
2020-01-15,131.05921936035156,131.59790965074072,130.03756291789668,130.56697057588454,3676500
2020-01-16,131.35641479492188,131.85796036582613,129.88896529831683,131.72793265706528,3794800
2020-01-17,129.63815307617188,131.6443064055905,129.4338218571411,130.84556095991195,5393200
2020-01-21,130.87344360351562,131.48643735702024,128.57007571252046,129.56386990428902,4849500
2020-01-22,131.4771270751953,132.11798282707122,130.66909895602333,131.1892096613273,2742100
2020-01-23,131.15211486816406,131.6443636995318,129.91684438712227,131.18925957326613,3138700
2020-01-24,129.16453552246094,131.87655240140575,128.82087969565077,131.74652468022205,3183300
2020-01-27,128.4586181640625,129.1923569234423,127.55770703234052,127.55770703234052,2826400
2020-01-28,129.34097290039062,129.9168220200257,128.38433747417042,128.81157945506374,2649100
2020-01-29,129.95396423339844,131.08706884370957,129.07163239342344,129.57316376213922,2815500
2020-01-30,132.5081024169922,133.48331734449025,128.26361524784178,128.33790465027948,5243400
2020-01-31,129.69393920898438,132.6753085689701,129.5360494045931,132.6753085689701,3913500
2020-02-03,130.95697021484375,131.486377535269,129.73098326561615,130.52044584703836,5137800
2020-02-04,133.2232208251953,133.80835243559227,131.68145401897843,132.16442001759103,3177500
2020-02-05,136.85475158691406,136.864034218021,134.2356040752532,134.46779740052995,4060900
2020-02-06,136.8083038330078,137.33769722101954,136.3531998343672,137.21696633432506,3285000
2020-02-07,135.981689453125,136.7339934877911,135.0250541779379,136.7339934877911,2670400
2020-02-10,135.1458282470703,135.18298712374235,131.06851310779788,131.4214515763868,4892100
2020-02-11,133.97555541992188,135.4708810767556,132.9817611352384,135.3501360065157,2976400
2020-02-12,133.28823852539062,134.57923272293263,133.26967326496165,134.36561885236287,3953200
2020-02-13,132.38270568847656,134.19386765397996,132.37336069674012,133.37230612437077,3455500
2020-02-14,131.74783325195312,132.86814939156875,131.2343716409427,132.8027914437462,2273700
2020-02-18,131.6451416015625,132.53206094338103,131.19702368097808,131.6544865917365,2858200
2020-02-19,131.47711181640625,132.4200299374223,131.0383246102372,132.2146395751554,3082800
2020-02-20,132.5693817138672,133.3255850626877,131.8225091086507,132.2239590101862,3417000
2020-02-21,132.6067352294922,133.17622405834456,131.01030890700252,131.9532269616481,2900900
2020-02-24,128.97506713867188,132.1866094147433,128.71366385996004,130.03002524266552,4727400
2020-02-25,126.41706085205078,129.98335696260102,125.67951890096838,129.71262291114044,3401600
2020-02-26,124.6619110107422,127.9201358156036,124.45652066513992,126.99587926039348,4659000
2020-02-27,120.61011505126952,125.7261681721658,120.4794134321542,124.47516492557502,4292800
2020-02-28,117.75336456298828,118.37887347244074,113.44019575969106,117.98676138992708,7898300
2020-03-02,124.01776123046876,124.16713865075268,117.82807861227884,119.25646636088364,7355700
2020-03-03,121.65576171875,126.64111460212573,120.14335481479404,124.42851720627728,6936600
2020-03-04,131.05699157714844,131.50510949874038,124.1671126476422,124.19511912740346,5301900
2020-03-05,130.8422393798828,132.48536195636274,128.3962454931448,129.18980030523204,6882100
2020-03-06,132.06527709960938,132.90550004380577,126.5477722625361,127.07990966175036,8010700
2020-03-09,126.70642852783205,131.570408810738,124.4564804434056,125.11933348006744,5351300
2020-03-10,131.8131866455078,132.50403209626842,125.7728759736872,129.98334936004818,5961200
2020-03-11,130.72088623046875,132.4200075593215,128.26554728902204,130.19807966774485,7211800
2020-03-12,117.65065002441406,127.43464653326588,117.56663059944424,122.10385761543262,7836300
2020-03-13,130.11404418945312,130.11404418945312,119.97528657433922,124.120416043395,6841700
2020-03-16,120.78753662109376,129.46988763148676,119.73257835077712,122.29994357857156,6619700
2020-03-17,133.68968200683594,134.05378043907126,122.39328561863071,124.36315514826546,8909200
2020-03-18,133.58700561523438,134.43657349161495,125.17538902719758,127.28529123281491,6734600
2020-03-19,124.25112915039062,133.48430688931467,122.4119610473382,133.02685823375086,6554800
2020-03-20,114.27108764648438,123.46692118343128,112.2452049024892,123.38290174481396,9113500
2020-03-23,111.14359283447266,118.45357742193418,109.28574861270953,112.91740335614928,7299300
2020-03-24,114.72854614257812,116.3249796183782,109.61249157499176,115.0553002827642,6827300
2020-03-25,113.84162902832033,117.76269254258104,111.29293275815712,112.14250055577996,6472100
2020-03-26,125.4274444580078,126.72513008004988,113.8416240312221,115.10196531100408,6723600
2020-03-27,125.20339965820312,128.47095537223902,121.55306971305262,121.97318117006049,4717400
2020-03-30,129.24581909179688,132.35466629377527,124.64322661566426,124.97931859007842,5057400
2020-03-31,129.5072021484375,132.5880423917598,125.58613922303115,127.86409399985622,7560100
2020-04-01,127.36000061035156,128.07886694906202,124.14845744279826,125.10072064839004,3297900
2020-04-02,132.73744201660156,133.31627585800248,124.19512349885882,126.36105297937873,4725000
2020-04-03,130.38478088378906,134.99670354595986,129.2644791864161,131.56109552921933,4013200
2020-04-06,132.20533752441406,133.96981747747145,130.98234007618592,132.82150874495244,4159900
2020-04-07,132.45738220214844,135.1834556457815,130.7489155851163,133.6243664286393,3900600
2020-04-08,136.50914001464844,137.4707338212695,131.1690193676629,132.6160825727587,4006600
2020-04-09,136.05165100097656,136.67715268028124,134.01643785745466,134.91267354152345,4415300
2020-04-13,134.8286895751953,136.85457250836922,133.39097125808948,135.3421654903807,2289000
2020-04-14,141.0743865966797,141.48516731451244,134.4832621116703,137.4987452969788,3809600
2020-04-15,141.13970947265625,143.21227424642856,138.64703329780264,139.0484832111278,3614400
2020-04-16,144.4539794921875,145.2568652542329,141.90528978929302,142.73618203469007,3512900
2020-04-17,146.8439178466797,147.1986855253301,142.8668416810577,145.09811441936031,3709900
2020-04-20,147.31072998046875,149.56067873404498,145.27551655702263,146.2277795670536,2562200
2020-04-21,142.53074645996094,145.45287875655603,141.3544317959885,145.08878034303532,4270200
2020-04-22,146.30247497558594,146.83461233960935,143.3710113648021,144.34193590822986,3278000
2020-04-23,149.30862426757812,151.76396365889426,143.7724578892513,146.7412589481272,5692900
2020-04-24,152.10935974121094,153.94852771421176,149.9434447866855,151.2411304597023,4414000
2020-04-27,150.57827758789062,153.5750988548008,150.04614027606803,153.10830524126038,3210300
2020-04-28,146.853271484375,151.22245280432227,146.19041829502726,150.2515283705819,3270200
2020-04-29,144.8553924560547,147.53478314460156,144.39792960259615,147.2827106134787,3240700
2020-04-30,144.36993408203125,146.55452486311526,143.10025483188298,144.89274067113735,4175800
2020-05-01,143.42703247070312,144.33261336087187,141.5038447642953,143.51105191525582,2576400
2020-05-04,143.10023498535156,145.63959313346524,141.2143849829857,144.3792448024158,2228500
2020-05-05,147.4040985107422,148.6457713315802,142.6054603493276,143.58572986529566,2862600
2020-05-06,146.27447509765625,148.3843918556079,145.96640377455304,147.93627386749833,1964800
2020-05-07,142.8108367919922,147.21736956710345,142.57743998926557,147.03998571776555,2330600
2020-05-08,143.31497192382812,144.1645397301769,142.41873615186012,143.95914939797368,1966600
2020-05-11,148.020263671875,148.8791622459764,142.91354019417415,143.27763865760204,3196200
2020-05-12,147.2454071044922,150.68100192755278,147.12403618294044,149.2526143331874,2329400
2020-05-13,147.4414520263672,148.7671586773636,145.6769724008233,146.60122906007516,2650000
2020-05-14,148.5576629638672,149.09230551051212,144.27107635644774,146.26898352740898,2393900
2020-05-15,149.35488891601562,149.61752276454038,146.353348995396,148.79210823166457,2824500
2020-05-18,148.16371154785156,152.30020320363192,147.36642075409176,151.33408244176832,2703700
2020-05-19,146.98184204101562,149.2611467592882,145.64990872492635,147.12254799120393,2339400
2020-05-20,143.63327026367188,147.66658371697338,142.20753280199415,145.64055231745812,3780800
2020-05-21,142.83596801757812,143.65200817866418,140.43473520738922,143.65200817866418,3049800
2020-05-22,141.78541564941406,143.09858521616923,140.85680796918908,142.77967465173936,2355000
2020-05-26,138.7838592529297,142.3481803335721,138.03347059451485,141.7384975993762,5013400
2020-05-27,136.66404724121094,138.98086515872905,134.71304192580214,138.98086515872905,5376100
2020-05-28,141.30702209472656,142.667107825081,137.4237761011875,138.28671806503246,3982700
2020-05-29,143.46438598632812,144.11159604556673,140.64106449328116,142.25439515001477,9466300
2020-06-01,142.995361328125,145.37784376124006,141.5321116132835,144.89008908546944,5233800
2020-06-02,144.31796264648438,144.5243199051979,141.67284559159705,142.6483552350564,3269400
2020-06-03,143.07044982910156,144.8150976107517,141.4946463166305,143.83021325921976,3190300
2020-06-04,141.36329650878906,144.0177734055396,140.42531435623582,142.77026973761895,3328700
2020-06-05,139.95639038085938,142.34823456664208,139.14033578440677,140.41599269598092,4578800
2020-06-08,139.95639038085938,139.9939033874592,137.4332148907806,137.6489468818066,4076400
2020-06-09,139.8813018798828,142.3388108714443,139.86253822680578,140.46284631300682,4302100
2020-06-10,141.63534545898438,142.94851512235547,140.54728241649067,140.65985003940526,4940200
2020-06-11,135.14453125,142.7984725041593,134.17841034184391,142.432659872066,4547400
2020-06-12,134.6380157470703,137.3018972014424,132.69639921274268,136.5139809420621,3973200
2020-06-15,132.74331665039062,134.03772305305947,131.0174175926984,133.19354434208066,3709900
2020-06-16,153.5570831298828,157.0463639934163,145.38725129204775,146.62539475368348,15029300
2020-06-17,150.04904174804688,154.16678380383684,149.51438492404404,154.0448415150344,4711200
2020-06-18,151.08084106445312,152.86300200593976,148.38882168313253,149.32680413917316,3631600
2020-06-19,150.02088928222656,152.40335799386813,148.44507159748088,152.16886242210336,6004900
2020-06-22,150.499267578125,151.4653882689253,149.06415570489833,149.30802596726903,2647300
2020-06-23,149.45809936523438,152.7691758083173,149.09228683310118,150.9119748230622,2771500
2020-06-24,147.29132080078125,149.88014611744018,146.63473622544785,148.71705753041255,3096000
2020-06-25,152.75982666015625,153.25695622758877,146.99124015599864,147.86355698895417,3735400
2020-06-26,152.73167419433594,153.63212927323758,150.2460122747643,152.26268299960265,5290400
2020-06-29,152.62850952148438,154.02610856213337,151.04331684827605,153.68843429853587,2640300
2020-06-30,153.9979248046875,154.92653242007202,152.23452783995697,152.99429120141983,3296300
2020-07-01,153.17251586914062,155.20793578804555,152.44089080381903,154.1292618439744,2065100
2020-07-02,153.70716857910156,154.55136131159918,152.30019500408088,153.89477650575125,1960200
2020-07-06,156.53988647460938,158.4439896540503,153.83849250822078,154.26059604982598,2760100
2020-07-07,156.40853881835938,157.93745445246728,155.02032910800375,155.81760542604073,3273300
2020-07-08,158.6409912109375,159.28820145206828,156.49300318421427,156.49300318421427,2781800
2020-07-09,156.12713623046875,160.16046260212366,153.55707413112583,159.34442265816853,2955200
2020-07-10,153.228759765625,155.83634891541726,152.64721543095044,155.83634891541726,2245100
2020-07-13,152.02816772460938,156.64303876596617,151.05265815084212,154.40126171780247,3455600
2020-07-14,153.716552734375,154.55135645683205,151.51228847775943,152.77857038049177,2642900
2020-07-15,155.18917846679688,156.1552991517727,153.73530294754514,154.94530820589642,2346200
2020-07-16,154.76707458496094,155.17978907384995,152.51592286144185,154.72017260895564,1486800
2020-07-17,155.66757202148438,156.88693774335923,154.87028122258818,155.74259802169647,2935800
2020-07-20,156.68055725097656,157.30901798758134,155.45180272674534,156.16467843544063,1806200
2020-07-21,155.04849243164062,156.85879158021532,154.54197392441395,156.5211173462227,1540700
2020-07-22,154.6170196533203,155.56439106348208,152.2626889167576,155.2736044889677,1686500
2020-07-23,151.50296020507812,155.1986141011823,150.81822257205792,155.0110061229701,2408800
2020-07-24,149.6457061767578,151.45601965582088,148.62330879316772,151.45601965582088,2247900
2020-07-27,150.54617309570312,151.70927640793678,148.75462330175085,149.70199467249307,2709700
2020-07-28,152.5628662109375,155.15170738164122,151.34350026456823,151.64364725810444,3483100
2020-07-29,151.71865844726562,152.9192748157915,151.10897559116967,152.4502835995712,3108900
2020-07-30,143.51129150390625,148.6701941396676,141.119433783013,148.62329216230222,6638100
2020-07-31,140.96934509277344,143.83019379824032,139.51548406517594,143.63322554206985,5342700
2020-08-03,143.36122131347656,144.30859266265162,141.8416944613008,143.32370831634415,3615000
2020-08-04,145.24656677246094,146.32524070652573,143.5957087429679,143.86773162849764,3260000
2020-08-05,144.76821899414062,147.72287252559352,143.79272346886083,147.5540282291643,2386400
2020-08-06,143.39877319335938,145.85628283214612,141.63536146401327,144.30861738882177,2176200
2020-08-07,143.4456787109375,143.98033568738887,142.1794107304904,143.4738313577059,2017100
2020-08-10,143.51129150390625,143.97090798212835,142.13245638171392,143.44562587309994,1745200
2020-08-11,141.2882537841797,143.6425837940249,140.88491402304746,143.6425837940249,2103400
2020-08-12,143.08921813964844,143.67076264829495,141.26015532013471,141.43835995385095,2430400
2020-08-13,141.81674194335938,142.9760798331653,141.18521783635668,142.1560621040634,2077700
2020-08-14,141.46803283691406,142.97612612436967,140.58202910920215,141.19469829946252,1538000
2020-08-17,142.8253173828125,143.92810469333253,141.72253007229247,142.25035842102918,2704700
2020-08-18,144.31454467773438,144.35224053597628,142.4671312145414,143.40968587525884,1959700
2020-08-19,143.5416259765625,145.53985140088898,143.27771185335277,144.97431291844467,1938800
2020-08-20,142.64620971679688,144.06947636747688,142.18436716741695,143.78670711101952,1830200
2020-08-21,140.6857147216797,142.65566505048005,139.45097031864424,142.6462302984837,3112000
2020-08-24,140.93075561523438,141.76019381148535,139.73370734986418,141.43030835939663,2268400
2020-08-25,141.08157348632812,142.61794217226,140.73283286721184,141.72251812881066,2216100
2020-08-26,140.6857147216797,140.87423717468008,138.94199708937737,140.61974336892467,3029700
2020-08-27,140.412353515625,142.26918714361008,140.38407802949254,141.92986692777927,3146100
2020-08-28,138.87599182128906,140.5820133523835,138.53667158875567,140.28982372647124,2102600
2020-08-31,139.86570739746094,140.2427235677997,138.5838322831662,138.8854567252332,4430700
2020-09-01,138.83828735351562,140.62913523610075,138.22561826992737,140.07303150629434,2358700
2020-09-02,140.95904541015625,141.38319211003795,138.09367132933727,138.35758547069665,2406800
2020-09-03,140.45947265625,144.5595760154788,138.98908996840296,143.44736863239862,4226100
2020-09-04,142.2408905029297,143.81495465324872,139.450923100783,140.22382462609843,4361800
2020-09-08,140.73281860351562,142.61792771750228,139.9693517135096,142.27860750169503,4351200
2020-09-09,143.239990234375,145.26647639784576,141.67534651232717,141.96753606887762,2328500
2020-09-10,137.8203125,141.94870558344414,137.349035276127,141.27006523048786,3961300
2020-09-11,139.58290100097656,140.61971676736474,138.44241804019074,139.0833482359644,3001400
2020-09-14,140.44064331054688,141.86389565910682,138.99853584189717,140.5254697775868,3072500
2020-09-15,141.45860290527344,143.14576939232617,140.83651338758105,141.34550095014484,2923500
2020-09-16,142.28802490234375,143.90920531103558,142.12777799082198,143.0043611007071,3618800
2020-09-17,143.71127319335938,143.90920156698954,140.87418957416102,141.50569930804613,3620700
2020-09-18,145.31362915039062,145.6246738689894,143.30598341318074,143.30598341318074,13209800
2020-09-21,142.49539184570312,144.83293751575982,140.49718077565456,144.371080602559,3501600
2020-09-22,141.25123596191406,142.863010690682,140.58201585336917,142.2409211895967,2926400
2020-09-23,141.2041015625,142.88184759086275,140.15786538685882,141.43031984288572,3545700
2020-09-24,140.26148986816406,141.06266670058213,138.90420950287202,140.68563638675886,3424200
2020-09-25,141.62826538085938,141.76022246481486,139.35671946292902,139.86569267754484,2440600
2020-09-28,139.59237670898438,142.87246350523168,139.4038542363331,142.3257799754829,2427100
2020-09-29,137.8580322265625,139.91280875729805,137.54698747906502,139.47922730805374,3308300
2020-09-30,139.5169219970703,139.92221353115147,136.72695433128607,137.98997391751524,5083900
2020-10-01,136.001220703125,140.16732542047723,135.7844371342202,139.8091500074868,3809200
2020-10-02,136.8683624267578,138.4989778890939,135.039804166428,135.41682026078294,3880000
2020-10-05,138.20677185058594,138.9985141840801,135.89750180453407,136.73638912202813,2790600
2020-10-06,135.85037231445312,139.33782077037824,135.66184992583098,138.48951316829547,2409200
2020-10-07,140.4029541015625,141.2795230669716,138.41416311406934,139.98822773340382,4602800
2020-10-08,144.68211364746094,145.09683992259252,141.8544501885529,143.64529795963196,4686100
2020-10-09,147.86798095703125,148.1224603622433,145.2194046404138,145.2382453785639,4590600
2020-10-12,145.61524963378906,148.12243366900233,145.54926391542648,147.82082370828266,3242700
2020-10-13,141.45860290527344,145.46446014816036,140.01649544841356,144.210860743929,5963900
2020-10-14,139.931640625,141.94870658207728,139.22472478421724,141.74134345153516,2710200
2020-10-15,138.34817504882812,138.47071175978417,137.02860424715954,138.0936812577052,3785900
2020-10-16,137.72607421875,139.8562568297331,137.61297226851792,138.65920845489018,2918900
2020-10-19,134.59678649902344,138.94196335232476,134.0406827915362,138.5555125526511,3158900
2020-10-20,135.34140014648438,135.84095289176875,133.94642348317558,135.12461663379733,2188700
2020-10-21,133.19235229492188,135.09631610033702,133.09810548969094,134.1160515267174,1983700
2020-10-22,133.51284790039062,134.08780675826767,132.71168515235948,133.3997459553136,3056600
2020-10-23,134.20091247558594,136.3876314068926,133.57882306236246,134.06895542268157,2427200
2020-10-26,133.5599822998047,134.11608605522258,132.00477298184165,133.74849034103633,2947100
2020-10-27,124.32292175292967,128.26280669169662,124.29464627102077,125.37859247907303,11374600
2020-10-28,123.76683044433594,126.39656558208512,122.82427593405116,122.96566773993816,6188000
2020-10-29,124.93561553955078,125.48229893531494,122.8902737763294,124.4172076313053,4099900
2020-10-30,122.96566772460938,125.45401105616138,121.78747458690027,124.19097708203448,4335300
2020-11-02,124.06849670410156,126.25521642791804,122.52270736032337,124.92621066771214,3449500
2020-11-03,123.4557876586914,126.36829207147308,123.19187354226806,125.96298614695392,3628400
2020-11-04,140.05418395996094,143.2494434649301,127.16004399088808,127.16004399088808,12211700
2020-11-05,137.16055297851562,140.261551364804,136.38765128298178,139.19646003684616,5731000
2020-11-06,134.5402374267578,138.9231101939579,131.10933954760642,136.7175360678407,6229800
2020-11-09,134.1537628173828,136.4347426262677,132.52314781336668,134.35169117750232,5493800
2020-11-10,138.1408233642578,140.62916735608528,135.52994265127688,139.12108836899714,5377000
2020-11-11,136.44415283203125,139.27181568108423,135.1340029539262,139.27181568108423,3046800
2020-11-12,133.61146545410156,135.91364884780018,132.50301213718677,135.41151488372967,3463400
2020-11-13,134.8904571533203,135.67679879252174,133.88621814252804,134.9378154621727,2142700
2020-11-16,133.19461059570312,136.7094616692699,132.63564954210608,135.53468356911566,4957600
2020-11-17,133.77252197265625,134.4925533130873,131.31876595631175,132.22827390248946,3619200
2020-11-18,132.79672241210938,134.9283670531196,132.75883286808207,134.43571624392237,2795100
2020-11-19,135.8662872314453,136.32103401146313,131.61246699277967,132.87250747937068,4626100
2020-11-20,137.8368682861328,139.3526956213236,135.32625622275205,135.32625622275205,5063800
2020-11-23,135.83786010742188,137.96002128566786,133.73463647102537,137.88422774985352,3794200
2020-11-24,137.2779083251953,137.9789877629439,135.5820729588253,135.84734313394307,4127000
2020-11-25,137.1357879638672,137.69474901873716,135.10835789449493,137.27789180624475,3223700
2020-11-27,139.684326171875,140.1390730428493,137.71373712279652,137.98847610880492,1754000
2020-11-30,137.98846435546875,140.37591052297935,137.27791610553092,138.64217105839413,5842200
2020-12-01,137.90318298339844,140.27167682264653,137.61896083146084,138.97374682470308,3954400
2020-12-02,137.52426147460938,139.35273220133962,136.7852923827954,137.7137381342284,3757400
2020-12-03,136.52943420410156,138.79371331752077,135.6009888385012,138.03579253787015,4059600
2020-12-04,140.6411590576172,140.8969604359268,136.4252429817021,136.49156774709823,3058600
2020-12-07,139.6653594970703,140.52749482599972,138.77480339519957,139.551676405305,2637200
2020-12-08,141.44650268554688,142.2423134145132,139.1822223896572,139.24853272233238,2754400
2020-12-09,149.68882751464844,150.57938361157886,145.59606276011047,146.45819808425725,8364400
2020-12-10,152.531005859375,153.47840341129657,149.8593378240092,151.460441999739,6430600
2020-12-11,151.62147521972656,152.70150768947963,150.69302980513046,151.31831556554994,3441900
2020-12-14,149.6035614013672,153.75315314007076,149.5277678571531,152.23732562421014,4390100
2020-12-15,158.62277221679688,159.3806931831882,149.73619261568214,151.04359146516364,6974300
2020-12-16,162.999755859375,164.07978851788437,157.97854581481266,160.76389700153146,6009900
2020-12-17,163.5492401123047,164.7524245661197,162.09972304893773,162.69657366223416,3521100
2020-12-18,162.38392639160156,163.79555387667114,160.11017816461865,163.44502142618043,7356400
2020-12-21,159.90176391601562,160.11019254208824,157.07852314849563,159.99650945737227,3655900
2020-12-22,157.9501190185547,159.5322711755505,157.14482532713333,158.8880477873248,2447900
2020-12-23,156.7753448486328,159.16279075771766,156.76587607720273,158.64171920627103,1697300
2020-12-24,157.89329528808594,159.1059631195211,157.12590550714626,157.12590550714626,627200
2020-12-28,157.74172973632812,158.78387307259882,156.5195929657405,158.41438851812882,1482000
2020-12-29,157.81748962402344,158.92594305095352,157.18273498413046,157.8648623939551,1712000
2020-12-30,158.22486877441406,159.532282095011,157.9122258300913,158.6322572616735,1413300
2020-12-31,159.95860290527344,160.2428250686669,157.5427362006387,158.28171960791758,1643600
2021-01-04,156.79429626464844,160.56493450776503,154.52054790187674,160.12913972536788,3164800
2021-01-05,157.5711669921875,157.89327868876808,154.61527681469366,156.50060313786696,2322600
2021-01-06,155.67637634277344,158.4806650671704,154.39738383505485,154.40685260658722,3619700
2021-01-07,157.10694885253906,158.3290854200286,153.2699856053615,155.54373410791246,3025500
2021-01-08,157.65646362304688,158.08278972087618,155.97956555169966,157.47645573690636,3438100
2021-01-11,176.1591033935547,179.34235975124915,172.4453067189344,175.26854738036943,11396500
2021-01-12,169.39468383789062,174.54852879265056,168.10622259920063,173.17479078829473,7179300
2021-01-13,175.7422637939453,177.7507421827682,169.90629080980463,170.37052086177297,7303900
2021-01-14,176.86965942382812,179.02025601341686,174.87064991899896,175.52435657290206,4413200
2021-01-15,180.73504638671875,181.69191277008696,176.9738767127152,176.9738767127152,6624600
2021-01-19,188.0394744873047,189.02477610187077,183.86146199382495,185.68993245095072,7729100
2021-01-20,190.67320251464844,191.15638445830177,188.22891539824317,188.31419215403577,5335800
2021-01-21,191.70590209960935,193.95122969144384,187.59418570144615,192.98488013226697,8698800
2021-01-22,195.2965545654297,195.67550784990576,190.01007384698408,191.41221834691487,6128800
2021-01-25,201.17990112304688,201.3504257647975,197.1439777945876,197.28609611885432,5959100
2021-01-26,201.53042602539065,202.0135936149142,199.521947665637,201.36937016221611,6601500
2021-01-27,196.65133666992188,200.86725331091336,194.3112633236368,199.96722843683625,7358000
2021-01-28,199.06716918945312,200.69669413693285,196.6513169944688,197.05869100326905,5460400
2021-01-29,197.03030395507812,206.5327018805208,193.7049431794698,200.81042604233176,8401700
2021-02-01,192.45437622070312,198.84931096222573,192.41648667182633,198.44193687319552,5383800
2021-02-02,187.1678771972656,195.06917011934613,186.96893178644237,193.62913610148908,5314600
2021-02-03,186.59942626953125,190.03846951748943,186.5331015026314,187.40470550670528,3679000
2021-02-04,191.01429748535156,191.26063011070116,185.34886394441057,186.4573173900638,2924300
2021-02-05,191.15640258789065,192.24590395873432,190.28479859998785,191.01428428551603,2732200
2021-02-08,194.94598388671875,195.5712552380705,191.28902902855612,191.73430700151377,2909300
2021-02-09,191.09959411621097,194.1691533751517,189.78271190738528,193.03227904013136,2661300
2021-02-10,193.63861083984375,194.7375956158639,191.03326722518676,193.71440438882527,3062700
2021-02-11,192.7252960205078,194.24745371817232,191.81198978870103,193.00118229461555,3544700
2021-02-12,197.20616149902344,198.09092825516436,191.36484860184217,191.84052559515172,2611300
2021-02-16,195.75062561035156,197.39647874957907,193.7052199847149,195.95992468566936,2741900
2021-02-17,196.41656494140625,196.63537230983297,194.33309723450813,195.0370899459273,3329900
2021-02-18,191.3363342285156,195.42715981060343,191.17460577156828,195.31300196252573,3919400
2021-02-19,191.1460418701172,193.0107020772089,190.5847465001519,191.34583259522017,3434900
2021-02-22,190.91769409179688,191.80246076927077,188.33002483345848,189.4906632387493,2263600
2021-02-23,192.63018798828125,194.37116785875355,189.01503924439675,190.56575118445673,3287700
2021-02-24,194.57095336914065,196.4165827289954,191.82154047683977,191.8595882552901,2848800
2021-02-25,193.9050140380859,195.55085268875715,191.93570393683032,193.6671754954133,2386700
2021-02-26,194.9229278564453,196.92077713866047,192.23059419256933,196.64487633897303,3887900
2021-03-01,196.4260711669922,198.10997189413297,194.8182805055623,195.76963455218257,2797400
2021-03-02,194.2093963623047,199.73676053441497,194.17134859125724,198.7283276618005,3445300
2021-03-03,192.1735382080078,194.37116397081385,189.9949435928161,193.4768887476,3660300
2021-03-04,190.78453063964844,194.7802291757302,188.9484243311102,193.87643123472904,4308400
2021-03-05,196.8541717529297,197.5676872667572,191.10799986883688,191.2411888507576,3875900
2021-03-08,196.95884704589844,200.631074618202,196.28339373367723,196.93030758293204,3300300
2021-03-09,196.0835876464844,201.83928266442555,196.0360170397554,198.2051031546951,4227300
2021-03-10,195.45570373535156,197.91970745603268,194.44727067694228,196.82565600961024,3400200
2021-03-11,195.2273712158203,197.1681270928227,194.33309608513397,196.4641198690564,4037300
2021-03-12,197.9577484130859,198.3192675899678,192.4398921327538,194.92292673307776,4541400
2021-03-15,179.95811462402344,183.78254700774193,179.04480845512242,183.6208185800581,12388500
2021-03-16,181.6134490966797,182.2984250486256,178.12198211422353,182.22231499657516,6194200
2021-03-17,177.64633178710938,180.59553505068544,177.48460334596635,180.5003938422435,5134200
2021-03-18,174.98251342773438,177.9887951939248,174.85884729367845,176.97085408365328,4240000
2021-03-19,175.3250274658203,176.7615813389371,174.9349833468149,175.71508610133614,6048600
2021-03-22,176.79965209960938,176.8662538581662,174.28807771933234,175.09673455502698,2666600
2021-03-23,174.7446746826172,177.57971971267503,174.33559947986535,176.3334484455831,3284700
2021-03-24,171.40545654296875,174.89692414608243,171.0724913371304,174.76373516044498,3931500
2021-03-25,174.18341064453125,174.70665827867984,171.4530291488525,172.19508415127746,2630500
2021-03-26,176.29541015625,176.86622837172212,173.74578836456436,175.09670932357082,2868200
2021-03-29,177.27529907226562,178.54060162137242,174.58296553767886,175.67703133645276,3002600
2021-03-30,176.47616577148438,177.77000778313786,175.7246025039807,176.50470522996488,2523600
2021-03-31,177.73196411132812,178.79747596321118,176.2478396535493,176.5427715921693,3621300
2021-04-01,176.2288360595703,178.92116986406066,175.67704894788747,177.73197725694538,2340400
2021-04-05,175.89584350585938,176.85670583644867,174.19292620382285,176.56178841401584,2864800
2021-04-06,173.9075164794922,176.59985007826018,173.6125990581042,175.7055749833996,2488400
2021-04-07,173.4508819580078,174.2690325268273,172.40438666868565,174.0026545470928,3406600
2021-04-08,173.7267303466797,175.0205721873027,173.59354138587327,174.05018717770844,2393200
2021-04-09,175.51528930664062,176.13366354585236,173.5364714180508,173.6506292427647,2611200
2021-04-12,172.97518920898438,174.99205501992742,172.08091413688402,174.5068551950803,2876100
2021-04-13,173.65066528320312,174.7066689305015,172.36633142257932,172.36633142257932,3089100
2021-04-14,174.09780883789062,175.49630059479466,173.1940253018707,173.70775015379908,2002100
2021-04-15,176.87574768066406,178.58818791701685,174.48785418107644,174.84935885793732,2586600
2021-04-16,180.0437469482422,181.0426715651276,177.78904258286582,178.2647195893341,3731800
2021-04-19,180.4147796630859,181.59446389927152,178.9211613680589,180.03424385348316,2966400
2021-04-20,181.33758544921875,184.08699791231336,180.91898736905048,181.14731755364497,2460900
2021-04-21,181.6610412597656,183.62082815407047,180.56698997923928,182.24136777359948,2219800
2021-04-22,177.95077514648438,181.96549033542473,177.66536603268798,180.757266646376,2982600
2021-04-23,179.53953552246094,179.9295941626765,177.9317448728251,177.9317448728251,2482800
2021-04-26,178.1124725341797,179.4729015990685,177.00889856206203,179.3968060640676,2797500
2021-04-27,173.34622192382812,176.82816659548877,171.9952864443876,175.04913922796612,6838700
2021-04-28,171.7669677734375,173.14642817150187,169.89279923026035,172.62318056768157,4682800
2021-04-29,173.33670043945312,173.74579021875962,171.24372448790305,172.25215743169016,2432500
2021-04-30,173.87896728515625,175.00155798971753,172.37582628679584,172.994200554019,3103900
2021-05-03,176.87574768066406,177.28483748103417,174.0216854589131,174.08828721201266,3197000
2021-05-04,179.04481506347656,180.8333651804788,177.6938941619252,178.4074096426642,3703500
2021-05-05,183.4305419921875,184.1535802422429,179.01626050438247,179.47290630891172,4274400
2021-05-06,184.4580535888672,184.65784434549457,180.11037271848016,182.23188838565335,3101600
2021-05-07,185.91358947753903,186.7222461516927,184.46752739094492,185.3427858103507,2526700
2021-05-10,185.2857208251953,187.0457317313821,184.08701987520791,186.62713360127205,2242000
2021-05-11,185.27618408203125,186.2275380439415,183.62082296236392,183.98234211317285,1850200
2021-05-12,183.8015899658203,186.13240436339487,183.35445242433136,185.27619156967685,2397400
2021-05-13,186.2764587402344,187.39445972984245,183.2282267164533,183.70600566486647,2174300
2021-05-14,187.4900360107422,188.5029251276661,186.2573580622914,187.01225702497376,1823700
2021-05-17,186.8402862548828,190.73896530563633,186.41983833068485,187.74806359267737,2466000
2021-05-18,185.98028564453125,187.62384681346776,184.97694668037136,186.3338374908822,2369400
2021-05-19,187.77671813964844,188.6176139386438,184.52782641188207,185.00560546482768,3070500
2021-05-20,190.66249084472656,192.14360869403785,187.4518153095754,188.39782299980453,3494400
2021-05-21,190.9969482421875,192.9462802542332,190.60516594121685,191.11161054270232,2579000
2021-05-24,192.08631896972656,194.57076161276623,191.14986140872423,192.06720372259187,2074900
2021-05-25,190.36627197265625,192.87939425828583,190.2898255805493,192.47804705455965,2919100
2021-05-26,192.0576171875,193.4431734400372,189.43938288870223,190.37582569252857,2891300
2021-05-27,190.34713745117188,192.43026132829783,186.8115760130913,191.73269353871817,9340300
2021-05-28,190.8632049560547,193.2903164300992,189.70697308924952,190.27074894218447,2386000
2021-06-01,189.60183715820312,191.96206684044296,187.9391608089756,191.41740630335812,3070200
2021-06-02,190.2802734375,191.99071588004944,189.43937771298857,190.16559656010224,2030300
2021-06-03,193.6916351318359,194.58986213057824,189.78340577664983,190.14652254141637,3066600
2021-06-04,193.04188537597656,195.3638849684029,192.3443173422887,193.77765474422952,2817700
2021-06-07,212.63079833984375,222.9603793519003,192.86029837444363,193.01319117400496,17231400
2021-06-08,210.89166259765625,212.39189576246525,207.70965248295263,211.85678557752868,4618500
2021-06-09,215.95616149902344,216.6537149292448,210.47125197120477,211.5128215305338,4934900
2021-06-10,223.16099548339844,225.36834657839896,216.1949844978304,216.88298738290587,5598200
2021-06-11,214.13099670410156,219.3865659000453,211.7134360404201,216.94033966174777,5636000
2021-06-14,216.05169677734375,216.58680699167056,213.1085760178864,214.26479317798692,2720700
2021-06-15,213.5863494873047,216.58680132252329,212.96522797712905,216.05169112220295,2188900
2021-06-16,210.94900512695312,214.3890201880337,210.41389491315388,213.59590519948847,2548800
2021-06-17,212.33457946777344,213.18502562419212,210.48079435406845,210.48079435406845,1890700
2021-06-18,208.83721923828125,211.2261144146957,208.61744496463567,210.63365849609676,4016600
2021-06-21,212.7741241455078,213.82524390638673,208.38811588819075,209.36278925003668,3671300
2021-06-22,211.59878540039065,213.67234470226697,210.7101087963526,212.73590185834263,1658800
2021-06-23,207.45167541503903,212.36324360959003,207.35611376997787,212.31546278705943,2419600
2021-06-24,222.61636352539065,228.7319293079152,220.1796875439917,224.4796988356396,12290500
2021-06-25,219.9885711669922,223.11325001241977,219.19545625120924,222.7596836259353,6992200
2021-06-28,218.07748413085935,219.66371417355725,216.7970396976427,218.8228183281443,2507500
2021-06-29,219.1763610839844,221.1161428990553,217.7239232412141,218.10614065654107,1621200
2021-06-30,219.31968688964844,220.5905808410241,218.88012377282,219.86434739414733,1786700
2021-07-01,220.858154296875,221.2117061376337,218.4979245595369,219.31014021812575,1977300
2021-07-02,223.56236267089844,223.80125217792465,221.049240391172,221.66079694593276,1994000
2021-07-06,224.95753479003903,225.11042761845405,222.8648597656795,223.247091836717,3125400
2021-07-07,225.33970642089844,226.0754756215566,223.08458883895972,224.25035624612195,3141500
2021-07-08,226.58192443847656,226.7252668970847,221.78503343476493,223.43814480996727,2431500
2021-07-09,224.5465850830078,227.87192292059973,222.40612986236312,226.62969457451717,4030100
2021-07-12,225.5212249755859,227.422790532012,224.69944456102547,224.7185598024777,2928600
2021-07-13,224.84283447265625,226.1328292202283,223.62927154571616,225.49260701264924,1974000
2021-07-14,225.84616088867188,226.68704209482897,224.29814686469985,225.3110361093691,2103400
2021-07-15,221.18304443359375,225.5021713207212,220.43771024882017,224.56571384289992,3611200
2021-07-16,222.1290740966797,222.6832850429284,220.9346263009235,222.1672900106528,2229100
2021-07-19,223.73440551757812,223.8872983351915,220.3230701859667,221.57484914627028,2305600
2021-07-20,224.57522583007812,227.1838948619979,223.54322152960663,224.5561105891462,2297800
2021-07-21,226.7443695068359,226.82081590261805,223.208807540703,225.87482273871495,1651500
2021-07-22,227.8910675048828,229.04728469645585,225.86527432036897,226.73483573264963,1703500
2021-07-23,233.2994842529297,233.68171620850904,227.95791843188533,228.64592137126996,2448100
2021-07-26,232.4013214111328,234.37931934722263,231.78976473274497,231.78976473274497,2678800
2021-07-27,232.7548370361328,233.21350082832245,231.87572535916135,232.8790642513617,2116500
2021-07-28,235.55458068847656,237.3605845976518,231.85657615555985,232.55412936369183,1688000
2021-07-29,234.42706298828125,237.20774047045575,231.47439205227775,236.5006222498432,1924100
2021-07-30,232.67840576171875,235.0195202752221,231.84707485047576,234.01618131781785,1905100
2021-08-02,235.640625,236.873288490132,233.39505771175837,234.80927956740683,1958900
2021-08-03,244.6133575439453,247.84313445966225,232.67842995355247,233.87287774592184,5406200
2021-08-04,250.80538940429688,258.6218493381256,244.0687004399425,244.62292600635513,3892400
2021-08-05,252.4488983154297,253.71024201385836,249.71598696883424,251.5793369397547,2262400
2021-08-06,251.73223876953125,252.52533919486072,249.1522201266442,251.79913483805743,2155200
2021-08-09,255.2869873046875,260.90567539906465,252.74519844478695,252.8216302863,3238500
2021-08-10,257.47509765625,259.03263259725213,254.3504045406322,254.89507956315637,2060200
2021-08-11,252.3628692626953,258.8988823701688,250.98686343361504,257.60887326024164,2813300
2021-08-12,252.5737762451172,253.5995316982455,250.67565179259253,252.31495306064892,2100900
2021-08-13,253.2831573486328,254.70196007241847,252.1423693945058,252.26699771385188,1482300
2021-08-16,258.7762756347656,259.0830486316843,253.3407531321432,253.92554098598703,2623200
2021-08-17,261.431640625,264.4609573631157,256.1303436471664,259.94575501625326,2096100
2021-08-18,257.41497802734375,263.39693419624706,256.9452520085153,260.7606642031809,2527400
2021-08-19,259.21722412109375,260.60726904614,254.45276424909275,255.14298881272907,1901000
2021-08-20,259.7061767578125,261.58511027962953,257.9326800038059,258.2394530191391,1536800
2021-08-23,256.7439270019531,261.6234192447921,256.62889445484967,261.03863145637615,2438800
2021-08-24,251.9027099609375,256.3795874095987,250.95366237825883,255.19087898236688,3736000
2021-08-25,252.95718383789065,253.58029608486467,250.48389718258127,251.91226623024835,2388500
2021-08-26,250.5126953125,254.60609201688072,249.80327931692736,253.08185255194073,1732900
2021-08-27,249.00762939453125,252.2478488486644,247.88600371599455,251.66306114715235,1839700
2021-08-30,251.4617919921875,253.14901403369183,248.87344265628695,250.2347293953152,1300700
2021-08-31,247.6080017089844,252.7367495373851,247.19576282991943,251.9698172959056,2733400
2021-09-01,246.75482177734375,248.06815864212,243.9651804142433,247.84768936890976,2956800
2021-09-02,248.83511352539065,248.98850000419029,245.863312666541,246.7644399448143,1469700
2021-09-03,248.79673767089844,250.19634894034448,246.1604681382314,250.04296247505937,1124500
2021-09-07,244.2623291015625,250.0333661784105,243.8884587792597,248.2886282558396,2403700
2021-09-08,244.3007049560547,245.13473474425305,243.18867499028283,244.07063987881835,1542400
2021-09-09,230.0744476318359,243.5146340434294,229.7580935110134,242.81481373324348,4976600
2021-09-10,229.59510803222656,233.80355222482677,228.70357663821747,232.18344244148895,4633500
2021-09-13,228.11880493164065,231.176865291846,225.42500451283857,230.1127704626201,2832800
2021-09-14,223.45022583007812,229.87313481230365,222.3861308841284,228.84739380062132,3826000
2021-09-15,224.0637359619141,229.48008038792145,223.42144658714108,223.91994529134496,2802500
2021-09-16,221.48497009277344,224.9840273646151,220.2291495486332,224.39925429126683,2958700
2021-09-17,220.5838623046875,221.28366792300653,218.79118911763345,220.20999194665535,4480000
2021-09-20,222.0601806640625,223.10509857268332,217.89007557089343,218.65699329958116,2803400
2021-09-21,220.65098571777344,224.05417327003,220.23877600965625,222.46282145505236,2172800
2021-09-22,218.8583068847656,221.4753994592076,218.16808241690904,220.4879978564175,2529600
2021-09-23,222.5778350830078,224.5142989989604,219.53893702151024,219.8169518208923,1912300
2021-09-24,222.09849548339844,225.6550689270808,221.7725602386531,223.14342790456263,1642500
2021-09-27,217.036865234375,221.50414709864643,216.27954336599697,220.4592292776641,2785900
2021-09-28,212.43540954589844,217.03688673240313,211.0932998433852,217.0273055632045,3583300
2021-09-29,220.83311462402344,221.86845134706363,215.27297946446936,216.08783228089337,3971000
2021-09-30,221.4945831298828,227.35189548754587,221.25492225539207,223.1530322855918,3786100
2021-10-01,220.09494018554688,222.09850143086817,216.12615699565623,221.4466309239214,2215700
2021-10-04,215.5510101318359,220.6701632271786,214.94706000867825,218.37900570585737,4784700
2021-10-05,221.37953186035156,222.94212541394745,216.81639416060443,217.0752319960242,2802000
2021-10-06,218.42691040039065,221.30284067753735,216.701349308555,221.02482589254663,2462700
2021-10-07,223.5364990234375,224.4280451435496,219.52937595097504,219.6444084976708,2001800
2021-10-08,224.2650451660156,226.05770368973828,221.97388796556848,223.7665464892911,2563000
2021-10-11,224.00624084472656,228.1475880810126,223.93914340137172,226.91092968639663,1892300
2021-10-12,223.15301513671875,225.348316769883,222.38609747173675,224.99360875603287,1719200
2021-10-13,226.6616973876953,228.08048583409484,223.17223523396203,224.38971671388617,2105700
2021-10-14,226.90130615234375,228.5789320836076,224.42800445263777,227.20806443049435,1824700
2021-10-15,228.04212951660156,229.40340158533,226.06732616861885,227.60114705288467,2598300
2021-10-18,229.0966033935547,232.62441883143168,226.9108975377646,228.1092018283398,2546000
2021-10-19,232.28887939453125,232.51895907600263,229.1732883514928,229.1732883514928,1573200
2021-10-20,233.6405792236328,235.73041489129136,232.9886940811992,233.65016039200023,1537500
2021-10-21,231.1959991455078,234.8196695903537,229.9114206550568,234.8196695903537,1717700
2021-10-22,233.66932678222656,233.947326929681,229.65260862961412,230.99471815495443,1960700
2021-10-25,234.91558837890625,236.0851345981076,230.57293457216673,234.5417180057346,2763100
2021-10-26,238.16539001464844,238.6255347921855,227.2847805968878,234.38833233917407,4533000
2021-10-27,239.8238525390625,243.93644151535477,238.0503707675005,238.3283709577706,3181300
2021-10-28,242.8723297119141,246.13171166870015,239.73756145974355,239.8142546929047,3386500
2021-10-29,244.22398376464844,245.86327039100192,241.35764940210447,243.2845173420838,3152000
2021-11-01,238.9993896484375,245.87287586953005,237.79150420042853,244.55952443205524,2735800
2021-11-02,246.2275390625,248.57619760953972,239.085634728717,240.85913069638175,3987800
2021-11-03,255.24847412109375,255.75655409833348,247.10000288825975,247.10956943127567,4382900
2021-11-04,259.7923278808594,259.8977645986277,254.29929137561552,254.5006275275805,4133400
2021-11-05,254.04051208496097,258.3448117770254,247.86684597913737,257.86549005611045,3745700
2021-11-08,249.75534057617188,255.87148957955145,248.4324081264789,253.0722382397908,2386100
2021-11-09,251.18373107910156,251.31795519663032,247.7038801401967,249.7553617865503,1963800
2021-11-10,253.70497131347656,254.99914576148137,250.7811206300556,251.1645721410079,2215100
2021-11-11,251.76853942871097,253.3886492348759,251.1166688898513,251.47136229318735,1739400
2021-11-12,249.71994018554688,252.4801752167197,249.02747468971023,251.7684851669995,1964000
2021-11-15,248.5466156005859,249.68148072580712,247.32519595060717,249.46992256559932,1903200
2021-11-16,247.86378479003903,250.39320804466624,246.19995083587415,247.13284075739537,2565700
2021-11-17,251.19143676757812,254.43254994287744,246.27687746627032,246.9885675473608,2873600
2021-11-18,251.33572387695312,253.71126276143056,249.8834920365704,251.98011341707328,1689200
2021-11-19,250.7298583984375,260.4435727440998,250.34513242990107,256.24070275702763,2786800
2021-11-22,250.47979736328125,253.8940202733159,249.21989903757463,252.19172229557145,1995400
2021-11-23,251.941650390625,252.71107297451775,249.33529926065117,249.5468868024129,1986200
2021-11-24,251.98013305664065,254.8076987298177,250.10469666202303,252.72067478991235,2518500
2021-11-26,250.41249084472656,255.71177761303457,249.1237408851048,251.78779535195648,1495500
2021-11-29,245.0843048095703,252.2878631666,244.7669235406115,250.07580656165052,4041700
2021-11-30,238.55398559570312,244.2860586252731,237.0536483710814,243.58398075482503,8265900
2021-12-01,239.602294921875,245.53632812529605,238.4097121094691,239.90043695616825,3241400
2021-12-02,238.400146484375,240.41982582573755,235.74568981396155,237.09215738343912,3817700
2021-12-03,236.1880645751953,243.7859318879015,233.78367432747393,242.48756995927204,4169700
2021-12-06,236.9093780517578,237.49604985030183,232.2929459111921,236.51505453506377,3491200
2021-12-07,235.73602294921875,236.05340420263587,232.2159923297549,234.89929989263055,4035800
2021-12-08,234.97628784179688,238.68865278058084,230.31176428232504,237.1787031390593,3636200
2021-12-09,233.6105804443359,236.50547606459045,233.46632288113585,235.13978399043344,2291100
2021-12-10,234.80311584472656,235.23590312183,231.97555077730993,231.97555077730993,2380800
2021-12-13,239.0252685546875,241.11227775938292,236.07268463522377,236.12076070530583,3016700
2021-12-14,239.84278869628903,240.44868518083885,236.9671321013079,238.2655089650679,3424000
2021-12-15,264.75225830078125,265.0023243169638,247.37331588646455,252.04746650561,10016700
2021-12-16,268.36846923828125,273.0425904731555,261.64577316710665,265.1273554078447,5546400
2021-12-17,257.19287109375,266.08911646866875,255.18277468873163,266.08911646866875,7582900
2021-12-20,253.40350341796875,259.68376946849185,250.39320218088105,258.9336008974657,3479400
2021-12-21,254.74993896484375,255.77902494910768,250.60477287170605,253.90358897219545,2702500
2021-12-22,256.3080139160156,256.3657169369649,252.79760983941716,254.61531370025529,2721000
2021-12-23,262.6556396484375,264.7426342897969,256.48115156448637,258.7605091974284,2632200
2021-12-27,267.7625427246094,269.5802466502279,264.2136600574115,264.52142908042157,1677100
2021-12-28,265.85821533203125,268.7146319474171,265.33888820229936,268.65692893300246,1033900
2021-12-29,267.7721252441406,268.67614890470486,265.19459679223684,265.27155371045376,1112300
2021-12-30,266.6468811035156,269.9168460025906,265.80053103189135,268.5126903021962,1181500
2021-12-31,265.6562805175781,268.0702978061595,265.4543199475615,266.8584756851237,1315700
2022-01-03,261.3380432128906,263.9155429861814,256.8466284937287,263.9155429861814,2621300
2022-01-04,256.60614013671875,259.5587383784178,253.49965739849665,258.7123883227742,2340500
2022-01-05,250.68174743652344,258.4912030774892,250.46056229502133,257.9045458842376,3004200
2022-01-06,249.41224670410156,251.30690777650503,245.69026921919624,250.15281783447327,2863200
2022-01-07,249.57574462890625,251.25881805125917,246.89243649742303,249.80655673467817,2245100
2022-01-10,250.162353515625,250.2104589286808,246.10375646250353,248.31579832526856,2576700
2022-01-11,252.2878570556641,252.37441157912903,247.2290107808497,251.58576456471584,2294000
2022-01-12,246.13259887695312,247.59447213641567,241.3719095130077,243.22809158749303,6562800
2022-01-13,240.1216583251953,245.7286984901273,239.0444961237793,244.35339422762183,3726500
2022-01-14,234.78390502929688,240.95837770885905,233.61056136033733,240.5832933999447,2894300
2022-01-18,237.62110900878903,239.01565254983703,232.83155261437665,233.4663152221038,3241200
2022-01-19,235.6783142089844,240.83332703197945,235.37054524033647,236.90936073311167,2487600
2022-01-20,233.8318023681641,238.46745987412643,233.2258912330091,236.1881022517597,2655400
2022-01-21,233.76446533203125,238.40013737333803,232.8604121339185,237.43838114985385,2788600
2022-01-24,231.22537231445312,234.43763378454503,223.7813757022614,233.2739172600106,3712800
2022-01-25,230.30213928222656,232.29296692609,226.12810634477935,227.75347662263593,2525100
2022-01-26,228.76333618164065,233.15855449715687,226.88791447862528,230.46564880833245,2913200
2022-01-27,227.6669158935547,233.9664215804305,226.74362353694696,230.80223564420515,2178500
2022-01-28,235.72642517089844,235.84183120642757,226.0607734640317,228.40746068801343,3081100
2022-01-31,236.00534057617188,236.10152206106775,232.6680455685159,233.96642223843963,3237100
2022-02-01,238.7848358154297,239.3234169566545,233.95681542761787,237.60187976057975,2449400
2022-02-02,241.23728942871097,242.2471362901264,234.69734487527623,235.966869998252,2586700
2022-02-03,235.4475250244141,238.6309355908932,231.87941786101769,238.03465146310103,3473600
2022-02-04,233.0046539306641,234.76466935072344,231.9948070928945,233.4374412396415,3569300
2022-02-07,234.2357177734375,234.69735662525224,231.1100102258096,233.13931632835585,3948300
2022-02-08,230.73492431640625,233.60095356971468,228.38823693340473,232.6488096863785,2615000
2022-02-09,233.96641540527344,235.1109075360316,231.84092792311768,232.0332762120576,1759900
2022-02-10,230.47525024414065,234.7550623074187,229.0037644636791,230.72530156769983,2283100
2022-02-11,226.724365234375,231.42735149797153,225.868402979454,230.08088428979593,2054300
2022-02-14,226.6567840576172,228.77182477210775,223.9333029358087,225.99039975179193,2572000
2022-02-15,235.4936065673828,236.41108610695576,228.5497104404785,228.5497104404785,3409600
2022-02-16,237.1740264892578,238.56473898472248,234.27671370253807,234.27671370253807,2459000
2022-02-17,232.7218475341797,237.18370500118456,232.18101811229988,237.1740525959712,2059100
2022-02-18,232.0843963623047,234.13182589941133,229.87278754500497,229.87278754500497,2517900
2022-02-22,230.94483947753903,232.61561929368605,229.3899474735072,231.0221029311148,2936700
2022-02-23,230.1528778076172,234.3732922364271,229.87281071000436,232.31621008842015,2296300
2022-02-24,234.75962829589844,235.58052484542873,225.9904254049671,227.13002816896093,3272300
2022-02-25,242.26365661621097,244.2434753391902,235.38735720676368,235.4935926041939,2442200
2022-02-28,241.3944549560547,241.5006903539537,236.2179218826502,237.71486985795573,3188800
2022-03-01,240.9598693847656,241.77111350445225,237.03884140311743,239.08627124894448,2873200
2022-03-02,245.4700164794922,247.70095989703077,240.53492601614235,241.3268653199129,2452000
2022-03-03,249.78700256347656,250.69480010464977,245.6824614553075,246.1074030139788,3153700
2022-03-04,253.87217712402344,254.44197838539876,246.7737702603549,247.44013976426345,3497100
2022-03-07,252.68435668945312,254.60623168577968,249.0337137538472,250.96525589222372,3074800
2022-03-08,251.0328369140625,256.21902221959476,250.04776115159515,251.0328369140625,3482600
2022-03-09,253.7949676513672,258.62382261919186,253.09961135708076,254.2874908164509,2965900
2022-03-10,256.9144287109375,258.5659185851272,253.84328355138592,253.84328355138592,2797200
2022-03-11,257.184814453125,262.41930642324485,255.9969349445373,255.9969349445373,2469600
2022-03-14,259.7923889160156,261.6273478501923,258.1699007725115,259.78272177503345,2713800
2022-03-15,266.03125,267.0163552034433,260.63259408118944,260.63259408118944,4396900
2022-03-16,266.97772216796875,269.07342861197276,263.6651349029365,268.3394627360265,3148600
2022-03-17,275.7372741699219,276.10427184767053,266.98739169524595,267.5282210709838,3270100
2022-03-18,277.7943420410156,281.37734364981776,275.10947077814893,276.0559368234686,4557900
2022-03-21,279.7259826660156,285.22119364253336,277.91032810633766,277.91032810633766,3495700
2022-03-22,275.2640686035156,280.6144487556259,273.6898864661627,279.7549278016722,3791600
2022-03-23,274.46246337890625,278.31588024500496,273.6512192740956,274.6846013196132,3149200
2022-03-24,277.8426818847656,278.9629798643322,274.916396717387,276.4906082794246,2412400
2022-03-25,279.1270751953125,281.66705719861307,276.7705920078921,278.624884973054,2399800
2022-03-28,281.6767883300781,282.43975571296517,278.4414494139557,281.3580673783054,2195000
2022-03-29,278.51873779296875,283.1061504540117,277.7364360977201,282.0341292220003,2798100
2022-03-30,279.9673767089844,282.2852212754182,278.1323881822729,280.63373160137786,2220100
2022-03-31,276.5677795410156,281.8119079164421,276.1332003643975,279.46509194374664,3227600
2022-04-01,282.6522216796875,283.1061352448936,274.2789738411386,276.3553756710416,3066200
2022-04-04,281.44500732421875,284.88314984287274,280.9910937599193,282.72946982962327,3014100
2022-04-05,282.4783630371094,285.70403478512804,279.2044145261207,281.73472994401,2324200
2022-04-06,295.371337890625,296.0666940454394,284.6802480627233,285.9550725920474,4672900
2022-04-07,297.8727111816406,303.25206216035923,294.56012407296043,294.56012407296043,4270800
2022-04-08,301.0212097167969,301.68759416285786,297.4092350757681,297.45751184368703,3024700
2022-04-11,298.38458251953125,303.0203007331851,297.5057274239865,302.3732212327765,2178100
2022-04-12,297.53472900390625,299.0123575160317,293.7682278428996,296.08607244405806,2688100
2022-04-13,292.3099060058594,297.74717168963014,290.12725423047993,296.7620959322505,2528700
2022-04-14,291.52764892578125,294.0483268125948,289.91482770014886,293.35297044447327,1898100
2022-04-18,288.5916748046875,291.72076316949233,286.64079867399687,290.76465938535523,1581400
2022-04-19,286.8435974121094,289.4318561067097,283.743451894673,288.19567065011057,2021700
2022-04-20,282.8936462402344,288.7655207850723,282.2948434799561,286.8532836491953,2608600
2022-04-21,279.69696044921875,283.40554749332284,276.8479533235864,282.8936899776672,2716800
2022-04-22,269.18939208984375,279.7066241513668,268.87067111867907,279.3975703226603,2772600
2022-04-25,275.4379577636719,276.1622861629736,267.3544280701462,269.20872174047776,2410200
2022-04-26,273.1489562988281,280.2763498812813,273.1103466854127,276.3842945381,2166600
2022-04-27,275.3316650390625,278.26761728276836,270.9856953151466,273.4097900813998,2352100
2022-04-28,287.0947570800781,290.22387540716767,278.6828992626709,285.8585712820286,5886900
2022-04-29,282.13067626953125,287.1333627867058,279.24303052016046,285.6654015325322,3910900
2022-05-02,279.6486511230469,282.8163788549481,274.5493813723524,281.2615016768558,2789900
2022-05-03,278.2096862792969,279.89011855244803,274.38521152433964,278.7505157344029,2109500
2022-05-04,284.80584716796875,286.8146672481914,274.39483750926723,278.62491898457284,2743600
2022-05-05,282.36248779296875,284.8928033234594,278.43179239810996,283.3765651174061,3120200
2022-05-06,286.7373962402344,288.0411929495245,278.6442307637276,280.23777644896614,2931200
2022-05-09,279.3299560546875,284.83483305343964,276.83825037771174,283.463454742663,3460500
2022-05-10,275.92083740234375,283.38622974714946,275.2447857884014,282.0051840358358,3140800
2022-05-11,276.876953125,284.4196239873335,273.3132549691524,273.96033465398324,2625200
2022-05-12,281.81201171875,281.9955105963516,273.63192884307784,273.63192884307784,2370000
2022-05-13,282.596923828125,283.73066715290565,277.6355177796849,283.56594937109577,2337700
2022-05-16,290.1068420410156,299.85523563799734,282.5678252725836,283.06200813965665,5118300
2022-05-17,292.0643005371094,294.0023516748106,284.30242583978924,290.70767065518123,2553000
2022-05-18,286.0466613769531,293.22714442450524,284.92258816313455,290.7076720192093,2161400
2022-05-19,277.4029235839844,284.4864977341509,275.5617810196085,284.4864977341509,3157400
2022-05-20,289.5932922363281,289.97119682414456,279.970875598779,281.72480948276,3129100
2022-05-23,293.2271423339844,295.47528874559373,290.0778092428957,291.2890912010067,2873600
2022-05-24,296.4830017089844,298.14005642725095,290.51380172438877,294.30269456924134,2804900
2022-05-25,297.50054931640625,300.80493005442503,295.20396345010585,297.4908495975787,3195700
2022-05-26,303.75067138671875,304.18674461374667,294.2057659803938,295.7756118543106,3284200
2022-05-27,313.4603271484375,314.04171869370055,301.618836328908,302.9657661718427,3694300
2022-05-31,303.7313232421875,308.5958200961551,299.4579176865397,306.82251662888757,6298900
2022-06-01,301.44451904296875,304.1771787711422,296.12457710781854,303.73143520381154,2731500
2022-06-02,293.0623474121094,301.0471368932264,288.9343192780153,300.950228437843,3703300
2022-06-03,292.3064880371094,296.3376370021247,291.3859317070506,292.80070042388513,2490000
2022-06-06,293.9635925292969,305.369042795048,293.70196626269995,305.369042795048,3734400
2022-06-07,302.4328918457031,302.4813312961641,293.63412294859825,294.57407895159116,3652800
2022-06-08,303.7798156738281,305.7275665275241,301.18283425044245,302.7526509381261,2684500
2022-06-09,293.8569641113281,302.2584276716858,293.7212863552821,301.94833243413166,1963300
2022-06-10,287.8102111816406,292.3161728709338,287.674533446176,289.96144851084125,2469800
2022-06-13,282.2577819824219,284.0795548832823,279.57359165561843,281.4341042892905,2898800
2022-06-14,281.7828674316406,282.9553797317908,278.39127897595137,280.21305122086176,2422600
2022-06-15,283.91473388671875,287.16097479289334,279.5928890138184,282.56780399910036,1970100
2022-06-16,279.1471862792969,281.2112153509839,274.3407984487437,281.2112153509839,2628600
2022-06-17,281.8894348144531,291.66689588232794,280.70722284541705,281.0270177333065,6900000
2022-06-21,288.1299743652344,290.0098857817788,281.3177278023312,283.32361723735096,2821300
2022-06-22,297.1904296875,300.058736855661,287.24821870386484,287.7618010303157,4535700
2022-06-23,303.0336608886719,303.48910406459873,297.674950962032,299.9133975407353,3729300
2022-06-24,315.53399658203125,315.72781346058946,309.1287538862423,309.6520062282029,5449900
2022-06-27,317.1329345703125,320.602062090791,312.02618131714684,314.18711862261034,3218900
2022-06-28,307.7818603515625,318.87721364261694,306.9485126547925,316.4061809884508,2742900
2022-06-29,312.9952087402344,314.64256377305384,307.8109168605706,308.3051292848782,2562500
2022-06-30,314.1871643066406,316.9197938790656,310.0978753081611,312.1522047398717,2732900
2022-07-01,314.6522216796875,315.3208515551649,307.9175130573256,313.84794362911873,1817800
2022-07-05,317.0457458496094,317.288002216859,309.05128573037086,312.4525745896953,2107700
2022-07-06,319.9237365722656,322.43350886196697,316.62905605796817,317.8403378332473,2252500
2022-07-07,317.79193115234375,320.26293439972545,316.1348762208736,317.1136014593348,2395000
2022-07-08,320.2337951660156,324.15833583998824,316.0572984484725,316.43520294152273,1898200
2022-07-11,320.8152770996094,322.375393948799,319.2260610962079,320.36950408071704,1342600
2022-07-12,313.5669860839844,321.7067950986429,313.3440995529873,319.77844364405104,2058200
2022-07-13,312.47198486328125,314.62322286555803,310.8924684129739,312.0359410892271,2564200
2022-07-14,316.7647399902344,317.6077873907035,305.73722576142393,307.704346219955,2615700
2022-07-15,321.328857421875,324.9433035623108,318.00510709863124,321.68739212051554,3340300
2022-07-18,311.80328369140625,321.6873543270603,309.8070937883804,319.8946514721623,2116300
2022-07-19,316.09613037109375,317.2395733653385,311.87116380758175,314.05147118563167,1628100
2022-07-20,312.0552673339844,317.66593302103405,310.38854236185176,316.95853379003415,2051000
2022-07-21,316.7938537597656,317.8888278179735,309.8071580770455,311.493282685489,1692100
2022-07-22,318.5671081542969,319.02255128648966,315.7375409042739,316.8228742199422,1850800
2022-07-25,321.2803955078125,321.978095056811,317.89850594635504,318.56713591299155,1741700
2022-07-26,321.29010009765625,322.26882533920144,318.43146297536924,320.7377484520924,1812300
2022-07-27,318.7512512207031,320.6214633435405,315.11740558561485,318.79002052105795,1643000
2022-07-28,320.5535888671875,323.25717799973773,311.77422115344746,320.0109370117212,2350900
2022-07-29,319.4779357910156,320.8054956467641,316.69683806594185,320.8054956467641,3399900
2022-08-01,314.1095886230469,320.19506716773606,313.44095870757565,317.36552945999074,2464300
2022-08-02,310.2819519042969,318.7899939252202,309.46794452631354,317.0554301398677,3405700
2022-08-03,304.10931396484375,311.03787118508166,300.61114547980634,310.698706285047,5152200
2022-08-04,296.3183288574219,300.64017449579234,292.8782704389011,300.59173504760287,4696300
2022-08-05,291.9867248535156,295.86282624414565,291.00799978924334,293.11079780547516,2814300
2022-08-08,293.13018798828125,296.63805525842287,287.34510507881026,291.3374850563705,3218900
2022-08-09,293.6340637207031,297.200099639224,291.9673388631003,295.63995338006333,2122900
2022-08-10,295.17486572265625,297.616829093938,293.21744471039466,295.06828710429136,2351000
2022-08-11,291.84136962890625,295.9597272529147,290.34906235078455,291.7056918889379,2198800
2022-08-12,299.511962890625,299.9105639260153,292.92052290331213,294.4954939463856,2305100
2022-08-15,305.208984375,305.860334320745,298.7633672476887,300.61052021626557,2795800
2022-08-16,301.6799621582031,305.6270470715975,301.0188807676211,305.1992815438436,2248000
2022-08-17,308.0088806152344,311.68375330579244,301.38827687644203,301.38827687644203,2747200
2022-08-18,307.91168212890625,310.08937585952134,305.4617766819643,307.9408466103394,2261600
2022-08-19,313.79339599609375,316.69052955663045,308.6699712485961,308.6797026314864,3393100
2022-08-22,314.1142272949219,316.7099549423106,311.47960378576914,313.3170253074337,2488000
2022-08-23,306.33673095703125,312.8892747053245,305.14092791896593,312.30595542654015,2962000
2022-08-24,310.00189208984375,311.9365386459421,306.4534082834238,307.66864449581783,1827000
2022-08-25,314.1531677246094,314.37675220655973,307.0464388387309,311.6837993571451,1977900
2022-08-26,306.7839050292969,315.56276898339513,306.50196196112813,314.590580152736,1858000
2022-08-29,301.5243835449219,306.11311637229954,301.0674535719193,304.6256685314786,1697000
2022-08-30,298.5008850097656,303.29376911560706,297.49953164009844,301.51467650169656,1980300
2022-08-31,292.8525085449219,300.2314196305737,292.7358209409354,298.59814920101496,3183500
2022-09-01,300.5327453613281,300.80495705385476,292.14275079934276,292.6288452266295,2939200
2022-09-02,292.9496154785156,301.59238748565394,291.4233017284393,301.48543129809394,2525400
2022-09-06,298.2869873046875,304.1298220640558,293.82464408493075,294.5246212371778,2322200
2022-09-07,302.93414306640625,303.71188251370927,296.40103083494296,300.1828311755769,2228100
2022-09-08,306.7256164550781,306.9492305963552,299.0355982318692,303.2743575194003,2212500
2022-09-09,308.8644104003906,311.2657180535473,306.45337136467424,307.64917433439734,2177000
2022-09-12,306.4534912109375,311.53805158028297,306.12295043198304,310.0214387503221,2077400
2022-09-13,297.9564208984375,303.62426829692805,296.5078394758267,301.38824602357454,2272400
2022-09-14,300.9994201660156,303.13824782017747,297.3926073058575,298.66617251438225,2002900
2022-09-15,300.86334228515625,303.5951911039654,297.2467978829497,301.0966581598616,2348100
2022-09-16,300.2994384765625,303.28403580069266,298.20920864187934,299.40501164941503,4380200
2022-09-19,296.6051330566406,297.99535618083763,289.37204465464976,297.956489983119,2515300
2022-09-20,293.338623046875,295.3704946725239,290.6262071947658,295.3704946725239,1816800
2022-09-21,288.2345886230469,296.0606977499583,288.079034831839,292.6288719664743,2241200
2022-09-22,302.2243347167969,303.91593377510895,291.61775109557647,292.43438614679087,5918300
2022-09-23,302.79791259765625,306.41445608764764,296.6342392217551,303.196513562307,4572600
2022-09-26,298.9480895996094,303.06045936659524,296.40095940434594,300.2119233141161,3760000
2022-09-27,302.4480285644531,305.21877337478315,299.7453441102132,300.5522479918967,3019600
2022-09-28,325.0805358886719,332.19696590517356,318.97519065647265,324.2541693727184,9436300
2022-09-29,320.8321228027344,325.37222912127305,318.16830459007775,324.68198319247136,3743100
2022-09-30,314.3572998046875,320.3459872376723,313.4531712106613,318.0516059105795,4474100
2022-10-03,312.6073303222656,320.19042157741063,308.23248025274575,316.9238514310333,3340500
2022-10-04,320.71539306640625,320.91954441705485,312.8309260872583,313.21979569239585,2622500
2022-10-05,322.5528259277344,324.5652640330284,318.41129179837856,319.16959793921905,2186100
2022-10-06,323.69036865234375,329.8248794228872,317.77944238392746,318.81969182840476,4299200
2022-10-07,317.5752258300781,323.80696016469125,315.8641638925425,323.70973534208576,2601600
2022-10-10,314.88226318359375,317.91548767088807,311.3337501199141,317.1571815490645,1956200
2022-10-11,318.4891052246094,319.879328299402,310.54630846699894,311.10046328775474,2598900
2022-10-12,315.54339599609375,324.37085920574765,314.87258320164653,318.27524475713375,1764700
2022-10-13,322.8639221191406,324.0985912744146,310.2254671043565,310.2449002005166,2657400
2022-10-14,322.1737060546875,325.96523697499595,319.10158545368444,322.3389615594108,2231400
2022-10-17,323.50555419921875,328.19148166134954,322.52363401834947,323.5347186764304,2230000
2022-10-18,325.7124938964844,326.0041387418486,321.1820893957451,324.84726107600056,2087100
2022-10-19,320.132080078125,326.2957539299532,316.90440592161696,325.92631741375834,2419000
2022-10-20,319.918212890625,322.22229586863733,316.83636098049067,321.94035277643997,1761200
2022-10-21,331.2928466796875,332.90668403758013,317.682200193651,319.91825277481274,3274700
2022-10-24,338.2245788574219,341.98694589293405,334.64693012272585,334.64693012272585,3375900
2022-10-25,341.5397644042969,342.5313866463208,333.50947261375876,336.8829701163566,2513100
2022-10-26,347.90753173828125,351.426880743405,340.6939061710733,342.69661308252967,2373500
2022-10-27,346.42010498046875,351.0768987545528,345.43821423222676,349.0061313678087,2347600
2022-10-28,349.8908386230469,351.9324415936875,347.1103921376945,350.29917108471733,2942100
2022-10-31,352.0199279785156,353.79905054661083,340.71336463060953,348.6755952879772,4258200
2022-11-01,342.77435302734375,349.0060875042299,331.2733712698344,336.2120778811328,7013000
2022-11-02,345.0882263183594,353.05045722912274,340.4703282045669,344.3104869246315,3774400
2022-11-03,351.62127685546875,352.73928816504184,341.73413228324176,344.2132021292017,2602500
2022-11-04,347.4700012207031,355.7044415115222,343.513185699525,355.04336025060945,3004600
2022-11-07,354.9169921875,356.7933095559215,347.5575154393513,348.0436098665392,2560300
2022-11-08,356.46282958984375,358.4947010811326,351.8643648450189,354.99481467579,3278600
2022-11-09,353.16705322265625,359.5154455924565,351.84489055146673,358.193282921267,2323700
2022-11-10,358.46551513671875,358.73772685923456,352.9045930891657,357.0266647926482,2994000
2022-11-11,342.50213623046875,357.60022860023497,334.93850780552106,355.9766897582949,6646300
2022-11-14,347.1231994628906,351.7442200404924,331.5832773013266,350.05766058579826,4717400
2022-11-15,341.1666564941406,348.02993891048806,337.6667353160272,347.9812057554722,4180700
2022-11-16,344.0718078613281,347.922678768738,341.1763506585836,341.2153550296114,3563800
2022-11-17,351.7149658203125,353.206562917501,343.85726741922633,344.0522594881397,2929700
2022-11-18,352.5923767089844,355.5170790366721,350.33059976851933,353.4502644004199,2420900
2022-11-21,352.1050109863281,354.6300010328509,346.4505672755281,351.3445893883468,1999200
2022-11-22,351.8222961425781,353.6940895001099,348.3321337181249,352.9141805597415,2460400
2022-11-23,352.6411437988281,353.37231945114644,349.62870368147037,352.270676708062,1993000
2022-11-25,356.08258056640625,356.64801004031784,352.4754350638549,353.7915573283867,1039100
2022-11-28,356.5894775390625,360.2356269935886,351.93921113847836,354.32773015072826,2481300
2022-11-29,354.8152160644531,356.92097595527656,351.58829626905776,355.468383046328,2207000
2022-11-30,361.7662353515625,363.0043786125001,352.7191556276886,355.90710080973366,5556400
2022-12-01,361.0350341796875,365.7730679848074,359.241220108919,365.38311357839933,2516100
2022-12-02,365.3538513183594,365.6268223657359,355.8388095213278,356.8916893464621,1925600
2022-12-05,360.0211486816406,365.83154950522254,359.03648928770593,364.3789567372304,2296500
2022-12-06,359.2899475097656,361.3372451306706,356.3457280662774,357.78859195422046,1971000
2022-12-07,362.63385009765625,365.8217649884092,359.50442687450527,360.0503689398646,1629100
2022-12-08,362.4584045410156,363.89151001691226,357.30117058331757,363.89151001691226,2090900
2022-12-09,351.9294128417969,364.61288114214994,351.7539378468742,363.637980390433,2787200
2022-12-12,358.0323791503906,358.59780861899117,353.4015995698206,353.8207998440948,2639200
2022-12-13,349.6579284667969,363.3845187958841,349.3264657612281,352.5533850657246,5032600
2022-12-14,354.3764343261719,360.15758882417373,348.0980709087375,349.9991393346529,5095500
2022-12-15,350.97406005859375,354.834659044969,347.7373821374328,351.6077396526999,3437100
2022-12-16,350.8375549316406,351.43225990538843,346.255538907731,348.9462449520944,6612200
2022-12-19,348.8000183105469,350.67184099777137,345.7095695839245,348.82926414542794,2658400
2022-12-20,350.6133117675781,352.37787970346295,347.3961215172509,349.50191065793535,2276000
2022-12-21,358.7732849121094,361.3762536192541,352.1439410301559,353.5283133802776,2211200
2022-12-22,356.1409912109375,360.47931145649466,353.19680165148606,358.1005512423011,1958100
2022-12-23,358.66595458984375,358.66595458984375,353.3722510323957,355.66327358306893,1030300
2022-12-27,355.72186279296875,360.45013834277296,355.1856494204086,360.22590041407153,1372100
2022-12-28,356.0533142089844,358.77329609872356,354.80544222489584,356.9794819810722,996000
2022-12-29,357.8080749511719,361.6394576426388,357.26213289238575,358.8609844585529,1077900
2022-12-30,356.65771484375,358.71477105877545,353.02132404984354,358.26629525736536,1388000
2023-01-03,355.8290100097656,359.73837148051604,352.38761160274,357.06715298515945,2006700
2023-01-04,353.9864807128906,357.90557115501116,351.2957450278345,355.4878362510926,1886200
2023-01-05,349.91143798828125,352.4169106461586,344.10100730491735,351.8904855905439,2008500
2023-01-06,353.8304748535156,357.496111134652,348.60499144732484,350.96426431481586,2131300
2023-01-09,341.0495300292969,355.80954226003695,340.0356546295872,354.8638873043538,2980600
2023-01-10,343.8962707519531,344.3447168071739,334.72245029224615,340.24039260788555,2465200
2023-01-11,351.364013671875,352.6801357500443,342.1901932401715,345.4463584603546,2602800
2023-01-12,350.1064147949219,351.4517828292562,344.21800488807935,350.23315667520194,2019700
2023-01-13,352.54364013671875,354.19122495110446,349.63845464870667,350.5451052975851,1690900
2023-01-17,348.7610168457031,352.91410394300704,347.6008824664245,352.5436368636928,2435200
2023-01-18,343.1748962402344,349.9894444259495,342.75566621646243,347.37671699513527,2302300
2023-01-19,342.2681884765625,346.8697218285204,341.624780076023,343.525818944481,2658300
2023-01-20,337.38397216796875,340.3086749595507,333.0066467588028,338.2906228929715,5391900
2023-01-23,333.620849609375,337.9104078884291,331.68080621706014,337.9104078884291,3403100
2023-01-24,337.69586181640625,337.92982845977804,332.7920828200805,337.3156362693194,2242500
2023-01-25,340.95208740234375,341.0008205445447,336.4382916745311,336.8769792091787,2503300
2023-01-26,339.27532958984375,343.34065037524323,338.02745741509506,342.1902742574445,2576200
2023-01-27,333.5135498046875,339.35319572903546,332.95784924133426,337.4228815492025,2363600
2023-01-30,331.95379638671875,339.0705619122773,330.9398909982857,335.6876541922216,2647700
2023-01-31,335.5121154785156,335.7558406865854,330.86184921912496,332.1292084004428,2406700
2023-02-01,333.9718017578125,337.2572129646872,329.04853446054716,334.1862811415771,2990900
2023-02-02,322.39971923828125,326.88423929472674,309.0435658482936,325.6168801051422,13036600
2023-02-03,330.56939697265625,333.7378250212169,321.10311719494746,324.59327921395897,5670700
2023-02-06,329.1850280761719,334.80046655230746,326.2213211302544,333.3966069332736,3055700
2023-02-07,331.1542663574219,332.40213807738223,324.3397199083485,327.6153720163913,2464100
2023-02-08,332.17803955078125,334.26431228971876,329.34107397570057,330.0624912193119,2399400
2023-02-09,333.2113952636719,338.6318420229227,331.9537647408095,332.33399038208086,3072800
2023-02-10,336.4577331542969,339.68465217106535,334.1277358944434,334.6541608643195,1980000
2023-02-13,341.605224609375,342.0049374961478,337.31566716225797,337.77387171523065,2291600
2023-02-14,339.93280029296875,346.05543426821924,339.6589460813403,342.8474149971985,2028900
2023-02-15,327.658203125,339.25792067403825,327.01268326685016,338.26031535573514,3600700
2023-02-16,318.9143981933594,325.6336312082826,318.57207297681254,323.7362021372318,3654200
2023-02-17,321.1932678222656,324.31326577463847,313.466639008175,316.05847888375416,3695600
2023-02-21,320.3227844238281,324.44038738276123,319.1686569049408,319.97066912291746,2515600
2023-02-22,321.8486022949219,325.3011356402052,319.1687109962709,321.4964869343362,2379800
2023-02-23,320.33258056640625,325.52605051573096,318.5427529505069,320.81184783945713,2229500
2023-02-24,314.5816650390625,320.04898961140464,313.0656616851084,318.8459710612458,2594600
2023-02-27,309.6717834472656,316.30299545577464,308.96758262123495,315.52056335923885,3043500
2023-02-28,304.3902587890625,308.5665426262196,302.8449451211465,308.5665426262196,3966900
2023-03-01,307.2755432128906,309.95540428072377,302.414608815625,303.1970408528719,3580800
2023-03-02,308.1361999511719,309.35876863824666,303.7154023239422,304.9477611118314,2885200
2023-03-03,311.4420471191406,313.1340930178108,308.32204927497344,309.4272562028776,3002800
2023-03-06,311.96038818359375,313.2122972843006,309.5543814435209,309.98472799512643,2673700
2023-03-07,303.8132629394531,313.31995978205646,302.8058673722416,311.99957941683067,2620800
2023-03-08,305.6813049316406,306.16054230974413,302.5319667729564,303.68606445991145,2313200
2023-03-09,309.896728515625,311.77457737534365,305.456350518458,305.456350518458,3920300
2023-03-10,308.1069030761719,319.36432669035815,307.44183277982205,311.8528707780162,4597300
2023-03-13,317.3690490722656,324.5186285468614,310.27815050830066,310.27815050830066,5275600
2023-03-14,319.8924865722656,320.097869784482,314.38603162058433,316.9387410874627,4214300
2023-03-15,322.2397766113281,324.0882850092721,317.378842149363,318.84592462462973,4743500
2023-03-16,322.2984619140625,324.42085439026334,317.9070045295789,320.44995349093125,3498200
2023-03-17,321.95611572265625,327.5995117894239,320.8998295279429,324.2252103309949,8679800
2023-03-20,326.2791442871094,326.6116793954969,321.7898755520746,321.9561281823339,3540900
2023-03-21,323.8144836425781,327.1007644442694,320.88031821329537,327.05187362626435,3240400
2023-03-22,323.7068786621094,328.2352782852708,323.39389388497005,324.4893107570865,2472200
2023-03-23,325.34027099609375,327.9810019239695,322.9635743587698,323.6286745279271,2703400
2023-03-24,328.7536315917969,329.53606365185436,321.5551312782149,325.6825245679382,2791900
2023-03-27,327.2572326660156,328.84167710508484,316.1660917446591,320.606440275715,3102300
2023-03-28,330.2402648925781,331.3943626294813,327.37457090509366,328.43085717238966,2433200
2023-03-29,328.4993591308594,332.3137680219018,327.237659704174,331.5606763459373,2743800
2023-03-30,333.213623046875,333.8200124853351,328.6950128721556,328.6950128721556,2146900
2023-03-31,335.8836364746094,336.1085700053925,333.2135357761931,334.4947853439208,2933600
2023-04-03,343.0429992675781,343.82546117200934,334.7882127250143,335.70758680780244,3039600
2023-04-04,346.8379211425781,351.1218075817706,343.56143033902276,344.34389238720587,3585900
2023-04-05,354.2906494140625,356.84338859854773,350.0752345643127,350.2219368512668,3442700
2023-04-06,360.20782470703125,361.3912627038148,356.2564748034223,356.84331367589726,3531700
2023-04-10,358.9461975097656,360.26657777535667,355.0731079321867,360.10029528649875,1868000
2023-04-11,356.0511779785156,360.706699840507,355.61104125547075,359.6895440526375,2027000
2023-04-12,360.951171875,364.26679252396576,355.3566962970806,356.0315566088547,2672600
2023-04-13,366.9173889160156,367.3183951151219,362.18360550256864,364.4429105442621,2839900
2023-04-14,366.506591796875,368.0519056941039,364.3353083198906,366.02732450991454,2287900
2023-04-17,364.1788024902344,367.65088596574503,363.01491459720904,366.7706423935747,2059700
2023-04-18,361.7923278808594,366.0468730916032,361.54781413136686,364.81451424284256,1925300
2023-04-19,362.3400268554687,363.13224899536306,359.2885001169322,362.41825812020625,2173000
2023-04-20,366.5847473144531,367.80731591488495,361.64558210785503,363.2398163384767,2766500
2023-04-21,376.785888671875,377.7932841012857,369.704780210692,369.7145703117512,3682500
2023-04-24,374.9373779296875,378.5561634023472,373.25512219091456,376.7858862982038,2059700
2023-04-25,376.3946838378906,381.9109283827425,375.5731212169729,376.60006703115255,2648600
2023-04-26,368.01275634765625,373.12799491306095,362.5454322975161,372.75632922503735,3161200
2023-04-27,381.7837829589844,389.7842658576791,372.4139991542357,382.6738166087712,4981300
2023-04-28,387.1728515625,395.4374285417284,383.89639107579455,389.2659036629421,5350100
2023-05-01,396.9044494628906,398.4106623392802,383.6518177447166,388.542092157012,4091100
2023-05-02,395.3298950195313,402.5088160835311,390.498300295192,398.0684374411563,3884600
2023-05-03,421.7275695800781,424.67152490297974,405.2179951617897,405.9221960087077,10129800
2023-05-04,419.0379028320313,423.2044268448669,415.8885644160309,421.98185804747345,4070700
2023-05-05,418.4217224121094,421.8057844780425,415.24304354625815,418.7053667298507,2753400
2023-05-08,423.2239379882813,425.4539020742037,413.71724270663947,416.84703047713725,2478600
2023-05-09,418.9792175292969,426.0407760229952,418.6564426553579,422.2948085522083,2601600
2023-05-10,426.353759765625,428.7695568720523,416.71012169518866,416.71012169518866,2766300
2023-05-11,425.9918518066406,427.26334124072054,421.65907523371845,427.1166389573688,2595900
2023-05-12,426.0016784667969,436.8961505056528,425.99189282471536,431.62052232878295,3939200
2023-05-15,426.08013916015625,427.54122229320586,422.3146420778095,426.92344005089313,2234800
2023-05-16,428.1785888671875,429.9731019694089,422.3048098640187,425.77613903962794,2128800
2023-05-17,428.9826354980469,430.43393275662345,424.33460592504,430.2868189697261,2274200
2023-05-18,429.3945007324219,430.992851928734,425.17790717278126,428.04126935504206,2268100
2023-05-19,433.7974548339844,438.8279332391724,430.48302493365713,430.48302493365713,3442800
2023-05-22,425.5701599121094,446.1235369562376,424.00122541757145,435.68994899961825,4398000
2023-05-23,414.9992980957031,427.43331626949174,413.3322977362055,424.520936016612,4492100
2023-05-24,417.5096435546875,420.637756894323,412.1065631798237,415.7739940226344,3133000
2023-05-25,419.0198059082031,419.89255348578024,411.6554969701016,418.1078559123492,2882200
2023-05-26,417.529296875,423.29522433941406,415.450431582499,416.65654931654865,2338400
2023-05-30,418.9511413574219,420.4122543359484,413.8716453052121,415.5680924867726,2595700
2023-05-31,421.1280822753906,422.2067472734856,415.78383512086737,418.7158168618398,3950900
2023-06-01,428.0216979980469,428.3158956877621,419.8239037634226,421.9223703076094,2914400
2023-06-02,433.7483825683594,436.07242755045826,428.3060695858525,431.42436751176984,2499000
2023-06-05,435.6409606933594,439.11225992076226,433.14041506203336,434.4053962655157,2113800
2023-06-06,434.4740295410156,440.1614920775079,431.4831844744312,439.1416606833719,1495300
2023-06-07,427.9039611816406,438.02374957880306,427.2273455086875,431.65967193736617,2458300
2023-06-08,437.0138244628906,438.7887065453071,423.95223649269457,427.42356589209146,2040300
2023-06-09,437.3864440917969,440.5831769045501,434.0131806923495,440.5831769045501,2082000
2023-06-12,436.6706237792969,438.3180232396728,430.1692463484958,437.4943235094848,2566600
2023-06-13,437.0726623535156,438.7200617736159,433.6699820435699,435.0624460293408,1766300
2023-06-14,439.0338439941406,440.07327667864206,434.934946809936,435.6703961579613,2163300
2023-06-15,445.1233215332031,447.7219030419785,439.004393010576,439.30837632336625,2287100
2023-06-16,439.0239562988281,448.11412789930966,438.81803889435446,446.9569983718017,4295700
2023-06-20,443.1817932128906,446.0549415104473,436.4744687620566,437.2099181169233,2506300
2023-06-21,444.21142578125,446.5060242571381,441.47554570689766,445.68232454211505,2347500
2023-06-22,448.8005676269531,453.2917280502997,445.0154696446602,446.1725693456764,2912500
2023-06-23,449.9381103515625,451.0854245241768,443.5446146673629,448.13381150679777,4832100
2023-06-26,443.9760437011719,456.233532053859,440.21054687028743,456.233532053859,3214700
2023-06-27,455.48822021484375,458.9007153935105,442.9365654062516,453.5270222806571,4138700
2023-06-28,449.80084228515625,459.4401187669306,448.4476106694428,459.4205175571055,2854700
2023-06-29,455.4784240722656,456.79242315314366,448.6338621424009,450.153778636008,2112400
2023-06-30,459.88134765625,460.75406523888535,454.99795367338305,455.63533706303946,3173200
2023-07-03,452.4680480957031,457.2141441298291,448.4966038011396,457.2141441298291,2113200
2023-07-05,456.6650085449219,458.1849251654221,451.0755817572909,453.13484583302386,2130200
2023-07-06,454.2232971191406,458.52814149814617,452.66414815360264,454.1350467919037,2191700
2023-07-07,443.3092041015625,454.6155099190288,442.4855044929557,453.36034433560303,2914700
2023-07-10,444.3683166503906,445.8490309505361,440.985237595592,444.1721848491952,2011400
2023-07-11,430.8654479980469,441.8187230618094,429.1199528914697,441.26958996611455,3570900
2023-07-12,432.0519409179687,435.6801393931035,426.5703959019604,429.9632601847967,3107800
2023-07-13,426.2664184570313,433.6601137381573,425.91338723822105,431.6891299995374,2865100
2023-07-14,440.7400207519531,441.71083411700494,432.31667888349335,432.54222742800175,2955000
2023-07-17,438.4651184082031,441.8775842987551,434.6603889171412,440.73030005124576,2347900
2023-07-18,442.4463195800781,444.525184854348,436.4058256191659,438.27877346451527,2237000
2023-07-19,444.7605285644531,446.1725936725345,439.8575330295901,442.6424309023311,2212800
2023-07-20,454.8215026855469,456.19433550365454,446.17261104320215,446.31969492987247,2624200
2023-07-21,453.0759887695313,457.97898396897705,453.0073396546171,456.3806027458765,2226700
2023-07-24,450.4087829589844,456.60617641409664,448.7908004392708,453.0367813483199,2190700
2023-07-25,448.663330078125,451.9777598942754,447.7415645105976,448.87906308170614,1737800
2023-07-26,444.78997802734375,446.1726264608443,437.8963669957494,446.1726264608443,1959800
2023-07-27,446.1627197265625,449.7811323518763,443.4758881011827,444.5251361904755,1883500
2023-07-28,449.5851135253906,450.65396301843305,443.0150871850068,446.3001003551987,1437600
2023-07-31,445.7312927246094,450.1145717392203,442.0540462333421,450.1145717392203,2110200
2023-08-01,444.2996826171875,448.4966459459153,442.6915155097092,446.51584635881665,1738200
2023-08-02,445.6626892089844,452.6837823476611,442.5639924656237,446.39813853310613,2366600
2023-08-03,440.4458923339844,445.2900542488863,439.5633591351237,442.0344580770355,2414100
2023-08-04,440.76947021484375,443.6916662419307,438.2199365511739,440.52432044522095,1870400
2023-08-07,445.2704162597656,446.1725805789294,441.8383194860816,444.45653219208737,2446400
2023-08-08,511.48052978515625,527.5623809516009,492.9570260598512,496.1832058764126,15094500
2023-08-09,516.0206298828125,522.198451909763,506.86186807796736,510.274333692079,5376600
2023-08-10,511.22564697265625,518.4820456205277,509.9018020547467,513.3142683434365,4108500
2023-08-11,518.0309448242188,521.4924286820348,509.91155517865275,513.5593552679787,2524300
2023-08-14,528.6931762695312,532.9187788795402,520.0945418971179,522.0894538615883,3981100
2023-08-15,537.1640625,537.8224554330063,524.5462141519505,528.4278354558074,2826800
2023-08-16,536.7907104492188,543.3060244045366,533.1154174445417,537.9306774648022,2597100
2023-08-17,528.3590087890625,539.3063126456616,528.0937202972001,533.8130474827161,2549900
2023-08-18,536.9772338867188,538.294079454913,524.6640230673078,525.774479858451,2958600
2023-08-21,540.5347900390625,543.9251212186748,536.3091868204007,537.527726727433,2305400
2023-08-22,544.0823364257812,546.4801298253384,537.8127577614916,540.0238355282394,1936600
2023-08-23,543.7874145507812,547.7575650037188,538.7265403549945,547.08927553752,2121300
2023-08-24,538.5202026367188,547.3448393186623,537.8322998710643,543.1389098011814,1776700
2023-08-25,544.0723876953125,546.4799569629733,537.6160354611617,540.1219108082868,1847600
2023-08-28,544.3377685546875,546.6078056633065,540.6035164251788,540.6133530327253,1373700
2023-08-29,544.318115234375,546.7256847334049,540.3479647540613,543.8758877825477,1701200
2023-08-30,538.5103759765625,548.101548483516,537.5767979187372,545.4089570172845,2191100
2023-08-31,544.6128540039062,547.7672855248494,533.606591862809,537.5570686976014,3043400
2023-09-01,547.47265625,549.5363647768664,543.9349558886887,546.6963438873054,2030800
2023-09-05,548.533935546875,552.2092281053151,547.0795570959797,549.5559231097587,2257200
2023-09-06,550.2636108398438,551.8752553841889,543.1390263383367,551.3151084396544,2424300
2023-09-07,563.3137817382812,566.3405181858055,552.8873365483611,554.4301846081211,3707100
2023-09-08,576.31494140625,577.3860520776225,561.3385254096663,562.4293692768547,4308300
2023-09-11,585.2575073242188,587.8125063784994,574.3691615493269,576.9930168624534,3876500
2023-09-12,588.9327392578125,590.7310990101284,577.6808000103987,580.7468225504675,3212100
2023-09-13,588.52001953125,590.3576657273455,581.4642330709693,584.3729898411842,3126600
2023-09-14,581.3757934570312,591.4288666702861,579.8034956614937,588.8738077783922,3244800
2023-09-15,565.7017211914062,583.7834464573484,565.1121244894093,581.7590844747341,5941200
2023-09-18,561.3975219726562,568.0012446778004,554.6463101291655,568.0012446778004,2723600
2023-09-19,565.013916015625,568.4041872469985,560.7588029314956,561.7316675442773,2185100
2023-09-20,559.785888671875,565.2988276415833,559.3436611654705,563.5004677711744,1869900
2023-09-21,540.61328125,558.1741425200231,533.1152681639305,557.3781571455312,4049900
2023-09-22,541.0161743164062,545.8805561486998,538.1565408640657,539.316120819476,2353800
2023-09-25,542.736083984375,543.0996786701104,536.3092390204624,540.5839657199617,1686500
2023-09-26,540.49560546875,544.5443304298493,538.5203660622299,541.1736718324908,1864300
2023-09-27,540.249755859375,542.1463617480895,534.2650798854957,540.3775117982435,2004200
2023-09-28,535.0316772460938,542.1365876876806,532.0344505992668,541.7828296527606,2178800
2023-09-29,527.8382568359375,536.64328045455,522.9935475168853,536.0536237955723,2967700
2023-10-02,528.97802734375,531.2874103654577,517.6966406001987,526.7375005594504,2810100
2023-10-03,516.104736328125,528.0445773712713,507.63385857640674,526.7277316512474,3266100
2023-10-04,522.2664184570312,526.8949028739216,514.5718510147026,516.4684571953279,2220400
2023-10-05,532.113037109375,533.1154115465877,522.4137808718409,524.3103870278428,2950700
2023-10-06,555.4423828125,556.5626766548806,533.3218276164667,534.5894906616919,4745200
2023-10-09,561.8692626953125,569.7603223525421,553.8307738624221,554.263164801128,4208100
2023-10-10,569.2886352539062,575.8137856797671,559.874340873056,560.1396893929935,3526700
2023-10-11,594.8092651367188,598.2584951195136,574.8898975083245,585.8863236365461,5850600
2023-10-12,599.9390258789062,602.3957786466332,591.7826186859161,594.9862338917225,4063500
2023-10-13,598.6614990234375,619.072159297194,592.1363495760992,607.2011736522056,3963800
2023-10-16,605.9728393554688,611.2204298026129,597.9048414835212,600.4205539778013,2941500
2023-10-17,597.786865234375,609.6677471589466,592.1068844315045,608.2919417158454,2911700
2023-10-18,596.7354125976562,605.2259645853393,592.8046081566158,596.7354125976562,2049100
2023-10-19,580.5797119140625,594.5340774636153,568.3352964079315,594.5340774636153,3493700
2023-10-20,574.5264282226562,586.5939674387931,570.8314622151963,579.7936921153112,3666900
2023-10-23,566.6746215820312,578.162400007963,566.1734344170219,575.9218126771718,2781900
2023-10-24,582.1815185546875,584.2353899379393,569.0919346594692,569.9665529029227,2633000
2023-10-25,576.31494140625,589.3258951119724,575.7351213334447,586.6136303253523,2283300
2023-10-26,558.2725219726562,570.9493913136902,556.3660792651382,569.9666901238215,2846500
2023-10-27,550.5386962890625,560.9356921986441,547.010832427183,553.2706345253317,2717400
2023-10-30,555.9238891601562,563.2941477851708,552.8185199377319,561.328745485167,2290900
2023-10-31,544.3475952148438,559.7563407583328,538.1369172696756,559.1273976799913,3661400
2023-11-01,544.8684692382812,548.7697637847061,541.7238137470059,545.3991062355788,2935900
2023-11-02,570.2515258789062,587.104871553125,562.0951198010234,568.325470359092,5181300
2023-11-03,557.987548828125,572.9147819966444,557.368442292802,568.4238304531145,3056500
2023-11-06,584.8938598632812,587.3702857852855,561.1321548790047,561.2205643880396,3978500
2023-11-07,589.5518798828125,591.5271187446366,579.921420834742,586.6725727784196,3168200
2023-11-08,608.4197387695312,615.0431346078315,581.9359320447364,597.1481259275656,7776400
2023-11-09,581.0908203125,604.9999548146963,573.3372942563043,604.1253364426731,6279800
2023-11-10,587.3704223632812,588.5004928836671,575.8629684155255,584.7072802171292,3645900
2023-11-13,602.11083984375,608.0463331640209,568.1486906887433,584.0684012463106,5744800
2023-11-14,601.3626098632812,606.5017591507979,593.3387732283941,598.8028299126368,3827600
2023-11-15,579.4275512695312,603.4202231735396,575.371346472712,601.4216851252239,4287000
2023-11-16,579.6343383789062,585.8762021099876,572.7427199183502,582.3417599169818,3030500
2023-11-17,582.5484619140625,586.9492232011963,578.1181362794318,583.2769947373354,2628200
2023-11-20,588.3472290039062,595.494830748633,581.5442442010868,582.2826318178538,2827200
2023-11-21,583.4246826171875,592.2459755483444,582.6075768666961,589.174287671185,1851600
2023-11-22,585.8761596679688,589.9027999406009,577.6652626858278,586.1813574883643,2052200
2023-11-24,591.7930297851562,594.1558941625369,587.7368253397581,589.0954633432314,1341700
2023-11-27,582.3712768554688,594.3429752240646,581.9873008651495,591.8619735514036,2630700
2023-11-28,582.4401245117188,586.1616269207567,580.2348164575353,582.8339552743106,1793900
2023-11-29,582.6961059570312,585.3346038025031,575.3910080368744,583.030868112788,1908600
2023-11-30,581.8887939453125,586.9984385945335,577.1336210163149,582.3023342705502,5658400
2023-12-01,574.9972534179688,592.6496349847248,573.9733774303053,582.5386868473801,3638600
2023-12-04,576.61181640625,578.0000188029718,565.4375742934639,573.1167936376356,2577100
2023-12-05,579.0436401367188,582.6370907761082,570.3995528910633,574.2490476296222,2157300
2023-12-06,580.12646484375,584.7044915298208,575.3515828899979,581.5933851107329,2093100
2023-12-07,579.1617431640625,579.7524292345244,568.6667599544544,579.1715979469268,2095000
2023-12-08,588.7903442382812,589.0364734734022,575.7159905155326,579.8804779449323,2446800
2023-12-11,574.9972534179688,591.8817430165136,558.6247318583283,589.3908863089237,5614100
2023-12-12,575.7061157226562,576.7792055000062,569.2181228706988,572.9888394469385,2846100
2023-12-13,588.2488403320312,589.400708265266,573.2940264060096,574.2293294672437,3112500
2023-12-14,564.7877807617188,585.2952841624048,559.8849059365207,585.2952841624048,5275900
2023-12-15,563.1829833984375,564.8271697624239,552.953899246876,563.24205200438,5317000
2023-12-18,570.783447265625,574.0224857785341,566.7863116175126,567.5443486625815,3033900
2023-12-19,570.832763671875,576.050691427565,568.3124027130806,571.2659535283933,2192700
2023-12-20,561.38134765625,570.8818987474822,561.2041418425943,567.5542271474047,2647100
2023-12-21,563.1436767578125,566.0972275100388,558.2408017379629,562.562785336878,1786500
2023-12-22,561.55859375,566.9832913359847,558.6345473895985,564.1478779338371,2226100
2023-12-26,561.834228515625,563.9017500082572,558.8511736297373,560.682360596531,1678700
2023-12-27,572.5064086914062,574.6427934516893,561.6668684518224,561.6668684518224,2163400
2023-12-28,571.8565673828125,577.606172016303,571.0197521269573,572.9690761898571,1973500
2023-12-29,573.89453125,577.0942109337379,570.4979361830813,573.8256078613798,2000100
2024-01-02,583.0309448242188,583.5428527725437,570.0845230063278,571.4234516252475,3226700
2024-01-03,608.1361083984375,610.2429890111907,589.5287147305366,590.7101470426506,5130300
2024-01-04,604.9855346679688,626.5562699281886,603.7745983107387,615.5789443686836,6272500
2024-01-05,608.9729614257812,610.3414544394251,600.7424139559118,604.4934212181712,2404000
2024-01-08,616.3372192382812,616.3667235020206,600.1517570163056,612.7929219100956,2453900
2024-01-09,615.7955322265625,624.5971145847809,614.0627730908748,620.3538496948313,2918900
2024-01-10,620.4326782226562,627.1864494150735,616.0712757730875,618.758987553916,2679100
2024-01-11,625.8770751953125,629.8545620584603,618.4144801153284,624.5677109405991,2690300
2024-01-12,632.9655151367188,634.0288100906803,623.2089802285545,628.3186247507479,2067800
2024-01-16,624.744873046875,637.7010885259967,623.8587838340022,633.9402268980253,2413600
2024-01-17,619.1724853515625,630.6027720114619,615.5101113965552,629.5493317377001,2124100
2024-01-18,613.6985473632812,614.2203701310553,603.2134790852833,611.660650386509,3385000
2024-01-19,618.8475952148438,619.8419668105148,610.4004241330542,612.7534337380389,3125000
2024-01-22,621.1119995117188,622.8447587943506,615.3230355857171,620.2456198704028,2030200
2024-01-23,619.9306030273438,620.2456556505549,605.300696110935,617.9714239834419,2525000
2024-01-24,623.888427734375,633.2117747737515,622.2147368356166,623.7112218872333,2276900
2024-01-25,617.9025268554688,622.815256849402,615.0080446024505,617.6563976165731,2407900
2024-01-26,629.3523559570312,629.6969127963542,620.7378340725979,627.4817500260714,2410300
2024-01-29,635.013427734375,635.6533877828787,629.8644233553908,631.5676184365916,2718500
2024-01-30,634.9935913085938,636.7854189962899,631.0752338901931,635.7024746122509,2006100
2024-01-31,635.6138916015625,653.2761258077363,627.1372161781503,640.3100560755712,4719000
2024-02-01,650.2045288085938,650.2931617746755,633.2117564612614,637.307380666141,2494300
2024-02-02,657.312744140625,662.2057643783411,649.5251816711118,652.1243207554829,3019200
2024-02-05,695.2658081054688,700.8578565754459,671.9623112045825,680.3208496059947,7602400
2024-02-06,694.1139526367188,730.5115122118788,680.399579858323,730.5115122118788,8187300
2024-02-07,714.1488037109375,729.5170965915286,696.0730896207939,699.3810516588326,5798000
2024-02-08,724.2894287109375,729.5270661401975,714.5131825253014,717.0433983190884,4636900
2024-02-09,728.7000122070312,734.154274365143,722.2514384420728,724.1121898300959,2833900
2024-02-12,725.844970703125,729.3301390474163,715.2023449574092,729.3301390474163,2932300
2024-02-13,731.4664306640625,731.4762854466543,718.8744822074119,718.8744822074119,2860300
2024-02-14,746.891357421875,753.5386227047726,734.7507138069243,735.5594399368528,3394300
2024-02-15,747.3547973632812,752.4930817600458,739.6916746261008,745.4019964715822,2507000
2024-02-16,771.3007202148438,783.5399617744488,752.9960638856385,760.4224979674858,5009400
2024-02-20,745.2639770507812,782.4650752520968,742.8378590389434,779.1315708044103,4701100
2024-02-21,735.6480712890625,739.1887081315596,723.1523964399533,727.9258363313689,3541800
2024-02-22,759.0516357421875,764.4562249780265,745.8655793126735,753.0750090441261,3167400
2024-02-23,758.9530639648438,766.9515367275915,751.7732495620085,763.351727371747,2394800
2024-02-26,761.30029296875,769.4860936713076,758.5388260106597,760.6888274350109,2243800
2024-02-27,754.4755859375,762.3162266147682,735.1846831676228,744.5145597961214,2716700
2024-02-28,747.216796875,752.5030423322835,741.3190256758352,751.7633604427039,2716300
2024-02-29,743.3111572265625,746.0529399644159,733.7939542809161,742.7194358707818,3905400
2024-03-01,771.3600463867188,773.2931035252471,753.6175518995334,758.4402925909861,4247500
2024-03-04,781.3802490234375,789.7633104046433,775.3443894491406,785.4829914016461,3855600
2024-03-05,766.892333984375,777.6818293692537,758.6966611966388,774.5060972096471,3168700
2024-03-06,769.0423583984375,777.0111547158286,763.351719726557,773.5001337099179,2518600
2024-03-07,769.427001953125,782.08051139255,750.6489644798817,761.2215164758298,3977400
2024-03-08,751.6549072265625,769.2691846224147,744.613121012722,769.2691846224147,4054900
2024-03-11,724.2669067382812,746.3883189984023,717.6097698005128,741.8614995901805,3968900
2024-03-12,744.5638427734375,745.5697692653133,727.8568911734341,730.7663188038471,2701700
2024-03-13,747.4141235351562,750.3038071492828,735.4509959004456,746.5856532595344,2357500
2024-03-14,750.2642822265625,757.4342848890387,739.0901973800698,754.4262571248621,2647500
2024-03-15,743.7945556640625,750.4221371564151,737.4234670713103,744.9879308657945,3730100
2024-03-18,752.1676635742188,759.0911050487919,747.8183607218996,751.7929468115142,2521400
2024-03-19,762.1485595703125,763.2037861446438,744.613137840974,748.005814678161,2557100
2024-03-20,762.2274169921875,762.5232777236236,746.2305914260301,759.5152499289968,2038000
2024-03-21,759.6632080078125,769.8017502778338,748.439762798639,763.3517455708981,3013200
2024-03-22,760.00830078125,766.3104046564168,756.7241566734564,759.4067073171698,1981000
2024-03-25,762.5036010742188,767.7799747874477,757.5822602420976,760.4916276903348,1806600
2024-03-26,764.2393798828125,767.6221846227191,758.420524730619,763.5489980552774,2099000
2024-03-27,767.4741821289062,774.4567958900267,756.8227751582515,767.9969195482079,2297700
2024-03-28,767.2572631835938,782.7510948628404,765.7581552698282,769.5847811162014,3209400
2024-04-01,750.0868530273438,766.8036783763805,743.449459099577,765.3243143666512,2921300
2024-04-02,753.4498901367188,754.5446049347898,743.1337712568651,744.6821793043072,2596800
2024-04-03,765.3143310546875,776.4194315713137,754.8798682348573,755.1560450370206,3044900
2024-04-04,757.5131225585938,777.0604552625338,757.2566898887261,770.7879074929995,2354000
2024-04-05,773.4212646484375,775.8868709368618,752.5918275394667,754.9390293462179,2113400
2024-04-08,766.5963745117188,774.3975860232853,762.7105768396393,774.2200696052263,1664200
2024-04-09,746.8223266601562,767.1192159475086,740.3230217237999,766.9416995053735,2464100
2024-04-10,751.4970703125,754.7319747329867,736.5555319697395,740.9443233056767,1700300
2024-04-11,749.1400756835938,752.828613537144,740.3427479672783,749.3274641935831,1594800
2024-04-12,741.2994384765625,752.9962618363004,739.4748534602641,749.1203354526627,2495000
2024-04-15,740.4413452148438,757.4342852423,739.2085420162072,749.613388973606,2358600
2024-04-16,736.4666748046875,742.7786505399284,732.7781376863692,741.3387148977963,2569800
2024-04-17,740.4413452148438,761.2116110976536,734.6323620959558,748.7553627629924,3069400
2024-04-18,735.6876220703125,741.8516378390573,733.5376205936303,739.1098547312956,1717300
2024-04-19,716.3178100585938,739.6917700750714,712.1361513597373,738.8534278067036,3505500
2024-04-22,721.2686767578125,727.7285524880795,715.4399504198192,719.7005248438286,2354100
2024-04-23,735.43115234375,735.8946574123917,721.3771970988265,731.0029332697816,2042000
2024-04-24,722.1268310546875,742.2856318518518,718.7637101383912,742.2856318518518,2133400
2024-04-25,714.8975830078125,717.9746547355682,708.4179626785584,715.0257993460909,2608800
2024-04-26,723.4187622070312,727.3045601529454,711.080858621042,713.5267208139437,2009200
2024-04-29,727.0580444335938,730.39154918072,719.5724367404868,725.6279806487428,2665600
2024-04-30,770.35400390625,784.5559201915493,757.098902105126,764.3379486467011,7437100
2024-05-01,766.0638427734375,771.8432092324192,757.6807817324665,764.1012298786491,2802100
2024-05-02,745.510498046875,766.6457265566298,743.9127901060418,766.6457265566298,3205600
2024-05-03,724.858642578125,734.7506840369023,720.2923950491077,732.7781989790851,4595100
2024-05-06,756.1325073242188,756.4382401377565,725.8745900598545,727.886503394541,3398300
2024-05-07,767.06982421875,768.3716715010175,751.6252334479304,758.3218583361581,2879400
2024-05-08,764.3379516601562,770.6005675729917,761.5764846480903,768.3815219068816,2089800
2024-05-09,760.9354248046875,773.2141565491859,758.6177788983204,766.3104587228539,2522100
2024-05-10,749.5443725585938,766.7247017169813,749.5443725585938,763.3715130096596,2082300
2024-05-13,747.2760009765625,753.0454958838365,740.2046586644973,752.9961957948493,1848900
2024-05-14,753.4696044921875,753.9824699082403,741.1810601852987,741.1810601852987,1956200
2024-05-15,777.5155639648438,778.1477891715648,753.8843906825166,754.9217585848941,3038300
2024-05-16,761.8076171875,776.9821087255264,760.8394713859178,775.2335250122678,2299700
2024-05-17,760.7010498046875,765.5122321399969,757.836047705679,763.5561630215931,1670300
2024-05-20,773.7219848632812,774.8581211034955,756.8680109412709,757.6386202794482,2188800
2024-05-21,793.4705810546875,806.7482766527212,781.8328723998344,782.889957887771,4334500
2024-05-22,793.2136840820312,795.1599248626266,785.646216095369,791.32677660156,1767500
2024-05-23,798.686767578125,810.6998908362089,792.472690157242,800.2180369472381,3025800
2024-05-24,797.6790771484375,800.3365938179348,794.4387193715193,798.2422007882269,1778100
2024-05-28,798.1039428710938,799.2301902435921,778.7307755989018,799.2301902435921,2483500
2024-05-29,801.7296752929688,805.7603602027659,792.4036740128056,793.3026579657746,2380000
2024-05-30,805.2169799804688,810.0874359292445,796.3750519975954,802.9743741883493,1984600
2024-05-31,810.4332275390625,816.2323339251013,801.3047633317296,808.9117866888064,4472100
2024-06-03,821.221435546875,828.1566789716678,808.6155199317677,813.8811699505206,2537200
2024-06-04,822.5353393554688,825.3805038585837,815.3432265807834,823.9282851048903,1748300
2024-06-05,821.7153930664062,828.3246047635453,807.7461380428574,820.4607107228572,2169000
2024-06-06,827.1785278320312,836.7416210268672,821.8338876969048,824.7976584915135,2109000
2024-06-07,839.7251586914062,846.462804779482,826.9019298485266,827.6428725375633,2468800
2024-06-10,854.5538330078125,861.1037706788737,839.1323615449529,843.6668966722626,3417500
2024-06-11,855.3639526367188,871.4868717813632,841.9380454167439,871.4868717813632,4109100
2024-06-12,856.826171875,861.4694251020226,843.538586687378,861.4694251020226,2594600
2024-06-13,872.6624755859375,874.3715639327237,851.0960888594138,858.5351817016275,2243400
2024-06-14,867.8414306640625,873.9270130333667,865.421005973587,871.6745787563752,2023300
2024-06-17,874.322265625,881.4254386457034,866.2706642510344,867.3969116146451,2532200
2024-06-18,880.6943359375,884.0631286596258,873.3244046614465,876.2881752655011,2437000
2024-06-20,875.29052734375,894.5155446490373,859.6220716105639,882.2158822710845,3360000
2024-06-21,873.2058715820312,881.1981393289766,869.1751266174147,874.9643441447956,3445900
2024-06-24,879.3606567382812,892.6680189189022,872.2772614450727,879.2322218470762,2878200
2024-06-25,893.6854858398438,898.4373955850913,880.7338228933961,881.0005815406353,2830100
2024-06-26,890.3759765625,895.4044735986761,886.9972949495775,893.082877406062,2232100
2024-06-27,898.06201171875,898.5856401488818,888.8545568992331,892.6186035508388,1948100
2024-06-28,894.4462890625,904.4835664787124,894.4462890625,900.3046688747501,3375400
2024-07-01,903.3277587890624,905.7580727177764,893.3892491085658,900.7591813734724,2546100
2024-07-02,895.76025390625,900.9863481878843,867.890906670018,891.808559396654,4584600
2024-07-03,887.2540893554688,907.4077532863907,873.3243918401411,899.9983268850323,3078400
2024-07-05,903.5252685546876,905.392458577459,886.0686759194604,887.5801676297494,2880900
2024-07-08,906.9138793945312,917.3957344876736,900.9863376991422,906.80522226832,2364600
2024-07-09,921.23876953125,923.708578564846,909.6603337248272,917.8304210052733,2416000
2024-07-10,928.430908203125,934.2695103897862,921.7327569746392,925.259651608478,2683300
2024-07-11,922.85888671875,931.493328591646,907.5262944714808,922.809502602616,2855100
2024-07-12,936.94677734375,939.3078689488966,924.7261670923244,925.6844240524846,2315100
2024-07-15,938.98193359375,954.4330136451084,936.640559368324,944.6526056940836,2358700
2024-07-16,930.2288208007812,944.8402491710352,927.0477358094428,944.2079636069444,2111800
2024-07-17,894.65380859375,913.8293801918112,891.7394217540639,899.0204142621245,4200600
2024-07-18,838.6483154296875,898.8819845914552,826.5560806756,896.07631551078,7649600
2024-07-19,847.1148071289062,869.5802400926921,842.6988176488961,857.1817508677251,3782200
2024-07-22,855.5120849609375,863.8600506014932,846.4726211083417,854.356231348573,2904500
2024-07-23,867.683349609375,876.9994614134641,853.6449946098551,859.4934851193924,2087700
2024-07-24,849.4957275390625,867.7328184203487,843.9534907610848,861.9633182176893,2726100
2024-07-25,811.27294921875,841.3354558608075,796.6418037328548,836.7712538454957,5468000
2024-07-26,794.9029541015625,812.0829572083696,791.6230410423849,802.0653990472625,4173900
2024-07-29,798.0347290039062,814.8097115967037,794.2905205211914,804.1796447340776,2473700
2024-07-30,780.6671752929688,811.9744784187901,766.4410505022294,805.3356000837534,3848600
2024-07-31,794.557373046875,801.3444036965302,782.5244702291878,790.5068499042234,2961700
2024-08-01,822.3870239257812,830.7349893895938,810.2750724159029,823.5527663961622,4060700
2024-08-02,794.7450561523438,810.2850753819592,777.5156658271355,806.8075649481149,3515900
2024-08-05,765.897705078125,783.364188123307,738.522318795866,748.8461330860205,4661800
2024-08-06,783.6012573242188,796.5332041673937,775.5200492695103,779.6100675677686,3437600
2024-08-07,762.8153686523438,777.0809883284556,753.8055099409124,768.9009517020367,4407700
2024-08-08,835.1016235351562,867.1795314023196,815.2739913656269,864.4330750892501,9434900
2024-08-09,880.9116821289062,897.5186749374889,849.6142706504802,849.6142706504802,6587600
2024-08-12,873.6998291015625,893.794160229609,872.3364897863183,893.2903698722953,4206100
2024-08-13,897.083984375,903.643811341802,879.5780076831178,883.2827210652331,3506800
2024-08-14,920.4285888671876,923.095994462648,892.8753870938831,899.0104139336355,3562900
2024-08-15,921.6159057617188,927.9276705816702,910.1597476827468,925.988612859838,3080000
2024-08-16,912.2568969726562,926.2852188678552,909.5561166789796,918.4598516768422,2364900
2024-08-19,911.9503784179688,916.0955648686828,906.69717624422,912.2570602630528,2374600
2024-08-20,939.80908203125,956.6569579579124,920.557265038025,922.130224567412,4961500
2024-08-21,941.7876586914062,946.269234598844,929.124580121906,945.3986422863484,2617000
2024-08-22,943.9641723632812,962.1278395320296,937.9987006952356,941.79759420729,3183700
2024-08-23,942.5494995117188,950.2265083449436,933.022496997258,945.22063243413,2063300
2024-08-26,940.3630981445312,944.7852577496468,932.6860899491847,939.0473070041758,2166000
2024-08-27,944.2708740234376,962.0783462389098,939.7893582480192,942.3120714020796,2912900
2024-08-28,938.7901000976562,948.0895814535844,933.1708608634248,943.9443954552524,1701800
2024-08-29,930.1436767578124,947.2784300920569,925.9885876853232,944.785364572098,1762800
2024-08-30,949.7515869140624,950.7210854520144,930.4502574015188,934.8922224267988,2555100
2024-09-03,946.2989501953124,959.2786133796336,941.4018834943216,947.525677450184,2529400
2024-09-04,936.1882934570312,943.7960438568728,927.9770820911358,939.5915017327726,1891700
2024-09-05,902.9872436523438,932.9136902373708,896.4776062980371,931.0933442735624,3201100
2024-09-06,893.0546875,917.9752591241796,883.4485233638592,907.9437014891852,3440000
2024-09-09,898.5552368164062,905.6386274669132,886.3372951887774,902.8092322875028,2405900
2024-09-10,891.6102905273438,905.3220304064132,885.4271401075979,904.332726339254,1930400
2024-09-11,911.0401611328124,911.683172493594,887.6035473155861,892.5006141172331,2721100
2024-09-12,925.01904296875,927.5912092090532,908.8043359596508,914.4235754189884,2510800
2024-09-13,913.8300170898438,932.2705977090752,912.2371917636136,926.9877481775584,2045400
2024-09-16,913.6617431640624,922.634737186538,910.5850223884306,921.1705866710236,1760300
2024-09-17,896.487548828125,911.6436943236388,892.6490442319655,911.6436943236388,2248000
2024-09-18,895.2904663085938,905.7078670452364,893.7966678989591,896.6161603173866,1777000
2024-09-19,905.2527465820312,907.0038340543208,894.19233466611,903.086168320196,2446500
2024-09-20,911.6337280273438,929.8072375716704,903.4324196524042,912.1283800244836,9921800
2024-09-23,908.6954956054688,912.1382540750794,899.7225014133202,911.1489501118745,2292000
2024-09-24,914.5422973632812,915.7789273739488,899.4752166356511,912.2570075188604,2767400
2024-09-25,914.6708984375,929.2532296504414,911.336948807722,921.8235469930288,1805100
2024-09-26,899.5939331054688,911.9898810000004,895.6169116475118,910.4169214321064,2693000
2024-09-27,868.401123046875,891.5706658452812,866.2444476059719,884.0618220327129,4377300
2024-09-30,876.4639892578125,877.9380425584612,849.6241668740768,855.2731144586904,3244600
2024-10-01,875.0196533203125,881.7370666679287,869.4696719234981,879.3231622975342,2455200
2024-10-02,881.5391845703125,883.7947664502561,869.3014980595864,870.5875812736385,1751600
2024-10-03,876.0780639648438,882.4590862501793,871.4580316198881,880.0253768979982,1974700
2024-10-04,877.6709594726562,879.4615973981516,867.5108478807613,876.4343294030508,1970500
2024-10-07,888.7907104492188,895.5971265907111,880.0551394905253,880.9850876372502,2915700
2024-10-08,903.9468383789062,912.1085965277264,892.5797448728124,893.3415282890464,2200000
2024-10-09,909.9024047851562,911.4951696519772,902.2452018777598,906.4892940831676,1820100
2024-10-10,900.9492797851562,912.1383058285628,895.4685572556674,910.1596977898892,1682100
2024-10-11,922.0906982421876,922.2687657190928,901.4340255686212,906.2420285920396,2293900
2024-10-14,919.5679931640624,926.9778706438966,916.0955263780664,925.9885666197302,1550400
2024-10-15,903.5510864257812,916.6099105781605,898.0901093262378,914.5521414652088,2284200
2024-10-16,906.6179809570312,907.9931280485048,888.2367555814355,900.296374105023,1645400
2024-10-17,907.3104248046876,920.5572190557084,906.2419596422228,911.1489289232452,2191200
2024-10-18,908.1513061523438,911.0697648432404,895.9334266821384,907.3697777796732,2286900
2024-10-21,896.4381103515625,909.0319319607414,894.884895700931,908.1613395402304,1592200
2024-10-22,899.4257202148438,901.3746200343232,890.571437688229,892.0355882280338,1391800
2024-10-23,893.5888671875,898.2386082158404,882.1920654128999,895.9335129134977,2646600
2024-10-24,881.7864990234375,890.3736509893218,878.7790364288448,888.7215301217601,1797100
2024-10-25,883.1517333984375,891.3233944745527,879.9364952509115,890.1065094387375,2228300
2024-10-28,886.0108032226562,888.6027748934098,881.2522533587726,885.2984729379831,2084100
2024-10-29,893.9153442382812,898.2682457014615,888.602786475883,888.602786475883,3187500
2024-10-30,837.7723388671875,851.2961078926082,760.7747902026911,789.9592587475278,18257200
2024-10-31,820.8650512695312,844.3709228244447,816.4131834866256,827.5626583452678,6582800
2024-11-01,810.170654296875,824.0901677373079,807.9941735901325,819.1436481230384,5266300
2024-11-04,797.517578125,811.4172878946742,795.0838684342303,796.3897570208145,3918100
2024-11-05,797.4383544921875,800.5546861461195,788.9600122356433,795.2322259646141,3733300
2024-11-06,768.0758056640625,811.9514117012017,759.3995906987233,808.5878145000142,8257900
2024-11-07,788.9204711914062,793.9658973381651,769.8664668690599,776.2573923196343,4557600
2024-11-08,822.6458740234375,838.207667903876,792.689778568885,794.9058099959402,7212900
2024-11-11,823.5362548828125,834.9726071339512,815.8097927700059,822.4084337890012,3342800
2024-11-12,810.1014404296875,825.0696144381077,802.0484915620165,821.320174101455,3378600
2024-11-13,803.1268920898438,820.2418395173746,802.6124346783622,811.5458789405536,3059300
2024-11-14,777.8204345703125,800.5348752710703,775.129556777708,800.5348752710703,3998800
2024-11-15,739.4412841796875,770.933404466755,737.4593992370898,768.1686967454693,7334600
2024-11-18,720.61328125,727.3516770609122,704.9564043852074,726.5490161853558,9148100
2024-11-19,723.120361328125,723.3879351242266,705.9671512035818,709.8219315654122,5832500
2024-11-20,746.5858764648438,750.5100300872546,728.7985090210302,729.1254764611552,5158900
2024-11-21,743.1275024414062,746.1796219469704,728.3426588725408,739.3619334443804,4143200
2024-11-22,741.23486328125,754.3846887977128,738.3314091936124,750.1929611538483,4015500
2024-11-25,748.1614990234375,748.1614990234375,733.3072823822498,743.206787109375,5690500
2024-11-26,782.1707153320312,799.6905708911981,766.9399344524047,778.0880372064642,6622600
2024-11-27,781.0509033203125,787.630775461748,773.232353161995,780.9815300934881,2714700
2024-11-29,788.1460571289062,793.080991681146,782.1806246797752,784.1625095891153,2206900
2024-12-02,792.5557250976562,798.0554433605654,788.0171919381129,790.8810300103737,2895600
2024-12-03,805.9631958007812,809.7287648087756,794.349319469904,795.6573706903845,2782100
2024-12-04,822.3237915039062,838.7932518302908,813.0683614836873,820.5995006634244,3871100
2024-12-05,818.1419067382812,823.6020093550488,810.0558428991268,820.2823763161026,2423400
2024-12-06,819.2220458984375,833.3825915846629,818.2112652558452,820.1832310331955,3047100
2024-12-09,796.3015747070312,816.2393325583728,794.0224191003741,816.2393325583728,3176000
2024-12-10,792.3377685546875,806.627141522279,789.7811201391355,801.9400031623724,2695200
2024-12-11,788.8199462890625,792.258487553745,779.2474083667151,788.0469821477369,3510900
2024-12-12,775.2637939453125,794.5773129111551,771.3397005905678,789.5135510748528,2823800
2024-12-13,781.9725341796875,787.0560740004867,765.9886269506347,770.0911433818638,3059400
2024-12-16,771.9441528320312,792.5359655552675,768.2281187201954,784.8264044197289,3426200
2024-12-17,771.567626953125,780.8626722301874,765.4336905984196,770.8145009930907,3924800
2024-12-18,757.7836303710938,771.9441763510586,755.5936257608244,767.9804065110018,3354200
2024-12-19,750.6785278320312,765.9687627005287,745.5851295646679,758.1700503949421,4032600
2024-12-20,760.8060302734375,804.0011803641939,759.6664221953254,804.0011803641939,9942300
2024-12-23,789.067626953125,792.1196859346094,766.0678325520705,778.0582111506864,3622300
2024-12-24,788.4631958007812,790.5243731195235,779.9708113851025,784.2021551809652,1165400
2024-12-26,786.9471435546875,796.6286112925302,784.3310406657654,786.9273053490286,1274200
2024-12-27,776.076416015625,786.1146683174574,772.1621810682387,782.8445701840407,2096500
2024-12-30,766.8309326171875,772.6972949899377,764.0166294451396,770.873934268532,1719100
2024-12-31,765.007568359375,766.9002418191284,757.377299428237,764.0166259133136,2327000
2025-01-02,771.0226440429688,779.8717533767722,764.7797183423909,773.5198385161323,1938900
2025-01-03,774.8971557617188,778.7222395757361,768.5056253610403,771.1216674559392,1799100
2025-01-06,758.1700439453125,777.6619254749163,756.4358946586285,776.621387517044,3991100
2025-01-07,766.285888671875,776.8592884819429,754.7216068640246,757.9719272303087,3576100
2025-01-08,780.0896606445312,785.3813197646557,763.6895757361709,766.8209876446567,3478400
2025-01-10,792.6548461914062,792.7539162380065,777.7510338574444,784.7570038500767,3973100
2025-01-13,790.2567749023438,798.0456286168911,776.5124077988872,787.2047156679695,3683800
2025-01-14,738.1629028320312,777.1267666440554,722.3970352993808,777.1267666440554,10373000
2025-01-15,739.9763793945312,747.7651727879556,728.6102981565411,742.2159190812147,5736900
2025-01-16,750.738037109375,758.5764263977774,739.6395291507505,740.7295417416515,3070300
2025-01-17,719.146728515625,748.4390455119856,718.4431980821406,741.0565121349625,5560100
2025-01-21,735.6260986328125,736.5477283295817,719.9494424033593,724.6464999076971,5122800
2025-01-22,747.1507568359375,753.4828935032858,732.3559935580982,738.8268766819284,3737800
2025-01-23,759.656494140625,759.656494140625,737.508953521719,740.888040824857,3127200
2025-01-24,778.2960815429688,782.1409430801482,753.6018126715913,755.0486104194421,4170600
2025-01-27,800.8499755859375,801.9202104106946,771.6568485254608,771.6568485254608,3915200
2025-01-28,797.69873046875,808.7576817664334,792.8629266116518,799.9283509178591,2808800
2025-01-29,796.7970581054688,801.7913865053188,791.763053297138,799.6806741529365,1827600
2025-01-30,815.7735595703125,817.150984135153,797.7086974895832,801.0877847387738,2643000
2025-01-31,803.7335815429688,819.8561733194745,803.68404651926,815.5455980573018,2561600
2025-02-03,803.0895385742188,810.5513647752846,794.4881647654764,796.9853592681966,2808800
2025-02-04,818.5878295898438,821.5308996084387,798.6401534116103,803.7038547699501,4299700
2025-02-05,834.5519409179688,839.2292209324959,823.5326652420387,827.5856466478225,4578900
2025-02-06,862.486572265625,879.6992377216263,828.041403150349,831.9160219860155,7138500
2025-02-07,870.3546752929688,881.304577450833,861.74338284018,868.5908291534892,4426100
2025-02-10,861.0100708007812,872.0293458782935,851.5861985334924,869.7798871885584,3065600
2025-02-11,857.1652221679688,866.2719857337631,852.7059811277886,859.1768643798339,1944200
2025-02-12,865.06298828125,869.8294794557011,848.3557133461758,849.168293400596,2533400
2025-02-13,863.9630126953125,875.497596564793,859.9397890341831,869.1258442913627,2472900
2025-02-14,838.06494140625,867.0800921307181,835.3053443153966,862.7124062986371,3222300
2025-02-18,850.8998413085938,856.3891659111716,845.1027369527949,850.1255450002933,4289400
2025-02-19,860.677490234375,874.8525665837705,850.8800359402925,850.8800359402925,3205500
2025-02-20,866.7028198242188,873.8499140581164,857.649853990137,860.469007483101,2990300
2025-02-21,867.2587890625,887.8265367336394,867.0106264639705,874.1477852211408,3940400
2025-02-24,874.9219970703125,886.5458932868615,863.6256318298427,872.8274588953151,3017100
2025-02-25,895.1720581054688,905.2971036185156,884.1933478468911,884.1933478468911,5111300
2025-02-26,908.2850341796876,915.6504830373348,890.0103067497331,891.7673173105815,3032800
2025-02-27,898.50732421875,918.6978580985846,897.4154331169008,908.989709025456,3085400
2025-02-28,913.8636474609376,914.44927720749,886.0495667608258,895.2117701978616,4071100
2025-03-03,922.8867797851562,928.75337680833,903.311745545652,906.091154183864,3979800
2025-03-04,904.3639526367188,922.3308982905628,896.1547155154466,915.4617753858388,3343500
2025-03-05,922.8867797851562,923.6511398806264,895.0132038306454,898.1499520252211,3109500
2025-03-06,906.051513671875,924.5346577404048,891.6779564593729,913.6551884473186,3273100
2025-03-07,863.1888427734375,901.3264493603268,855.0590346007888,898.7356466843288,4818100
2025-03-10,823.66162109375,856.8459173196717,819.7108918151264,847.6340923528111,5962900
2025-03-11,818.00341796875,826.2324672871777,805.6747179933591,821.1203545055356,3796500
2025-03-12,815.8195190429688,828.5155545021548,807.2827511368155,808.9603324809659,3014800
2025-03-13,795.7581176757812,815.0750532637115,789.5341810600183,812.2261518196418,3566300
2025-03-14,807.5010986328125,809.2184247485452,794.1201927722993,797.2073204809266,3102300
2025-03-17,818.6982421875,822.9070696169015,808.5831335645245,810.9456460419541,2546600
2025-03-18,816.4647827148438,830.1434719211035,806.6474570104623,827.2945704950712,2354900
2025-03-19,830.8582153320312,835.9405798867471,813.4768993446784,815.6805538708702,3790500
2025-03-20,836.3773803710938,848.110514325378,826.3417002609232,832.863420078959,4402700
2025-03-21,831.4140625,844.179529949092,819.2540971519542,831.6423526657736,5963800
2025-03-24,858.5432739257812,860.4987659471216,831.6027300791689,839.1071639693437,3102400
2025-03-25,846.08544921875,868.4895735019174,841.6880157108209,863.1590462992802,2670600
2025-03-26,820.6835327148438,845.1523250949048,820.3261931646039,839.474394730328,2562100
2025-03-27,815.6309814453125,820.6935344911678,809.2978674793333,816.7725535619008,2128200
2025-03-28,816.4647827148438,823.6813695605236,811.4221023824441,813.9732208449923,2124700
2025-03-31,819.8397827148438,821.9243846970376,783.5981711501418,803.0342204041832,3737000
2025-04-01,799.311767578125,814.628354166489,791.1422751409699,812.5834970080314,2987700
2025-04-02,812.2062377929688,813.8242625061955,789.1966128542298,789.1966128542298,2683800
2025-04-03,783.2904663085938,812.772132292216,781.2753570809358,804.5530191618838,2675100
2025-04-04,732.784423828125,762.6234904021425,729.3002114669036,756.5087304249458,5299400
2025-04-07,718.4108276367188,742.502471328074,672.1136607644085,692.8004603953906,6274400
2025-04-08,720.90234375,757.8885035998842,708.0376346450428,749.431103661206,4115200
2025-04-09,748.1704711914062,749.2822346682473,683.9360491740686,699.2228878604809,6619000
2025-04-10,715.6114501953125,736.4968497966064,686.6856685573275,733.4692787143476,4182700
2025-04-11,727.0269165039062,730.4317600537545,706.7470799043307,717.5769276664462,3603400
2025-04-14,748.8057250976562,753.9774549409286,729.1215133885603,744.9344253027198,3461200
2025-04-15,751.614990234375,759.6852424857667,745.966807278143,750.0168376999745,2458100
2025-04-16,729.498779296875,750.7414608090396,724.9722960446217,750.0863382245927,3302600
2025-04-17,833.7865600585938,851.6939494931843,815.7997416365022,834.6203523743761,10853400
2025-04-21,812.0078125,837.7074825536665,801.0687868776133,835.3251582011372,3326600
2025-04-22,821.4578247070312,825.8850669491973,808.017361173854,815.8394505490963,3086500
2025-04-23,823.3240356445312,839.7921315953557,812.6232963854922,830.808658052679,2714600
2025-04-24,853.4111938476562,855.9126919058151,823.1155489265251,829.8556224218746,2939500
2025-04-25,878.0388793945312,879.0712744876288,844.8149027518032,853.3417349473643,3398900
2025-04-28,870.8421630859375,875.7657304032506,858.0568223278829,864.0425327404992,3457600
2025-04-29,878.694091796875,885.9106185592266,867.6062044795724,871.2492142577914,2454400
2025-04-30,892.343017578125,895.8669140979836,875.6366957227292,881.6720266345756,4374100
2025-05-01,788.2634887695312,844.6758158257287,786.2484403961912,837.7967573045042,12601100
2025-05-02,817.566650390625,825.4185483376173,801.6544972917475,819.0556258682194,6059400
2025-05-05,815.4225463867188,823.5424186613214,806.0618612232117,810.9953041879437,2889600
2025-05-06,769.423095703125,812.4048415765966,764.6881343843373,810.8861181225833,5982000
2025-05-07,771.0112915039062,778.5753423291121,766.5841100586217,774.7635386200295,3807800
2025-05-08,745.9271240234375,764.3209036617048,733.6480439355321,759.3775242640023,6162000
2025-05-09,729.1712036132812,756.4095327144589,727.6127352319593,746.4830288231635,4072600
2025-05-12,750.0167846679688,759.705061163572,716.8721770420981,722.5203595989597,9176100
2025-05-13,740.57666015625,753.9178822471272,735.4049304234178,749.9969015519655,4523900
2025-05-14,710.3008422851562,753.9178986474874,708.7821188396364,743.733296932408,7558500
2025-05-15,727.9005126953125,733.2509123238297,706.9754881080686,720.3663308879902,5212900
2025-05-16,753.364501953125,754.8366163554488,734.0775448425742,736.066914882798,4645100
2025-05-19,751.0965576171875,754.6873558097775,743.5866981909339,748.9977868885188,4062700
2025-05-20,743.0396118164062,759.4419568752771,739.0509154660523,751.9818197743413,3873500
2025-05-21,721.0968627929688,746.5309641139047,720.1220302638649,743.0793757862504,4060000
2025-05-22,711.3987426757812,718.3515812931986,707.768118046893,713.2886077985642,4249900
2025-05-23,709.9166870117188,715.8151620573104,705.2316985827506,706.226383630117,2635700
2025-05-27,721.3654174804688,727.4230757669652,710.5333441069635,713.2190057153153,3792700
2025-05-28,715.5665283203125,726.1101660910093,710.9412183232013,721.3654987388155,2948800
2025-05-29,718.7295532226562,723.4642635725256,713.1493849006338,715.4072785845594,2785500
2025-05-30,733.7492065429688,741.9355047023212,713.2984870550634,721.1465656295287,6106200
2025-06-02,743.1490478515625,743.3977191000596,726.8163372492883,728.6067580963162,2946900
2025-06-03,746.7896728515625,752.9765847369029,737.5192008770405,742.2837204226074,3056500
2025-06-04,761.7695922851562,768.5135250613554,751.9818651059655,752.3698068291808,3135900
2025-06-05,761.6104125976562,765.9074591341932,749.0475360409713,765.4101166282619,3636400
2025-06-06,765.7880859375,768.4935999725985,761.1329674636366,764.3955026654174,2069900
2025-06-09,769.5977172851562,775.1480156143547,763.510250226147,767.8470620531467,2262200
2025-06-10,802.8997802734375,804.3321290888358,772.8702379682239,772.9597863301411,4744400
2025-06-11,804.312255859375,816.3578771267211,800.7513271268771,805.3467671561623,3125400
2025-06-12,807.714111328125,814.2093729825272,802.0642469513132,806.0231346406764,2271100
2025-06-13,815.0050659179688,820.6151037432304,803.804903394371,806.033048733688,2754600
2025-06-16,803.2877197265625,820.6151152210679,801.477385762845,817.3127537751302,2821800
2025-06-17,787.0345458984375,800.8805440327883,784.7467825515989,800.8805440327883,2875600
2025-06-18,780.8576049804688,786.4278167695653,775.2972890444689,785.7514382459432,2442900
2025-06-20,758.6760864257812,781.8224262853608,751.5442118262355,781.8224262853608,6210600
2025-06-23,766.5440673828125,788.9941152473257,759.7702649222526,766.4346666027639,3951500
2025-06-24,773.9445190429688,780.2707010498599,758.964565424743,768.782101482922,2788500
2025-06-25,788.0889282226562,794.7036078817231,769.4883062296634,774.8596296152782,3023100
2025-06-26,790.8939208984375,794.5543543601783,784.0604399041823,789.730156464289,3118200
2025-06-27,771.3285522460938,798.2347713371764,770.522859765137,791.5703692037984,4115100
2025-06-30,775.3868408203125,780.8277387247863,769.8862035324645,774.402051655969,3041500
2025-07-01,771.776123046875,785.8011573945518,768.8915122354285,775.3868344877129,2734000
2025-07-02,775.13818359375,775.6952047851912,763.9181072523184,772.3729300539392,1978300
2025-07-03,776.5206909179688,779.3853884603438,768.8914742718755,776.3118459311979,1450800
2025-07-07,768.7621459960938,776.9981664541152,757.9797952266293,776.5306329619493,2576900
2025-07-08,773.5267333984375,788.4768785343422,764.7138386068491,770.7316708937191,3301800
2025-07-09,782.737548828125,789.7799360376492,777.833758777565,779.634136304082,2703100
2025-07-10,786.4476928710938,795.2406739749598,782.2500907438142,785.4728603208309,3130400
2025-07-11,788.795166015625,791.5006800897327,773.0691985052989,782.1705298802135,2852500
2025-07-14,795.091552734375,796.6233458134159,783.1751848794654,785.8011679098976,2401400
2025-07-15,767.6481323242188,801.139158558582,760.3173088879407,797.4090898883962,4174100
2025-07-16,785.6021728515625,791.8089973165719,768.0559155064959,769.3888200717105,3255400
2025-07-17,757.45263671875,785.8011595637721,755.9805223282747,782.6081988190399,4107300
2025-07-18,767.6083374023438,771.8357484000923,756.4578973618238,759.8000241918166,3357700
2025-07-21,758.1290283203125,767.8968425929908,756.4579647564371,764.087181931892,3058000
2025-07-22,772.313232421875,774.1533754080483,758.4473209391604,759.2828830611895,2496600
2025-07-23,794.6439208984375,795.8375550506191,772.9498432945596,775.8543065199564,2683600
2025-07-24,801.1491088867188,805.8340969558798,793.4104913821284,797.1007337695621,2786400
2025-07-25,808.37060546875,810.8573181237608,798.105448343574,804.7002151615236,2976900
2025-07-28,803.8148803710938,815.8605011443937,798.2347120945094,808.3307891236825,2587700
2025-07-29,758.8949584960938,775.3470270952895,751.1662363578972,770.3835584915505,7100700
2025-07-30,756.0402221679688,773.9644053046422,754.3790544394991,769.8862209251297,4338700
2025-07-31,736.1365356445312,762.3763308159791,731.5311392351107,743.3280887710879,5810300
2025-08-01,758.2782592773438,763.918106423411,742.0250791024253,742.8506846799936,4859500
2025-08-04,764.9127197265625,770.3635737764976,748.5700534291382,755.9306855670266,3353400
2025-08-05,761.8789672851562,765.8477506140895,755.4831501934383,761.5009821385195,3615200
2025-08-06,742.403076171875,758.9446934160339,736.2559298460111,752.5389192633583,4752100
2025-08-07,637.4537963867188,674.6848475917878,629.834536216304,672.0688212593827,26101600
2025-08-08,622.32470703125,652.6924091214738,620.4646509007584,651.5186880831948,14125100
2025-08-11,631.84375,650.961626465994,622.5733396151351,626.0745893846511,11294200
2025-08-12,636.0313720703125,642.7454952904466,626.0547138772438,636.1010073001075,6897400
2025-08-13,656.9795532226562,658.2328661647384,641.0745481574219,646.9432145427793,6310000
2025-08-14,680.792236328125,681.8366434191962,651.6181087477814,658.4814594218269,8395900
2025-08-15,699.0349731445312,704.5775666620775,683.6532798111616,692.0270102622932,8224600
2025-08-18,695.8648681640625,705.5345162317844,691.3291232875202,692.844384671686,4997300
2025-08-19,701.0087890625,712.0341659105642,696.3633420193411,704.3981096589528,5941000
2025-08-20,703.2318115234375,703.5906700373084,683.005345835982,699.3240990694942,4139400
2025-08-21,707.5980834960938,716.1512428695855,702.9925501820828,702.9925501820828,3617300
2025-08-22,709.4522705078125,717.2079465224392,707.2093135256429,712.8017383319346,3222700
2025-08-25,693.1534423828125,711.2665482356615,692.0568491797036,708.7743739250951,2898100
2025-08-26,733.72607421875,733.8755681753845,710.8677972174387,713.9979828474846,7695600
2025-08-27,731.8718872070312,744.2530539845383,729.2600931872206,734.6531929013328,4326200
2025-08-28,729.6688232421875,736.2780747254775,724.0664199678482,733.4967691098408,3117000
2025-08-29,730.286865234375,735.1116807962279,726.2196195804722,730.0276693619255,2551200
2025-09-02,732.888671875,734.8325800508529,721.3748384637031,725.7111975263666,3222500
2025-09-03,735.5204467773438,735.5204467773438,726.7380264497425,729.7286357895945,2222500
2025-09-04,740.58447265625,744.6616966691223,733.0282438257801,734.0151351345024,2423400
2025-09-05,724.9336547851562,742.3688965442954,720.3081646575257,742.3688965442954,3958200
2025-09-08,736.327880859375,740.3751695782734,716.9686266613014,727.4258413642938,4534600
2025-09-09,748.2604370117188,750.483498072498,731.5728460486455,731.8818732574392,2986900
2025-09-10,752.2578125,753.4341114515158,740.1657781014922,745.7482849602585,2477400
2025-09-11,753.9126586914062,758.7474524806619,748.021124591917,750.1245050919619,2197500
2025-09-12,753.0254516601562,759.2159738395223,745.6585696382847,757.7904574047412,2198300
2025-09-15,745.8480224609375,753.972535716129,739.7870370051157,750.7127519809374,2790900
2025-09-16,762.3162841796875,767.968518594352,742.2093776264458,743.0766494365863,3881300
2025-09-17,757.7506103515625,774.5279453339152,753.9724958908901,759.1063386133018,3471200
2025-09-18,760.5418701171875,770.1217743039955,756.6341575328894,758.9967340941707,3464000
2025-09-19,749.6360473632812,762.605332092485,746.8548027618783,762.605332092485,7349500
2025-09-22,752.5867919921875,759.654564090693,743.9339702996825,746.216780008226,2527400
2025-09-23,744.6417236328125,750.6428988145625,740.8436524351242,748.2205126973691,2910100
2025-09-24,739.5277709960938,744.6018645980541,733.8555799049881,743.6548262034919,2243000
2025-09-25,712.3531494140625,737.6835818519261,709.8210614226182,735.3608584024502,5136400
2025-09-26,722.27197265625,726.7180335583016,714.8353634067003,721.8533044057742,3559700
2025-09-29,724.2359008789062,725.5816507949486,713.8385559832155,723.2788839501862,3309200
2025-09-30,760.6116333007812,763.9511226873312,723.039609295449,724.6844687509749,6234300
2025-10-01,822.836181640625,830.6915198482399,760.9106399236099,760.9106399236099,10124500
2025-10-02,817.2836303710938,831.847943484958,810.2656893193688,811.8108252444666,4291800
2025-10-03,837.240966796875,845.4751204184228,813.545354084401,822.3577091798468,5088500
2025-10-06,842.40478515625,853.8887443520414,836.0347727370781,837.3207736778352,3651400
2025-10-07,840.9892578125,845.8838616634764,833.9613380286137,842.3549645442921,2610800
2025-10-08,843.0726318359375,853.3204817802417,842.344936409204,847.3392634500063,2180900
2025-10-09,852.6724853515625,857.5571712867668,843.0527291199604,849.0239689704991,3071700
2025-10-10,830.8809204101562,861.644304893682,827.5114959408445,855.3142066066682,3431000
2025-10-13,816.8350830078125,832.7052321101381,814.7914513812586,830.0734814142063,2167500
2025-10-14,809.80712890625,819.5166915221528,803.4770302389068,819.5166915221528,1928400
2025-10-15,823.982666015625,827.5913297721042,806.0489883070641,809.956700830414,2355800
2025-10-16,816.8151245117188,832.0871760817859,812.8176671580081,822.4873157111049,2272900
2025-10-17,800.3169555664062,801.9219012555817,781.3963264050898,786.490377050887,3983000
2025-10-20,806.4277954101562,806.8763381338035,797.266559740481,803.0782667232997,2279700
2025-10-21,797.067138671875,810.4451134348607,796.2098453052021,804.404085294559,2099500
2025-10-22,809.8868408203125,813.3858631926499,791.335110357422,795.9007906070885,2930600
2025-10-23,818.4699096679688,822.1184869901448,803.4969675427254,803.8757829115656,2632900
2025-10-24,822.8660888671875,831.5388672450756,809.9566143526854,812.6581530872011,2211200
2025-10-27,823.8230590820312,823.8330375140515,808.9398018151404,822.4174995814224,2114800
2025-10-28,817.5328369140625,826.863583779058,811.5017872482613,823.4143926276138,2493500
2025-10-29,810.9834594726562,827.6909450141148,807.0956431936704,824.7202926931469,3591200
2025-10-30,841.8565063476562,850.3298992475438,809.7074568157298,834.8784180771605,6037200
2025-10-31,860.1590576171875,867.1869775105198,831.5788176007808,836.5332312819799,5015000
2025-11-03,893.7236938476562,898.518635059872,859.9198055056908,863.8176004215861,5401500
2025-11-04,904.021240234375,912.3550563117608,880.8739550389573,888.6195912227892,5911500
2025-11-05,922.9119873046876,952.4691999377072,905.0181629975178,908.1483486371172,7272900
2025-11-06,934.505615234375,946.9266346799568,913.3919204543428,925.0951620146004,6417400
2025-11-07,921.4765014648438,929.0826226530183,898.0799972433321,928.25520371023,4373400
2025-11-10,963.6141967773438,978.9161232139136,935.47252215541,936.7983759689374,5696600
2025-11-11,985.5253295898438,996.8198804606292,962.2683421777294,963.5244077496249,4166400
2025-11-12,1014.5941162109376,1019.2195455768282,987.0007081825628,990.0112742764614,5185200
2025-11-13,1019.6681518554688,1029.7165550837697,1006.9281881451192,1006.9281881451192,4153600
2025-11-14,1023.5716552734376,1031.8977246161471,1006.1107468218715,1007.3187525940298,3862300
2025-11-17,1019.9976196289062,1030.4202265702052,996.6365851604388,1002.0475371040004,4720000
2025-11-18,1028.333740234375,1038.9858834794632,1012.3204276954244,1012.3204276954244,3430500
2025-11-19,1047.85107421875,1053.8310836010346,1024.5400056499388,1027.924371669002,3571200
2025-11-20,1041.5516357421875,1055.2387521774658,1036.5199947476383,1043.7579142871718,3135700
2025-11-21,1057.9342041015625,1064.8726966397476,1036.2704109243778,1039.2654121120204,4266700
2025-11-24,1068.3768310546875,1073.927503079483,1047.6314274324743,1055.0091281308542,5497200
2025-11-25,1108.0904541015625,1109.2585484085728,1071.4616489589148,1074.0373060458908,4181500
2025-11-26,1102.4998779296875,1110.1371556192605,1096.27028497407,1100.1638110380595,3093700
2025-11-28,1073.677978515625,1097.2187665470549,1065.9109126227486,1094.892570893821,2732200
2025-12-01,1056.1273193359375,1082.343573705936,1053.2421201363684,1072.5898333411328,3070200
2025-12-02,1044.376953125,1066.4002553154137,1038.6265406703371,1050.816157407615,3280000
2025-12-03,1031.837890625,1049.7279534558168,1020.6165680748136,1044.6464687837693,3447000
2025-12-04,1012.7996215820312,1030.9094108833388,1005.501804124612,1030.9094108833388,3854900
2025-12-05,1008.6265869140624,1025.678144736308,1002.327103274051,1022.134072045885,2502100
2025-12-08,995.9277954101562,1012.5101044225272,987.2322864859694,1009.0558477012964,3088600
2025-12-09,980.5833740234376,1010.313783175618,977.5484612748444,1001.1690725813112,2569700
2025-12-10,991.984375,1001.3287643986738,975.4918817347274,983.3587566627056,2966300
2025-12-11,1007.6981201171876,1029.8412161964534,985.355406035743,1006.4701891098914,4517000
2025-12-12,1025.7979736328125,1027.185672240257,1001.8279693210296,1007.0792148637348,3275200
2025-12-15,1060.4200439453125,1063.2254202168372,1030.8295394931445,1030.8295394931445,4648400
2025-12-16,1052.5333251953125,1066.4700253069907,1034.5033592271195,1061.7279400084103,4024500
2025-12-17,1040.05419921875,1062.5267026055758,1034.6831585480004,1062.5267026055758,3726600
2025-12-18,1055.1190185546875,1077.4617336009624,1037.807944796481,1040.0641889063263,3848600
2025-12-19,1069.6546630859375,1073.5881614629236,1057.245442720507,1057.245442720507,5829100
2025-12-22,1074.686279296875,1081.6746154402024,1061.2287600510017,1074.9258696438649,2625600
