Date,close,high,low,open,volume
2019-08-19,267.6686706542969,268.1499679240564,264.9156349957245,266.6386874467586,2502300
2019-08-20,266.6771240234375,269.1028510015238,265.53163449532974,267.98623812639164,2583600
2019-08-21,271.4612731933594,271.54790316967416,268.8430150858787,269.17992902224836,2492200
2019-08-22,270.2677001953125,272.3084256114299,266.40771546899697,271.5575735531599,2975800
2019-08-23,261.7198181152344,271.53826384224715,260.1026371195883,269.5264449745277,4415000
2019-08-26,266.0899963378906,266.0899963378906,262.7690628667203,264.59798658105296,2184400
2019-08-27,266.2921447753906,268.6504835702103,264.6268457888367,266.38838072028204,2169400
2019-08-28,267.832275390625,268.2269426476528,263.144445031377,264.93488601750187,2306900
2019-08-29,270.8547668457031,271.432329254025,268.4482812910658,270.48897634123114,2297200
2019-08-30,270.84521484375,272.37573660232414,268.303980591644,272.01958133081393,2600300
2019-09-03,269.6322937011719,272.2601868951584,268.082530872752,269.51678707744475,2350800
2019-09-04,275.3983459472656,275.5042172623742,271.59608518151674,272.19288918755035,2631000
2019-09-05,281.15460205078125,282.4829872243381,278.76738637754096,279.4315789643194,3808300
2019-09-06,280.480712890625,282.10749949783633,279.2004461075075,281.01976331213405,2783300
2019-09-09,272.76080322265625,282.7044223092882,269.6227646704477,282.51189163077163,4795900
2019-09-10,262.1433410644531,270.97034534631285,260.22778745505923,270.81632670482634,8683800
2019-09-11,259.8524169921875,265.6761024142518,259.130471061714,264.63651319983416,6342300
2019-09-12,266.06103515625,268.34237874567975,262.97111595132895,263.1636465447506,5497900
2019-09-13,265.9841613769531,267.7456966652178,262.82685209241384,267.59167799572106,4631100
2019-09-16,263.82781982421875,265.4450004943632,262.5090703983386,263.24065143064104,2755100
2019-09-17,265.9166259765625,268.2076046851426,263.7026712482601,264.2802042201364,2929500
2019-09-18,264.8097229003906,266.49426308502916,260.32402951217,266.41723908314367,2975900
2019-09-19,265.5895080566406,267.74571079123916,264.5691600214425,265.63762604137185,2623800
2019-09-20,261.02679443359375,268.1692300196962,260.7765104335872,267.399166078831,5540800
2019-09-23,262.9326477050781,263.50057486130817,259.9004812984724,260.18924786060666,3092000
2019-09-24,260.9786071777344,267.06221125907393,258.99566492591356,265.31991762398917,4120300
2019-09-25,262.5476379394531,262.77865120861424,256.63729387763493,260.1411517988532,4083600
2019-09-26,263.64501953125,265.1370292435244,262.4321410709156,263.00970364136305,2924600
2019-09-27,259.06298828125,265.31985073908464,257.67685024819997,265.08883752559115,3175700
2019-09-30,261.4117431640625,261.8930403178604,259.24590597197175,260.8534220150706,3128700
2019-10-01,260.8052978515625,263.41392013785514,259.9389688705256,261.3347129577389,3066400
2019-10-02,254.5869903564453,258.88015337216564,252.7002840863187,258.1293308772544,4308900
2019-10-03,258.25445556640625,258.49510416246005,250.6692071186221,254.36556602888277,3948100
2019-10-04,263.80859375,264.2128962848967,259.09188751512255,259.4288013981953,2671400
2019-10-07,262.0085754394531,263.2695717695082,260.2951585605656,261.1614876564435,2861900
2019-10-08,257.3922424316406,261.25691282686824,256.9296255118274,260.0425912064011,2818900
2019-10-09,262.3748474121094,263.2422577000084,259.73414602567493,260.1774688003088,2169600
2019-10-10,263.90716552734375,264.755281532389,261.43031738152337,261.7194344688307,2194700
2019-10-11,265.91192626953125,269.8537144983325,265.1505450540577,266.19142585197204,3493000
2019-10-14,266.36480712890625,268.46580328770256,265.5745144561334,267.50204034384615,2042500
2019-10-15,268.4659118652344,269.81517464998285,265.96012131543125,267.16482548247865,3006600
2019-10-16,268.1863098144531,268.91877907996167,264.8420511477871,267.0587236154061,2689400
2019-10-17,266.4900817871094,270.2776628243362,265.9310828494528,269.2271648207437,2396600
2019-10-18,260.82318115234375,266.65393544279374,260.1196235855739,265.26611439243624,4052300
2019-10-21,264.3601989746094,264.4180224060118,259.7341479921257,262.07608519906876,2921200
2019-10-22,251.79270935058594,265.37212533483853,251.551768621103,264.9384202570852,5619500
2019-10-23,251.39764404296875,254.61660969683436,249.1424416176277,253.16131781001204,5367000
2019-10-24,259.0113220214844,259.57029165436705,254.00938939397417,254.00938939397417,3791900
2019-10-25,260.3991394042969,262.31701845152986,255.93691180139538,256.611557697381,2760200
2019-10-28,265.93115234375,265.93115234375,261.53639484137733,263.3579212674521,3796600
2019-10-29,264.35052490234375,268.2055763685593,263.1843506573834,267.54057763770044,4706700
2019-10-30,267.1069030761719,267.4153142874876,263.10729260571674,264.68787800492595,3485500
2019-10-31,266.779296875,268.97667585907345,265.092711225461,266.36488574564027,5356000
2019-11-01,268.9381103515625,270.22957892742744,266.1142912222345,268.8899339560429,2880000
2019-11-04,266.3165283203125,272.0123692863152,265.8153823151192,270.4703725282736,3726600
2019-11-05,259.2521667480469,266.91409199096984,258.6931973222304,266.4803870105389,4717500
2019-11-06,260.0810852050781,261.8255234021275,259.13661622995295,260.50514330433555,3742900
2019-11-07,262.9049377441406,265.1119340118031,260.081089578484,260.2352952000538,4277800
2019-11-08,264.9288024902344,264.9866259123434,261.85439643069265,261.85439643069265,2241300
2019-11-11,266.9623107910156,267.0876046680183,263.1650827900046,263.18434745888646,2132600
2019-11-12,267.0972900390625,269.37175658527326,265.7769100326093,267.54061278063176,2217200
2019-11-13,267.9935607910156,270.29693886341676,265.0348015836172,266.49009299678715,3320600
2019-11-14,269.4970703125,269.4970703125,266.6732515935787,267.3960738916332,2365900
2019-11-15,270.6053161621094,270.72096299153316,268.0513506399801,270.4704046650171,2544200
2019-11-18,270.68243408203125,271.55946185077875,268.31158558238457,269.85361210532835,2715900
2019-11-19,274.97119140625,276.19515970441836,270.75955222748,271.31852176987314,3013800
2019-11-20,275.03857421875,277.30342220058986,272.60987365452155,274.67233972657584,2903900
2019-11-21,274.14239501953125,276.13736206138293,273.31354355177524,274.28695358608394,2777000
2019-11-22,272.33050537109375,275.0193828402761,271.0197724576363,274.5085896503733,2968100
2019-11-25,277.1878662109375,278.5178638755175,273.4195787102448,273.7086958496261,3760200
2019-11-26,278.89373779296875,280.1177061978431,277.3902698866761,278.0456216588114,5712800
2019-11-27,281.12969970703125,281.4188168637807,278.44079250240196,278.55643936510177,2163500
2019-11-29,281.6404113769531,282.38249813879645,279.71288579238797,279.71288579238797,1754400
2019-12-02,276.0891418457031,280.2140456228576,273.6026466606053,280.05984003911163,3062300
2019-12-03,276.6867370605469,277.1782656394588,271.2993050126151,271.97395092830936,2528300
2019-12-04,276.4457702636719,279.12503017751425,275.7518597400725,278.0456203434068,2743300
2019-12-05,279.3466491699219,280.40679411597307,276.02165579633083,277.5155057604004,2580300
2019-12-06,279.876708984375,281.90061673042186,279.1827985974934,281.7174994469596,2425200
2019-12-09,278.5853271484375,280.4164709445445,277.8143285221963,278.710621042837,1903000
2019-12-10,278.151611328125,279.6551085913113,277.2842305540757,278.5274929968494,2514300
2019-12-11,279.53948974609375,279.7997246199562,277.6697868831377,279.2600196091768,2298100
2019-12-12,281.62109375,282.141533849594,277.8238663129735,279.3948042389139,2746400
2019-12-13,285.3606262207031,285.78468435765905,279.2985478002483,280.2526933142576,3565400
2019-12-16,286.1990966796875,288.6277986402613,286.10271448238075,287.3074184194218,4210700
2019-12-17,285.2738342285156,287.68324161220244,283.124632254051,287.68324161220244,3354500
2019-12-18,284.0595397949219,286.52677109187624,284.0595397949219,284.50289201782306,2902700
2019-12-19,286.7484130859375,287.37485317297796,283.4523305827984,283.8185652400043,2536900
2019-12-20,287.7507629394531,289.6589951011295,286.05453042977064,289.6589951011295,5099400
2019-12-23,286.4977722167969,288.96500276318017,286.33394900263295,287.9145047846716,3590500
2019-12-24,286.7001647949219,287.50007496790175,285.85204883551285,287.1627521097223,641100
2019-12-26,288.3578796386719,288.5217028657697,287.0085880109627,287.3073521655156,1369200
2019-12-27,289.84210205078125,290.60348312657294,287.37487089522585,289.12892677648153,2042600
2019-12-30,286.9314270019531,290.1407437934347,284.57984370378585,289.92871482682284,2717600
2019-12-31,287.7701110839844,288.0977871117245,285.0522912276562,285.37034962133555,2478600
2020-01-02,292.39605712890625,292.5309686485597,288.6470051151317,289.57220931694945,3272400
2020-01-03,289.5433654785156,291.46127420913433,287.7796917980183,288.6085140162525,2501300
2020-01-06,290.31439208984375,290.4107448780677,285.29316476653077,286.584603892943,3307200
2020-01-07,289.3313293457031,292.38647149685085,289.01330044480915,290.80588580055553,3182000
2020-01-08,294.4363708496094,296.22171687475486,290.0068007515905,290.2673533040799,3224400
2020-01-09,298.296630859375,300.072317360664,297.2543615199721,297.5052836666721,3292600
2020-01-10,300.2941589355469,301.0468955981177,297.94906866478016,300.68980290929295,2948000
2020-01-13,304.19305419921875,304.6080476071391,301.96379360599445,302.3112265229795,3236400
2020-01-14,299.7828369140625,305.36081898240116,299.0300704175829,305.1291871946542,4951400
2020-01-15,303.2665710449219,304.6948538036571,300.1687727898223,301.27857296709965,4664200
2020-01-16,309.10516357421875,309.13411386436854,303.9807560610073,306.403038323715,3323300
2020-01-17,312.3477478027344,312.70481120335205,308.0822184701328,310.1956780342309,4821000
2020-01-21,310.6781005859375,314.2777426036484,310.25347682965725,311.1413345339561,5998600
2020-01-22,312.9750061035156,315.36833797556994,312.7916444566146,313.59265153538325,3518500
2020-01-23,313.62164306640625,313.8821957010765,311.0546091231755,313.64093344458064,4188300
2020-01-24,312.35736083984375,315.6578112727421,310.4176033102414,315.15599649460995,3634700
2020-01-27,304.7334289550781,308.19795038537217,301.57773018872535,304.0868627940856,4367500
2020-01-28,309.07611083984375,310.2824216145112,304.4342293349993,304.7623423315952,3486200
2020-01-29,309.1244201660156,313.10041627167976,305.6984794606766,311.71074372685246,4389400
2020-01-30,313.1197814941406,313.3514132742827,306.8952332896438,307.8506223484879,3512100
2020-01-31,304.89752197265625,313.1197271933598,303.50784933662857,311.84588515279466,5586800
2020-02-03,313.1776428222656,314.10411092479416,307.30049884819607,307.6575622112534,4240100
2020-02-04,317.61688232421875,320.14530567488595,314.88580695524166,316.7676345985998,4158200
2020-02-05,316.8448181152344,323.29133680783093,312.83987162407385,323.29133680783093,3868000
2020-02-06,317.79052734375,319.6530937304483,316.2271531510094,317.80984716649203,3422000
2020-02-07,315.5709228515625,318.3213175188989,314.4804131154894,316.5359715452982,2584200
2020-02-10,318.7363586425781,318.7363586425781,314.1330858600841,314.2392271056655,3848100
2020-02-11,319.3539733886719,323.7931744682428,318.1380024324494,323.2913596764613,3449300
2020-02-12,322.480712890625,322.76058529092984,317.71336942783,319.25745340926545,2451000
2020-02-13,324.1020202636719,326.0224581576058,320.52169707744235,320.69539881186796,3001000
2020-02-14,329.0334167480469,329.1202676103163,325.25041230268414,325.6653762394006,2716300
2020-02-18,329.3132019042969,331.10820776231134,328.49293408764004,329.6799251145874,3597300
2020-02-19,332.5171813964844,335.10350487288406,330.6546444530961,331.96709656316784,3040300
2020-02-20,332.4111328125,335.1132581750693,326.3506263984881,333.65602479152784,4316000
2020-02-21,327.8270568847656,331.8706133149875,323.879981764289,330.5774221333895,4997100
2020-02-24,313.3223571777344,317.8291178666625,302.87086383826625,306.4126053311486,7816000
2020-02-25,292.3035888671875,311.93267414426975,290.248030606961,310.1087181271291,12715700
2020-02-26,287.6231994628906,297.1289375819229,287.4784480094956,291.4447850873039,9403300
2020-02-27,275.8303527832031,287.0538790147229,271.12090825896786,275.06795571489585,13814600
2020-02-28,280.10546875,280.24058974477157,263.98913887099496,265.28233043167944,12846000
2020-03-02,296.0190124511719,296.23132433147424,279.32368264439003,288.44340413567477,9688100
2020-03-03,281.7942199707031,303.59466653637753,280.66510003500565,303.59466653637753,8051100
2020-03-04,291.7921142578125,292.2167380469268,282.5180102772259,288.65570594559733,6463800
2020-03-05,280.5687255859375,288.26979828470047,278.1657333847269,285.37465108643823,6621300
2020-03-06,276.9786376953125,278.7543237748659,268.88186494001513,272.80962022977883,7061500
2020-03-09,252.8524932861328,269.48026840316726,252.0514861382577,255.73798031901063,8498300
2020-03-10,270.7637634277344,271.0532663029035,253.67272705703976,266.7588165828075,8131400
2020-03-11,260.3315734863281,264.4619811687047,254.1069969513504,263.410081511732,8366800
2020-03-12,233.0592803955078,253.31564486562036,232.50919552261925,235.9833770211898,15031500
2020-03-13,260.5728454589844,260.5921358333483,236.9194890800851,249.73533643558477,9934900
2020-03-16,227.41372680664065,248.7220192081309,221.24706602526817,226.2942814737991,12111500
2020-03-17,229.5658264160156,241.7447382580195,223.85273895956996,232.0749446045652,12665200
2020-03-18,219.9635772705078,221.09269738321305,205.76771693597013,214.5689577341465,11352800
2020-03-19,219.2108459472656,230.16415656277076,204.15609234071036,216.18059307042685,9126400
2020-03-20,204.0305938720703,227.77079772235157,202.6602264885854,227.77079772235157,10518600
2020-03-23,196.1944274902344,208.14172183435673,193.00011826124216,196.17512239075617,11588700
2020-03-24,228.78411865234375,230.10623075324355,207.48548525998575,208.3733283600877,11654800
2020-03-25,247.5157470703125,256.9925046786797,231.9591491286362,239.23561119655847,12642700
2020-03-26,253.9814453125,256.51952746123897,243.79053598402305,248.88599064826153,9957900
2020-03-27,238.9943084716797,247.12003161352953,236.14741770642732,241.49379583585392,7819300
2020-03-30,244.3986663818359,245.3637154099972,236.09923884945735,237.25730946363453,5765800
2020-03-31,233.11720275878903,244.56268294982132,232.65398342416833,243.63624428057983,10373900
2020-04-01,220.61976623535156,228.81303434364924,219.16254811617307,222.8683312934103,6646200
2020-04-02,230.5308532714844,231.0037177411606,219.4038422095312,220.40748644407665,6446600
2020-04-03,228.7455139160156,231.49590886251977,222.2603848578272,228.697258531336,4163000
2020-04-06,256.6451110839844,257.7742018231994,241.2718741944445,243.1923268385079,8636700
2020-04-07,250.0248107910156,272.9833282120501,249.4458051165985,271.7673573938744,8627300
2020-04-08,261.8843688964844,262.7832451983951,250.2472037470475,253.7267582182328,5690100
2020-04-09,260.38623046875,266.7654091966661,258.76244810062616,265.9245229523341,6662900
2020-04-13,254.52896118164065,259.70963745589324,247.19291686584677,259.2263668461848,7114400
2020-04-14,261.66204833984375,266.41744426757566,260.19291625880777,260.8501572295477,6354400
2020-04-15,248.53643798828125,254.1520404448174,247.06727637029664,251.79367737052524,10240700
2020-04-16,238.503662109375,249.74455389056249,236.52226477274547,249.74455389056249,11455400
2020-04-17,251.2717742919922,251.97736014776788,243.09482738452616,249.60932186870832,10412100
2020-04-20,243.3073883056641,248.04344857054332,241.3163159884819,245.99437139851628,6042700
2020-04-21,237.1408233642578,241.0456422369967,235.9326472002831,238.3973147761962,5964600
2020-04-22,248.31410217285156,249.94755915360676,242.60184016562712,243.0464556049607,5083200
2020-04-23,247.2992248535156,253.6397473302527,246.7289691016251,250.71112875900383,4270600
2020-04-24,250.1021728515625,251.1363493631648,244.37057672584592,249.78319778535024,3824200
2020-04-27,256.2493896484375,256.82932024832775,250.8271078562281,251.51334382624225,4099900
2020-04-28,255.7467498779297,263.52739298873655,254.16160850825793,261.35267577803387,4344000
2020-04-29,274.1980285644531,275.46419496051726,267.01663575393866,269.1333629801967,8505000
2020-04-30,265.7698974609375,272.2070669067331,264.2620951939768,269.11412254058087,5898900
2020-05-01,259.748291015625,264.8226326744259,258.2694840549201,259.7096506023703,5067800
2020-05-04,260.2508239746094,261.03371977939275,254.2099430756703,256.6166205869312,3747100
2020-05-05,264.8128967285156,268.5534054379586,264.1556264735515,267.5771896520099,3926200
2020-05-06,263.32440185546875,267.69315604997956,262.46416630693614,267.69315604997956,3261900
2020-05-07,269.1527404785156,272.9995852352541,267.9638841337113,268.5148197200717,4371400
2020-05-08,272.9898986816406,273.93711967566435,270.14826519606606,273.91776997392117,3215400
2020-05-11,271.82037353515625,273.347495547304,268.3408195559971,270.1482467558187,4056900
2020-05-12,263.0054931640625,272.8835447089758,263.0054931640625,271.06647215860454,4031400
2020-05-13,260.1541442871094,266.832945242966,255.35043498005703,263.1890672828168,4802100
2020-05-14,268.0314636230469,268.2730988561639,255.12813627529823,261.1593717515122,6294200
2020-05-15,269.6069030761719,269.80022304191056,264.14595325363643,266.8039405518735,3813300
2020-05-18,280.2002258300781,282.3169529482911,275.46418089986963,275.90878149423463,6037800
2020-05-19,281.0025634765625,287.8553377712685,277.87094959904334,279.4947614044791,5211800
2020-05-20,288.802490234375,291.07386788661086,285.5066107966044,285.8545514600129,4592200
2020-05-21,284.414306640625,289.89457648544936,282.9548205865979,289.35331599451575,3944100
2020-05-22,285.04266357421875,286.8694110703478,283.2062412273893,285.1876388522455,2897000
2020-05-26,293.1809387207031,294.79507555548224,291.8374617473339,294.4277851681374,5246900
2020-05-27,289.739990234375,294.534054919263,282.3459573488505,293.8284693576608,5147900
2020-05-28,292.18536376953125,299.6277420645713,288.84113981066747,290.9095519303334,4520800
2020-05-29,290.8224792480469,294.24401248702327,288.8700479289351,291.89532539167044,4930100
2020-06-01,291.3155517578125,292.92001390957176,287.9326570935793,290.7356210589295,2841800
2020-06-02,293.4322509765625,295.8679242781787,291.5958285232132,294.7854028107937,4131300
2020-06-03,296.7958679199219,297.801049715216,292.0984614862704,295.2590706690087,3429700
2020-06-04,291.2864990234375,296.360840015076,289.3244216865304,295.2203285475427,4147700
2020-06-05,301.4448547363281,301.7348052790316,295.42329282989857,296.5444840891765,5058200
2020-06-08,300.02398681640625,303.08790518122873,296.77639381059805,300.65223254923984,3724300
2020-06-09,301.0679016113281,302.9816637594236,297.88800237830793,299.4151244586296,3314800
2020-06-10,302.6723937988281,305.4850324433786,299.90809991583626,301.93784248882616,4089000
2020-06-11,281.505126953125,296.2352055306087,281.32148176380497,294.804743419901,6505300
2020-06-12,287.8262634277344,289.95263600947,281.1571361772824,288.79280446393005,4512200
2020-06-15,287.22705078125,288.9184978188207,279.0887611991661,280.2969376545737,5932900
2020-06-16,294.2924499511719,298.74819034265283,290.0686404924211,295.6745966694561,4013100
2020-06-17,293.5965270996094,297.19206108727104,292.9392567496659,294.79502859666565,2566400
2020-06-18,294.6500549316406,294.89169020229207,290.4455953230073,291.73108198441594,2776600
2020-06-19,286.5794677734375,299.14450345996255,286.5794677734375,299.14450345996255,4533500
2020-06-22,294.25372314453125,294.7466684578007,287.7682417620223,289.57566858202574,3489200
2020-06-23,296.6120910644531,300.04329963383464,294.23440858960424,296.75706630746424,3801500
2020-06-24,284.1727600097656,295.2976280820466,283.2545341604816,294.7950373256717,5086000
2020-06-25,288.0389404296875,288.4062307897982,280.94453185734943,284.3177510656905,3294800
2020-06-26,279.6589660644531,288.1355199146023,279.4946706144476,286.9466933765373,4922500
2020-06-29,283.1288146972656,283.3414548720755,275.609127782971,281.5920182278845,3642200
2020-06-30,285.8061828613281,286.67606385400325,281.27310325343774,283.2834955364311,4283500
2020-07-01,291.09320068359375,293.12291342859993,285.2456092379268,286.057500235228,3801300
2020-07-02,292.3013916015625,296.62183178163815,291.2285155720561,294.1474592666626,3290100
2020-07-06,295.34600830078125,297.03745543936765,293.02631526716226,296.38985984213576,3013300
2020-07-07,289.8753967285156,297.49174667928753,289.38245124040003,293.045650924134,3633100
2020-07-08,290.4947204589844,291.8400208919106,287.83318290273934,291.23028210782945,4115000
2020-07-09,285.1136474609375,291.046462807075,281.21328537969913,289.9818416172811,5042800
2020-07-10,286.16845703125,287.40728036981426,282.1229277967377,284.54250693736157,3030900
2020-07-13,280.8454895019531,289.013994143494,280.69063283388016,288.27843235411973,4853700
2020-07-14,289.3333740234375,289.47854290913966,279.3646871908379,282.60693013899356,4795900
2020-07-15,295.8855285644531,296.9017401039935,291.6948300151394,293.2530249805522,5257300
2020-07-16,289.72039794921875,293.7659269846629,289.2945496785534,293.22394364670276,3312100
2020-07-17,294.2790222167969,295.42105699164415,289.77860891626796,292.0239864482971,3169800
2020-07-20,301.9248046875,304.8573339050305,292.20779453234024,292.20779453234024,5279400
2020-07-21,297.7051086425781,303.9476068919283,296.44690940753503,302.9313951761393,3562100
2020-07-22,303.2894592285156,303.4830374110309,298.2180298341603,298.2180298341603,3303100
2020-07-23,299.9310302734375,307.03491122595585,298.78899598517484,303.46360998116734,3118500
2020-07-24,297.04705810546875,300.73449625435234,294.743612850073,296.6212095942581,2500300
2020-07-27,298.9245910644531,300.027933772327,296.17595160258765,297.18250519884083,2311600
2020-07-28,296.4759521484375,300.22148665436265,296.1856143739724,298.57616050336026,2116300
2020-07-29,299.35040283203125,301.63450153555306,294.3370405450595,294.704821402601,3542400
2020-07-30,299.0600891113281,302.75721445368015,293.29181863994165,294.22092909334543,3941600
2020-07-31,298.6051940917969,300.1150095898348,295.7791117666127,300.02790825755045,4684400
2020-08-03,302.5345458984375,303.41527640135666,299.3503709318656,300.99569684472704,3907800
2020-08-04,304.2766418457031,305.53481132200557,301.09246707853714,302.44742563822007,3409200
2020-08-05,317.4488220214844,319.0747723139584,305.7090178715951,306.19293375882296,5677200
2020-08-06,319.52008056640625,320.5653261630311,315.4164526747374,316.86820071976,4839800
2020-08-07,317.4682312011719,317.7682567480886,313.5098020002146,317.4488851947503,3662500
2020-08-10,312.4935607910156,319.132873281927,311.5063533747113,316.6649138129359,3752100
2020-08-11,317.971435546875,323.7880839896996,313.17096904060503,314.54530305280736,5273300
2020-08-12,317.0907897949219,320.73950565136784,315.7067971806721,318.08765553233155,3125900
2020-08-13,315.69708251953125,319.2199751953609,315.1454112606828,315.44543677987025,2526700
2020-08-14,316.2873840332031,317.1003886432344,314.36140842429086,315.1937590351784,1444900
2020-08-17,319.6071472167969,320.57497914177003,316.1713261616104,316.48103946621455,2904100
2020-08-18,320.35235595703125,320.7394828062977,315.8519435705521,319.5781022584983,3021700
2020-08-19,321.70733642578125,323.7010678932529,319.3845456374139,319.42326718572144,3421000
2020-08-20,326.4690856933594,327.12720434129096,319.568439053554,319.568439053554,2966000
2020-08-21,326.2561950683594,327.90149185757554,325.16254010900036,327.1272380198139,2680900
2020-08-24,332.5857849121094,332.7696458092819,327.8530725073967,328.44343581867133,2753900
2020-08-25,336.47650146484375,337.2507553075559,332.2857720558617,333.62138504004736,2862700
2020-08-26,339.7283630371094,340.9575285259155,334.3859412654406,336.80552115882296,3512000
2020-08-27,344.54815673828125,346.4838205401817,339.3024948393413,340.4155251541426,3811700
2020-08-28,354.3426208496094,355.4362756542875,344.70302311416623,345.98056834808506,3544700
2020-08-31,346.6677551269531,354.83625977444655,346.18383911483096,354.83625977444655,3948200
2020-09-01,345.41925048828125,347.8775521493208,342.18669500664004,346.2031920808046,4409600
2020-09-02,349.0969543457031,349.96799708914523,344.81912464354184,345.89343333796455,4127200
2020-09-03,332.7793273925781,347.39359544827494,330.28233400802515,346.9387132595677,6297400
2020-09-04,324.2333679199219,335.82797495185855,316.04548894045524,331.96633519797757,6571200
2020-09-08,319.2684326171875,324.9108803180347,316.3842825544246,318.1844654766802,4425700
2020-09-09,328.7144470214844,331.7340778818752,321.6782900700607,326.5368252045618,3344900
2020-09-10,322.171875,334.0278153114025,320.4878570113328,331.48241278819256,2845900
2020-09-11,319.52972412109375,323.943035612316,316.78108482644745,323.943035612316,2920400
2020-09-14,327.7078857421875,329.0628444887878,323.2751991204486,324.19465123558024,3416100
2020-09-15,328.2304992675781,332.8663924429251,327.640106495741,331.7146702084453,2396400
2020-09-16,330.85333251953125,334.90855044041217,328.8596012190367,330.30166126192944,3049000
2020-09-17,328.51116943359375,332.66317648772156,325.191513158711,326.29485568415294,3713000
2020-09-18,324.4753723144531,330.1662293149501,322.64615562034083,327.3304590504921,4006000
2020-09-21,317.3038024902344,321.0009286971878,310.49025532146555,318.87168597698013,4466000
2020-09-22,324.5237121582031,325.22055230792216,314.65181495983126,318.9102989502729,3375300
2020-09-23,314.0904541015625,324.3881986710799,313.06455475241887,324.0687976357359,2893900
2020-09-24,317.652099609375,320.13943468083426,310.84824253422977,312.80328187507604,3706300
2020-09-25,321.1072692871094,322.7525953452293,311.73866350533945,315.1744549647308,3077500
2020-09-28,327.5046691894531,329.6145357611926,325.0076462072878,325.78189995636495,3122500
2020-09-29,325.4141540527344,329.7597101485095,325.0173394005489,327.50467465318343,2679500
2020-09-30,327.2917785644531,332.5954793152559,325.5980724706389,325.86906426421353,3285200
2020-10-01,332.3244934082031,335.5473907439045,329.33389585388784,331.23083844251136,2503600
2020-10-02,327.93048095703125,331.5888844833892,325.20121735245914,327.3884974372661,2184600
2020-10-05,332.2082214355469,332.2082214355469,328.06590306055335,330.6887186217974,2081600
2020-10-06,326.5755615234375,335.2182946408092,325.4044930130565,331.05662864041307,2553400
2020-10-07,332.8374328613281,333.56330689179157,329.3919531595995,330.7856336609605,3068200
2020-10-08,334.4361572265625,336.89732110345096,333.55440108227805,334.30051835759195,1991800
2020-10-09,341.45147705078125,342.3913388956421,336.22877383408985,337.1880337839793,3116500
2020-10-12,341.1123046875,343.9804147959798,339.93017362848855,343.9804147959798,2942900
2020-10-13,335.104736328125,340.58904715073527,334.3101829477202,340.521212932103,2523800
2020-10-14,332.0622253417969,336.41284132044115,330.59908794698885,335.02723719663527,2234300
2020-10-15,328.06036376953125,329.0680595564649,322.4888510812605,327.79872598788944,3727300
2020-10-16,328.8646545410156,334.2714619234109,328.6999480824661,329.44603581238755,3324600
2020-10-19,321.3746337890625,330.70568380784744,320.1731045614689,329.5623193229673,2937600
2020-10-20,321.4230651855469,326.3453636576028,321.38429854773466,322.70209810082616,2677800
2020-10-21,323.0702819824219,325.8802568134246,321.01606432286275,322.1691277528365,2725300
2020-10-22,323.24468994140625,324.96943557384895,319.02971287771334,323.02181875256196,2256000
2020-10-23,319.37860107421875,325.2698890781015,318.11896604741855,325.2698890781015,2945400
2020-10-26,308.18707275390625,317.0821085722038,304.4759730888946,316.27788567685377,5173300
2020-10-27,307.26654052734375,309.6405016445557,302.66398578316944,309.0009852264054,4314900
2020-10-28,282.335205078125,292.6255422635668,279.6415009381124,292.32516741693144,11518200
2020-10-29,284.07928466796875,286.13347223681905,278.6240428378919,284.09868276558444,9582300
2020-10-30,279.68035888671875,282.79070920759517,272.47130107307845,280.8527910764077,6892800
2020-11-02,280.9690246582031,285.68784995877246,279.17644470742096,285.1064686814539,5094900
2020-11-03,286.2207336425781,291.0170616171673,282.72277724836306,285.3099100701384,4097700
2020-11-04,297.6641845703125,303.01282702897356,292.8581271573116,295.6196659239562,4790100
2020-11-05,306.7045593261719,309.43703052007646,303.846118744067,305.35772183219126,3794400
2020-11-06,303.9042663574219,306.66577540961265,300.46444471530305,306.17162650642206,2978500
2020-11-09,333.86444091796875,345.9182907251042,330.31804817050516,336.1511990567285,10933700
2020-11-10,324.38812255859375,335.12417625133884,323.08972092806414,329.4363911314522,5330400
2020-11-11,322.0722351074219,327.2174040557734,320.7932023731836,326.93639771940065,2969900
2020-11-12,318.0995788574219,322.75057052857164,316.17133021555924,318.8456666901265,3207700
2020-11-13,324.63031005859375,325.6767726950476,317.179013500074,320.0471236613548,2393700
2020-11-16,325.0372314453125,332.0137168518846,322.8280066310234,331.19009598277034,3312800
2020-11-17,326.0546875,327.2852547243127,320.45410593764035,322.82806719925924,3412700
2020-11-18,325.51202392578125,330.3665170103938,324.46553185507054,326.0837060733667,3203400
2020-11-19,323.51605224609375,328.6321548457144,321.13242126350366,325.07606212237954,2718700
2020-11-20,312.9737243652344,324.7562681250649,312.9737243652344,324.3880590122141,4142400
2020-11-23,321.73321533203125,322.85721153249784,314.3012853891341,316.0841667370263,3219000
2020-11-24,331.7618408203125,333.4284216848616,323.7485320615141,326.4519355813805,3529700
2020-11-25,330.72509765625,333.0408943224693,328.8065481638032,333.0408943224693,2535200
2020-11-27,328.5448913574219,332.2366222888555,327.13019011571896,332.1881566031577,1402300
2020-11-30,326.0644226074219,327.5565982685967,319.930895200815,327.1787196119015,4276200
2020-12-01,328.3608093261719,331.9944053401915,327.13991160297167,329.1262951661371,4210400
2020-12-02,329.6591796875,329.6785482191154,323.6322544840576,326.32595889246113,2972100
2020-12-03,324.73699951171875,331.69411945006806,323.7486422056867,328.05082340645873,3080300
2020-12-04,333.66094970703125,333.66094970703125,325.37633469630293,326.46159332957785,4323600
2020-12-07,330.37615966796875,337.18793834400327,329.49440367692574,332.70165470145724,2389800
2020-12-08,330.2115173339844,332.1881722324462,326.2484789151298,327.7794209918145,2224600
2020-12-09,326.3938903808594,331.10301758094323,324.30093510183787,329.84338253416723,2962600
2020-12-10,321.2292785644531,325.12451268798344,320.9095351038545,324.2621249801412,3506800
2020-12-11,317.2565612792969,321.2777351200319,315.425214618922,316.9367882575102,4179400
2020-12-14,320.87078857421875,328.234883384881,317.42129666722104,318.7875324977885,3552400
2020-12-15,323.29315185546875,324.8144245231383,317.4503304956448,322.81837142643434,3104600
2020-12-16,321.7912292480469,323.6322450874833,319.02969070375406,323.59347845510075,3393300
2020-12-17,326.4422912597656,327.8278955756569,323.0509346551103,324.15556214293383,2725500
2020-12-18,329.765869140625,330.9964662407113,323.97151209150684,326.0644674968078,8443700
2020-12-21,323.9907531738281,325.7154986760398,317.08207211437514,322.8667574036948,3642500
2020-12-22,321.92694091796875,324.8144494928811,321.3068225109755,323.7873552795148,2403100
2020-12-23,319.01025390625,324.80460747072374,318.8164503560869,323.75814518254515,2760600
2020-12-24,325.5701599121094,325.92866994029225,320.095548553833,320.38622436850125,1308900
2020-12-28,333.77728271484375,334.86251198167105,326.41318895672754,327.37244883181955,3449100
2020-12-29,335.89923095703125,337.9243511185274,334.058215316605,336.98445998421835,2822700
2020-12-30,344.5133361816406,346.7128918805816,336.4322222433597,337.85659305512416,4200600
2020-12-31,345.8602600097656,348.253590145289,342.28479860142727,344.0095445991128,2881700
2021-01-04,340.5793762207031,347.0132779245702,336.5775709748729,346.88730852821726,4638400
2021-01-05,336.6357727050781,342.04255129824435,334.7172231034854,337.9729113810298,2990700
2021-01-06,336.76165771484375,343.04052210388863,333.86448003322886,339.542594628654,3966800
2021-01-07,339.42962646484375,341.86480543026073,337.99376858250184,338.5467823058271,3100200
2021-01-08,343.3007507324219,344.3970670187281,339.0707190939785,340.8849644423554,3371500
2021-01-11,337.81927490234375,342.8836544702537,337.4214945031899,341.61268169805584,2403000
2021-01-12,332.6966247558594,337.62516295782706,326.0120203924671,336.7325776605219,4858100
2021-01-13,336.0049133300781,339.3326778624294,333.96754393642044,339.1871260990855,4125700
2021-01-14,317.18316650390625,339.15789181614053,316.95033114412155,338.2944409517711,8712200
2021-01-15,313.6226806640625,319.86097639724306,312.2838177747402,317.7750801253358,7911500
2021-01-19,316.2228698730469,319.31776991405934,314.98103123896874,317.2415547559616,4625200
2021-01-20,324.9254150390625,327.85536987155757,319.3177339254727,320.15208074768907,5081000
2021-01-21,324.4693603515625,326.81719643931547,321.8595548105518,324.4402559242849,3484900
2021-01-22,319.18182373046875,325.1581794294909,319.10422179494634,320.54010926806,3846600
2021-01-25,319.3759460449219,320.1132978359839,307.77251472159475,317.74603855624696,6257700
2021-01-26,317.9303283691406,320.6856562136275,316.10637186177695,320.16174688310025,3503100
2021-01-27,306.0843505859375,313.37046594033495,303.7850116566825,310.8091575178267,7449400
2021-01-28,314.6123352050781,319.19162042712753,312.38091626708325,317.33855913858514,6906400
2021-01-29,306.8605041503906,315.97054615777336,303.06706881392677,314.1465895655337,7627200
2021-02-01,311.9734191894531,313.87497796686733,308.112063158717,311.34280337940805,4930700
2021-02-02,324.40142822265625,326.13807127371683,313.807002574565,313.807002574565,5686000
2021-02-03,322.8977966308594,325.9829856390784,321.1999685806559,323.887377178466,4036800
2021-02-04,330.66888427734375,333.0167502856518,325.07091489492007,325.37167055277695,4537500
2021-02-05,328.65093994140625,334.0645719173045,327.3314994569854,332.30853531531636,2964800
2021-02-08,326.982177734375,331.30920418288156,325.5268969926665,329.8636347872684,2652800
2021-02-09,323.4992370605469,326.1963564149945,320.1617905720234,325.93441651786736,2993300
2021-02-10,324.24627685546875,325.4687222812524,322.3447181102897,325.0127330833621,4246300
2021-02-11,332.64813232421875,339.1677925077217,330.1062462016576,335.1997297947765,5110800
2021-02-12,330.8338317871094,332.8906238926493,326.66203871325115,331.1539805323907,3025100
2021-02-16,331.0375671386719,333.7443977243426,327.99119471827174,332.96825980529843,2916900
2021-02-17,327.273193359375,330.23228170618995,325.8276240904428,328.9322345771234,2267000
2021-02-18,328.36956787109375,329.8151670047886,322.9171202712023,324.51792330983983,2393700
2021-02-19,323.2372741699219,328.89345237359186,321.13195497244516,328.3501499241326,4095800
2021-02-22,330.50396728515625,333.8608066275591,318.9684275383624,320.1617684249227,4940300
2021-02-23,339.97296142578125,343.7178692528037,328.32100540068933,330.4942149331476,6326600
2021-02-24,356.3691711425781,357.7953475178229,340.11853546356537,342.34995419130934,7467400
2021-02-25,343.9992980957031,356.3691854525592,341.70964080459237,353.6914591855314,5207500
2021-02-26,343.3007507324219,348.6755961746439,336.77138013982113,346.434436476795,4868500
2021-03-01,352.0809020996094,355.5250841615248,348.47180480662234,349.92708549560484,4382900
2021-03-02,352.00335693359375,355.6803454165839,348.6270945317835,351.20779625610004,3559200
2021-03-03,349.5099182128906,354.5354805070077,344.8530317702997,349.26737142717735,3692300
2021-03-04,339.0804138183594,350.84878885493384,334.40410458201137,349.3644036783228,4572000
2021-03-05,350.12115478515625,351.00402867322305,336.092256431313,344.33884747378494,4643200
2021-03-08,360.2596435546875,371.0578331349509,351.0040778639766,351.59587791588194,7213300
2021-03-09,365.2948913574219,375.7729313832494,361.6081916641908,363.8202174016825,5832800
2021-03-10,370.3204956054687,372.5519145002545,361.87985444946594,365.37253456945905,4509500
2021-03-11,372.9205322265625,377.8878855744066,371.1936003266048,374.0071370704332,3729700
2021-03-12,371.3003234863281,372.4839530178659,367.933772822609,369.77715213155017,2467500
2021-03-15,370.378662109375,376.2967801380455,367.35168288753056,371.88244037414944,4216200
2021-03-16,370.9801940917969,373.79373110954054,367.400200879726,371.2906611082034,3445100
2021-03-17,367.3905029296875,373.6191181394963,364.6642791094424,370.4660095580673,3240900
2021-03-18,356.0587158203125,364.2859142452011,354.1571571268141,363.8493181456398,7205200
2021-03-19,345.88140869140625,355.36012589536347,339.70132166961787,353.92423834436187,12224300
2021-03-22,347.715087890625,350.8681963027053,343.44627011582287,345.328435659655,4140400
2021-03-23,344.67840576171875,348.58825910544226,342.97089637407055,348.58825910544226,3756300
2021-03-24,348.9278869628906,354.1086840439161,345.386708930522,346.4344982785107,3550000
2021-03-25,347.6763610839844,348.75328455173616,343.59188020127567,347.33681916200436,2961800
2021-03-26,355.2243347167969,355.68029425051316,346.6090681505141,349.19945124173717,2741200
2021-03-29,352.0906677246094,354.45792704558494,347.9188446750631,353.3810037736805,4054900
2021-03-30,347.52105712890625,353.70114468220174,346.453845317308,350.02412700723426,2885800
2021-03-31,345.4351501464844,350.7226823739274,345.17321025412895,348.8696212184114,4372600
2021-04-01,352.46905517578125,352.5660798330957,344.64934744208443,346.3957024504394,3701800
2021-04-05,357.33941650390625,359.4738109369962,353.47806014190525,355.86471276376085,2180300
2021-04-06,358.5521240234375,359.69693792025976,351.69289277436053,354.0213363497961,2661900
2021-04-07,360.0170593261719,362.8112032473592,357.99908294296114,358.1349233650186,2958300
2021-04-08,366.91357421875,368.43858352083976,362.066602228638,362.30943697191674,3528400
2021-04-09,369.1865234375,369.4488039456148,363.7081867529171,365.3011673389904,2429300
2021-04-12,368.9533386230469,370.0218172675043,365.3982349385297,367.24377279191503,2896600
2021-04-13,367.2923889160156,369.2059277655543,366.0004915581764,368.1957269932675,2652800
2021-04-14,367.4769592285156,370.0315854137066,364.83491609484327,366.1947846982969,2317400
2021-04-15,375.4126892089844,376.26747201816744,370.05091019170646,370.24518979121353,2942200
2021-04-16,375.1018981933594,377.9479136170397,372.6735513179517,377.8507738134422,2725500
2021-04-19,371.2069091796875,376.62696766018263,370.3909879913825,373.8683685065095,3360900
2021-04-20,365.83538818359375,370.38124728946485,362.8533705359783,369.29335242408496,3135900
2021-04-21,372.1199035644531,373.09124237321294,365.8742021384257,367.739156051216,2466300
2021-04-22,372.37249755859375,378.3365331310292,371.041767897379,372.10052382960765,3713700
2021-04-23,375.9664611816406,378.7056442046352,372.4696349440851,373.33414086017945,2294800
2021-04-26,376.36468505859375,381.67791003140246,376.0052944081827,376.7143528342659,2255000
2021-04-27,377.91888427734375,379.23989113220455,375.0728680280128,377.0932401715984,2270000
2021-04-28,384.3102722167969,389.9926113367116,379.50216191757215,379.50216191757215,4065300
2021-04-29,377.8023681640625,381.1437771576728,372.8096707848835,380.2792710994974,4637100
2021-04-30,371.10986328125,373.9656029845658,364.8447134000545,371.88692280690674,4043200
2021-05-03,368.5260009765625,375.7819043013971,366.0490984488882,374.42203566575415,3344100
2021-05-04,365.1360778808594,367.3701459123485,360.9301630556615,366.26283477315735,3321200
2021-05-05,358.56005859375,368.75911712393935,357.48185699195915,367.098106248984,2993900
2021-05-06,364.71832275390625,364.961157466862,355.21862996879474,360.50271569414406,3787300
2021-05-07,364.64056396484375,367.7877216991504,362.8533042065852,366.44726946972986,2935900
2021-05-10,355.8402404785156,365.2233765283885,354.9369025391659,365.01940368725616,3193700
2021-05-11,357.0738525390625,358.35602690706236,348.97289026600487,350.6630399848805,3073100
2021-05-12,346.39892578125,354.9078653084591,345.4470324878017,354.2959169667194,3293200
2021-05-13,349.701416015625,352.4405987958797,347.6616280638158,349.0311898110327,2626000
2021-05-14,353.47998046875,354.25703981470963,351.1293270364142,352.6251974024461,2959700
2021-05-17,352.8874206542969,353.6256477252439,347.7976141577548,351.91608172638206,2511600
2021-05-18,352.6640930175781,359.24004803198807,352.4795362177381,356.48144855400625,3421200
2021-05-19,350.6339111328125,350.79902213840796,345.1846847328819,347.0885005918353,3577900
2021-05-20,357.16131591796875,358.8222970929172,352.1006190402441,352.5377333908195,4087500
2021-05-21,357.0642395019531,361.85293388797095,356.92823780681334,358.5601099339144,2708700
2021-05-24,361.7072448730469,363.0282517695804,359.04578532726185,359.4731472433224,2351500
2021-05-25,356.6951599121094,363.03800330589087,356.306630184981,362.4357777824042,3916300
2021-05-26,352.2560729980469,359.3080034351297,351.6732636850551,358.4240814116263,3101900
2021-05-27,351.6246337890625,355.8985184369228,350.2064874887117,354.10153578870126,5416300
2021-05-28,350.245361328125,354.9369447322258,350.0899731926331,353.08168390887045,3624300
2021-06-01,349.4780578613281,354.92725527852036,349.2352231177546,354.033640022201,3119700
2021-06-02,356.33563232421875,360.531822908679,352.47941623652434,353.11078050599986,3531000
2021-06-03,351.4497985839844,356.1802136201735,351.3623816524032,352.9456389371375,2605900
2021-06-04,355.5294494628906,356.12198159946496,353.2759657691331,353.868468262797,2295200
2021-06-07,353.6450500488281,360.7067027510003,352.86799079394723,357.25843190555406,2133400
2021-06-08,354.79132080078125,357.14194476741966,352.81950365990986,354.53876315499247,3224200
2021-06-09,352.9165344238281,358.7348743435519,352.9165344238281,356.4230831174046,2520900
2021-06-10,353.8587951660156,355.1604155460738,351.58586540327997,354.23763161459556,2460200
2021-06-11,355.0243835449219,356.3356970461052,353.3730954852225,355.06324540264393,2708300
2021-06-14,356.0151062011719,356.1219688894561,351.72180506526047,355.51002066839095,2515300
2021-06-15,357.5693054199219,358.1812537284801,352.34349689384425,356.8116621909721,3562500
2021-06-16,353.392578125,358.7932208385525,350.94478476249765,358.7932208385525,3081000
2021-06-17,356.7630920410156,358.56976826344624,350.8767803623235,353.08170911229155,3824900
2021-06-18,356.88934326171875,359.76449803787773,351.6246735050337,351.7412294274184,5009400
2021-06-21,362.3968811035156,365.6605957122882,355.7043704911035,358.0549943823165,3094600
2021-06-22,367.20501708984375,367.90438238075734,361.35753712770327,363.27107621236166,3582700
2021-06-23,364.3881530761719,367.8655339051082,363.5625089377992,367.1661685887463,2241800
2021-06-24,364.00927734375,369.16708487944254,362.2122943288808,368.1374679473816,2788200
2021-06-25,368.72991943359375,368.7687812868509,362.62991276019534,364.6891759821054,3983900
2021-06-28,357.1418762207031,370.0024232908376,354.6552510319271,370.0024232908376,4800300
2021-06-29,357.4527587890625,360.7456122902019,357.3653418345519,358.4338206834281,3394300
2021-06-30,354.6261291503906,359.56054755313926,353.8296241073066,357.40417392607753,2884900
2021-07-01,360.0850830078125,360.57075252213343,355.1215548000516,355.5586395771916,3108500
2021-07-02,364.2812194824219,364.7280270678224,361.4837587613032,362.0082900572405,2786500
2021-07-06,365.3400268554687,367.3992608315976,360.852445333355,365.854835349501,2740500
2021-07-07,363.20306396484375,367.3118086471028,361.77519455903933,365.9908019373877,3176600
2021-07-08,360.0035400390625,360.3925273638922,355.5884582237772,357.3875579886741,2809000
2021-07-09,362.6778869628906,363.2030362006556,359.71182507418155,361.617883836287,2404800
2021-07-12,365.2258911132813,365.7218671819194,361.8416379398122,364.6813027420803,2648300
2021-07-13,373.1515197753906,376.000918102062,365.2160533145301,365.2160533145301,5161000
2021-07-14,380.0464782714844,380.8536560651218,372.44168109041874,372.44168109041874,4140500
2021-07-15,379.4921569824219,382.47765806495875,376.78865468003016,379.4046370494974,3773000
2021-07-16,376.4677429199219,382.63328368648376,374.7269894449945,382.3318162276429,2706500
2021-07-19,355.3940734863281,368.182224371775,353.37129137717886,367.59872839114206,6814400
2021-07-20,364.0880432128906,366.2372230331702,355.21897043451736,356.90137725655956,3542200
2021-07-21,369.6020202636719,370.4189027177392,364.7298691748685,365.6829135435319,2393100
2021-07-22,371.6442260742187,372.32494658591554,366.67482091743824,369.83539168142937,4180300
2021-07-23,382.4387817382813,383.64465150084465,374.4935803333627,374.4935803333627,3720300
2021-07-26,381.9913635253906,382.0789131240238,377.5860161113168,380.8924825123084,2285800
2021-07-27,379.5310668945313,384.40321798230826,375.27161474447144,379.2685070736553,2783800
2021-07-28,372.8890075683594,380.950902621997,371.8095356478671,380.8439140240431,3372600
2021-07-29,378.11126708984375,383.87808650948904,376.8373162144169,376.8373162144169,3774000
2021-07-30,375.3201599121094,378.2959560611402,372.5388425918868,378.2959560611402,2533300
2021-08-02,364.9341125488281,379.2490686923032,363.5142654853857,378.587757457098,3430300
2021-08-03,357.4848937988281,366.3053251133474,349.67585350187744,366.29559078271086,6328500
2021-08-04,357.88348388671875,359.09908765560346,353.4294950579423,357.17356060167253,3203200
2021-08-05,361.7054138183594,361.7248527988792,356.9013443028357,358.0683360463487,2562400
2021-08-06,364.2241516113281,365.16746155398704,360.79128691485806,361.1997429394236,2038500
2021-08-09,360.4800720214844,364.1949650358517,358.7393484298064,363.8934976125853,2400800
2021-08-10,357.7182312011719,362.49312746772046,354.0908580343763,362.0457934874128,3225000
2021-08-11,354.21734619140625,359.7799524590633,353.7408388195267,358.4087472957006,3267700
2021-08-12,352.01947021484375,353.22533985440447,348.0031099554169,352.5932317265002,3802900
2021-08-13,352.768310546875,353.49767300837783,350.7066507374805,352.2918032356002,2304600
2021-08-16,353.5559997558594,353.79912056269325,346.8069637839245,350.58020345443947,2937300
2021-08-17,353.23504638671875,354.431181603503,349.88970215521937,352.0388814921056,2812800
2021-08-18,351.0178527832031,355.6176797168418,350.6677433689357,351.2415049444237,2774500
2021-08-19,347.4779968261719,350.2301411156735,344.9592687037387,347.0792751218406,2727900
2021-08-20,345.2217712402344,348.46015663036076,343.6074457091953,347.5265514726178,4135900
2021-08-23,351.0761413574219,352.27227660362763,346.9333537609463,347.6335427958741,3537900
2021-08-24,351.8249816894531,356.0261163648633,351.5235142624422,353.04058572670147,3032000
2021-08-25,349.2187805175781,352.4279637344986,348.6352845660007,352.00006868186426,2340400
2021-08-26,343.1504821777344,348.34356970923915,342.1196521362485,348.1490611558938,3946300
2021-08-27,345.9414978027344,346.6902992657955,341.97374928692096,342.76145839209187,3698300
2021-08-30,343.3351745605469,348.1878858058939,342.5571998882852,345.03702012422184,4032100
2021-08-31,336.702880859375,345.445495637882,335.1955140396728,343.2282350510306,6780400
2021-09-01,339.9510192871094,342.3627590545367,337.7434630400588,337.8212783293652,4499600
2021-09-02,331.8891296386719,340.8943353130494,329.9927751599703,340.86516199850803,7412000
2021-09-03,330.8680114746094,334.6704248266536,329.603765348748,330.5762486711787,5171000
2021-09-07,335.2247619628906,338.4242408253159,333.58126255706924,335.39983153916535,4764300
2021-09-08,341.3804626464844,342.3140380769023,335.506656637873,335.506656637873,5054500
2021-09-09,341.7403869628906,343.9090355769239,340.29139622853506,341.0596367280748,3716200
2021-09-10,337.8310241699219,345.2316086335779,337.4711803808351,345.1635276725746,3437700
2021-09-13,338.24908447265625,342.3043224461067,336.8292377554989,340.36909054249907,3234200
2021-09-14,336.2847595214844,340.2525085507964,335.7499055040546,340.05799999290963,3281900
2021-09-15,335.2635803222656,337.9670824079468,333.3283482677829,337.4516675034842,3833500
2021-09-16,336.7806396484375,338.112936824766,335.2052216829153,335.9054107429064,3771100
2021-09-17,333.6006164550781,336.47915816892754,331.3930607877312,334.5341919367372,5527500
2021-09-20,330.34283447265625,331.7237440551355,326.3848205595479,329.01053718108824,3956600
2021-09-21,328.09637451171875,333.736764989946,327.9991202597843,332.78375048334874,2967300
2021-09-22,333.9604797363281,334.40781372594495,329.2244910105898,329.9635581069494,3238800
2021-09-23,344.32720947265625,345.0273987177583,335.7012863400579,336.22640601550546,4783200
2021-09-24,348.30462646484375,350.025911242458,343.0532225174565,344.2882656392417,3306200
2021-09-27,346.9527587890625,352.61261712774376,345.38707536126395,347.22505284945476,4158000
2021-09-28,341.5166931152344,346.20406994902265,339.44529884714177,345.717828277746,3266900
2021-09-29,343.4713439941406,347.35154246762835,342.7128082847859,343.1017956294595,2808800
2021-09-30,338.11297607421875,346.2040440005063,337.8406819458261,344.97870558382226,4393300
2021-10-01,350.2690124511719,353.18646222273486,337.6072911266087,340.20380480371284,5227300
2021-10-04,334.72869873046875,350.72602810226067,330.00241537778726,350.0258390751164,7901500
2021-10-05,333.7658996582031,338.9784242445689,333.49360559100825,337.99620686605317,4724100
2021-10-06,339.0951843261719,339.27995851654146,329.7787782400114,330.6540369008497,3712000
2021-10-07,344.6063537597656,348.49145441241,339.82542515803544,339.82542515803544,3209200
2021-10-08,345.6288757324219,350.8966623237448,344.89859157916646,346.64154474523076,2336700
2021-10-11,338.0241394042969,345.5509444084141,337.7807113866191,344.64539931433296,2769800
2021-10-12,336.2617492675781,340.7992514382825,335.56067533314877,339.48473409681037,3042900
2021-10-13,333.35028076171875,340.31231502590674,328.1214525213528,337.1477512953368,3755700
2021-10-14,335.521728515625,336.7194051895704,331.87030785579594,334.8011910143267,4083800
2021-10-15,346.6415100097656,347.2354601315338,338.59863849894634,339.8255252623826,4053600
2021-10-18,349.017333984375,350.47790199411367,341.0231667313651,344.6550934977693,3280900
2021-10-19,352.5811462402344,352.76615391063,348.20915884260506,348.9783996976536,2835400
2021-10-20,347.39117431640625,352.96080741992154,346.6414268715337,352.19159643510244,2796200
2021-10-21,346.8459777832031,347.0115219144554,338.1409892580151,345.2783155702532,2516300
2021-10-22,349.24127197265625,352.1331976013587,345.5703589686039,347.30356502017884,2774400
2021-10-25,351.3736877441406,354.7232593030603,349.35812654694786,352.9316328414828,2447900
2021-10-26,347.9267883300781,357.69311876415577,347.43018568781446,353.82748083156605,3320100
2021-10-27,326.8945617675781,341.8897191538226,325.025021836192,338.8517427662332,9652700
2021-10-28,324.27532958984375,341.27633401732623,320.22468381147513,335.12249631656186,9505100
2021-10-29,326.6998291015625,329.26069633417353,322.4057557529559,322.53234306336344,5843700
2021-11-01,325.2684020996094,331.9383336101113,324.12917597903777,326.4368680997428,5126200
2021-11-02,319.8449401855469,326.9432795307887,318.1117339506072,326.32011927991135,5375300
2021-11-03,320.7699279785156,320.91597883132874,314.8400256316544,319.86438297574324,3952500
2021-11-04,326.6122131347656,329.72810346007407,320.6725639170209,322.3668430247486,4819500
2021-11-05,339.62103271484375,340.9550134629006,332.0358075591091,333.43795528204,7201500
2021-11-08,340.4779052734375,343.8664041863915,338.5207345458979,338.86153970613947,3862200
2021-11-09,335.58984375,340.99396332240735,330.7212836209841,340.7992090311136,4247800
2021-11-10,348.5304870605469,350.1663161423887,340.31235513443715,340.89658829661863,6337100
2021-11-11,345.0250549316406,350.18574558929754,343.30159564682367,348.95885914381535,4472200
2021-11-12,353.9442443847656,354.2753028356825,346.57323882119545,346.69982611146617,4724200
2021-11-15,351.8605041503906,361.3736880588976,351.17892367626206,355.54116351506184,4693200
2021-11-16,359.84490966796875,361.31522391003693,352.4836512619344,355.1808220947922,4969000
2021-11-17,349.7281494140625,358.32601323292164,341.9871271877077,350.1273451814876,11727300
2021-11-18,339.06597900390625,352.9511210257237,335.5216532155126,351.2471251002261,6533700
2021-11-19,330.7894592285156,337.5372766117788,330.21497268413685,336.9043697215536,6954800
2021-11-22,312.8536071777344,332.5031349985723,311.3541123158193,330.8672764982495,11378200
2021-11-23,320.3512268066406,321.0230904194189,313.23339493475896,316.41742226659494,7116200
2021-11-24,331.0621032714844,331.4126253527644,316.47588578864986,318.3551726644037,6414400
2021-11-26,315.648193359375,318.2771976073859,310.6140898627175,313.1262534395273,6613900
2021-11-29,314.5186767578125,323.09707584946614,309.88379880488174,321.33465976373293,6362200
2021-11-30,306.6413879394531,312.32786230200753,301.95780600621555,309.64040774475086,10237600
2021-12-01,298.228515625,313.55473327635957,297.95587744862763,312.3473398831866,8008800
2021-12-02,311.7825622558594,313.7299860557952,300.86723046218214,301.4514635452287,6717600
2021-12-03,313.6422424316406,314.2070118240229,305.7454552861704,311.8214064173495,4732900
2021-12-06,324.5673828125,327.90723729814937,313.5352397794765,316.2129475726242,6055000
2021-12-07,330.58489990234375,333.41840478197304,328.4329754476954,328.4329754476954,4939500
2021-12-08,333.340576171875,334.9861518965245,325.3171984720454,330.31234599116095,4226900
2021-12-09,335.4631652832031,337.42033543218963,330.0980336852185,331.1106725218692,3389600
2021-12-10,340.72125244140625,341.042564266614,335.7650331381229,337.8780008580016,3405900
2021-12-13,336.2324523925781,340.3415177818474,331.38335645352714,340.0104593030843,4358300
2021-12-14,331.59759521484375,339.05623237455654,328.9783076721449,336.2422202695712,4518500
2021-12-15,337.2452087402344,337.47889014708045,326.70963615665426,331.06213065118175,4918700
2021-12-16,343.6424865722656,344.47011808298777,336.04751438150777,342.4545566245369,5369900
2021-12-17,340.1274108886719,343.5159400888571,335.0738421238521,340.01057017751697,5898200
2021-12-20,328.1603698730469,334.49924377431563,327.39115887638343,332.26943522998175,5013900
2021-12-21,341.5197448730469,342.7466315289034,330.448643944308,331.3833991645482,3105100
2021-12-22,348.0825500488281,349.19256619263956,337.4690662817974,337.4690662817974,3456400
2021-12-23,351.1011047363281,352.9414349147787,345.6678041570024,348.14104127323674,2627000
2021-12-27,350.83819580078125,351.58794340194,346.25202024214167,350.5363474343839,2677100
2021-12-28,351.29583740234375,354.56752539067094,348.9881445641907,349.35815990311266,1920100
2021-12-29,351.7923889160156,353.603478829103,350.72129985784744,352.26949824929204,1535200
2021-12-30,351.5002746582031,355.0640640354272,349.6696913995418,352.4837332571359,1558000
2021-12-31,349.8741455078125,353.8274132012952,347.4009091137277,348.54016504136064,1984000
2022-01-03,361.198486328125,362.5324670433726,349.8060437883423,350.3318566003424,4708200
2022-01-04,365.5217590332031,372.3474598924335,361.8800559757713,362.2111144872957,6854500
2022-01-05,364.0708923339844,372.44482105100775,362.71744817481664,364.1682694720965,5976600
2022-01-06,360.74615478515625,364.860612119095,357.3336911588102,359.468920779641,4781100
2022-01-07,360.4049682617187,362.4914606847802,355.0035165187996,357.22652179390894,4551200
2022-01-10,354.8085021972656,361.6334300376306,340.04714398617205,361.6334300376306,6009300
2022-01-11,357.1290283203125,358.85474958445866,347.1841202874043,354.43804690460905,4131200
2022-01-12,358.12353515625,362.8132341604317,357.8895471033557,359.7127734422611,5783100
2022-01-13,360.27813720703125,368.2340557131842,358.67916977554745,359.39089312285745,3892900
2022-01-14,362.8326721191406,365.4066293901875,355.04248437903084,355.2082457157666,4029900
2022-01-18,357.138671875,362.8326372159305,356.0662071385865,361.5163953297713,4933900
2022-01-19,351.7080383300781,360.06367728275757,350.71352981271525,353.34601385308036,4464800
2022-01-20,354.896240234375,363.7394036911428,352.62452739290893,352.7804995564601,5043200
2022-01-21,346.1993713378906,358.9230063100346,345.25363002465537,353.43380887631145,4867100
2022-01-24,340.68096923828125,341.3439552006122,322.32189355165605,334.00228276082083,7472800
2022-01-25,330.28753662109375,338.36045054600396,325.0518464339602,334.7334874925327,6994400
2022-01-26,336.0399169921875,345.89704750409317,332.7151989065877,334.7724126675697,7438600
2022-01-27,341.7632141113281,350.63562829898905,325.96836556826884,340.3494668312054,8416100
2022-01-28,372.9433898925781,373.1968670293666,346.4919095901467,350.07010580048933,8813400
2022-01-31,376.7165222167969,376.88225380213026,366.8788797882162,369.20908968146296,6345200
2022-02-01,382.2544250488281,385.6083916957565,372.8555406577452,376.1120023925713,5841100
2022-02-02,386.8271179199219,389.91784799684166,373.1772637274104,379.5537039456935,6115000
2022-02-03,380.3143005371094,383.112516665095,376.8238201877623,378.8225672465586,4209200
2022-02-04,372.64111328125,378.4422847358439,366.9959140107724,377.8768037440218,6045400
2022-02-07,366.7228698730469,372.836044401313,363.9733918585962,372.6410643196224,4767500
2022-02-08,365.0068664550781,370.2718045557272,361.272669228962,368.09759670314634,5825300
2022-02-09,371.8318786621094,378.7348235428872,371.0811471804289,375.95609648717567,5492800
2022-02-10,365.0263977050781,370.4960754847648,361.2921705976395,362.4231621880592,3995000
2022-02-11,360.52191162109375,371.3735511697952,358.4452086633807,368.4095743070889,4345600
2022-02-14,364.8021545410156,367.85387710301626,357.5872366165821,359.59571304476515,3678400
2022-02-15,371.99761962890625,373.48935284478614,364.0611883107037,365.2116691429609,5800400
2022-02-16,373.352783203125,375.3710189394995,367.35660274755344,370.4570627239902,3424800
2022-02-17,364.3536071777344,371.753774300673,362.8618743546016,369.1310500276529,3972500
2022-02-18,360.6974792480469,365.4359152735876,359.7712270598478,365.1434302427493,4083800
2022-02-22,359.0790100097656,364.9581974484493,354.70128547440675,355.87128516297514,3897900
2022-02-23,352.1955261230469,364.2171355570248,351.12303154456924,362.6669055658121,3802500
2022-02-24,360.14178466796875,361.27277655591894,332.77381022497127,337.28801835609767,7425000
2022-02-25,359.8589782714844,363.27144253886365,352.6538191906108,358.0357521236055,3817900
2022-02-28,351.7957763671875,356.22220800179537,346.76482614956785,353.1315074410943,4952400
2022-03-01,335.86444091796875,352.53673990982446,332.6859651794673,348.90004760601073,5894200
2022-03-02,335.4842224121094,339.60843980188037,330.2192836673828,334.3824792243767,4997900
2022-03-03,332.4617004394531,340.75887161298635,332.17897487324365,338.93564578736516,3975900
2022-03-04,322.4876403808594,330.3557855660826,315.89669971722617,328.4740623662131,4670900
2022-03-07,305.09375,321.5515489837731,304.3039810726072,321.33705008773364,6874300
2022-03-08,306.4685363769531,316.6084542868518,297.9666239744604,303.6020936862307,5048200
2022-03-09,319.9233703613281,321.21036388761814,313.0789237242645,315.0679110145014,4015900
2022-03-10,316.4719543457031,317.96368763783636,311.7530070048744,313.88823717362004,3771300
2022-03-11,316.6669006347656,322.6923296045565,315.92589897030297,321.7758369419811,2987700
2022-03-14,320.371826171875,328.45449821337564,319.07510310760176,320.86908038472313,4122700
2022-03-15,326.62158203125,329.9170523061681,322.92636236899824,324.10612144661485,3738900
2022-03-16,336.0594177246094,342.16286231521303,328.25950070324126,333.43669324582856,4340800
2022-03-17,337.77545166015625,338.20444953087036,331.2527678467137,333.0565048366265,3244200
2022-03-18,341.3341369628906,343.91785369023296,333.9242093688658,338.02893738641376,6790800
2022-03-21,336.9369812011719,341.2464494547625,333.9242661179336,337.3659791179756,6053800
2022-03-22,340.78814697265625,345.078095680666,336.86869910951384,338.1069253108596,4669900
2022-03-23,333.6219482421875,338.0581689616747,333.20270983756245,334.81143679447257,2527800
2022-03-24,340.6126403808594,340.7101452967819,332.1789858542101,333.6902079108794,2482700
2022-03-25,340.29095458984375,342.7479481113252,337.00524348019746,341.6462047947027,2173800
2022-03-28,341.72412109375,341.79237751192267,334.9382012983911,339.79366058326883,3134600
2022-03-29,358.35748291015625,361.487221537315,348.16885752840545,349.7483362164827,5512400
2022-03-30,353.18023681640625,359.0691825589467,350.6257687264877,354.9059875177909,2614200
2022-03-31,348.44183349609375,355.0132547365783,348.42231465878,350.5867930435151,4095700
2022-04-01,354.8670349121094,358.68900797925846,349.2121060341407,350.2358334114934,3806800
2022-04-04,357.7334289550781,360.5121551979648,354.0674586273781,355.1399531120053,3027200
2022-04-05,354.2332763671875,358.4354797293404,352.87802635841217,354.223516948489,2215900
2022-04-06,344.7075500488281,348.15902145260173,340.83684027162747,347.55453268081004,3864500
2022-04-07,341.2806091308594,344.55136342502647,337.62909664364696,342.87205264028387,2848500
2022-04-08,343.9363098144531,347.47069621433087,337.47292444923886,339.0838843086414,2235100
2022-04-11,339.15228271484375,343.18458430484367,337.63896289576104,342.3449435782883,1809200
2022-04-12,337.619384765625,346.09406433110803,336.33063469883865,341.72003712942717,4038500
2022-04-13,346.7384033203125,348.55438666321567,334.7586578523559,336.2622341375978,3048500
2022-04-14,349.3550109863281,354.36365464937234,348.427473346646,348.7301372510434,3358900
2022-04-18,348.3592224121094,352.22556272131885,344.86392706113566,345.6157005567789,1871400
2022-04-19,355.2618713378906,356.0429635024642,347.64640895592,348.3688931369835,2999300
2022-04-20,356.64837646484375,363.09224683198914,355.2619561639516,357.9859617337537,3377300
2022-04-21,355.8183898925781,366.3433646017144,354.8615631751588,360.7391661890476,3605300
2022-04-22,342.8721008300781,353.53377866807693,342.31557821256143,351.9716240308683,2968800
2022-04-25,346.2111511230469,346.6602604530757,338.93738559095016,341.01700045187306,3380400
2022-04-26,335.9693298339844,341.7785818138652,335.4518693060335,339.7087397020615,3116400
2022-04-27,353.01629638671875,364.898372352662,347.5780594848415,348.554402348563,5702300
2022-04-28,369.8680114746094,372.93374284536816,360.0655490512341,360.39750210104967,6843300
2022-04-29,354.78350830078125,368.1984509885114,353.19206451438436,363.24838504809986,4741800
2022-05-02,350.5461730957031,356.29681744599384,342.29606343858904,354.4124827465276,3903800
2022-05-03,349.3257141113281,354.8420452147056,345.0786167854998,353.03580499617874,2686900
2022-05-04,359.8019104003906,360.5048785498062,345.2934677720163,350.86837794013417,3346600
2022-05-05,345.0102844238281,359.06961616839203,340.77295983027443,353.5337686331124,3424800
2022-05-06,338.90814208984375,342.9502159906947,332.71813169011,338.05872853562397,3635200
2022-05-09,320.2306823730469,334.2900432730811,317.2040433694749,332.9329124074117,5777400
2022-05-10,317.633544921875,325.7860121036539,315.40748484571674,324.44842742483956,5003500
2022-05-11,318.1607971191406,323.1694400356318,311.01396126408173,317.7800389523956,4263900
2022-05-12,313.64031982421875,317.87764357229514,305.37069595256236,314.15778026407196,3891500
2022-05-13,324.92694091796875,327.29947707043146,318.3756876816238,319.9183263187394,3536000
2022-05-16,321.9295654296875,325.6591727821838,317.3407417348175,320.7677149579145,2062300
2022-05-17,330.8435363769531,333.1086590256738,324.6632990125023,332.06396498566636,2802300
2022-05-18,327.9535827636719,333.5187493580739,325.6689438931466,325.72752208503533,4521400
2022-05-19,324.360595703125,328.256193814365,316.75487719466986,322.1931135654961,4380700
2022-05-20,328.2269592285156,331.575808329222,319.9378172830692,327.75833369106783,3428700
2022-05-23,340.1871032714844,342.9892022464363,330.941136073,331.00948721766144,3420800
2022-05-24,332.6302185058594,335.8619106696418,328.0316524321959,335.7545272675445,2561500
2022-05-25,336.60394287109375,339.51342525607805,331.1852226210077,332.5228074484155,3033400
2022-05-26,341.6126403808594,344.89313830744806,337.8244250639976,339.76733795043714,2817400
2022-05-27,349.31597900390625,349.32575196799263,343.7801013745474,345.029848952716,2658700
2022-05-31,349.40380859375,352.4304773673574,342.8330403269866,344.7368909942097,3873800
2022-06-01,348.6129150390625,355.81832878686714,346.45520605840363,349.7259599964826,2190000
2022-06-02,354.4905700683594,356.4139667897135,349.2964484403937,351.9618455111024,2484200
2022-06-03,349.3550109863281,352.410968920037,347.35349023638764,350.9757437171508,2076600
2022-06-06,351.6201477050781,359.59685254422635,350.0482201361092,353.4361312043961,2196100
2022-06-07,355.40826416015625,355.8574032616113,347.9001863029677,348.4859978907154,2158800
2022-06-08,353.7583312988281,358.43502241619643,352.4402921403988,356.36518010998054,1709600
2022-06-09,340.7436828613281,353.64116463488114,340.6851046691278,351.249142331709,2250600
2022-06-10,326.83074951171875,336.1645842164399,326.68430405209165,333.25507197083937,3300500
2022-06-13,312.1758117675781,323.07180009857916,310.39889066179234,314.38235584944124,4825100
2022-06-14,314.51910400390625,316.3350874261218,312.09776297866597,312.5273562217831,2788400
2022-06-15,317.6922302246094,322.80825748104616,311.87320509340924,319.6644321542721,2357800
2022-06-16,301.47509765625,308.96365927388155,297.86261774869826,308.6121604082295,4528500
2022-06-17,303.3399353027344,306.7083297520275,296.46647391110156,299.7372281250092,6235300
2022-06-21,309.8912353515625,312.65430248736004,307.43086193147406,308.5731664568068,3193700
2022-06-22,308.67083740234375,311.492483009999,303.9941460303062,306.05424528013606,2671500
2022-06-23,309.2663879394531,312.41021328351826,306.122562595388,311.3557462611943,2387600
2022-06-24,322.6813049316406,322.98396882493154,311.66815901414947,311.66815901414947,4318900
2022-06-27,321.0508117675781,324.1165426711112,319.3812738081871,324.1165426711112,2810800
2022-06-28,310.7601318359375,329.1739411825423,310.59414046392385,324.829233967874,3394200
2022-06-29,314.95849609375,318.39521285061863,310.87738935828884,311.56081160543255,3779500
2022-06-30,308.01666259765625,310.7601837075979,302.36362897805225,307.8408982345343,3411500
2022-07-01,310.7113342285156,311.3947861311591,303.94528553394383,306.66929038595254,2287700
2022-07-05,311.707275390625,312.73242362131,302.1390961231955,305.6734530122222,2112100
2022-07-06,312.595703125,314.73386655268644,308.2509655279991,311.45336888141264,2219200
2022-07-07,316.8884582519531,317.660929981765,312.43927056145253,315.20657309534624,2202100
2022-07-08,315.90081787109375,317.77828279008224,312.2730417805507,315.62702401220923,1662100
2022-07-11,317.0057373046875,318.99074996674494,312.07741868667694,312.3023324772319,2073800
2022-07-12,315.7052001953125,320.10547729788357,313.113931869834,313.113931869834,2761500
2022-07-13,316.20391845703125,317.7293455166197,306.85577628517785,308.9483669015279,2442600
2022-07-14,317.8271179199219,320.32059628811567,308.4007622462561,309.15368779148093,2743900
2022-07-15,325.20013427734375,328.13365317966895,322.45240729280295,326.2366419021949,3387400
2022-07-18,323.6745910644531,330.03054641277816,322.48162594388526,328.0650799020074,2468500
2022-07-19,332.83697509765625,334.4308580719999,324.42755040685813,324.42755040685813,2689800
2022-07-20,333.7072448730469,335.7020456259958,328.83762370726197,332.8369833151871,2563600
2022-07-21,339.2320861816406,339.5352140337179,332.52409181851783,334.293978893405,2230800
2022-07-22,336.2593688964844,343.30958159279925,332.85647753496335,341.14856518765976,2253000
2022-07-25,336.58203125,337.8825741302471,332.57288445962047,336.8167329560517,2180100
2022-07-26,333.7170104980469,336.99277827235005,331.7808778519083,335.0566456262115,2254200
2022-07-27,335.6628723144531,341.1876880110431,323.89946720059294,335.4086543987178,4580300
2022-07-28,344.6395263671875,345.43157393502344,333.07166895322723,340.2881288746586,3635500
2022-07-29,345.9498596191406,348.89313634592287,342.2047174654099,346.2823214821764,3176800
2022-08-01,342.7718505859375,346.97654830193005,337.99998927545977,340.10233813345604,2289400
2022-08-02,341.2756652832031,343.3682256325323,336.357135350692,339.3884129669499,2878800
2022-08-03,346.2822570800781,348.5801855426681,340.8161386426001,342.243775751603,2921200
2022-08-04,348.1792907714844,350.6629814220436,341.90154854093305,346.81032154651257,2339500
2022-08-05,349.5873107910156,349.90019666356034,342.63485838554647,342.63485838554647,1848700
2022-08-08,344.35589599609375,351.0443133150698,342.13621149877565,351.0443133150698,2477600
2022-08-09,338.8604431152344,343.3389340284663,337.6968119480964,342.6348885310491,2467400
2022-08-10,345.548828125,346.69288330057464,343.2704460326863,346.48754542006105,2443700
2022-08-11,342.8109130859375,347.9641456624814,342.58602912934043,347.9641456624814,2609400
2022-08-12,346.4190673828125,347.57294026736514,342.4979526555946,346.87865298022103,2514200
2022-08-15,351.9732971191406,353.92897588109435,343.0456187962154,344.5221359694135,2526300
2022-08-16,351.28875732421875,352.02213677583507,345.2750517892222,346.4191070226233,2448700
2022-08-17,347.4555969238281,349.04947962708593,343.95494564627865,345.6661642813348,2439900
2022-08-18,349.4407043457031,351.5528412161315,345.7347141799971,346.46809379439753,1934900
2022-08-19,346.4289245605469,348.8637349987115,345.7248790331959,348.7268530068513,1740700
2022-08-22,337.85333251953125,343.22166178281793,336.6505792011875,342.2438222905592,2312400
2022-08-23,333.3356628417969,337.559906059328,331.8493279648301,335.0957616956608,2240700
2022-08-24,332.1818542480469,334.70469691518485,330.8520068276128,332.6414400150809,2218400
2022-08-25,337.0318908691406,337.48168859986527,329.8447659134996,332.46536812386097,2228500
2022-08-26,324.60357666015625,337.980443064731,324.3493586942998,337.4034915267725,1925000
2022-08-29,322.0514831542969,325.4347998664844,320.5064798515388,322.67728499039487,2308200
2022-08-30,320.5455627441406,325.59121812363236,318.35521182267195,323.664873123175,2618900
2022-08-31,317.18170166015625,323.8407843325715,317.09369971168684,321.0148445163266,3129000
2022-09-01,318.0422668457031,318.3942747080926,312.13610847708094,316.63417571356416,2493200
2022-09-02,315.411865234375,322.3643186821225,313.42685250419225,322.1100708963596,1936800
2022-09-06,316.89813232421875,319.7436481344753,313.45614889280546,315.35315943297644,2043400
2022-09-07,321.3375549316406,321.9047184525411,314.91314338999183,316.89815603056735,1998300
2022-09-08,322.7554626464844,322.9705885112864,316.31150448707103,317.33822393559063,2114000
2022-09-09,328.4073181152344,329.55137332673445,322.8336224531349,323.2149940844921,1815700
2022-09-12,330.9203796386719,331.95688687993413,328.4953275006752,330.5976759677152,2097800
2022-09-13,318.2279968261719,325.4248791317495,317.3870395829866,322.68694126360253,2316900
2022-09-14,318.6289367675781,321.2006588599751,316.1843385567501,319.7925679032352,2657900
2022-09-15,309.9360046386719,318.7170142352991,308.1856933907472,316.419085404419,2486800
2022-09-16,308.146484375,308.63540399484003,302.2598730537031,305.91701210218076,3650900
2022-09-19,307.0709228515625,308.4594680077928,303.3746909054157,305.0370299153868,2369700
2022-09-20,306.32769775390625,307.40332692051146,302.58258647527913,304.2644712154382,2769600
2022-09-21,297.7520751953125,307.9998420893975,297.47828137729016,307.51092242569416,2366300
2022-09-22,291.74810791015625,296.3635104208219,290.01734315913893,296.2364163834319,3176500
2022-09-23,287.0740661621094,288.0421474205302,283.808086280852,286.6340563549081,3245900
2022-09-26,283.6809997558594,288.79511102485884,282.71294821121603,283.62233177383814,3635600
2022-09-27,280.1313781738281,291.2982848642091,278.4885856770692,288.92214282597314,4073300
2022-09-28,283.7493896484375,286.48735748452407,275.44754387019765,278.79173743232644,5611400
2022-09-29,280.4150085449219,285.5975755386019,278.5375735106307,281.96001158820945,3439700
2022-09-30,278.03887939453125,284.316622104438,278.03887939453125,280.5030241876375,3804200
2022-10-03,284.0427551269531,286.2624394741202,278.6059713025528,281.4710331335022,5285200
2022-10-04,294.5936279296875,297.2338059113307,289.4208796455137,289.62621753790796,3949200
2022-10-05,297.458740234375,299.805548690558,290.6627448604167,291.37657832404795,2845200
2022-10-06,293.07098388671875,298.77116858175583,292.70857445964754,296.3520071962826,2494400
2022-10-07,288.8985900878906,291.0728966953434,286.95933396034724,290.55380695925663,2210800
2022-10-10,285.77423095703125,291.131642015775,283.5803469030938,290.9259728580755,1783500
2022-10-11,280.1622619628906,284.412958668698,278.56583712599775,283.8644575700138,3554900
2022-10-12,277.5471496582031,281.57253853465147,277.3806356436,280.64211046777274,2646800
2022-10-13,287.909423828125,289.34916806809565,271.1711902524897,271.5727548243929,3322800
2022-10-14,282.7479248046875,292.47352942784295,281.915414292346,289.770328668996,3106300
2022-10-17,288.9671630859375,292.5812137448026,285.3433086937073,289.3393462806394,3417600
2022-10-18,294.1972961425781,297.44896789862514,290.4461121300088,296.92987806144095,3096000
2022-10-19,291.6312255859375,293.472534392025,288.7223557996047,289.37854847424995,1914300
2022-10-20,290.1816711425781,296.4989228262485,289.52544859313514,291.62141534590864,2463800
2022-10-21,296.14630126953125,296.479299449038,287.45887762084607,288.44809831458593,3599600
2022-10-24,299.309814453125,300.68099215280836,294.3147822212343,298.25202744948916,3184100
2022-10-25,305.0002746582031,305.6760748305447,299.5644919628227,299.61348075019407,3012400
2022-10-26,312.93353271484375,317.7718550470398,305.862140836206,305.862140836206,5278000
2022-10-27,312.79638671875,316.43001523629454,307.5956851024192,309.67204425530184,4725800
2022-10-28,322.6884765625,324.97050471264964,311.27827603289035,312.73759760099085,3644400
2022-10-31,321.425048828125,322.65912375492906,317.11562020790393,322.1106526517791,3157900
2022-11-01,326.3319396972656,326.7726892855843,320.3574902559878,325.38190404931294,3660400
2022-11-02,313.2371826171875,326.14589276080164,313.0510909779107,324.59842690145734,3074900
2022-11-03,302.8062744140625,310.24981742556315,302.24799972137225,308.63378584778803,2860900
2022-11-04,311.81695556640625,316.4789896033676,306.7925420565509,307.38019817800995,3414000
2022-11-07,318.4378662109375,319.09405888803246,311.17057864073655,315.81303572368574,2742100
2022-11-08,319.04510498046875,322.6199712456474,315.6269490304857,319.51523592605537,2387500
2022-11-09,309.1432189941406,317.0275144690148,308.6632843039796,315.6465328105786,3001200
2022-11-10,330.327880859375,330.45520982085895,322.38482525927054,324.36323636011235,3255000
2022-11-11,332.3063659667969,335.5776148024073,329.43665175458256,332.02232669881016,3734700
2022-11-14,332.38470458984375,337.41892174247806,329.1036520362533,329.8088333913849,2348900
2022-11-15,336.4395446777344,343.990841411083,332.50226919160764,339.45613589932236,2983600
2022-11-16,335.70501708984375,338.02623085063897,333.09976399903513,336.09677795467434,2579600
2022-11-17,334.2456359863281,334.88228096150715,330.06353606698184,332.02237010892236,2004500
2022-11-18,336.6158752441406,341.45419824949386,334.30443527865526,338.54532818262714,2737700
2022-11-21,331.2878112792969,337.16431347493847,330.67077376644477,335.94004218417984,1965100
2022-11-22,337.8597412109375,338.2123469373773,330.612060074691,332.83532630761215,2510700
2022-11-23,341.46392822265625,343.5794424602598,337.0663259413771,337.5364568216403,1937300
2022-11-25,344.0594482421875,344.16716977839076,340.9154977685259,341.7773896159058,944400
2022-11-28,337.4972229003906,343.0211478581503,336.16523043335604,339.54420037334785,2226200
2022-11-29,336.0672912597656,337.6245603845405,333.73627449419604,336.57657723540984,1724200
2022-11-30,349.0641784667969,349.0641784667969,334.4512950030979,335.7930913787271,4252300
2022-12-01,353.37359619140625,354.13754015756626,346.762532291757,350.62143716655856,3374700
2022-12-02,352.64886474609375,354.8329753055345,348.73119694475787,350.0926008526501,2015500
2022-12-05,348.7605895996094,351.5127489283951,347.1543612913314,348.6724456579448,2202500
2022-12-06,340.3768005371094,347.69304697466066,337.262261543308,346.53734204832216,2353300
2022-12-07,340.2690734863281,340.69021563053116,334.4415302744573,339.7401799276573,2454300
2022-12-08,343.9419250488281,344.92134217414485,340.0732154480516,342.79599386085454,1998600
2022-12-09,341.6500244140625,345.50892984683566,340.2102802054955,341.2288822708021,2301100
2022-12-12,350.7977294921875,351.06216126881094,341.914411915253,343.09949787787787,2427100
2022-12-13,349.7987365722656,361.6594906623896,348.41775516950213,361.6398831953374,3072200
2022-12-14,350.1513366699219,354.6468565410329,346.48829723131104,349.651824498877,2587200
2022-12-15,339.1230773925781,346.517662503417,335.5090268986696,344.18667555510297,2774900
2022-12-16,338.7215576171875,341.07215234161805,336.3122002663537,337.67357429727366,5947100
2022-12-19,334.23583984375,338.73136008337093,332.5512414844848,338.25142545029627,2457300
2022-12-20,335.8910827636719,337.28183820971736,333.6090243431782,334.343587116486,1895900
2022-12-21,338.5746765136719,340.4453666333499,335.3230047907938,336.56688355188663,2087000
2022-12-22,334.49041748046875,338.4864547948605,329.50518951489005,337.1054735089625,2276100
2022-12-23,336.5276794433594,337.4483337933545,330.73932151966295,332.0419329483733,1914500
2022-12-27,339.03497314453125,339.7695358530139,334.77450345744535,337.0173766297203,1637700
2022-12-28,334.91168212890625,342.3160728551921,334.74516807411936,339.41697678087866,1854100
2022-12-29,341.04278564453125,342.52171488107393,336.4689249866658,337.29163168100365,1459800
2022-12-30,340.57269287109375,340.73917702726357,336.5472733557469,338.2220680994925,1617600
2023-01-03,339.6618347167969,347.3600685835443,336.8607161874767,342.75679630665894,2933600
2023-01-04,347.83990478515625,349.6322544436839,342.4922968997519,344.1573175794361,2661000
2023-01-05,344.52947998046875,350.2003123293502,344.03977151934265,348.78994957015243,2608500
2023-01-06,360.6867065429687,361.7167514885043,348.5712691546049,350.5234626908626,4432800
2023-01-09,363.9240112304687,367.87746654003456,362.54078836372486,364.5714791641326,3913500
2023-01-10,363.9632568359375,364.6205144720831,360.2354139100376,361.80503040841944,3485900
2023-01-11,370.6831359863281,370.7420239246789,364.208516438158,365.54267103127694,3370200
2023-01-12,372.5960998535156,373.8910357002375,369.7610064575588,370.6831250827699,3291200
2023-01-13,368.3875122070313,370.6928832324707,367.2005028467605,367.93625764607486,4261000
2023-01-17,367.87744140625,371.1441799132426,366.8768255432844,367.87744140625,2814500
2023-01-18,361.9128723144531,368.6719904328546,361.50083647874544,367.3966941653638,2747100
2023-01-19,360.9515380859375,363.75720233744585,356.6939734203548,357.674979931446,3111200
2023-01-20,369.1331481933594,369.46668683210424,362.38381825231227,363.1980704645539,3863400
2023-01-23,371.3796691894531,374.1362952917422,369.2116230864147,369.5844103779035,2743900
2023-01-24,372.7922973632813,382.5925429210399,368.0932677483706,382.5925429210399,2756200
2023-01-25,375.1271362304687,375.2938905908138,367.975589579685,367.975589579685,3501900
2023-01-26,370.074951171875,376.81446228776866,365.9154924199525,376.1277755730738,3718400
2023-01-27,366.9258728027344,373.29259562978336,366.28822454306976,369.0448505092371,3405600
2023-01-30,364.0711059570313,366.6413380449447,362.3837736793104,362.4426316707939,2688600
2023-01-31,363.56103515625,365.405332269141,360.04901492520577,362.9626055901573,3137400
2023-02-01,366.9749450683594,369.6236749307568,360.02943133679287,361.56961892298654,2951900
2023-02-02,367.8186340332031,373.2435995849226,365.7192654417647,372.3116312965837,2761600
2023-02-03,366.80816650390625,371.03630238318254,363.4531108954459,363.7572205340616,2739600
2023-02-06,365.8860168457031,367.2201713933158,362.0404579686858,362.9724261732273,2068300
2023-02-07,367.9363708496094,369.9082038985893,361.834507972409,364.4538090365456,2309100
2023-02-08,363.3157348632813,368.6524122011645,363.1097318970078,366.08218016214266,2193600
2023-02-09,363.3844299316406,367.4556007961381,362.2366391885992,366.2097034184702,2287600
2023-02-10,359.86260986328125,363.2176653465371,356.0269007015681,362.6192657373808,2270700
2023-02-13,363.78668212890625,364.0908217327174,360.0981174899893,361.55980781546174,2286400
2023-02-14,362.93316650390625,366.31765099870336,360.74554110803,362.5603792334134,1841400
2023-02-15,362.6192626953125,362.77619739237485,358.07719773928227,359.3230652360868,2203300
2023-02-16,360.5689697265625,365.9939351153883,357.96930818181704,357.96930818181704,2792700
2023-02-17,354.2708435058594,359.73505630015524,352.9660882378803,357.1451850523389,2718900
2023-02-21,349.19903564453125,354.89868052952124,348.4436714814634,349.9838587405173,2730900
2023-02-22,348.2278747558594,350.94525195396324,346.50129375429447,348.61045171901304,2109300
2023-02-23,348.7772521972656,350.9452682570302,344.9807616968188,350.9452682570302,1975500
2023-02-24,346.4130554199219,347.27634604196203,342.95010322329244,344.1567521524549,2016100
2023-02-27,348.7282409667969,351.22979585046374,348.08077301077753,348.8852056171603,2200800
2023-02-28,348.54180908203125,351.0041150485161,346.53072778668167,348.07091518259614,2732900
2023-03-01,346.7857666015625,348.56138581204027,342.7538446189238,347.2762698075053,1968100
2023-03-02,348.8164367675781,349.8464814649613,345.01012732081597,346.91328204419705,2526000
2023-03-03,354.6338806152344,354.8202742614924,350.3076379811507,351.3180735665753,2174900
2023-03-06,359.96075439453125,361.530370985035,354.3984635857029,354.9478249016873,2789400
2023-03-07,353.103515625,362.13857796762943,352.7209086833586,360.19620407297384,1660800
2023-03-08,352.2108459472656,354.8301470955548,350.49408416551097,351.7988099469467,1634400
2023-03-09,347.70794677734375,357.10597588876624,347.1880145290804,352.42658565439643,2414700
2023-03-10,340.51715087890625,346.3443318674128,338.6728838120092,345.71650327692373,3176400
2023-03-13,338.1627197265625,343.2148968777354,333.7481907703636,337.10324594976856,3308200
2023-03-14,346.1186828613281,349.34617233989536,341.93958604582474,344.3332440404574,3413300
2023-03-15,341.4687194824219,341.7826487384588,337.11307829116157,339.4772775424715,3082600
2023-03-16,341.3902282714844,342.06712508464403,333.8168576421971,340.03643464516506,3768100
2023-03-17,343.01873779296875,345.25543142464784,340.2719016189089,343.5975280377955,8426800
2023-03-20,342.6851806640625,347.1193190451261,340.7427771133351,341.3902449635776,3864200
2023-03-21,347.8354797363281,349.43452511149775,344.1664950912454,347.63926646236604,3766800
2023-03-22,344.36273193359375,353.16236198387645,344.36273193359375,347.8747222495157,2596400
2023-03-23,347.6393127441406,353.02502953265997,345.157367181601,345.7165481426895,2598100
2023-03-24,344.9512939453125,345.7262974035341,339.7323325802282,343.7937135491447,2971500
2023-03-27,347.8845520019531,351.09246271012006,347.55101335405396,348.81652023721927,2420300
2023-03-28,347.6000061035156,349.14019343217035,346.09906741591885,348.8066548280312,1695900
2023-03-29,352.70123291015625,353.19173611448923,349.06170751662864,350.5920751191124,2327000
2023-03-30,352.4364013671875,355.7031398079508,351.435755586566,354.094304731215,2480500
2023-03-31,356.5075988769531,356.7430308720792,353.5351501867085,354.27090510942196,3376600
2023-04-03,359.5093994140625,359.69579301618444,354.87904822996467,355.722699323411,2978000
2023-04-04,356.9883117675781,362.1091676468272,356.4781990903539,359.8332250476172,2198700
2023-04-05,357.44024658203125,358.7568539934069,355.29827453913305,357.135659866671,2239600
2023-04-06,355.1607360839844,355.7207942358618,349.7567356361872,354.9052646494627,2357600
2023-04-10,353.85400390625,354.63019337868735,351.33865946236716,353.4314864892634,1559100
2023-04-11,357.7743225097656,358.8158184131585,354.85616097311276,357.0767235521899,3033800
2023-04-12,355.46533203125,362.16629995689226,354.72842286014327,359.69026595163075,2268800
2023-04-13,363.1979675292969,363.29622808424654,357.0472525902811,357.4697399931619,2611700
2023-04-14,365.9294128417969,366.87267810957337,362.66735459011505,363.5418344766124,2254600
2023-04-17,366.2536926269531,367.5703000794736,361.95997332632857,366.8431959751632,2432700
2023-04-18,365.8214111328125,367.4229653728579,363.50258775893707,367.4229653728579,2087800
2023-04-19,366.2929382324219,367.61938061031987,364.6815792581275,366.47962427001016,1795300
2023-04-20,368.4545593261719,368.6412453683565,363.237245164906,364.966534825181,2124800
2023-04-21,368.69036865234375,370.84214572431114,366.7449477272128,369.1620012930864,3537800
2023-04-24,368.1893310546875,371.048542407679,367.0986898241033,368.60198342362327,1886300
2023-04-25,362.0975036621094,368.0418921359827,361.89117749619066,366.9807561549193,2245000
2023-04-26,360.3583984375,365.7230884905179,359.70007975683393,363.18813428499794,2594200
2023-04-27,367.1477966308594,368.4349288596876,354.69893173371474,360.1815225267095,3859900
2023-04-28,373.3967590332031,375.2635894555618,365.02548230525423,366.02766790422777,3107300
2023-05-01,373.2296752929687,375.7842992891677,372.3453904440668,373.8486836826718,1745100
2023-05-02,369.4666137695313,372.2275644544356,364.46546035846114,371.1762334859728,2478700
2023-05-03,368.35638427734375,372.92521587645456,367.7963260207976,370.0955093913643,1970900
2023-05-04,369.5549926757813,370.27226165432006,365.6444809452884,367.9632738322231,2814900
2023-05-05,377.9459533691406,378.42739106609207,371.6379981034844,373.9273458963496,2683100
2023-05-08,378.7810974121094,380.6970430051009,377.0714479782455,377.3072792706204,1719600
2023-05-09,376.2560119628906,379.42964502437286,376.0202106156292,377.17960721954705,2036400
2023-05-10,375.8629760742187,380.0093194171898,371.05831403168,379.2527401674747,1940800
2023-05-11,376.6981201171875,378.9874378566586,372.64020255025014,375.53869368027114,1901200
2023-05-12,375.2537841796875,378.29965119002634,372.1882170844325,377.7789032832676,2044000
2023-05-15,376.7177429199219,376.9633792748172,373.8880073139422,375.2046145779926,1957400
2023-05-16,373.6031494140625,376.9045183995246,370.734132899526,375.92197274675465,2762700
2023-05-17,380.2450866699219,380.7559995060228,372.5124588264418,375.52888053464545,3260300
2023-05-18,385.177490234375,385.177490234375,379.0758908514913,380.35318805434787,3729500
2023-05-19,378.840087890625,385.35436956401225,378.4176005083315,385.1578484636892,3369100
2023-05-22,377.8182373046875,380.6086630549278,377.4743403668778,378.2701998597145,1808800
2023-05-23,367.2263793945313,375.3618549078753,363.9741561992212,374.86074710938345,3979000
2023-05-24,362.0680236816406,363.1586348147635,359.19897757335394,362.92283348542014,2655700
2023-05-25,363.5812072753906,364.5146076687672,358.5407432024492,361.4883802055809,3752200
2023-05-26,367.8355712890625,369.1227035556368,363.59096733361054,364.52439759635246,2691300
2023-05-30,361.0854797363281,370.0561251597441,359.80818255027236,369.7122282296799,3430100
2023-05-31,358.6487731933594,359.3169269695413,351.6039382474886,358.62913307652593,10695300
2023-06-01,364.4065246582031,364.6128508428059,359.66081251794947,360.75145374924693,3389700
2023-06-02,367.2067565917969,369.2602731785438,365.654317842257,368.05173136604714,2501500
2023-06-05,364.052734375,366.2929368325901,362.0974784976254,366.2438215533738,2316200
2023-06-06,373.3279418945313,373.7406241560074,365.3202028792323,366.4403190283061,2758700
2023-06-07,364.9075927734375,373.8585680116565,361.8322205175695,372.669696335699,3714500
2023-06-08,361.1739196777344,363.3158618073481,359.46429999436157,362.9130145285822,2594700
2023-06-09,362.7754821777344,365.6150233268928,361.34097401907496,363.9938291082469,2201800
2023-06-12,368.7591857910156,369.4076694835411,363.4829207301398,364.20018981086776,2407500
2023-06-13,364.8977966308594,370.5965492247369,363.35519281328845,368.759193715553,2444100
2023-06-14,368.2187805175781,371.4808089604005,365.5265853164198,366.4207053665768,2775400
2023-06-15,372.424072265625,372.944820205768,364.0527650207996,366.7547652731268,2558100
2023-06-16,369.9578552246094,376.2166652503339,369.5943181878738,374.9491731619267,5886900
2023-06-20,368.0812377929687,372.8859002991961,367.2264278955204,368.4644449800527,3961700
2023-06-21,369.5746765136719,371.78540387521826,367.1379528939336,367.43270454817616,2301300
2023-06-22,371.2056884765625,371.8738422241198,367.42291218177064,368.5626386075058,1933300
2023-06-23,373.1806335449219,374.4677658531831,366.70566178472393,368.4349515970066,3739700
2023-06-26,370.8323669433594,373.357486301871,368.79849039119,371.4611805240102,3327800
2023-06-27,375.1261291503906,376.1577901357911,372.3946533187025,373.7014258992042,2197300
2023-06-28,373.5932922363281,374.74285369816977,372.0605236305995,374.5365275356435,2012400
2023-06-29,380.9034729003906,381.2375348123009,373.85860762639504,374.2025045896568,2524600
2023-06-30,386.43511962890625,388.27250483691233,381.32590119869946,381.32590119869946,4407100
2023-07-03,387.0836486816406,387.4275456319611,381.8958092135359,384.5093840570953,1304600
2023-07-05,387.8402099609375,388.3511228447488,380.3728578953405,382.0235271983401,2781800
2023-07-06,386.8365783691406,387.88939963228614,383.49106847012,387.5154875827528,2156600
2023-07-07,382.4480895996094,386.1576624992942,382.17258018247907,384.3963540674928,2654400
2023-07-10,385.8722839355469,387.12191050812527,381.7888292022723,382.2512946316675,2148600
2023-07-11,391.4218444824219,392.0712659472673,386.04939603650286,387.3088719000073,2106200
2023-07-12,394.2655334472656,396.7057811412987,392.31726899594514,392.6026276846352,2273400
2023-07-13,394.1375427246094,396.77456522857983,394.0391400879573,396.53842292322986,2354900
2023-07-14,396.0563354492187,397.0206033279007,393.88174802899,395.6725741297882,1978500
2023-07-17,395.7512817382813,397.522409173787,394.6885812543616,395.505290148446,2344500
2023-07-18,391.7760925292969,395.4954845774625,388.8733794371872,393.9998663561778,2676200
2023-07-19,391.8843078613281,393.4389916706603,389.9557420241441,391.6186477295793,1809700
2023-07-20,391.67767333984375,393.3110612112661,389.2079080002216,390.7724410432742,2570700
2023-07-21,391.1168212890625,395.07238570379246,391.04796645787263,392.2779245414034,1868100
2023-07-24,398.2997741699219,398.41784533538635,390.2509060609201,391.1069820670816,3029800
2023-07-25,394.8460388183594,398.36862534492946,394.5705294253778,396.90252500673495,2490500
2023-07-26,395.95794677734375,396.84351058570104,389.4047265502624,392.7797243013224,2572300
2023-07-27,388.1748352050781,398.6934408731003,387.6336655703495,398.6934408731003,3563300
2023-07-28,386.6594543457031,391.6186537457773,382.6448843740159,391.5792866791928,4501000
2023-07-31,387.9582824707031,389.7294100318029,386.17730563626503,387.65325527993895,3578300
2023-08-01,390.7035827636719,390.9298758390713,386.06907895913287,387.4663245922822,2344200
2023-08-02,383.76654052734375,387.88936188787466,383.333592936147,387.56466620861187,2410600
2023-08-03,386.7086791992187,387.1317775824275,380.22434364432246,381.34604982634977,2190500
2023-08-04,385.0752258300781,389.73921658379624,383.81575013999833,385.3310366543823,2215800
2023-08-07,390.5068054199219,391.3727008006991,386.6988596220609,386.6988596220609,1559800
2023-08-08,386.88580322265625,390.0246588628365,383.87486803619424,389.8278535450737,1747000
2023-08-09,387.3580932617187,390.4280638420446,385.58693559964905,387.54501926491264,1806100
2023-08-10,390.7724304199219,394.2064635460872,389.3653356467583,390.10331044658903,2154500
2023-08-11,388.6470642089844,390.3099698474707,386.51184388257593,389.4047075360213,1464600
2023-08-14,392.1893615722656,392.8289638316514,388.28301329427353,390.09353811246154,1638500
2023-08-15,388.12554931640625,391.1167854813409,387.27932261770906,391.1167854813409,1753200
2023-08-16,388.046875,392.79945014799904,386.81691683950186,387.13179333537545,2002000
2023-08-17,386.3249206542969,389.8573567697088,384.7210504621262,389.7885019365131,2118600
2023-08-18,385.8821411132813,387.5253482911101,382.5956667010768,383.5698139189406,2001800
2023-08-21,386.8955993652344,388.65687759575263,384.75052979799136,386.9054186099812,1869400
2023-08-22,391.4612121582031,392.37629375761674,387.367908088371,388.66675102008446,2422500
2023-08-23,394.6295776367187,395.4758043889898,391.97285624001785,392.86826930293154,1943200
2023-08-24,391.2939758300781,397.522470635264,391.1266883106867,395.15110773922,1970000
2023-08-25,396.4302673339844,398.1325101168133,392.60262333452,394.2261620118276,2154600
2023-08-28,400.90728759765625,401.2615011014974,396.6860631739137,397.5224406512354,1901300
2023-08-29,405.0498046875,405.5811550066869,400.0709365878614,400.88764560064726,2188800
2023-08-30,407.2735290527344,411.081474149129,406.88976774992454,408.12957500113055,2516600
2023-08-31,406.0239562988281,409.6154280652776,405.17772948302655,407.56876090260056,2535100
2023-09-01,408.9069213867187,409.8318521989454,405.8762880786612,407.2046487156481,1841700
2023-09-05,404.9021911621094,408.73965428290006,403.1310635765976,406.7225350867187,2045600
2023-09-06,406.5552062988281,406.75201157869,402.3340123087,404.1936930818346,2292100
2023-09-07,407.97222900390625,409.45802818666294,405.1285811298586,405.3155371870907,2502700
2023-09-08,408.1886596679687,409.6547601453984,407.2243616868181,408.3460979115203,1868900
2023-09-11,410.0089721679687,410.8945359451004,407.991853007376,410.16641039941226,1544700
2023-09-12,409.595703125,410.9535816298397,408.5920681566838,409.28085668264606,1997600
2023-09-13,409.625244140625,411.70142908148824,408.3165819010311,409.49735371868815,2142200
2023-09-14,406.7126770019531,411.88834998735894,401.2418261014479,411.59314204398737,3557700
2023-09-15,407.6671447753906,411.5931613719351,404.5479878890367,405.25641491854225,4755500
2023-09-18,410.4419250488281,411.189749150685,406.41750592117967,407.2440341256291,1808000
2023-09-19,406.8996887207031,410.4124565325748,404.5086571962968,410.27468680115567,1730900
2023-09-20,403.9378662109375,409.18242381533616,403.5049186028654,407.1357569356735,1580000
2023-09-21,396.8927001953125,402.2159623916101,395.6529228646199,401.7928640170743,2450700
2023-09-22,395.7709655761719,400.3267348008048,395.1215441504743,397.9061858710384,1885000
2023-09-25,396.0366516113281,396.7648072123053,393.4291464931437,394.176970613179,1846500
2023-09-26,389.04058837890625,394.42288507336457,387.298948864071,393.58650773876616,2940400
2023-09-27,389.1390380859375,390.6641739766151,385.2031725324252,389.85731433136,1987500
2023-09-28,393.0355529785156,394.91493246214225,389.03080240390193,389.4834185535289,2216200
2023-09-29,389.5621643066406,395.7316231931341,387.92877638164094,395.5840342299689,3032300
2023-10-02,389.5031127929687,390.0049152472098,386.15763297551626,387.28918835120686,2856800
2023-10-03,384.7898864746094,391.4808457832079,382.7334003635011,388.17473319164736,2527900
2023-10-04,387.4466552734375,388.145263074434,382.3496860263559,385.7148646394778,1813400
2023-10-05,388.44183349609375,388.95422689947713,384.30317192358126,384.6874895299689,2116600
2023-10-06,392.1567687988281,395.1425077417352,384.7958834741836,387.4860166095955,2484000
2023-10-09,388.9739379882813,390.70823891134336,383.88930761350485,388.69802921159425,2475100
2023-10-10,394.521728515625,396.8374077155857,388.09697799249,389.7622943061765,2713800
2023-10-11,393.9699401855469,399.2122377271484,391.55571550744463,397.3596942296046,2055600
2023-10-12,394.05865478515625,399.4191951122546,391.5163540761097,397.9016814717653,1779000
2023-10-13,392.2159423828125,396.2659229176142,389.3090212427727,392.984547656831,2235600
2023-10-16,395.3002014160156,398.5224252267956,392.95496160905986,394.3936267576029,2202100
2023-10-17,395.9012756347656,397.7143948752607,392.62979421811326,393.8024141186633,2176000
2023-10-18,387.4663391113281,395.50714889439735,386.8258397318909,393.28015128682864,1951400
2023-10-19,382.2043151855469,389.0626409165219,379.8689389714521,388.096975181433,3472800
2023-10-20,378.7948913574219,384.293370552243,378.55840668248914,382.2043423988572,2652500
2023-10-23,378.065673828125,382.19444204889544,375.4346617855936,376.7255239649915,1771800
2023-10-24,381.25830078125,383.74147960900393,378.2626984933092,379.86889343788073,2003300
2023-10-25,380.6671447753906,382.9532636166054,376.65658828677607,378.39088948656746,3504500
2023-10-26,359.26434326171875,370.0642395063033,357.73699651030506,365.6004115001388,6920100
2023-10-27,358.7618408203125,362.91036666218633,354.5147997439549,361.1366413643969,3624900
2023-10-30,366.98004150390625,367.7782073568498,359.3925040530887,361.16619926589544,3386400
2023-10-31,370.8526306152344,372.16318996426753,367.659937112848,367.8668912772785,2978800
2023-11-01,372.3011779785156,374.8434786015712,369.5617867333535,373.138768014758,2354700
2023-11-02,377.0999755859375,377.4448690826284,372.96131376925047,374.7448723435584,2816000
2023-11-03,380.4108581542969,382.76596125535184,378.12476983460107,379.376207798113,2269100
2023-11-06,380.5193481445313,382.578815817456,378.5978198483417,381.44561993049064,2020500
2023-11-07,383.189697265625,383.8991812917941,378.6864449060766,380.36162471202647,2324200
2023-11-08,384.0076599121094,385.6532493638275,381.3470868126008,381.45546560694294,2838400
2023-11-09,382.2929992675781,385.7320407413295,381.61307579959936,385.2491777990325,2657100
2023-11-10,388.61920166015625,389.3188220999399,381.090786536195,384.34260068861306,2807000
2023-11-13,388.5897216796875,389.8510234717477,387.2791321963037,388.5897216796875,1614600
2023-11-14,391.8414611816406,395.81259316825646,390.9546136301107,391.3783253388034,2733900
2023-11-15,391.033447265625,393.4476718745907,388.9937068381128,391.66411314962426,2434600
2023-11-16,391.2994995117187,394.1078750966346,389.7721225793878,392.1962105972492,3060600
2023-11-17,394.4527893066406,395.26081874994213,392.0977157728795,394.1276228618911,2365500
2023-11-20,398.4928894042969,399.28122178055247,392.4425925345373,394.866650688937,2768300
2023-11-21,402.9764099121094,404.35595385993673,399.76401966289495,399.7935802449269,2567500
2023-11-22,404.3362121582031,406.819421246435,404.1588486724155,406.23804310626366,1967900
2023-11-24,406.4745788574219,406.93771473196193,404.5333536052185,406.46471530525974,1053500
2023-11-27,402.99609375,406.691316742033,402.2866097326576,404.9964399268151,2665900
2023-11-28,403.0354919433594,404.64168691201274,401.5081151618707,403.1044465802035,2645000
2023-11-29,403.833740234375,406.0607078208277,403.43958907435024,405.00636023391775,2151400
2023-11-30,407.7851257324219,408.1103222257704,402.80890367524296,404.1096295050283,3203500
2023-12-01,408.3073425292969,410.5146428304214,405.5581182935316,406.8588439951547,2171400
2023-12-04,402.2669067382813,408.7902021520099,402.06981615290766,407.7850822671265,3097900
2023-12-05,402.72021484375,403.0749418428345,398.41405280908606,401.1435802358322,2755600
2023-12-06,404.3855895996094,407.7753439710228,401.212622893989,405.42024023482566,2224200
2023-12-07,407.1150207519531,407.52889895085013,404.0011759607603,406.0508097819055,2363000
2023-12-08,406.1395263671875,407.62747921455673,403.2523324933814,406.19864753327334,1959300
2023-12-11,409.63763427734375,410.09093661904336,406.3562894704422,406.4351076631976,2236000
2023-12-12,414.60400390625,414.85035209633094,408.6423897350111,410.90878105503566,2736500
2023-12-13,418.4765930175781,420.1419091993343,413.0273722196531,415.6977781977695,3694200
2023-12-14,412.446044921875,419.6295674977007,409.8248962303756,418.8018410801437,3989700
2023-12-15,412.4559020996094,413.1358255877744,405.5877125714149,406.5928024761004,5566600
2023-12-18,418.2302856445313,418.8806485427568,413.4018666299765,413.4018666299765,2686900
2023-12-19,419.255126953125,420.44744396644086,416.34820580986303,417.85585577487075,2256200
2023-12-20,413.3230285644531,421.36380747719176,413.11607442146334,418.87076485640097,3058300
2023-12-21,417.2547607421875,417.7080330438724,414.4660820700952,415.628868515345,2213600
2023-12-22,417.9050903320313,420.9302534296109,416.7817281113789,418.5455896343568,1759000
2023-12-26,417.4814147949219,419.50145817065373,416.7719307182904,418.79197409402224,1258200
2023-12-27,418.1613464355469,418.8018759236774,416.7818022915097,416.82122643042703,1324100
2023-12-28,420.0926513671875,422.1028309588432,417.4912000295614,417.5798817699168,1505000
2023-12-29,420.2799072265625,422.09302643239505,418.07260682971184,420.44740716812265,1706100
2024-01-02,415.7274475097656,418.0825210308561,413.4314650883233,417.8952939639812,2463700
2024-01-03,412.6529541015625,415.185420950248,411.4015160044759,415.047481588207,3093700
2024-01-04,413.6383666992187,417.2646354248442,412.1701409015794,412.386928542395,2042600
2024-01-05,413.29351806640625,416.5847268609851,410.8989903795688,414.34786565237846,2415900
2024-01-08,416.471435546875,416.5701060400525,411.09256842398696,413.9645845646866,2125400
2024-01-09,417.0834045410156,418.1690512140964,413.0764060088109,413.6290933843424,2439300
2024-01-10,422.6793518066406,423.8636990521626,418.6131391131247,420.4389952336369,2709300
2024-01-11,421.1495666503906,426.1533897226648,420.211955973227,424.3867480821563,2320600
2024-01-12,423.49847412109375,425.4822148166312,422.1167559423321,424.33738412508393,1892400
2024-01-16,422.75830078125,424.1202910018983,420.9521728384946,421.86017635866017,2398000
2024-01-17,421.84039306640625,424.7617442424304,419.9257157777374,419.9257157777374,2690400
2024-01-18,425.0973815917969,425.590854590946,421.8700790202741,423.0445471677852,2075700
2024-01-19,431.0782775878906,431.36450036452896,423.73539685467347,426.9034851174012,2400200
2024-01-22,434.0094604492187,435.1839284822557,431.5519747911291,433.249522947512,2715500
2024-01-23,433.0324096679687,434.84838658072937,432.144134227849,434.52267755423225,2328600
2024-01-24,432.9731750488281,435.1740451126199,430.07155171560095,432.8053809946708,2725700
2024-01-25,431.0979919433594,432.9041199532063,428.7885419648544,430.30844720717346,2977800
2024-01-26,432.805419921875,434.1476821182637,425.0480389670207,426.9034721115093,2725400
2024-01-29,434.8286437988281,435.2036880878705,428.99581959971414,430.09131517320026,2314200
2024-01-30,439.37847900390625,440.3950321487242,434.3055622584645,435.14447235720576,2663600
2024-01-31,443.36572265625,455.9690111029146,440.7897781653085,444.12566016517655,4740500
2024-02-01,454.9031677246094,455.1202970513594,448.1228233425919,449.0604340988307,3292700
2024-02-02,454.5675964355469,457.7850501823871,452.5147619131231,456.17632330896697,2050300
2024-02-05,450.79742431640625,455.3472305126341,449.5834700019685,453.5115255738833,2438800
2024-02-06,454.4885864257813,454.5478007701771,449.4156700484171,449.4156700484171,2201900
2024-02-07,455.8802185058594,456.2058974248605,453.6201037918188,455.18934427631655,2544300
2024-02-08,452.27783203125,454.7353176529129,451.4784082719332,453.99510823730856,2081300
2024-02-09,451.9028625488281,452.998358207973,450.4125643740099,452.0805056093592,2155400
2024-02-12,452.7219848632813,453.4029800032455,450.1263121006931,453.18585068152936,1794500
2024-02-13,454.4491271972656,455.8506037094877,450.086842931482,450.79744522571286,2407700
2024-02-14,459.1174011230469,459.37401671502835,453.44246175934023,455.969041049124,2202700
2024-02-15,465.1278076171875,465.946959365001,459.1567976750233,459.74894104973424,2354100
2024-02-16,462.0190124511719,467.980174423304,460.9728521535752,467.980174423304,2237200
2024-02-20,445.8528442382813,449.8993287599122,444.2441174798436,446.8891254644254,5044200
2024-02-21,453.0574951171875,453.6003334238456,446.0995386962635,447.3924353922412,2895800
2024-02-22,465.4041748046875,466.33190629765136,455.5544445441036,455.7814529287042,2572800
2024-02-23,467.2399291992187,468.96708447974527,465.70026592520173,467.5458800108047,1764100
2024-02-26,468.3157348632813,468.8782711671809,465.83849087746256,466.8254368327114,2066900
2024-02-27,468.5525817871094,468.7993182704096,463.8152533554251,468.35518055278936,2011100
2024-02-28,472.59912109375,472.8853438810379,467.48674779387983,467.9802208178643,1931900
2024-02-29,468.5624694824219,472.14508810475184,465.88782426854567,471.7601647265246,3072500
2024-03-01,470.4080200195313,471.266658116819,467.71364692183687,468.7104718996619,1748300
2024-03-04,462.3743286132813,470.4080836271091,459.68983424954735,469.460623886733,3212400
2024-03-05,461.41693115234375,463.1144792860812,458.5547940982696,461.268895292843,2015100
2024-03-06,465.4436950683594,467.4373149546037,461.06165283830256,461.06165283830256,1917100
2024-03-07,461.4367065429687,467.09188742103794,459.8082517893761,467.0228240968293,2178100
2024-03-08,463.13421630859375,465.4633940427918,461.0024096716413,461.0024096716413,1596900
2024-03-11,463.0355529785156,463.2428031890278,458.6239034967035,462.87763801648754,1774500
2024-03-12,466.6970825195313,468.1775013048378,462.5913841406441,464.3876328287567,1853900
2024-03-13,469.40130615234375,469.94414444701823,466.6082626201876,468.03934616527795,2103900
2024-03-14,473.2208251953125,475.7079179900253,470.9508315815175,474.74070017692674,2757700
2024-03-15,469.6184997558594,472.2141725429283,466.9043982684104,467.16101386536826,4179300
2024-03-18,472.6385803222656,474.5433788572346,470.4278008202692,472.3918438243929,2072300
2024-03-19,477.6818542480469,478.2838768385397,473.2504764366587,475.3329179969286,2049500
2024-03-20,481.6691284179687,482.0737798873538,477.3265720945993,477.99768813783254,1691100
2024-03-21,482.26123046875,483.6034623560339,477.0896137780112,482.1526507641979,2580300
2024-03-22,475.38226318359375,482.5080140603423,475.1749828508009,481.93556854958086,2277800
2024-03-25,469.8257141113281,476.02373288735504,468.21698754564903,475.3131306656807,2600300
2024-03-26,470.5758056640625,473.7340446762506,466.14442809263056,471.4838091688064,2515100
2024-03-27,471.7107849121094,475.8658185412077,468.55254611860727,474.22748480250823,2309400
2024-03-28,475.2835388183594,476.1322978253699,471.0495325227416,471.67131325165303,2214500
2024-04-01,472.1548767089844,476.9711771545946,471.0988374475091,474.3853839118767,1648200
2024-04-02,473.1715087890625,474.1387267022403,470.0823630210816,470.7436300868748,3265100
2024-04-03,471.187744140625,476.99096097032515,470.9804638073073,474.1683100378628,2265000
2024-04-04,463.6375732421875,475.66844639697615,462.8776357279339,473.70443365751095,2552600
2024-04-05,470.9212036132813,473.05301025140585,466.3615186314023,467.81233022738166,2462700
2024-04-08,473.253662109375,474.0739485870187,468.737064689544,470.83228331766304,1961800
2024-04-09,466.641845703125,473.2932027090223,462.36243374307105,472.38394152497494,2217200
2024-04-10,463.6867980957031,468.8457928797044,463.370530714397,464.6751110415967,2710500
2024-04-11,462.8368225097656,464.85298931753545,458.76497809317016,462.8071743285154,2299900
2024-04-12,459.9410095214844,464.0326087749372,456.70920740584165,460.5537586235207,2486300
2024-04-15,454.4164123535156,465.4953918982233,453.07229107964423,464.7442644169153,2070500
2024-04-16,454.4460754394531,457.9644671868923,453.6356515684012,454.6239645347811,1787200
2024-04-17,454.7820434570313,457.9940602109268,452.7955249823601,457.3615255113823,1735000
2024-04-18,449.3858947753906,456.511622451615,448.49638902264167,455.11809762134715,1998900
2024-04-19,450.0678405761719,454.4855704276868,447.3005462700496,453.5269358381369,2548800
2024-04-22,451.4119873046875,455.35534673769354,449.8109249833443,452.1532220950072,2157400
2024-04-23,457.4110107421875,457.5691444348751,451.9653966887563,453.1217361211331,2029100
2024-04-24,457.0947265625,462.6786885412964,454.9698598117442,459.8521280607662,4043100
2024-04-25,456.7092895507813,458.577215530939,451.38229835576954,455.552980272423,2006500
2024-04-26,457.0157165527344,459.3876617507668,455.55300243616995,457.4999802774093,1963300
2024-04-29,451.75787353515625,456.1953892065419,450.3544558192541,455.56288457693626,2120700
2024-04-30,445.92681884765625,452.37060847781765,445.6105514623811,450.9276800037621,2698800
2024-05-01,436.9035034179687,443.73274937129673,433.2566262999541,440.589891337252,4979100
2024-05-02,435.9448547363281,439.4632464775847,432.9304820976153,437.8226433369667,3866500
2024-05-03,438.3958435058594,440.0562321781563,431.7939202623386,439.7103166147229,3711500
2024-05-06,444.1181640625,445.2349624677995,440.3526943177655,442.0031901353416,2536200
2024-05-07,447.7651062011719,448.0022916807137,442.29973626331065,446.48031130575936,2345300
2024-05-08,449.4550476074219,449.791070374809,444.66175416121155,448.6940575307731,2332400
2024-05-09,450.1666564941406,450.7003539328498,448.24932695592406,448.24932695592406,1970100
2024-05-10,451.6392822265625,453.22055888602335,449.6626562413175,451.9851676452452,1729900
2024-05-13,452.41015625,453.35892825918654,450.1864520603665,451.58983959215425,2069300
2024-05-14,448.8917846679687,453.6159196857618,444.0490267528885,452.5683102999568,2991000
2024-05-15,452.6473388671875,453.2403326795465,447.4982367543886,447.4982367543886,2437800
2024-05-16,453.5072021484375,459.4963767884624,453.4577985605541,454.6240007150718,2412200
2024-05-17,454.8907470703125,456.2941645957006,452.7559876834641,455.0686663065693,1985900
2024-05-20,454.2879333496094,456.818012083909,453.41821312952186,454.11004425756903,1397200
2024-05-21,453.7344970703125,455.00942926496504,450.305049808763,452.558402206262,2166000
2024-05-22,451.1846008300781,457.0947229162003,449.8504025243533,453.5367903921287,1713700
2024-05-23,445.9367065429687,452.6967639385253,445.1757163802203,451.18464623374183,2084600
2024-05-24,445.9070434570313,449.13884620736786,445.05710877074927,447.2215166116636,2162100
2024-05-28,439.8783264160156,445.363481533466,437.2296548769766,444.74083953237374,2670800
2024-05-29,437.2988586425781,439.36442921370224,436.6366756552228,436.9430502753802,1876900
2024-05-30,436.93316650390625,438.9987369750415,435.5198862069587,437.0418664524786,2189900
2024-05-31,441.8450927734375,442.11192642105266,434.12637078515024,437.51627707994606,3917100
2024-06-03,438.0104370117187,439.79928111303536,432.7723902223805,438.29705622424297,2123800
2024-06-04,439.5719299316406,439.68066003734873,436.1622684281188,438.17840508447506,2096600
2024-06-05,441.43988037109375,442.3392488044552,437.1407128651486,441.5782285049624,2157000
2024-06-06,443.4363098144531,444.52346024522535,439.4336538658395,443.2485279145506,1887100
2024-06-07,444.5332946777344,447.705770833951,442.0328640956282,444.1972718906791,1664700
2024-06-10,443.99957275390625,444.9088338976835,439.17660094977555,443.179286313222,1954500
2024-06-11,443.7920227050781,443.9995599641787,439.9079301764179,442.6060351883869,1777300
2024-06-12,437.8226318359375,447.2116047534124,436.4389997539667,446.2133990338505,2738900
2024-06-13,439.7992248535156,439.9474657510586,434.18561501984766,437.82259912383694,2916600
2024-06-14,439.43359375,439.7597237541551,436.0436875549559,438.1586615937398,2161500
2024-06-17,442.8728942871094,444.08853005361146,436.51804936140655,437.2592840617552,2351900
2024-06-18,444.8495178222656,445.9268054560644,441.4793972772909,441.83517545435257,2636500
2024-06-20,447.2214660644531,449.16844362308865,443.11994352880447,445.7884003398391,3006800
2024-06-21,449.53411865234375,449.9788413509557,444.99776616100934,446.9052027771922,5007800
2024-06-24,451.6195068359375,457.6581150405517,449.61323262216155,449.61323262216155,2597100
2024-06-25,450.32476806640625,454.93030981212775,448.4963831642957,453.1217104710568,2299400
2024-06-26,447.093017578125,449.3661253009512,446.11459740817463,447.458688544231,2451400
2024-06-27,437.5755615234375,443.456035679424,436.8343268060065,443.3275501693224,3313800
2024-06-28,436.0041198730469,443.0606582515061,433.59263399916375,439.4434596015973,4105000
2024-07-01,432.4955749511719,437.2987911207187,430.4596528782643,435.6482953784338,3149700
2024-07-02,439.4533386230469,439.56206872910553,429.91612487355263,429.91612487355263,2061300
2024-07-03,442.9420776367187,444.0391206625607,439.0876632775106,440.11551716027174,3192400
2024-07-05,444.23681640625,444.6914621181672,439.0877139394724,441.8846265574379,2220700
2024-07-08,441.0247802734375,445.3437032264014,439.7992818138099,444.0292602167285,1802700
2024-07-09,440.1538391113281,443.0043714670816,438.26336143757726,442.0838861166113,1608400
2024-07-10,429.2068481445313,432.9382959985985,424.6637458177506,430.1669026925838,4760900
2024-07-11,431.9584655761719,433.2946402811008,425.7129452937317,427.5836382095842,4032600
2024-07-12,435.6106872558594,437.7090396098115,432.8492315144062,432.92840037418114,2645600
2024-07-15,439.4609069824219,439.8568116683148,434.2546712564355,435.828412771634,1727700
2024-07-16,438.9957275390625,442.5886223576463,435.20489547272183,442.37087024119904,2846600
2024-07-17,446.5477294921875,446.9040346612758,437.5407540712605,437.8772745772635,2925000
2024-07-18,444.1326599121094,450.774053977059,442.9053463099525,444.16235200875536,3339900
2024-07-19,439.1540832519531,446.6268862214599,439.0353148654823,446.60710155891206,2121700
2024-07-22,443.3606567382813,444.26135732110055,438.71860076830114,440.85652244747774,2111700
2024-07-23,437.2042236328125,444.1524461225154,436.6004440581175,443.4694976916857,2385500
2024-07-24,428.0290222167969,431.40413478388933,424.4756966501354,429.563164292748,3764800
2024-07-25,425.2081604003906,433.2253592960487,425.1685608669995,429.50378850271943,2384300
2024-07-26,433.700439453125,436.27386546189734,427.6924863562221,427.86076172149166,2039600
2024-07-29,436.78851318359375,438.39197705828695,430.9686506601593,434.31407105088454,2248600
2024-07-30,442.8757019042969,444.1426151736063,438.4810898939059,439.2332998251367,2266900
2024-07-31,458.9694519042969,469.15426497492666,452.8625451593133,457.27694181100446,4313600
2024-08-01,457.6827087402344,462.72066919298,454.495626131366,460.7015159971176,2590100
2024-08-02,457.2966918945313,461.9783472949616,453.92154919267574,455.5151056369056,3808100
2024-08-05,437.48138427734375,456.5840661239587,435.0960183537848,450.3484838149127,4496700
2024-08-06,443.7169494628906,450.79387809992227,437.5902283492219,438.6888963588626,2758900
2024-08-07,445.2412414550781,452.2488788912064,444.4494320095197,445.9241899392498,2059800
2024-08-08,450.9225158691406,451.6054642997241,446.4190433654074,447.6166648746601,1585400
2024-08-09,452.1102600097656,454.1095983359372,448.824193678932,450.92251572939944,1760200
2024-08-12,451.0314636230469,453.7731349179242,449.2498771839836,453.0901864016443,1760000
2024-08-13,454.6639099121094,454.9410764461289,450.2396360922642,453.45641107122424,1816100
2024-08-14,455.4557189941406,455.8318390300961,451.4075353016587,454.5649258701154,1654100
2024-08-15,463.9183044433594,464.20534819085145,459.2564638817806,460.3452244708947,2130500
2024-08-16,464.0865783691406,465.4524752671268,461.2756157149281,463.2155699005354,1921900
2024-08-19,462.20599365234375,465.3435692795211,460.76089773656673,464.2053319693287,1690800
2024-08-20,464.3240966796875,464.86849205370726,460.7510168603709,463.34422729428,1763300
2024-08-21,463.2155456542969,464.2943987492054,459.7711114920855,463.75003358761734,2105900
2024-08-22,464.0271606445313,466.0957905051979,461.9288386884709,464.69029417685334,1538200
2024-08-23,461.6715087890625,465.5316323998891,457.17791350589937,465.4920328689701,1986300
2024-08-26,463.8490295410156,465.71969204857953,462.22578103612335,463.3145415936009,1434400
2024-08-27,470.1340942382813,470.63889009534023,463.4333158674039,466.26406314721106,1635900
2024-08-28,466.9767150878906,471.53960216456215,464.0766761087283,470.14401315347754,1445300
2024-08-29,475.8847351074219,476.9933106399643,469.6194604409149,469.6194604409149,1893400
2024-08-30,478.3987426757813,480.7742010926449,474.74646365518635,476.9140773895424,2982100
2024-09-03,477.1912231445313,481.7145107221256,475.1325005306675,477.5376510926277,2063700
2024-09-04,478.2008056640625,481.19982833552393,476.2608212743913,477.1615218398259,2156300
2024-09-05,472.4798889160156,479.2103899939974,468.27333706937475,478.2008284248174,2293500
2024-09-06,471.2525634765625,475.52840684935455,469.8569744504876,472.2324329223965,2116200
2024-09-09,482.1104431152344,484.20876538223575,474.66733144621935,475.5878167454161,2343600
2024-09-10,483.0308532714844,483.337681656818,477.3990209771881,482.1202755490716,2234100
2024-09-11,483.1893005371094,484.10978584428545,472.95501057639854,481.5462671878988,2480000
2024-09-12,487.0790710449219,487.841218550829,478.0622184421406,481.9718490809954,2299100
2024-09-13,488.3162841796875,491.7706258691323,486.4258370082253,488.0589627427258,2204700
2024-09-16,492.6218566894531,493.2256363105685,488.3460434008329,490.2364907152122,1589200
2024-09-17,495.8682861328125,496.6106187579127,492.7604025826341,493.50273520773425,2202800
2024-09-18,489.7019958496094,496.6700030100117,488.9893553212055,496.1553299305613,2193800
2024-09-19,487.9698791503906,496.0068620869427,481.27897818885504,494.8884094486941,3517200
2024-09-20,487.7026062011719,488.4845383234182,482.75372224749486,484.64419954247035,3470200
2024-09-23,492.05767822265625,492.602043408489,486.2773548316855,488.1183554815202,2191300
2024-09-24,482.42718505859375,488.2074788007677,479.4677616547151,487.6432986919896,4143700
2024-09-25,484.4462585449219,484.8916399739391,478.59667413243926,479.80420301598105,3483200
2024-09-26,486.2476501464844,488.58353916136593,484.0008676268105,485.9804212776359,3073700
2024-09-27,488.5934448242187,490.9293036250411,485.37667015328856,486.0101116123488,2177200
2024-09-30,488.7518310546875,489.9296680060337,485.09955180313415,486.7524925501341,2862400
2024-10-01,491.3054504394531,492.9385762433943,488.0688607240275,492.1764589230466,3748100
2024-10-02,490.5037231445313,490.8402436504661,484.673922971527,487.90060518371433,1736500
2024-10-03,489.9098205566406,492.0081425254081,487.95995906574046,490.4838778062581,1382200
2024-10-04,492.6119384765625,493.9481130274445,487.4353948015804,490.4938015698338,1935600
2024-10-07,486.27734375,493.4334410939236,485.73297857657263,492.24569681751086,1990500
2024-10-08,491.9784851074219,492.4436814412566,486.50502026324347,487.4651050285793,1750100
2024-10-09,495.4968872070313,496.28974939633247,491.17570661180446,493.94086415863,1707500
2024-10-10,493.58404541015625,496.2600081771181,491.42347027740374,495.54642012231176,1491000
2024-10-11,497.7863159179687,498.4404408434374,492.0478797162589,492.0875318999778,1919900
2024-10-14,502.1470947265625,504.2581272847413,497.5781410720401,499.8675630798742,2127000
2024-10-15,502.7120361328125,505.33842613061785,499.51079534559864,501.11636091988896,2885900
2024-10-16,509.4911193847656,510.80928984063894,501.4929926579007,501.8398812118545,2956700
2024-10-17,509.1838989257813,512.4346521882172,506.9638302585557,511.69133251184047,2227400
2024-10-18,511.7408447265625,513.3860320353582,508.01432639839953,509.9568294266764,2604600
2024-10-21,510.42279052734375,514.198852252134,509.36231381047185,512.3851352136323,2217500
2024-10-22,508.4504699707031,509.9668105657971,505.9528966475994,506.59710094677575,1855800
2024-10-23,509.1541442871094,510.1353165951298,507.34045755929054,508.0936676082003,1759700
2024-10-24,506.07183837890625,508.7676424512185,504.9221670158112,507.3404360475363,1911900
2024-10-25,502.8408508300781,510.1452002512729,501.1163589601037,507.93508256636386,1582200
2024-10-28,503.6832885742187,506.309678576236,501.63174936253193,502.8805057857862,2186400
2024-10-29,501.7705078125,506.83500821498654,501.195687243661,503.0192945342168,2066300
2024-10-30,509.1145324707031,511.8499586514006,502.4841183123647,507.95497067375953,3121000
2024-10-31,495.1400451660156,523.1979099812398,494.58503562121393,516.6071187066543,5523300
2024-11-01,503.5544128417969,506.00241324976565,494.08948876915633,495.9824796328348,3753700
2024-11-04,501.0767517089844,505.4573957805485,498.549476828384,504.6050703762147,2165100
2024-11-05,501.0569152832031,503.6238422195216,499.12427206392545,501.07672625238257,2132900
2024-11-06,516.4882202148438,518.3415589994793,511.3444459190701,516.220605788862,3673700
2024-11-07,513.26708984375,519.3623341159984,511.9886020438456,519.3226516936307,2382300
2024-11-08,520.0859985351562,524.1296751163036,514.9026012415552,515.7053841922994,2215600
2024-11-11,525.398193359375,529.2734006952671,523.8124688252818,524.1394859470987,2213400
2024-11-12,524.45654296875,526.171174591166,522.6032043323914,524.3871592160278,2577600
2024-11-13,517.2315063476562,525.7747212964134,511.8201179764109,525.2890955114625,2681500
2024-11-14,515.7647094726562,517.7072126165515,513.0392043141068,515.9827208494188,2480400
2024-11-15,517.2415161132812,518.7281555437991,513.3861500055083,513.9114583068844,2408100
2024-11-18,516.9837646484375,518.827182818866,512.394999945006,513.9708641819894,2493400
2024-11-19,514.8331298828125,517.9947185937325,512.1571670050747,514.1591939825282,2716000
2024-11-20,507.9747009277344,517.8460073617542,506.4484397356103,516.8846763457328,2409400
2024-11-21,510.5119018554687,515.4872073101716,507.02326591865693,508.6585630688577,3077300
2024-11-22,516.2206420898438,517.0631073639705,511.5823344985303,512.3256541860775,3130400
2024-11-25,521.909423828125,523.544751080633,516.3791697747558,516.9936424473525,4503900
2024-11-26,523.7727661132812,525.9234812999106,520.3832452702705,523.1979757745471,2326800
2024-11-27,527.6380004882812,528.8669459067604,521.8896742290858,524.3376444592006,2086300
2024-11-29,528.1929931640625,530.9978026933572,525.3089397655639,528.2623769182433,1760600
2024-12-02,526.6271362304688,530.05633961986,521.5428245495724,528.1831594234217,2355100
2024-12-03,521.4932250976562,530.0562817828635,521.2752137080246,529.9075936597462,2319400
2024-12-04,516.4981079101562,521.5923393372698,513.5545308864456,518.9758398698609,2630000
2024-12-05,520.0957641601562,522.7716662042284,517.5188867034371,519.9272348380027,2538600
2024-12-06,523.8619384765625,526.2702867671944,517.8459978076443,518.272160460735,2122700
2024-12-09,518.1632080078125,526.8551122787704,517.2315782427867,524.3079962138435,2942000
2024-12-10,524.2980346679688,524.9422087211548,515.586289861542,517.8559311870692,2003200
2024-12-11,529.6895751953125,531.1167512904516,522.5735359335025,524.4764172298528,2181100
2024-12-12,527.6676635742188,531.969032718656,527.2315803452504,531.513108277439,1860400
2024-12-13,524.2881469726562,529.9175474165194,524.198921994903,529.4120803561083,1608200
2024-12-16,525.5863647460938,530.2345919060139,524.2880357351053,527.2613138205595,2923000
2024-12-17,526.2802124023438,527.0433732373702,520.194887918989,524.6845674668388,4055800
2024-12-18,515.3287353515625,532.3457851346016,515.0809621028633,525.596444259695,3190300
2024-12-19,518.619140625,524.5061745934308,517.5487433164161,519.4912467565543,3050500
2024-12-20,523.3267211914062,527.340634633757,514.7933668462614,518.21264884956,7317100
2024-12-23,524.2484741210938,524.6845573767934,516.4882004875886,521.1463487890381,2270300
2024-12-24,530.9384765625,530.9681778982406,523.1286585337474,524.5558349372635,955000
2024-12-26,531.3743896484375,532.9105712766141,528.1731190067864,528.876816619725,1109600
2024-12-27,527.4595336914062,532.7717759110252,526.071979749918,528.8569477467869,1541800
2024-12-30,520.8688354492188,523.8619552148228,516.6864526562952,522.3059321806548,2101600
2024-12-31,521.8797607421875,524.476419127369,520.8787473014294,522.9699386627424,1942600
2025-01-02,517.7469482421875,525.8342395819188,513.0491171460578,524.4764471663726,2818800
2025-01-03,516.7161865234375,519.7886108481666,513.0689718631454,517.8758087853552,1627500
2025-01-06,507.3701171875,516.716114799362,506.4583287718678,516.3295740990443,2920800
2025-01-07,506.8448791503906,511.73098990414366,506.52772217834007,509.1045696461822,2211800
2025-01-08,511.8003845214844,512.8410199412716,506.97373681686696,507.47917361568295,2456700
2025-01-10,500.91204833984375,509.9343571037198,499.6117752315587,508.3065546288382,2815500
2025-01-13,501.1502380371094,502.3809947989354,496.19740530331114,497.26934985549315,2885500
2025-01-14,505.2296447753906,505.5969150674133,500.45546417276296,503.2941833445145,2704800
2025-01-15,518.4603881835938,519.8698580209353,509.90458034693296,511.73090576541216,3024800
2025-01-16,519.2445068359375,523.1948507932843,516.8424834966418,519.7209131799532,3275600
2025-01-17,520.7928466796875,524.1972980007326,517.1303217492389,520.6737451031412,2374800
2025-01-21,524.1278686523438,526.033554663785,522.9864077429253,523.7308229671548,2706900
2025-01-22,523.25439453125,526.3511568869269,521.7556289168001,524.0682957450791,2037600
2025-01-23,530.241943359375,530.3709801709678,524.7432183463046,525.1104583237109,2196500
2025-01-24,529.5173950195312,532.0682649672572,528.1874071592616,529.0211182339191,2472900
2025-01-27,543.5620727539062,543.9094422846509,527.7010248936017,529.6067714401952,3074600
2025-01-28,543.2841186523438,547.4429206189662,538.6191046617573,542.4702174386105,2727800
2025-01-29,544.7134399414062,546.5099596541564,542.430578625083,542.9268554582258,2549000
2025-01-30,561.7952880859375,572.6438919588803,550.4007918343025,550.867262960252,6005200
2025-01-31,551.2940673828125,561.3287702601145,550.5099718071679,559.6216070582553,4505100
2025-02-03,559.7505493164062,560.7927183582858,546.9664555983524,548.5247718376286,3195500
2025-02-04,554.9465942382812,567.7406238858363,553.4280188266838,566.6289687694358,2638900
2025-02-05,562.0731201171875,562.6488181306777,555.631457361169,557.1699032259049,2404700
2025-02-06,562.9366455078125,565.5073858612069,560.3361600498224,561.9143468519027,1738400
2025-02-07,558.5595703125,565.8051998903359,557.5968223442135,563.8300278063934,2008300
2025-02-10,561.2791137695312,563.0458882191015,556.8225578921418,561.0409106034459,2357700
2025-02-11,560.4950561523438,562.2121545745392,555.0558209760516,560.7828749007156,1847800
2025-02-12,560.395751953125,560.5446592290111,555.2742019080926,557.8250719917937,1722200
2025-02-13,562.093017578125,563.1649924111375,557.2890315773867,561.388282724639,1709500
2025-02-14,560.5545654296875,565.0011860497201,559.9292518324127,561.7952573956039,1927400
2025-02-18,564.3758544921875,564.3957249488218,557.3386838106258,560.6935196261551,2064100
2025-02-19,564.2667236328125,566.450353676812,562.430523698463,563.2642348002947,2459100
2025-02-20,559.0856323242188,564.2667331434924,554.877154086366,563.9193636086518,2181900
2025-02-21,553.358642578125,560.5943374983492,552.4355748741133,557.249436257337,2256100
2025-02-24,554.8374633789062,557.2791670482533,552.643898109997,554.2717005562284,1752500
2025-02-25,559.830078125,561.8250601230476,548.574492800313,558.2518911269999,3609500
2025-02-26,557.090576171875,562.4602644703491,555.4329680485986,558.4007541881786,2028000
2025-02-27,560.6140747070312,570.4205081259158,559.8001735679804,561.3584898314567,2436500
2025-02-28,572.0185546875,572.1376562713592,559.8002224678554,563.0756371853113,3205400
2025-03-03,570.6387939453125,577.8943570055218,565.7554480927787,573.0308816071512,3092600
2025-03-04,550.9367065429688,568.9317072598969,547.8994951016804,566.2121202244463,3318100
2025-03-05,554.1426391601562,556.8126106536554,547.2146347130672,548.4652618887029,2795400
2025-03-06,545.725830078125,551.5421796609464,540.6340252407524,544.4156520505479,3133200
2025-03-07,542.6985473632812,546.2816512942087,532.2866698669055,542.9963013250117,3161300
2025-03-10,533.120361328125,544.475176435737,528.0583624231198,534.1427205698596,3893400
2025-03-11,521.8846435546875,534.0434245207725,518.3610905745256,533.1997782370229,4582600
2025-03-12,520.7333984375,528.7433142312314,515.3934545750125,526.5596839301018,2810800
2025-03-13,515.9591064453125,524.5943340713219,513.8548978571743,520.5943143598695,2375800
2025-03-14,523.7109375,524.4751624917191,517.0707522350507,518.7084291435835,2369500
2025-03-17,528.0286254882812,529.5075207868589,517.5968765601361,519.3537159693918,2544800
2025-03-18,526.241943359375,528.624095995129,521.596800242247,528.3759576197654,2363300
2025-03-19,532.0980834960938,533.6166589947755,525.636549898559,527.6117218600631,2804300
2025-03-20,532.3859252929688,536.465306206525,528.5844278961562,529.626597100111,2598600
2025-03-21,531.7010498046875,534.0434618027288,526.8077677398817,531.4529114003018,5973400
2025-03-24,539.6216430664062,541.3983529279454,534.2320838454627,535.3338038925833,2758700
2025-03-25,541.1004638671875,543.1054414136413,537.9640213208812,541.8846199392596,2138200
2025-03-26,544.9813842773438,546.9268110419157,541.0607856436815,543.0657631979514,2681600
2025-03-27,553.4180908203125,557.6463786413917,543.7208232391359,544.9813856349898,2901200
2025-03-28,536.5844116210938,554.4305673576038,536.0683249204154,550.1029874229921,2656400
2025-03-31,544.0384521484375,547.3238020069251,527.0658105144455,528.1972755308931,4741800
2025-04-01,544.4255981445312,547.0459542519795,539.94917160614,542.7283096379797,2714900
2025-04-02,543.3040771484375,545.4380919456695,537.6167635401897,538.8177148074448,2994600
2025-04-03,526.5993041992188,535.9690126746872,523.0757510096887,524.4851601693678,3443500
2025-04-04,486.1229553222656,517.001312905762,484.65399541164135,515.7506857037276,6125100
2025-04-07,481.9046020507813,498.4604187443908,462.1230165205779,474.9368868411421,6009400
2025-04-08,476.3463134765625,501.8053059991289,468.1478114532074,497.2693290018281,3555400
2025-04-09,512.4033813476562,515.4653125388379,467.24015415394433,467.3494936701544,4698400
2025-04-10,496.4078063964844,505.6432627929487,481.2871300058523,503.85381442597384,4105300
2025-04-11,506.7566528320313,512.8804534642193,492.9979275365001,495.33413396544057,3736200
2025-04-14,509.4508056640625,520.3464086189286,505.51403733499126,512.8407551065324,3005500
2025-04-15,514.3419189453125,518.2289324966738,510.3654071814935,510.3853091568739,2210700
2025-04-16,510.4150695800781,518.6563678524913,506.8759767582804,513.0196797686442,2501000
2025-04-17,514.2921752929688,520.9030890593785,506.14031482466225,507.9496347846503,3329800
2025-04-21,506.3291931152344,514.6102949197661,500.5831354775154,513.9640875602583,3345600
2025-04-22,524.2335205078125,525.694859501931,509.73911768535635,512.592260111093,2384000
2025-04-23,526.897705078125,540.7458985789796,524.5217249831044,534.5822938485978,3051800
2025-04-24,532.3157958984375,532.8923464459457,522.1856292431925,525.5855299828818,2209100
2025-04-25,530.3472900390625,533.7670921672034,526.7684541574777,532.3157043830063,2006100
2025-04-28,531.3513793945312,534.6021968472862,527.3848190219484,532.8823751009654,1735400
2025-04-29,536.5109252929688,537.3062154590924,530.2777240886084,531.2023164096117,2041500
2025-04-30,544.8416137695312,545.8456924344174,526.4403007079724,535.367608532847,3783500
2025-05-01,543.4201049804688,549.5837097118765,536.5605986270598,546.770310940638,2839900
2025-05-02,556.1051635742188,559.077595982433,551.7309769916238,552.3672333448641,2632600
2025-05-05,557.8250122070312,561.2348634382962,552.5859390409844,554.5344514631707,2130900
2025-05-06,555.70751953125,562.4178825473448,552.8344754700875,553.2122489088372,2341700
2025-05-07,563.0044555664062,563.8991342464707,555.2104663407055,555.9859152068448,2493700
2025-05-08,563.789794921875,570.500158069865,563.6705044311618,566.1061298572638,2004300
2025-05-09,565.3009033203125,566.2353859728897,561.2845877733093,564.1178886928662,1528000
2025-05-12,574.8743286132812,577.3794895236628,563.103828225213,576.5941503693753,3000300
2025-05-13,573.2042236328125,579.4373642085586,572.4188237709217,574.6059172522145,2370200
2025-05-14,569.9136352539062,575.242145895317,568.9195074173707,574.8743234499387,2237500
2025-05-15,578.78125,579.6162834202069,570.28146896506,570.7586309194638,2034200
2025-05-16,579.85498046875,580.8589987309325,577.0216794019336,577.0216794019336,2225900
2025-05-19,582.9664916992188,584.9945513667883,577.0713207704831,577.6081886480159,1875500
2025-05-20,577.6976318359375,580.5607249549968,573.4626374024643,577.8268733131467,1964300
2025-05-21,566.1956176757812,575.6000900406298,563.7699430212514,573.0750268605947,2505300
2025-05-22,566.7921142578125,569.7943393551463,563.6009417493932,565.3207636568454,1869900
2025-05-23,560.2705688476562,564.2172271334375,559.2068448084208,561.1751984581155,1948800
2025-05-27,571.1761474609375,571.1860984477761,563.1634793696086,563.4915585515389,2655200
2025-05-28,572.5380859375,575.440982903941,569.5756044047565,571.2059886171279,1702900
2025-05-29,574.38720703125,575.1824971603007,569.5756016338601,572.4983398826006,1347800
2025-05-30,582.1612548828125,582.1612548828125,573.1246665470632,573.393100487823,4581100
2025-06-02,577.8069458007812,578.4034589023241,571.4048208521498,577.0912028910263,2089100
2025-06-03,578.5525512695312,579.1093211109081,570.0726723264595,576.4649070713607,2116900
2025-06-04,580.699951171875,583.4039500099599,578.8011328512792,580.7396944453457,1530200
2025-06-05,582.002197265625,583.2448570489472,579.2087004997863,582.8670836206775,1480000
2025-06-06,586.6547241210938,587.6885952452237,582.5986654888552,584.4576797209752,1528600
2025-06-09,580.8987426757812,586.5354305870177,576.594152102492,585.2828197896877,1936000
2025-06-10,586.0781860351562,586.4062652572361,579.7356446843121,581.2169463393217,2133700
2025-06-11,587.2710571289062,591.2177761158006,584.1494812199238,586.8535404350971,2238100
2025-06-12,585.8197631835938,587.2015549567516,581.1274475820652,585.968845974032,1984000
2025-06-13,558.729736328125,571.8621271378258,549.2656192431565,569.4960978665838,5905400
2025-06-16,565.3306274414062,571.6234732758268,559.3360684822642,560.588679192852,3108200
2025-06-17,566.1061401367188,567.9353014787013,560.6881309909068,561.4038739481822,2246600
2025-06-18,535.5665283203125,567.7266037427331,531.023356331071,567.5277660184092,6966800
2025-06-20,529.84033203125,535.1788548208748,524.23349663833,533.7771004650797,8202800
2025-06-23,539.1652221679688,539.9406710258631,524.4720439063567,528.2994119077854,3681100
2025-06-24,554.256103515625,560.8073717629585,549.2456605519145,553.9081223782863,4503200
2025-06-25,546.4720458984375,555.2004561446751,545.3983709201115,552.7350386979759,2889200
2025-06-26,542.6049194335938,545.6866914981905,538.8868909825161,542.3265951874763,3764100
2025-06-27,547.0885009765625,553.4310421546169,542.3464912363223,543.559358887792,3837500
2025-06-30,558.6401977539062,559.3261483867909,548.6591761390141,549.2556285690235,5054600
2025-07-01,561.2944946289062,562.9845240604872,553.76893974036,556.0355802977913,3827000
2025-07-02,558.22265625,562.6663783479959,554.1169036217435,559.6343007227986,2502300
2025-07-03,565.8972778320312,566.314794502804,557.4471918505601,557.4869957941769,1528700
2025-07-07,561.801513671875,567.3984582013076,557.0595045126611,567.3189109855265,2478300
2025-07-08,559.1373291015625,563.2927766697569,557.1291712171065,561.2647774864064,3083800
2025-07-09,562.5517578125,562.86035202606,556.7183003516021,559.4558512250342,2454300
2025-07-10,560.9689331054688,563.4974125112147,558.4702862934563,563.0892953378783,2577200
2025-07-11,547.6893310546875,558.2811784188079,543.3789159269796,557.2857054129812,3221400
2025-07-14,550.5164794921875,556.5390787890067,545.3101145602833,548.0078681732497,2500900
2025-07-15,547.8685302734375,552.3481589743787,546.1663102527457,550.6060811462349,2449100
2025-07-16,553.005126953125,553.005126953125,547.012360629513,549.9191244960869,2424200
2025-07-17,553.0947265625,554.8567331758757,548.0178386797261,550.4766277704188,2722000
2025-07-18,550.1580810546875,553.8313788524281,548.3861707105502,552.7463473081561,2579600
2025-07-21,552.1390991210938,555.5535640677031,549.5408685302818,550.8947579266072,2194400
2025-07-22,556.2305297851562,557.6739778559124,552.7264452148546,553.2938721430355,2010400
2025-07-23,559.5454711914062,559.9436239545169,551.9898040379474,554.4884511049639,2180400
2025-07-24,560.948974609375,565.2693536942949,559.356242285805,559.4557652714619,1874700
2025-07-25,565.6476440429688,567.3798181161651,561.2974318540912,561.8051328101271,1513300
2025-07-28,565.7073974609375,569.062136443335,563.6566648544631,564.8014830510497,2492400
2025-07-29,560.7698364257812,570.4060074099878,560.4512777867768,567.449481876141,2393800
2025-07-30,556.5789184570312,563.0494932361526,552.6966100448701,557.7934271640236,2833200
2025-07-31,563.905517578125,576.8168329851923,559.9634836883527,565.9960471719197,4568300
2025-08-01,557.3553466796875,562.3127823688399,553.5824654345457,561.3073450001751,3316700
2025-08-04,567.2304077148438,567.3398951511414,559.9535032847327,561.735377893113,2984700
2025-08-05,563.4775390625,569.2413668638212,559.5852662005035,567.021420663188,2883200
2025-08-06,566.5535278320312,567.7779401240493,561.416853358441,566.4141470361852,2245200
2025-08-07,558.6793823242188,571.3020346617491,551.3527149125537,570.3761912137621,2979600
2025-08-08,571.7200317382812,573.5516679406965,560.1426764730583,561.1978753693412,2907700
2025-08-11,570.993408203125,573.979827325508,566.8621707802874,572.3969984567499,2116600
2025-08-12,571.5806274414062,575.7018998656558,567.8774973851897,572.5761003501325,2593800
2025-08-13,575.2838745117188,577.643140675398,571.44130253156,574.7164476071964,2352900
2025-08-14,581.1173706054688,581.7544879540832,572.8947533040495,574.8558060928992,2642300
2025-08-15,579.066650390625,586.8910535093047,578.4792945926761,582.3516991056047,2263800
2025-08-18,581.4955444335938,582.8394085220508,578.0611508356178,579.3851467824288,1812000
2025-08-19,582.8594360351562,587.896527244787,581.5752369132094,581.7643792233259,2334500
2025-08-20,589.9968872070312,591.191466871451,583.2575160469974,583.2575160469974,2884600
2025-08-21,589.2404174804688,589.5291435637358,581.2865971714784,586.373450105671,2349200
2025-08-22,596.24853515625,599.0458118803059,590.3951490044634,592.6050699194998,2388900
2025-08-25,590.5245361328125,596.3280997398813,590.1760841417057,595.1136518936315,1984300
2025-08-26,588.9317016601562,593.3018422278158,583.6357785961891,590.3950784025315,4774600
2025-08-27,587.986083984375,591.928179128893,587.1499206487474,588.5336427680312,1480900
2025-08-28,587.806884765625,590.8431260597329,587.0503155549824,588.1453723236469,2159800
2025-08-29,592.5950927734375,594.1281600596383,587.5878952416091,589.3200085182028,2111200
2025-09-02,589.1906127929688,592.9236366262451,583.3471910133215,592.9236366262451,2284500
2025-09-03,590.5941772460938,591.3108885528225,586.2937271291939,589.1507294236154,1959400
2025-09-04,592.9435424804688,593.1924107263465,586.622252579866,590.3453725756294,1653700
2025-09-05,581.5751953125,595.8702334845113,576.4087488738963,592.7742663394478,2432100
2025-09-08,583.9443969726562,587.1199580526369,578.0711431355506,579.9824341504353,1948200
2025-09-09,581.356201171875,588.5036896417964,580.6593579570572,580.8982617429725,2266000
2025-09-10,576.7571411132812,579.4946918135032,568.4150726642607,579.4946918135032,2535200
2025-09-11,586.0647583007812,587.2991350118597,577.3842635203933,578.2503201082902,2407000
2025-09-12,577.782470703125,586.5426819149956,577.3743534974784,583.785202197701,2242800
2025-09-15,580.3209228515625,583.844875160935,578.8675104963064,580.0919227609743,2222600
2025-09-16,583.7651977539062,585.4475493758891,574.2186467210339,575.3932974454298,2537000
2025-09-17,595.9199829101562,596.1788156011738,584.7806380573154,585.0494351993487,2930800
2025-09-18,583.39697265625,598.8964954382448,583.2277592491106,593.3815965779853,3294600
2025-09-19,581.5155029296875,586.2042028101249,578.877535835272,585.9553345507167,6745300
2025-09-22,581.843994140625,584.6910322900201,577.5137109679034,578.3399097974624,3241700
2025-09-23,567.3897094726562,584.2032628122188,565.6775250985502,582.7996726338574,3223000
2025-09-24,566.2349853515625,569.0720590511846,562.3924742171233,568.693835215571,2867200
2025-09-25,564.7318115234375,569.7987957445632,562.0141897206614,562.4422358126074,2700600
2025-09-26,562.5716552734375,567.0811163201213,561.5064918838821,564.0549003059984,2106500
2025-09-29,565.5679931640625,566.7426439057514,559.9634758250638,563.4376665564437,2615600
2025-09-30,566.2349853515625,568.0467534727137,561.0983714902579,563.2485664008659,2379200
2025-10-01,571.1725463867188,572.8648018314459,562.452193433645,563.1191433121733,3685100
2025-10-02,574.7164306640625,577.2150775570534,568.1861303671125,570.1372185158267,2483500
2025-10-03,577.8223266601562,580.579745609773,573.8205056765818,573.8205056765818,2331600
2025-10-06,576.189697265625,578.5091662576665,566.6829427200385,576.607778893241,2573500
2025-10-07,577.215087890625,583.4268296551672,576.2892445379107,576.3688993899523,2120700
2025-10-08,573.8304443359375,580.4304350231564,573.4720886469385,578.6883573163096,1934700
2025-10-09,562.7362060546875,577.5385325955075,560.7027820526249,575.3854381565585,2579800
2025-10-10,555.6889038085938,567.590545303519,554.9014638297116,565.7564909418269,3553900
2025-10-13,557.4432373046875,563.1847410360479,551.2332728145059,556.2072309701146,2996500
2025-10-14,566.0953369140625,567.9792792146965,554.2136512108104,554.2136512108104,2627300
2025-10-15,561.0018310546875,566.8629449655591,557.6028132934044,562.4870343264204,2262400
2025-10-16,548.1133422851562,562.835908479604,545.6313519281664,560.9918156834789,3210600
2025-10-17,559.167724609375,560.9918623450218,550.2365496237853,550.7149880439943,2756700
2025-10-20,564.5404052734375,565.5969973117078,552.0107823963912,559.8954035155114,2046400
2025-10-21,570.1921997070312,574.1294603962912,558.9683663273814,560.353854269722,2722400
2025-10-22,569.5243530273438,574.5780717251852,566.7533160869151,569.2153514109818,1820500
2025-10-23,571.9266357421875,575.136261461097,569.8333460289697,572.5147061455345,2187500
2025-10-24,571.826904296875,578.9539572160456,571.2388339102062,575.3854419532629,1839600
2025-10-27,570.5210571289062,573.8702472256487,564.6599440400785,573.8702472256487,2981000
2025-10-28,564.1117553710938,572.1458575213749,563.6333169983717,571.2388079665792,2916000
2025-10-29,552.7982788085938,564.9889671577062,549.4590050861034,559.8256166092332,3763400
2025-10-30,551.901123046875,561.1114269313426,543.8869759560273,549.7879390750735,4284700
2025-10-31,550.216552734375,552.6487159179935,541.7837720215902,547.1265367727974,3567100
2025-11-03,542.322021484375,549.2297495087246,538.6239190547673,548.2329623045346,3175500
2025-11-04,550.97412109375,552.2500379039172,540.7370971501116,543.0795835577918,2653900
2025-11-05,551.5323486328125,554.5426655841358,547.6050044501372,551.2233470201252,2198500
2025-11-06,551.50244140625,553.216886156996,546.0998110742502,548.412364637792,2593600
2025-11-07,550.1966552734375,556.8751423329853,548.9008439547953,552.0207930623876,2510400
2025-11-10,551.1834716796875,552.9178716723853,546.8175388792112,550.5056636847862,1978300
2025-11-11,556.5560913085938,556.7355665373333,546.2493460540991,551.2233042916675,1832400
2025-11-12,559.4268188476562,564.0917752932402,556.6158718537035,558.2007901520708,1761500
2025-11-13,553.7850341796875,561.7892032126688,553.0772934139655,558.0811842846864,2031300
2025-11-14,543.9766845703125,555.2104963069999,542.3020892968607,554.2535586482852,2567800
2025-11-17,535.1251831054688,547.5551511053659,534.4872855362039,544.2458103061138,2557900
2025-11-18,525.885009765625,534.2779409826917,523.0142577529214,531.8457777730139,3594700
2025-11-19,528.6560668945312,529.2940253305802,523.2933466671828,526.4532060274263,2723100
2025-11-20,526.18408203125,536.7301086448745,525.4863187570961,531.5766745267753,3240300
2025-11-21,538.663818359375,542.6608838608462,529.9618248758833,530.8290248585005,3807500
2025-11-24,536.1219482421875,542.2920631797132,533.3907611653127,541.6940152209304,5941000
2025-11-25,544.7142333984375,548.6316603553361,537.2682627445952,539.760230568086,3132600
2025-11-26,543.17919921875,546.9071733216591,542.4216312716022,546.7177813348721,2185300
2025-11-28,548.7612915039062,549.6284915088172,543.6676626270181,546.3689778661126,1254800
2025-12-01,542.2222900390625,548.0136819276481,541.644197282052,545.8805427731227,2227000
2025-12-02,544.1560668945312,552.967692403414,539.3017181573216,545.5217213136833,3076000
2025-12-03,551.950927734375,553.286649281254,544.7441761262179,545.5615488878813,2687900
2025-12-04,540.5676879882812,557.2040695281495,537.8265230666311,555.2404278597551,2878800
2025-12-05,543.7673950195312,548.6715712088765,539.5110940332073,539.9696380659964,2126700
2025-12-08,538.7036743164062,545.5715526940983,535.6634855382438,544.963466267216,2453800
2025-12-09,535.8229370117188,540.1589977527725,534.1981690394639,536.9792442116243,1965300
2025-12-10,537.1287231445312,543.1991838165362,535.7731071863275,536.3612383894491,3023400
2025-12-11,561.5599975585938,563.3143527572264,540.9065960670204,541.026205663376,3659900
2025-12-12,570.092529296875,571.8668398192701,564.0719561592499,564.181588156279,3515400
2025-12-15,567.301513671875,571.4580993317799,565.3378112180943,571.0394657355824,2714000
2025-12-16,564.2015380859375,569.1655191169151,560.6728722878605,568.8664951100608,2748700
2025-12-17,563.6531982421875,569.9230283274844,561.749361562526,563.7030862707345,3287100
2025-12-18,564.390869140625,567.3014705580941,561.2310100987883,563.1847347976696,2259000
2025-12-19,570.3915405273438,571.099281366892,563.3841578953198,564.4008395053681,7262100
2025-12-22,573.8504028320312,577.5883548295834,569.1654908272866,570.3915196139837,2500200
