Date,close,high,low,open,volume
2019-08-19,184.7204132080078,186.0400591779072,183.41069906418429,184.56165539058108,9691200
2019-08-20,182.37876892089844,184.55171900251798,180.9698275066012,184.00599852585918,10083400
2019-08-21,182.12081909179688,184.45251209307207,181.71400786034766,183.55952586109075,8398200
2019-08-22,180.62257385253906,182.6764634624245,178.5091689835024,182.00175027899132,10821400
2019-08-23,176.36598205566406,181.70409651204378,175.2844727753875,179.4319187008426,17323400
2019-08-26,178.9556427001953,179.09455199642167,176.85215474591666,178.00311099751607,8773600
2019-08-27,179.88832092285156,182.6069763796086,179.60057051291702,180.51340516861433,14399600
2019-08-28,180.34474182128906,180.5332648311725,177.52685877876382,179.12432330990987,9386100
2019-08-29,184.12509155273438,184.63111505629817,182.0414368628062,182.3391039813643,10128700
2019-08-30,184.2242889404297,185.34549510237474,182.03150546226252,185.32564659208103,10774500
2019-09-03,180.96983337402344,184.22429268946135,180.69201478416736,182.5672978356848,9779400
2019-09-04,185.682861328125,186.28811225850544,182.45816697478202,183.21224389624834,11308000
2019-09-05,189.41358947753906,189.8700144416205,186.47664540077176,187.0620478508057,13876700
2019-09-06,186.03013610839844,188.72895835213058,184.8990131930091,188.72895835213058,15226800
2019-09-09,187.2902374267578,187.5085256343164,184.40290729946628,186.26825860954187,14722400
2019-09-10,184.7204132080078,186.63539342326803,183.1130319415039,185.98052878136687,15455900
2019-09-11,187.02235412597656,187.96495405432762,184.63111562417566,185.00816165150752,11761700
2019-09-12,186.0102996826172,189.44335053484764,185.77216294917596,188.38168977071138,11419800
2019-09-13,185.73248291015625,186.50640837656061,185.08753492816635,185.8713922210499,11441100
2019-09-16,184.77003479003906,186.3278024124639,184.3235416569863,185.47449803241622,8444800
2019-09-17,186.61553955078125,186.85367627008114,184.0953084764538,185.20659802654154,9671100
2019-09-18,186.67507934570312,187.60776261828698,184.56165938293236,186.6254656341867,9681900
2019-09-19,188.6595001220703,189.61203187411297,186.6849895362617,187.19102818015065,10392700
2019-09-20,188.4511260986328,191.59645660587978,186.65522186388125,189.17545294401287,19934200
2019-09-23,185.3653564453125,188.6198159198237,183.7678919055694,187.86572387623167,13327600
2019-09-24,179.86849975585938,186.57585897083138,178.98543016143273,186.51632857075447,18546600
2019-09-25,181.3766632080078,181.99183084303726,176.48504190695024,180.03716868788584,18068300
2019-09-26,178.70761108398438,179.98756010235067,176.286607220428,179.91811301576254,16083300
2019-09-27,175.72100830078125,179.3524980265619,174.29221850835407,179.08461129546365,14656200
2019-09-30,176.69338989257812,177.27879225047457,175.4729714715448,176.48501838655918,10740000
2019-10-01,174.44107055664062,178.43969015259512,173.5183191760256,177.7550603463437,17073000
2019-10-02,173.24049377441406,175.1554586795992,171.7422416079968,173.47861533942427,16151700
2019-10-03,177.9832763671875,178.4396861344255,172.2780482968688,174.20294505951188,16086300
2019-10-04,179.04495239257812,179.57082442257075,176.71325936939817,178.15196615220776,10430200
2019-10-07,178.28094482421875,179.7692653280985,176.7033287237012,178.59846046556973,9178300
2019-10-08,176.36598205566406,178.96557705889228,176.33621685638886,176.8720055833215,9466900
2019-10-09,178.44960021972656,179.31282110149772,176.55446884160776,177.7649704969524,7556900
2019-10-10,178.62820434570312,180.19590357282038,177.77490008638557,178.9159547538327,8605000
2019-10-11,182.75582885742188,185.03792320851088,180.72178791101695,180.73170459681214,14930500
2019-10-14,181.8529052734375,183.18246784831845,181.1484421040507,182.76573995798162,7006000
2019-10-15,187.41925048828125,188.89765439348838,182.2299769297045,182.36888624603415,15039100
2019-10-16,188.07411193847656,188.2229379391271,185.4447365204725,186.85369331320297,10516900
2019-10-17,188.90756225585938,189.35405538463465,187.30018093627666,188.81826665810019,9603000
2019-10-18,184.4028778076172,189.99896112281004,182.4878979548424,188.74876247219748,16874200
2019-10-21,188.28244018554688,188.43128130392094,185.29588281256093,185.58361808412022,8122600
2019-10-22,180.9202117919922,189.16550382054808,180.0867560587034,188.52057108073635,19537600
2019-10-23,184.70054626464844,184.9287662819174,180.58286608840376,180.59278277351132,12300400
2019-10-24,184.92877197265625,185.27603764183385,181.37664553777893,183.18246638144458,11413500
2019-10-25,186.42703247070312,187.5283902891114,183.6488310680537,184.3830746603191,8061200
2019-10-28,187.92523193359375,188.0542245341341,183.63887746152938,185.74236524893286,13657900
2019-10-29,187.83595275878906,191.03088173758235,187.00249697475027,190.19742595354356,13574900
2019-10-30,186.78424072265625,188.96710797136583,184.5319112434063,188.0840383286614,28734600
2019-10-31,190.15773010253906,196.54758809947734,186.78420992352372,195.1684118031179,42286500
2019-11-01,192.11239624023438,192.59858636437755,188.43129218879344,191.3484026536958,21711800
2019-11-04,193.20384216308594,195.83320226631028,192.3009241125528,193.0351676602356,16371300
2019-11-05,192.80694580078125,194.22580392111288,192.09255082803412,193.84875792439152,9942000
2019-11-06,190.0585174560547,192.85655192566824,189.860077764731,192.51920293642016,10973000
2019-11-07,188.9373321533203,191.93382178580185,187.99473216024907,190.41573602622887,13473000
2019-11-08,189.35406494140625,190.84238553909282,188.22294189276366,188.520609040297,10760800
2019-11-11,188.13365173339844,188.59999341203036,187.0719757424762,188.45115226396757,8631200
2019-11-12,192.95579528808594,193.54119772486354,188.26262882751317,188.52059893355604,17615500
2019-11-13,191.68576049804688,194.17621134854932,191.23926737647986,193.18399768285414,10860700
2019-11-14,191.6460418701172,192.51919464229783,189.95928185656783,191.42775367707202,9040500
2019-11-15,193.5808868408203,193.7793265404359,191.8742781721648,192.74741587846907,11524300
2019-11-18,195.8629608154297,197.083394458118,191.54684069024395,193.04507779292095,16167200
2019-11-19,197.76803588867188,198.44273391679903,195.32718359990446,195.862972319889,19056800
2019-11-20,195.9720916748047,198.03589766364595,193.90828568596345,197.0337674343433,12355400
2019-11-21,196.38882446289062,197.5397958366302,195.32716381675212,195.8828009930464,12131000
2019-11-22,197.27191162109375,197.7481699012133,196.08124321082823,196.8353352226601,9959800
2019-11-25,198.23435974121094,199.4051797284967,197.69857102837094,197.96647295478036,15272300
2019-11-26,197.42074584960938,198.5915506579755,196.49797930710295,198.442724670464,11735500
2019-11-27,200.4271697998047,201.55829282574896,197.86725660635614,198.34351494886434,12736600
2019-11-29,200.06996154785156,202.21314668437972,199.64331694177233,200.03027966309168,7985200
2019-12-02,198.1450653076172,200.60575095060796,196.5079188210261,200.55615237948257,11503400
2019-12-03,197.27191162109375,197.3810405807244,193.56102737438547,196.06140983997417,11595300
2019-12-04,197.1627655029297,198.47247954484402,196.50790091198374,198.4427143488899,8456300
2019-12-05,197.80770874023438,199.72267376788747,196.66666912831428,198.3038155523698,9740400
2019-12-06,199.4845428466797,200.0004981463346,198.5022459542559,198.9388223508887,12270600
2019-12-09,199.77230834960938,201.55829608789526,198.65111713222487,199.08767845493477,11954800
2019-12-10,199.3059539794922,200.47677397660377,198.59155892972421,200.0898112529777,9475700
2019-12-11,200.68511962890625,201.05224896037808,198.7205409171607,198.7205409171607,8036800
2019-12-12,195.21804809570312,202.07424848833924,192.58868781139714,200.77445094628683,23734800
2019-12-13,192.59857177734375,195.26762863512207,191.66588862288083,194.8707341332351,18798000
2019-12-16,196.37890625,197.56955949565122,193.29312146853317,193.7495463683545,14911500
2019-12-17,196.84527587890625,197.45052684317042,194.60287836113022,197.2917690171386,10175700
2019-12-18,200.9232635498047,202.70925114268758,198.53202502655532,198.53202502655532,23274400
2019-12-19,204.4555206298828,204.69365733103916,200.93315951766147,201.20106141396522,16514600
2019-12-20,204.6936798095703,206.09270469504125,201.84601632794207,205.86448465387954,27306900
2019-12-23,204.57461547851562,206.96585415342005,204.0785086234722,205.0905708469551,13348900
2019-12-24,203.52284240722656,205.17983725048617,203.40378162375183,204.6936622913126,6046300
2019-12-26,206.17205810546875,206.20183844236743,203.71137260683932,203.96935783345515,9350700
2019-12-27,206.4796600341797,207.3031840142275,204.9814077808883,207.04521392384925,10284200
2019-12-30,202.8184051513672,206.28122125942733,202.3123664770239,206.24153937319426,10524300
2019-12-31,203.65184020996094,203.9594240017671,202.0146938355188,202.41157321720846,8953500
2020-01-02,208.1465606689453,208.15647735421365,204.6638965025992,205.14015477509616,12077100
2020-01-03,207.04522705078125,208.76175248015903,205.3386183078235,205.59660355453667,11188400
2020-01-06,210.9446258544922,211.12321704244695,204.91196510836792,205.09055629632272,17058900
2020-01-07,211.40101623535156,212.9091850683675,210.1012189091248,211.16289467328085,14912400
2020-01-08,213.54421997070312,214.55628211870993,210.9545417749065,211.3415044873828,13475000
2020-01-09,216.60023498535156,216.67961389127672,214.59595924568188,215.84614294905185,12642800
2020-01-10,216.3621063232422,218.1679424353236,215.72709019217615,217.4932292798279,12119400
2020-01-13,220.18214416503903,220.24167456420017,217.50317022293493,217.8901329574613,14463400
2020-01-14,217.35430908203125,220.64846550559204,216.92766450065457,219.88445679338437,13288900
2020-01-15,219.42803955078125,219.95391156667583,218.42590922878895,218.8922508489187,10036500
2020-01-16,220.043212890625,220.89651718671533,218.6739532866718,220.83698679349612,10015300
2020-01-17,220.41033935546875,220.55916534680847,218.81287477518103,220.30119524849337,15905900
2020-01-21,219.7157745361328,220.63852588557012,217.41383179520864,220.43016951504185,14275800
2020-01-22,219.59674072265625,221.0155990294826,219.55704369674288,220.5790225843116,12212800
2020-01-23,218.04888916015625,219.76542985561017,217.56271411021345,219.03118622715112,11195000
2020-01-24,216.2430419921875,220.0531387162507,214.4272892236937,219.08077359333404,11905800
2020-01-27,213.1969451904297,214.3776818732718,210.84540365097445,211.44073790551,13810700
2020-01-28,216.09422302246097,217.03683818417113,211.8574812681619,214.4570764131392,13413800
2020-01-29,221.49185180664065,222.45430027118508,216.74907170753525,219.7157960110256,33181300
2020-01-30,207.8985137939453,209.78371357248747,203.15573401089648,204.9218730025769,48775500
2020-01-31,200.3378448486328,207.06505161840613,199.4944572611041,206.80706640152664,31359900
2020-02-03,202.60009765625,203.54269754941683,200.92325424778556,201.85593745533228,15495600
2020-02-04,208.19618225097656,208.96019096490863,203.60222842171876,205.0111699219711,19628900
2020-02-05,208.47401428222656,211.07360924626084,207.08492120373015,210.8553210282144,12538200
2020-02-06,209.208251953125,209.5456009569739,207.7099996678324,208.8312059253064,10567500
2020-02-07,210.6767120361328,211.16290214252007,208.295390351353,208.66251967249352,12242500
2020-02-10,211.40101623535156,212.1352597116832,209.01970977478095,209.87301403214792,11856400
2020-02-11,205.5767517089844,209.21817404336107,204.90203854387963,208.5533927044946,25030800
2020-02-12,209.11895751953125,209.57538249088785,205.78511882521056,206.23162710979105,13813700
2020-02-13,211.4804229736328,212.66115967424705,207.55125014251132,207.88861429981483,15396600
2020-02-14,212.5122833251953,213.25644346126913,210.9941978588029,212.33369215972644,10741700
2020-02-18,216.1041259765625,216.28271715809083,211.73837703502883,211.88721815961387,15609200
2020-02-19,215.79656982421875,216.62010903781749,214.4273100305269,216.2926766897616,12135100
2020-02-20,212.90919494628903,217.0665723300639,211.2918819422964,214.8340917422115,13109200
2020-02-21,208.54345703125,212.5718571551109,207.2039776919672,211.81776509390585,14092300
2020-02-24,199.1571350097656,202.0643138826203,196.62698704760095,200.2287276222111,23080100
2020-02-25,195.2378845214844,201.9154781595064,194.4242620597452,200.6752110946446,21433500
2020-02-26,195.66455078125,199.6433376552953,193.9678737271147,195.65463409402588,16524500
2020-02-27,188.2725372314453,194.3548116584717,188.02448382270825,190.32642672297808,21682600
2020-02-28,190.9713592529297,191.23926117317143,180.4042901120362,181.27742781433983,32568900
2020-03-02,194.91046142578125,195.03945405142605,187.37956308505497,192.51922277794185,24949000
2020-03-03,184.4425811767578,195.7042113288797,182.53753292619203,194.69214924139928,27984100
2020-03-04,190.26687622070312,190.336338440526,184.93869398490696,187.69704660686287,23062500
2020-03-05,183.72817993164065,187.51844293290665,182.45814780786012,185.32564434139255,19333400
2020-03-06,179.67994689941406,182.34900375294296,174.8875536690963,176.94144297065125,24559600
2020-03-09,168.1802215576172,173.63739688839533,163.90378294807687,168.2794489832595,29949000
2020-03-10,176.80255126953125,176.90176354973235,168.18021229917125,173.309955010909,24517800
2020-03-11,168.91445922851562,174.51054367524625,166.35454616437582,172.6550938325682,20373900
2020-03-12,153.26722717285156,165.30278229222736,153.13823456749037,158.29774196223462,43266300
2020-03-13,168.9541473388672,169.46017087461817,156.37288491134964,162.2567048752018,35028600
2020-03-16,144.8730926513672,157.8909445128489,141.9857627737615,151.13397276859243,39120400
2020-03-17,148.25656127929688,152.7413712017619,138.9099105437907,149.56629056018528,34255600
2020-03-18,145.81573486328125,147.0262216721567,136.03250698448755,138.66186728488157,37553100
2020-03-19,151.9376678466797,158.68470796752493,143.67252704466907,145.4783478577257,39862300
2020-03-20,148.56414794921875,158.02987479986012,146.8476225464844,154.8051803858326,32568400
2020-03-23,146.9468536376953,151.1240647968421,141.14239749154174,148.4947045726751,29830800
2020-03-24,159.72654724121094,160.05397955862043,151.38204205017755,154.00148544947513,30440400
2020-03-25,154.9936981201172,161.72090533404412,151.86821609525333,157.68258858451526,35184300
2020-03-26,162.0681915283203,162.72305624191355,155.79740845325102,157.01782713587085,26556800
2020-03-27,155.56918334960938,158.84349167154605,153.54507401130994,156.96820833607012,24879900
2020-03-30,164.65786743164062,165.45164145311486,156.82930161406097,157.9405761601368,22515200
2020-03-31,165.501220703125,169.59905230840994,162.92145945555544,164.19149156944218,23676300
2020-04-01,158.35726928710938,162.8718282760162,156.80940362065442,160.36152951243523,19507600
2020-04-02,156.95826721191406,160.0936657297294,154.70593816665038,157.86118519507858,20886300
2020-04-03,152.9794921875,156.68045997611702,149.65558556793806,155.92636791796428,25983300
2020-04-06,164.26097106933594,164.90590387910632,157.27577856792746,158.90300833132738,28453600
2020-04-07,167.5154266357422,172.03991830310687,164.71737697093712,170.45237046123444,31411900
2020-04-08,172.92295837402344,173.63735326723526,166.43388909065433,169.9165528400802,21664200
2020-04-09,173.82591247558594,175.70119567614313,170.23410389271467,174.53037569157397,23534300
2020-04-13,173.4290313720703,173.63740291716212,168.1306136823647,172.3177568381941,19355400
2020-04-14,176.78268432617188,179.81885533138671,175.24475031360217,177.5863748699079,21011800
2020-04-15,175.592041015625,176.80254281201508,171.47436065477507,173.82590202875645,17423000
2020-04-16,174.8776397705078,176.66362720467018,171.16675560952473,176.56439979278105,23593200
2020-04-17,177.84437561035156,178.87627111884785,175.28446264083885,177.8046785869603,20974800
2020-04-20,176.85215759277344,179.09455487937518,175.39360238892877,176.02861848761108,16110700
2020-04-21,169.47010803222656,174.01444873028515,167.02925559598427,173.88545610065225,24850500
2020-04-22,180.86070251464844,183.3412366342151,176.75293861824514,177.06052242667482,33242000
2020-04-23,183.68853759765625,185.59358619346324,181.72394345887184,182.64671012526705,21426600
2020-04-24,188.59005737304688,188.9274063834041,179.42199771642456,181.80330444127193,28792000
2020-04-27,186.0400848388672,192.24142100016277,185.95078923173995,191.15991160722825,29197800
2020-04-28,181.4857940673828,187.7268109792905,181.1385132497502,187.19102229434844,21731000
2020-04-29,192.677978515625,195.37680095847065,188.52060074006585,189.4433522028139,45954500
2020-04-30,203.11607360839844,208.05729360541685,200.0005231895583,205.308857411542,46230100
2020-05-01,200.695068359375,205.66605352173815,197.5001390497588,200.0302870004148,30415600
2020-05-04,203.6617431640625,204.30669104079635,197.21235523658535,198.6411451382997,19250700
2020-05-05,205.4576873779297,208.74191213072285,204.89211833132651,205.40807366752924,21071200
2020-05-06,206.84678649902344,209.9524201534819,205.05088216567125,206.4995056560085,21857000
2020-05-07,209.61505126953125,209.95241541855825,207.4123357446047,209.5158389880353,15152000
2020-05-08,210.69656372070312,211.54986802110636,209.20824332278897,210.58741961925696,12506000
2020-05-11,211.5200958251953,213.3259319113556,208.73197792819232,209.24793325852076,12911900
2020-05-12,208.4640960693359,213.60375556211332,208.36486864732183,211.6292449278725,14704600
2020-05-13,203.5030059814453,209.13877170097768,200.53628200459264,207.7992773470864,20684600
2020-05-14,205.19967651367188,205.3187372917811,199.12733459047095,200.9827690358986,17178900
2020-05-15,209.2380218505859,209.6944316566375,202.530647807058,203.6717026021449,19383200
2020-05-18,211.530029296875,212.96873605342824,209.2975485967128,210.49811862818973,20151900
2020-05-19,215.19126892089844,218.7731602647617,211.17280121424108,211.60937757703516,31843200
2020-05-20,228.17938232421875,229.53871022771793,221.4521747518963,221.759758571814,50162900
2020-05-21,229.5883026123047,235.35306116357185,229.39977960729271,232.89237569283696,47782600
2020-05-22,233.0808868408203,234.15247928323507,226.95893110200657,229.70735171322343,33925600
2020-05-26,230.3920135498047,239.02426954087372,229.86614151041633,237.90307837726152,33178300
2020-05-27,227.35581970214844,228.764761172586,219.4081943562366,227.2863726241577,34697600
2020-05-28,223.7044982910156,229.82645475219897,222.25585968682327,222.5535268126139,29377200
2020-05-29,223.3373565673828,225.71867830178655,221.14457298017828,223.44650066945937,23241500
2020-06-01,230.1042633056641,230.6301353109127,221.75974316203477,222.84125236981188,18223800
2020-06-02,230.9079437255859,231.18576231459411,224.79590448745097,229.14180477832932,20919000
2020-06-03,228.3679046630859,230.83850704146684,226.7505915167716,230.30271831482375,15380300
2020-06-04,224.52801513671875,229.8264474146918,222.86110350947575,227.7725579382905,17041500
2020-06-05,228.97315979003903,229.54864555284124,223.5556663264044,224.94477459040337,16750400
2020-06-08,229.5982360839844,229.74707721776,225.63931324920404,227.24669454212363,15466500
2020-06-09,236.8116149902344,237.9030559919151,228.61593621208456,229.71729389924317,27462900
2020-06-10,234.88674926757812,239.33187762584825,233.4480424042007,239.0838241963011,20720700
2020-06-11,222.68247985839844,231.0766131567236,221.80934222919444,228.1495862109166,26708200
2020-06-12,226.8002014160156,229.85622132173424,222.7519678450629,228.1099155813356,22091400
2020-06-15,230.68966674804688,231.9497822851764,223.0496248987954,223.33736018712725,15340300
2020-06-16,233.8151397705078,236.60327283509807,231.18577966295072,235.2935435543671,15236700
2020-06-17,233.6960906982422,235.74004849039753,229.9256756239852,233.17021865035676,19578100
2020-06-18,234.10287475585935,234.3013144440912,230.3423768049626,233.16027488177477,15782500
2020-06-19,236.9306640625,238.95478815827963,233.71590188916792,235.93845052456257,30081300
2020-06-22,237.3573455810547,238.82581751303113,235.0653345200704,236.7024809522082,18917800
2020-06-23,240.35382080078125,243.28084780615615,237.9923476578794,239.40128911138245,24017900
2020-06-24,232.1978454589844,241.3262081229041,230.8682676452996,239.32193228613724,20834900
2020-06-25,233.8448944091797,235.4522907393093,230.92779913741757,232.79315041364956,18704300
2020-06-26,214.3975372314453,231.2750867486719,213.7228240454296,230.82859361350327,76343900
2020-06-29,218.92202758789065,219.03117169920628,205.4973775959621,208.1168211275584,58514300
2020-06-30,225.30197143554688,225.72861605804889,216.76892758571236,218.87241577847084,33927100
2020-07-01,235.70034790039065,237.13905461798524,225.7881284096902,226.72081163267623,43399700
2020-07-02,231.60252380371097,238.1312918726846,230.7988331160374,237.13907815654844,30633600
2020-07-06,238.40907287597656,238.52813365832904,230.46144771442292,231.93983622855757,26206200
2020-07-07,238.98458862304688,245.7217128783308,236.9604793685222,237.5458818087057,27887800
2020-07-08,241.6834259033203,245.06687840847744,234.74784637309824,236.25601550518832,29791300
2020-07-09,242.59622192382812,244.61041429342896,237.3771839087014,243.0923287171284,22174900
2020-07-10,243.1617889404297,243.57851682658568,237.45656086428357,241.79252935736176,22982700
2020-07-13,237.1390838623047,248.20226100742013,236.56359807630147,245.08671046938903,24674900
2020-07-14,237.8633575439453,238.45869174856148,230.22331599791937,234.9164819970531,23378100
2020-07-15,238.40907287597656,242.9137309146926,236.1964408773877,239.6691883357908,19133600
2020-07-16,239.05401611328125,239.877555220602,234.48984262328327,236.146837523563,18880700
2020-07-17,240.14547729492188,242.2588972916305,236.00794803966005,239.1234984091847,18152400
2020-07-20,243.50909423828125,244.13419373923455,233.80524507290616,238.1908279866254,20872200
2020-07-21,239.86764526367188,244.98747123257405,238.21065031691052,244.30284140487475,19364200
2020-07-22,238.0022735595703,240.01646597475656,236.2658997437216,238.3892362615032,15427900
2020-07-23,230.78890991210935,240.53244045663345,229.9455222212178,237.76417092837667,21771800
2020-07-24,228.91360473632812,231.67195731407605,225.13325822886,228.39764942869832,18325800
2020-07-27,231.6818695068359,233.12057616100276,229.03266108130668,229.65776047765976,13163100
2020-07-28,228.32818603515625,233.1305113076569,228.04045075621468,232.8030790068061,14170100
2020-07-29,231.4735107421875,231.8803219634867,228.5167183683108,229.3402574968024,13588300
2020-07-30,232.67410278320312,233.06106550419435,227.21692766462053,228.42742953848625,20615300
2020-07-31,251.69482421875,253.85785775778805,247.0611884844534,253.82809256073517,53005100
2020-08-03,249.9981384277344,253.41134040008623,248.38082545951391,250.68275307528512,23124900
2020-08-04,247.8847198486328,250.8315953845901,245.5033981789823,249.6012450982718,17183500
2020-08-05,247.1802673339844,250.30574951271805,245.84078794879505,248.24194323970724,13050100
2020-08-06,263.2144470214844,264.52417636220866,246.7337769905804,247.10089121185337,45241600
2020-08-07,266.3498229980469,276.71846729977585,261.3788231390226,262.0237559273697,72766400
2020-08-10,260.9521789550781,271.7276042056883,257.6679543343518,265.95294401876475,30248800
2020-08-11,254.1356964111328,263.84947688200344,253.14348272446455,258.16408155660923,28238300
2020-08-12,257.8664245605469,261.84518077653547,256.10025516377686,256.9535746633376,21415700
2020-08-13,259.2654113769531,263.09537176343133,257.5489011631833,259.51346478633786,17374000
2020-08-14,259.20587158203125,260.60489639382604,256.66580718443333,260.2675474028903,14792700
2020-08-17,259.1265563964844,262.0436673543496,257.38025044076596,260.45611923823844,13351100
2020-08-18,260.29730224609375,263.08541993318096,257.24129779802496,258.9181411403599,18690400
2020-08-19,260.54541015625,265.82399467833227,259.31507477138916,259.354771800567,23291500
2020-08-20,266.9153747558594,267.5305423074129,259.4241443420581,259.4638413621451,20299700
2020-08-21,264.9309997558594,268.38388418339855,264.3455972842934,266.5979115677721,15538600
2020-08-24,269.2768859863281,275.0912436348155,266.67726070148495,268.95937034055146,23685600
2020-08-25,278.6334228515625,280.8857367616059,268.15564994253316,270.28890306860325,42127200
2020-08-26,301.54364013671875,302.29773216562353,281.78866364018035,281.78866364018035,69015200
2020-08-27,290.9368896484375,298.8845307287282,289.7462211483339,297.82285484879753,30301300
2020-08-28,291.37347412109375,294.9156842406994,288.71434871476174,292.70303682425975,17157400
2020-08-31,290.9170227050781,294.56836127343684,289.2798461363718,291.6611828617794,17345100
2020-09-01,293.13958740234375,299.1424675498005,290.43083338283753,292.4152605760405,17295900
2020-09-02,300.1446533203125,301.23609447928743,290.76822145997494,296.5528444625622,24341400
2020-09-03,288.85321044921875,295.28276530131205,281.4215404790347,293.6852857036353,32294100
2020-09-04,280.528564453125,286.74973287810445,269.0288123633383,285.0133590630986,30333700
2020-09-08,269.0487060546875,277.1253108936608,267.3222636782899,269.16776686961657,24864000
2020-09-09,271.5887145996094,276.3116611433854,269.23717315355583,273.6227404185277,22918800
2020-09-10,266.0025329589844,276.9863444713146,264.95078899476385,273.3647709884832,24814700
2020-09-11,264.5340270996094,269.27683670551767,260.5949685674231,267.95717579175357,18913900
2020-09-14,264.0776672363281,274.4860094229294,263.6311892443126,268.8403111108716,24093800
2020-09-15,270.298828125,272.3824523522655,267.2030964194408,268.56245441564243,18478500
2020-09-16,261.4681091308594,270.3186675006481,259.7515990335024,265.20877366986406,29183400
2020-09-17,252.83587646484375,259.4638560363653,248.24192265848913,256.2689270376447,31281400
2020-09-18,250.5637054443359,257.1817836445312,248.10301989417528,256.3879945767653,28130800
2020-09-21,246.21778869628903,248.0037761311115,242.22910108849263,245.6125378194875,24709400
2020-09-22,252.76641845703125,253.33198748485088,246.2872647613623,251.3376284288325,30293100
2020-09-23,247.08103942871097,255.9811816546573,246.2178032857429,253.2724427163258,19641300
2020-09-24,247.58705139160156,250.2759568331123,243.70749269177463,244.5806454798627,20006800
2020-09-25,252.83587646484375,253.7586278443611,244.68979615867,247.4580654372,18351300
2020-09-28,254.8203125,257.57866518860396,252.8358852339552,257.3802103500167,18826300
2020-09-29,259.7516174316406,261.2796046364811,254.89967819508988,255.8025962415633,20200200
2020-09-30,259.8607482910156,264.00819407144127,258.07477583703985,259.94014233961224,20142500
2020-10-01,264.5539245605469,266.2406695606963,262.7381566639674,263.28389232751096,20009800
2020-10-02,257.9159851074219,263.0854090741721,257.16189314177063,259.1760853784858,16367600
2020-10-05,262.5893249511719,262.80761315583914,258.80899353212766,260.1584197827861,12822300
2020-10-06,256.64599609375,263.62125710707375,256.2292530217347,259.7416979545767,18696900
2020-10-07,256.1101989746094,258.15415680274714,252.83590583088255,257.19170828911257,23133400
2020-10-08,261.7062683105469,262.5595574704887,257.1321478779716,257.7274820927912,16312800
2020-10-09,262.39093017578125,262.6885821795816,260.1286841070195,262.46036212336156,14107800
2020-10-12,273.6028747558594,277.99837332790344,265.78422747017413,268.096101899953,31019300
2020-10-13,273.9898986816406,276.92684268053154,271.2613110760602,275.41865851572834,18063300
2020-10-14,269.7035217285156,276.5795550588425,269.3860060931865,275.45834878905737,15577800
2020-10-15,264.6431884765625,266.94513108589155,261.616949384437,265.5163412097531,15416100
2020-10-16,263.859375,269.25701980773687,263.23427554072794,265.2980969389582,16622700
2020-10-19,259.3646240234375,266.45894507176126,257.8564702810664,263.4624709578556,13587000
2020-10-20,265.4766845703125,267.60003633807696,260.83313190654906,261.011723098242,18763200
2020-10-21,276.5596923828125,280.8460318857518,274.21805267032346,277.3832163022332,28998600
2020-10-22,275.9544677734375,280.2507700259032,272.89846291862375,277.6908417382077,16720000
2020-10-23,282.5724792480469,283.0189571362799,274.66453677474624,276.6291000428749,17535200
2020-10-26,274.9523010253906,283.00910103507454,272.1245164393334,280.9552115795528,21322900
2020-10-27,281.0841979980469,282.29469979597246,274.15853619942936,276.5894716208232,16287200
2020-10-28,265.5858154296875,276.61922530983355,265.17900423878854,276.61922530983355,23121800
2020-10-29,278.6433410644531,281.39179220538097,271.6482470679973,274.3966679289681,32368100
2020-10-30,261.0613098144531,274.54551949414935,257.08255380705526,272.36263742827884,47247800
2020-11-02,259.32501220703125,268.36409664565844,255.33632320155735,262.53980585618564,27165700
2020-11-03,263.2342529296875,267.9472674752884,258.84868582508244,261.1109315957727,17961900
2020-11-04,285.142333984375,286.69018469531346,276.4505336229866,278.8120067096619,35364400
2020-11-05,292.385498046875,295.0644868941228,286.70013346565065,289.62714543435567,23823600
2020-11-06,291.1253967285156,292.3061333378279,285.8170478994157,291.6612005522265,13891000
2020-11-09,276.5993957519531,290.3018642047378,276.3612741591326,287.61297361927814,25117700
2020-11-10,270.3088073730469,271.86659035871685,261.94445202445706,270.9736039646261,29067700
2020-11-11,274.32720947265625,276.2322425059644,270.3583553266512,271.3406370382021,14957000
2020-11-12,272.9381408691406,277.57179233423875,272.29320799745705,275.02179576839234,12899500
2020-11-13,274.79364013671875,275.59733093945266,270.9736107267082,275.5576339067353,10391200
2020-11-16,276.78790283203125,277.23441107281263,272.491631182549,272.9083439459854,12970400
2020-11-17,272.8587646484375,275.5178900694576,271.1620877175575,275.5178900694576,15040300
2020-11-18,269.85235595703125,275.2301674297236,269.7233633337441,272.3824887308877,12152900
2020-11-19,270.8147888183594,271.34066082761194,267.09398773026356,268.9097253380734,12963700
2020-11-20,267.6000061035156,270.87429870110765,267.31225569610524,270.4377223174348,18114700
2020-11-23,266.3398742675781,268.84027177686704,262.4702475031481,268.7807413866415,20990800
2020-11-24,274.7638244628906,275.65681071523977,265.78427252771075,266.39944016199667,16930400
2020-11-25,273.44415283203125,277.99840979634354,270.5270423142432,275.97431577662064,12467000
2020-11-27,275.64691162109375,276.9566410960432,272.6802020673497,275.23019878449475,7808400
2020-11-30,274.81341552734375,275.5377423917736,268.89983065871155,273.880732275048,16693300
2020-12-01,284.3188171386719,287.04740475144206,276.7879189610211,276.9863738084787,20738900
2020-12-02,285.28131103515625,289.50815166327783,278.64339805435816,283.13812551723385,17361600
2020-12-03,279.6553955078125,284.4180084423758,278.88147014894713,284.0211290778213,12921700
2020-12-04,277.52215576171875,281.2528583037155,277.12524609814045,278.1174596971742,10880300
2020-12-07,283.3563537597656,286.2436990426754,276.0338426409965,277.01612444035254,13007700
2020-12-08,281.1933288574219,284.1997348614235,279.3577276370347,283.7830221052009,10747700
2020-12-09,275.7559814453125,285.39036577948315,269.6340110002511,281.45127708467516,25189700
2020-12-10,274.9622497558594,276.55972952390835,269.743196117083,273.3945654669271,20065100
2020-12-11,271.41998291015625,274.32719139327213,268.14569056747416,272.3923630126268,14391400
2020-12-14,272.0550537109375,275.06145975530757,269.4455270568558,271.24143127887464,16376900
2020-12-15,273.4044189453125,273.93029089129226,265.38734715528943,272.69002401115574,23979500
2020-12-16,273.5235595703125,275.69647968054255,270.3881606955199,272.6206414843473,15885000
2020-12-17,272.3428039550781,278.2563886222878,271.4795526748358,274.91263358441915,16377800
2020-12-18,274.24786376953125,275.83541176373166,269.02884023804313,273.62276428656816,26693200
2020-12-21,270.6659851074219,272.5313517179054,265.70491658165054,270.85450813379794,16553700
2020-12-22,265.0103454589844,269.38601137682167,262.569508309428,269.38601137682167,17312900
2020-12-23,266.0223693847656,270.05078439204584,264.157033282619,264.8118978814393,14329000
2020-12-24,265.3179016113281,268.29454231066234,264.1272634995675,266.78638859045014,6702000
2020-12-28,274.8431701660156,275.1408221372453,263.59147145418575,266.6474760519845,23299700
2020-12-29,274.62481689453125,278.3257836863975,274.1287102067183,274.79350649156527,16383000
2020-12-30,269.7530822753906,275.91471969767804,269.59432448010415,275.785757376464,11803800
2020-12-31,271.0330810546875,274.9324733857731,267.70915931059875,269.88210960073656,12900400
2021-01-04,266.8459167480469,272.85872848796714,263.13504773019605,272.6404402939786,15106100
2021-01-05,268.860107421875,270.27896553417906,266.1215883285125,266.2009823694545,9871600
2021-01-06,261.25982666015625,265.6652585805843,257.9855330641457,259.960028937864,24354100
2021-01-07,266.6474609375,269.49510899402355,262.7183037402035,263.82957807641225,15789800
2021-01-08,265.48663330078125,266.85589308419407,261.13080051963345,266.2208617666856,18528300
2021-01-11,254.8401336669922,261.4185145836699,253.90745047422297,258.45180565260176,30412300
2021-01-12,249.1349334716797,257.6977425190241,248.35109131287493,254.63180582980544,26383500
2021-01-13,249.68064880371097,251.9726599726968,247.2596450120617,249.5913532064729,19528900
2021-01-14,243.72735595703125,253.04424135584145,242.7053771272773,251.42692829090055,29739400
2021-01-15,249.40283203125,251.88336623941407,245.23553758953017,245.96976602556,24942900
2021-01-19,259.06695556640625,260.15839649203104,250.75220144203772,254.89964667945836,28028500
2021-01-20,265.39727783203125,268.21516053791925,261.54748460794593,266.83596923879514,25199900
2021-01-21,270.74530029296875,271.46962706852975,265.4071866724179,267.16342399454226,20838700
2021-01-22,272.3626403808594,276.301729687912,269.8821063154599,269.8920381413077,21954000
2021-01-25,275.8453369140625,277.9190598870613,269.3959479461869,275.9743295382134,19087000
2021-01-26,279.8538513183594,283.16787159655127,275.6468750801152,275.97432254542565,19373600
2021-01-27,270.0210266113281,281.24296012848583,266.03230851624016,280.33011028325467,35346200
2021-01-28,262.9366149902344,284.55695871630996,262.6389630097755,275.02176987618066,37758800
2021-01-29,256.31854248046875,264.4844718354171,252.86565830915723,263.23427292927573,30389500
2021-02-01,259.9698791503906,262.11306402911066,252.92515696458904,257.49924684689097,22914300
2021-02-02,265.00042724609375,266.75666491120336,261.2200953919856,261.9444223090043,17320800
2021-02-03,264.5737609863281,267.1039239356935,261.7856430809958,263.5517821485724,14223400
2021-02-04,264.4150085449219,266.07201868018495,261.9444062212849,264.93097902725805,16060000
2021-02-05,266.01251220703125,267.07418818582795,263.60144006375174,264.72261616514083,12454400
2021-02-08,264.5043029785156,267.75876255758504,262.93661872589735,266.6574199342827,13755200
2021-02-09,267.35198974609375,271.2613140904737,263.6807869967148,264.36541686230146,14613400
2021-02-10,269.7530822753906,271.6680470836127,265.6354022624926,270.3285830682983,14687200
2021-02-11,268.28466796875,271.44980170908656,266.39943777738347,269.772988469329,12828600
2021-02-12,268.393798828125,269.06849685928296,266.2506136586012,268.41363220082087,9097600
2021-02-16,271.8367919921875,274.44631890054274,267.9473009164723,268.69146120075794,15417200
2021-02-17,271.4399108886719,271.8367903151839,267.4809576103231,269.12803599630945,12763200
2021-02-18,267.29241943359375,269.8324836675024,263.9585662016173,267.4710106031762,15249100
2021-02-19,259.5234069824219,268.1655796323252,258.12438206399435,267.75876839108383,25622600
2021-02-22,258.3029479980469,261.0216337980358,255.52476208560068,255.94150511244536,17434900
2021-02-23,263.7898864746094,265.3774342503566,252.97477970473903,257.47942267295707,21924600
2021-02-24,262.25201416015625,264.3059038923534,256.3781257097657,260.28742003197283,15736100
2021-02-25,252.70689392089844,264.8615109881435,252.06194597211868,260.25762517278304,19053100
2021-02-26,255.61404418945312,263.4822901977924,254.4730046884631,254.4730046884631,26619500
2021-03-01,262.84735107421875,264.5737933288639,255.89192291964775,258.7892004251062,22157300
2021-03-02,256.9832763671875,264.6332333744809,256.63599561340385,263.71048215896064,15191700
2021-03-03,253.4212951660156,258.95783407943765,253.1137113530454,258.2633026836808,15513500
2021-03-04,255.63394165039065,264.4150083089608,251.52616256757003,254.47303834612808,31626500
2021-03-05,262.22222900390625,263.3831323276618,253.6197382523484,258.6403521689941,26820100
2021-03-08,253.3220672607422,263.5120906541324,253.06409715938335,263.48232545551326,18391800
2021-03-09,263.6708679199219,266.4391527155024,257.7870477459127,259.1463757163709,22039700
2021-03-10,262.8373718261719,266.8756883722604,260.82317946583066,266.5482712133679,14210300
2021-03-11,271.74749755859375,275.7361857987075,265.73468485814243,266.0224050343976,21834000
2021-03-12,266.31011962890625,267.63968219657,261.9642192904478,267.04437827071723,20600200
2021-03-15,271.6185302734375,273.81131431341987,266.4094077750428,266.98487846120577,16844800
2021-03-16,277.10540771484375,279.9431543023301,272.66027997078896,273.9303121433824,22437700
2021-03-17,281.798583984375,284.0012993075215,273.26554127849425,273.5631932356945,21315000
2021-03-18,276.4505920410156,282.96944368958503,276.1132429973402,277.69085923686396,18728300
2021-03-19,287.8511047363281,290.52016203735093,279.01050723081204,279.03034060421714,38930500
2021-03-22,291.2544250488281,297.3763667697082,284.5172853838437,288.1884882749741,28273100
2021-03-23,288.3670349121094,295.67964408375025,287.5534125169044,290.86740220961764,23000900
2021-03-24,279.9432067871094,289.44860135285086,278.9708263945545,288.7342062293324,18675000
2021-03-25,276.56964111328125,285.8170802003852,275.5873592254311,278.7922204243197,24505600
2021-03-26,280.8163146972656,282.2848018961399,275.6071926939098,276.1330647516216,17629200
2021-03-29,288.55560302734375,290.89721288603766,282.4832598697574,283.5449055436785,21718800
2021-03-30,285.75750732421875,290.19270318034495,284.46764179897343,287.57324482882785,17474500
2021-03-31,292.2367248535156,294.19138722095454,286.3628059237623,287.7320657917094,19498200
2021-04-01,296.3345031738281,300.04537216997386,294.29054567841536,296.07651796063567,17616000
2021-04-05,306.50469970703125,308.3502024258869,298.3387710674743,298.5471577202137,28237000
2021-04-06,303.8753356933594,308.9256990987487,302.87319030448623,306.4352333643989,17335200
2021-04-07,310.6521301269531,311.8031014540614,303.12123307626337,303.9546888069375,22855200
2021-04-08,310.5826721191406,313.4204185957787,307.63579668722434,312.3984398583777,20894100
2021-04-09,310.0270690917969,312.28931500618273,307.9136491691553,308.97532504352716,15988600
2021-04-12,309.11419677734375,309.71943246721503,305.5322903603965,308.62799158061256,10881900
2021-04-13,307.3481140136719,311.9817348642091,306.91153757945125,309.7790193206261,14036900
2021-04-14,300.4621276855469,305.63155202989105,299.5989067038952,304.9072252057683,17421400
2021-04-15,305.4232177734375,307.72516074452744,301.7321817266754,303.95473064775086,14558300
2021-04-16,303.7959899902344,306.54444137804103,302.2382071802452,305.77051588644764,13059200
2021-04-19,299.8866271972656,305.3041352263425,298.2197156252216,302.635078233983,14553500
2021-04-20,300.29345703125,302.72439260123326,294.89581231843675,299.6385923844795,16796400
2021-04-21,299.1226501464844,299.6286887973505,295.074431779428,299.5989235990618,14863500
2021-04-22,294.2112121582031,300.5614044233748,293.73496893428785,298.9837579042729,16375400
2021-04-23,298.7852783203125,300.23390165965907,294.8362573958426,296.433736995222,17536800
2021-04-26,300.680419921875,303.41890888662624,299.2119328828372,300.97807189197096,16172600
2021-04-27,301.2062683105469,302.96247535635484,298.7654012272768,301.9107314378546,15309300
2021-04-28,304.70880126953125,308.49906447197213,302.9922608483322,304.9667562140213,33907200
2021-04-29,326.9443054199219,329.2263845348517,319.10579393830335,327.5495411674635,56526800
2021-04-30,322.548828125,327.2519418261899,321.9733574810361,323.60060254321024,26332400
2021-05-03,320.0682678222656,325.99178455965375,319.33403940642825,323.6303414935902,18719500
2021-05-04,315.8811340332031,319.681329401256,310.68194401650095,317.52821238291256,24032600
2021-05-05,312.567138671875,318.56011770266906,312.04126663923637,315.712469321402,15577600
2021-05-06,317.5281982421875,317.746486454234,310.8307561707074,312.0710232209815,19012200
2021-05-07,316.5955505371094,320.4255113638621,316.2681333222643,319.86987408536334,15916700
2021-05-10,303.58758544921875,312.1305297025952,302.4564474516533,311.9023399620006,24239200
2021-05-11,304.1432189941406,304.4508027729763,297.35648192958325,298.4082258726899,18920100
2021-05-12,300.1942138671875,302.5854522871309,295.86817708684436,298.78528750586537,24645500
2021-05-13,302.8830871582031,306.45503135095896,300.4124550796069,303.6966791736922,18079200
2021-05-14,313.4799499511719,314.3828679110663,306.673349284258,307.12978931670204,19245700
2021-05-17,313.0036926269531,313.2219808293489,309.1538990283127,311.10856102432524,15401300
2021-05-18,307.5465087890625,314.0355939964766,307.3976828099841,313.1326760167942,14522400
2021-05-19,311.148193359375,312.20986895394094,301.20622609162615,301.82139354867945,19106200
2021-05-20,316.1291809082031,316.76421218745367,310.7216346081384,311.1383473901833,17320200
2021-05-21,313.7677307128906,317.4389030180048,313.3509876603318,316.8039020331024,13600900
2021-05-24,322.1023254394531,323.4120547384483,315.5537092244351,315.73230041612777,16445400
2021-05-25,325.2377014160156,326.6168625616901,322.27096218906894,324.53320796495933,16437000
2021-05-26,325.1087341308594,327.2618208339103,323.2830646151076,325.7933639842611,9686900
2021-05-27,330.1590881347656,331.18106697098676,324.215738131107,325.44607335297707,20477700
2021-05-28,326.17041015625,330.2781589983809,325.773500464872,328.4227242830254,12037400
2021-06-01,326.5672912597656,328.839469050858,324.0966889019142,327.57933830612393,11765900
2021-06-02,326.58709716796875,329.2859193445906,324.5729047910016,327.8075307847348,11654300
2021-06-03,323.5013732910156,324.8309360567853,320.96130856238705,323.2433880314024,12610800
2021-06-04,327.7778015136719,329.871357884137,322.64804336676895,323.36243844123214,13289400
2021-06-07,333.959228515625,335.060601318784,326.36880079638615,326.9145364253234,20136700
2021-06-08,331.08184814453125,335.66587042753156,329.65305804593925,334.0783527890586,14580500
2021-06-09,327.67852783203125,334.17751453094957,327.4304744423022,333.12577058089494,13727900
2021-06-10,329.871337890625,331.33982497689396,325.9917789291626,328.2143580705369,13240200
2021-06-11,328.68072509765625,330.23847761827665,326.3688501836827,329.9904241893929,13587900
2021-06-14,334.1477966308594,334.19742548380253,327.24199776174,329.31572075979597,12250800
2021-06-15,334.1279296875,337.27326012162166,332.42132108487635,334.3660512618339,15795200
2021-06-16,328.5021057128906,334.9217297045753,326.16049586366273,334.07837226495525,17232200
2021-06-17,333.8898620605469,335.3484174989163,327.5793668014927,327.9167158462907,17794100
2021-06-18,327.09320068359375,333.5326584721789,326.43833595052314,331.9252769818973,23039500
2021-06-21,329.7026672363281,330.3277666521811,325.0987815754126,328.51199879851725,11337500
2021-06-22,336.3902282714844,337.2733130481438,330.0103010916536,330.09959669604154,15345300
2021-06-23,337.9380187988281,340.7460001805239,335.56664409367676,336.70768365205276,14817800
2021-06-24,340.5078430175781,342.2144515558053,339.12868191166035,339.1882123029975,12329100
2021-06-25,338.71197509765625,341.44056268544,337.035131575858,339.92247698416224,14594400
2021-06-28,352.8708801269531,355.351414273791,339.1088512451318,339.79348109205574,29156100
2021-06-29,349.1500549316406,353.9622666221002,346.33214168796724,353.49592502331853,21417300
2021-06-30,345.0025939941406,350.17204882576885,344.466820433669,349.4278886007124,15107500
2021-07-01,351.6305847167969,351.90840330765593,343.80200504587583,344.1195206582734,17137000
2021-07-02,351.93817138671875,353.66461333834536,349.8743501691839,352.3350507654891,11521300
2021-07-06,350.0331115722656,355.9963249803974,346.46113656672946,353.7241473646603,13488500
2021-07-07,347.76092529296875,353.71420672723315,347.2747503320895,352.4938034123803,14218900
2021-07-08,342.9586486816406,345.61777404774114,339.89271207759845,343.0380427319482,14406500
2021-07-09,347.6914978027344,347.97921794083607,342.5815736156693,342.63120246289606,13018700
2021-07-12,350.41021728515625,351.43219625308654,346.9176357291139,348.4952519836882,10018600
2021-07-13,349.3485107421875,355.69867223428014,346.084119258612,348.7631083049435,11456000
2021-07-14,344.9232177734375,352.4342819743491,344.03023159160176,351.79925073751554,13894200
2021-07-15,341.77789306640625,346.5107713852772,337.57091703181555,346.5107713852772,14781600
2021-07-16,338.50360107421875,343.29597951923523,337.491554086067,342.2244021364838,11026100
2021-07-19,334.326416015625,337.1442992705485,331.9351773815617,334.9415836605786,14372300
2021-07-20,338.999755859375,340.775826962842,331.89550172546774,336.1620087686987,11024300
2021-07-21,343.5341491699219,343.8218693320699,338.59291420253294,338.84096761953117,9279700
2021-07-22,348.4554748535156,348.80275564782727,342.5220269951363,343.9805821072819,12385400
2021-07-23,366.91064453125,372.40748560789234,354.4087481746398,358.09978366506846,33694300
2021-07-26,369.5599060058594,371.5245000314871,365.3529296099251,366.70232570674966,14925200
2021-07-27,364.9460754394531,370.24449233760663,361.7114494701859,369.01415718461413,15705400
2021-07-28,370.3735046386719,374.6102459613628,364.07294199741824,371.6435368808808,29676900
2021-07-29,355.5299987792969,362.6739188198712,353.9622842712004,358.1891240675114,33413200
2021-07-30,353.5256652832031,357.9211941922931,350.1918423883139,351.2435862977697,15976200
2021-08-02,349.2096252441406,356.6015991711631,348.0090248606978,355.3117334679123,13180400
2021-08-03,348.5050964355469,351.01539564143263,344.9926820804049,349.98351529526695,12406100
2021-08-04,356.1253662109375,357.67321721132265,348.77305881912804,349.675976949346,14180600
2021-08-05,360.143798828125,361.06655027869056,354.1210545536486,356.83974061353666,10247200
2021-08-06,360.6795349121094,362.3067492877547,358.58594870569516,358.58594870569516,8925000
2021-08-09,358.7944030761719,362.93194777690513,357.9411137772933,360.9276868832901,7798900
2021-08-10,358.318115234375,361.2649909446652,356.2443923686089,359.01264661164123,7469900
2021-08-11,357.1571960449219,359.5385026093773,355.0239428784297,359.2805476658655,8400300
2021-08-12,359.8262634277344,360.1735442509098,354.3293914916329,355.65898438949955,7170700
2021-08-13,360.35211181640625,361.8205987793182,358.66536694004265,360.14375544814027,7195700
2021-08-16,363.7058410644531,364.09281893078384,354.59732682572513,359.69728935252357,11222100
2021-08-17,355.6589660644531,361.8305356773374,352.3052793550785,360.1536923226501,12328700
2021-08-18,352.6823425292969,357.05797793706466,352.384660276008,353.4761013114874,10042400
2021-08-19,352.3548583984375,354.7857936207644,348.2669435637918,348.6142243498319,12004500
2021-08-20,356.5718078613281,357.1869754679856,350.55899567761094,351.8389597404687,8697700
2021-08-23,360.5208129882813,362.8425891488838,356.3039052424102,356.64125422848525,10942000
2021-08-24,362.6640319824219,365.09493733122457,359.02259445247506,360.82843061784286,9235100
2021-08-25,365.5215759277344,367.9723144059832,362.5548367278309,362.7532915561698,9684500
2021-08-26,361.5427551269531,366.5633529472369,361.2947017552792,365.5116090737357,7888700
2021-08-27,369.72857666015625,370.8299192755366,361.2451317980848,362.2572090986586,11219100
2021-08-30,377.6960754394531,378.51959949765813,367.6350138601731,369.6591383120919,13547300
2021-08-31,376.426025390625,379.7797124259526,375.8505245076621,376.9915944473429,12345400
2021-09-01,379.0752258300781,381.3374718182199,375.8604631837604,376.63438864602057,11567200
2021-09-02,372.3579406738281,378.77756425764454,371.1474387988594,378.5295108429375,14832900
2021-09-03,373.3302917480469,374.2232779151266,370.20479474333473,371.8320395508646,7509600
2021-09-07,379.2041320800781,379.9780573660564,370.24444576627275,372.9531994071727,10793800
2021-09-08,374.6300964355469,377.90438920545546,371.8717438371521,377.1999260274363,11067200
2021-09-09,375.0567321777344,376.8724697008113,373.6378740295423,374.6995498243246,9098900
2021-09-10,375.7413330078125,380.80162791744493,375.31468846969415,378.3905260979454,11549600
2021-09-13,373.5783996582031,378.7775898927496,371.4352143764918,378.7081276647406,13026300
2021-09-14,373.5981750488281,375.6421325847237,372.1892184534272,374.46139601166345,8711600
2021-09-15,371.008544921875,374.6201868972512,364.80720954935725,374.06454967027025,17940300
2021-09-16,370.1551818847656,370.6512886562061,366.8312604601237,369.88729512897135,11934200
2021-09-17,361.8801879882813,368.5181001758093,358.77455421002566,368.5181001758093,26299000
2021-09-20,352.9303894042969,358.2188745657045,347.0763049441087,356.50233413802766,19822800
2021-09-21,354.696533203125,357.2365976294864,352.4243555514342,355.70858018739267,11751900
2021-09-22,340.5376281738281,347.1160093217714,338.0372607512432,344.52634630694666,43692900
2021-09-23,343.2662658691406,346.94740074109455,340.329321601349,342.67093155378745,21806300
2021-09-24,350.21173095703125,351.5909225024472,339.70419175115126,340.56741280535164,18801900
2021-09-27,350.82684326171875,352.3846257561215,344.3774553783491,347.08620919014766,15205800
2021-09-28,337.99755859375,346.87788247328035,336.2810484357312,345.26056945182785,21710300
2021-09-29,336.9656982421875,342.54196497120427,336.2414015814139,340.47814340744986,14452200
2021-09-30,336.7474060058594,340.1308279140143,335.5170404865727,337.7991500549551,16547100
2021-10-01,340.3392333984375,342.33356235954994,336.0032643427392,338.95010998438113,14905300
2021-10-04,323.68988037109375,333.32426674467087,320.1873672849246,332.9174555014666,42885000
2021-10-05,330.367431640625,332.57014704290987,323.6203912754051,326.02153122963404,35377900
2021-10-06,331.0421447753906,331.7763731159524,323.26316386368603,327.1724876898397,26443000
2021-10-07,326.6565856933594,336.201676355274,326.4184641021134,334.3760068358188,28307500
2021-10-08,327.4800720214844,330.8039934898283,326.1505094901377,328.92872561470415,15946100
2021-10-11,322.9159240722656,327.8868935538608,322.7769996356763,325.07894242521274,14708200
2021-10-12,321.2489929199219,321.8542589738375,314.89883180646416,320.51476453054045,31658700
2021-10-13,322.01300048828125,324.4538373921097,320.1476341318763,324.4240721962077,14761500
2021-10-14,325.9719543457031,327.9464498506444,324.55309607109666,325.80326469937097,14302200
2021-10-15,322.2312927246094,326.5077308425533,319.9988121641068,326.1207530110209,21596400
2021-10-18,332.7289123535156,333.2746480135661,324.94996119096635,326.38868305478695,21585000
2021-10-19,337.3427429199219,339.7935120917823,334.65385213782736,337.0053938787701,18786300
2021-10-20,338.1265869140625,341.3016828983417,336.80695600282183,340.77581084319115,13639500
2021-10-21,339.2179870605469,339.6446316371412,335.1697386557774,337.63043926024426,16354400
2021-10-22,322.08245849609375,327.06339039987455,318.60971071997267,323.80893083802226,35224500
2021-10-25,326.13067626953125,326.99389721879066,317.2305194575883,317.80598999710963,38409000
2021-10-26,313.35101318359375,327.638884727191,307.18937444715965,325.70408613688915,65654000
2021-10-27,309.7889404296875,316.7642010297312,309.63018261546694,311.74360248983976,29971800
2021-10-28,314.4523010253906,322.98531250204474,305.7108726419722,310.5528791401369,50806800
2021-10-29,321.050537109375,323.46160870461625,317.1114482093507,317.6968505547002,37059400
2021-11-01,327.41070556640625,330.85368850525396,323.46168392324455,323.5013809518082,31518900
2021-11-02,325.5254821777344,332.1832584136249,321.27880842933786,328.79980580521203,28353000
2021-11-03,329.0378723144531,329.56374431625284,320.6834506798263,324.94002526271333,20786500
2021-11-04,333.23492431640625,334.64385059003166,330.0598288683122,331.40925503173617,22495300
2021-11-05,338.47381591796875,344.0897482903848,336.99542740599173,337.6601935331412,26872800
2021-11-08,335.98333740234375,342.10530814583177,335.7055188278553,341.73819398810986,18342500
2021-11-09,332.7586975097656,338.6524492000935,331.86571125243444,337.3526516997646,17556700
2021-11-10,325.08892822265625,330.59570243398394,322.9755080862131,329.901140695636,21872600
2021-11-11,325.1881103515625,329.87136025560955,324.45388189862655,327.25193181705265,12376600
2021-11-12,338.2356872558594,339.1981053182596,327.2121791111643,327.6090584700832,25414300
2021-11-15,344.85382080078125,350.89639911973836,340.5277832312008,341.65889120087684,25076600
2021-11-16,340.28961181640625,343.95088289662846,338.2158887576288,341.15283291532756,18181100
2021-11-17,338.1166076660156,344.59576107300916,337.4518415302655,341.55958996835096,13602800
2021-11-18,336.0528564453125,339.793491148668,332.68923750827,337.07483533285813,17487200
2021-11-19,342.6113586425781,349.35842957953895,337.2534110290804,339.53552057480016,26488500
2021-11-22,338.35479736328125,351.0749537528082,337.8586905223181,346.3321735643987,27116800
2021-11-23,334.6240234375,338.74170365953904,330.9032225838584,336.29093495274225,17225000
2021-11-24,338.4043884277344,339.1187834740705,330.2186257334472,333.3837897309682,13566200
2021-11-26,330.5262145996094,335.1201687600475,329.315712704807,333.18533998164787,14750700
2021-11-29,335.3979797363281,338.01743831325274,332.6991573903865,334.26687191807986,16650900
2021-11-30,321.9336242675781,333.1952549665662,320.9116454450948,332.3915643527665,25390000
2021-12-01,308.18157958984375,327.92662605582126,307.8739957669234,327.71826965834975,30329600
2021-12-02,307.9731750488281,312.1503855715874,304.80801143553936,308.9752901333186,24396200
2021-12-03,304.4508056640625,311.30700500958125,297.167961754166,311.2871716391293,27471000
2021-12-06,315.39495849609375,317.60760590944744,303.954735944998,305.73080691553787,21758300
2021-12-07,320.29644775390625,323.9974151280257,318.5005436838794,319.0661126641519,18794000
2021-12-08,327.9861145019531,330.15906463751605,320.5544445697957,322.46940948818246,19937700
2021-12-09,327.2518615722656,333.5127262915377,325.44602574757516,326.97404300538653,16879200
2021-12-10,327.1824645996094,332.42135167676867,323.8287774793143,329.97058264885754,14528000
2021-12-13,331.8855895996094,338.43420684071566,327.02374795756293,328.3731744928033,22948700
2021-12-14,331.1413879394531,333.0861485777015,325.09881018765583,325.49568960853713,20461000
2021-12-15,338.999755859375,339.44623388206054,321.4574239023316,329.9011423842564,24681300
2021-12-16,332.2923278808594,341.7778874543909,331.14135647370017,336.34057631706844,22635000
2021-12-17,331.19097900390625,334.4851050733317,328.1746412454397,330.20866697035297,40012600
2021-12-20,322.9159240722656,327.3312563674149,320.0186470744069,327.2121955817415,17901800
2021-12-21,331.5978088378906,333.3837812684171,321.2291642430061,323.86845614497594,16116800
2021-12-22,327.87701416015625,331.90539917403015,325.7040638349438,331.2009056779404,16764600
2021-12-23,332.62969970703125,334.0485882622083,325.80326484001887,327.52973720926553,13987700
2021-12-27,343.4844970703125,345.1613404781223,335.3781289082556,336.2115846993633,17795000
2021-12-28,343.524169921875,349.963626048627,342.51212302101527,343.93098110318874,16637600
2021-12-29,340.2696838378906,346.9671246425637,338.97981846156387,344.20877245568903,10747000
2021-12-30,341.67864990234375,344.5263282790015,340.54754217986994,341.3214675520747,10593300
2021-12-31,333.7310485839844,340.7658393357724,333.6516545396448,340.34909630287945,12870500
2022-01-03,335.9040222167969,338.4242231212458,334.564527714693,335.6658703471166,14537900
2022-01-04,333.90960693359375,340.41852505150547,329.28588840398794,337.30299041650676,15998000
2022-01-05,321.64593505859375,333.1456884441966,321.3184875740911,330.42700225998425,20564500
2022-01-06,329.871337890625,336.529113208816,320.2071867379019,320.3064141577774,27962800
2022-01-07,329.2065734863281,334.37599809420357,326.31922814812157,330.1491582803403,14722000
2022-01-10,325.5155334472656,325.78342022706335,312.9739386071096,322.77701413394965,24942400
2022-01-11,331.7664489746094,332.02443419427567,322.74723119115595,324.23555155700546,16226800
2022-01-12,330.66510009765625,333.75086972930177,327.46023940386385,332.57013317263903,14104900
2022-01-13,323.93792724609375,333.0166761967169,323.22353219830933,332.37174337245716,14797100
2022-01-14,329.31573486328125,330.1392892257927,318.7089675405318,319.2844684675813,16868500
2022-01-18,315.67279052734375,321.6856032779629,315.16678211800723,320.7727836078139,22645600
2022-01-19,317.1015625,324.5530968357373,316.84357725675176,317.09163067373413,20814700
2022-01-20,314.09515380859375,325.2674893105411,313.519683208936,321.3779984398948,16925000
2022-01-21,300.8094177246094,315.83151624705846,300.68042510869054,312.35876856290434,28710700
2022-01-24,306.3062438964844,307.1198662942084,286.7596546601461,295.52088719382215,38878100
2022-01-25,297.81292724609375,303.8456033215666,295.2629308448496,297.614502679901,25108500
2022-01-26,292.3359069824219,305.1156233960731,288.58534066797705,304.61951658051186,28348800
2022-01-27,292.3458557128906,299.3607834777899,291.96880966646864,295.4316257497335,21629900
2022-01-28,299.3607482910156,299.54927129206766,290.7483417543587,293.31817127191175,21871600
2022-01-31,310.8208923339844,311.346764415902,296.98943008887505,298.33882626890477,21579500
2022-02-01,316.5161437988281,317.1710084195929,309.6897092695964,312.110712917288,18023800
2022-02-02,320.4850158691406,325.44608422624805,314.40274121853355,325.26749303258214,58458300
2022-02-03,235.90870666503903,246.06897966279848,233.91436272380943,242.74505795410397,188119900
2022-02-04,235.2439117431641,240.72093489028185,228.31826526183067,233.1404238189716,89342200
2022-02-07,223.15875244140625,236.44449122728196,222.26575116531183,235.849157043219,88613800
2022-02-08,218.465576171875,224.01206152431283,214.4669567033592,219.1303725857273,94729700
2022-02-09,230.1935577392578,231.55288554145957,220.47979314969592,222.45428854589056,86563300
2022-02-10,226.294189453125,233.1702232371406,224.934846367152,226.4926291683096,49310400
2022-02-11,217.8404998779297,228.6258569131585,217.066574477682,226.68112672688727,46156900
2022-02-14,216.00491333007812,219.2792214751233,213.10765122512285,217.60237794732865,38184000
2022-02-15,219.2792205810547,219.4280465752312,213.38546897199984,218.7533485483256,42685500
2022-02-16,214.8539276123047,215.7667774531357,210.70648200582244,210.7560957141251,45817500
2022-02-17,206.0926971435547,215.8064617968669,205.54697662595777,212.35356264731095,38747500
2022-02-18,204.5547637939453,209.10902068196484,203.5823835443195,207.75960955144296,37128400
2022-02-22,200.50653076171875,205.86447827017005,198.50225500397403,200.76450085331825,39852400
2022-02-23,196.90480041503903,205.3286999507496,196.50792100175775,202.57034715050105,44481400
2022-02-24,205.98355102539065,206.72771123120492,188.7388736778608,189.5723294747781,49957200
2022-02-25,208.8411102294922,209.67458114367503,201.59794806228433,203.34425365392673,37627600
2022-02-28,209.38682556152344,211.49031345595336,205.21953165332295,206.0629040921381,34239800
2022-03-01,201.9055633544922,210.10124274506424,200.64544776565825,208.2358762173396,27094900
2022-03-02,206.48956298828125,207.52145842115084,200.4469860879729,203.18549004210848,29452100
2022-03-03,201.38958740234375,207.45201285707276,199.85165335697488,207.3924824658934,27263500
2022-03-04,198.5022735595703,204.28688133945332,197.2421579013162,200.7942848206602,32130900
2022-03-07,186.01026916503903,199.32577274078756,185.821746174492,199.22654533313855,38560600
2022-03-08,188.8083038330078,195.16839612218251,184.66085859156553,186.3873155646888,37508100
2022-03-09,196.9543914794922,197.54972567093753,192.41005156205975,194.2158875067939,31894700
2022-03-10,193.6900329589844,194.7516936899463,189.5822690603511,193.3229036139037,24853000
2022-03-11,186.14920043945312,192.0528685324607,185.2165172013014,191.14003380617865,34694500
2022-03-14,185.17681884765625,190.79273600899157,184.3731282981707,185.57369820987867,31010500
2022-03-15,190.53477478027344,190.7828281781689,184.46243244458515,189.3143563018215,31721700
2022-03-16,202.04446411132812,202.1436763892557,193.00539743531633,193.1839886195729,40640300
2022-03-17,206.2216796875,206.42011938787329,199.5440861170762,200.12948853216992,29499700
2022-03-18,214.80433654785156,215.11192035410392,204.39601000543493,205.09055652600136,52128000
2022-03-21,209.84327697753903,213.0382062435741,206.0133315608624,212.8298347088417,30142300
2022-03-22,214.96310424804688,217.7512376208547,208.54348003353832,209.72421682594123,31998800
2022-03-23,211.7979278564453,215.1119177429049,210.5080471110632,211.66893523991357,23717300
2022-03-24,217.86033630371097,218.9517621240383,213.11754160891385,213.3259131158728,31502300
2022-03-25,220.09283447265625,223.74417336052977,217.18564066662415,218.79302190096217,40039000
2022-03-28,221.8490295410156,222.2955226216501,217.83056153535037,220.40040620029257,26224100
2022-03-29,228.0702362060547,229.09221508129363,223.53581243884693,224.3097530350269,31417900
2022-03-30,226.0758819580078,229.35017482946435,224.94475902387336,227.12762598483724,25588000
2022-03-31,220.62863159179688,226.71090621508176,220.5294041691088,226.6712091900149,24192300
2022-04-01,223.0992431640625,225.51031504373785,220.9659747526021,222.8015760438612,19544800
2022-04-04,232.06883239746097,232.5252573034455,224.10135860325244,224.2204193874321,28054800
2022-04-05,230.0347900390625,235.0157063910786,229.2211827858519,232.25735388242697,29727200
2022-04-06,221.56130981445312,227.20700787328028,219.68602663220452,225.14320167620593,28995100
2022-04-07,221.21401977539065,223.76401600245768,216.85820266353352,222.18638486720067,21037200
2022-04-08,220.598876953125,223.37707838161444,218.31678238186657,220.64849066684403,18375700
2022-04-11,214.77459716796875,218.89227821629825,213.5442466550797,216.7193276593316,20516600
2022-04-12,212.47262573242188,220.30119065314656,211.4704954183544,218.5251349202986,20128800
2022-04-13,213.3159942626953,214.92337535155505,209.6844890752935,210.17067915993815,19231800
2022-04-14,208.54345703125,213.3160173902609,208.3648658420038,213.21678996958275,18379500
2022-04-18,209.1288604736328,211.71853852275748,206.6780917200943,208.36485177792,16580800
2022-04-19,215.6179351806641,216.7292095688352,207.3726425799073,208.8808114924096,20089900
2022-04-20,198.8594665527344,212.49248814621333,197.37114601309617,211.94676758701675,43036500
2022-04-21,186.60562133789065,201.38959810560033,184.13500399279943,200.03027030150272,49954100
2022-04-22,182.6764678955078,191.21942859760424,181.84301200749343,188.88772030853815,36426800
2022-04-25,185.53402709960935,185.7225349666224,180.24552677813085,181.307187460691,29281100
2022-04-26,179.5410614013672,185.73248018162553,178.10235460110894,185.17684294621372,31747400
2022-04-27,173.58775329589844,179.7990196564615,167.6840858458877,173.07179802333297,71062900
2022-04-28,204.12811279296875,206.90631407931315,191.39800967095255,201.33999482037984,100890600
2022-04-29,198.9090576171875,210.82553726399675,198.3434886093317,202.867995252245,49193400
2022-05-02,209.4860687255859,210.23022894872145,199.42502311439333,199.60361430075616,49915300
2022-05-03,210.37904357910156,213.22669170109717,206.46971966222895,208.81134431020465,41556300
2022-05-04,221.6704559326172,222.5535254785159,205.34854436270368,209.00980002605064,41375900
2022-05-05,206.6582489013672,218.4556680856586,204.5547608988458,217.03680989451817,41129200
2022-05-06,202.18338012695312,207.74969932081515,199.454792583687,205.7255749921496,34747200
2022-05-09,194.6822509765625,200.99273052738985,194.05715151927015,198.2839763057758,36303200
2022-05-10,196.1110076904297,201.37967450866103,192.67795718797927,197.95652555162377,34452500
2022-05-11,187.2704162597656,199.107518248461,186.8040746168601,194.80131449139864,31153400
2022-05-12,189.7509307861328,196.5079028540961,183.3412243877256,185.6034701424628,38262200
2022-05-13,197.0734710693359,198.33358664883283,189.7906264841729,191.08050726208492,24549800
2022-05-16,198.48240661621097,203.7709070471389,194.4044080173516,195.5156975710409,27112600
2022-05-17,201.04229736328125,203.86019524944308,196.81547324400356,200.5461906062778,24872700
2022-05-18,190.7431640625,199.43495048394504,190.137913109661,198.44273679994532,23960000
2022-05-19,189.8005523681641,193.769407175624,188.12372392959503,189.7112567685913,24446900
2022-05-20,192.0330047607422,196.36898829099752,186.4071557210518,193.451878017089,31465600
2022-05-23,194.7020721435547,195.45616417554956,189.75093592706153,193.67017665237503,25059200
2022-05-24,179.8684844970703,182.24979113801103,174.73874187922655,179.14417279094744,50406300
2022-05-25,182.3986358642578,184.0060171216073,177.92375778337643,178.99533519495697,28030200
2022-05-26,190.1379241943359,191.32857765655257,180.8408711380723,181.456053953202,23056500
2022-05-27,193.61065673828125,193.8090964427136,188.3221561022746,189.8700069928172,22562700
2022-05-31,192.1322326660156,196.06140501525076,190.5149197225205,193.3724996128733,26131100
2022-06-01,187.1711578369141,197.9763624658303,183.55950122913976,194.9798733957611,36623500
2022-06-02,197.31158447265625,199.37539044535956,186.2682429666932,186.98263792416657,31951600
2022-06-03,189.29454040527344,195.0791484576515,188.3023266427382,194.45404894246056,19465000
2022-06-06,192.7375030517578,195.3867117016177,186.9330470969102,192.4795329510899,30574200
2022-06-07,194.1265869140625,194.99973973643617,189.99898979915577,190.43555107036437,18828700
2022-06-08,195.10890197753903,200.45693323180112,192.89626965875735,193.15423977117808,22267200
2022-06-09,182.5673065185547,197.8970039563833,182.24979089220236,192.76726134545828,23501600
2022-06-10,174.20294189453125,181.67430878576448,173.65722140885484,181.61476325461828,27450800
2022-06-13,162.98101806640625,171.23624337608868,162.75281315298358,169.26173264870567,31749300
2022-06-14,162.4551239013672,165.4516131279456,160.10358258056343,164.73721814492058,27244300
2022-06-15,168.03135681152344,170.8194742333732,162.7031601947737,165.898088771976,30008300
2022-06-16,159.61741638183594,163.7946428069884,158.36723254432198,162.4452315414264,26944100
2022-06-17,162.465087890625,164.60825812401563,158.6549755135271,160.4211148101069,31374200
2022-06-21,155.82717895507812,166.4537801817448,154.7555862436529,164.6380271268283,50724900
2022-06-22,154.63650512695312,159.53802789484112,154.22969389233737,157.14680447815155,47267800
2022-06-23,157.51393127441406,158.50614501472532,153.04896944301333,155.05324543763655,40499200
2022-06-24,168.8350830078125,168.92437860519823,160.04406921900008,160.4707138331624,68736000
2022-06-27,168.17027282714844,170.41266990358127,166.70178593534752,169.98602536256894,29174600
2022-06-28,159.4288787841797,169.96619782883943,159.35943170287592,168.57708966300072,27744500
2022-06-29,162.66351318359375,165.0349032740984,159.07170450541813,162.2963989666472,28595200
2022-06-30,159.99444580078125,163.9434517587167,157.25594166723448,160.8874320004222,35250600
2022-07-01,158.78396606445312,159.3693685465401,153.79313208602133,159.06178470476493,31423900
2022-07-05,166.88040161132812,166.93993200272172,155.7973779275584,156.90865227351182,28618600
2022-07-06,168.4481201171875,170.2539411358276,164.17168159339727,166.89033737772058,23085900
2022-07-07,170.84927368164062,171.37514571376303,166.47360777815038,168.13060278464656,24083400
2022-07-08,169.54945373535156,171.0576074080328,166.84069988354267,168.6564524697086,19249200
2022-07-11,161.61175537109375,166.1858606545308,160.64930697171704,165.76913276098287,21885600
2022-07-12,161.99871826171875,164.61816155285183,160.83783016973706,163.5168038543085,16639700
2022-07-13,162.21701049804688,163.6953991051211,158.3672168002053,158.91293732025682,16555100
2022-07-14,156.81935119628906,161.32399395376947,156.05534254020475,159.96466626461358,23765200
2022-07-15,163.41758728027344,163.6954058947358,158.57559489965857,159.2899748082911,23342800
2022-07-18,165.92788696289062,170.35316657049168,164.35027086909628,165.4516286428729,23574300
2022-07-19,174.4113006591797,175.11577895763392,168.19011731697498,169.04342159539536,25933700
2022-07-20,181.6643829345703,182.17042155610093,175.32413868697932,176.1079959030853,24784300
2022-07-21,181.74375915527344,182.41847226069277,177.47723774446465,179.2235433302716,27195800
2022-07-22,167.95201110839844,174.23272541696684,167.09870675194256,171.72242605878435,42583900
2022-07-25,165.35240173339844,169.24189263554436,163.52673221768362,167.68410990943246,26166300
2022-07-26,157.91078186035156,164.70745079555678,156.7201286175358,164.6479204044126,28468400
2022-07-27,168.2595672607422,169.5395160150193,160.75843561805868,161.3239894406539,43846600
2022-07-28,159.46856689453125,160.25240895674543,153.64427805738555,159.80591587624482,73214300
2022-07-29,157.86117553710938,158.89307092618188,153.9617685690305,156.46215085405942,42065400
2022-08-01,158.6847381591797,163.9037921865568,154.0213365507477,156.02561256985382,40596700
2022-08-02,158.9427032470703,160.97674420933518,156.77966966857088,157.0773367845084,27374500
2022-08-03,167.48568725585938,168.21991575542236,160.3119859442989,161.4232605209222,31721900
2022-08-04,169.24188232421875,170.80956650112654,165.50123278418064,166.98955319565712,23938200
2022-08-05,165.80880737304688,170.27376835954388,164.50901004159635,165.68974659153304,25832700
2022-08-08,168.92437744140625,176.12784324049753,165.82867563352886,166.69189668226872,27299100
2022-08-09,167.21774291992188,168.20995643758116,165.30277809802828,167.63447078054156,18655100
2022-08-10,176.95138549804688,179.07472218493237,172.59556801298828,174.6196924150537,30262100
2022-08-11,176.10800170898438,181.6743207494852,174.99671215406823,178.3107171671491,24079100
2022-08-12,179.0945587158203,180.04709045423732,177.51694269092118,179.402142516149,21274000
2022-08-15,179.48153686523438,180.0272574321156,176.81247957083508,177.5665716777908,15878700
2022-08-16,178.07257080078125,179.58073966791372,175.66148395043294,178.0428056048491,21156700
2022-08-17,173.4885711669922,176.75294757211662,172.8138579795018,175.38368782395926,20118100
2022-08-18,173.30003356933594,174.3914594614701,170.52183242030472,172.9825179454566,18844500
2022-08-19,166.65219116210938,170.97824275855308,165.74927321620558,168.87473977974705,26240800
2022-08-22,161.78042602539062,164.20142956470605,160.996568824722,164.20142956470605,19499700
2022-08-23,159.8555450439453,163.76486932772292,159.44873380548583,161.21487292760173,18111800
2022-08-24,161.98880004882812,164.1716822581917,158.52598399302542,159.34952316474363,20891500
2022-08-25,167.46580505371094,167.56503246665474,162.74287391315033,163.89383014741966,15550500
2022-08-26,160.52032470703125,169.58915695402584,160.41118059882976,167.1681532011775,24023600
2022-08-29,157.9306182861328,161.7804114453021,157.77186049524462,159.40902182632365,20052700
2022-08-30,155.93629455566406,160.40125579993304,154.6960275433671,159.10145839344236,19567900
2022-08-31,161.6613311767578,166.53310288105587,160.8774892078266,165.76910942044498,40953000
2022-09-01,164.0724334716797,166.05686057455924,159.10144902935826,162.30629456131507,30145700
2022-09-02,159.07168579101562,166.62241647598805,157.98024481501335,166.14615820463135,22634200
2022-09-06,157.3055419921875,160.43102400577848,156.46216949199575,158.85340797014467,19339800
2022-09-07,159.1411590576172,159.7067281491609,155.5890320983898,156.5316321109827,16831200
2022-09-08,160.7981414794922,160.96681598296698,156.51178639006864,157.47423484046743,22530800
2022-09-09,167.8329315185547,168.21989423340526,161.75067218718405,161.97887708569115,22086800
2022-09-12,167.64443969726562,170.05551181144762,165.97751274599625,166.08665686268637,23220400
2022-09-13,151.9376678466797,160.3714831377137,151.48124294581012,160.2821724106022,44444100
2022-09-14,150.2906036376953,152.34447803217273,147.88944840773684,152.1361216428672,43064200
2022-09-15,148.38555908203125,152.99934664457024,147.54217139684576,148.63361250238236,34606300
2022-09-16,145.15093994140625,147.4231178621415,143.16651248084165,146.8972457962903,40122800
2022-09-19,146.86746215820312,147.4230993550111,143.9702002462915,144.10910954549348,22169500
2022-09-20,144.95248413085938,147.68107158621052,144.08926312614136,144.64490033101634,23217400
2022-09-21,141.01341247558594,148.43518218270748,140.8943516710801,145.25016940235443,38338600
2022-09-22,141.7079620361328,143.4542526254641,139.77313328922853,140.44784645009264,34418500
2022-09-23,139.31671142578125,141.509494943838,137.80854255554897,140.3188416841715,31710700
2022-09-26,135.30816650390625,141.13247074803093,135.12957531950997,139.028967578612,30497000
2022-09-27,133.35350036621094,138.33441682444828,133.0756817723629,136.84609644027194,30826500
2022-09-28,140.5073699951172,140.92409789474942,133.22452572729918,133.57179140700362,32658500
2022-09-29,135.34786987304688,138.7511554817555,134.1472846750604,138.2748971610571,38985400
2022-09-30,134.62355041503906,139.8922179917955,134.4449592124269,134.9906797870416,33166400
2022-10-03,137.53073120117188,138.53286151227974,135.04028045219258,136.0721759608596,27723100
2022-10-04,139.18772888183594,141.28130027797047,138.25504563332407,139.3961004088353,34670700
2022-10-05,137.89784240722656,139.11827604059891,133.73054829955544,137.1636140300522,27979300
2022-10-06,137.98715209960938,140.3486101635324,135.5363833056393,136.64765768866192,36231100
2022-10-07,132.41090393066406,137.21321419500794,131.4087736296269,135.695128574833,33214800
2022-10-10,132.7482452392578,135.05018796059127,130.84319702503913,132.51012367496634,24024000
2022-10-11,127.53913116455078,131.62706154565242,126.00120460626016,130.59515090965465,38481400
2022-10-12,126.5072250366211,128.66032657927067,125.26695812449736,127.3208473981632,34605200
2022-10-13,129.27552795410156,130.11891573104978,121.57595439906235,122.5681681884222,34325700
2022-10-14,125.77301025390624,130.76383636476277,125.53487351641806,129.97999420633082,23559400
2022-10-17,132.9962921142578,133.7404522461728,129.16634736306958,129.2854232793601,29612200
2022-10-18,131.76597595214844,136.7667260943057,130.37686775600895,136.02256585565274,25445000
2022-10-19,132.192626953125,135.9332768396588,131.19049656696248,131.85527792886984,30691000
2022-10-20,130.505859375,135.70506431958893,130.28757116213697,131.89495242051143,26356300
2022-10-21,128.9976806640625,129.106824762259,124.46327252621276,125.32649348650858,46348600
2022-10-24,128.70997619628906,132.44069465850714,123.60007357858127,126.25920688292302,63563400
2022-10-25,136.43930053710938,137.27277155210777,129.5731835448493,129.8609339964498,38433200
2022-10-26,128.8091583251953,134.49453719771353,127.5291944865806,130.65466082184523,82791500
2022-10-27,97.17740631103516,101.70189808643512,95.62954788524888,97.21709576502856,232316600
2022-10-28,98.42759704589844,100.06475118209325,96.75076102287782,98.80464310065244,95928300
2022-10-31,92.43462371826172,98.54665563117554,91.87897894800474,97.45522217208264,121361400
2022-11-01,94.45873260498048,96.73090267934045,92.8215862051481,93.5955116094301,110189600
2022-11-02,89.83502960205078,94.45874152287298,89.7754992022516,93.47645207623736,71821100
2022-11-03,88.21772003173828,89.75564666078411,87.7216132023707,89.37860819566096,60664000
2022-11-04,90.08306884765624,90.67839546190564,87.40408772855112,89.64649246454535,55638100
2022-11-07,95.96690368652344,96.12565393122964,92.37508761392576,94.04200681828183,81987300
2022-11-08,95.71884155273438,97.03848737963057,94.0519225003362,95.17312107695368,52088300
2022-11-09,100.6799087524414,104.0832014851854,99.95558954005476,100.92796213654816,107677300
2022-11-10,110.99893951416016,111.87208476763831,103.79546657050064,106.28592485654346,80671000
2022-11-11,112.13998413085938,114.00535064993956,107.9627655452432,108.37950103418012,59961700
2022-11-14,113.33064270019533,115.3646761117339,109.93727388231956,110.12578932554204,53395000
2022-11-15,116.16837310791016,117.81544379009492,113.51916454422182,115.16623522640658,50670500
2022-11-16,112.34835052490234,115.17615780277244,111.78278906932832,113.60845848030792,33287800
2022-11-17,110.58219909667967,111.45535188108413,108.94505276589892,109.55030364781972,35093800
2022-11-18,111.17754364013672,113.42986531772654,109.75867780342048,112.91391754527947,33357700
2022-11-21,109.0045928955078,111.4950512926187,108.33981156253068,110.65166362870411,24351100
2022-11-22,110.5722885131836,110.75088726803216,107.47657928580465,109.00458917284487,29029000
2022-11-23,111.36605834960938,111.79271052341537,109.86782118321184,110.85011058058302,21343100
2022-11-25,110.54251861572266,111.85224023892982,110.15554835501273,110.43337451628965,12007600
2022-11-28,107.93299865722656,111.1676172464969,107.53611168682706,109.91742593923476,23309400
2022-11-29,108.60770416259766,110.07618368108776,107.6948694302875,108.68708307062184,23899200
2022-11-30,117.18042755126952,117.2399655163382,108.52832353355872,108.6573161495498,43348600
2022-12-01,119.50221252441406,120.25628943600728,117.4780958022648,118.2718621676244,36551400
2022-12-02,122.52845001220705,123.07417049645396,116.6942370232965,116.91252521699526,39950500
2022-12-05,121.4767074584961,123.699263731685,120.4051149880342,120.80200192931514,35474900
2022-12-06,113.2314224243164,119.61135638173694,112.8543763993124,118.97634026277038,43689200
2022-12-07,113.04290008544922,114.97771365164438,112.00107273750456,112.87422558377872,29461100
2022-12-08,114.4320068359375,116.42635090508423,113.6977632539732,115.48375092633268,30619400
2022-12-09,114.99756622314452,116.62479604138488,112.98337367800492,114.40223953329873,26033400
2022-12-12,113.81681823730467,114.81895606727694,112.25904322793656,114.28315982857858,24747100
2022-12-13,119.2144775390625,122.33995220727564,117.71623273284158,121.17905642537492,44701100
2022-12-14,120.64325714111328,123.17340504101888,118.46039008353992,118.46039008353992,36922000
2022-12-15,115.24561309814452,117.70629862846144,113.12227656392382,117.40863908543344,34531000
2022-12-16,118.50007629394533,122.34986252333044,117.8948253630125,119.29385024041144,67064000
2022-12-19,113.588623046875,116.88277209293447,113.43978948398286,115.9203236322201,29769900
2022-12-20,116.17829132080078,116.41642804447906,111.58434489885498,112.37811883780395,28742500
2022-12-21,118.82750701904295,119.40298517401476,114.71974317671535,115.7913281490696,20392800
2022-12-22,116.20807647705078,117.69639709374974,113.48940536682116,116.28744782341558,23618100
2022-12-23,117.12090301513672,117.25981232393048,114.6403688295484,115.12655141032664,17796600
2022-12-27,115.96994018554688,117.6765490439602,115.14640852758336,117.01176764934272,21392300
2022-12-28,114.71974182128906,117.23004107638656,114.61059771715531,115.34483367860928,19612500
2022-12-29,119.32362365722656,120.08762488808055,114.8685786200722,115.49367810621536,22366200
2022-12-30,119.4029769897461,119.48235589188384,116.8232232301799,117.2399586814086,19583800
2023-01-03,123.76873016357422,125.38604327854202,121.32788546177092,121.86368174801888,35528500
2023-01-04,126.37826538085938,128.04518474828575,124.8700962736693,126.38818206775602,32397100
2023-01-05,125.9516143798828,127.51931390341454,123.57029989363043,125.14791610415372,25447100
2023-01-06,129.00762939453125,129.3152132188516,125.0586155413681,127.96580198249362,27584500
2023-01-09,128.46189880371094,131.91479796779146,128.2733757932046,130.13874224666318,26649100
2023-01-10,131.95449829101562,132.4009914039198,126.15996665938664,126.27902745216674,28684400
2023-01-11,131.8553009033203,132.80783288245752,129.3251525005948,129.9403353966972,25423000
2023-01-12,135.6455535888672,136.60798703423046,130.73408322737612,132.40101026363502,30757700
2023-01-13,135.91339111328125,136.32020225231057,133.79005498319407,133.919047573612,22423800
2023-01-17,134.30604553222656,135.68522195416884,133.20468773197197,135.11965288431784,21147600
2023-01-18,131.9842529296875,136.1813120791631,131.7659647337358,134.75252212019842,20215500
2023-01-19,135.0898895263672,136.37977036748882,131.1111180301182,131.45839888195158,28625200
2023-01-20,138.28482055664062,138.85038964114324,133.56188872561822,134.8319210690861,28688600
2023-01-23,142.15444946289062,142.6406244467156,137.5803440727501,138.20542835766489,27470100
2023-01-24,142.0254669189453,143.87098498713812,140.25932776271534,140.5867600970698,21970200
2023-01-25,140.39822387695312,142.05521876598272,139.21748727495543,140.12040528118638,26622000
2023-01-26,146.153076171875,146.36143256354927,142.18422150401676,143.27564745369034,25482100
2023-01-27,150.55850219726562,151.99720893784095,146.24236683556117,147.08575448002523,35771900
2023-01-30,145.9149169921875,149.94330143789412,145.8057729000142,148.24662480680917,28040100
2023-01-31,147.81007385253906,148.71299193940402,146.3713670374125,146.7980116547346,29842100
2023-02-01,151.92774963378906,152.38417457555312,145.91493732172768,146.87738577590028,55661000
2023-02-02,187.3001708984375,195.62484263627775,178.75721095112047,181.95214004621323,150475700
2023-02-03,185.0775909423828,195.23786307187535,181.4659342518953,182.0414199235635,76809700
2023-02-06,184.61126708984375,189.215137765212,184.075478386839,185.0776087109676,42483800
2023-02-07,190.12796020507812,192.27114515851267,182.96417698960028,184.13499687970855,47080700
2023-02-08,182.00173950195312,189.34412947288163,181.49571599932648,188.52059034038672,36139100
2023-02-09,176.53465270996094,185.19667372941453,175.88971988644266,184.6807335265915,37118800
2023-02-10,172.7939910888672,177.4970889680082,172.00023232679908,174.97687310448828,33433600
2023-02-13,178.0328826904297,179.59066534207818,174.45100605417406,176.83231268780145,31463200
2023-02-14,178.08250427246094,180.096696800279,174.51054416410403,175.78057644351702,24034600
2023-02-15,175.7805633544922,176.80254214167127,173.96481066679146,175.04631984701354,25308900
2023-02-16,171.0972900390625,174.4807415430628,170.45234221145122,171.4048737867033,25827500
2023-02-17,171.53392028808594,171.83157230516784,168.37867264719293,168.8946280434358,24171300
2023-02-21,170.74012756347656,176.78270508862917,170.541687860479,172.95275977485835,34592600
2023-02-22,169.78759765625,171.41482746265245,168.36873938126783,169.7379990849405,22433200
2023-02-23,170.70042419433594,172.33758574816875,168.06114747660433,170.66074231120285,20017800
2023-02-24,169.06329345703125,169.39072579815928,166.35455426767354,167.3269194643697,19791300
2023-02-27,168.21986389160156,171.77198990670246,167.7436056684524,170.5416549019025,19277000
2023-02-28,173.5778350830078,176.16751296792663,170.53173231868809,170.56149751299935,46051100
2023-03-01,172.06968688964844,176.46520116867393,171.70257268922543,173.23057502664264,30998400
2023-03-02,173.17103576660156,173.64729404817407,170.09516759732804,171.0377826149936,17352000
2023-03-03,183.80758666992188,185.1669145848466,175.67143741347317,177.5268721750104,45877700
2023-03-06,183.46031188964844,188.18325891520777,183.20234177126963,186.5361804963786,33209400
2023-03-07,183.0733337402344,188.87778960526148,182.5772269189493,187.5283784457669,36701500
2023-03-08,183.52978515625,183.8175204925179,179.9280442692842,181.4461301502409,19432400
2023-03-09,180.2752990722656,187.45891615214956,178.89612271521787,184.89901827847535,26582800
2023-03-10,178.1122589111328,183.33131216676873,177.40779572946437,179.60057931970218,25665000
2023-03-13,179.49142456054688,182.34900442013023,173.4587795191688,176.57432945052895,24728000
2023-03-14,192.50930786132812,192.80697500171783,185.10738693821187,186.119449159545,41642600
2023-03-15,196.2102508544922,196.2400160530316,189.35405084464165,191.4476222684607,42123600
2023-03-16,203.33433532714844,204.1578744706101,194.563170324946,196.71627212123457,50447100
2023-03-17,194.08689880371097,200.3279155543498,193.9082924866934,198.9983529920165,50141100
2023-03-20,196.2697906494141,197.807724920832,192.1322613145537,196.93457201525695,25186300
2023-03-21,200.58590698242188,201.9650832943874,196.4086810237472,201.61780247498055,31827000
2023-03-22,198.2542266845703,205.75536020155923,198.11531736536608,200.9232840906904,28477800
2023-03-23,202.68939208984375,206.26136708985172,200.57597228650752,201.26060208984055,27389700
2023-03-24,204.40591430664065,205.96369689550627,201.96507737654167,203.58237521787427,27716400
2023-03-27,201.26060485839844,204.2570941974041,199.79213295596273,203.2152668797388,18527200
2023-03-28,199.1174163818359,199.4646971950384,196.3590638071846,198.5915443892571,19127300
2023-03-29,203.7510681152344,204.1181823011788,200.962935191242,201.9749972989551,18851100
2023-03-30,206.2216796875,206.4697330979613,201.240778106222,201.7964153232587,22608300
2023-03-31,210.28973388671875,210.5179387549934,205.1599918530368,205.62633341427852,25440300
2023-04-03,211.4109649658203,211.8276928727448,206.57887430271677,207.21389041897956,17924600
2023-04-04,213.0481109619141,214.5562799124581,210.885077384689,211.72846502268536,21026400
2023-04-05,209.83331298828125,213.51443184447075,208.30531081437692,212.48252129536033,19396600
2023-04-06,214.4174041748047,215.25086011742312,207.0253993928286,207.62073371754508,26104400
2023-04-10,213.077880859375,213.98079891244384,209.019730673576,213.0381989750547,16106100
2023-04-11,212.1848907470703,214.33799250651623,211.74831432764745,213.80218866814147,16710100
2023-04-12,212.33370971679688,215.15159269813535,210.92476822612764,213.16716550452043,18972200
2023-04-13,218.63427734375,219.42803612820575,214.0105582384014,214.05024012163284,23310400
2023-04-14,219.76541137695312,220.38057900800283,215.8560870919412,216.1835194200745,21591200
2023-04-17,217.15589904785156,219.25938732513404,215.43937352233297,218.07865055591148,15481900
2023-04-18,216.19342041015625,218.7235681147785,214.52650883156815,218.19769611867787,12281000
2023-04-19,214.0204620361328,215.6377749850263,211.27202623352863,211.80783003474696,15898100
2023-04-20,211.4109649658203,215.0623038493368,211.11329784945184,211.8177610468795,16475400
2023-04-21,211.2323760986328,211.74833146698396,207.94815114120425,208.57325062324549,17717200
2023-04-24,211.13314819335935,212.25435452781915,209.06935700458936,212.01621778758587,15750900
2023-04-25,205.93392944335935,209.61503330899023,205.51720156083385,209.17847205585224,19198200
2023-04-26,207.76953125,212.44286418050763,207.25359105527792,210.84539960612796,41992700
2023-04-27,236.70248413085935,239.8081176766573,234.9264283723866,238.02213009217323,71196500
2023-04-28,238.44879150390625,238.5579204709665,233.91436785871295,237.1489789055397,39554000
2023-05-01,241.28651428222656,242.10013676312872,234.61885231326875,236.76202234544343,29143900
2023-05-02,237.3771820068359,243.01294786638385,237.1291286121732,241.2864907891393,24350100
2023-05-03,235.18438720703125,239.8676365865375,230.93771423171293,237.60539080118016,34463900
2023-05-04,231.70172119140625,236.3452735137011,231.1163036684001,234.22193704205745,17889400
2023-05-05,230.9674835205078,232.85268332838044,228.0603049028967,230.43169483131584,27000500
2023-05-08,231.45367431640625,233.7853672287388,228.47703347004096,229.618073071823,16400500
2023-05-09,231.5528564453125,234.04332198542724,229.28069422335088,229.6577401929247,16865600
2023-05-10,231.26515197753903,234.9065741400188,228.92352723267723,234.33108842458907,19119000
2023-05-11,233.95404052734375,236.35521078761784,230.4912247167416,231.23538492451843,20449000
2023-05-12,231.9894561767578,235.1149380574056,229.64783150762847,234.89664985723425,16161400
2023-05-15,237.00015258789065,238.38924563922228,233.4976396213384,235.07525568820336,20653200
2023-05-16,236.96046447753903,237.77407177480512,233.68615649688385,233.9540432740443,18163800
2023-05-17,240.60186767578125,241.94134687586555,236.28573270445185,236.59331648061985,21193100
2023-05-18,244.92794799804688,245.1660695868322,239.3120150495156,239.42115915770188,22943300
2023-05-19,243.72735595703125,246.753610562604,241.51472379688204,245.5431087203749,21733600
2023-05-22,246.38650512695312,251.5956268801899,243.21140927966368,243.49915972156407,27738500
2023-05-23,244.8187713623047,249.6508463991325,244.7294606383974,244.88821843648043,17748100
2023-05-24,247.2695770263672,247.64660792831876,243.04273707413475,243.3701694042358,17724300
2023-05-25,250.72247314453125,253.6296519124668,247.2298768085311,251.4269363674874,22371400
2023-05-26,259.9996337890625,260.2675205330431,250.7422800254305,250.96055306645957,25727200
2023-05-30,260.4759216308594,266.5581962700264,259.25551819647967,263.18467584953015,23816500
2023-05-31,262.6587829589844,262.93660155320083,256.43761464566063,257.9755335993669,25473700
2023-06-01,270.48736572265625,271.866557317883,263.8197186411394,263.8296201878953,25609500
2023-06-02,270.48736572265625,273.20605188620755,269.0089769801132,270.5369945762739,19416900
2023-06-05,269.2768859863281,273.4243319144258,267.4611179895091,268.1953464254039,20742900
2023-06-06,269.0089416503906,274.4165177871543,267.5900834945639,268.036591718684,19419000
2023-06-07,261.5475158691406,272.11458484922684,260.75372680643784,269.5546870369073,26163600
2023-06-08,262.5198669433594,265.5659700319198,256.86426746253426,258.5907094762658,20899400
2023-06-09,262.8869934082031,265.8636340720592,259.6622993556924,260.43622471709676,16949800
2023-06-12,268.9394836425781,269.6340452732035,263.2640206504683,265.0897203172627,15442500
2023-06-13,269.20745849609375,273.5731932089615,266.99481079654396,272.73973724122914,16164000
2023-06-14,271.22161865234375,272.8488333609741,266.23078499484023,269.77299514100963,19175100
2023-06-15,279.63555908203125,281.7787441952247,269.3066416531064,270.1797642281489,25973500
2023-06-16,278.8120422363281,285.6087119553762,277.94882118522963,282.53284351172397,43127700
2023-06-20,282.1160888671875,282.5824304857627,274.0692508402336,276.55971674793904,20701600
2023-06-21,279.447021484375,281.78863078326714,276.19253217277145,281.3222892323925,20556200
2023-06-22,282.6618347167969,283.0388807556065,275.6270434409826,276.90697727173125,17563100
2023-06-23,286.4818420410156,287.4145252422429,276.7779942979955,279.3180586775212,51092000
2023-06-26,276.30169677734375,287.53356095482366,275.43847587019695,286.4520518647239,24232700
2023-06-27,284.8149108886719,287.0970204097257,278.4647497013113,279.81417598610125,26108300
2023-06-28,283.0686340332031,287.29544349247846,281.84820037160534,282.60229241746646,16722100
2023-06-29,279.3378601074219,284.33862453027575,278.5044044169383,282.2847353573238,15395700
2023-06-30,284.7454528808594,286.799311897848,282.2053886384394,282.5427376087658,19694900
2023-07-03,283.79290771484375,287.1465943473465,282.6320348220263,284.46763593933775,8629300
2023-07-05,292.0779113769531,295.79871236153565,284.13027078429906,285.41023480138307,33865500
2023-07-06,289.7164001464844,295.7986735357306,289.0417022570287,293.5860568864933,47600500
2023-07-07,288.26788330078125,293.89374904947334,286.4124482803724,289.9050300670265,25586000
2023-07-10,291.8100280761719,295.8086477039445,284.8149039740183,293.24871963934146,37058300
2023-07-11,295.9674072265625,297.84267521035605,289.6271477024056,291.6115749292531,27585900
2023-07-12,306.9313659667969,307.04052521355806,297.7633215569858,299.4004680187438,36677100
2023-07-13,310.96966552734375,313.7776166697492,307.8739639648475,311.17802190329286,30281000
2023-07-14,306.46502685546875,312.4282406131699,304.9667745464392,309.36230405201036,23054100
2023-07-17,308.2013854980469,309.2828946951575,302.3373994520956,305.1453809142804,25323100
2023-07-18,309.6202697753906,311.75355343232627,305.22477039697566,308.4593967151567,20731900
2023-07-19,313.5494689941406,316.19866268368173,308.10219505234863,310.5926611922204,21763700
2023-07-20,300.1643981933594,313.083036527988,299.86674627410804,311.0589126372255,23836900
2023-07-21,291.96881103515625,303.0815862304324,288.93263955652174,302.1985317891098,42139300
2023-07-24,289.3394470214844,295.20343411859324,286.05522181880013,293.47699182399936,24915700
2023-07-25,292.1771545410156,295.97731949491924,289.5874611705835,292.89154957975995,19585600
2023-07-26,296.2452697753906,299.42033564139683,289.62719066887496,298.8448649834203,47256900
2023-07-27,309.2829284667969,322.81673806688707,307.4274936654851,322.5885180117678,64229200
2023-07-28,322.94573974609375,323.6601348517515,311.80316851922714,314.4126955062819,39220300
2023-07-31,316.1192932128906,323.12431956427827,315.1171476788954,321.16965734963014,25799600
2023-08-01,320.1972351074219,321.6161235359721,312.2099279207589,315.0675078686695,22817900
2023-08-02,311.8626708984375,315.9109195600562,308.23116529432224,315.5239417009489,20461100
2023-08-03,310.7513732910156,313.48989245918426,307.5167473332486,307.5167473332486,15180200
2023-08-04,308.31048583984375,315.9306776121175,307.78461394024555,312.5075292128791,17612800
2023-08-07,314.09515380859375,314.60119246481474,308.04264442618995,310.79109564375017,16236500
2023-08-08,310.2056579589844,315.41477908225454,307.69532861558554,311.95193321184496,15183500
2023-08-09,302.83349609375,311.1879477003987,300.4918865961825,310.4437875207549,19955800
2023-08-10,303.359375,309.90799078632176,301.5039404211993,305.54225702209254,14358900
2023-08-11,299.2913513183594,302.34735615356055,298.021288729232,300.21410278081095,14046300
2023-08-14,303.805908203125,303.8257415758813,295.9277291848271,298.63648342400137,15641900
2023-08-15,299.59893798828125,304.83782509841706,297.6938743664323,303.75631580203975,11623600
2023-08-16,291.9985656738281,298.735674605063,291.988633847669,297.8625520218376,18547700
2023-08-17,282.87017822265625,293.7448310552386,282.73128406097686,290.76819018544745,23950100
2023-08-18,281.0445251464844,283.4655289505489,272.2435946407065,276.85738220141786,35347900
2023-08-21,287.6427001953125,288.23803437738405,279.6553932823788,281.24294100791803,20181500
2023-08-22,285.36065673828125,290.6193770623764,284.51726906518275,290.2720962228701,12980200
2023-08-23,291.9489440917969,295.08434296040133,285.4301232140553,286.25364724690445,18287000
2023-08-24,284.51727294921875,297.12830035290386,284.4081439787186,296.1757836977918,18360900
2023-08-25,283.27703857421875,286.1445509771802,273.8807727209963,283.90213811008715,23701400
2023-08-28,287.99993896484375,289.180675611169,283.57464435762574,285.7575264634264,14239300
2023-08-29,295.66973876953125,296.8207102483981,285.9361251901025,286.3330045979978,20844500
2023-08-30,292.8022766113281,295.96744081980256,291.1452663656537,294.8561662914278,17717000
2023-08-31,293.58612060546875,298.75554540509034,293.35790055805364,293.49679472781526,17229900
2023-09-01,294.072265625,299.3905158783328,292.17713405399326,297.038974539007,12842300
2023-09-05,297.81292724609375,299.0432927883047,293.20907155898277,294.70729361157686,14956000
2023-09-06,296.8405456542969,300.93836224382807,293.3578663505046,299.36074630859395,15418100
2023-09-07,296.34442138671875,304.65914513819365,289.9446321561456,295.6796250140112,33748700
2023-09-08,295.5705261230469,302.8732037411154,294.4691532729565,296.89015689806655,17548000
2023-09-11,305.165283203125,306.63377057265205,298.9341815604795,299.06317420320346,19489300
2023-09-12,299.3111572265625,306.2566524037513,297.8922990504119,303.94477776656885,13480400
2023-09-13,302.6846618652344,304.7881497375785,298.97379289345565,300.0056731795405,13210900
2023-09-14,309.2928161621094,310.4338557149774,302.65490493687196,304.3515816681793,19343100
2023-09-15,297.9716491699219,309.5706280070703,296.4237984522829,309.18365018768327,28131100
2023-09-18,300.1942138671875,301.23605631967,295.4811992467907,295.86817708684436,14234200
2023-09-19,302.694580078125,303.7860209854351,297.4755273722306,300.12475074361265,15924400
2023-09-20,297.3367004394531,305.6613578506982,297.0985485549638,302.67478484739934,19379500
2023-09-21,293.4273376464844,297.92206402517564,290.98647039875095,293.39757244980257,21319600
2023-09-22,296.7512512207031,303.00221551221176,295.947560570074,296.9695394393899,25369600
2023-09-25,298.4876708984375,298.60676199230585,291.4132117792063,293.3381090172465,18987000
2023-09-26,296.6321716308594,297.9617342313641,293.7051596565991,295.34230605304384,19417200
2023-09-27,295.421630859375,298.9539084139866,284.5569114576174,298.11055118276397,36429800
2023-09-28,301.59320068359375,303.9447417846952,294.38975141438783,296.6122999183905,22167100
2023-09-29,297.8724060058594,308.2212158114376,297.0290184758619,304.98659011566156,25373700
2023-10-02,304.4309997558594,304.78818213594394,299.28140848326984,300.3827511018216,16265600
2023-10-03,298.5968017578125,304.3813944694725,297.30693602326215,301.89095860230594,17362300
2023-10-04,303.20062255859375,304.51035179503504,296.1757635012426,296.4039835330329,16880500
2023-10-05,302.41680908203125,303.8257355185984,297.1679903566098,302.25805126327083,19130000
2023-10-06,312.9739685058594,313.8471214300376,298.5670360967991,299.0929081606846,21803900
2023-10-09,315.8811340332031,317.8357962026818,309.3920783387563,310.0667763769625,22503700
2023-10-10,319.333984375,322.1320336698553,315.68264601743215,316.63516248463407,19038000
2023-10-11,325.2674560546875,326.2795029836983,320.43538086899065,320.49491126011156,22036300
2023-10-12,321.635986328125,327.9663143762472,320.1774310246236,325.44608318054617,20530500
2023-10-13,312.2396545410156,322.5189713992757,309.9377120584877,321.01081784862896,21341000
2023-10-16,318.6494140625,319.3142105445774,313.0632462556419,316.15897834118726,16536100
2023-10-17,321.4771728515625,321.8740521941541,314.8293303133299,315.7024830350031,16387800
2023-10-18,314.5019836425781,323.4021419109411,313.10295866554907,318.8875816026241,16851000
2023-10-19,310.3743591308594,319.3836763111059,309.3226150513973,317.3893171227114,18709200
2023-10-20,306.2467346191406,312.8449492839968,304.08371614626304,311.6940081053693,22312300
2023-10-23,311.5649719238281,314.8888629365929,304.86753077519865,307.09007933345515,17796800
2023-10-24,310.1163330078125,315.87118976703397,308.21129994817363,314.31340722600686,19525500
2023-10-25,297.19775390625,308.4593849099364,296.5131240641257,307.5862320515774,42192500
2023-10-26,286.10479736328125,292.703011741462,277.22447353914265,292.703011741462,66684100
2023-10-27,294.4195251464844,296.97942267409155,290.6887926666057,292.18704475335653,29596300
2023-10-30,300.3033752441406,306.9908852950392,296.7214683615975,296.7611653844392,28435100
2023-10-31,298.9241638183594,301.3154020955398,294.5484984510661,300.94828792866167,19434200
2023-11-01,309.421875,310.3049295233318,299.49973714705766,299.49973714705766,20434600
2023-11-02,308.4494323730469,316.3375424870294,305.92920138835984,314.82935845841877,21631800
2023-11-03,312.150390625,313.0929753347785,308.5982491394363,310.11633466819546,16764300
2023-11-06,313.3410339355469,315.8513330615882,312.0015698372686,313.5196553912785,12887700
2023-11-07,316.33758544921875,318.5006040914344,312.66638257356414,314.59127961258827,14055600
2023-11-08,317.2900695800781,318.8279885761275,312.4282289074521,315.66285499199586,13609700
2023-11-09,318.0540771484375,321.6558175852299,316.3177032404489,316.9329011458724,16103100
2023-11-10,326.21002197265625,326.5374693849102,316.9725166965042,317.4487900779858,19096200
2023-11-13,326.6268310546875,329.74236633406514,323.16401492354265,323.66012177465035,16908900
2023-11-14,333.69140625,335.46747735371565,330.7345983528603,331.9351988006026,17179400
2023-11-15,330.1193542480469,335.7650516417798,327.450297436741,335.2987100726681,14531200
2023-11-16,331.5878601074219,331.97480765966105,323.838674437655,326.8053833646593,18932600
2023-11-17,332.4313049316406,332.8877147805215,326.7856062436665,327.6885243942522,14494400
2023-11-20,337.3228759765625,339.20807585654825,331.58788228778786,332.28244395513093,16960500
2023-11-21,334.3561706542969,337.2534175899777,333.28456294277595,335.6956348737611,12027900
2023-11-22,338.8310241699219,340.2499126792458,335.9436788615161,336.5687782957013,10702700
2023-11-24,335.596435546875,339.1981456805994,334.1477818085071,337.4816354360319,5467500
2023-11-27,332.0938720703125,337.2533641257745,331.59776531805926,333.56232867781216,15684500
2023-11-28,336.35052490234375,336.73750279402384,330.8040537479839,330.8040537479839,12637200
2023-11-29,329.6133728027344,337.25339941898335,328.20441615570996,337.04504303961954,16024500
2023-11-30,324.6026611328125,330.9032233148891,319.88964670778785,329.3057740125749,23146400
2023-12-01,322.2908630371094,324.314957194441,318.26247781580844,322.9457277162317,15276400
2023-12-04,317.5281982421875,318.3616540663768,311.2177340247724,314.81947438356156,19037100
2023-12-05,315.81170654296875,319.3737500866392,312.9342928735929,316.4963364172633,16952100
2023-12-06,314.97821044921875,319.74082348141286,314.5713992512257,319.42330787127855,11294300
2023-12-07,324.0470275878906,325.6841739294483,315.29569659562253,315.29569659562253,15905100
2023-12-08,330.1590881347656,330.57583118602076,320.48500516162073,320.5743007554703,14087400
2023-12-11,322.7472229003906,327.3213431195111,317.5083365583756,326.83513788878696,25802500
2023-12-12,331.61761474609375,331.86566813423246,322.032828194819,322.0725252153085,18485500
2023-12-13,332.133544921875,335.7352848543165,330.04992074802453,331.329854390829,16353300
2023-12-14,330.57586669921875,332.09395251766085,326.08113964618735,331.25056477853514,19607300
2023-12-15,332.31219482421875,336.02306402754414,328.64099236363404,329.40498594080213,31776900
2023-12-18,341.9366455078125,344.8537559101192,334.39581610239355,334.85225615932194,18993900
2023-12-19,347.6319274902344,350.8467200070785,342.432738138237,342.8891478963245,17729400
2023-12-20,346.56036376953125,352.1961297303839,345.0819752003526,345.93526435895194,16369900
2023-12-21,351.3329772949219,353.6349205550923,346.4909691545501,350.2316345223176,15289600
2023-12-22,350.6383361816406,354.41866711750606,348.48521960716823,352.811255844975,11772800
2023-12-26,352.067138671875,354.2004221377004,350.6979093378439,352.2258964816082,9898600
2023-12-27,355.0438232421875,356.20472662149,352.54345556056035,353.297547679764,13207900
2023-12-28,355.5299987792969,359.08211028758853,355.0239601332717,356.8992584473952,11798800
2023-12-29,351.20391845703125,357.19689709783825,349.0805970920824,356.19475166917226,14987100
2024-01-02,343.5936584472656,350.41016108257946,337.3625582064885,348.58449167928967,19042200
2024-01-03,341.787841796875,345.24075624582997,340.507877692872,342.29388045472786,15451100
2024-01-04,344.4172058105469,345.43918468397345,340.72616973060616,341.81761082843025,12099900
2024-01-05,349.2096252441406,350.7475443733981,343.5639268458326,344.2882234705981,13920700
2024-01-08,355.86737060546875,356.1848862578455,349.3088222783808,351.9382128171741,13890200
2024-01-09,354.64691162109375,357.8319391849978,352.5930221333329,353.62493279017207,13463900
2024-01-10,367.5853576660156,370.03612636295736,356.28403071762176,357.3655701410914,22117200
2024-01-11,366.7916259765625,369.8773958319146,360.10408551905675,369.2324630283158,17205400
2024-01-12,371.5740356445313,374.1240316871446,366.6625968326006,367.27776437721,19310000
2024-01-16,364.5987854003906,372.685319838908,364.3705956613117,370.740589744383,15306900
2024-01-17,365.5017395019531,365.670429146602,355.8177245328264,363.44784996748376,12724800
2024-01-18,373.2013244628906,373.91571950102383,368.06166503074314,368.59743859937487,16354300
2024-01-19,380.4643249511719,381.3672126996037,375.02698340921194,376.0489622272857,21670800
2024-01-22,378.8073425292969,387.3106211461021,378.19217488438653,384.92931433872445,17680500
2024-01-23,382.2007141113281,385.35594628431977,379.1049820556081,381.62521323149974,15506100
2024-01-24,387.6578369140625,393.06538246549474,384.7903252881106,386.9632753335336,15698500
2024-01-25,390.1185607910156,392.4105719303832,382.6571249452781,387.13201825545184,15091100
2024-01-26,391.0710754394531,393.7004353737154,388.5409126393493,391.27943181312344,13163700
2024-01-29,397.89752197265625,399.7926537489581,390.03920652616733,391.9144746495499,18742400
2024-01-30,396.9449768066406,403.1959104756482,396.4588018243719,400.4474896600289,18614700
2024-01-31,387.1022338867187,394.90101835810526,384.0858960218771,385.97109583241945,20180800
2024-02-01,391.70611572265625,397.3815791884309,389.9895751539661,390.8726598643205,29727100
2024-02-02,471.2915344238281,482.176118971358,449.48269858581074,456.0213826629202,84707600
2024-02-05,455.8328857421875,468.2256247901911,455.6443627225016,466.2213640776909,40832400
2024-02-06,451.1793823242187,463.4828252605775,449.4727736721461,460.3871235847148,21655200
2024-02-07,465.9335632324219,467.8485281410699,452.6279757242275,454.4338116753669,23066000
2024-02-08,466.34039306640625,466.9257954581502,461.40909025193133,464.6734814817839,18815100
2024-02-09,464.4651184082031,469.9024601255168,463.8301174160843,469.2674591333979,18413100
2024-02-12,465.2489318847656,475.4191208672625,462.94698916007474,464.5444687360727,19382000
2024-02-13,456.5373229980469,464.2468421541009,451.54648973334866,453.3126287541774,20916600
2024-02-14,469.5948486328125,470.4183725927847,462.4608304684062,464.2864998480657,16858400
2024-02-15,480.2611389160156,484.8153956241021,468.5430989342173,471.5792700729416,24212300
2024-02-16,469.634521484375,475.23059012184814,465.556508076683,474.3872025542275,23324600
2024-02-20,468.0768127441406,472.47231216578257,462.9272212212838,466.0626201453324,18015500
2024-02-21,464.8784484863281,465.84191805812145,458.68047616341727,463.3587521836112,12921800
2024-02-22,482.8565979003906,486.6905916388559,472.8543980185372,477.0062442785985,21625800
2024-02-23,480.7707214355469,491.0311497339842,479.1020412033738,484.76364134369345,18374300
2024-02-26,478.49609375,482.8664896839337,477.3637859395402,480.2144553473004,12101400
2024-02-27,483.77044677734375,483.98896662437915,476.6884819469768,476.74807551325114,10809600
2024-02-28,480.7607727050781,487.7434340041243,479.4993353400965,481.7341846503299,12715500
2024-02-29,486.82965087890625,488.3890863550295,479.36026837522473,485.1510282882917,17732000
2024-03-01,498.9176940917969,500.8545756713837,488.5380785343457,488.7963071827619,16273600
2024-03-04,494.8353576660156,501.023417843007,493.0772871660998,499.61296631053943,12324100
2024-03-05,486.9190368652344,492.24293001218,484.60473958064495,491.6668488599236,15325300
2024-03-06,492.74951171875,499.583189220119,490.96164437082433,494.2791504217165,11757900
2024-03-07,508.7410888671875,516.3494823533294,498.0038821618696,499.8910821445539,18586400
2024-03-08,502.5431213378906,520.0444695551262,495.9875573729022,510.7276263527499,18597100
2024-03-11,480.3336791992187,493.9712373423791,472.7947911045604,493.6633271933071,20428300
2024-03-12,496.3849487304687,498.92770862416097,481.46609635131176,489.9386586459235,15448200
2024-03-13,492.2330322265625,497.6066070345607,487.72359432803495,492.0542515512413,12090700
2024-03-14,488.5182189941406,497.97413488615047,484.8729481404794,496.8914781058929,12620000
2024-03-15,480.84027099609375,488.5182008794358,478.05910688483056,485.7172126645795,29153600
2024-03-18,493.633544921875,494.070584561547,483.5320123264852,488.5976770138942,11755300
2024-03-19,492.89849853515625,493.28588697301825,478.039241983051,484.88286188860536,10903100
2024-03-20,502.1159973144531,504.7779741854075,491.835714780714,496.1365447643778,11711100
2024-03-21,504.3409729003906,511.5719209963109,502.6027566454652,511.2441867233573,9712500
2024-03-22,506.1487121582031,506.5361006295545,500.9440055787889,503.5860980145008,8120600
2024-03-25,499.6328430175781,503.80457393392254,496.871563696633,502.38421028695126,8380600
2024-03-26,492.5508728027344,506.56584667768334,491.87542863664703,501.7286443250279,11205400
2024-03-27,490.5345458984375,496.5239715871602,484.7835550778648,495.9379177172375,9989700
2024-03-28,482.310302734375,489.57110826984064,481.88320544172586,489.5214267607809,15212800
2024-04-01,488.04144287109375,494.0804891364972,478.5358763202007,483.919393448101,9247000
2024-04-02,494.0209045410156,494.1798308024733,481.38655471994537,481.83353672480007,11081000
2024-04-03,503.3277282714844,503.8243613949514,495.3915406583472,495.57032130789605,12099200
2024-04-04,507.4796752929687,526.4311846012982,507.1419380470807,512.9426101041053,26476300
2024-04-05,523.7891845703125,527.1265454718879,510.946195332254,513.3797103903854,19263300
2024-04-08,515.7536010742188,527.9111726495528,515.3960397041614,525.7160926076674,13260600
2024-04-09,513.4193725585938,522.3289421324931,503.32775304353936,518.7134382659121,10863800
2024-04-10,516.3297119140625,519.0413099030587,502.3941546225541,505.8606751200009,11418500
2024-04-11,519.63720703125,520.3325056145172,513.8067382940332,517.6010230992423,10369500
2024-04-12,508.45306396484375,516.6872509060779,505.9003620426098,514.2636784657437,11984500
2024-04-15,496.8616638183594,515.0384571853876,493.9315158038892,513.2405867962719,13512900
2024-04-16,496.3948059082031,501.3710497609368,493.76262580382166,494.7558921640913,9847900
2024-04-17,490.8424987792969,499.77195453488656,483.8598367935751,499.7123609723866,12193700
2024-04-18,498.4210510253906,508.76098785932845,495.67965646364473,496.4544030177161,14808700
2024-04-19,477.8306884765625,499.41434858815046,472.5266493809035,499.41434858815046,25215400
2024-04-22,478.4862060546875,488.69698284246,470.2122804474179,486.4223944308952,17271100
2024-04-23,492.7594909667969,495.4015833562038,485.67749634188175,487.94214263107534,15079200
2024-04-24,490.1769714355469,506.56586713703933,481.317021755362,504.6389278841395,37772700
2024-04-25,438.4078979492187,442.7683213792549,411.70889412672494,418.5624257469969,82890700
2024-04-26,440.3050537109375,443.4338366860677,429.05132886461274,438.48735929530994,32691400
2024-04-29,429.7068786621094,436.7988148712777,425.6742197513567,436.60014947867506,21502600
2024-04-30,427.2734375,436.65978716345234,426.826455477513,428.1474865043682,18429500
2024-05-01,436.2326354980469,446.9301028028631,424.2339614329034,425.7139488551081,20344900
2024-05-02,438.7059020996094,440.9705483091824,429.3692038781096,435.8850291236209,15221300
2024-05-03,448.9166870117187,451.1118276457246,440.8613108178751,442.9272916540199,16489100
2024-05-06,462.5442810058594,463.0210597810658,450.2873775023874,452.5122844958483,15094600
2024-05-07,465.0870361328125,468.3548909827228,458.2037074526032,463.1501848954651,13406800
2024-05-08,469.4176635742187,472.3775777745394,459.8823009478723,460.3789341022437,11683900
2024-05-09,472.2187194824219,472.8742486238149,464.4811658331385,466.8352023225762,9437700
2024-05-10,472.9934692382813,474.2847034264408,466.437904971436,473.87746056720033,10750000
2024-05-13,464.858642578125,470.1626818020876,459.7333840408823,469.56671586760143,14668800
2024-05-14,468.6727600097656,469.3581162552764,456.9819950045203,460.2498499695703,10478600
2024-05-15,478.2975158691406,479.25104313597546,468.02714482052664,471.78169064027946,13100500
2024-05-16,470.0434875488281,474.4734473766368,469.5667087460528,471.8015582324169,16608200
2024-05-17,468.73236083984375,469.61635219313234,465.265870726958,467.6596161293241,10807300
2024-05-20,465.6830139160156,470.0136711690709,463.89514652631107,466.78555537893186,11745100
2024-05-21,461.5013427734375,467.53047671083374,459.1572184570371,463.97456625143184,11742200
2024-05-22,464.630126953125,470.53013143312546,462.514464800629,464.7195172862058,10078600
2024-05-23,462.6435852050781,471.165796891298,458.4321457091645,469.6957821377868,11747900
2024-05-24,474.9998474121094,476.618876454476,463.1600988761399,464.4712177669983,12024300
2024-05-28,476.68841552734375,477.6220580395815,471.6426053305284,473.37087913585106,10175800
2024-05-29,471.1658020019531,476.618854768797,470.5102728984341,471.4638000883628,9226200
2024-05-30,463.9050598144531,468.5535696018269,461.5808200768087,468.4939760428169,10719600
2024-05-31,463.6865539550781,465.9611425660609,451.3998530718608,462.66349074515693,16919800
2024-06-03,474.2748107910156,476.370618865676,465.0870956775249,467.6894490543309,11279400
2024-06-04,473.7781066894531,475.6653370045295,470.04344582485936,473.788049052822,7088700
2024-06-05,491.7264709472656,493.3057609159678,480.651556438236,481.1879287918604,15690500
2024-06-06,490.4352111816406,499.4342020437463,487.58454155763394,489.6604646276873,10667300
2024-06-07,489.64056396484375,495.550510782331,486.8693727151729,492.57071177763146,9380700
2024-06-10,499.2156982421875,499.2752918011658,490.087577609636,490.53452930197295,11220900
2024-06-11,504.0528869628906,504.1820164411717,494.914824216535,496.792112209235,9673700
2024-06-12,505.41363525390625,510.5488355125895,501.0730662457402,510.5289507862748,11983200
2024-06-13,500.70562744140625,505.93018839723624,497.9840567348044,502.30477188866905,9954600
2024-06-14,501.2623596191406,504.2351649770315,497.87195484771325,499.76102858798566,10243300
2024-06-17,503.7181701660156,507.81448578396373,493.1592130256088,498.78668605391897,11266600
2024-06-18,496.6192321777344,503.09182645286137,492.174921746173,501.66010025060115,13060400
2024-06-20,498.8165588378906,500.7752377414344,493.9148702900185,499.1148224913511,11801200
2024-06-21,491.9363098144531,500.55649337523585,489.5600618320149,500.55649337523585,22359200
2024-06-24,496.04254150390625,504.88143086237153,491.4490995948573,496.3308832381368,13525300
2024-06-25,507.6653442382813,507.77469745154934,492.65212507473245,494.1932043482864,12063200
2024-06-26,510.1709289550781,510.8569657298351,501.7794339307379,503.7381129188355,8882300
2024-06-27,516.5738525390625,519.8747782877508,510.9464098062174,511.294373925033,10121200
2024-06-28,501.3220825195313,518.8805883141397,500.9442616501529,514.1777926036766,15855100
2024-07-01,501.77935791015625,503.6684316425156,490.335531960126,502.0478255113692,10328200
2024-07-02,506.5716857910156,507.5659383637164,496.5794595722456,497.8819280151092,7739500
2024-07-03,507.0289916992187,508.34141226916296,503.1116344581956,503.459628898402,6005600
2024-07-05,536.806884765625,537.7613890905714,508.659626943001,508.659626943001,21354100
2024-07-08,526.2777709960938,539.6902282867122,523.6231336593002,539.2328502639116,14917500
2024-07-09,526.9537963867188,534.3907852639005,525.1542018868099,530.6822430592663,8753200
2024-07-10,531.616943359375,535.7828643236683,525.3233071938398,527.739333812602,10983300
2024-07-11,509.7532958984375,532.3824937070442,505.44816535369097,527.8387522591509,16458300
2024-07-12,496.0027465820313,505.1697559706881,491.3894306970728,494.8991408562319,19750500
2024-07-15,493.3083801269531,503.76790669294775,490.5344068407608,495.764185294849,12539200
2024-07-16,486.9750061035156,501.0536270420419,482.9979955675087,498.61769595186473,14075800
2024-07-17,459.334716796875,476.4159983287152,456.4812168894572,476.4159983287152,28076600
2024-07-18,473.1150512695313,476.48555141727223,461.8700580864728,472.2699305884637,19267200
2024-07-19,474.0496826171875,483.9126509383544,472.975872869739,473.3238673312673,15149400
2024-07-22,484.59869384765625,489.23191443908513,481.11880987205853,483.78339946267863,12023100
2024-07-23,485.88128662109375,492.3737546328562,484.9168604229217,487.024670998181,9455500
2024-07-24,458.6188354492187,473.562449170336,457.93279880328066,469.5953914420506,17649700
2024-07-25,450.8040771484375,460.88578278239254,440.10590941212183,460.5974713733936,18240500
2024-07-26,463.0234375,467.0700224305545,456.7795325266989,461.5320586336811,14222400
2024-07-29,463.0333251953125,471.2359083542564,462.34728854009927,467.1793714880281,11339600
2024-07-30,460.5278625488281,470.0130408141906,454.07517290776104,464.315962513696,11390400
2024-07-31,472.1009216308594,473.7613367281888,464.06737443417023,468.3128218694942,24285800
2024-08-01,494.8792419433594,524.1400864636705,489.2716734818862,518.0055653777843,43083100
2024-08-02,485.3344421386719,498.2696468567978,473.4133337307261,486.1894847459628,24044700
2024-08-05,472.9958190917969,480.70127704758426,448.20907773008906,448.75593488709967,21396200
2024-08-06,491.250244140625,499.6715645445627,475.8989821739981,476.2469766387254,20955000
2024-08-07,486.1099853515625,507.21794823147314,484.0617971194812,500.2383060346242,20105300
2024-08-08,506.700927734375,507.02901772261134,491.87661869501426,494.6406395475425,16156800
2024-08-09,514.794189453125,515.3609207187151,502.7935532579475,504.7919803564355,13696600
2024-08-12,512.984619140625,515.0427292166193,506.1739830538234,513.8893622667638,9767400
2024-08-13,525.5022583007812,528.4452679044376,515.1720196917782,517.0213150020412,13743800
2024-08-14,523.7325439453125,530.9309235361922,520.1234019137161,525.0250602739767,11444200
2024-08-15,534.24169921875,536.6676776843767,523.6727905580083,528.73350167096,13482100
2024-08-16,524.3887329101562,530.5928599406125,521.6445857964466,528.8430261939557,14776700
2024-08-19,526.238037109375,528.6043024311272,519.7554908387405,523.8418543972291,9879700
2024-08-20,523.70263671875,528.0376240435813,522.8575463080886,525.3133210272216,7944400
2024-08-21,532.0841064453125,536.299787744821,523.9014283237659,524.1201954153424,13423300
2024-08-22,528.872802734375,541.1020981439891,525.5520328797932,533.9136709320021,15708300
2024-08-23,524.96533203125,536.7671046219766,522.0422271868836,533.834047542885,11323900
2024-08-26,518.1249389648438,524.9654020892407,511.99041707220374,524.5676767533054,9584000
2024-08-27,516.1165161132812,520.9983305112823,512.348320490828,515.9972106523948,6282700
2024-08-28,513.809814453125,518.095040120393,509.5046843177006,514.6946530207725,9106100
2024-08-29,515.2415161132812,524.169945083232,512.7161365376401,516.0667627034325,8317400
2024-08-30,518.313720703125,520.5308841553244,512.2388530507853,518.3534689531028,9157500
2024-09-03,508.8186645507813,522.4697318344816,505.69669716450665,516.6533790353354,12459100
2024-09-04,509.7929992675781,513.6209076689888,501.1728473864135,503.1613523166981,8335200
2024-09-05,513.8893432617188,518.6319472042396,508.2121698645864,508.7789010834829,8640900
2024-09-06,497.3946838378906,521.5649898617991,495.38630472485954,518.8804959933531,14744500
2024-09-09,501.88873291015625,508.3911224777812,499.1942867622704,503.25085399381305,11047800
2024-09-10,501.88873291015625,511.22474819910406,497.1560812540827,505.23935901338297,9899000
2024-09-11,508.8882751464844,510.1708694464899,492.75157549409465,504.096000860634,10782500
2024-09-12,522.5791015625,523.6827679826088,512.2587555239991,514.07825463183,11970500
2024-09-13,521.6047973632812,524.5478069237411,514.1379505818885,517.3494277649944,10321400
2024-09-16,530.7208251953125,531.5368365725262,514.9170282546622,522.0227173210484,9527600
2024-09-17,533.7462158203125,539.4984461028365,528.0238099822781,535.02004153394,11690800
2024-09-18,535.3684692382812,541.5884764077421,531.3379167409221,534.4926873694405,10323500
2024-09-19,556.4168701171875,559.3726487545077,543.8972849270339,547.360565064833,15647000
2024-09-20,558.6560668945312,561.790974396656,553.630313904446,557.3125698177632,22066800
2024-09-23,561.701416015625,571.2254976602934,559.7110138514457,566.7670162500528,12830700
2024-09-24,560.6266479492188,565.0254197663409,551.5304953936857,563.9605473092387,12993000
2024-09-25,565.5826416015625,574.1115209135556,561.014642577983,561.3430758947455,16543400
2024-09-26,565.114990234375,574.6291098304922,559.6512854533856,572.967080344701,14400800
2024-09-27,564.6372680664062,568.1006091166316,561.8009692958777,567.3641092966835,9398400
2024-09-30,569.6929321289062,571.9221729211617,562.0895809864053,564.975688534177,12792300
2024-10-01,573.7034912109375,580.2419690688359,567.3640657014531,575.206254439428,15259300
2024-10-02,570.0610961914062,573.2357898880107,566.6077777940206,572.1012461423841,6524700
2024-10-03,579.973388671875,580.5605233296984,566.0007257701127,567.4139551254736,11581000
2024-10-04,593.0801391601562,593.9857454241755,578.6397616460487,580.9287120013399,14169500
2024-10-07,581.9737548828125,600.0565426843976,581.2372550118221,595.3491999625717,12014200
2024-10-08,590.0447387695312,590.7115064354323,583.1579040765794,586.8600834032629,7857400
2024-10-09,587.6762084960938,591.5375936051837,578.8188944511467,591.1394888701676,9529700
2024-10-10,581.0281982421875,587.3974479929923,579.7244874036023,584.7502401443048,7740400
2024-10-11,587.118896484375,588.3728595792917,579.9136502956993,582.0234717517561,8587100
2024-10-14,587.5865478515625,597.2200860857456,587.1287942740497,591.36829944158,8252000
2024-10-15,583.45654296875,587.7756815393129,577.3559556315927,587.3278289153324,9564200
2024-10-16,574.0220336914062,579.2866865055009,571.2753296162662,578.6099570311397,11268400
2024-10-17,574.161376953125,582.1627721197076,572.4396984468079,580.5306884411078,8701200
2024-10-18,573.7034912109375,581.1674987096003,572.4893751474343,578.3112766994918,7694300
2024-10-21,572.3997802734375,574.4698153606886,566.37882637357,573.2656610260642,8171900
2024-10-22,579.2169799804688,580.7297050326658,569.3744268963089,571.5339961936412,8544500
2024-10-23,560.98486328125,582.192594507908,559.8005716422192,577.1867042398765,14248400
2024-10-24,565.0552368164062,566.1499335882773,558.8252690153747,564.4083318879617,7184700
2024-10-25,570.4989013671875,578.5002945318031,568.9762148727665,571.1756306728498,11337900
2024-10-28,575.385498046875,580.9486994716219,571.3649070732059,579.2070973747049,10925100
2024-10-29,590.4329833984375,590.8210656933186,572.6387814957556,577.365987086118,13019100
2024-10-30,588.9599609375,598.3148749725009,586.5515914382872,598.0958991586175,26864900
2024-10-31,564.8563232421875,587.0692216746233,560.3082463955366,582.1927114188259,26838400
2024-11-01,564.438232421875,570.917001339198,559.8603316322354,564.8860850679225,15303200
2024-11-04,557.9893188476562,565.9608889972419,555.2127297782872,561.392889439504,12064600
2024-11-05,569.6829223632812,570.7278713037589,563.950554670974,564.5775361837109,9775400
2024-11-06,569.3046875,570.25014054464,552.5056907167225,560.0493308752114,18305400
2024-11-07,588.8605346679688,591.9456339468819,572.4496773656942,574.1216080144851,14653700
2024-11-08,586.5117797851562,590.2536844943522,581.7149037111028,588.7011733753752,9415700
2024-11-11,580.3713989257812,584.1830360838699,573.7433864354757,583.5460928122134,10209100
2024-11-12,582.0134887695312,596.78223842264,577.5947936518803,585.7156075410013,16287700
2024-11-13,577.2166748046875,582.8296239447234,572.409836177361,579.8141352631666,10757600
2024-11-14,574.3901977539062,577.972957894817,570.2601499390961,574.2309923162492,11053700
2024-11-15,551.4209594726562,569.8222153223612,548.8533240134138,568.4786575942975,17712900
2024-11-18,551.739501953125,557.2131078822542,547.4501877365338,554.3667866349945,14327300
2024-11-19,558.3973388671875,558.7356731812587,547.957629670582,549.2115926112795,9522400
2024-11-20,562.8060913085938,563.6320644076252,551.5404086524625,560.2284939812367,9797300
2024-11-21,560.3877563476562,567.2645685130409,546.4150954692434,566.7868914718125,11154700
2024-11-22,556.4568481445312,561.124344492429,551.9286945514399,560.8456589828163,9164000
2024-11-25,562.3980712890625,569.842216719163,553.7199469729902,559.4025063006017,13599800
2024-11-26,570.78759765625,574.7286157457173,562.4876547795837,563.2838034841143,10356600
2024-11-27,566.4684448242188,572.2206752566353,561.3928830685265,572.131141178584,7200200
2024-11-29,571.5639038085938,575.6840509462676,564.179528644509,566.2694266604135,7130500
2024-12-02,589.9850463867188,591.6470151067747,572.8078668096863,574.7285975175146,12522400
2024-12-03,610.7052001953125,611.2525486705784,588.412670496105,592.144674748723,14907200
2024-12-04,610.8345336914062,614.8153379179051,602.1961350667218,610.0184615359037,14697000
2024-12-05,606.0078125,616.9252004045749,604.1368295295009,614.1187259488262,8081200
2024-12-06,620.7765502929688,626.7676190380172,605.6096966963446,607.1721088209316,16935500
2024-12-09,610.6256103515625,623.394058813495,603.261097141148,620.925918521527,11426000
2024-12-10,616.3479614257812,622.5878918502519,609.7995210855536,614.5963977457716,10938900
2024-12-11,629.643798828125,635.3363804725623,618.547343463704,620.37847939692,10837200
2024-12-12,627.7628173828125,633.6046423977135,624.2000415346207,628.4694319605399,7474700
2024-12-13,617.3729248046875,628.0514729907906,613.9295681709151,624.2099509122261,8453300
2024-12-16,621.7454223632812,628.6278428855253,616.1080674222911,627.4624746323816,10885600
2024-12-17,616.964599609375,629.842921517428,614.0761642573996,623.6676857660912,12897800
2024-12-18,594.8035888671875,624.8530103874069,593.9370703121472,618.5184399880585,17075500
2024-12-19,593.18994140625,609.0762128607613,592.6222119922495,607.9507237965355,14958100
2024-12-20,582.9112548828125,600.699869104885,577.6822346553289,588.2199724400746,48989400
2024-12-23,597.4528198242188,598.6879155279142,583.9071932608068,587.2437814772281,10205800
2024-12-24,605.3213500976562,605.5603812991077,596.8852265249648,600.311421467438,4726100
2024-12-26,600.9388427734375,603.8770660163228,596.5464929509934,603.0603356402203,6081400
2024-12-27,597.4131469726562,599.4449732143511,587.443137370199,597.0147210627119,8084200
2024-12-30,588.8773193359375,594.5545535624791,583.2399641706625,586.397279422179,7025900
2024-12-31,583.1702270507812,591.5963807603267,581.5168266078615,589.9032228392957,6019500
2025-01-02,596.8453369140625,602.4926617179121,585.470989976871,587.3633608157467,12682300
2025-01-03,602.2138061523438,607.0643399858958,594.0266229827574,602.3432915147383,11436800
2025-01-06,627.681640625,628.4684617844035,603.1998488847688,609.385054699766,14560800
2025-01-07,615.4208984375,629.5740757337761,605.7994661876476,629.1757106264704,12071500
2025-01-08,608.2794189453125,613.976592361968,600.3811160103171,610.9487626580363,10085800
2025-01-10,613.3988647460938,627.3927055003096,594.9529163376031,607.592206559942,19256600
2025-01-13,605.8990478515625,606.5364441234269,596.0585248079975,604.6739217603003,10785000
2025-01-14,591.8753051757812,603.0703790506547,586.198070906463,602.6520744429687,13598000
2025-01-15,614.65380859375,619.9724951874059,604.0762539890142,607.7714496616591,15524300
2025-01-16,608.8571166992188,613.7873477153851,607.2735046849263,609.0563296194044,8355300
2025-01-17,610.3212890625,622.4724872092602,601.2576176946507,621.5561807031561,17280600
2025-01-21,613.99658203125,619.0164197693068,606.5763408669152,615.3611025019545,11674000
2025-01-22,621.0083618164062,631.1676126122295,616.954619104307,620.8091489005574,12274000
2025-01-23,633.9066162109375,634.0559803027825,618.6677705767347,624.8529151272735,9910200
2025-01-24,644.9025268554688,649.3945139716581,631.6656574969397,633.8568781379164,19065300
2025-01-27,657.2430419921875,661.2170877274049,622.601998034938,624.1059736130031,28399200
2025-01-28,671.63525390625,679.8522851881131,656.8345913596311,663.3385252994983,20950100
2025-01-29,673.78662109375,678.3283961259809,663.0098523603809,672.3025851139503,21377800
2025-01-30,684.2545776367188,707.949485012391,673.3981124232191,694.0353417764899,29322900
2025-01-31,686.4258422851562,702.481417524633,682.8402531791974,688.2385763659028,19303900
2025-02-03,694.6728515625,701.1866947109021,672.5515846641146,673.2089204422564,21415700
2025-02-04,701.3759155273438,704.8818683424153,688.846170752285,699.6926666804768,13826300
2025-02-05,702.0532836914062,715.27027526588,696.2167152646796,700.7385512118227,17778200
2025-02-06,709.1447143554688,716.0271344480996,700.6886520762018,703.0591459116995,13080700
2025-02-07,711.6646728515625,722.1127432544886,708.9057228017197,713.9355299622597,16427100
2025-02-10,714.533203125,718.3180056858356,708.4874523182466,715.6885408700438,12904300
2025-02-11,716.923583984375,720.7681443890708,707.2025763439763,710.4694982653,12998000
2025-02-12,722.4813232421875,724.194420792667,709.7523640548277,712.4415867780556,12016500
2025-02-13,725.6485595703125,726.0868036941785,715.170579657767,718.6367143797072,12569100
2025-02-14,733.72607421875,737.9491204423847,722.7202448085826,723.2381862179419,16901200
2025-02-18,713.5072631835938,734.0548271850589,703.6169523863489,733.058823348987,21938700
2025-02-19,700.9577026367188,704.1747758653347,692.6111848713654,701.2863401626805,17535500
2025-02-20,692.0633544921875,702.810214344655,690.8681376921594,694.493606362119,12587400
2025-02-21,680.8184204101562,701.0572259638877,679.6331733954379,693.79637977263,15660400
2025-02-24,665.4600219726562,684.5235492434307,659.8027276987779,683.5375152106747,15677000
2025-02-25,654.8724365234375,665.3304754336978,639.2949239757804,663.3085587312514,20579700
2025-02-26,671.0078125,680.2806060030118,655.3705397430182,657.0139704281752,14488700
2025-02-27,655.6095581054688,685.8980689317682,654.9422525540249,679.7228329637242,12500000
2025-02-28,665.5297241210938,666.9540022019403,640.0319914083209,655.41029188353,17534200
2025-03-03,652.4323120117188,678.5276251290609,648.2391746953033,670.9878686638693,10843800
2025-03-04,637.4424438476562,647.1534810781478,621.1578057314852,642.9304346142569,21495200
2025-03-05,653.8466186523438,656.8645394995948,635.1117886533837,638.4384682626843,13770000
2025-03-06,625.420654296875,647.9602249904791,621.6159125135576,645.4104577126469,13446500
2025-03-07,623.1597290039062,632.2532488274342,598.2098452417057,622.8709097782997,21375700
2025-03-10,595.600341796875,607.6719037832956,584.5247836759429,605.6400777825496,21999900
2025-03-11,603.28955078125,612.4726776603288,590.9590175004934,592.6721150475107,17401500
2025-03-12,617.0841064453125,630.7990981033598,606.9148858522937,627.3828123944874,15747000
2025-03-13,588.2797241210938,618.0203842680918,584.1662233882897,617.771383307468,16480300
2025-03-14,605.7103271484375,606.9664182577417,592.9302511563588,600.9252674163599,12364500
2025-03-17,603.018798828125,611.1932483347241,596.1402333361115,605.5708348514025,15473900
2025-03-18,580.548828125,598.3832042849959,572.8727631895948,598.183814121998,20297700
2025-03-19,582.2435302734375,590.4778508331983,572.9824447250121,582.4628776976826,20537500
2025-03-20,584.1775512695312,608.3023019039958,577.7077447799743,580.947637342476,24336500
2025-03-21,594.3956298828125,595.6815960079244,579.1432258888485,581.6055148479699,25015900
2025-03-24,616.92529296875,620.6038191496141,610.2960116120224,613.0573552722462,15741300
2025-03-25,624.3621826171875,631.9086473292332,619.2481319746062,624.81079529283,15312500
2025-03-26,609.079833984375,624.8008087872727,604.7234295430264,622.9466079863333,12609800
2025-03-27,600.7059326171875,612.3396207064936,598.2336042918504,600.1277194388429,10436500
2025-03-28,574.9462890625,599.8785159717515,572.1350521556752,598.4429920373162,17602800
2025-03-31,574.5675048828125,576.9002542510486,551.5792239532071,561.7475141060938,21124700
2025-04-01,584.1775512695312,588.0753644727768,568.2273109618308,569.0647253499337,12836600
2025-04-02,582.114013671875,590.8168445483201,571.5768782871228,573.1220457329204,13470800
2025-04-03,529.9666748046875,550.8415545424743,528.6507726588703,544.5212449573834,34777500
2025-04-04,503.1602478027344,516.3889657610956,492.66299842221946,505.04435388504976,38589800
2025-04-07,514.6444091796875,537.6924987241373,480.4012351429563,483.591294981514,36606100
2025-04-08,508.8624877929687,545.7274587202911,501.29606629091035,541.5604660254379,28034200
2025-04-09,583.9483032226562,586.0617052580021,500.5484476857142,507.6861840842117,39216600
2025-04-10,544.5910034179688,579.4921312343394,533.6351923102783,573.7002029040485,28173500
2025-04-11,541.8794555664062,545.6975609575977,526.9460641882466,533.844525327306,17642300
2025-04-14,529.8270263671875,556.0353008675298,526.6370273527008,554.4402405149555,14130900
2025-04-15,519.8981323242188,536.2670503486098,515.890614744966,530.4551641641592,15558700
2025-04-16,500.7477722167969,511.7733722747432,494.0885548667942,506.92850187672303,18735100
2025-04-17,499.9203796386719,505.72225598652767,496.4611703190648,503.67864377215466,14593500
2025-04-21,483.1526489257813,491.9651517419281,478.3077483289627,489.80188733411177,16166000
2025-04-22,498.7240905761719,505.30357016721007,484.84736943102456,490.3402426542842,17399400
2025-04-23,518.6519775390625,533.6751170758674,514.9136400551463,526.8862986388891,18173900
2025-04-24,531.491943359375,532.2396108812093,515.8905900656315,517.1167453309313,13910000
2025-04-25,545.5679931640625,548.1499041120835,534.5822462279478,545.09942323875,17098900
2025-04-28,548.0302734375,556.7530605327843,538.9087668679174,553.9119485027396,15179000
2025-04-29,552.7156982421875,554.8390788259818,542.427786062415,544.3019441443117,11835000
2025-04-30,547.2926025390625,547.392267199569,527.8532478040685,536.7255930212515,29244000
2025-05-01,570.430419921875,591.1059077397648,568.7257162038675,590.238618351305,31159000
2025-05-02,595.1632690429688,602.460510920923,576.5313930797772,581.6454434907807,24739300
2025-05-05,597.4063110351562,601.3340602087777,586.2211731974465,589.3812975732367,13887700
2025-05-06,585.4833984375,594.1763099115676,584.7556882888333,590.687195299098,10600700
2025-05-07,594.9539184570312,601.2044382274429,584.8454392543059,588.5239657880628,13139100
2025-05-08,596.1502075195312,609.3988539126512,594.7645157959997,604.4044252029665,14622800
2025-05-09,590.6472778320312,605.0822238866388,589.8697353618245,601.8423317625629,10427300
2025-05-12,637.4413452148438,638.3983814888618,619.0986063028438,628.9578018482097,21965100
2025-05-13,653.98974609375,658.8644917290795,640.8307865245315,643.5323193603671,18570800
2025-05-14,657.309326171875,660.6090293889421,652.2750442210183,659.1536090398383,12348200
2025-05-15,641.8775024414062,655.2657270968772,636.5939979037247,652.2451822041022,14341800
2025-05-16,638.3485107421875,638.448175394899,624.2026405076157,635.9759078924747,18519000
2025-05-19,638.4381713867188,641.0001856510247,625.8474474759005,626.2960600859351,9592400
2025-05-20,635.1185913085938,637.3615937967512,630.2936778074568,634.0320152877193,6743500
2025-05-21,633.5234985351562,644.5989301458505,628.2100586075245,629.8250152939927,11464600
2025-05-22,634.5902709960938,641.2494888568199,628.7485102321639,632.0780887398586,8228400
2025-05-23,625.1098022460938,630.4830536161486,620.7135443903518,622.0593214688579,8454100
2025-05-27,640.3223266601562,641.0799727179783,630.7820830337338,633.4337833907804,9508400
2025-05-28,641.5784301757812,648.8557144048555,640.5516043549418,640.6014366817531,9042900
2025-05-29,643.0438842773438,651.288184072806,637.5111569296643,649.6233948044612,8858800
2025-05-30,645.4761962890625,647.3902077556168,630.8119856036413,640.5017256955665,16241000
2025-06-02,668.8134765625,671.166122188044,642.256314296396,642.3859148545713,15766300
2025-06-03,664.7760620117188,673.4789529536675,662.9617757833167,669.3617924489035,11585000
2025-06-04,685.8104858398438,686.8572081679845,666.4907528237472,667.238420321753,14031900
2025-06-05,682.49072265625,692.2203773049333,680.1280985848566,689.5088052796527,13083100
2025-06-06,695.5401000976562,700.6242144400436,689.7182360915449,694.0048506531133,11728000
2025-06-09,691.9014282226562,702.9968181048444,691.7818062976731,696.2877682898165,12773200
2025-06-10,700.2155151367188,701.0428899746662,689.4092014623567,699.1687320280228,10850100
2025-06-11,691.981201171875,706.6653705943312,689.8378634515371,701.5214452489874,9582500
2025-06-12,691.2036743164062,693.2174116991354,684.8634681659612,691.1438633468866,7322700
2025-06-13,680.7462158203125,692.409840070813,678.8920151692206,685.8104336581752,9274400
2025-06-16,700.4749145507812,705.4931583928874,691.8851025594383,697.6914734952734,13720300
2025-06-17,695.5963745117188,704.3158869977019,694.4291328649981,700.3552179138009,10066100
2025-06-18,694.1397705078125,699.9461410540869,693.2718138640435,696.5440968778995,10068300
2025-06-20,680.751220703125,700.1756339033776,677.079850298128,699.1081336202601,22538600
2025-06-23,696.8934326171875,697.4121728945754,677.1597462532054,682.0881746874048,11080100
2025-06-24,710.5313110351562,711.5189816994163,700.4649253469852,703.2384409706419,13823200
2025-06-25,707.0195922851562,714.9011073526044,703.7273361920762,711.6487356204278,9320400
2025-06-26,724.3888549804688,726.5138085370661,709.3840535476093,712.6862960420309,13964800
2025-06-27,731.9110717773438,733.7068421056694,724.1592578043636,724.8177454897765,18775700
2025-06-30,736.3606567382812,746.1476691378697,732.5296271967599,742.8054817668852,15402100
2025-07-01,717.5347900390625,736.0214022335938,713.693835204326,735.1534455733583,13431200
2025-07-02,711.8981323242188,718.6123446328994,711.1299169276585,713.6540184351263,9336700
2025-07-03,717.3253784179688,727.3219211703462,712.7461059372963,724.9075473573512,8601700
2025-07-07,716.6668701171875,725.29662738586,711.8382444141125,715.9186273791692,9457100
2025-07-08,718.9814453125,721.2161872254258,713.1351899702655,719.8793609595846,7770700
2025-07-09,731.0631103515625,735.8019810021477,721.0266226856489,721.0266226856489,11418000
2025-07-10,725.5360717773438,734.0760133186282,717.9139576323801,729.8359710403425,9913600
2025-07-11,715.828857421875,723.4608966552098,708.0371589748221,720.8071559255932,10873900
2025-07-14,719.2308959960938,726.294324886829,714.8711396040657,715.9186673172987,8939400
2025-07-15,708.7255859375,722.7725529543028,708.1569141283312,722.2039420372861,11529500
2025-07-16,701.2630004882812,712.2970836136572,697.6315755690009,711.6985138171127,13067600
2025-07-17,699.7665405273438,704.2460714207873,695.4766277838654,702.7395996705828,11803300
2025-07-18,702.6298828125,703.0588680042227,690.0294703606638,700.5447529444856,12779800
2025-07-21,711.2994384765625,715.3200251684316,704.1063709182977,705.1439122135475,9404400
2025-07-22,703.1586303710938,714.9209845240272,699.7665722015134,714.5119719450398,8921100
2025-07-23,711.9081420898438,712.955669824656,703.2783841619789,704.7150127643985,8771600
2025-07-24,713.1251831054688,721.9245248031309,712.3270697155897,715.3699112663372,10920800
2025-07-25,711.0101318359375,718.9614892126135,710.2319910963464,715.2401874661052,8271700
2025-07-28,715.9486083984375,723.0419351595109,711.0101939967738,713.5243091595448,8715700
2025-07-29,698.35986328125,722.7724995594365,698.270047363426,718.3130022321428,13267000
2025-07-30,693.5811157226562,706.8399547738821,689.5805015781577,706.4309422136296,27077300
2025-07-31,771.6278076171875,782.9113054874113,763.7163951695271,773.3836936232736,38831100
2025-08-01,748.2527465820312,764.2052724882252,743.5637464392476,758.9476005405788,19028700
2025-08-04,774.5509643554688,775.029820232538,756.6330226185955,758.2193240496142,15801700
2025-08-05,761.6712036132812,781.2950989411861,761.212259491104,774.6307577641016,11640300
2025-08-06,770.1812133789062,771.827371776558,758.6782598971715,768.1958857027562,9733900
2025-08-07,760.0449829101562,773.1841074016191,757.7702959207965,771.6776357205837,9019700
2025-08-08,767.49755859375,768.0961893607639,756.8027042152274,760.9629170758883,7320800
2025-08-11,764.0755615234375,771.6478049440495,762.8783609453131,768.2757194135389,7612000
2025-08-12,788.1489868164062,791.8103707559926,770.6201469797736,771.1888187456735,14563100
2025-08-13,778.2523193359375,793.5962894533881,776.4066172801486,789.2963900548351,8811800
2025-08-14,780.2974243164062,785.9641084064921,770.6999694623344,776.0573823379099,8116200
2025-08-15,783.39013671875,794.3843356438543,778.9904964215748,782.3127110697359,13375400
2025-08-18,765.572021484375,773.9922487170201,754.7873521125813,773.2739649293972,16513700
2025-08-19,749.71923828125,765.3724785334582,747.604210382002,765.3226078635242,12286700
2025-08-20,745.9680786132812,748.4423094323544,729.2872824481717,745.8184665954027,11898200
2025-08-21,737.3682250976562,743.7532539146816,731.392269728463,742.965126847803,8876300
2025-08-22,753.021484375,755.1265868650723,732.6693186706706,737.4979443181139,10612700
2025-08-25,751.5349731445312,757.1019160115399,748.3724176422635,753.0514312038815,6861200
2025-08-26,752.3331298828125,753.1013452690629,746.187589469264,749.0408739151204,7601800
2025-08-27,745.62890625,752.3830637406979,741.0995653139147,750.5373617239242,8315400
2025-08-28,749.3501586914062,751.2856157691724,739.0643171271723,742.2568318080029,7468000
2025-08-29,736.9691772460938,745.3894040667411,733.6269900366806,743.5337768140281,9070500
2025-09-02,733.3875732421875,734.2755025264773,720.0389186102121,724.3388175548104,9350900
2025-09-03,735.3230590820312,738.5155735710689,732.2702311831985,734.2755314397929,7699300
2025-09-04,746.8959350585938,759.3765729399474,744.0725487076684,746.8161054490425,11439100
2025-09-05,750.6870727539062,756.1741866261438,743.2844743615274,750.8566574056083,9663400
2025-09-08,750.537353515625,764.7140814935753,750.2580412178338,754.2286966166499,13087800
2025-09-09,763.906005859375,764.5045757250664,751.6647345226843,755.7152196596044,10999000
2025-09-10,750.2180786132812,763.9059640843684,749.2403942554,763.3372922969834,12478300
2025-09-11,749.140625,755.326049350588,746.6165236987539,752.8818385469593,7923300
2025-09-12,753.8197021484375,755.7950435825012,742.0174024328237,746.9757286440731,8248600
2025-09-15,762.9083251953125,772.2563664766384,750.2280827190908,755.6952236302711,10533800
2025-09-16,777.1748046875,779.5292605984961,763.3073480005289,765.2029206615051,11782500
2025-09-17,773.9024658203125,781.4547366857648,764.5145401578408,778.16248073438,9400900
2025-09-18,778.4218139648438,786.9318567440129,771.5479431530769,778.9206424262118,10955000
2025-09-19,776.5562133789062,788.9470955167301,767.3877436699294,784.5773532506886,23696800
2025-09-22,763.8824462890625,784.4181095052566,763.1935958899483,780.5445827585347,11706900
2025-09-23,754.1387329101562,769.3133047218867,749.815945650324,767.9655831903335,10872600
2025-09-24,759.3899536132812,759.8392144671293,751.2735837511626,756.2352564498105,8828200
2025-09-25,747.6595458984375,755.5064686568031,743.3068402529434,752.1920046258563,10591100
2025-09-26,742.5081787109375,750.6745134518627,736.1188402620083,748.7477432379202,9696300
2025-09-29,742.1587524414062,749.5264347617783,737.9158487633198,747.4698158948381,9246800
2025-09-30,733.1538696289062,741.7294934738761,725.087343094007,741.0107248479524,16226800
2025-10-01,716.1422729492188,720.6446913474787,709.0141800953496,720.28530706911,20419600
2025-10-02,725.8360595703125,726.5548890984803,716.9409630753169,721.3735522103992,11415300
2025-10-03,709.3735961914062,729.7794705550638,708.9942257916973,728.4117628788885,16154300
2025-10-06,714.465087890625,715.6830826309072,689.3571155710283,704.0125981338592,21654700
2025-10-07,711.889404296875,717.3003375901077,704.5716259627259,716.5216106896504,12062900
2025-10-08,716.6414794921875,718.4484549738279,706.6281969142439,712.2587946669486,10790600
2025-10-09,732.2852783203125,732.2852783203125,711.2504512938121,717.0807271377935,12717200
2025-10-10,704.1223754882812,734.0423674154782,703.333716456913,729.6995938834806,16980100
2025-10-13,714.5050048828125,718.7379155876384,706.4584651360833,711.8194939498104,9251800
2025-10-14,707.466796875,714.3552394376962,698.1623510959027,706.598254382022,8829800
2025-10-15,716.3519287109375,722.6913629779451,708.3253746524584,715.8627565899488,10246800
2025-10-16,710.881103515625,724.2786798244232,702.7047754671785,716.3519343648386,9017000
2025-10-17,715.7229614257812,717.3402516818879,704.9410060739878,705.8994251244851,12232400
2025-10-20,730.947509765625,732.5448748734839,718.9775387090459,719.9858621042338,8900200
2025-10-21,732.0457153320312,737.2669635645257,727.5332426508437,734.7911237948646,7647300
2025-10-22,732.1854248046875,739.3634223567747,722.8211423130082,732.6047674176828,8734500
2025-10-23,732.7744750976562,741.170406509876,731.8759534115667,733.4733185275871,9856000
2025-10-24,737.127197265625,739.9724753796752,729.9292742962166,735.5598112729552,9151300
2025-10-27,749.5663452148438,754.4881061640369,746.7610395763271,748.4781384032651,11321100
2025-10-28,750.1853637695312,757.1337649704751,744.2752651341964,751.3733793283152,12193800
2025-10-29,750.4149169921875,757.8924011644837,741.2702382858599,753.4897913670577,26818600
2025-10-30,665.3572387695312,679.8230975870755,649.08446528138,668.0328178882455,88440100
2025-10-31,647.2674560546875,673.7631824593219,644.4921293755289,673.383812052831,56953200
2025-11-03,636.645263671875,658.2291607688485,635.1177890022415,654.90470367213,33003600
2025-11-04,626.2725830078125,640.6684891460408,624.9647727272926,626.9913515895119,27356600
2025-11-05,634.88818359375,641.1576663615418,625.4938610947797,631.2542465797685,20219900
2025-11-06,617.9065551757812,634.938067569805,616.9681222612256,634.7882936522686,23628800
2025-11-07,620.6719360351562,621.0912176885568,600.1961723842201,615.4606203242017,29946800
2025-11-10,630.7052001953125,633.9397808237388,617.077966360211,630.0363359130761,19245000
2025-11-11,626.0330200195312,628.5088598168925,618.3558571038752,626.9514668906089,13302200
2025-11-12,607.9931640625,627.939784558569,606.7552442025384,627.0812350986922,24493300
2025-11-13,608.8717041015625,616.6187572691151,601.993193452889,612.0463872625083,20973800
2025-11-14,608.4424438476562,612.6553687237855,594.2062431482154,600.7852061056304,20724100
2025-11-17,601.0048217773438,610.6686515784111,594.4058732487083,608.0230519623859,16501300
2025-11-18,596.6920776367188,602.6520806612418,582.8053290854997,590.612218909938,25500600
2025-11-19,589.3343505859375,594.3359951431619,580.2794874440681,592.7286370493186,24744700
2025-11-20,588.1663208007812,605.706930555967,582.375956312388,602.4923362369276,20603000
2025-11-21,593.2578125,597.1213460929463,580.88848479756,587.517412968027,21052600
2025-11-24,612.0264282226562,615.6703584886146,596.6321908004635,597.7203367937327,23554900
2025-11-25,635.1576538085938,635.9862849922763,617.2675924687619,622.9580871825591,25213000
2025-11-26,632.5520629882812,637.2941320349476,630.5753884422047,636.6252677780955,15209500
2025-11-28,646.8681640625,646.9679727244463,634.4389389877349,635.0179876534709,11033200
2025-12-01,639.7999267578125,644.242508725797,636.6951341862962,638.4821234657416,13029900
2025-12-02,646.01953125,646.7882651016448,637.0046400682228,641.2675300698932,11640900
2025-12-03,638.5320434570312,647.7665988470103,636.4854785031988,643.3340098224904,11134300
2025-12-04,660.425537109375,674.9711573797597,658.9479666864565,674.87134871331,29874600
2025-12-05,672.2955932617188,673.5634922785046,661.2840414153883,662.8913386215002,21207900
2025-12-08,665.6866455078125,675.5801331063639,663.9595535520253,668.2224435191038,13161000
2025-12-09,655.8631591796875,663.3705623262879,652.2492080192432,662.6617867420982,12997100
2025-12-10,649.0444946289062,653.4171862971667,642.3257510862366,648.8648024836247,16910900
2025-12-11,651.6201782226562,654.1858943512054,639.730030479328,642.2158631242634,13056700
2025-12-12,643.1543579101562,709.8128965395189,637.543746077992,648.7150654102267,14016900
2025-12-15,646.9561157226562,652.4414097008485,638.1536544261938,645.1476664750544,15549100
2025-12-16,656.587890625,661.973233609148,642.6498114209788,642.9495426008936,14309100
2025-12-17,648.9443969726562,660.664343241777,648.644665798819,655.0491556477624,15598500
2025-12-18,663.881591796875,669.9863502083882,655.8984367998282,656.4679564970005,20260300
2025-12-19,658.2064819335938,670.4260003995075,657.6169598101359,665.8499012351181,49977100
2025-12-22,660.9341430664062,673.0038267300547,656.0883162216827,661.0840391473547,15659400
