Date,close,high,low,open,volume
2019-08-19,4.242949485778809,4.258850257406835,4.061336184347496,4.07748526485149,815112000
2019-08-20,4.170653820037842,4.237982512431912,4.149535710942096,4.23748542062351,463188000
2019-08-21,4.2541279792785645,4.309282857238454,4.215122175877021,4.236736886925757,427244000
2019-08-22,4.260341167449951,4.306303425891061,4.221086565934948,4.263819387290122,303488000
2019-08-23,4.035747051239014,4.238230190067459,4.015871437688934,4.183820680203914,568056000
2019-08-26,4.110527515411377,4.1386020504512615,4.072267105940194,4.114502825976818,318208000
2019-08-27,4.019843578338623,4.1515192365153615,3.9905270359422604,4.148786418812588,290968000
2019-08-28,4.009399890899658,4.062122404377937,3.9541904082343726,3.99348385731186,255612000
2019-08-29,4.153143882751465,4.185473535124823,4.097436813714103,4.100918475882633,357976000
2019-08-30,4.165826797485352,4.249138608999759,4.147672348467827,4.199400171587495,290616000
2019-09-03,4.082763671875,4.126035890590796,4.059884315139665,4.09296010286523,296140000
2019-09-04,4.196913242340088,4.204374150325406,4.143444587630888,4.143444587630888,227728000
2019-09-05,4.469976902008057,4.4761940885888105,4.297385108269852,4.2991259394861,695676000
2019-09-06,4.442869186401367,4.503549723228419,4.404819454977584,4.44659940341439,376976000
2019-09-09,4.488876819610596,4.575421741674363,4.472463201099678,4.473955477602737,417524000
2019-09-10,4.5555267333984375,4.5821363113629685,4.446350999984583,4.456049849152838,352812000
2019-09-11,4.584126949310303,4.63237312302588,4.541103270212947,4.570200296995046,361512000
2019-09-12,4.582633018493652,4.6853425165896105,4.574675002091586,4.630630620191949,327840000
2019-09-13,4.524689197540283,4.553040083077539,4.480919384377101,4.515985040709674,324592000
2019-09-16,4.481666564941406,4.516234645633512,4.439140463916523,4.4495854545422455,231832000
2019-09-17,4.503053188323975,4.50728098950377,4.441875060065912,4.488380398702678,223048000
2019-09-18,4.475944519042969,4.511756306315904,4.389400077978017,4.496088827261823,258152000
2019-09-19,4.400344371795654,4.50031839084641,4.389650352610692,4.4819149064224515,245476000
2019-09-20,4.294650077819824,4.422974981792765,4.284454117212806,4.399349477724203,350244000
2019-09-23,4.348116874694824,4.393627505954004,4.291166565556884,4.294897256211462,249712000
2019-09-24,4.290668964385986,4.4090459235331645,4.2551062131622714,4.379451802331565,317268000
2019-09-25,4.432425022125244,4.452071752433489,4.245408963674291,4.290173473504312,308432000
2019-09-26,4.410290241241455,4.431429243188591,4.3593085562806975,4.42272508778121,234564000
2019-09-27,4.27152156829834,4.419244154293702,4.210840550728801,4.368511015596242,362056000
2019-09-30,4.3289690017700195,4.339165435307629,4.266050043517498,4.297385482479538,186184000
2019-10-01,4.32722806930542,4.501312150703961,4.322503158992095,4.35209729155392,366008000
2019-10-02,4.303355693817139,4.3172823498694735,4.230986413824205,4.305345080584288,293372000
2019-10-03,4.509021282196045,4.515238468714952,4.277489784056341,4.307830052714989,450588000
2019-10-04,4.525434970855713,4.554780547043525,4.446102398420786,4.511259292060045,265524000
2019-10-07,4.584126949310303,4.683851930785341,4.5816399793481475,4.590344137045182,480984000
2019-10-08,4.407555103302002,4.492358724464063,4.389400652670867,4.492358724464063,444436000
2019-10-09,4.494099140167236,4.543589022774172,4.455552301934541,4.484400291952235,292412000
2019-10-10,4.551795482635498,4.602777166093793,4.48663859631462,4.4918610894051385,309124000
2019-10-11,4.62540864944458,4.70871998797519,4.616953048539034,4.635853636089938,446404000
2019-10-14,4.638838291168213,4.659728267054926,4.585618184116955,4.616704593283885,200040000
2019-10-15,4.883551120758057,4.956169413310423,4.715187089656604,4.72911421687751,664124000
2019-10-16,4.829833507537842,4.954428183676151,4.818393825639987,4.84948023741831,428944000
2019-10-17,4.831823348999023,4.919362505869722,4.777359515589503,4.874349442507678,263436000
2019-10-18,4.7373199462890625,4.864898689154544,4.662961309729431,4.8323200037831615,307440000
2019-10-21,4.874598979949951,4.888028524997559,4.779847449099439,4.7987480443229105,261868000
2019-10-22,4.864649295806885,5.036743484469877,4.856939833618063,4.931547011974731,328720000
2019-10-23,4.851718902587891,4.865894109763343,4.750750197776818,4.782582749588405,279916000
2019-10-24,4.895735263824463,4.9293081590608745,4.858928787152766,4.892999265919413,232020000
2019-10-25,5.086731910705566,5.107621888597469,4.968603449664109,4.976312914030075,423092000
2019-10-28,5.142685413360596,5.19515889100218,5.101153555157455,5.130499123639649,330792000
2019-10-29,5.046443462371826,5.13522633756321,5.0270457624179,5.128760121351249,211236000
2019-10-30,5.048431873321533,5.079021168401791,4.980290433289985,5.073301091653049,205960000
2019-10-31,4.999190807342529,5.048431658318688,4.919361136929717,5.027541686572596,209732000
2019-11-01,5.038236141204834,5.070565794442492,4.938759263431624,4.963877037510496,283640000
2019-11-04,5.234951496124268,5.247386345303355,5.09618208940901,5.119310007634223,376716000
2019-11-05,5.212817192077637,5.260814324386149,5.164819585428227,5.234701858026008,300868000
2019-11-06,5.163578510284424,5.214311187887391,5.076038860980727,5.188696294351499,269012000
2019-11-07,5.181233882904053,5.264794260554901,5.136469377936064,5.2501214716749915,280340000
2019-11-08,5.167306423187256,5.198890410986019,5.126769725533212,5.164322344682457,189100000
2019-11-11,5.1772541999816895,5.200382112383533,5.0802642981698405,5.166560184946217,243436000
2019-11-12,5.212817192077637,5.268772815950008,5.1804870652443125,5.215552716028571,283504000
2019-11-13,5.186954498291016,5.2090877240663085,5.120553872283122,5.181482974763488,300188000
2019-11-14,5.217294216156006,5.219532631134301,5.135972253725636,5.195906656724694,518080000
2019-11-15,5.078026294708252,5.2667826542626015,4.989740549058636,5.215054833764426,1053628000
2019-11-18,5.279218673706055,5.305828253717168,5.067582435266569,5.070566514339797,574588000
2019-11-19,5.172530174255371,5.271758042370053,5.114336597361941,5.248132540186939,414564000
2019-11-20,5.2518630027771,5.3356719462574835,5.136967646075839,5.149651050664356,472588000
2019-11-21,5.226993083953857,5.303092552708058,5.2053569697853295,5.247385950468522,288388000
2019-11-22,5.244651794433594,5.296130609134757,5.221025813777761,5.249625260687536,224100000
2019-11-25,5.501298904418945,5.506272842981448,5.359793530399682,5.372725486057657,506476000
2019-11-26,5.396600723266602,5.488367672442759,5.390134507414551,5.483642287883037,385244000
2019-11-27,5.431443691253662,5.476489970986414,5.405063212098925,5.4421456004655875,215784000
2019-11-29,5.3941121101379395,5.428954428609734,5.37021996336243,5.4005830976775515,141556000
2019-12-02,5.207704544067383,5.400582876929186,5.1925234522213355,5.387143426244552,372036000
2019-12-03,5.1681342124938965,5.172115920627536,4.986704462979626,5.024035587533009,465232000
2019-12-04,5.211935520172119,5.2741542153860514,5.183314977336627,5.251755447133758,273424000
2019-12-05,5.19501256942749,5.2495161149548695,5.1644006964450595,5.233837071340404,184884000
2019-12-06,5.280375003814697,5.313226935848196,5.254243270631001,5.264198487857676,232236000
2019-12-09,5.280375003814697,5.335127749179644,5.24876818597086,5.257478763698759,211880000
2019-12-10,5.325423717498779,5.377189726996362,5.257729449475985,5.31049088612682,256388000
2019-12-11,5.40904426574707,5.414519826084976,5.333386594889991,5.335875399645226,233796000
2019-12-12,5.576536655426025,5.5947045015481045,5.37121526284886,5.38017457953969,404348000
2019-12-13,5.57454776763916,5.698736453625044,5.520541686325422,5.579525378529948,454704000
2019-12-16,5.603415489196777,5.67583814092192,5.593958221025733,5.622081287471226,320976000
2019-12-17,5.681562423706055,5.7042099297644295,5.612624003881161,5.622081272026224,321196000
2019-12-18,5.711925029754639,5.772401607839485,5.70794284726493,5.716404688373708,343548000
2019-12-19,5.8600053787231445,5.873444829336286,5.741541026700463,5.74651863616392,445360000
2019-12-20,5.957314968109131,5.982700014163713,5.907291090118144,5.926454362351506,603044000
2019-12-23,5.943626880645752,6.018040379091792,5.932925448481276,5.985935607907442,355060000
2019-12-24,5.9386491775512695,5.955821596103844,5.8938516464908,5.928196483595949,138864000
2019-12-26,5.9528350830078125,5.980957670496352,5.923218643267122,5.942133176740019,182852000
2019-12-27,5.895096302032471,5.981455871108426,5.868715354342196,5.96801642187753,254644000
2019-12-30,5.781858921051025,5.878422456289142,5.750500835781686,5.873196108744252,258056000
2019-12-31,5.856022357940674,5.865479623924466,5.727354077773596,5.746517347751293,231004000
2020-01-02,5.970754146575928,5.970754146575928,5.891363512424235,5.941884868219942,237536000
2020-01-03,5.875185966491699,5.918988068029837,5.826157518294826,5.851045086775378,205384000
2020-01-06,5.899824142456055,5.905050488955514,5.755726032004728,5.781857764502028,262636000
2020-01-07,5.971251964569092,6.0170449229818495,5.883150279100278,5.928196548695039,314856000
2020-01-08,5.982452392578125,6.023765699991168,5.926953419217713,5.967022086819687,277108000
2020-01-09,6.048154354095459,6.120576999500233,5.994397505336159,6.068811004490261,255112000
2020-01-10,6.080507278442383,6.185781374034128,6.066321616134521,6.155418721169793,316296000
2020-01-13,6.271146297454834,6.296282606868379,6.140984617283319,6.16363259678268,319840000
2020-01-14,6.154174327850342,6.2537241224035025,6.140983618120265,6.228338604376113,359088000
2020-01-15,6.1116180419921875,6.189267045100007,6.085735040956248,6.166868275946175,263104000
2020-01-16,6.195240020751953,6.201213057446798,6.141731903266754,6.165126099200316,284192000
2020-01-17,6.20395040512085,6.221869514641433,6.156415325826517,6.2144031003351135,253792000
2020-01-21,6.170599937438965,6.20419808146063,6.136503842710471,6.167364444571707,217916000
2020-01-22,6.224606990814209,6.311215307199664,6.196981875274955,6.215896411562279,239240000
2020-01-23,6.293046474456787,6.301508314316864,6.175826780010042,6.2646751491590695,244516000
2020-01-24,6.233816623687744,6.458301819415226,6.179561809969912,6.408526665149296,373512000
2020-01-27,5.977972030639648,6.02899133900115,5.779618620640297,5.929192314169117,470536000
2020-01-28,6.171347618103027,6.203701127903374,5.990664110182417,6.043923483285389,310976000
2020-01-29,6.110871315002441,6.19299997011159,6.071050915088323,6.1569130145371735,258848000
2020-01-30,6.117589950561523,6.131029399451764,5.958061527643845,6.01306253868388,290504000
2020-01-31,5.8841471672058105,6.083744780347255,5.842336380542271,6.071798705674518,370420000
2020-02-03,5.981207370758057,6.000619381873088,5.8597562708457405,5.865978044936921,255564000
2020-02-04,6.1504411697387695,6.169604915500799,6.073041396690385,6.123065271647515,271544000
2020-02-05,6.240782737731934,6.281598083029912,6.157409456942696,6.271394128032699,208220000
2020-02-06,6.327640533447266,6.327640533447266,6.193995099773727,6.27512832406216,218284000
2020-02-07,6.261439323425293,6.3097210809777176,6.236053805193534,6.287571055701337,189752000
2020-02-10,6.544659614562988,6.545405828690706,6.279109918334532,6.284087527331507,529608000
2020-02-11,6.6671061515808105,6.781837531508206,6.590950532170923,6.652920487059736,638556000
2020-02-12,6.782833099365234,6.789304086608207,6.681043216849115,6.7198677162340585,374644000
2020-02-13,6.739031791687012,6.806228103383179,6.6974697445623725,6.724846125184742,528016000
2020-02-14,7.212141513824463,7.341058548961694,7.1178180542785325,7.149176136549256,1041924000
2020-02-18,7.380878448486328,7.399295506798921,7.089446230395402,7.108858240876231,620164000
2020-02-19,7.832088470458984,7.849758840322369,7.503325127505003,7.503325127505003,694332000
2020-02-20,7.682764053344727,7.872406404086642,7.375403572712378,7.784055978174739,810052000
2020-02-21,7.318661212921143,7.5956590844998,7.233795004023659,7.5705227712258205,768180000
2020-02-24,6.8012495040893555,7.015033220439057,6.669843655720504,6.724347196251177,856916000
2020-02-25,6.521762371063232,6.938378621692745,6.4199725063465785,6.876408676352782,1055496000
2020-02-26,6.6611328125,6.855255296567621,6.520518914603024,6.522011817590938,747732000
2020-02-27,6.2903361320495605,6.6489302455680726,6.197948305148538,6.347611445500659,906416000
2020-02-28,6.725381851196289,6.78489858460974,6.021143174384864,6.037827618697656,1133252000
2020-03-02,6.883760452270508,6.9126474759438485,6.499517154839416,6.895464783839426,890744000
2020-03-03,6.621289253234863,6.999307023640766,6.535874048383483,6.939541411420156,652792000
2020-03-04,7.084970474243164,7.09443339761163,6.653910399827267,6.728617764574341,597408000
2020-03-05,6.805567741394043,7.052349995369933,6.760992293337809,6.8855041236938455,540328000
2020-03-06,6.625024795532227,6.683545501636067,6.424809580590504,6.626020817874118,515412000
2020-03-09,6.112035751342773,6.459672694457818,5.931244648976201,5.974076456092532,614160000
2020-03-10,6.501508712768555,6.501508712768555,6.125732346102121,6.38845186990878,580648000
2020-03-11,6.137685298919678,6.389946359754205,6.040566234422032,6.361557585907616,499964000
2020-03-12,5.386630058288574,5.879945599168345,5.373929705464922,5.614486423807878,816540000
2020-03-13,5.997483730316162,6.001966067301604,5.468806878347698,5.73999325320208,634836000
2020-03-16,4.890824794769287,5.6304254089305035,4.8310591701357986,5.289511654181511,726972000
2020-03-17,5.410536766052246,5.499936546857381,4.756351898864725,5.003134146835945,833632000
2020-03-18,5.0506978034973145,5.228002624011302,4.499359716733076,4.9829635271133,874268000
2020-03-19,5.3034563064575195,5.397089051683916,4.815868008217613,5.029280865027534,765512000
2020-03-20,5.123660087585449,5.73551069990463,5.108220558015284,5.453616029298726,804636000
2020-03-23,5.296482563018799,5.3908629073250784,4.943616178155513,5.122664106908183,643876000
2020-03-24,6.205169677734375,6.29183025625637,5.678983086676754,5.702640156905498,1101644000
2020-03-25,6.116518497467041,6.51993651399452,6.067709603569407,6.320219550387866,793432000
2020-03-26,6.405884265899658,6.529897835657393,6.2255909210386315,6.323706009766051,696108000
2020-03-27,6.293574333190918,6.552309772659619,6.192719592793357,6.225590704111467,638828000
2020-03-30,6.613819122314453,6.623033160753268,6.314990552407411,6.359067749844578,602252000
2020-03-31,6.564262866973877,6.858110818678455,6.4185838002500555,6.653911048444438,949960000
2020-04-01,6.053016662597656,6.512714411716045,6.008441698800573,6.366288693106729,656912000
2020-04-02,6.3618059158325195,6.375004040795711,6.034090873043499,6.08215214884335,675764000
2020-04-03,6.0739359855651855,6.365791446483019,5.936474920446997,6.324204542857716,663212000
2020-04-06,6.683794975280762,6.720650655015816,6.298555158470022,6.356079847282345,727884000
2020-04-07,6.450459003448486,6.929082636686835,6.407377832223849,6.9054250880511185,784520000
2020-04-08,6.647686004638672,6.672588463674239,6.489555935983957,6.559531613136199,542444000
2020-04-09,6.548075199127197,6.796351649251592,6.485072167404843,6.77344171497517,525564000
2020-04-13,6.719902515411377,6.728618304084489,6.399907202770345,6.488310473583268,398408000
2020-04-14,7.071026802062988,7.10514282623038,6.820508875785905,6.848150516707085,530948000
2020-04-15,6.993579387664795,7.076504300320507,6.857612606318215,6.9029347084421175,366148000
2020-04-16,7.338726043701172,7.4458062782420305,7.135772131696852,7.148970258403204,745620000
2020-04-17,7.279459476470947,7.442320777549322,7.145484725210247,7.4209046333013475,539120000
2020-04-20,7.148223400115967,7.308843758155547,7.1038973186254335,7.152955099952114,449388000
2020-04-21,6.7114362716674805,7.091446120002381,6.65167065420219,7.030186706457266,735160000
2020-04-22,7.1258111000061035,7.168643384661599,6.858110983321336,6.903681973130234,483356000
2020-04-23,7.0725202560424805,7.299878868796105,7.047368909886649,7.167896641934298,424160000
2020-04-24,7.211475372314453,7.213467417006933,6.987603082107009,7.062310457773697,352328000
2020-04-27,7.397994041442871,7.557867261209609,7.321294622853795,7.345948193997558,479388000
2020-04-28,7.255551815032959,7.575298228797527,7.250073455209136,7.545415186633848,442904000
2020-04-29,7.43235969543457,7.485152680294382,7.31506939429572,7.3902745446594515,379160000
2020-04-30,7.278462409973144,7.432359012301626,7.264517148270221,7.378320648227945,375916000
2020-05-01,7.0418901443481445,7.194292483570223,6.993579499567315,7.080986751472618,342096000
2020-05-04,7.25380802154541,7.267504394879281,6.994574375281932,6.994574375281932,317556000
2020-05-05,7.314820289611816,7.477432690608223,7.253809290895876,7.357901461463599,368896000
2020-05-06,7.415674209594727,7.520513510750665,7.356406846446579,7.394258543064645,323464000
2020-05-07,7.591983795166016,7.655235729230102,7.503580514583629,7.55487923001082,373732000
2020-05-08,7.78198766708374,7.788213162222441,7.629834229017725,7.663701359549101,339216000
2020-05-11,8.033998489379883,8.080814851069277,7.74836814576065,7.777005798656565,469060000
2020-05-12,7.772027969360352,8.140582861200253,7.7623161571035055,8.091774438081288,493060000
2020-05-13,7.7496161460876465,8.046949968056559,7.56508934146451,7.886578962698075,625852000
2020-05-14,7.999134540557861,8.004612898831498,7.65747383422658,7.811121502382072,602312000
2020-05-15,8.457589149475098,8.467300485063323,7.843247666290746,7.858936085271432,987660000
2020-05-18,8.716073989868164,8.881674894814699,8.646596579808966,8.726284047612651,774460000
2020-05-19,8.771110534667969,9.052008785604071,8.728527135745038,8.755919887687877,717320000
2020-05-20,8.934967994689941,9.007682848110791,8.854035125997962,8.955885888143905,587536000
2020-05-21,8.740979194641113,9.017145749409035,8.70337638192657,9.016150202023102,761068000
2020-05-22,8.991000175476074,9.0574900247976,8.679222790498686,8.79078491677303,1038764000
2020-05-26,8.683703422546387,9.145892022825116,8.638132428316577,9.12098908749337,770780000
2020-05-27,8.49195384979248,8.599033119211315,7.965517427372133,8.591313828721544,1175892000
2020-05-28,8.453851699829102,8.72628294664954,8.34652166366261,8.379392763733142,734896000
2020-05-29,8.840835571289062,8.840835571289062,8.451860639795001,8.521089170178403,745256000
2020-06-01,8.771857261657715,8.806222645268207,8.655563458390905,8.798752240118027,389876000
2020-06-02,8.79078197479248,8.802735191457245,8.624185501823682,8.761895905306496,391320000
2020-06-03,8.735251426696777,8.831623838211076,8.666022881980009,8.787796002330985,365440000
2020-06-04,8.736248016357422,8.912387299046383,8.647554448398513,8.697880093507253,424280000
2020-06-05,8.8892183303833,8.965952278985723,8.677950020915608,8.764151688071133,481748000
2020-06-08,8.774615287780762,8.859072050015294,8.655776508944166,8.846615376117425,387736000
2020-06-09,9.014781951904297,9.078312217954664,8.721049866135466,8.769631554767159,468488000
2020-06-10,9.33442497253418,9.467215360522856,9.1219107417507,9.13611231749496,632180000
2020-06-11,8.765894889831543,9.229289397995633,8.755680170871136,9.118423392635822,583652000
2020-06-12,8.901673316955566,9.155544411019058,8.673214517451415,9.13088006798439,570908000
2020-06-15,9.142093658447266,9.150564425960592,8.713577174373565,8.784831221668995,400004000
2020-06-16,9.037202835083008,9.234769412991046,8.808246055560947,9.193163544019576,535716000
2020-06-17,9.20412826538086,9.266910589860908,9.038949737386892,9.082300523775524,408304000
2020-06-18,9.186190605163574,9.250467881789223,9.083047401732872,9.195159372769863,254408000
2020-06-19,9.229289054870604,9.4124050873645,9.195406943583055,9.210604521255467,524160000
2020-06-22,9.493873596191406,9.49835845482481,9.241248418658069,9.267906669276206,398468000
2020-06-23,9.417387008666992,9.609222787872556,9.375034136179282,9.518038281301482,375108000
2020-06-24,9.203628540039062,9.523520864959456,9.11294202684292,9.443547070941973,449372000
2020-06-25,9.457250595092772,9.47219917351608,9.150562864873292,9.323464192064792,376072000
2020-06-26,9.123406410217283,9.46721610323142,9.093510204419651,9.46721610323142,592084000
2020-06-29,9.168251991271973,9.17273685020403,8.869287056151329,9.13810678244257,342248000
2020-06-30,9.464975357055664,9.493376613630447,9.234523546788532,9.281859291207626,367892000
2020-07-01,9.497113227844238,9.542705967758568,9.380517348684924,9.487895459840797,326648000
2020-07-02,9.579078674316406,9.703896302605694,9.545195612171268,9.605735972928237,364056000
2020-07-06,9.805293083190918,9.874553199256372,9.678980521498298,9.708129720409374,315892000
2020-07-07,9.837682723999023,10.035248385894452,9.81675528569357,9.911925710056408,357800000
2020-07-08,10.180744171142578,10.189713887639842,9.931108920781991,9.95926117147938,365480000
2020-07-09,10.472733497619627,10.533522858711208,10.19818394553141,10.344427963094862,494548000
2020-07-10,10.443085670471191,10.618477930540756,10.342932393289248,10.552207713445837,497676000
2020-07-13,10.017558097839355,10.755004019606048,9.990401852728793,10.558435344150633,457076000
2020-07-14,10.341187477111816,10.366848770172666,9.75172853933137,10.040229672823855,542676000
2020-07-15,10.191954612731934,10.396994057811794,10.021046274849274,10.378309526653243,403984000
2020-07-16,10.099776268005373,10.171527353998105,9.861351715438127,9.980439491512932,344964000
2020-07-17,10.16629409790039,10.213131830331507,10.052937148532015,10.190211440074396,266284000
2020-07-20,10.474477767944336,10.49490720598803,10.121699312228516,10.23879412998473,284852000
2020-07-21,10.292855262756348,10.523556960018096,10.251249391175662,10.476718279060025,277036000
2020-07-22,10.402727127075195,10.56591173718878,10.255985098028882,10.33172304210224,367292000
2020-07-23,10.094792366027832,10.510602112104117,9.996632039770423,10.413936738581402,411660000
2020-07-24,10.159319877624512,10.32898230288005,9.743261080131964,9.840922467199292,473292000
2020-07-27,10.38553237915039,10.405711859070657,10.18248497529765,10.1969355471522,292132000
2020-07-28,10.18024444580078,10.346169917144293,10.17401658584641,10.33844710469362,271636000
2020-07-29,10.429386138916016,10.479960793275245,10.311295295130234,10.354894135095089,284508000
2020-07-30,10.577372550964355,10.586341318065257,10.259722142656354,10.3391969948388,308880000
2020-07-31,10.578121185302734,10.729348098405705,10.396998060453557,10.526798578991936,386080000
2020-08-03,10.972254753112791,11.06044937073828,10.678272694361176,10.695463227056676,412720000
2020-08-04,11.18900203704834,11.18900203704834,10.868362731603607,11.011865830271953,310336000
2020-08-05,11.247800827026367,11.332507541797073,11.127717043617787,11.205198944403296,249924000
2020-08-06,11.296381950378418,11.31880434287186,11.140173154557944,11.310582577201505,244316000
2020-08-07,11.160848617553713,11.465045312789252,10.99940800488128,11.273458550825488,342516000
2020-08-10,11.126466751098633,11.368877127992238,10.819031172935317,11.295133113561924,427796000
2020-08-11,10.812560081481934,11.09832042820977,10.758496568286931,11.035537146819356,354512000
2020-08-12,11.40077304840088,11.427430353305777,10.920435956126532,10.952824073130843,464412000
2020-08-13,11.403512954711914,11.681301477453934,11.31656427559206,11.50615721615584,374460000
2020-08-14,11.524094581604004,11.664358807033938,11.401020889958051,11.490211514904171,366436000
2020-08-17,12.294429779052734,12.366928838772154,11.776473588371797,11.810355712776088,621300000
2020-08-18,12.21843719482422,12.452875803604645,12.0445398919427,12.407034073517147,503448000
2020-08-19,12.096609115600586,12.27249936656039,12.056248246226009,12.25406383523968,622624000
2020-08-20,12.099102020263672,12.332294707284191,11.837757080597434,11.933675460535376,921388000
2020-08-21,12.639730453491213,12.764548088001415,12.153164638813209,12.159642451084377,999868000
2020-08-24,12.676350593566896,12.867937360201948,12.464334393105656,12.839286162697388,490564000
2020-08-25,12.70600128173828,12.717212003155831,12.530359043130268,12.587162502642434,289076000
2020-08-26,12.728920936584473,12.82409136442748,12.633999509151844,12.755080235422875,321244000
2020-08-27,12.584670066833496,12.805655066718726,12.523132755342244,12.73739094301535,317604000
2020-08-28,13.102380752563477,13.10262975302931,12.598874249528215,12.63126236737224,537160000
2020-08-31,13.32834529876709,13.5281529158447,12.99275738191512,13.13725649731869,500840000
2020-09-01,13.777427673339844,13.949632578291991,13.394139355571934,13.437502163161502,511316000
2020-09-02,14.301271438598633,14.680322634835806,13.856178304386283,14.657394430023798,874012000
2020-09-03,12.974465370178224,13.840725107880663,12.838146289033148,13.785150980513366,945128000
2020-09-04,12.582707405090332,13.133465395207343,11.667850296826598,12.743448220443312,1463684000
2020-09-08,11.875441551208496,12.510433341431115,11.667349913206706,11.69750413983094,795728000
2020-09-09,12.674911499023438,12.76886406789316,12.1931845040371,12.36090411849558,736200000
2020-09-10,12.272934913635254,13.024059324113075,12.128640676598586,12.94829871786249,698684000
2020-09-11,12.126148223876951,12.612609582792777,11.858245343800984,12.446136279849735,636928000
2020-09-14,12.831666946411133,13.273021054817024,12.591427528763536,13.039759537676474,1201744000
2020-09-15,12.950042724609377,13.25682221304241,12.787307442411516,13.238131137079726,727556000
2020-09-16,12.47504425048828,13.051471089335552,12.47429702575866,12.916398336111536,556384000
2020-09-17,12.42420482635498,12.550057048769824,11.99680656074234,12.093999008494723,792512000
2020-09-18,12.150821685791016,12.592673981885104,11.950954253863882,12.554046450865345,698460000
2020-09-21,12.477787971496582,12.483021397443736,11.866969684042155,11.887405237931358,721044000
2020-09-22,12.597906112670898,12.608123888333472,12.117177260031074,12.535354084103153,646452000
2020-09-23,12.085527420043944,12.68687606730786,12.04116831516123,12.535852998756644,647012000
2020-09-24,12.309070587158203,12.529872669499609,11.976123939065822,12.034190722797042,731240000
2020-09-25,12.83316135406494,12.842880979305574,12.207142005563057,12.408255730099048,588016000
2020-09-28,12.993901252746582,13.010598775607932,12.709799993239775,12.999134676986603,573808000
2020-09-29,13.184052467346191,13.400368327891108,12.89247510346008,12.896711278367407,621460000
2020-09-30,13.48784065246582,13.579550597046405,13.108789549903188,13.11601652435821,689184000
2020-10-01,13.571577072143556,13.71935930583392,13.418311387565604,13.714624981038469,525004000
2020-10-02,13.021069526672363,13.476877623237655,13.009854499558203,13.183306677405056,552496000
2020-10-05,13.599488258361816,13.601232733408866,13.181061420646229,13.19426999628857,479820000
2020-10-06,13.693192481994627,14.097414465703828,13.621918076224542,13.786397839796916,784420000
2020-10-07,13.919976234436035,14.074737334108889,13.819792968638426,13.955613915301411,418084000
2020-10-08,13.795120239257812,14.040095885233358,13.714625307805663,14.030625334081543,378900000
2020-10-09,13.719359397888184,13.780666052397772,13.617681691548734,13.72359652354178,346892000
2020-10-12,14.18114948272705,14.30176829469188,13.86863840263772,13.945395309887523,434744000
2020-10-13,14.203330039978027,14.303264228622616,13.9745537592613,14.251428121601736,344604000
2020-10-14,14.050809860229492,14.2975289964254,13.915986192504583,14.245443824324765,276100000
2020-10-15,13.92595386505127,13.961590585087878,13.72434106555909,13.767205710219246,267224000
2020-10-16,13.767956733703612,14.07697982965037,13.749016580868137,13.99249684204658,242392000
2020-10-19,13.455195426940918,13.939413232064249,13.364481770808682,13.859167377230175,298068000
2020-10-20,13.602478981018066,13.75624280985995,13.464415427510035,13.54067417932236,229212000
2020-10-21,13.482110977172852,13.74802034288647,13.43501014514702,13.58204516755645,219596000
2020-10-22,13.318875312805176,13.568834334002846,13.19003228924796,13.479866110525936,290480000
2020-10-23,13.547403335571287,13.550394135898696,13.249346221187796,13.407595303610163,233484000
2020-10-26,13.099817276000977,13.64957879899875,12.997391406196376,13.384666737166388,336896000
2020-10-27,13.354515075683594,13.399622357059709,13.149911421050136,13.264050487324347,250520000
2020-10-28,12.587188720703123,13.218193334409737,12.56924582198825,13.156388537797922,376520000
2020-10-29,12.982939720153809,13.151157516010835,12.709803385953837,12.798024396978246,320080000
2020-10-30,12.494484901428224,12.89571515549581,12.261222419524849,12.809488644305969,416820000
2020-11-02,12.54108715057373,12.796279626218718,12.355922756739838,12.617844058143817,299652000
2020-11-03,12.978450775146484,13.06368096759497,12.563014786179766,12.668431452103215,272900000
2020-11-04,13.75075912475586,13.783905100563205,13.294951096689376,13.347036272004376,410228000
2020-11-05,14.115358352661133,14.293793929805354,13.94689147719748,14.117851003415131,319028000
2020-11-06,14.516088485717772,14.542753759132951,13.851191618571832,14.065263882570674,383348000
2020-11-09,13.587775230407717,14.6451809486513,13.567838779939636,14.506619243028116,582976000
2020-11-10,12.72973918914795,13.563601087866015,12.588435764036982,13.563601087866015,644068000
2020-11-11,13.375696182250977,13.39264278268389,12.90742679884248,13.012594400822232,404744000
2020-11-12,13.41432285308838,13.722597713712116,13.27401668464067,13.436502877183004,365812000
2020-11-13,13.255077362060549,13.625655192905109,13.018076883230666,13.58428594217903,346312000
2020-11-16,13.472639083862305,13.60646550624664,13.114521665227777,13.13096916459676,413776000
2020-11-17,13.379931449890137,13.55338264099066,13.261805306020042,13.509770768324223,312028000
2020-11-18,13.38641357421875,13.562855596647298,13.14343241864319,13.422798478821212,510924000
2020-11-19,13.397873878479004,13.44497469596342,13.058696656550351,13.171091213997723,565936000
2020-11-20,13.046485900878906,13.451953179863478,13.023806777843802,13.411581184645012,341088000
2020-11-23,13.098573684692385,13.340308505174802,12.974465923751294,13.129725162390375,361356000
2020-11-24,12.91689682006836,13.120502239825685,12.84437609671754,13.101063940439785,346500000
2020-11-25,13.193021774291992,13.227662195341338,12.97894952410503,12.99140992255428,259916000
2020-11-27,13.219440460205078,13.365230096581229,13.128976828642482,13.332832293979012,167276000
2020-11-30,13.359246253967283,13.370212203387892,12.931349869037602,13.223177217073376,286952000
2020-12-01,13.347784042358398,13.486096664221463,13.186543220522184,13.449711765076747,296948000
2020-12-02,13.501795768737791,13.630388754424764,13.192523677475606,13.30840718978679,283360000
2020-12-03,13.357709884643556,13.62095522790698,13.290901954891696,13.548662227713455,199520000
2020-12-04,13.519497871398926,13.521242861894294,13.350481990906417,13.410060816255628,202244000
2020-12-07,13.56785774230957,13.692002161308736,13.46141332691698,13.562373622565351,223244000
2020-12-08,13.31184196472168,13.55988069426924,13.243537241523532,13.54616991993234,271920000
2020-12-09,12.893787384033203,13.375655680647425,12.831466040092696,13.262480477608,401300000
2020-12-10,12.935171127319336,13.031395694916,12.812771704768544,12.832216697833104,207764000
2020-12-11,12.976055145263672,12.982785958539411,12.786348532943183,12.930186145778586,209264000
2020-12-14,13.270709991455078,13.350481252818426,13.040121159359511,13.050591101752886,270156000
2020-12-15,13.322311401367188,13.425514976759326,13.149058115081804,13.401334261222445,193016000
2020-12-16,13.204649925231934,13.398843113626814,13.174734988056835,13.38413479354012,223116000
2020-12-17,13.303118705749512,13.341259349880422,13.14083363133033,13.32854516787109,231384000
2020-12-18,13.234067916870115,13.366687214481432,13.033143880202257,13.34076150165498,342064000
2020-12-21,13.29414176940918,13.331784111169432,12.930434433910992,13.037378091812114,302332000
2020-12-22,13.240297317504885,13.29912869656647,13.01668843755986,13.281180494833558,185580000
2020-12-23,12.97206687927246,13.237057248843026,12.96782945257242,13.218111501054674,179144000
2020-12-24,12.956610679626465,13.094964178276724,12.90176852813386,12.99998629399126,97884000
2020-12-28,12.863126754760742,13.02516265137732,12.726768366040222,13.02516265137732,212564000
2020-12-29,12.906253814697266,13.035134902377251,12.805542671902463,12.88805646583581,170372000
2020-12-30,13.108177185058594,13.175982669365196,12.859889273960428,12.953121220539163,225396000
2020-12-31,13.01768398284912,13.11340929563424,12.87808381553672,13.098951077067488,192424000
2021-01-04,13.07601833343506,13.613478260876672,12.925449902304845,13.066795083910115,560640000
2021-01-05,13.366435050964355,13.405073987470002,13.04959329915214,13.062306528679214,322760000
2021-01-06,12.578444480895996,13.207142186008465,12.55002633699992,13.184706458898969,580424000
2021-01-07,13.305858612060549,13.339512676724356,12.849666782088336,12.930434635384632,461480000
2021-01-08,13.238800048828123,13.382637648539363,13.00472125127349,13.324305523719442,292528000
2021-01-11,13.58256721496582,13.921097286354,13.324307660487984,13.380396507064924,518344000
2021-01-12,13.446205139160156,13.715184682231852,13.30685507063491,13.71318959260482,291476000
2021-01-13,13.493072509765623,13.58605625119282,13.346742461050818,13.451441887632267,210028000
2021-01-14,13.162518501281738,13.56087647677768,13.142825311605426,13.536197464827335,283120000
2021-01-15,12.822745323181152,13.287163872887444,12.81177708254526,13.190191844917592,277780000
2021-01-19,12.988018989562988,13.056571903627315,12.807286504960675,12.979043939237153,226188000
2021-01-20,13.327547073364258,13.392111717368742,13.019430270891426,13.07427241809494,258572000
2021-01-21,13.827862739562988,13.959236264193995,13.21511912323299,13.380145761603892,337780000
2021-01-22,13.67330551147461,13.802186604239331,13.5882992783929,13.70072706103938,246820000
2021-01-25,13.614225387573242,13.788974533130537,13.198666607439788,13.742358087685238,251112000
2021-01-26,13.396851539611816,13.605752137140698,13.349237540275196,13.54168577506146,163980000
2021-01-27,12.880828857421877,13.194928106319464,12.757182726351548,13.192185570772129,371272000
2021-01-28,13.013694763183594,13.301620049021915,12.92345356941751,12.959101769876003,228316000
2021-01-29,12.95262050628662,13.296634637804711,12.874594241549072,13.037626732062714,271552000
2021-02-01,13.19916534423828,13.232818458698954,12.865870277184175,13.015940401973044,217204000
2021-02-02,13.5180025100708,13.533208177107891,13.247527071774432,13.360454111923822,220440000
2021-02-03,13.491826057434082,13.891929046731676,13.477866134624351,13.597023775479286,245408000
2021-02-04,13.625192642211914,13.634415890210278,13.299625966810302,13.492323286600454,201340000
2021-02-05,13.552154541015623,13.697987259872164,13.507033932986507,13.68577232541478,169152000
2021-02-08,14.397478103637695,14.432377906420294,13.688011709534386,13.688011709534386,434624000
2021-02-09,14.222481727600098,14.54156676786031,14.18184770115254,14.299759600879623,287560000
2021-02-10,14.722049713134766,14.862397344343986,14.300508522511068,14.421910407437885,485352000
2021-02-11,15.207159996032717,15.22859913065868,14.882341653535708,14.937433905716713,450828000
2021-02-12,14.918487548828123,15.247544255487185,14.732769210253142,15.006983766434686,374756000
2021-02-16,15.286431312561035,15.328561180758324,14.907268204475995,15.021191826127696,321960000
2021-02-17,14.863394737243652,15.17998735005581,14.737754476290354,15.127636686605335,274756000
2021-02-18,14.786616325378418,14.830739386268435,14.533341644579552,14.686901764314484,233868000
2021-02-19,14.883835792541504,15.133619512638292,14.804313681704349,14.981555252381096,271724000
2021-02-22,14.314715385437012,15.08999311954116,14.284053007840376,14.732517382218266,325884000
2021-02-23,14.101581573486328,14.198055315251274,13.351231727901338,14.03502182378348,391780000
2021-02-24,14.457557678222656,14.46528603641238,13.716681335322574,14.082383783407924,448320000
2021-02-25,13.269465446472168,14.333665368349983,13.178476782504909,14.005356069811985,824436000
2021-02-26,13.675301551818848,13.814900794289937,13.322811562682316,13.713192095526344,500932000
2021-03-01,13.802188873291016,13.885200981115691,13.514513605959072,13.835343696524085,353184000
2021-03-02,13.36793041229248,13.880710314412896,13.357709618961268,13.86026872775047,264116000
2021-03-03,12.76815128326416,13.413052208920956,12.76216791543942,13.387874897012532,377592000
2021-03-04,12.334893226623535,12.93791536777413,12.049212120822904,12.764162806346638,573344000
2021-03-05,12.42587947845459,12.51412652764105,11.645865104936078,12.51412652764105,542840000
2021-03-08,11.560113906860352,12.435603674084035,11.533439801994518,12.414414640051222,543112000
2021-03-09,12.48877239227295,12.58502922016704,12.02893097921558,12.099752572699794,521824000
2021-03-10,12.436902046203612,12.947364651050552,12.426179256976033,12.808215722993962,384376000
2021-03-11,12.960833549499512,13.01345151976136,12.702484861457211,12.91744296360553,299916000
2021-03-12,12.823678970336914,12.85634676368248,12.558347920345986,12.61645095024476,243964000
2021-03-15,13.158085823059082,13.17354692311485,12.735152011430824,12.832406735192682,221988000
2021-03-16,13.257834434509276,13.478527766958353,13.083772684178308,13.32291983265164,272128000
2021-03-17,13.30770778656006,13.419425708592238,12.956841785124572,13.006965499615356,243864000
2021-03-18,12.690515518188477,13.150855475897036,12.685029504987677,13.10347523322454,293896000
2021-03-19,12.813453674316406,12.889013577295335,12.580790435356477,12.71794454906162,299208000
2021-03-22,13.153099060058594,13.360825558253854,12.874301724797736,12.880287158091583,297804000
2021-03-23,13.037884712219238,13.310945739347664,12.988508712424428,13.220922651695568,222048000
2021-03-24,12.611212730407717,13.126165388010351,12.604979014868762,13.11818512863964,245840000
2021-03-25,12.503734588623049,12.682783882467008,12.241147031908534,12.46807503156729,295144000
2021-03-26,12.80696964263916,12.823927099731126,12.342390872874107,12.522935565816912,363968000
2021-03-29,12.915696144104004,13.0296590866071,12.668070270981811,12.788017694881296,273520000
2021-03-30,12.839390754699709,12.942630924656342,12.673060003954117,12.809715674519502,200204000
2021-03-31,13.31469440460205,13.436636686264142,12.949863546517047,12.982780580657163,314776000
2021-04-01,13.77702808380127,13.835131119935523,13.477282664265395,13.538130133989712,308276000
2021-04-05,13.9523344039917,13.978767529559851,13.698473850909528,13.832636208536442,255672000
2021-04-06,13.82664966583252,14.018915037379225,13.738871566976432,13.964552432362328,191744000
2021-04-07,14.10794162750244,14.207689643014694,13.677027574965956,13.845851593018876,251284000
2021-04-08,14.281005859375,14.43511743681889,14.213176027468212,14.21691739862396,244416000
2021-04-09,14.363798141479492,14.371778402447765,14.139364360339467,14.178265873277429,195172000
2021-04-12,15.170762062072754,15.313901610057965,14.103701731984684,14.253823650541044,869324000
2021-04-13,15.640079498291016,15.660528141496703,15.087721653634365,15.193205869262812,676212000
2021-04-14,15.238591194152832,15.680975718516905,15.189215182177342,15.58571583096824,385500000
2021-04-15,16.0966796875,16.17348576432492,15.592200556342735,15.623122755169474,598480000
2021-04-16,15.872496604919434,16.12511006015224,15.825364644877842,16.012642507336732,335208000
2021-04-19,15.323127746582031,15.767757295505456,15.194701596936312,15.497438724293298,404420000
2021-04-20,15.133109092712402,15.458039540390391,14.925382597533766,15.284726432321392,334132000
2021-04-21,15.321882247924805,15.323877075097696,15.064281282601485,15.080739320235336,216776000
2021-04-22,14.81291389465332,15.399685082246794,14.74633119172586,15.336344329965495,277788000
2021-04-23,15.226871490478516,15.29644596297973,14.862789373652932,14.896703337927876,227500000
2021-04-26,15.4390869140625,15.440084803333924,15.08697469275611,15.146824267123838,197796000
2021-04-27,15.343076705932615,15.631100414921413,15.315894929765928,15.53933171732834,164572000
2021-04-28,15.238341331481934,15.49319975361543,15.177245590486669,15.32587114722654,209416000
2021-04-29,15.286222457885742,15.397691160532714,15.033609024260754,15.36128294690552,173196000
2021-04-30,14.97176456451416,15.326371032074356,14.95929618068849,15.136350655609167,201912000
2021-05-03,14.799449920654297,15.208419014072376,14.75032408695121,15.086975219605256,203912000
2021-05-04,14.315170288085938,14.600700762458748,13.975027966489964,14.60045152794896,405324000
2021-05-05,14.422148704528809,14.776256666947065,14.351327112045158,14.672018629638556,292024000
2021-05-06,14.486485481262209,14.534614367129787,14.18225297081156,14.45880523615459,193380000
2021-05-07,14.775012016296388,14.93311326438958,14.634865165982426,14.77102236151806,229328000
2021-05-10,14.229886054992676,14.768777699750784,14.214175718742837,14.750074646707608,268904000
2021-05-11,14.270282745361328,14.318660873982996,13.715431575761658,13.790242830465012,285584000
2021-05-12,13.723910331726074,14.22439889185973,13.674784499511132,13.97427875340446,303408000
2021-05-13,13.63089370727539,14.045349728476552,13.425162054864115,13.998467009467184,285404000
2021-05-14,14.207193374633787,14.291979724154102,13.713936379271765,13.855081122550908,258616000
2021-05-17,14.12988567352295,14.13362609330314,13.81867076172536,14.12140694475875,216980000
2021-05-18,13.980514526367188,14.368038055729718,13.968793845011383,14.231133153637115,186256000
2021-05-19,14.030388832092283,14.044104340700123,13.50920235882469,13.532393535433826,344000000
2021-05-20,14.575763702392578,14.646834538609417,14.234623498296417,14.266542637893258,321592000
2021-05-21,14.954059600830078,15.183731096129875,14.832117340430838,15.125627113969411,672992000
2021-05-24,15.57275104522705,15.705416097601091,15.137846351089925,15.1742545652697,554816000
2021-05-25,15.608409881591797,15.778730264045183,15.44357551176999,15.726362482639168,435408000
2021-05-26,15.660528182983398,15.754042484575187,15.547064658382558,15.69469233324552,370440000
2021-05-27,15.44906234741211,15.71040375065924,15.421132862507694,15.660280028278496,581476000
2021-05-28,16.20366096496582,16.236578947504775,15.462031299114846,15.462031299114846,644536000
2021-06-01,16.223609924316406,16.34704949574134,15.86326820041709,16.229096888512235,472804000
2021-06-02,16.736072540283203,16.87622037084965,16.194687499998437,16.211395728661874,594168000
2021-06-03,16.927085876464844,17.215609998459154,16.541308933559474,16.65876306621484,580008000
2021-06-04,17.534055709838867,17.616596077162153,17.052519499034798,17.06947505300827,617120000
2021-06-07,17.574703216552734,17.76771725198459,17.149526305796652,17.52707469646401,575756000
2021-06-08,17.413114547729492,17.577200286108283,17.20763114477439,17.48318750071493,323848000
2021-06-09,17.31857681274414,17.534832519599075,17.216312069425967,17.47571805921768,381656000
2021-06-10,17.385177612304688,17.45202583585592,17.13674801084878,17.31035015277787,287772000
2021-06-11,17.784509658813477,17.89824942284033,17.4038813625128,17.43954908988243,416308000
2021-06-14,17.977563858032227,17.9982664755166,17.622378570506847,17.865072468441838,321376000
2021-06-15,17.74784278869629,17.975073024219547,17.687481873167364,17.874054743695652,243032000
2021-06-16,17.769540786743164,17.91371123664021,17.544306809592758,17.75008652975666,307124000
2021-06-17,18.614606857299805,18.79195023048878,17.715667091470888,17.733874892512524,809656000
2021-06-18,18.596153259277344,19.330720564613056,18.541527942897947,18.74107162605108,968856000
2021-06-21,18.3851318359375,18.49413314969242,17.782013688431867,18.39311297230315,672384000
2021-06-22,18.843578338623047,18.92040390172691,18.343973353346488,18.429278634792503,580144000
2021-06-23,19.013694763183594,19.108977447011597,18.86453654386818,18.964308379906097,332356000
2021-06-24,19.16160774230957,19.375617954100715,19.044625261877087,19.18380801912582,320924000
2021-06-25,18.987504959106445,19.30128697907614,18.851317522351227,19.236435003149623,278364000
2021-06-28,19.93932342529297,20.03285915279017,19.274845251778927,19.31699836660214,495436000
2021-06-29,19.980979919433594,20.052813964606784,19.612073999620787,19.837058731492423,367632000
2021-06-30,19.956785202026367,20.116419372850345,19.81835223637548,19.953542508047825,326568000
2021-07-01,20.165800094604492,20.40924185133774,19.97324045481021,20.07899906236809,480136000
2021-07-02,20.440174102783203,20.458383806119546,20.241380242470996,20.393531838306902,342764000
2021-07-06,20.65119171142578,20.794363107269312,20.303738226115755,20.690102132517197,446708000
2021-07-07,20.325191497802734,20.827291472702445,20.28553319651976,20.80584097500275,418428000
2021-07-08,19.857263565063477,20.086986749821182,19.65572555794807,19.81111987540912,503300000
2021-07-09,20.004419326782227,20.034351439483817,19.70909637948442,19.91687041859039,296624000
2021-07-12,20.465621948242188,20.48582408605355,20.141613226484793,20.19374372414913,321984000
2021-07-13,20.20372009277344,20.41448760068872,20.068031230618036,20.35387548130368,290708000
2021-07-14,19.796152114868164,20.371085187091623,19.7076060162833,20.311222848316984,380100000
2021-07-15,18.922901153564453,19.801638809987963,18.815397482477785,19.766469664881527,550564000
2021-07-16,18.11949348449707,19.11321747883699,18.03169525755164,18.98700740866609,688224000
2021-07-19,18.736831665039062,18.99848131527796,17.82466976343855,17.874307343819012,749060000
2021-07-20,18.5694637298584,18.794947062988875,18.12248763276061,18.687194083624995,434687000
2021-07-21,19.36563491821289,19.48236807288039,18.6991624790966,18.83884187580024,371017000
2021-07-22,19.549219131469727,19.841548769491073,19.2319451068273,19.597109765716453,323826000
2021-07-23,19.5132999420166,19.654975593030052,19.20600332552339,19.611075532676935,195672000
2021-07-26,19.24990463256836,19.397565194519427,18.87077204812226,19.266865977371697,203943000
2021-07-27,19.16410255432129,19.577155964444557,18.69816886887377,19.220971495871236,248863000
2021-07-28,19.458425521850582,19.601098340577916,18.951587150781,19.274846044574673,202191000
2021-07-29,19.617063522338867,19.80762698019667,19.283825335460097,19.4743887933179,190781000
2021-07-30,19.454435348510746,19.585134561055348,19.21897466845994,19.3736191961783,183497000
2021-08-02,19.704864501953125,19.91538273635368,19.316753560759693,19.654979530232666,217444000
2021-08-03,19.769716262817383,20.175785713093944,19.176074829948742,19.694886903097743,301811000
2021-08-04,20.2276668548584,20.271566923364023,19.782685073295433,19.94431550021144,231309000
2021-08-05,20.589834213256836,20.68561547950289,20.295508346135612,20.45314818824978,211435000
2021-08-06,20.319448471069336,20.522982658344382,20.16380490468124,20.477088272906467,178497000
2021-08-09,20.248613357543945,20.46112586521887,20.096960345968807,20.399267299813797,146443000
2021-08-10,19.890439987182617,20.383310504258183,19.78966907249903,20.275557520496264,179238000
2021-08-11,19.653980255126953,20.003180762487712,19.385595913054647,19.99719395698716,185925000
2021-08-12,19.85951232910156,19.98322760034006,19.575163784101505,19.824592465890316,151652000
2021-08-13,20.141864776611328,20.16780633402696,19.80563501780991,19.859512465987095,183063000
2021-08-16,19.904407501220703,20.24063722279305,19.40854168912828,20.088984173742237,210876000
2021-08-17,19.413530349731445,19.7248175706279,19.22296688145729,19.64001084234383,204585000
2021-08-18,18.996484756469727,19.589127025061774,18.95657526353266,19.455432507309833,285913000
2021-08-19,19.752750396728516,20.448157848964943,18.719117056246247,19.449444360898703,766555000
2021-08-20,20.768423080444336,20.8173108732515,19.88744183759088,19.94530793349124,675741000
2021-08-23,21.907814025878903,21.946724447846748,20.90211844107872,20.923070353137504,575807000
2021-08-24,21.743188858032227,21.9088098112893,21.485779125252662,21.703281272193063,297299000
2021-08-25,22.162233352661133,22.418645969756337,21.672356269378028,21.68732137914957,347701000
2021-08-26,22.017568588256836,22.288946344750357,21.740204026005294,22.14926689699483,237940000
2021-08-27,22.58426284790039,22.670066727828846,22.116334931124943,22.13329627384273,304722000
2021-08-30,22.63614273071289,22.99033086561592,22.49945673354071,22.77781836527192,262580000
2021-08-31,22.337778091430664,22.64712359993544,22.073337729589888,22.64712359993544,259850000
2021-09-01,22.39366149902344,22.64912199389681,22.30983905945331,22.43756930689,201767000
2021-09-02,22.348752975463867,22.545337883825013,22.247966214051775,22.470495343605453,187834000
2021-09-03,22.794811248779297,22.93750922846225,22.153168059674176,22.27790436202972,280532000
2021-09-07,22.614192962646484,22.85069250085524,22.474487011995723,22.78483174949806,198107000
2021-09-08,22.2918758392334,22.5623040643883,21.930638074162353,22.46550856729171,254434000
2021-09-09,22.130218505859375,22.490457050966747,22.084316013138185,22.26493395688202,196856000
2021-09-10,22.43058204650879,22.578268644590512,22.22302065137504,22.30085522288771,248376000
2021-09-13,22.105268478393555,22.91555575401909,21.811888077680894,22.63614575794394,297500000
2021-09-14,22.195083618164062,22.362728510461544,22.03941254531984,22.22801304915451,199755000
2021-09-15,22.293869018554688,22.31981514344312,21.919660118755335,22.261936936889985,166538000
2021-09-16,22.195083618164062,22.230009637392705,21.880747541780984,22.136208056703595,156033000
2021-09-17,21.85380172729492,22.27391315880688,21.783949696322043,22.252957549515017,294503000
2021-09-20,21.06846618652344,21.38779089037267,20.61841728966361,21.101395618736777,349440000
2021-09-21,21.20118522644043,21.379806603732295,20.90581006345656,21.371824057072708,204688000
2021-09-22,21.894712448120117,21.91367146665539,21.151283289924628,21.32092472783552,268726000
2021-09-23,22.4345703125,22.48745799648261,21.843818289365498,22.093290867008587,248555000
2021-09-24,22.034414291381836,22.10227162110545,21.81487911853568,22.02343781823822,217655000
2021-09-27,21.61430931091309,21.753016037420434,21.280016887936466,21.664203077429683,245215000
2021-09-28,20.65533447265625,21.373816837113832,20.607435394582403,21.16924936463911,343069000
2021-09-29,20.47372055053711,20.972665824032045,20.423824881192512,20.895828586899057,218394000
2021-09-30,20.672300338745117,21.021562413613808,20.64435952502164,20.724190693278036,221009000
2021-10-01,20.698246002197266,20.81499786977685,20.16038154346578,20.706228547845832,240978000
2021-10-04,19.69037437438965,20.49866509219777,19.51374772206686,20.460745149157145,345635000
2021-10-05,20.407855987548828,20.604440891158657,19.81211532017334,19.907913464807024,279282000
2021-10-06,20.656335830688477,20.676292195822512,20.03764283172768,20.077559368646227,297202000
2021-10-07,21.030548095703125,21.27702684950044,20.927764710020128,21.047510532894467,256919000
2021-10-08,20.78705596923828,21.16126489932197,20.73117434597139,21.056486855696548,151258000
2021-10-11,20.651342391967773,21.0185661050647,20.46773053541931,20.53159660479376,163388000
2021-10-12,20.627395629882812,21.012581072561225,20.48469762768922,20.784064039237663,162134000
2021-10-13,20.89482688903809,20.94571989479939,20.669303819377618,20.873871281370185,180652000
2021-10-14,21.70012664794922,21.70910653549275,21.077442440829326,21.243092625799367,243589000
2021-10-15,21.81588363647461,21.88473833095273,21.61630666005675,21.76399328000742,226994000
2021-10-18,22.175127029418945,22.243981730637294,21.598345190561485,21.703125159512485,189494000
2021-10-19,22.242979049682617,22.33179009685353,21.990512506917007,22.22900674096052,161473000
2021-10-20,22.05637550354004,22.38567930946501,21.93563045748002,22.257949059996356,146276000
2021-10-21,22.644132614135746,22.66309354022548,22.036417993365024,22.05038840066262,187590000
2021-10-22,22.678056716918945,23.08120376239796,22.51340579315989,22.774852206054973,249384000
2021-10-25,23.11712646484375,23.30572690449076,22.72196200749555,22.924532850079377,230235000
2021-10-26,24.664854049682617,25.205712322725873,23.873527758265784,23.938391161876503,485898000
2021-10-27,24.3994197845459,25.0370717258524,24.230775672972076,24.422371980713933,245990000
2021-10-28,24.88838577270508,24.897367563338552,24.471268294233596,24.82551894824574,234204000
2021-10-29,25.51306533813477,25.65476598423701,24.947261999373193,24.948259341695557,292503000
2021-11-01,25.77251243591309,25.83937052261029,25.173777875415453,25.59488846504044,265740000
2021-11-02,26.345308303833008,26.621724421153417,25.745576232060976,25.767531088653996,294112000
2021-11-03,26.541887283325195,26.72749571192284,26.179654119222267,26.613735891491203,239910000
2021-11-04,29.73813247680664,31.29883224397883,27.060791963689024,27.17155785926572,1153631000
2021-11-05,29.68923568725586,31.333757862133087,29.347956214635,30.123317473930538,851260000
2021-11-08,30.739017486572266,31.034392580176473,29.84390851205834,30.085398573379145,503101000
2021-11-09,30.592329025268555,32.24184382365619,29.900792011768303,32.21390301112386,646746000
2021-11-10,29.396852493286133,30.784918765255455,28.717289384564676,29.29407104741433,636206000
2021-11-11,30.325889587402344,30.52546843492164,29.714183788640867,30.40372606119835,332172000
2021-11-12,30.325889587402344,30.615278725972825,29.567492631483955,29.946692061105622,413054000
2021-11-15,29.961660385131836,30.57935405607118,29.18530173672682,30.48754907870644,384909000
2021-11-16,30.139280319213867,30.325886082311623,29.643329091208063,29.696218678782373,264484000
2021-11-17,29.19927215576172,30.444640534447625,28.739244216455628,30.353830996008032,428508000
2021-11-18,31.608179092407227,32.690889311922675,31.25492578342417,32.2987206204707,781711000
2021-11-19,32.91541290283203,33.018196245585706,31.83769143046511,32.174977704788965,533867000
2021-11-22,31.888582229614254,34.57390504765396,31.83270061569136,33.446287927689205,754335000
2021-11-23,31.67902946472168,32.29173450046671,30.814855236904044,31.468474145181016,532163000
2021-11-24,32.605072021484375,32.78568994748824,30.862755024040684,31.39463157257882,435162000
2021-11-26,31.436540603637695,32.64099310849513,31.283863498749785,32.53122455866597,283069000
2021-11-29,33.30558776855469,33.34151112072589,31.96841454748494,32.297720190128416,454964000
2021-11-30,32.6070671081543,33.2826408933307,31.796781690175457,33.099027131565556,622066000
2021-12-01,31.372528076171875,33.222845580609224,31.31763707417919,33.15298499754876,484368000
2021-12-02,32.06215286254883,32.413454492397044,30.96334113610496,31.15196660239209,472890000
2021-12-03,30.632001876831055,32.0651488092906,30.070119147107587,31.936403568189156,544325000
2021-12-06,29.977306365966797,30.18089951334633,27.982278547489575,29.820616888870113,658938000
2021-12-07,32.362552642822266,32.38451208748878,30.590083198512986,30.89547671326527,593053000
2021-12-08,31.76275062561035,32.22582919300085,31.358554819452596,31.935407148072855,475551000
2021-12-09,30.429405212402344,32.14099894850159,30.367528154513945,31.670932420721524,488507000
2021-12-10,30.137985229492188,31.24278555655399,29.801655081182673,31.088092914267587,488825000
2021-12-13,28.10503387451172,30.233796207467403,28.060123228578693,30.188885561534377,598344000
2021-12-14,28.280683517456055,28.621005425069747,27.19584390568892,27.643950978334946,667035000
2021-12-15,30.39847183227539,30.439390722992787,27.78267996637832,28.343563440042264,698297000
2021-12-16,28.330581665039062,31.0980712089087,28.037167251669285,31.090087687112455,707366000
2021-12-17,27.74574851989746,28.864520919055607,27.704829638355005,27.92938285109951,713758000
2021-12-20,27.663911819458008,28.088066423723262,27.091053166532397,27.25073503427165,461847000
2021-12-21,29.01721572875977,29.06212636976984,27.346541025319663,28.317608716176828,524385000
2021-12-22,29.341567993164062,29.49626062055205,28.392457864198384,28.83358074244095,395184000
2021-12-23,29.581090927124023,29.999258803639915,29.37250667280015,29.695862140217667,343022000
2021-12-27,30.883501052856445,31.025219046682174,29.58109424412039,29.601054953911746,403686000
2021-12-28,30.261743545532227,31.267739833394167,29.95235821799751,31.24977595388918,420591000
2021-12-29,29.941377639770508,30.487291454884858,29.30763936429921,30.212838350656018,343139000
2021-12-30,29.52720069885254,30.39646994729714,29.481292592153306,29.7677209545132,308864000
2021-12-31,29.352548599243164,29.97031979961117,29.272707665423894,29.61502640680273,266530000
2022-01-03,30.06113624572754,30.649963801294536,29.725803587995543,29.755744649714465,391547000
2022-01-04,29.231788635253903,30.40744692192532,28.292658836690123,30.21682653924271,527154000
2022-01-05,27.54914093017578,29.357540102995376,27.47828288572463,28.89146724200374,498064000
2022-01-06,28.121997833251953,28.381481331155296,27.01121087291353,27.585066961351565,454186000
2022-01-07,27.192852020263672,28.365518095345266,27.003229072578133,28.08507638709076,409939000
2022-01-10,27.345544815063477,27.414407928007527,25.59303417452998,26.528172253329963,594681000
2022-01-11,27.76171875,28.009226996384303,26.785663592042308,27.26870099330091,404089000
2022-01-12,27.943355560302734,28.53816984117976,27.553131884370423,28.01121930597054,383413000
2022-01-13,26.52218437194824,28.42339706817921,26.445335836793394,28.322597967784,540171000
2022-01-14,26.888456344604492,27.14295063721548,26.1579107320568,26.24773202314796,395832000
2022-01-18,25.85152053833008,26.58506041648056,25.71878543976193,26.20781139067626,424270000
2022-01-19,25.017181396484375,26.490247833386153,25.00221181655367,26.02717118789245,488315000
2022-01-20,24.102005004882812,25.52816592790516,24.030147591877117,25.25371283114106,435181000
2022-01-21,23.327547073364254,24.77366673764392,23.216767613789905,23.460282170555125,718958000
2022-01-24,23.325550079345703,23.33353360141309,20.846487542973147,22.285621139528853,913982000
2022-01-25,22.279630661010746,22.89740178998286,21.95627520194665,22.501189559876263,664616000
2022-01-26,22.726743698120117,24.009189816429384,22.25568159985635,23.19381403507695,755959000
2022-01-27,21.9003849029541,23.94730898101564,21.63191855548817,23.52115762975604,573353000
2022-01-28,22.794607162475582,22.8125710384111,21.253675136018625,21.96825173742082,543774000
2022-01-31,24.437335968017575,24.46029097297627,23.00618592049365,23.135926717655092,564680000
2022-02-01,24.589033126831055,25.095025447548608,23.842518660207173,25.054106568459677,518925000
2022-02-02,25.191835403442383,25.765691523974446,24.50420361965189,25.74273842128798,543419000
2022-02-03,23.90040397644043,25.027159831286212,23.73273860269154,24.40939059418106,410178000
2022-02-04,24.27066993713379,24.58604192006064,23.58503497082933,23.924359424926656,354829000
2022-02-07,24.678855895996097,25.131952179111504,24.153900300504695,24.32356251647183,376868000
2022-02-08,25.058103561401367,25.179860856231137,23.9323449370335,24.310591474393373,410359000
2022-02-09,26.651926040649418,26.671886749229056,25.302613739727303,25.571078226959138,524282000
2022-02-10,25.772676467895508,26.871488159313945,25.549122622898047,25.943338051848187,513200000
2022-02-11,23.90139961242676,26.100022063881525,23.72575073057103,25.86449106436083,605472000
2022-02-14,24.218774795532227,24.825566329350934,23.70779124901656,23.88643637811028,440424000
2022-02-15,26.442346572875977,26.49224644503513,24.734746450060985,24.89941755103267,699869000
2022-02-16,26.458311080932617,26.52917102458829,25.50121738608982,26.20681300824524,732676000
2022-02-17,24.45829200744629,25.733751844995112,24.116972680791868,25.579059224109187,810595000
2022-02-18,23.595016479492188,24.936345412834687,23.054093778189063,24.61897658197623,761255000
2022-02-22,23.3435115814209,24.01617178790764,22.954287318634705,22.989217603574097,633422000
2022-02-23,22.342506408691406,24.106994175655707,22.256678790095112,23.754695100866613,566511000
2022-02-24,23.700803756713867,23.752700460531265,20.848483782736597,20.97323536478468,735801000
2022-02-25,24.108991622924805,24.168871850041366,23.334534721068575,23.67385918065925,528866000
2022-02-28,24.336538314819336,24.615982537692595,23.659886251331425,23.944319699810443,477319000
2022-03-01,23.430343627929688,24.328556587897697,23.086029928980732,24.242727053391707,412056000
2022-03-02,24.175987243652344,24.364644878261252,23.37245167186152,23.712831617877303,389642000
2022-03-03,23.67090606689453,24.281793413023205,23.426350459230303,24.21790863660906,365095000
2022-03-04,22.89432144165039,23.636968924346505,22.441145979903247,23.34150728876282,431415000
2022-03-07,21.31319808959961,22.99114500980663,21.291238708054617,22.775536020572545,450821000
2022-03-08,21.474899291992188,22.332337355011067,20.612469250055774,21.270271945662213,557467000
2022-03-09,22.972177505493164,23.17780252535281,22.206571146307404,22.34631612059236,492742000
2022-03-10,22.616819381713867,22.746582265290137,21.84222880910595,22.49004940059783,428066000
2022-03-11,22.059839248657227,23.1029403029544,22.00593652699091,22.980162727551132,367209000
2022-03-14,21.29123878479004,22.22154435088089,21.12055000026179,21.829258865642,385354000
2022-03-15,22.931245803833008,22.99612819845175,21.283247450020117,21.478890364161437,491996000
2022-03-16,24.451486587524418,24.55230288455294,23.129893131130434,23.45729621187765,671422000
2022-03-17,24.720993041992188,24.79685323515595,23.862555326463937,24.076167120982394,471941000
2022-03-18,26.40492820739746,26.520718537026188,24.579253333704855,24.75393455872764,730719000
2022-03-21,26.6854190826416,27.10266067918236,25.91981265254328,26.45883229565213,591727000
2022-03-22,26.475799560546875,27.18850274822909,26.024621290380676,26.67842977640568,547007000
2022-03-23,25.58741569519043,26.56363709584055,25.52852290161085,26.078520250553925,502120000
2022-03-24,28.09884262084961,28.268533755984528,25.859918794556325,26.118448890609304,877379000
2022-03-25,27.64167594909668,28.306466021323548,27.221441486555513,27.835323644890032,579016000
2022-03-28,28.1677188873291,28.198662689661013,27.15655927410769,27.705560928979263,425494000
2022-03-29,28.60392189025879,28.89339386605595,27.929149831104116,28.64285057154714,488984000
2022-03-30,27.639678955078125,28.444213951833504,27.45301851967268,28.252563440733994,463487000
2022-03-31,27.236412048339844,28.19666368490603,27.220442282936776,27.731510949600096,523440000
2022-04-01,26.6634521484375,27.44602766304198,26.219261218650903,27.32524728519496,517235000
2022-04-04,27.31027603149414,27.507916136883058,26.564633902248794,26.679424670623536,397120000
2022-04-05,25.88387107849121,27.269348924845236,25.773072756151574,27.204466526965444,436615000
2022-04-06,24.362646102905273,25.25402295327637,23.95938093983907,24.888688841537608,703833000
2022-04-07,24.16400909423828,24.677074985912075,23.435336116546427,24.396585485641776,557992000
2022-04-08,23.07698631286621,23.8795260910143,23.020090688541902,23.87353647670148,524781000
2022-04-11,21.877168655395508,22.279436135946177,21.62063574834751,22.173629781756052,575207000
2022-04-12,21.46491813659668,22.6836997497566,21.243321479658512,22.496041696902733,662258000
2022-04-13,22.16264915466309,22.459110293944573,21.41600931747052,21.68851390489682,516943000
2022-04-14,21.21936416625977,22.73560447190071,21.124537508973223,22.46409755288005,569097000
2022-04-18,21.7434139251709,22.047858038582817,21.040692857198728,21.161473248993577,525701000
2022-04-19,22.15765953063965,22.332340741600348,21.27526524698662,21.680527560297847,512781000
2022-04-20,21.442962646484375,22.62880350480131,21.161475516175667,22.476081662618792,468974000
2022-04-21,20.14632225036621,22.351307496780297,19.963654250425616,21.66954814057906,656209000
2022-04-22,19.479536056518555,20.448772191837858,19.46456392428075,20.266104182229988,624713000
2022-04-25,19.86583709716797,19.908758232062286,19.061301899372523,19.167108284690865,641566000
2022-04-26,18.75385475158691,19.752037349254017,18.63606917460008,19.682164872038474,653143000
2022-04-27,18.38154029846191,19.132172794940622,18.256767427265892,18.56420644155931,499460000
2022-04-28,19.74605178833008,20.00058946914846,18.456399790239256,18.93253227118429,570327000
2022-04-29,18.513294219970703,20.091420341877647,18.48334805551463,19.36673991620479,500435000
2022-05-02,19.49750328063965,19.538427232283176,18.35757845927692,18.507305480868084,572049000
2022-05-03,19.56637191772461,19.788968084316135,19.09822447980406,19.36473939534513,475751000
2022-05-04,20.297046661376953,20.36292670436252,18.716923264105464,19.886794272202145,648855000
2022-05-05,18.80975341796875,19.888788220846624,18.466378728953146,19.830894968407897,626331000
2022-05-06,18.641063690185547,19.47654261682677,17.957308981000086,18.70195366562436,633297000
2022-05-09,16.919198989868164,18.22182592676912,16.796421410513055,18.001228764705814,644455000
2022-05-10,17.56302261352539,18.16492737651773,16.99405882150625,17.656851643260232,761474000
2022-05-11,16.599775314331055,17.720735437950946,16.537889624665944,17.315473177135534,670167000
2022-05-12,16.145605087280273,16.75749197618236,15.538711130202692,16.189525752393525,708728000
2022-05-13,17.673824310302734,17.895421017236522,16.562847872141287,16.757493216581477,670437000
2022-05-16,17.232629776000977,17.755677790770932,17.07491783505779,17.477185427776067,521446000
2022-05-17,18.143970489501953,18.33761821441691,17.601957909761218,18.041157011831103,585830000
2022-05-18,16.90721893310547,18.085074867941103,16.833354004544034,17.672825290748634,545161000
2022-05-19,17.09288787841797,17.654864687115957,16.703595176469612,16.906227365370178,621310000
2022-05-20,16.663660049438477,17.378358372785904,15.726366487747862,17.30050101581057,739105000
2022-05-23,16.867292404174805,16.884261708504855,16.14959916192552,16.244425835409945,639889000
2022-05-24,16.12464141845703,16.56683711237005,15.751321521154898,16.47999533080433,588550000
2022-05-25,16.944154739379883,17.079907290972063,15.970926052291802,15.990890166789026,781132000
2022-05-26,17.818557739257812,18.059118973315748,15.992881259502376,16.00685575522456,996575000
2022-05-27,18.776817321777344,18.846689812592366,18.067108915002834,18.152953076810967,738379000
2022-05-31,18.63806915283203,19.165109521892894,18.316653805372184,18.945508098862536,664100000
2022-06-01,18.286705017089844,19.01837266847551,18.089064907013434,18.68997202318387,544514000
2022-06-02,19.556392669677734,19.583344026505568,18.16492701574172,18.258756043613012,648656000
2022-06-03,18.685977935791016,19.296867114895196,18.48833782299085,19.047321460231885,598779000
2022-06-06,18.751863479614254,19.3018628580031,18.530266751355985,19.104222687168654,422406000
2022-06-07,18.891605377197266,18.965470299087695,18.154945715304475,18.43842998315099,388914000
2022-06-08,18.61804580688477,19.14919082607967,18.50522645422863,18.768802321218946,363252000
2022-06-09,18.019006729125977,18.902585229950912,18.012018004898287,18.45131169043326,395574000
2022-06-10,16.946739196777344,17.668577568814857,16.841906388728386,17.571733237446892,465248000
2022-06-13,15.621866226196287,16.28579798543527,15.580931719685918,15.97429888299976,604153000
2022-06-14,15.810562133789062,16.040192214090787,15.387242491326816,15.705730306415653,469680000
2022-06-15,16.500452041625977,16.84090387526414,15.900416682083067,16.06914487895743,563936000
2022-06-16,15.575940132141112,15.916392943958204,15.376261580184906,15.834523928335084,545749000
2022-06-17,15.8544921875,15.969307235334869,15.303378815321718,15.622864496998716,630334000
2022-06-21,16.539392471313477,16.980681988476544,16.380647453384604,16.4485390272336,483089000
2022-06-22,16.333717346191406,16.635232211852653,16.154006221663142,16.19993184780488,437135000
2022-06-23,16.198936462402344,16.558356861748027,15.827533351841502,16.49246289970144,463680000
2022-06-24,17.098487854003906,17.112465303147033,16.28379871027583,16.473494023135874,472153000
2022-06-27,16.841901779174805,17.302161688571072,16.599292094417013,17.28419095345656,427968000
2022-06-28,15.956327438354492,17.17436698853459,15.91938621875453,16.872852064808622,461149000
2022-06-29,15.517033576965332,15.794586883557068,15.145631406490011,15.788596955968533,482352000
2022-06-30,15.134651184082031,15.541995824627715,14.838128310223649,15.336326385518298,686070000
2022-07-01,14.499671936035156,15.03880451331611,14.368882791299097,14.875068383035895,577610000
2022-07-05,14.939963340759276,14.946952066314836,14.032424007393097,14.152231139263709,651397000
2022-07-06,15.10569667816162,15.294393215490263,14.765243873049544,14.985889549347426,529066000
2022-07-07,15.832525253295898,15.919385388443493,15.36427879961872,15.431171558205026,492903000
2022-07-08,15.81256103515625,16.011241756015696,15.364281868500496,15.405216379233812,467972000
2022-07-11,15.12766170501709,15.502059340934558,15.013844503778325,15.501060543530391,437321000
2022-07-12,15.05777359008789,15.406212969174792,14.85310295738434,15.243474689136711,458483000
2022-07-13,15.139640808105469,15.350302309232742,14.44176424359817,14.56656344936429,521918000
2022-07-14,15.347307205200195,15.448144798089077,14.704341629701336,15.083731337790685,456235000
2022-07-15,15.73668098449707,15.75664836262336,15.420189805163654,15.633846749612044,385935000
2022-07-18,16.075138092041016,16.86985906904583,15.976298082766748,16.275815455198785,670517000
2022-07-19,16.964706420898438,17.08251690860308,16.146023887163786,16.459518688005346,702366000
2022-07-20,17.778400421142578,17.904199415724527,16.774017485532443,16.91978291202114,760538000
2022-07-21,18.02100372314453,18.114852584461335,17.51681579289386,17.856269769328147,557049000
2022-07-22,17.291179656982422,17.93813754600972,17.109470902798687,17.86425701094861,536671000
2022-07-25,16.996652603149414,17.096492342767927,16.622255007793466,16.991659568811933,480748000
2022-07-26,16.506441116333008,16.891820697599794,16.451529167696027,16.86186820626566,397865000
2022-07-27,17.761423110961914,17.907188485590435,16.885831113737122,17.004639434525583,569776000
2022-07-28,17.955108642578125,18.11085817162906,17.411983837534958,17.946124228071746,474646000
2022-07-29,18.13382339477539,18.21469265324764,17.663579330275038,17.784385247533635,435460000
2022-08-01,18.411376953125,18.815727059641716,17.96110121179728,18.15279222547974,476469000
2022-08-02,18.496240615844727,18.907579472181585,18.062937738115096,18.09289023442921,489527000
2022-08-03,18.86264991760254,18.93753019924968,18.10786383870972,18.154789221455992,418146000
2022-08-04,19.18413352966309,19.24303876838224,18.729864509468054,18.818722242281332,409652000
2022-08-05,18.958498001098633,19.198112256942917,18.636016886602366,18.779784678395007,386068000
2022-08-08,17.76441764831543,18.2097022715193,17.214304052200333,17.473886632127186,981859000
2022-08-09,17.05855941772461,17.418979693475674,16.697141296460867,17.22429317852499,668263000
2022-08-10,18.067930221557617,18.08889639705217,17.289182479721063,17.6695709828763,597422000
2022-08-11,17.91318130493164,18.67695387002045,17.84728732822926,18.101878818020555,509327000
2022-08-12,18.6789493560791,18.68793567728393,17.92416312056551,18.130831369711036,478094000
2022-08-15,19.001428604125977,19.13321654286925,18.583102920928457,18.67096091199568,457666000
2022-08-16,18.84867286682129,19.11125087643797,18.47127981939262,18.889607370873275,451240000
2022-08-17,18.3055477142334,18.657981332845218,18.115854280880267,18.49324736132435,446799000
2022-08-18,18.74284553527832,18.83469681060988,18.1537931034188,18.2716035897907,415447000
2022-08-19,17.820327758789062,18.490249371942653,17.74145419450282,18.376432185051986,441588000
2022-08-22,17.006635665893555,17.529794039492458,16.938744114151103,17.461902487750006,409593000
2022-08-23,17.153398513793945,17.436942664447834,16.94273704308187,16.961707525081724,369986000
2022-08-24,17.1943359375,17.37804038834426,16.867861541977685,16.98467227619529,522661000
2022-08-25,17.884225845336914,17.918171626071466,16.805960762250074,16.816942772656006,770691000
2022-08-26,16.233882904052734,17.895209693014834,16.210919131366463,17.82831787419481,769127000
2022-08-29,15.77561855316162,16.311755674946216,15.741673723289146,15.994267589292033,496132000
2022-08-30,15.443154335021973,16.013236290955273,15.157613482274344,15.934363667656111,530181000
2022-08-31,15.06975555419922,15.51503927839252,14.93497216559978,15.359289711852172,573710000
2022-09-01,13.914613723754885,14.356901987282448,13.248685287003791,14.186176179149008,1178865000
2022-09-02,13.625080108642578,14.148237660215658,13.569169349058186,14.07735255557611,743157000
2022-09-06,13.44337272644043,13.756868510463311,13.329555512837128,13.708945272705602,535751000
2022-09-07,13.696039199829102,13.819877351748058,13.328521120783083,13.545236934215922,512657000
2022-09-08,13.971677780151367,13.98965480839992,13.351491735146372,13.44137306668779,624873000
2022-09-09,14.368156433105469,14.45504237650602,14.107498602903812,14.138457184779975,486612000
2022-09-12,14.486003875732422,14.527948688246315,14.179405773307693,14.350182305946856,484159000
2022-09-13,13.113802909851074,13.903767364016517,13.081845229225642,13.783924633033108,714956000
2022-09-14,13.110806465148926,13.27259399594672,12.896087899117584,13.236640893849891,588507000
2022-09-15,12.912070274353027,13.21567210843676,12.773252346144108,12.99795810525774,523625000
2022-09-16,13.180715560913086,13.194697165247511,12.600476123758249,12.725312420987274,670751000
2022-09-19,13.36447525024414,13.44536950238442,12.992962670832137,12.994959906915472,569685000
2022-09-20,13.15874481201172,13.465342935530725,13.03990116837912,13.197694249472493,524818000
2022-09-21,13.243633270263672,14.012625346801554,13.092830994775037,13.195696747526322,807679000
2022-09-22,12.544548034667969,13.131778195732636,12.411722811191895,13.05288119399514,759162000
2022-09-23,12.499608039855955,12.594483888456596,12.240947418074,12.40373404951629,663309000
2022-09-26,12.211986541748049,12.642422835414386,12.19800493636716,12.47464261841831,547343000
2022-09-27,12.396743774414062,12.719320720938102,12.241947032432885,12.490620532839433,553854000
2022-09-28,12.719320297241213,12.806206250600736,12.337820615857858,12.393747031367376,542414000
2022-09-29,12.203996658325195,12.483629696855662,11.930355327743255,12.431697751600325,532763000
2022-09-30,12.123103141784668,12.61645665148019,12.059186824350094,12.071171193395664,565638000
2022-10-03,12.495615005493164,12.66139798607418,12.089147450998604,12.330831119191432,547478000
2022-10-04,13.14975643157959,13.202687472797924,12.862133487134708,12.862133487134708,584182000
2022-10-05,13.19170093536377,13.303554723315088,12.6044716440018,12.894091817678392,507131000
2022-10-06,13.11280345916748,13.638114568042823,13.085838394985783,13.202685736539443,644157000
2022-10-07,12.060185432434082,12.653407390361004,12.00625625011576,12.488623513159082,672478000
2022-10-10,11.65471649169922,12.108121431783047,11.3930595354897,12.02123547777354,698699000
2022-10-11,11.570826530456545,11.830485290733634,11.26822291287926,11.545858700912865,667482000
2022-10-12,11.484938621520996,11.719630502652882,11.330141889388276,11.563835628802222,492590000
2022-10-13,11.944337844848633,12.062183348670452,10.798839583929336,10.95663266773692,850103000
2022-10-14,11.21229648590088,12.095138555665246,11.18932684468692,12.041209377307329,713432000
2022-10-17,11.872427940368652,11.932349767940854,11.50191456066642,11.502912702211294,580774000
2022-10-18,11.951326370239258,12.475638376699209,11.6027834917392,12.327832454158484,659362000
2022-10-19,12.035215377807615,12.33382449005694,11.81849959434434,11.863440730045152,523131000
2022-10-20,12.17802906036377,12.752275759292546,12.08914492779996,12.097134823090324,652398000
2022-10-21,12.449673652648926,12.481632285200682,11.871432413251382,12.0821555690685,609494000
2022-10-24,12.582499504089355,12.693354192196823,12.048200327410264,12.49161907984014,517457000
2022-10-25,13.243633270263672,13.282582706939756,12.647414970734918,12.677376368924335,505482000
2022-10-26,12.87911319732666,13.37046857289565,12.69135964886724,12.852149078307756,532953000
2022-10-27,13.15874481201172,13.819878535178242,13.10481562757985,13.612150741855237,583113000
2022-10-28,13.815882682800291,13.831862475965329,13.043895236732384,13.086839145065817,521040000
2022-10-31,13.479323387145996,13.819877352516734,13.27958550774582,13.759955512484012,486341000
2022-11-01,13.525263786315918,13.90676347391886,13.50129505001384,13.792912452696658,432817000
2022-11-02,13.20168685913086,14.191389115723172,13.193697915853496,13.83186095275916,672628000
2022-11-03,13.40342140197754,13.76295050231108,12.939031234755454,13.02591718002266,500065000
2022-11-04,14.137459754943848,14.21036409974022,13.679060329272222,13.967682330980322,612576000
2022-11-07,14.282270431518556,14.393125122055553,13.935725708295829,14.209366081203711,410061000
2022-11-08,14.582878112792969,14.87149920944687,14.197382968646812,14.781616917016803,595292000
2022-11-09,13.75795841217041,14.192389137520289,13.740980477958338,14.143452570833958,454414000
2022-11-10,15.729373931884766,15.75234357507586,14.527949302036651,14.78061823441489,700819000
2022-11-11,16.30561637878418,16.367535452388744,15.461723751407224,15.786297912123384,655487000
2022-11-14,16.273658752441406,16.518338717650273,15.901147120330617,16.196759933471668,527852000
2022-11-15,16.64417266845703,16.975736669946382,16.360544231088024,16.70009908063956,545876000
2022-11-16,15.889163970947266,16.340571692497278,15.85221272363111,16.140834757175984,649547000
2022-11-17,15.656469345092772,16.244698687867267,15.514655111106975,15.694419686718572,710894000
2022-11-18,15.388819694519045,15.981043471785322,15.10019767858643,15.945089416031916,492072000
2022-11-21,15.296940803527832,15.456731110524126,15.060250720781186,15.127163364237928,404739000
2022-11-22,16.016998291015625,16.036972558111696,15.102197430405884,15.30792800033822,472866000
2022-11-23,16.49736785888672,16.50535870885115,16.02698585665369,16.076919620889132,427241000
2022-11-25,16.24869155883789,16.465406408074,16.15082033660223,16.296629028257563,167934000
2022-11-28,15.80627155303955,16.335578114870664,15.704405855375358,16.00501033484104,303741000
2022-11-29,15.618518829345703,15.9111353323506,15.499675191959904,15.806272346937764,298384000
2022-11-30,16.905162811279297,16.91215540251176,15.58056025532418,15.68045427969234,565298000
2022-12-01,17.1169376373291,17.24679976152075,16.617464704481463,16.98108131969133,470977000
2022-12-02,16.85820960998535,16.915150636132893,16.42766419266872,16.641439305658572,371389000
2022-12-05,16.592493057250977,16.977087481695534,16.45463802657284,16.661420572590046,352255000
2022-12-06,15.970148086547852,16.55552985566231,15.802324959390123,16.512575914907618,352694000
2022-12-07,16.103010177612305,16.16894059762961,15.650486623430004,15.7553764476407,372388000
2022-12-08,17.150901794433594,17.16089148149892,15.942176334261012,16.255846411030678,515456000
2022-12-09,16.983078002929688,17.564465224613613,16.957106340396344,17.141910790847255,465338000
2022-12-12,17.516515731811523,17.5195128285567,16.779294713991607,17.01904149488724,457328000
2022-12-13,18.052953720092773,18.7701974035508,17.692334131047183,18.511469596335157,656589000
2022-12-14,17.65536880493164,18.232760529632586,17.401636847702704,17.9680385827717,496888000
2022-12-15,16.934125900268555,17.301737920767152,16.682392700233958,17.127921595408722,478542000
2022-12-16,16.553531646728516,17.023037438901543,16.392702058076296,16.846223968965074,478232000
2022-12-19,16.236865997314453,16.591491326415667,16.127981643599433,16.554531578863497,354039000
2022-12-20,16.06804084777832,16.292804013833532,15.835287647926195,16.04706307930235,403260000
2022-12-21,16.483606338500977,16.60947488301715,16.085026742432447,16.097015130166447,325025000
2022-12-22,15.322830200195312,16.120988676666293,14.866312166020125,16.077034434147475,565045000
2022-12-23,15.18997287750244,15.322832113426353,14.86731337215991,15.179983189076385,349326000
2022-12-27,14.10611343383789,15.084081428997656,14.041181425633663,15.058108816249748,464902000
2022-12-28,14.021204948425291,14.246966554872388,13.86936474434743,13.912319639203044,351066000
2022-12-29,14.587607383728027,14.667522983450697,14.2120042555653,14.38681998720955,354923000
2022-12-30,14.59859561920166,14.613579197907772,14.217996715226494,14.318890082879692,310490000
2023-01-03,14.29991054534912,14.980193431350456,14.08114152422186,14.835345814456591,401277000
2023-01-04,14.73345184326172,14.837342302451898,14.22598793393784,14.5516444923479,431324000
2023-01-05,14.249963760375977,14.548648374304229,14.133086509590797,14.475725368544696,389168000
2023-01-06,14.843335151672363,14.99417598326044,14.019205095866276,14.45874080807322,405044000
2023-01-09,15.611525535583496,16.03907384357529,15.125038456294371,15.267888310654865,504231000
2023-01-10,15.892230033874512,15.94517366128145,15.455690420036634,15.490653372601406,384101000
2023-01-11,15.984130859375,16.01110282220087,15.546592882587277,15.823301290137104,353285000
2023-01-12,16.49359703063965,16.619463677480493,15.475671006700845,16.083030927179784,551409000
2023-01-13,16.88118553161621,16.904162001817628,16.147960048723682,16.260839889557317,447287000
2023-01-17,17.6833438873291,17.709317461991862,16.88119065568685,16.88119065568685,511102000
2023-01-18,17.35868263244629,17.854158152300805,17.263781558432793,17.648375934651437,439624000
2023-01-19,16.74732780456543,17.17887355641003,16.713365152180454,17.018042058487556,452932000
2023-01-20,17.82019805908203,17.837180338916934,16.80726689515637,16.99306976542005,564967000
2023-01-23,19.172771453857425,19.224716691811057,17.799220697894288,18.04495979923427,655163000
2023-01-24,19.244691848754883,19.474450850170054,18.800161235154988,18.80715382585874,496204000
2023-01-25,19.302629470825195,19.349580807071824,18.560412717739823,18.893061849004603,449537000
2023-01-26,19.781126022338867,20.14474263652142,19.25767822252368,19.680232657858443,489535000
2023-01-27,20.343528747558594,20.60625195178664,19.38454179975137,19.441480911459067,542142000
2023-01-30,19.14180564880371,20.118773660535773,19.129817259209076,19.92897527511301,488611000
2023-01-31,19.516403198242188,19.66624467526037,18.930022166965617,19.14978953956976,498017000
2023-02-01,20.920921325683594,21.16965745715704,19.590324874698545,19.670240457303972,660477000
2023-02-02,21.686113357543945,21.92586011373037,20.6781782034606,20.97786117235916,564276000
2023-02-03,21.07775497436523,21.72207541802909,20.767082033794136,20.97786002176547,429366000
2023-02-06,21.066770553588867,21.54726252016348,20.764088546903057,20.78406792196353,452197000
2023-02-07,22.14962577819824,22.235535559887833,21.12770349826597,21.359459276744385,664150000
2023-02-08,22.18159294128418,22.85388384635013,21.984800102114296,22.36340029679166,559651000
2023-02-09,22.313453674316406,22.995734263923605,22.0966833667124,22.582171117953777,523876000
2023-02-10,21.242582321166992,22.05472500108008,20.78906235023707,21.667135439240298,550737000
2023-02-13,21.765031814575195,22.024757958584203,20.93990234696834,21.515295357490142,474919000
2023-02-14,22.946786880493164,23.02470377641566,21.343477267064586,21.555253690620347,675474000
2023-02-15,22.74000358581543,22.830907263123883,22.082698167631655,22.52523007264076,420575000
2023-02-16,21.97881126403809,22.526232116091094,21.903889549979603,22.109671806310875,412026000
2023-02-17,21.36545181274414,21.717079994148627,20.952887118556177,21.60819565620736,465888000
2023-02-21,20.633228302001953,21.47134271002345,20.59626664817325,20.97786395244178,410015000
2023-02-22,20.732118606567383,21.081749979909304,20.399469508148194,20.6851691802944,513184000
2023-02-23,23.63905334472656,23.86281813728652,23.00072702935598,23.415290457504543,1117995000
2023-02-24,23.26145362854004,23.449257089535415,22.922812171124363,23.200519010604086,589716000
2023-02-27,23.476224899291992,23.854825071141978,23.42927546754868,23.6450473658971,452994000
2023-02-28,23.1915283203125,23.799887550278743,23.18153863236945,23.347364022615437,455963000
2023-03-01,22.674074172973633,23.231486553591107,22.48427391696802,23.16755293325011,460026000
2023-03-02,23.28942489624023,23.355355313247543,22.40835460483908,22.464297239112163,389415000
2023-03-03,23.864816665649418,23.8748063531746,23.105617561777713,23.295417814080157,412393000
2023-03-06,23.529172897338867,24.22243969976959,23.462242179784383,23.86581756344892,437429000
2023-03-07,23.26740264892578,24.10366224367853,23.220443334628193,23.57912696976708,515154000
2023-03-08,24.159610748291016,24.17859494826269,23.403280373872484,23.4662243735778,513573000
2023-03-09,23.415271759033203,24.432370990770355,23.36231723479036,24.15361653047561,501257000
2023-03-10,22.944684982299805,23.606100023101337,22.705896084995057,23.388292457422025,474866000
2023-03-13,22.9456844329834,23.27739148555108,22.27727749488012,22.731874936608868,421890000
2023-03-14,24.04171562194824,24.197577774691457,23.439248344671885,23.47521770648127,474910000
2023-03-15,24.206571578979492,24.264518937841256,23.33933927282555,23.739983668370748,524486000
2023-03-16,25.51841163635254,25.565369047622585,23.87286699514815,24.005750694887265,583253000
2023-03-17,25.702245712280273,26.375649322099584,25.64529501788219,25.959018356234974,848547000
2023-03-20,25.87708854675293,26.000979405508424,25.107769229375982,25.592340809458843,432747000
2023-03-21,26.17582893371582,26.36865903671038,25.358553488198883,26.156846636843376,547408000
2023-03-22,26.444591522216797,27.56460037448036,26.213794924295495,26.40162837848802,797295000
2023-03-23,27.16695022583008,27.474678371614985,26.66639389662088,27.091017232493737,564889000
2023-03-24,26.75531578063965,27.14297311837725,26.331690982855743,27.007093717949058,454920000
2023-03-27,26.507537841796875,26.97612295141189,26.34168427554185,26.813266991321488,361026000
2023-03-28,26.386640548706055,26.489550086858387,25.827136394951317,26.42360847823861,356104000
2023-03-29,26.96013069152832,27.054047407093577,26.573473879413093,26.80127284346235,393694000
2023-03-30,27.358781814575195,27.47468035198424,27.07803019459777,27.204918683423134,364516000
2023-03-31,27.75243377685547,27.809382571922825,27.081027225666865,27.115996118368173,433933000
2023-04-03,27.940265655517575,27.97523454624746,27.31182228340709,27.48466960367856,398716000
2023-04-04,27.428714752197266,27.975231771386618,27.28284399228964,27.94126145071521,368592000
2023-04-05,26.857227325439453,26.97412252588098,26.37165707628632,26.8052732678004,515015000
2023-04-06,27.013086318969727,27.056047553520617,26.403625256641565,26.560485977879456,397654000
2023-04-10,27.554611206054688,27.596573880749386,26.645416109679186,26.7992792502264,395279000
2023-04-11,27.14496803283691,27.76541901115848,27.1020048950003,27.699477407319023,314378000
2023-04-12,26.47156524658203,27.44370417314176,26.42460593521108,27.345791283837347,446259000
2023-04-13,26.439594268798828,26.863219050562652,26.30571391261913,26.710354492654048,353615000
2023-04-14,26.73433303833008,26.85922248082228,26.196808771126577,26.48055798084649,395660000
2023-04-17,26.978120803833008,26.982116976656055,26.40962377161007,26.541507003079705,321471000
2023-04-18,27.64253044128418,28.08513943393583,27.332805146499545,27.50865008233409,604812000
2023-04-19,27.906293869018555,27.97523308017652,27.207912752047683,27.336798357649375,358660000
2023-04-20,27.08002662658691,28.00520817494305,26.976118523026464,27.64652455149464,427713000
2023-04-21,27.09501075744629,27.158955227215888,26.6983625730689,26.928158664013218,345103000
2023-04-24,27.018083572387695,27.341796428628392,26.64741139924113,26.989109891102213,339282000
2023-04-25,26.217788696289062,27.22289939376249,26.20180400715183,27.05404825153496,378527000
2023-04-26,26.93215560913086,27.305825338536614,26.6813781784844,26.978116353168147,406337000
2023-04-27,27.201919555664062,27.47068264242289,26.601451283130864,27.338799421481617,377161000
2023-04-28,27.724456787109375,27.733447698531908,27.047055069952613,27.200920093090993,292216000
2023-05-01,28.88442611694336,29.032295912955636,27.75542655126911,27.815372941798888,570329000
2023-05-02,28.185049057006836,28.810496754933304,28.058162478439368,28.654634590232256,402730000
2023-05-03,27.777408599853516,28.341909379215185,27.44770056792737,27.815375094782077,383387000
2023-05-04,27.537620544433594,27.834356814204146,27.21590486366876,27.626540615871196,321850000
2023-05-05,28.654632568359375,28.72956508673925,27.7064725625765,27.801387848122303,361494000
2023-05-08,29.12521171569824,29.194150921324063,28.324921601827587,28.496768426952514,344979000
2023-05-09,28.545724868774418,28.947369681224068,28.424833522945992,28.87343573715103,314869000
2023-05-10,28.859451293945312,29.087250267045963,28.435826537614037,28.97934408614239,369350000
2023-05-11,28.552722930908203,28.92439555714759,28.22101774652631,28.870442464415532,322149000
2023-05-12,28.31493377685547,28.75454513594309,28.02119319112188,28.503765785473178,274222000
2023-05-15,28.927391052246097,28.943377647743457,28.127100823911366,28.482784946357548,293926000
2023-05-16,29.187162399291992,29.84358282076136,28.80650075563799,28.81549166758805,449405000
2023-05-17,30.15130615234375,30.172287485743233,29.403968588740156,29.557831700336376,432535000
2023-05-18,31.64998435974121,31.79985132280436,30.293185535146684,30.383106094116936,748725000
2023-05-19,31.23634910583496,31.55206961057156,30.888657314495276,31.508107900453748,473908000
2023-05-22,31.148426055908203,31.49212165768894,30.652864468171376,30.87366776329227,372000000
2023-05-23,30.66085624694824,31.260325929202107,30.603907456096916,30.972580557946717,356253000
2023-05-24,30.5109920501709,30.57993126993221,29.779639086305995,30.183281114614353,721419000
2023-05-25,37.94640350341797,39.44507664562874,36.60259203294565,38.48892244912427,1543911000
2023-05-26,38.91155624389648,39.13535716800428,37.516790924073234,37.8564903887327,714397000
2023-05-30,40.07552337646485,41.90090712766281,39.91366790954096,40.559096455146374,923401000
2023-05-31,37.800540924072266,40.25936306137478,37.7885504996595,39.45307752910507,1002580000
2023-06-01,39.73482894897461,40.01458010495206,38.30609329724924,38.45495978773049,635873000
2023-06-02,39.29221725463867,40.46418014077918,39.0234541630698,40.06153669245179,482731000
2023-06-05,39.136356353759766,39.53000507242546,38.6727660406919,38.87458704490847,396094000
2023-06-06,38.61981964111328,39.125372730411726,38.11426655181483,38.79566651384917,388729000
2023-06-07,37.44572067260742,39.468141471393565,37.32681416120832,38.88459809447063,511998000
2023-06-08,38.47991943359375,38.833643027365426,37.47570715034152,37.694534053593046,417772000
2023-06-09,38.739715576171875,39.67997860030122,38.53687503234718,39.00650530356787,427717000
2023-06-12,39.45116424560547,39.49912709454757,38.58784058808382,39.16938679625348,388701000
2023-06-13,40.98996353149414,41.06890421553936,39.708967017457006,40.154617863223834,613208000
2023-06-14,42.96341323852539,42.966409248322705,40.52031971750945,40.79211040782438,740465000
2023-06-15,42.61968994140625,43.255194841743766,42.11408458461737,42.5687310811785,568622000
2023-06-16,42.658653259277344,43.6868488037051,42.62767543128522,43.416060581927226,655709000
2023-06-20,43.773780822753906,43.95564168389906,42.64066770306491,42.96441594228362,451153000
2023-06-21,43.01137924194336,43.58093756834967,42.04713658375585,43.46702437838124,551603000
2023-06-22,42.99139404296875,43.392077979853475,42.201011539171446,42.21999389255843,417737000
2023-06-23,42.176029205322266,42.77555900672088,41.98218049927132,42.43083108618956,358140000
2023-06-26,40.60025787353515,42.7305923048299,40.06867198268561,42.42782760853359,594322000
2023-06-27,41.843292236328125,41.90724142585059,40.41640998353972,40.767133761708735,462175000
2023-06-28,41.08488082885742,41.81231277067348,40.4863497310759,40.62823709596165,582639000
2023-06-29,40.79011154174805,41.56750370507978,40.56828482936424,41.52553669526217,380514000
2023-06-30,42.26895904541016,42.516766447959405,41.46858596097829,41.64744701058792,501148000
2023-07-03,42.37986755371094,42.86448930889797,42.16903383872821,42.4837864062488,198209000
2023-07-05,42.28395462036133,43.143279816552536,42.0521335401683,42.10209373119875,323618000
2023-07-06,42.07011795043945,42.146058807449926,41.31370920237291,41.81132135922697,303582000
2023-07-07,42.46979904174805,43.18024602401447,42.14705329030634,42.288940665727566,355881000
2023-07-10,42.147064208984375,42.77757201337748,41.61647679527617,42.62369293456656,353908000
2023-07-11,42.37187576293945,42.724600671080424,42.03414233997435,42.44781661195004,298244000
2023-07-12,43.86770248413086,43.90067764855856,42.74358137770357,42.99938189898188,481277000
2023-07-13,45.94108581542969,46.118944360019775,44.45724522752528,44.48322589317595,478204000
2023-07-14,45.43349075317383,48.050444811535804,45.02480978329466,46.546619140200846,772075000
2023-07-17,46.424713134765625,46.45968564777863,45.22665203775024,46.25285039179776,510488000
2023-07-18,47.45690155029297,47.85858797189123,45.69827797708258,46.66452170058574,569164000
2023-07-19,47.04022979736328,47.78065216165784,46.70549236660369,47.42692856470666,427502000
2023-07-20,45.48444747924805,47.05022493000669,45.02680501298147,46.47067610405814,537865000
2023-07-21,44.27439498901367,45.83018206850467,44.0655585735208,45.75224005521712,963769000
2023-07-24,44.577152252197266,45.07376568294936,44.005600454709025,44.6960587806985,382516000
2023-07-25,45.6433219909668,46.14692613209552,44.88791196755602,44.90589946333249,348081000
2023-07-26,45.41649627685547,46.017028562917005,44.59513975878737,45.98505206450845,364237000
2023-07-27,45.86415100097656,47.357982253239214,45.71426663486367,46.4826670082,455976000
2023-07-28,46.71348571777344,46.99026979268205,46.34477444515405,46.63154903236518,331194000
2023-07-31,46.69249725341797,47.093184983951005,46.4696718790696,46.71747924909827,251055000
2023-08-01,46.470672607421875,46.86336718401233,45.991048000510794,46.42370843555568,237858000
2023-08-02,44.23442459106445,45.80419670368741,43.35311350990517,45.79520486142881,530142000
2023-08-03,44.48023223876953,45.08276192345427,43.76579051634056,43.76579051634056,324176000
2023-08-04,44.64510345458984,45.60635008188567,44.35832886320504,44.94986554244231,362666000
2023-08-07,45.38153076171875,45.50443580088547,44.52819761374418,45.07576998074253,322154000
2023-08-08,44.629112243652344,45.206659855456344,44.02158547433781,44.81796378324031,353843000
2023-08-09,42.5207633972168,44.27738970488,42.10108946258739,44.23941737277786,586449000
2023-08-10,42.35489273071289,43.53996721168232,41.80232325660613,42.12707017302428,492705000
2023-08-11,40.823089599609375,41.98518324691205,40.607258703595875,41.71838968414298,533085000
2023-08-14,43.71882247924805,43.765786651430616,40.27951352736408,40.45437607089752,690286000
2023-08-15,43.90568161010742,45.2326473732039,43.67586169687328,44.52520013627042,676512000
2023-08-16,43.452030181884766,44.640100549598,43.372090845714155,44.48522285041412,527451000
2023-08-17,43.310150146484375,44.02758789498413,42.96741571162868,43.93566069220137,452395000
2023-08-18,43.26518249511719,43.543963920277655,41.62746264434339,42.601699627262846,583768000
2023-08-21,46.93031311035156,47.02823613559613,44.187458298338946,44.45924519865085,692573000
2023-08-22,45.63232421875,48.14935742594029,45.29758682975093,48.097396095838995,755293000
2023-08-23,47.07920837402344,47.163142412730515,45.172697380646554,45.83018449557039,779046000
2023-08-24,47.126163482666016,50.22674065271713,47.122168802250776,50.176780465500904,1156044000
2023-08-25,45.982059478759766,47.76766250313572,44.98883254303396,46.97528260276776,925341000
2023-08-28,46.79841995239258,46.943307161709576,44.85294200358458,46.445695012544455,685192000
2023-08-29,48.74589538574219,49.04266428440614,46.35476299443785,46.62954971759292,701397000
2023-08-30,49.22551727294922,49.88799757012422,48.38717195801793,49.005687906612565,735206000
2023-08-31,49.31645202636719,49.70514814643913,48.9197627338808,49.34143402541549,528570000
2023-09-01,48.47111129760742,49.761103338104185,48.10439736069892,49.72313481683707,463830000
2023-09-05,48.51007843017578,48.81284315295678,47.82261611647607,48.185331532444785,382653000
2023-09-06,47.028114318847656,48.515073458793,46.547451450862816,48.40715103407181,468670000
2023-09-07,46.20869445800781,46.31162313659779,45.120454595762936,45.49319509398626,433330000
2023-09-08,45.540157318115234,46.57343525598355,45.23936893896436,45.909901542782364,473069000
2023-09-11,45.146427154541016,46.130735550235435,44.28103126100682,46.115746643442655,473966000
2023-09-12,44.83864974975586,45.641090123079564,44.49988589641405,44.70674200428019,349256000
2023-09-13,45.453216552734375,45.89790529019353,44.47190049902718,44.56883283924793,398355000
2023-09-14,45.54915618896485,45.95487076893904,45.0994698183301,45.91789786927569,370097000
2023-09-15,43.86931991577149,45.567129987886304,43.777381347712456,45.30931088292171,506831000
2023-09-18,43.935279846191406,44.211087976394666,41.97065391873253,42.71813237686466,500271000
2023-09-19,43.489593505859375,43.9352810366056,42.97195387152737,43.80237454169073,373064000
2023-09-20,42.2094841003418,43.872322851544475,42.19349643912847,43.5695331686225,367108000
2023-09-21,40.98834228515625,42.070585843913626,40.95136938508374,41.553948747199726,450736000
2023-09-22,41.5809211730957,42.08556931771517,41.20218442357063,41.54294571690647,479236000
2023-09-25,42.192501068115234,42.506280863755784,41.14822919128449,41.56194140759635,419091000
2023-09-26,41.88172149658203,42.790086892150065,41.62589981227778,41.97165877768874,402282000
2023-09-27,42.438323974609375,42.84204482057062,41.59991333679484,42.30042372625329,444935000
2023-09-28,43.05889129638672,43.41564027932202,42.085572876608914,42.43032920794071,424663000
2023-09-29,43.468605041503906,44.113154796580034,43.276737862234015,43.79637496273023,397830000
2023-10-02,44.750709533691406,45.143432663496135,43.830351660184725,43.99923228856128,433298000
2023-10-03,43.48659133911133,45.09846705093091,43.215780788420936,44.77668963515232,470850000
2023-10-04,44.010231018066406,44.112160944881325,43.26175375973955,43.71144012859111,361821000
2023-10-05,44.65677261352539,44.868626271295504,43.85733240049327,44.01921794767318,393483000
2023-10-06,45.730018615722656,45.75700017274814,43.99523182082683,44.162114923887266,434436000
2023-10-09,45.241355895996094,45.57312458126316,44.336989652628624,44.810657381240446,409675000
2023-10-10,45.765995025634766,46.22667139823051,45.05649211437215,45.27833709467453,368582000
2023-10-11,46.773292541503906,46.8262569088581,46.017820302651025,46.16371818891468,378137000
2023-10-12,46.91219711303711,47.57573461020595,46.297628975923374,46.744315234099965,481325000
2023-10-13,45.42923355102539,47.0830797443062,45.24836026520754,46.92718670300792,474115000
2023-10-16,46.06278610229492,46.19269250254442,44.88061041339965,45.03150585760048,375099000
2023-10-17,43.90729904174805,44.72273077097073,42.45031760329598,43.96925599511655,812333000
2023-10-18,42.16651153564453,43.18879926057118,41.79577241593963,42.5612359572998,627294000
2023-10-19,42.07158279418945,43.26674621056965,41.85273405618411,42.78108575212414,501233000
2023-10-20,41.35807800292969,42.44032133844881,41.0492920242925,41.86072483787584,477266000
2023-10-23,42.944969177246094,43.217781037891605,40.91638888400306,41.20019083203981,478530000
2023-10-24,43.63248825073242,43.66646488934986,42.66117113532344,43.04689918780669,401463000
2023-10-25,41.74980163574219,43.619496263453854,41.52595915637694,43.367669662136635,398379000
2023-10-26,40.297821044921875,42.22647269652664,39.852133556535904,41.8237544285133,541001000
2023-10-27,40.47169876098633,41.177206691835266,39.987037067133414,41.1012595868594,416784000
2023-10-30,41.13223648071289,41.73681325645553,40.45271135167305,41.05829069172662,388028000
2023-10-31,40.751502990722656,40.85043664876845,39.20258684468398,40.42173556666503,517969000
2023-11-01,42.29542541503906,42.35138604007193,40.84044154012121,40.85543044867906,437593000
2023-11-02,43.4755973815918,43.853331578454224,42.864025551225126,43.29772036984495,409172000
2023-11-03,44.97355270385742,45.27733731815709,43.69244703893823,43.989240387189966,424610000
2023-11-06,45.719032287597656,45.90290564428218,44.86762640814462,45.25335828782106,400733000
2023-11-07,45.92289733886719,46.18571028109841,45.12645324436262,45.68706214915863,343165000
2023-11-08,46.54145431518555,46.834248828049994,45.93587499644732,46.06778272127609,346719000
2023-11-09,46.917198181152344,48.19630266302722,46.717337152851385,47.43383526069941,540496000
2023-11-10,48.30122756958008,48.438132884975005,47.249964459009426,47.46681189639429,421245000
2023-11-13,48.58601760864258,49.08167314175015,48.065381835668106,48.28622804602199,384136000
2023-11-14,49.621299743652344,49.799176764113575,49.00573287416369,49.645285046741414,416954000
2023-11-15,48.85383987426758,49.92508940872805,48.1663208904743,49.90010916476034,475497000
2023-11-16,49.44542694091797,49.490397480832705,48.296232754650504,48.64498792594149,339756000
2023-11-17,49.26355743408203,49.68226341163358,48.9727603803161,49.489397461523026,325205000
2023-11-20,50.373779296875,50.512682115669016,49.14663666812377,49.27754565599921,414120000
2023-11-21,49.90910720825195,50.481704933940904,49.187611506653525,50.090979262287824,565747000
2023-11-22,48.68195724487305,50.29982538193606,47.6566732297451,49.81716500278888,899420000
2023-11-24,47.74262237548828,48.88682288112686,47.71164199032287,48.436137757840115,294645000
2023-11-27,48.20829391479492,48.49609089003982,47.61870599505968,47.76660139816942,395662000
2023-11-28,47.7875862121582,48.28923817471284,47.439829789625705,48.20229716306376,401491000
2023-11-29,48.10636138916016,48.727928411184934,47.826558260033494,48.345196613263326,382005000
2023-11-30,46.73732376098633,48.076387698516726,46.389567324354005,47.99044543574213,526247000
2023-12-01,46.732322692871094,47.16702011217605,46.15472745047927,46.4924925258304,369317000
2023-12-04,45.47819519042969,46.04480030339198,44.97854459860675,46.04480030339198,437543000
2023-12-05,46.537559509277344,46.57153532629203,45.24334850919928,45.438229098759074,371718000
2023-12-06,45.47520065307617,47.35805240480733,45.3842566412969,47.18615659482553,380590000
2023-12-07,46.56753158569336,46.600512368918565,45.57613709541874,45.67207911260122,350823000
2023-12-08,47.47697830200195,47.71183534651791,46.52156105756746,46.566535548739374,359224000
2023-12-11,46.59851837158203,47.50196552269277,45.80200812005124,47.46199285274284,509728000
2023-12-12,47.627891540527344,47.6368849146668,46.017875514105,46.017875514105,372387000
2023-12-13,48.05862045288086,48.56431181557389,47.57891418067836,47.59990125860534,447792000
2023-12-14,48.32046127319336,48.6402654789673,47.39303060139569,48.36043775200682,391232000
2023-12-15,48.86013412475586,49.37382007835511,48.09060403450958,48.16456014183968,479948000
2023-12-18,50.046409606933594,50.402191134156865,49.11997773498407,49.36982501987744,412587000
2023-12-19,49.573692321777344,49.66963433728467,48.86512588284418,49.39380199579273,464444000
2023-12-20,48.08161163330078,49.96845884341608,48.06861908632006,49.62466720561467,397894000
2023-12-21,48.9600715637207,49.06500695718709,48.389417453965386,48.781180068606574,300425000
2023-12-22,48.800174713134766,49.35283451146827,48.43739367116176,49.16494962310715,252507000
2023-12-26,49.24889373779297,49.56969677808233,48.93008837769936,48.93808291084912,244200000
2023-12-27,49.38680648803711,49.649646285457685,49.05500860498553,49.48075082384643,233648000
2023-12-28,49.49174880981445,49.85352719386826,49.38181539341571,49.6126770927999,246587000
2023-12-29,49.49174880981445,49.96646094313931,48.72121986722186,49.7825714182401,389293000
2024-01-02,48.138572692871094,49.26488309320295,47.56592469935288,49.21391556134482,411254000
2024-01-03,47.539939880371094,48.15456203597886,47.2910914479061,47.45599156277329,320896000
2024-01-04,47.96868133544922,48.47037358886087,47.4789789763883,47.737819636783634,306535000
2024-01-05,49.06700897216797,49.51673484987403,48.27649179251623,48.43239854255895,415039000
2024-01-08,52.2210807800293,52.24307051371221,49.44877695414858,49.48175774230581,642510000
2024-01-09,53.10753631591797,54.291813775257275,51.658421354299875,52.368989354850214,773100000
2024-01-10,54.316795349121094,54.566642620850935,53.45632128428564,53.58324641272958,533796000
2024-01-11,54.78850936889648,55.31219134586392,53.527283064841185,54.9654031964735,596759000
2024-01-12,54.67657852172851,54.93642183109273,54.29681339629927,54.58663334731275,352994000
2024-01-16,56.34755325317383,56.80027560728274,54.86646024002656,54.98438817814625,449580000
2024-01-17,56.01875686645508,56.43650076516492,54.70655929384397,56.3125759716749,474394000
2024-01-18,57.07211685180664,57.56481575240513,56.07272766296372,57.225023275703855,491650000
2024-01-19,59.45466232299805,59.46365569707979,57.190043807244585,57.95357707318065,543501000
2024-01-22,59.6175651550293,60.29415362361085,59.033922203847766,60.012324362995706,452955000
2024-01-23,59.83642578125,59.8734019281728,58.549210583878605,59.53360947543731,294654000
2024-01-24,61.324520111083984,62.81061137582762,59.90139009197215,60.26716767066686,560271000
2024-01-25,61.5793571472168,62.680685096135214,60.81282362309359,62.3119072339738,482777000
2024-01-26,60.99371719360352,61.74526054571479,60.53600059416135,60.92276141821586,390309000
2024-01-29,62.42684173583984,62.450825336358335,60.869794823781135,61.1945932389414,348733000
2024-01-30,62.73564910888672,63.45421163481392,62.221963176710254,62.861575397836866,410735000
2024-01-31,61.48941421508789,62.230961514394274,60.66291975637589,61.40246556305648,453795000
2024-02-01,62.98849105834961,63.15239231863236,61.61233350050668,62.06205550152998,369146000
2024-02-02,66.11959075927734,66.55931680667902,63.65109449153059,63.934921410632114,476578000
2024-02-05,69.2896499633789,69.45455008972388,67.16395031831868,68.1833239064927,680078000
2024-02-06,68.18132019042969,69.71138308978904,66.25949848302591,69.58745829595591,683111000
2024-02-07,70.05616760253906,70.17709586585252,67.55869397580136,68.27725642617484,495575000
2024-02-08,69.59844970703125,70.75074512715133,69.412566337875,70.03118381151026,414422000
2024-02-09,72.08895111083984,72.14091368127717,70.1691190330097,70.48992214211897,436637000
2024-02-12,72.20387268066406,74.5654283449227,71.20648115197012,72.55565505937633,613710000
2024-02-13,72.08395385742188,73.40514518374027,69.5774897432117,70.35701222131028,602580000
2024-02-14,73.85487365722656,74.19066701109121,71.89407378756496,73.15730185072407,504917000
2024-02-15,72.61361694335938,73.9298138493264,72.35577892403286,73.82388341395547,420122000
2024-02-16,72.5686264038086,74.35653464053262,72.45669533307102,74.05471723562285,495327000
2024-02-20,69.4095687866211,71.91203666406658,67.69261615478561,71.90303947909813,704833000
2024-02-21,67.4307861328125,68.84592156210476,66.2075347659216,67.96445653317794,673755000
2024-02-22,78.49003601074219,78.52700835067758,74.17467237681947,74.97918103914212,865100000
2024-02-23,78.76884460449219,82.34365493003914,77.5226048674375,80.7406386857603,829388000
2024-02-26,79.04368591308594,80.596737435313,78.4570388969918,79.65130857177527,503973000
2024-02-27,78.65291595458984,79.4314469973946,77.1148623296948,79.3325008302499,391705000
2024-02-28,77.61555480957031,78.88477556464643,77.07788148076835,77.57258181183745,393110000
2024-02-29,79.06366729736328,79.94112925032395,78.3021317921465,79.0456805510973,507289000
2024-03-01,82.2287368774414,82.24972776986829,79.38647244624788,79.95112973995113,479135000
2024-03-04,85.1849365234375,87.641435353428,83.66786597883684,84.07861042508992,615616000
2024-03-05,85.91551971435547,86.04844794548417,83.36995895717057,85.22191083370436,520639000
2024-03-06,88.64996337890625,89.67338783876231,86.98090721641023,87.97235204473671,582520000
2024-03-07,92.6167221069336,92.71466639598265,89.55145092677502,90.10713703099752,608119000
2024-03-08,87.47863006591797,97.3450634515258,86.45720334881955,95.08433828640496,1142269000
2024-03-11,85.72563171386719,88.7469219574668,84.11853680206842,86.38026112101332,678364000
2024-03-12,91.86116790771484,91.90813847414768,86.10141744907258,87.99934858682109,668075000
2024-03-13,90.83673095703124,91.45238079004136,88.38511175577527,91.00363657004534,635713000
2024-03-14,87.8943862915039,90.59486542464842,86.55114274535384,89.52646826118793,602318000
2024-03-15,87.78746032714844,89.49549613199862,86.20835719890029,86.88097416830968,642086000
2024-03-18,88.40511322021484,92.3528823706334,87.03588315502401,90.33702166642148,668976000
2024-03-19,89.34758758544922,90.49293740706634,84.96206166270107,86.65110342037197,672171000
2024-03-20,90.32102966308594,90.35901024319512,88.17323967680368,89.74634940187569,479063000
2024-03-21,91.3834228515625,92.59574371140432,90.3540050520513,92.2479404308415,480372000
2024-03-22,94.2358169555664,94.72453954495889,90.78276394753544,91.0895899885777,586719000
2024-03-25,94.94841003417967,96.711414933466,93.4572548767714,93.88801151365492,552136000
2024-03-26,92.50880432128906,96.32065669701714,92.4498394808451,95.79695009267564,513648000
2024-03-27,90.19911193847656,93.18742387210486,89.07274850292023,93.05949769277446,586067000
2024-03-28,90.3050308227539,91.24849853375164,89.14268488587938,89.9492288448454,435212000
2024-04-01,90.31202697753906,92.17297617207028,89.15368416261286,90.24806771473165,452441000
2024-04-02,89.40154266357422,90.04317879660557,87.57057538202243,88.39810360146309,433064000
2024-04-03,88.91382598876953,90.32303448482294,88.35014869042175,88.43410095294554,370067000
2024-04-04,85.85653686523438,90.58287298050408,85.83154944356146,90.35499714995936,434965000
2024-04-05,87.9583740234375,88.43110686367916,85.87754736667624,86.81701209960936,399678000
2024-04-08,87.08384704589844,88.77988827828314,86.68307229452097,88.64995673788222,283220000
2024-04-09,85.30584716796875,87.58556628736338,82.97516956737525,87.39267436773328,501700000
2024-04-10,86.98991394042969,87.35071040768491,83.66179013581636,83.87867062101493,431929000
2024-04-11,90.56488800048828,90.687819723934,86.87697442257391,87.37069146521046,431637000
2024-04-12,88.13626861572266,90.1241530507074,87.48064030544892,89.64841591771264,426805000
2024-04-15,85.9524917602539,90.56188993656951,85.8805337738884,89.0477450616577,443077000
2024-04-16,87.3656997680664,88.06829858635284,86.01546379198004,86.38425134878223,370453000
2024-04-17,83.98759460449219,88.7249183584023,83.90263584788114,88.2901585822677,495400000
2024-04-18,84.62324523925781,86.14139337931326,82.35552770602675,84.9220802095837,447260000
2024-04-19,76.15702819824219,84.27644766930946,75.56336900757456,83.10311370735981,875198000
2024-04-22,79.47315216064453,80.02783946358336,76.35691439393003,78.05994814693265,596341000
2024-04-23,82.37651062011719,82.72231614993429,80.21873169463018,80.7234441336971,438559000
2024-04-24,79.6320571899414,84.03457116657118,79.13833255489368,83.90264184401371,512208000
2024-04-25,82.58539581298828,83.27600032547527,78.17887846781115,78.82351130528671,424641000
2024-04-26,87.68553161621094,88.28119623524096,83.33998364388893,83.77074038243197,551011000
2024-04-29,87.70750427246094,87.94236470516184,85.21790438488335,87.54559308685103,388971000
2024-04-30,86.353271484375,88.76890816331654,86.25133163329888,87.19079630766022,363709000
2024-05-01,82.99415588378906,85.95148630832341,81.20916027802339,85.02901046138126,559863000
2024-05-02,85.76859283447266,86.18835408667036,83.15306466582874,84.4013606664833,377898000
2024-05-03,88.7389144897461,89.23063371341577,86.9909005732954,87.73947860212795,398341000
2024-05-06,92.0880355834961,92.16799229625614,89.00477633292259,89.33958648937698,376203000
2024-05-07,90.50292205810548,91.72922732116892,88.96079315014337,91.04661392300342,437342000
2024-05-08,90.36101531982422,91.14257199813076,89.36957035953105,89.43253836914545,325721000
2024-05-09,88.69696044921875,91.02064641644552,88.18125256182073,90.47795332635798,378013000
2024-05-10,89.82730865478516,91.34945233112953,89.17667483195356,90.25406978590551,335325000
2024-05-13,90.34803009033205,90.9466913648071,88.47908175529776,90.42698029967474,289680000
2024-05-14,91.30448150634766,91.5993133075769,88.88384272491611,89.5484686052902,296507000
2024-05-15,94.57662200927734,94.80849340867992,91.5473333880384,92.41984207783548,417735000
2024-05-16,94.3057861328125,95.7649618311796,94.04992617640087,94.85647788998736,323952000
2024-05-17,92.42684936523438,94.68657602211378,91.7542323324628,94.31579065007874,359691000
2024-05-20,94.72655487060548,95.1463162138061,93.38731412084368,93.6971368800976,318764000
2024-05-21,95.33220672607422,95.34619876949093,93.1274495632841,93.5462119787617,328946000
2024-05-22,94.89644622802734,95.96584245517248,93.19640917175742,95.4051618418388,548648000
2024-05-23,103.74047088623048,106.26004537919088,101.46274907027386,101.9704658398778,835065000
2024-05-24,106.40895080566406,106.41494412748668,102.94190563238328,104.39008586204577,429494000
2024-05-28,113.83675384521484,114.87417036274924,109.82102250000426,110.18181893492428,652728000
2024-05-29,114.76022338867188,115.42684694644582,110.83844096973402,112.98623077828329,557442000
2024-05-30,110.43768310546876,115.75368367922724,109.60115714782084,114.585344222231,484553000
2024-05-31,109.5711669921875,112.65342715935483,106.87968513049076,112.45653205108223,613263000
2024-06-03,114.93512725830078,114.93512725830078,111.93981625134096,113.5569073631165,438392000
2024-06-04,116.37132263183594,116.53423270815344,113.98067349692546,115.65073625073812,403324000
2024-06-05,122.3709487915039,122.37993877462908,117.40175277551737,118.30424338003812,528402000
2024-06-06,120.92975616455078,125.51616477932996,118.25326519915949,123.97803133753258,664696000
2024-06-07,120.81981658935548,121.62336396697008,117.95543577009146,119.70244332667052,412386000
2024-06-10,121.72130584716795,123.0305645078952,116.94400320335374,120.30210862140808,313434100
2024-06-11,120.85173034667967,122.81078479761145,118.68277039590036,121.71130884876212,222551200
2024-06-12,125.13966369628906,126.8188544177255,122.51093382538542,123.00069556163665,299595000
2024-06-13,129.5475311279297,129.7374419918796,127.09871503024355,129.32763594350715,260704500
2024-06-14,131.8164520263672,132.7759808624214,128.2581700274141,129.89737910282292,309320400
2024-06-17,130.91688537597656,133.66556033801308,129.5175660413327,132.92592665460285,288504400
2024-06-18,135.5146484375,136.26428691629846,130.62700616579136,131.0767862027837,294335100
2024-06-20,130.7169647216797,140.69215023640655,129.45757751387328,139.73262148324963,517768400
2024-06-21,126.50900268554688,130.5670512631637,124.24010000634736,127.05874067811745,649445800
2024-06-24,118.05307006835938,124.40000776140424,117.98310411428992,123.18059459700768,476060900
2024-06-25,126.02923583984376,126.43904192857352,119.2625015362155,121.14159285282038,414192600
2024-06-26,126.33909606933594,128.05826088696048,122.54092403749851,126.06922189761302,362975900
2024-06-27,123.93024444580078,126.34908399185862,122.8607604065947,124.04019204451784,252571700
2024-06-28,123.48046112060548,127.6484495693471,122.69084094404649,124.5199608102888,315516700
2024-07-01,124.2400894165039,124.77982242138177,118.77272478188227,123.41048765323478,284885500
2024-07-02,122.61087799072266,123.35052684202404,120.9716689903923,121.07161927076024,218374000
2024-07-03,128.21817016601562,128.21817016601562,121.30150730962696,121.60136576540062,215749000
2024-07-05,125.76937103271484,128.7879201254304,125.6194417846086,127.31861959456384,214176700
2024-07-08,128.13821411132812,130.70698288369695,126.97877711018438,127.42855719345992,237677300
2024-07-09,131.3166961669922,133.7555228326683,128.58800070420872,130.28719371816868,285366600
2024-07-10,134.84498596191406,135.03489683470838,132.35618048673416,133.96540518326054,248978600
2024-07-11,127.33859252929688,136.0843672527662,126.98876276047282,135.68456616023417,374782700
2024-07-12,129.17771911621094,131.85642018701742,127.15868837162228,128.19818043978003,252680500
2024-07-15,128.3780975341797,131.3266726567918,127.11870268784229,130.49707086610906,208326200
2024-07-16,126.29910278320312,128.97780386568002,124.51996185494664,128.3781021800115,214769500
2024-07-17,117.9331283569336,121.79126850169423,116.66374383425097,121.29150949460832,390086200
2024-07-18,121.0316390991211,122.34101295266512,116.50382347473696,121.79127496540796,320979500
2024-07-19,117.8731689453125,121.54139851435872,117.31344125378136,120.29200089882109,217223800
2024-07-22,123.48046112060548,124.01020446831424,119.80223438238662,120.2919960929094,258068900
2024-07-23,122.53092956542967,124.62992383611729,122.04116779427122,122.720840459146,173911000
2024-07-24,114.19493103027344,119.89218055655164,113.38532389383316,119.11255773987328,327776900
2024-07-25,112.22589111328124,116.57379332567128,106.24877714220032,112.98552700492492,460067000
2024-07-26,113.00550842285156,116.14399449340688,111.52622597755057,116.134004803412,293399100
2024-07-29,111.53621673583984,116.22395888086476,111.2463632088614,113.6352107639342,248152100
2024-07-30,103.68000030517578,111.93601308136988,102.49057150448816,111.46623842477167,486833300
2024-07-31,116.96359252929688,118.28295597890576,110.82655264429766,112.84558326649312,473174200
2024-08-01,109.15736389160156,120.10209097077004,106.75851907796756,117.47335365334,523462300
2024-08-02,107.21829223632812,108.66759790813096,101.32114215166182,103.7099895556254,482027500
2024-08-05,100.40159606933594,103.3601765320247,90.64630432334224,92.01563932136813,552842400
2024-08-06,104.19976806640624,107.65809998114992,100.50155392872522,103.78996196090816,409012100
2024-08-07,98.8623275756836,108.74755983917498,98.64243239882664,107.75803154331864,411440400
2024-08-08,104.9194107055664,105.4491540508254,97.47299667346624,101.95084088326249,391910000
2024-08-09,104.69952392578124,106.54863093775164,103.3801603016259,105.58909444979489,290844200
2024-08-12,108.96745300292967,111.01646802839925,106.20878871222484,106.26875735419571,325559900
2024-08-13,116.0840301513672,116.1739907446768,111.52623010948828,112.38581627538196,312646700
2024-08-14,118.02310180664062,118.54284787534029,114.0150319977807,118.4728819117515,339246400
2024-08-15,122.80079650878906,123.180610648127,117.41339446628128,118.70277375276062,318086700
2024-08-16,124.51995849609376,124.93975424016854,121.12159565561768,121.8812314965988,302589900
2024-08-19,129.93736267089844,129.93736267089844,123.36053125322977,124.22011749326396,318333600
2024-08-20,127.18868255615234,129.81742012912812,125.82933728380516,128.33812230971984,300087400
2024-08-21,128.4380645751953,129.28766098618868,126.59895509298428,127.2586330157018,257883600
2024-08-22,123.68035888671876,130.68698241163722,123.04066795762932,129.9573385201996,376189100
2024-08-23,129.30764770507812,129.53754784197983,125.15965381933412,125.79934477343178,323230300
2024-08-26,126.3990478515625,131.196729770517,124.31005885081004,129.50755712849073,331964700
2024-08-27,128.23817443847656,129.1377346219971,123.82029866993176,124.98974063480068,303134600
2024-08-28,125.54946899414062,128.26815944285755,122.580899020736,128.05825393148814,448101100
2024-08-29,117.5333251953125,124.37003270157088,116.65375204642189,121.30151255769351,453023300
2024-08-30,119.3124771118164,121.69132742002542,117.1635116938346,119.47239604079388,333751600
2024-09-03,107.94795989990234,116.15400297350318,107.2383029304614,115.95410239434622,477155100
2024-09-04,106.15882110595705,113.2154167588311,104.0698318463886,105.35921116658868,372470300
2024-09-05,107.15834045410156,109.59716719188592,104.70952402528704,104.93940893047392,306850700
2024-09-06,102.78044128417967,108.09787692095124,100.90134249947532,107.98792932713482,413638100
2024-09-09,106.41868591308594,106.49864918568731,103.64002700878578,104.8294482794324,273912000
2024-09-10,108.04788970947266,109.34726610485652,104.89940661736314,107.7580285866342,268283700
2024-09-11,116.8536605834961,117.13352442144716,107.36822866067496,109.3372804678962,441422400
2024-09-12,119.09276580810548,120.74211318355616,115.33425434141012,116.79367460276576,366052700
2024-09-13,119.0527801513672,119.91243980632908,117.55337484057826,119.0327914361594,238358300
2024-09-16,116.73370361328124,118.13315013570288,114.31466480568342,116.74370178435876,248772300
2024-09-17,115.54417419433594,118.75290839853,114.78448096424104,118.12315326201993,231925900
2024-09-18,113.32505798339844,117.65333558843456,113.17511592459984,115.84405559100924,310318900
2024-09-19,117.82328033447266,119.61257171272584,117.2035233503676,117.30348218615993,293506400
2024-09-20,115.95401000976562,118.57297401582412,115.3442512435702,117.01358731596828,382462400
2024-09-23,116.2139129638672,116.9436192978204,114.814466443239,116.50379891378353,206228500
2024-09-24,120.82208251953124,121.75171411597228,115.3342535987488,116.4738010232417,354966800
2024-09-25,123.46104431152344,124.89047778241,121.56179592255684,121.97162943795686,284692900
2024-09-26,123.9908218383789,127.61937987933592,121.7517120835012,126.7497296956914,302582900
2024-09-27,121.35187530517578,123.98082995705606,119.21272426875332,123.92085618310573,271009200
2024-09-30,121.39186096191406,121.45183473616017,118.1031642748816,118.26309688166124,226553700
2024-10-01,116.95360565185548,122.39145095337136,115.74408637181682,121.72171083436712,302094500
2024-10-02,118.80289459228516,119.3326833168896,115.09436589368318,116.39385371455396,221845900
2024-10-03,122.80130767822266,124.31071133495183,120.29230036497336,120.872072316084,277118000
2024-10-04,124.8704833984375,124.99043857930911,121.78171184810518,124.890479741768,243678100
2024-10-07,127.66937255859376,130.58821322989388,124.9004663256647,124.94045138468704,346250200
2024-10-08,132.83731079101562,133.4270732055081,129.36868536610157,130.20834865989482,285722500
2024-10-09,132.597412109375,134.46668122269037,131.32792651292905,134.0568400839603,246191600
2024-10-10,134.75656127929688,134.94648840712318,130.94807393580103,131.8577168886846,242311300
2024-10-11,134.74656677246094,135.72617401836632,133.60701929174726,133.9568713960576,170209500
2024-10-14,138.01527404785156,139.54466630986312,136.24597143489578,136.4159022137037,232347700
2024-10-15,131.54783630371094,138.5150744275185,128.68896947491228,137.8153397242487,377831000
2024-10-16,135.66619873046875,136.56583584893667,131.527840530584,133.92688301499192,264879700
2024-10-17,136.87570190429688,140.83413853249198,136.81572813387166,139.28475003463748,306435900
2024-10-18,137.94529724121094,138.8449343829922,137.22558142668973,138.61502982502418,176090200
2024-10-21,143.6530303955078,143.6530303955078,137.94528751258602,138.07524085271365,264554500
2024-10-22,143.5330810546875,144.3627538949317,141.72380093133486,142.85335791004843,226311600
2024-10-23,139.50466918945312,142.37352650102258,137.40551088320953,141.97369118156848,285930000
2024-10-24,140.35433959960938,141.293969386979,138.40511570705533,140.76418072009866,172354900
2024-10-25,141.48388671875,144.0728716327459,140.74418981710016,140.8741279131319,205122100
2024-10-28,140.4643096923828,143.08326638426843,139.99449475491215,142.9433224828564,173586700
2024-10-29,141.19400024414062,142.20359433012132,138.8449258203989,140.23437413304583,157593600
2024-10-30,139.28475952148438,140.27437255912164,136.75576367804047,139.48467718743143,179418100
2024-10-31,132.70736694335938,137.55545044959692,132.05763071180766,137.54545990469654,270039600
2024-11-01,135.34632873535156,137.25557537634637,134.5166711244238,134.64660922766117,207127800
2024-11-04,135.99607849121094,138.90492874894582,135.51627301400697,137.15562237613318,187528200
2024-11-05,139.8545379638672,140.31434706066804,137.27555894461494,137.39550649112996,160537400
2024-11-06,145.55230712890625,146.431963336867,141.90375943017108,142.9033632109471,242043900
2024-11-07,148.8209991455078,148.8709671267726,146.1120664908763,146.33198051831096,207323300
2024-11-08,147.57144165039062,149.7105921253368,146.2019747427702,148.71098881456317,175665800
2024-11-11,145.20240783691406,148.7909962143961,143.51309063046196,148.62105018654825,182325600
2024-11-12,148.23118591308594,149.59064718789998,145.952091313065,146.72179022487757,198634700
2024-11-13,146.21202087402344,149.27080540839845,145.84215717514013,149.01091396688446,191903300
2024-11-14,146.7018280029297,148.94094569769402,145.49231611296014,147.5814841067195,194463300
2024-11-15,141.9237060546875,145.1824233503257,140.02446543358045,144.81255966940228,250132900
2024-11-18,140.0944366455078,141.4938908192372,137.0956258838966,139.4447004149215,221205300
2024-11-19,146.95172119140625,147.07168399645053,140.9341184421503,141.26398946372595,227834900
2024-11-20,145.83216857910156,147.5015047606034,142.67341754276418,147.3515703217148,309871700
2024-11-21,146.6118621826172,152.8293979645091,140.64422730754492,149.290807835149,400946600
2024-11-22,141.8937225341797,147.1016638018941,141.04406865837018,145.87214043901812,236406200
2024-11-25,135.96607971191406,141.99368792347047,135.7661620516237,141.93371415065735,344941900
2024-11-26,136.86572265625,139.2447840977321,135.61621816013383,137.64541224160723,190287700
2024-11-27,135.28634643554688,137.16560606875765,131.74775643225163,134.95647541996794,226370900
2024-11-29,138.19520568847656,139.29477581313424,135.99608069190262,136.7257870913165,141863200
2024-12-02,138.57504272460938,140.39431322408433,137.76536630294407,138.77496038075373,171682800
2024-12-03,140.20440673828125,140.48429454860658,137.8953246767264,138.2051993772479,164414000
2024-12-04,145.0824737548828,145.73221002899123,140.2343899311033,141.94371889092554,231224300
2024-12-05,145.0124969482422,146.49200804389403,143.9028598130552,145.06248362625453,172621200
2024-12-06,142.3933563232422,145.65228325014007,141.26372149336697,144.5526526293818,188505600
2024-12-09,138.76454162597656,139.90416770148084,137.08509909525122,138.92449289189105,189308600
2024-12-10,135.0257568359375,141.77354545828368,133.74616214517607,138.96445323342698,210020900
2024-12-11,139.26437377929688,140.1240927409604,135.16572567436427,137.31501545162718,184905200
2024-12-12,137.2949981689453,138.39464386571996,135.7555094472505,137.0350888468848,159211400
2024-12-13,134.20602416992188,139.55427778956917,132.4965775973186,138.89449032268433,231514900
2024-12-16,131.95675659179688,134.35596424649526,130.37727237183418,134.13603509853905,237951100
2024-12-17,130.3472900390625,131.54689392732612,126.81844751374322,129.04771280436398,259410300
2024-12-18,128.86778259277344,136.6552244722092,128.23798405143236,133.8161583001621,277444500
2024-12-19,130.63719177246094,133.98610066679845,129.5075722477592,131.71683987642237,209719200
2024-12-20,134.65586853027344,135.2356803497186,128.1779956829599,129.76747112979962,306528600
2024-12-23,139.62423706054688,139.7441928628519,135.07572475974197,136.23534836132282,176053500
2024-12-24,140.174072265625,141.85351466107917,138.60457919611483,139.9541431061549,105157000
2024-12-26,139.88417053222656,140.8038826879709,137.68489400548984,139.65425012018665,116205600
2024-12-27,136.96511840820312,138.97446981750295,134.66588395063462,138.50462254046806,170582600
2024-12-30,137.4449462890625,140.22403398735426,133.97608228188028,134.78581438230358,167734700
2024-12-31,134.2460174560547,138.02479365615312,133.7861766339878,137.98479821279548,155659200
2025-01-02,138.2646942138672,138.8345148325783,134.58590691715995,135.95545329338754,198247200
2025-01-03,144.4226837158203,144.85253555834646,139.68423069189672,139.96413776465596,229322500
2025-01-06,149.3810577392578,152.11017470884985,147.77159962141576,148.54133648113356,265377400
2025-01-07,140.09410095214844,153.07985197865167,139.96413864833562,152.97987862898157,351782200
2025-01-08,140.06410217285156,143.90284057175748,137.51493447299714,142.5332942493383,227349900
2025-01-10,135.86549377441406,139.87417502688794,134.17604480086774,137.40498271998055,207602500
2025-01-13,133.18637084960938,133.44629547754278,129.46758770744978,129.94744151880715,204808900
2025-01-14,131.71682739257812,136.33532416409136,130.00739616366573,136.00543044799826,195590500
2025-01-15,136.1953887939453,136.4053114797544,131.24699764678536,133.60622538989423,185217300
2025-01-16,133.5262451171875,138.70454064615834,133.44626949753135,138.59457607585483,209235600
2025-01-17,137.66490173339844,138.45463626831489,135.41563868932835,136.6452315490251,201188800
2025-01-21,140.78387451171875,141.78354697270905,137.0450940162502,139.1144233323199,197749000
2025-01-22,147.02183532714844,147.74158546149795,143.62293982675305,144.61262104889417,237651400
2025-01-23,147.17178344726562,147.18177468068177,143.67292977388993,145.0024960002277,155915500
2025-01-24,142.5732879638672,148.92121448023644,141.8335400716498,148.32140487495408,234657600
2025-01-27,118.38121032714844,128.3579371600633,116.66177248371496,124.75912547322824,818830900
2025-01-28,128.94775390625,128.95774513931468,116.21192149182428,121.77009783396647,579666400
2025-01-29,123.65947723388672,126.8484347440811,120.01067894543576,126.45856310434584,467120600
2025-01-30,124.6091766357422,124.9590604797062,118.06131881584726,123.05968123503553,392925500
2025-01-31,120.03067016601562,127.80812056780856,119.15096116009845,123.73945402173636,388161100
2025-02-03,116.62179565429688,118.53116613291392,112.9729895620065,114.71241754878405,371235700
2025-02-04,118.6111297607422,121.16028976109212,116.66176403787988,116.92168099297383,256550000
2025-02-05,124.78911590576172,124.95905839472358,120.72044926950534,121.72012173666312,262230800
2025-02-06,128.6378631591797,128.72784528628156,125.16900563533248,127.37828117148048,251483600
2025-02-07,129.79747009277344,130.32729528258605,124.95905898960582,129.17767804139822,228186300
2025-02-10,133.5262451171875,134.95576927734325,129.91742726932324,130.04737430419848,216989100
2025-02-11,132.7565155029297,134.43595803743202,130.9770996135579,132.5365863252507,178902400
2025-02-12,131.0970458984375,132.19669170682792,129.03772306980744,129.97741762356085,160278600
2025-02-13,135.24566650390625,136.455276767875,131.12702127315083,131.51689288233604,197430000
2025-02-14,138.8045196533203,139.20438251414282,135.45561099221797,136.43528567888637,195479600
2025-02-18,139.35433959960938,143.3930250185803,137.8848198127303,141.22373753647113,219176600
2025-02-19,139.1844024658203,141.31370984182348,137.17506616632772,139.46430955469114,167536000
2025-02-20,140.06410217285156,140.61392504988532,136.74518244514988,139.98412654948388,143903600
2025-02-21,134.38595581054688,141.41366694156105,133.98609294492073,139.99411868487,228217600
2025-02-24,130.23733520507812,138.544611438826,130.03740375103862,136.51527743543022,251381100
2025-02-25,126.5885238647461,130.1573543264651,124.39924631174092,129.93742515974864,271428700
2025-02-26,131.23699951171875,133.68619399137987,128.44792005609298,129.9474287481865,322553800
2025-02-27,120.11064910888672,134.96577503505506,119.97069557287364,134.9557838016939,443175800
2025-02-28,124.87908172607422,125.04902421361967,116.36187573271177,117.98134023479652,389091100
2025-03-03,114.02263641357422,123.65947815441596,112.2432206852501,123.46954557652552,411381400
2025-03-04,115.9520034790039,119.27091565466138,110.07393231302608,110.61375634258968,398163300
2025-03-05,117.26158142089844,118.2412561507128,114.47249437052442,117.54148848655969,284337900
2025-03-06,110.53378295898438,115.31221606989396,110.18389912538346,113.49281250827369,321181900
2025-03-07,112.6530990600586,113.44284126847424,107.52477413573756,111.21356818629886,341755500
2025-03-10,106.94495391845705,111.8133534982648,105.42544763902806,109.86399541986673,366487400
2025-03-11,108.72437286376952,112.2032285608424,104.73567447790636,106.95494843650206,354865700
2025-03-12,115.71273803710938,116.7325020716217,112.85341103244578,114.09312447156262,323857500
2025-03-13,115.55277252197266,117.73225924433854,113.76319330991836,117.0024278677365,299033100
2025-03-14,121.6413345336914,121.85128414551468,118.12216714928688,118.5820578648422,277593500
2025-03-17,119.50183868408205,122.86104771124882,118.00219206936818,122.711081524258,255501500
2025-03-18,115.4028091430664,118.99195980676367,114.51301940530756,117.9722034382706,299686900
2025-03-19,117.4923095703125,120.4216195833343,115.65274672556286,117.24236846895433,273426200
2025-03-20,118.50206756591795,120.17167220516042,116.4425554391302,116.52253841801044,248829700
2025-03-21,117.6722640991211,117.9621966837067,115.39280254041712,116.91244866461768,266498500
2025-03-24,121.38140106201172,122.19120779583362,119.31188140429414,119.8517551027078,228452500
2025-03-25,120.66156768798828,121.26142480153008,118.89198043130344,120.5216012824151,167447200
2025-03-26,113.7332000732422,118.81199741904776,112.68344440410922,118.70203035263673,293463300
2025-03-27,111.40374755859376,114.42303269482778,110.63393232562052,111.32376457585453,236902100
2025-03-28,109.64415740966795,112.84340799305504,109.04430030890693,111.46372827094804,229872500
2025-03-31,108.35446166992188,110.9338556226425,103.6255803841977,105.10522740758996,299212700
2025-04-01,110.12405395507812,110.17403760023085,106.4449205320371,108.49443304563393,222614000
2025-04-02,110.39398193359376,111.95361956622256,106.76483994973236,107.26472214391916,220601200
2025-04-03,101.7760238647461,105.60511590388695,101.57606639857327,103.48562015563714,338769400
2025-04-04,94.28778076171876,100.1064094274434,92.08830207120737,98.88670323249266,532273800
2025-04-07,97.6169891357422,101.72602116602216,86.59958951154498,87.43938789235719,611041300
2025-04-08,96.27731323242188,105.82505852328022,94.43774279946976,103.78553826456236,476243400
2025-04-09,114.30307006835938,115.072885329754,97.50702445286696,98.8667046992448,612918300
2025-04-10,107.5446548461914,110.83388059600858,99.1266405350102,109.34423379452804,437812400
2025-04-11,110.90386962890624,111.52372632761112,107.45468536211308,108.4744417347206,313417300
2025-04-14,110.68392181396484,114.26308039077928,109.04430871921362,114.08312248391158,264705000
2025-04-15,112.1735610961914,113.5932323217664,110.47396469045395,110.94385517244878,228966900
2025-04-16,104.46538543701172,106.7648467272822,100.4263361362673,104.52537649088836,397016900
2025-04-17,101.46607971191406,104.44538077133734,100.02642426353728,104.4253812132841,292517500
2025-04-21,96.88717651367188,99.41657935183264,95.01761424618036,98.74673137333838,288501100
2025-04-22,98.86669921875,99.78648062043172,97.2570779520085,98.75672452641882,241004800
2025-04-23,102.68579864501952,104.77531016741209,101.99595878138034,104.4953697335839,247526000
2025-04-24,106.40491485595705,106.51488953927,103.08569768188364,103.4556132191724,220815000
2025-04-25,110.98385620117188,111.8936379045766,105.70510100806126,106.8248323353286,251064700
2025-04-28,108.7043914794922,110.34400455936344,105.9950231207954,109.66416443154382,207708500
2025-04-29,108.99431610107422,110.17403844763396,107.41469407982768,107.64463563001284,170444300
2025-04-30,108.8943328857422,108.8943328857422,104.0554770168086,104.44538450923936,235044600
2025-05-01,111.58370208740234,114.91291927434725,111.27377757314032,113.05335693358144,236121500
2025-05-02,114.47303009033205,115.37281962529518,113.34329900218786,114.15310576985596,190194800
2025-05-05,113.7931900024414,114.64298826396649,112.63346720059008,112.88340831442672,133163200
2025-05-06,113.51325988769533,114.7129742117387,110.7938992837595,111.4537475013017,158525600
2025-05-07,117.0324249267578,117.65228163619798,112.25355204144066,113.02337494499028,206758800
2025-05-08,117.34235382080078,118.65204278244111,115.82270761670767,118.2221437727092,198428100
2025-05-09,116.62252044677734,118.20215005190204,115.18285724943864,117.32235248570746,132972200
2025-05-12,122.97103118896484,122.97103118896484,120.25167057965504,121.94127499373305,225023300
2025-05-13,129.89938354492188,131.18908818741485,124.44067836400951,124.95056035306072,330430100
2025-05-14,135.30810546875,135.4080880073059,131.6489642323906,133.16861033831793,281180800
2025-05-15,134.79824829101562,136.26790331471523,132.62876117393418,134.25836692241,226632600
2025-05-16,135.36810302734375,136.31789147723805,133.42857277146337,136.18791721457987,226542500
2025-05-19,135.53805541992188,135.83797251007488,132.35879696756518,132.35879696756518,193154600
2025-05-20,134.3483428955078,134.54829272140586,132.58874781513978,134.2583525069389,161514200
2025-05-21,131.76895141601562,137.36762292180558,130.55922977564506,133.02864907239967,270608700
2025-05-22,132.7987060546875,134.21836966107523,131.5190088530086,132.19884131725317,187344000
2025-05-23,131.25906372070312,132.6487356514494,129.12957588399638,129.96937433382988,198821300
2025-05-27,135.4680633544922,135.6280293045703,133.27857708527512,134.1183754403962,192953600
2025-05-28,134.7782440185547,137.2176717346689,134.75824445795843,135.9979578766118,304021100
2025-05-29,139.15721130371094,143.45620133736625,137.87751407348716,142.21648797143945,369241900
2025-05-30,135.09817504882812,139.58710766728817,132.88868890141003,138.6873257641086,333170900
2025-06-02,137.34764099121094,138.08745689917103,135.36809645457458,135.45808684638126,197663100
2025-06-03,141.1867218017578,141.9665367692297,137.91748812723765,138.74729436292043,225578800
2025-06-04,141.88656616210938,142.3564566649135,139.5071219355859,142.15650682982962,167120800
2025-06-05,139.95703125,143.96608121416313,138.79730082341692,142.13651043477643,231397900
2025-06-06,141.6865997314453,143.23623746842864,141.47664251332282,142.4764068268356,153986200
2025-06-09,142.59640502929688,144.96584183837217,141.9065651342004,143.15627066728982,185114500
2025-06-10,143.92608642578125,144.25599524562207,141.4966510569608,142.65638139553192,155881900
2025-06-11,142.80625915527344,144.96590375929992,141.84641202362192,144.5859620448177,167694000
2025-06-12,144.9759063720703,144.9759063720703,141.82643588786814,141.94641106631286,162365000
2025-06-13,141.9464111328125,143.55614422146527,140.82660211679442,142.45632089769495,180820600
2025-06-16,144.66595458984375,146.1556971839991,143.1761967394354,143.32618096280035,183133700
2025-06-17,144.09603881835938,145.1958620737219,143.75609899624828,144.46598768948277,139108000
2025-06-18,145.455810546875,145.62578045463974,143.0962022725339,143.9860537050978,161494100
2025-06-20,143.8260955810547,146.17569581398777,142.6262828381709,145.42582047781178,242956200
2025-06-23,144.1460418701172,144.7559411184857,142.00639807778802,142.47632119978937,154308900
2025-06-24,147.87539672851562,147.93539956519925,145.47580197371775,145.53578955415,187566100
2025-06-25,154.28436279296875,154.4243389252029,149.23519867353343,149.24520677628502,269146500
2025-06-26,154.99423217773438,156.69394650127538,153.97439748110884,155.95406403411533,198145700
2025-06-27,157.72378540039062,158.68363258213975,155.23419369167684,156.01406285223712,263234500
2025-06-30,157.96376037597656,158.6336472456001,155.93409881773164,158.37368067249696,194580300
2025-07-01,153.2745361328125,157.17388214393176,151.46483925954294,156.26402965591922,213143600
2025-07-02,157.22386169433594,157.57380961936815,152.94457434216997,152.9545671877056,171224100
2025-07-03,159.3135223388672,160.95324924613055,157.74379112425564,158.34368228178877,143716100
2025-07-07,158.21371459960938,159.28352889047815,157.31385497697042,158.17371270193448,140139000
2025-07-08,159.97341918945312,160.19338386133896,158.36368604860908,159.3035323273478,138133000
2025-07-09,162.85293579101562,164.39267314506114,161.13322041798892,161.1932080055649,183656400
2025-07-10,164.07273864746094,164.4726660794993,161.5831469026993,164.29270331195812,167704100
2025-07-11,164.89259338378906,167.862101078866,163.44283738179527,163.6927958392512,193633300
2025-07-14,164.04273986816406,165.4625020418882,161.99307751467913,165.3425116109199,136975800
2025-07-15,170.671630859375,172.37134531045626,169.17188012202328,171.1615549258278,230627400
2025-07-16,171.34152221679688,171.72146396229547,168.87193138356372,171.03157616389174,158831500
2025-07-17,172.97125244140625,174.13106334471073,170.80161486292053,171.99141956059896,160841100
2025-07-18,172.38136291503906,174.22105359276725,171.23154479926822,173.61115431570738,146456400
2025-07-21,171.35153198242188,173.35119970444802,170.97159023323564,172.72129949000853,123126100
2025-07-22,167.00225830078125,171.36153479867312,164.55266825003173,171.31154005146294,193114300
2025-07-23,170.75161743164062,171.23153339032083,167.94208685699226,169.5018251648929,154082200
2025-07-24,173.7111358642578,173.80111724784433,171.27153886755505,172.41134882841166,128984600
2025-07-25,173.47117614746094,174.69097468726906,172.9312725713388,173.58115848322245,122316800
2025-07-28,176.7206268310547,176.97058528484683,173.94109004538618,173.99108478739527,140023500
2025-07-29,175.4808349609375,179.35020236643535,174.99092613442062,177.93044011853777,154077500
2025-07-30,179.24021911621094,179.86011122312902,176.01074478620916,176.48066791766442,174312200
2025-07-31,177.84043884277344,183.2695444846075,175.9007587673991,182.86960179799485,221685400
2025-08-01,173.69113159179688,176.51065501732398,170.86160006411595,174.06106522140863,204529000
2025-08-04,179.9700927734375,180.170056491935,174.49100755408614,175.1309006070304,148174600
2025-08-05,178.23037719726562,180.23004490386853,175.87076869322405,179.59015184800575,156407600
2025-08-06,179.3901824951172,179.87009845787975,176.22071111043454,176.30069964693718,137192300
2025-08-07,180.7399749755859,183.84945895635624,178.7703010091291,181.53984513179375,151878400
2025-08-08,182.6696319580078,183.26953833968557,180.3700111699138,181.51982919208731,123396700
2025-08-11,182.0297393798828,183.8094423252684,180.2200426409657,182.01974653412333,138323200
2025-08-12,183.1295623779297,184.44933506001817,179.4301803710301,182.9295986692803,145485700
2025-08-13,181.5598297119141,183.93943921657484,179.3202115957667,182.58965738273272,179871700
2025-08-14,181.98974609375,182.98957985829236,179.43017409752198,179.72011917648817,129554000
2025-08-15,180.4200134277344,181.86976944489336,178.01041021115256,181.84978375259033,156602200
2025-08-18,181.9797515869141,182.90960499065457,180.5599893659508,180.56999746834543,132008000
2025-08-19,175.61080932617188,182.46966985536903,175.46084035755914,182.39967416584764,185229200
2025-08-20,175.370849609375,175.9707560164781,168.77195541250927,175.1408920976954,215142700
2025-08-21,174.95091247558594,176.87059152353538,173.78110877087863,174.8209444570093,140040900
2025-08-22,177.96043395996094,178.56032512128596,171.17155351749952,172.58132291943235,172789400
2025-08-25,179.78012084960938,181.87977802218637,176.54066896263805,178.3203719824875,163012800
2025-08-26,181.7397918701172,182.359683936518,178.7802771456414,180.03006938032237,168688200
2025-08-27,181.56982421875,182.45967569067753,179.07023971825097,181.94975068857377,235518900
2025-08-28,180.1400604248047,184.43934897141472,176.3806906932069,180.7899615720414,281787800
2025-08-29,174.1510467529297,178.12038822306508,173.12121914292007,178.08040158317536,243257900
2025-09-02,170.75161743164062,172.351357635579,167.19221149694363,169.9717482776903,231164900
2025-09-03,170.59165954589844,172.3813708166661,168.851958278929,171.03158891427162,164424900
2025-09-04,171.63148498535156,171.83144870716828,169.381858788342,170.54166973363456,141670100
2025-09-05,166.9922637939453,169.0019244592772,164.04275681292185,168.00209055003162,224441400
2025-09-08,168.2820281982422,170.93159698121408,167.32219627229085,167.5221599855096,163769100
2025-09-09,170.7316131591797,170.95157781434446,166.71229229208453,169.0618925540675,157548400
2025-09-10,177.300537109375,179.26020289704138,175.44084555219968,176.61064931709572,226852000
2025-09-11,177.1505584716797,180.26021784214308,176.4606317396978,179.66027757334626,151159300
2025-09-12,177.80047607421875,178.5803891806412,176.43061617633268,177.75047851465564,124911000
2025-09-15,177.73048400878906,178.830369337568,174.49083425075145,175.6507105507158,147061600
2025-09-16,174.86080932617188,177.4805168617991,174.36086420825131,176.98057174387853,140737800
2025-09-17,170.27130126953125,173.18098551277336,168.39151800406466,172.62104942275718,211843800
2025-09-18,176.2206573486328,177.08056354559588,172.9410186572187,173.96089569350613,191763300
2025-09-19,176.6505889892578,178.06043774665943,175.16074718989944,175.7506939671915,237182100
2025-09-22,183.58984375,184.52974299714737,174.69082690233378,175.28075846993005,269637000
2025-09-23,178.410400390625,182.3999677661597,176.19065819152993,181.95002022927713,192559600
2025-09-24,176.9505615234375,179.76025041106172,175.38072666046574,179.75025700209653,143564100
2025-09-25,177.67050170898438,180.2402117285651,173.11100459099512,174.4608472798892,191586700
2025-09-26,178.17044067382812,179.750269051669,174.91078879333958,178.15043859744398,148573700
2025-09-29,181.83004760742188,183.97980553666213,180.30021674934375,180.41019002973695,193063500
2025-09-30,186.55950927734375,187.32942897828707,181.4600633204032,182.06000352373024,236981000
2025-10-01,187.21945190429688,188.11934700723293,183.87980694521147,185.21967144700423,173844900
2025-10-02,188.8692626953125,191.0290292282152,188.0393519833977,189.57919146332628,136805800
2025-10-03,187.59939575195312,190.33910041164867,185.35965145286303,189.1692307003317,137596900
2025-10-06,185.5196228027344,187.2094396983396,183.3098739831843,185.4796339074747,157678100
2025-10-07,185.01968383789065,189.03924688644503,183.97980469837793,186.2095556681108,140088000
2025-10-08,189.0892333984375,189.57918508139647,186.51950830089396,186.5495190429729,130168900
2025-10-09,192.54885864257812,195.27855455286465,191.039014711271,192.20888438710807,182997200
2025-10-10,183.139892578125,195.59851591827857,182.03001384654092,193.4887469873255,268774400
2025-10-13,188.29933166503903,190.089128427756,185.93959015922437,187.9493639887039,153482800
2025-10-14,180.01022338867188,184.77970370013512,179.6802578066599,184.74970821605345,205641400
2025-10-15,179.8102569580078,184.84969686580231,177.2705272995106,184.7797124853219,214450500
2025-10-16,181.7900390625,183.2598789113643,179.75026972003684,182.20999112544493,179723300
2025-10-17,183.19989013671875,184.07979842608083,179.7302697995737,180.1602152773484,173135200
2025-10-20,182.6199493408203,185.1796658652692,181.7100455780644,183.10990104163824,128544700
2025-10-21,181.14010620117188,182.76991679751697,179.7802549646251,182.76991679751697,124240200
2025-10-22,180.2602081298828,183.4198648953589,176.74059027394597,181.12011433169937,162249600
2025-10-23,182.13999938964844,183.0098989665471,179.7702492811968,180.4001849787377,111363700
2025-10-24,186.23953247070312,187.44940625639555,183.47984116964935,183.81980015643103,131296700
2025-10-27,191.4689788818359,191.97891738858848,188.4093020699799,189.9691435897376,153452700
2025-10-28,201.0079345703125,203.12769700573313,191.8889404255143,193.0288146936141,297986200
2025-10-29,207.01727294921875,212.1667169482571,204.7575264516481,207.95717223581016,308829600
2025-10-30,202.8677215576172,206.13736677538768,201.38788833732997,205.12746791137428,178864400
2025-10-31,202.4677734375,207.94716749796044,202.04782138155983,206.42733011185777,179802200
2025-11-03,206.85728454589844,211.31678618801203,205.5374221898275,208.05714970598171,180267300
2025-11-04,198.66818237304688,203.9476013046771,197.90825607143535,202.9777066091775,188919300
2025-11-05,195.18858337402344,202.89772869539195,194.6286320152979,198.7481902403631,171350300
2025-11-06,188.05935668945312,197.59830279082223,186.35954634625867,196.39843756369172,223029800
2025-11-07,188.1293487548828,188.29934352754728,178.8903723972709,184.87970536775757,264942300
2025-11-10,199.0281524658203,199.91805415635875,193.76872011438095,195.08858253564551,198897100
2025-11-11,193.1387939453125,195.3985402959953,191.2789975702345,195.1385743375635,176483300
2025-11-12,193.7787322998047,195.86849924763865,191.1090271797132,195.6985197370464,154935300
2025-11-13,186.8394775390625,191.4189763426968,183.82981362374773,191.02901978717685,207423100
2025-11-14,190.1491241455078,190.9890282811404,180.56018045425049,182.8399289693184,186591900
2025-11-17,186.5795135498047,188.9792438771453,184.29976516169708,185.9495778546046,173628900
2025-11-18,181.340087890625,184.7797126313021,179.6302689297591,183.3598703733926,213598900
2025-11-19,186.49951171875,187.8393608341106,182.8099146900153,184.76969080502667,247246400
2025-11-20,180.6201629638672,195.97847686300787,179.83025642841662,195.92847930218133,343504800
2025-11-21,178.86036682128906,184.5397359279593,172.91100782704066,181.22010834266524,346926200
2025-11-24,182.52996826171875,183.4798609481747,176.4606271183833,179.47030653663683,256618300
2025-11-25,177.80047607421875,178.14043506786686,169.53138015579162,174.89079203873564,320600300
2025-11-26,180.24020385742188,182.8899220695924,178.22043661727494,181.6100638206842,183852000
2025-11-28,176.98056030273438,179.2703020816569,176.48061521713345,178.99033405428943,121332800
2025-12-01,179.90025329589844,180.2802164760195,173.66093259662904,174.7408159055669,188131000
2025-12-02,181.44007873535156,185.63961443898967,179.98023235974816,181.7400335835938,182632200
2025-12-03,179.57028198242188,182.4299686383783,179.09033894604931,181.06012391136443,165138000
2025-12-04,183.37008666992188,184.51002440204857,179.95027347354184,181.61017209543593,167364900
2025-12-05,182.4001312255859,184.6500094505641,180.9002124089338,183.88004685245295,143971100
2025-12-08,185.5399627685547,187.98982714518385,182.39012406320575,182.6301165694494,204378100
2025-12-09,184.95999145507812,185.7099508683659,183.31008684903043,185.5499558649533,144719700
2025-12-10,183.77005004882812,185.46995496958337,182.03013874897007,184.9599880707457,162785400
2025-12-11,180.92019653320312,181.31019006496976,176.61043233199788,180.27023782951787,182136600
2025-12-12,175.01052856445312,182.81010931847595,174.61054106596097,181.10019518559332,204274900
2025-12-15,176.28045654296875,178.4103461991077,175.02053019793698,177.93037643785232,164775600
2025-12-16,177.71038818359375,178.48035080582065,174.8905333961456,176.25046044282257,148588100
2025-12-17,170.93075561523438,176.12047730871902,170.30078481189744,176.0904801521757,222775500
2025-12-18,174.1305694580078,176.14045512074784,171.8107030234881,174.52054772862792,176096000
2025-12-19,180.9802093505859,181.4401759084778,176.3304518785618,176.6604358481607,324925900
2025-12-22,183.6800537109375,184.15002947617,182.34012994783168,183.91003698180788,129064400
