Date,close,high,low,open,volume
2019-08-19,180.83604431152344,181.2199326315347,179.94353142470112,180.57693616983818,22494100
2019-08-20,179.4349365234375,181.03763221516635,179.38694864110576,180.3850438757611,19902900
2019-08-21,181.02806091308594,181.6038716344711,180.38506422008984,181.0088628292189,20418500
2019-08-22,180.4426727294922,181.8246421123234,179.02230717277692,181.3639758888132,24243700
2019-08-23,174.732421875,180.85529216498597,174.24296596275374,179.2142149072733,55372400
2019-08-26,177.37159729003906,177.41957053066508,175.70171555978598,176.7189942776766,27598900
2019-08-27,176.99729919433594,178.90710568818062,176.30632930994923,178.60960130816153,28012800
2019-08-28,177.63070678710938,177.9282111715968,175.53856973242583,176.42149116646308,21792400
2019-08-29,180.3466339111328,180.86487957050298,179.15660188206476,179.83799461380124,25358900
2019-08-30,179.9147491455078,181.35429745702967,178.89747068171388,181.31590130150383,26319800
2019-09-03,178.1681365966797,179.6364750855811,177.57312782555132,178.71517212666274,27964200
2019-09-04,180.74009704589844,180.89365238565406,179.36771999307763,179.8859656037921,21592100
2019-09-05,184.0511016845703,184.57893914546423,182.66913256653785,182.73631853603658,33932600
2019-09-06,183.8686981201172,184.42532520723938,183.46562636265125,184.35815390291617,19487800
2019-09-09,183.48486328125,184.52134001007528,182.5539540334304,184.4445623289943,24407600
2019-09-10,182.95701599121094,183.052991748338,181.29674082859322,182.49636457345895,23744700
2019-09-11,184.6748504638672,184.77082621045125,182.88021822472027,183.3024880795414,25063600
2019-09-12,185.44264221191406,186.86300734090958,185.19312573220444,185.80733253474335,28689900
2019-09-13,184.78042602539062,185.6057676931173,184.54050129225897,185.17390610224902,27669800
2019-09-16,183.95510864257812,184.33899705257411,183.40808779362138,183.5904329578888,20319000
2019-09-17,184.8380126953125,184.8380126953125,183.5807948443417,183.97427490509187,20953400
2019-09-18,184.7612762451172,184.83805393096583,182.4483978819079,184.45416550172263,29781300
2019-09-19,185.06832885742188,186.21996458684836,184.71324495717477,185.08752693533447,26039400
2019-09-20,183.110595703125,185.51943523146412,182.49638884980345,185.32749833552236,29086100
2019-09-23,183.19134521484375,183.73948384217155,182.44127158940896,183.05671699164714,22485900
2019-09-24,180.75840759277344,184.43184313184844,179.96986039280742,184.02795847090565,40820700
2019-09-25,182.78749084472656,183.26830810347005,179.06596995753307,180.5757285198309,34704900
2019-09-26,182.1143035888672,182.71051214353994,180.7680068006269,182.54703607769014,26826000
2019-09-27,179.85446166992188,182.54704064032703,178.62357094174376,182.45087134112956,40773500
2019-09-30,181.56622314453125,181.85471645391016,180.21031486181593,180.58535176199473,26307700
2019-10-01,180.0852813720703,183.27790000621144,179.78717705055394,182.2297220133388,32367600
2019-10-02,176.98880004882812,178.89283189945732,175.9983178701984,178.8639840436429,48544300
2019-10-03,178.9313201904297,179.06594841974984,174.84437398268187,176.9695777936199,39392500
2019-10-04,181.56622314453125,181.8258685903102,179.71027544383037,179.90259942562324,31887600
2019-10-07,181.01809692382812,182.4605487802992,180.700755754599,181.04694478708723,21216000
2019-10-08,178.30624389648438,180.6526341171821,178.16200460971038,179.88332368317654,32379300
2019-10-09,180.04678344726562,180.86417846056915,179.27747308298726,179.81600060934443,20147400
2019-10-10,181.44113159179688,182.1623572329685,179.94098460589962,180.09484959762582,25177700
2019-10-11,183.77796936035156,185.23965790474895,183.40293249335107,183.508712874986,40976700
2019-10-14,183.75869750976562,184.34529502814203,183.3355760639367,183.51828893130602,14975000
2019-10-15,186.095458984375,186.52819145014527,184.2106494505966,184.32604086190233,23234200
2019-10-16,185.63389587402344,186.1051020067386,185.04729831018471,185.46080872733805,20457100
2019-10-17,186.12432861328125,187.03787829754015,185.41271392243328,186.74938506214906,19045200
2019-10-18,184.33570861816406,186.23974070564037,183.39331097312305,185.78777134382563,27700800
2019-10-21,185.970458984375,186.09547614039732,184.76841609454544,185.31655469552777,15801200
2019-10-22,184.48956298828125,186.96095573235365,184.43185259943365,186.70131033935633,22392300
2019-10-23,184.84532165527344,184.88378056585674,183.81636604835083,184.11448496720666,14828400
2019-10-24,186.6436309814453,186.75903709587854,185.34543324943638,186.16281374587663,18998500
2019-10-25,188.13414001464844,188.23030931714192,185.64351061784666,185.6819695348188,21507100
2019-10-28,189.99009704589844,190.24011668326222,189.0092259443751,189.0092259443751,18818700
2019-10-29,188.51878356933594,189.96123503351893,188.48993571392228,189.6727564793824,18569700
2019-10-30,189.43235778808594,189.74969888757255,187.79756763799566,188.88421915987018,21764300
2019-10-31,189.51890563964844,190.06702960686923,188.4226430318307,189.9804860341569,26801800
2019-11-01,191.240234375,191.24986011026004,190.04781707290852,190.33629566317134,22131900
2019-11-04,192.4230499267578,192.83654567686386,191.24022904613156,192.50959350142514,19015900
2019-11-05,192.52879333496094,192.855745447629,191.89411122916502,192.66342153861095,15048900
2019-11-06,192.09608459472656,192.32688213570498,191.16329804249827,192.30764533894597,19725500
2019-11-07,192.7403564453125,193.98087291416226,192.18262146174246,193.05769752633512,17832400
2019-11-08,193.50965881347656,193.52889560729912,191.8844945597673,192.39417421913194,15258800
2019-11-11,193.2500762939453,193.32699414165833,192.26920499175688,192.52885041626695,10147600
2019-11-12,193.80780029296875,194.45210828603092,193.11543698956092,193.41354132085337,14778300
2019-11-13,193.8558349609375,194.03854780677577,193.00960684237504,193.13460931054854,15774600
2019-11-14,193.70196533203125,193.82698247058656,192.5383961943366,193.12499362955086,16945400
2019-11-15,195.12522888183594,195.12522888183594,194.2501381044089,194.87519456064211,18427900
2019-11-18,195.27906799316406,195.58678331324356,194.02894057316442,194.81747300298426,18365900
2019-11-19,195.5675811767578,196.01955051387694,194.81750752651254,196.01955051387694,16923300
2019-11-20,194.39437866210938,195.6445062561508,192.92307927534063,195.057908713667,36629000
2019-11-21,193.96163940429688,194.31745408058282,193.35581976060774,194.18281118934607,17883600
2019-11-22,194.08663940429688,194.55784546184557,193.03846160979205,194.44243937575519,17189600
2019-11-25,196.38499450683594,196.42345342971595,194.89445812947068,194.9233059899751,17752800
2019-11-26,196.76002502441406,197.01004469851918,196.2215120811863,196.51000535030894,14780600
2019-11-27,198.1351318359375,198.14475757024337,197.02925822054658,197.26966680418596,16963100
2019-11-29,197.231201171875,197.9331901036559,197.13503187234338,197.63508581783285,9854600
2019-12-02,195.2117919921875,197.30814803538505,194.03859679747757,197.24084125450935,28007000
2019-12-03,193.68275451660156,193.75968701609668,191.58638425713835,192.5287963709229,31104100
2019-12-04,194.66366577148438,195.12526089863965,194.38479822136722,194.67329150749472,15300100
2019-12-05,195.04832458496094,195.35603999036988,194.09630116126448,195.35603999036988,14962300
2019-12-06,197.13499450683594,197.2792337554189,196.31759963587334,196.47146461660995,16555300
2019-12-09,196.24075317382812,197.70242700218748,196.15419491983278,196.77926612884235,13984100
2019-12-10,196.0771942138672,197.01960623078728,195.63485072895338,196.33683953880416,21799800
2019-12-11,197.11581420898438,197.31776388825116,196.21187552980462,196.5196055794728,18780800
2019-12-12,198.5871124267578,199.3660486076282,196.64462152544894,196.9138779805487,32612000
2019-12-13,199.2410430908203,199.93342106538074,198.05823683152002,198.48134366186062,32519400
2019-12-16,201.2412109375,201.49123056919382,200.48151163523372,200.54883307840592,21296600
2019-12-17,201.35667419433594,201.66440431855554,201.02009620514326,201.50091351920142,15996100
2019-12-18,201.51048278808594,202.06823247690332,201.29892205531465,201.529719583804,15443300
2019-12-19,202.77020263671875,202.8375094054234,201.57777086022384,201.59700765415707,17865900
2019-12-20,203.58766174316406,204.36658339892995,203.1645401836421,203.731901059647,27672600
2019-12-23,204.12535095214844,204.45301193413383,203.95188856351638,204.3084599436071,23774700
2019-12-24,204.23138427734375,204.3952147872923,203.76880314894848,204.3084835829411,7089000
2019-12-26,206.0335235595703,206.0528020612346,204.53012394389594,204.5590343437983,17067500
2019-12-27,205.8600616455078,206.7755919566795,205.3107346356919,206.75631345496978,18134100
2019-12-30,204.5109100341797,205.87938988239645,203.4990016751964,205.75410164879906,21815500
2019-12-31,204.89633178710938,205.04088377945158,203.53748423834296,203.85551332668325,18170900
2020-01-02,208.31753540039065,208.31753540039065,206.21662000258715,206.62138028175576,30969400
2020-01-03,206.40936279296875,207.65256874525335,205.54202143036025,205.56129993102783,27518900
2020-01-06,207.73936462402344,207.76827503143303,204.53982366076244,204.79038542670955,21655300
2020-01-07,207.7104034423828,208.2982727579947,207.0550814277011,207.8164131453682,22139300
2020-01-08,209.27162170410156,210.2257090210424,207.35382987712364,207.68149088105508,26397300
2020-01-09,211.0448760986328,211.4496364041413,209.81131668036275,210.99668719686528,23547000
2020-01-10,210.5051727294922,211.8929306969113,210.1293228387485,211.87366690111045,21898500
2020-01-13,212.9337921142578,212.96270251897704,211.03526377667973,211.372571438658,22756900
2020-01-14,212.0953826904297,213.18439039702793,211.76772159992493,212.8278041936507,24418100
2020-01-15,212.1820526123047,213.1746822030615,211.48817361806076,212.21096301163251,25742100
2020-01-16,214.2155303955078,214.25408740341612,212.78922991188824,213.24217917107657,18805000
2020-01-17,215.2755889892578,215.44905137821644,214.0612934457984,215.17921119193375,24325200
2020-01-21,215.17922973632812,215.71891015540385,214.58172851594983,214.67809161639136,21146300
2020-01-22,215.7478485107422,216.98140811565983,215.47800826624083,216.26826520027365,20736400
2020-01-23,216.44168090820312,216.538058705518,214.6202522983752,215.62252845177576,26496100
2020-01-24,214.6202392578125,217.68487362293035,213.62760976756903,217.4535757465409,37436500
2020-01-27,210.18714904785156,211.3243305677003,209.3005145038367,209.77274217345473,42264400
2020-01-28,213.41558837890625,213.90709452345268,211.112300354539,211.67125918832176,26731900
2020-01-29,213.76254272460935,214.8419034690497,212.8181020732241,214.6009736810809,28924500
2020-01-30,214.52389526367188,214.6202583585205,211.71946892175637,212.38443750851857,39568100
2020-01-31,211.1219787597656,215.4490686908412,210.37026423164505,215.4201582903583,52015800
2020-02-03,214.31187438964844,214.80336587399313,212.00858615446927,212.153138148339,25408600
2020-02-04,219.2172088623047,219.5930587642607,216.4995136441705,217.2415815498947,30691200
2020-02-05,219.9400177001953,221.89636668390315,218.61972697759555,221.85782438255845,38534800
2020-02-06,221.83853149414065,221.89635229500297,219.70870552951695,220.48931575153568,22467100
2020-02-07,220.8844451904297,222.0794623328273,220.24838696761216,220.8459028914052,25884900
2020-02-10,223.55392456054688,223.56355645784163,220.0941764626458,220.15199725678772,21478900
2020-02-11,223.592529296875,225.5296146727133,223.0046598836152,224.78754662855468,30198000
2020-02-12,225.77047729492188,225.8764869839511,224.35380904388845,224.9127678855712,24471300
2020-02-13,225.48138427734375,226.4065464821396,223.92979576422067,224.1996359660518,22773200
2020-02-14,226.1270446777344,226.33906405206312,225.07659440822405,225.83792601226915,23438500
2020-02-18,226.2137756347656,226.63781438299003,224.78747551316317,225.02840528327377,24394500
2020-02-19,228.3822021484375,228.8544299128531,227.29320930772505,227.5630495430511,22230500
2020-02-20,226.26202392578125,228.35329311469695,223.4672437409164,227.8810800526389,42604000
2020-02-21,221.9156494140625,225.5199502186152,221.00011901149605,225.13446837706817,66017200
2020-02-24,213.35775756835935,216.11399460955823,212.2687503480565,213.6372296195349,84522600
2020-02-25,207.5561981201172,215.8634675724852,206.949065027384,215.15031007500943,97743000
2020-02-26,208.6259307861328,212.2880667308365,207.10325266735435,208.84759679251124,79537700
2020-02-27,198.17921447753903,208.5681062130514,198.04429437857868,203.2483721444078,121822600
2020-02-28,198.3334045410156,199.65369507438373,190.98022270120688,191.43317187933215,148173700
2020-03-02,208.5680999755859,208.7126666734837,198.46832724137323,201.3016639399948,112933900
2020-03-03,201.87989807128903,211.64237847473407,200.0873797340312,209.23308042493528,131953500
2020-03-04,210.302734375,210.40874403960655,203.70125418988255,205.5805177629248,73086200
2020-03-05,203.91336059570312,208.51030571639828,202.4774282680661,204.97345769445943,78705500
2020-03-06,200.4728851318359,201.5618778990907,195.5482791115377,197.24441971991615,89828400
2020-03-09,186.5471343994141,193.86175966862743,185.140097883578,186.4603884946356,116424000
2020-03-10,196.70469665527344,196.8878056283214,186.6530992776499,193.813539493933,100599200
2020-03-11,188.1372528076172,193.46661850713983,185.73758684085925,192.11741758517988,89168800
2020-03-12,170.88668823242188,183.85833987007013,170.52047024655613,175.48361803042835,137820700
2020-03-13,185.36175537109375,187.4241139595875,171.66731318500624,180.28296555639227,134882000
2020-03-16,163.15765380859375,177.97964422455982,163.02273371681625,167.83168282781844,92054400
2020-03-17,175.5318145751953,177.70018277612678,163.62024466987097,169.1038092730566,121257100
2020-03-18,170.1928253173828,172.71776504502083,160.74837373270967,165.38386096925564,114156300
2020-03-19,171.21437072753906,176.83285589172303,165.40314464849033,169.31584257048317,120896500
2020-03-20,164.5068817138672,176.2353438405754,163.92865895647157,175.14635103014504,118983900
2020-03-23,164.62564086914062,168.24728893287414,159.28490363355317,165.06988811250534,124639800
2020-03-24,177.37384033203125,177.5380199436723,171.85927102480403,173.75219224326807,94881800
2020-03-25,176.06040954589844,183.02362417647132,173.81980925619098,178.10784345878417,88754900
2020-03-26,185.3318328857422,186.12377381961824,177.32558119634265,177.57667687130197,79887600
2020-03-27,178.95773315429688,183.98940204365792,178.33963904687462,180.53193306458388,58845000
2020-03-30,185.4670562744141,185.90166595075,179.96215265161248,180.65751044991663,49356900
2020-03-31,183.8831787109375,188.56718379324212,182.72425402417431,185.15800618194584,62659300
2020-04-01,176.070068359375,181.2369596598168,174.66970049575394,178.44587635715587,53715400
2020-04-02,179.64344787597656,183.5934710294543,174.77595796720504,175.03672082876378,56465300
2020-04-03,177.09378051757812,180.66715220952585,175.08497102009434,179.19917320434047,47487600
2020-04-06,189.75506591796875,190.88501850601745,182.7145875658115,183.96042819267777,64763500
2020-04-07,189.67779541015625,195.72354331489208,189.29149213713953,195.44346091590847,69904500
2020-04-08,193.70509338378903,194.2845483290108,189.4556834361989,191.36790980752508,45940400
2020-04-09,193.9851531982422,196.26437792469775,192.21778695074897,195.42416018310405,68252600
2020-04-13,196.08090209960935,196.45755300144825,191.9473946047783,193.1546109230474,42853900
2020-04-14,204.6086578369141,205.2267519356357,199.35485062951767,200.1371243614047,63959600
2020-04-15,202.26182556152344,204.57968952602957,200.03089236387424,201.3443441894699,47036000
2020-04-16,205.9511260986328,207.0327873207183,202.5129760114077,204.4445223288626,64657400
2020-04-17,207.9212646484375,209.0995088984807,204.82114154163116,208.7711496121478,62863200
2020-04-20,205.4585723876953,208.49109929959357,205.29439273084583,206.05734698756143,38249100
2020-04-21,197.877197265625,203.932597119078,196.66032878826888,203.3917666846975,72932800
2020-04-22,203.7490997314453,205.08187098267123,201.19945999205072,201.9431092141937,40089100
2020-04-23,203.3145294189453,207.1003576864137,202.90890654063008,204.541050478425,43278500
2020-04-24,206.52088928222656,206.9651513344646,202.3294381106388,203.7491255617453,34231900
2020-04-27,208.1820373535156,209.21542159577743,207.15832027318015,208.79047909378295,36451700
2020-04-28,204.26101684570312,209.8818235317285,203.98094912228035,209.8818235317285,46862800
2020-04-29,211.50428771972656,212.44108871183653,207.77640333757992,208.790467938336,48716400
2020-04-30,211.4173889160156,212.5087024778297,209.91078526594984,212.4217864372169,43359500
2020-05-01,205.4585723876953,209.25405355630917,204.4348405340307,207.1583277202499,48795000
2020-05-04,207.8537139892578,208.07583770405896,203.89403788498888,204.22241198018656,32841000
2020-05-05,210.2101593017578,212.6052722677713,209.42788551253952,209.9976880582014,37783100
2020-05-06,211.50428771972656,213.4744581623592,210.64475033626272,211.8905910264305,36455200
2020-05-07,214.2277374267578,215.10657950723328,212.87564661525315,214.2277374267578,38624800
2020-05-08,217.1636962890625,217.29890390647665,214.8651520564971,215.8985361397177,31852300
2020-05-11,219.1049041748047,220.128621142671,215.60881081589696,215.84060162875423,35714100
2020-05-12,214.5174865722656,220.29281952139905,214.4885145621969,219.70369742245825,41054100
2020-05-13,211.8326416015625,216.92226932530505,209.2926686885359,215.0390149642318,65521200
2020-05-14,214.2374267578125,214.2760511938129,208.59731596406328,210.50954238140108,51549300
2020-05-15,215.62814331054688,215.68608733309884,210.8572223000823,211.2918172057485,55747200
2020-05-18,219.64572143554688,220.85293754879643,217.75281482242545,218.5350885059672,42398100
2020-05-19,219.0952606201172,221.98292715903048,218.95040056654557,219.9065063931708,36237300
2020-05-20,223.47019958496097,223.8275308564137,221.62556973619712,221.64488932118863,37417000
2020-05-21,221.0364532470703,224.1945349611781,220.52459475578544,223.51849683462507,43642900
2020-05-22,221.7994079589844,222.0022120157208,219.71333495626004,220.63081626481636,28762400
2020-05-26,221.20065307617188,225.57561855400007,220.9592098134664,225.3727997292555,33055300
2020-05-27,222.4078369140625,222.52373968407576,216.2751877787395,220.86260910029551,55665600
2020-05-28,222.11817932128903,225.47906586672556,221.2103501728223,221.2682942058684,42784300
2020-05-29,225.37277221679688,225.604563025848,220.9302108307325,222.49477300290803,50691800
2020-06-01,226.04881286621097,226.42546372482897,224.05932295984263,224.50358499805844,25776000
2020-06-02,227.5651092529297,227.6230532782803,224.06900077932696,226.47378098706872,33383400
2020-06-03,228.58880615234375,229.34210788845695,227.294673911998,228.1735161131128,37228700
2020-06-04,226.98565673828125,229.65118526222295,225.6818571229184,228.24116475001432,38716100
2020-06-05,231.48611450195312,232.0752365750301,227.56507878851727,228.1348812768879,47365600
2020-06-08,233.282470703125,233.40801117207488,229.7670575785261,231.34125754502816,32937300
2020-06-09,234.97259521484375,235.8224655112898,232.23945560791896,232.42295485244995,35046300
2020-06-10,237.7926025390625,239.33784506016997,236.14112441042232,236.6626500243191,58084400
2020-06-11,226.0101623535156,235.25260069614305,225.95221834141827,233.87155261940947,72919400
2020-06-12,227.80650329589844,232.1717859431157,223.80820430878623,230.90662587455597,72034800
2020-06-15,230.57826232910156,231.25430036035337,223.5474373310356,224.48423815167155,45307400
2020-06-16,234.53797912597656,236.02526306305504,230.916330373176,235.4361409431384,48890100
2020-06-17,235.28160095214844,237.09725881066373,234.4220636176115,236.0349026729099,34749300
2020-06-18,235.9190368652344,236.16048012506343,234.1903096089303,234.9629162511616,30578600
2020-06-19,235.8804168701172,238.54594520368053,234.15167484472832,238.28518235192655,49422100
2020-06-22,238.7092132568359,238.83497203202995,235.45857256467735,235.74879647831915,24068700
2020-06-23,240.7408447265625,242.97565734413317,239.75405393578563,240.30549411155485,32767400
2020-06-24,235.77784729003903,241.2149254321226,234.27829301336337,239.986256665306,46032400
2020-06-25,238.0222930908203,238.32220094805373,233.2914518368603,235.86487855078397,36940800
2020-06-26,232.4014434814453,237.9546262115426,231.8790108584563,237.78047708316168,52824600
2020-06-29,234.93614196777344,234.9458259397443,229.62483763341584,232.15955824817812,34377800
2020-06-30,239.5412139892578,240.08298495739132,234.6845989326579,234.86841724587865,38909200
2020-07-01,242.33718872070312,243.333663642204,239.03817206183112,239.57994311482335,34689200
2020-07-02,243.9818420410156,245.9941449605468,243.51746898640175,244.78482936675303,31956500
2020-07-06,249.9800262451172,250.50242925527544,247.11634603898577,247.13569921933836,34589000
2020-07-07,248.25791931152344,252.38895950777837,247.9580114619411,249.72846569585067,36578200
2020-07-08,251.52798461914065,251.55700701531356,248.15158459234928,249.58342502693569,30426300
2020-07-09,253.64669799804688,254.314242607714,249.2448007829336,253.4435412329377,40312900
2020-07-10,255.37844848632812,255.62999559482355,250.821755283997,253.5015881944202,32885300
2020-07-13,250.12513732910156,261.00897620103956,249.30279693169464,258.22270872593504,64108100
2020-07-14,251.8956298828125,252.3019729673556,244.53331497286936,247.60013795734747,72230500
2020-07-15,252.40834045410156,254.1400886211853,249.10932402853223,253.30806415444613,54523900
2020-07-16,250.686279296875,251.32480146997744,247.30019565195113,249.62207567503765,47594100
2020-07-17,250.9765625,251.83757994769533,248.79979418454272,251.14101290577665,35137900
2020-07-20,258.096923828125,258.7257619192761,250.36698938646933,251.61498159797964,40610100
2020-07-21,255.40737915039065,259.6738468677504,254.56570046571449,259.66416289803755,43243800
2020-07-22,256.30712890625,257.2359043650542,254.00458772495364,255.90081547678648,29865500
2020-07-23,249.61244201660156,256.60710506156016,248.1999400352882,255.90088359521224,51363500
2020-07-24,247.24215698242188,248.56756217519336,243.1401678560097,245.77162505827135,54054500
2020-07-27,251.6537170410156,252.04069210150132,248.103183217571,248.88681731045352,36445700
2020-07-28,248.4514617919922,251.3925255123548,248.16123786616612,250.87009292156208,31302400
2020-07-29,251.31509399414065,252.17614078356192,249.51564673993508,249.98968895811328,27556900
2020-07-30,252.63088989257812,253.19199938263063,248.1999406661585,249.35121156619053,41774500
2020-07-31,257.13916015625,257.2939560702197,252.35994333802887,257.25524971065187,53686300
2020-08-03,260.6123046875,261.3572323280069,259.1514422701452,259.2772157927388,32081600
2020-08-04,261.579833984375,261.6765851474885,259.36435930360824,260.1092871633935,24911300
2020-08-05,262.22802734375,262.68273126739774,261.1735075047184,262.06357692788623,21612100
2020-08-06,265.7010803222656,266.030010519851,261.39590632069485,262.0344283010537,28048200
2020-08-07,262.63433837890625,265.93335503504,260.4865925905025,265.1593752997591,44969400
2020-08-10,261.5119934082031,263.12765152092464,257.99048286611185,262.92446530796576,35088400
2020-08-11,256.55877685546875,261.6379033915033,256.01700572023674,260.3511748020928,43104300
2020-08-12,263.0116271972656,263.9597412930272,258.6677748421069,258.71616518255945,38773400
2020-08-13,263.61151123046875,265.88500136033656,262.67308096999074,263.78564562330496,31895700
2020-08-14,263.30181884765625,264.5014502397458,261.9086851878035,264.2305647794578,30799500
2020-08-17,266.3590087890625,266.86207342141137,263.3405619463594,265.01423574638244,24803000
2020-08-18,268.9227294921875,269.3967716934106,265.9623276787447,267.42319016731705,23529500
2020-08-19,267.1136474609375,269.9385922940173,266.60089880480473,268.8840725870389,31999400
2020-08-20,270.8189697265625,271.30269597386075,265.9139784931246,266.32032153155023,27723400
2020-08-21,272.69580078125,273.15050458608215,270.3642369755621,271.0124430683541,34748900
2020-08-24,274.3985900878906,276.69144806298436,272.1153865624216,275.96585860128073,36418500
2020-08-25,276.5559997558594,276.7495020951633,273.1795994624824,273.6246194137072,34866600
2020-08-26,282.4573669433594,282.70891399065164,276.5268795847325,277.8039237142606,42216700
2020-08-27,281.57708740234375,284.2859725891655,279.3132517006083,283.434609516859,49482700
2020-08-28,283.0088806152344,283.6377188397529,281.4609506995913,282.8153783041637,28021000
2020-08-31,285.2823486328125,287.0914797713417,283.0958969128093,283.53126227230973,36321000
2020-09-01,290.1583557128906,290.27444528456937,286.16277231654675,287.93319733325944,36216200
2020-09-02,292.9058837890625,293.6217890823761,287.22694320186844,293.4089483837825,50836800
2020-09-03,278.05548095703125,288.90061343624177,275.15312393311996,288.3975488475127,110083300
2020-09-04,274.3501281738281,279.5260042219647,262.95354051596087,276.26569448177094,123959000
2020-09-08,261.16387939453125,269.1647029385001,260.88330983267,263.35998648912494,99568600
2020-09-09,268.8357238769531,270.93507941244224,264.1145506289995,266.66863957598133,64837900
2020-09-10,263.4760437011719,273.01514191283803,261.7539792138823,271.7961421605584,69667500
2020-09-11,261.64752197265625,266.2622594432859,258.21304812541126,265.2270782554954,71809000
2020-09-14,266.2042236328125,268.19717334742415,264.07581640152523,265.4302439467507,38525200
2020-09-15,269.9772644042969,271.32203741207366,266.17518355781664,269.9482420132667,41849900
2020-09-16,265.6720886230469,271.23493990693896,265.32381993172135,270.77058165183826,42321000
2020-09-17,261.5218505859375,265.4690450585424,258.0003081871999,258.8419874076903,81570800
2020-09-18,258.1840515136719,263.23415489256854,254.08206224129736,262.9439309437904,86251100
2020-09-21,258.8032531738281,258.9386811845065,251.64408035033992,253.9272838275129,57168600
2020-09-22,263.61151123046875,264.1919592065895,257.8648400723766,261.20253403231925,41128900
2020-09-23,255.562255859375,263.4760102209543,254.68187054174592,263.29219188406984,48837300
2020-09-24,256.7522277832031,259.9544931293643,252.71793795178283,252.8824178640421,70631700
2020-09-25,262.721435546875,263.53409221843475,255.6977199596859,257.25533405674236,55242400
2020-09-28,268.1778564453125,268.1778564453125,262.82784506916073,267.5780110688686,58438300
2020-09-29,266.9684753417969,268.6711713218636,266.4073364713568,267.61665185245886,27050000
2020-09-30,268.7969970703125,271.94121767207247,266.89111447842726,267.16199999545273,49380800
2020-10-01,273.06341552734375,273.67291520883066,270.7318519085342,272.6183957298698,50020200
2020-10-02,265.38189697265625,273.053788329181,264.5402180086701,267.0362325061569,75497400
2020-10-05,271.0414123535156,271.3606585893646,267.2393322869141,267.34573785743106,28184600
2020-10-06,266.2042236328125,272.0379608118565,265.3238383473394,270.3546029716696,49704200
2020-10-07,270.8092956542969,271.60258420390795,268.2552070819735,268.84536841355174,27539700
2020-10-08,272.25079345703125,273.2762906768677,271.18658987296357,273.20856192053947,25443300
2020-10-09,276.4108581542969,276.48827089145067,273.5085005215108,273.8954756343539,30201100
2020-10-12,284.9437255859375,287.7783537475403,280.0484192953146,281.0932547917312,79370700
2020-10-13,284.9340515136719,287.3817047440142,283.5699401763076,286.7432121833182,64240000
2020-10-14,282.55419921875,286.7045790694134,280.81279637790465,285.73712648576384,36949100
2020-10-15,280.6579895019531,281.2481213833502,277.2138608001073,277.85238302338996,42514200
2020-10-16,279.11968994140625,283.72474310029554,278.7713917390314,282.3025869495628,40570700
2020-10-19,274.56304931640625,281.99310808134084,273.5859422197973,281.0353098846014,36756800
2020-10-20,275.1531677246094,278.25868196764213,273.74069534831114,275.2982796940395,32195400
2020-10-21,274.9403076171875,277.9684384378739,274.45658140364156,275.40469541094143,29306100
2020-10-22,274.9305725097656,276.6720042692186,271.6799471309994,275.7722512408998,32196200
2020-10-23,275.4723205566406,275.6368004157051,272.60867040940616,275.50134294067584,24658500
2020-10-26,271.3413391113281,276.0141205806625,267.7520994595611,273.18917648833326,38421100
2020-10-27,273.4601135253906,274.28245401415154,271.0801887611452,272.3378651385637,30559100
2020-10-28,262.7987976074219,269.5709647553025,262.5472505227228,268.9614649881043,53413500
2020-10-29,267.3941650390625,270.39324365808426,263.6500997022442,264.11448745178734,43246300
2020-10-30,260.6123046875,266.2815609805573,258.37749224167834,265.41085981745687,65838300
2020-11-02,261.1928405761719,264.61760122108484,258.28079905882623,263.0019720549705,39987400
2020-11-03,265.7108459472656,267.81023104252813,262.02485396893513,263.1083961377249,43604100
2020-11-04,277.57177734375,279.3712246731452,272.69580888052,274.3598282237641,75728200
2020-11-05,284.8083801269531,285.77583271010906,282.4961542815417,283.9763555527979,52054200
2020-11-06,285.02117919921875,285.7467686056481,280.3967572298811,284.1504778163652,40959800
2020-11-09,279.19708251953125,289.40372297904185,278.7423787139035,287.9621988371177,86537100
2020-11-10,274.19537353515625,277.329909878657,271.4864890873703,275.88841524340836,69024900
2020-11-11,280.3290710449219,280.80311336475245,274.156718816236,276.7204622668145,36102900
2020-11-12,279.01336669921875,282.56393127610653,277.9008019435592,281.2965705378043,34414600
2020-11-13,281.4609069824219,282.080090662229,278.5005051335633,280.72566326802945,24806900
2020-11-16,283.65704345703125,283.95695132636484,280.5515001272689,281.1609998373027,30168400
2020-11-17,282.75732421875,284.1794805378679,282.1188020423801,283.8505502393088,21843500
2020-11-18,280.6676025390625,283.8215068214784,280.5805353656853,282.205877841639,28069600
2020-11-19,282.86370849609375,283.1733003182524,279.4486030544655,280.1161475041133,22718400
2020-11-20,280.9288330078125,283.53128232920227,280.84176583461374,282.7863250846613,25907300
2020-11-23,280.9385070800781,283.2216804949819,278.6940105023637,281.9252978658632,26875600
2020-11-24,284.8857116699219,285.3791218456151,280.2032455596767,282.00269286629174,24516800
2020-11-25,286.6367492675781,287.27527129063463,285.0017526155773,285.94986644210957,23326800
2020-11-27,289.27801513671875,290.40026371023424,288.20412738410823,288.60078649818524,17163100
2020-11-30,289.8680725097656,290.2066867419468,285.1856066120209,289.5971870288813,27836200
2020-12-01,293.5831298828125,295.20847253512443,291.0387250622598,292.1416350933177,27521300
2020-12-02,293.9604187011719,294.2990329472495,290.5743352890044,292.41248895074875,23620000
2020-12-03,294.37646484375,295.9243948502273,293.65087542111775,294.27005923343233,22828700
2020-12-04,295.5760498046875,295.72119128569506,293.74758010162014,294.42477907433585,19332100
2020-12-07,297.2497253417969,297.61736194731213,295.5760221993255,295.75984050208314,20851000
2020-12-08,298.2558898925781,298.5557977557596,295.0246026228502,296.77568899470424,18341500
2020-12-09,291.50311279296875,298.3236411639306,290.43890912941885,298.0431011941414,48839300
2020-12-10,292.6737060546875,293.7959544453921,288.3878987649172,289.4714407906166,27519500
2020-12-11,292.0255432128906,292.1513167618586,288.75554903695195,291.019384345454,26760400
2020-12-14,294.1441955566406,296.0887545369925,293.14772090249704,293.21542012272613,28804800
2020-12-15,297.2884521484375,297.2884521484375,294.21193112054425,296.3983829620619,25709000
2020-12-16,298.9234924316406,299.7071266165933,296.64028911520074,297.6851543780097,25461900
2020-12-17,300.8776550292969,301.1098341255949,299.3200710511308,300.5197024144041,23730500
2020-12-18,299.96832275390625,301.8258445629671,297.59805229574795,301.5162526740724,41173400
2020-12-21,299.40716552734375,299.94021705851605,294.2509819060399,297.022897192653,37095500
2020-12-22,300.2211608886719,301.1418885379459,297.40076881065704,300.3083858505309,26176300
2020-12-23,298.709228515625,300.62823699995636,298.5541520439334,300.2696355994626,21201300
2020-12-24,300.0274353027344,300.4732618230106,298.89348073931967,298.97100421239367,16785000
2020-12-28,303.05126953125,303.5262004972681,300.80270492399893,302.63451812618086,22497700
2020-12-29,303.32269287109375,304.9994298515296,302.42133841534746,304.379123831778,25871900
2020-12-30,303.33245849609375,304.80564123758916,302.7121523452587,304.48581621331965,18138100
2020-12-31,304.0787048339844,304.5633078720077,302.1596957332181,303.2355002802753,21611400
2021-01-04,299.78515625,305.58101975930504,295.78233005983566,305.4065401706211,45305900
2021-01-05,302.25665283203125,302.52805898204736,298.79660893109036,298.79660893109036,29323400
2021-01-06,298.069580078125,302.27592998393476,296.55762129457366,297.54620062910624,52809600
2021-01-07,305.28045654296875,306.11395934183895,300.6961024157407,300.7251774069149,30394800
2021-01-08,309.205810546875,309.55474011165984,305.3774347489298,307.56784992649233,33955800
2021-01-11,304.73779296875,307.4224832000481,304.0884118717858,306.249752108564,32746400
2021-01-12,304.25323486328125,305.86209118784325,301.6169927161347,304.77658493510535,29266800
2021-01-13,306.307861328125,307.10258773993957,303.91392141249594,304.5148243780855,22898400
2021-01-14,304.6698913574219,307.7519591297655,304.1949603367071,306.75367820056675,23500100
2021-01-15,302.25665283203125,305.4162747336572,301.01606999091035,304.4567699923187,35118700
2021-01-19,306.6665344238281,307.1705109950983,303.477837773853,304.57304550206436,24537000
2021-01-20,313.7998352050781,314.7399662658125,306.76341932672693,310.28164205481335,30728100
2021-01-21,316.3100891113281,317.0563967393444,313.7611019095679,315.1373580102177,25130600
2021-01-22,315.39898681640625,316.40693962385825,314.71082935358044,315.2729853210208,21609400
2021-01-25,318.0061950683594,320.1481618170667,311.5125320309247,318.7815776847995,39080600
2021-01-26,318.471435546875,319.60541972196387,317.14362789440383,318.72343860307774,25498100
2021-01-27,309.5934753417969,316.2228410436021,307.58721175922113,316.2131690962116,55264000
2021-01-28,311.42523193359375,316.3681877018211,310.1749481008374,310.7952540444055,42836300
2021-01-29,304.87347412109375,310.8437873574935,303.12891493977025,309.7388781855848,55259000
2021-02-01,312.491455078125,313.5769612169329,306.2885121515248,308.3141494244473,35646000
2021-02-02,317.5894775390625,318.7428352724727,315.29246359905534,315.45724166575354,33930800
2021-02-03,316.3294982910156,320.03187276941543,316.27134829002074,319.6635697112321,24824500
2021-02-04,320.070556640625,320.15778162492757,316.40695941082924,317.725094855198,22350900
2021-02-05,321.1560974121094,322.1640799698343,319.3824633831187,321.02042394773883,22732000
2021-02-08,323.3077392578125,323.46281577424594,321.2045787051673,322.84253928633325,20462800
2021-02-09,323.23992919921875,324.49988527206455,322.36762006497844,322.3773215906814,17597500
2021-02-10,322.50335693359375,325.1298974039891,319.35343684333327,324.6743693155153,28068700
2021-02-11,324.2769775390625,324.68405713239645,321.8927387147467,324.03467600388905,22046100
2021-02-12,326.08941650390625,326.2541649835537,322.38704196326086,323.4337715765903,20346800
2021-02-16,325.2073669433594,327.77575674947775,324.04430799298007,326.8840742771446,27080800
2021-02-17,323.64697265625,325.3237097887866,320.00277798200216,322.23194008983177,31360300
2021-02-18,322.2319641113281,323.5888467814989,318.2485115255932,320.0609518390549,32236200
2021-02-19,320.8265075683594,323.70505010577875,319.8088532641244,323.57904861371225,39157700
2021-02-22,312.51080322265625,317.70573348811814,312.30727823258223,316.44577744580255,47256900
2021-02-23,311.5804443359375,313.2474803141957,301.4231519128497,307.2383895703323,97241900
2021-02-24,314.14874267578125,314.4588956916574,306.23031671304153,308.92470818559923,58206300
2021-02-25,303.19671630859375,314.05183592483166,301.6556822348677,311.4931473273802,110182600
2021-02-26,304.4664001464844,309.2833257791753,301.30677898554114,306.12373419605314,104739800
2021-03-01,313.6254577636719,313.9646858785007,308.14944817684716,309.4384795198025,49164500
2021-03-02,308.59515380859375,314.3425377185994,308.3431803865586,314.2650142605463,48370000
2021-03-03,299.6397705078125,308.44014914832144,299.5816205062757,307.5000180197119,86301100
2021-03-04,294.73553466796875,302.43103226041615,290.8683828229836,299.27141140540306,139131600
2021-03-05,299.17449951171875,300.07585398861437,288.29033511498864,297.35238750821816,121523700
2021-03-08,290.7037048339844,300.5120666714254,290.2869532740603,298.63180431057555,88409800
2021-03-09,302.1692810058594,304.068945666037,297.4686565476328,298.00170790542745,80391100
2021-03-10,301.3066711425781,306.72452742736533,300.6185433810326,306.4240760281915,76798100
2021-03-11,308.2463684082031,310.0103013290982,305.15459806058067,306.0462512596568,53484800
2021-03-12,305.7457275390625,308.43044718599134,301.80108145550156,304.19499196739815,69315600
2021-03-15,309.0119934082031,309.17677147307455,304.42766710582436,306.0656279165316,42955700
2021-03-16,310.70806884765625,314.2166196657638,309.2736627941333,311.2023734081659,54925900
2021-03-17,311.9874572753906,313.8774211202588,305.95899377153285,307.67450760611854,78258700
2021-03-18,302.4309387207031,308.09109615637846,301.97541088297504,307.1121889868798,82718100
2021-03-19,303.4972839355469,305.03831844868324,300.12443526399585,302.2663729684122,78446200
2021-03-22,309.18878173828125,311.2558030028116,305.8893246619074,305.8893246619074,56194800
2021-03-23,307.8398742675781,311.59543446462345,307.02471644005647,310.2756635863065,53455400
2021-03-24,302.6480407714844,309.24698344349076,302.50248217460296,309.20815794592994,64803700
2021-03-25,302.1240539550781,303.6379524774981,298.3005857976996,300.80428295499746,78729000
2021-03-26,306.65594482421875,306.9761737612359,300.513134656362,301.91052690579824,63519600
2021-03-29,306.568603515625,307.61665508549305,303.23032130763187,306.12221392245704,54608000
2021-03-30,305.0256042480469,305.5981544684456,302.3278096829393,304.60832640159686,44635700
2021-03-31,309.6933898925781,311.2557682762274,306.4715545684974,306.81121105651914,55032500
2021-04-01,314.97247314453125,315.1083179450452,313.2645068625954,313.5168281402014,55685600
2021-04-05,321.2609558105469,322.02760407998835,317.2142778319081,317.4568854196264,42172500
2021-04-06,321.03765869140625,322.988202846914,320.2612969247598,320.9503235455035,33537200
2021-04-07,321.8140563964844,322.6486417637379,319.6305884586231,320.56219315319373,32046400
2021-04-08,325.1716613769531,325.35604544050096,323.87128877073377,324.66704845392206,29940800
2021-04-09,327.1416931152344,327.34550476932856,323.0756180393598,323.81312481383054,36664900
2021-04-12,326.71478271484375,327.1320606369448,324.83214556026877,326.1034068863233,25833000
2021-04-13,330.52850341796875,330.9942909199149,328.0247771343008,328.2382729444184,30374000
2021-04-14,326.5594177246094,330.897241128073,325.7442600560948,330.77108048618845,42564300
2021-04-15,331.5086364746094,331.8968322351225,326.27803325321327,329.43193130872146,36342800
2021-04-16,331.8968200683594,332.11031588274375,330.02386739959644,332.0326648874163,40860100
2021-04-19,328.8592834472656,331.47942636192755,326.9378216177111,330.32464204726193,34533100
2021-04-20,326.4624328613281,329.4804566209722,324.4924607053859,328.1995112420433,38081800
2021-04-21,329.25726318359375,329.4416472865148,324.0945675321625,325.1814445924262,36598100
2021-04-22,325.28826904296875,329.8492739732179,324.1334545434906,328.8691594463617,45936100
2021-04-23,329.3834228515625,330.6934798949631,325.9189800210378,325.9189800210378,36381900
2021-04-26,331.5280456542969,331.80947868051476,328.8787607730623,329.62601091696735,30812000
2021-04-27,330.0917663574219,332.0326264031691,329.1407638887171,331.8191306135299,33187200
2021-04-28,328.975830078125,330.7711318290207,328.32562882870786,329.76187615246016,33615700
2021-04-29,330.1597595214844,332.66345637414327,326.937924191872,332.24617850122996,37708900
2021-04-30,327.99560546875,330.1985003830696,327.0833989572573,327.71420210948105,38263400
2021-05-03,326.24896240234375,329.9462994475264,325.8025727600481,329.1990787837727,29729700
2021-05-04,320.37786865234375,324.01698222276525,316.56405512300364,323.69672364406625,65147000
2021-05-05,319.3006896972656,323.28917374599087,318.52435728079297,322.42547653862044,46219300
2021-05-06,321.7073669433594,321.8626393493869,316.7969918615756,319.0386835460776,46814300
2021-05-07,324.3177795410156,326.69531572419015,321.88199030080017,324.4827360878982,53324500
2021-05-10,316.1273498535156,323.1144294895896,315.9235381896021,322.9397591621031,60700500
2021-05-11,315.6906433105469,316.4864031754288,309.58662911215885,310.2465441500883,71963600
2021-05-12,307.5196533203125,313.08019964815134,306.65595619043876,310.76088677179484,91164900
2021-05-13,309.8971252441406,312.86663879564367,307.52927357866866,310.45999125151934,69877800
2021-05-14,316.7387390136719,317.6509161897484,312.5561574496169,313.0608001261645,44370000
2021-05-17,314.8172302246094,316.71926491585236,311.94476543974787,315.0307260298125,39395000
2021-05-18,312.6919860839844,316.99098429290916,312.4202668422621,315.7682625127471,36528500
2021-05-19,313.051025390625,313.3518563360605,306.9470121011332,307.2963823180364,66319100
2021-05-20,319.1065368652344,319.96052014548815,314.3126391150429,314.53581909839676,46466100
2021-05-21,317.34033203125,321.0764639362925,316.9812776603383,320.6591861330802,50330400
2021-05-24,322.6777648925781,323.8034675119384,317.2336359084848,319.6305997585061,32475800
2021-05-25,323.12408447265625,324.9096721530307,321.9498724424178,324.1915634161339,31280300
2021-05-26,324.24981689453125,324.7156043929025,323.10471647413306,323.79371355892494,25444900
2021-05-27,323.0367736816406,324.6476911877741,322.8329916546215,323.80342174637593,27931700
2021-05-28,324.0557556152344,325.64727538816913,323.73552667394773,324.24013972588364,29927400
2021-06-01,322.9785461425781,325.8607246630837,321.62963411689003,325.3851937858449,31145400
2021-06-02,323.6094055175781,324.4536751719568,321.8917544833314,323.3959096589274,22047900
2021-06-03,320.2419738769531,322.046959878064,318.5728327072903,320.7756986540093,37057800
2021-06-04,325.6763916015625,326.12278121578436,321.96934100973573,322.03727823358133,38736500
2021-06-07,326.6467590332031,326.7049824666826,324.4535776548945,325.1425746945179,32611900
2021-06-08,326.80206298828125,329.25725005460623,325.12320818685185,328.39355301587057,27282800
2021-06-09,326.87969970703125,328.94672073790025,326.6953156028105,328.1703884365764,21485300
2021-06-10,330.2858581542969,330.39259123957316,326.77290627431074,327.21929578440205,33702100
2021-06-11,331.1495056152344,331.1592193915587,329.64535104355383,330.29552252350413,21222800
2021-06-14,334.32293701171875,334.3326211759567,330.39267670533627,331.5766028024062,27827700
2021-06-15,332.139404296875,334.284046453268,331.42126590878416,333.9735017241031,35963800
2021-06-16,330.92645263671875,333.67275740945274,327.47172306948255,332.6052781352656,55399500
2021-06-17,335.12835693359375,336.137612619447,329.8686419091237,329.91715157235996,59722700
2021-06-18,332.4984130859375,334.6139432348051,331.7511630829106,333.4688430201158,55414900
2021-06-21,334.56500244140625,334.8856325179715,330.47476007480685,332.6899065192554,32992600
2021-06-22,337.6837463378906,338.1306538228892,334.059831566183,334.3610115723274,28941600
2021-06-23,337.8487548828125,338.9952130924093,337.0132312490567,337.62531605726303,27188500
2021-06-24,339.9376220703125,341.4629419137244,339.23810081332704,339.78216960770175,32581600
2021-06-25,339.51983642578125,340.7440060588732,338.9174766537919,340.50111714116616,28682800
2021-06-28,343.6490478515625,343.78507991676616,340.7441050397931,340.80239602501337,39130300
2021-06-29,344.89263916015625,344.9217846528403,342.63865187700964,343.4741757669752,29426000
2021-06-30,344.3486022949219,345.1258649215054,343.7656627373686,344.73721878344486,32724000
2021-07-01,344.48455810546875,344.9897564637457,342.648303353147,343.99878018998015,29290000
2021-07-02,348.43878173828125,348.7593821022505,346.1458946628319,346.37905856390046,32727200
2021-07-06,349.9446716308594,350.2264311031794,346.3499034583853,349.04113188977976,38842400
2021-07-07,350.6830749511719,352.4415885625739,348.7302383215752,352.1404086390429,35265200
2021-07-08,348.5650329589844,349.42000673152563,344.3387893212388,345.6212203305233,50890000
2021-07-09,350.74139404296875,351.2174469313186,347.39923947890736,347.9821789306915,35184500
2021-07-12,352.1112060546875,352.5678383888231,350.56640650445496,352.1403515377377,25717700
2021-07-13,352.1112060546875,355.0744388797104,351.25623235251663,351.73228512551066,39723000
2021-07-14,352.74285888671875,355.0940079019643,351.91703032204333,354.4527773570235,35336400
2021-07-15,350.2652893066406,352.85935636038874,348.26388671366414,352.6553379425304,53391600
2021-07-16,347.4283752441406,352.1015564750905,347.0785997230479,351.12027558621315,47262000
2021-07-19,344.58172607421875,345.0771993956187,342.0265294469521,343.9793365421211,64404600
2021-07-20,348.5845642089844,350.0321730725412,343.73647990399576,345.5144438789271,42183700
2021-07-21,351.2757568359375,351.2757568359375,347.9336020918231,348.1570706277468,30259900
2021-07-22,353.5978088378906,353.60750423595323,351.47979427948155,351.47979427948155,30252200
2021-07-23,357.7268981933594,358.00862805980915,353.5686400813842,354.91908737955197,31960800
2021-07-26,358.0086364746094,358.397282567666,356.1724111779134,357.03708054103595,28438100
2021-07-27,354.0640563964844,357.74626100686675,349.9155239997721,357.74626100686675,57933100
2021-07-28,355.42425537109375,356.9982007174381,352.9079293355111,355.20081650644175,42066200
2021-07-29,356.0557861328125,357.22163532233117,354.86076180526356,354.86076180526356,25672500
2021-07-30,354.20013427734375,354.78307373523353,352.10157001865997,352.1307155090778,36484600
2021-08-02,354.2292175292969,356.44436336044856,353.5199711877009,355.86142400498187,27334100
2021-08-03,356.3763427734375,356.4929247131299,351.7031622437629,354.8898637433054,35558500
2021-08-04,356.891357421875,357.8434929221903,355.23000505712656,356.33756341711404,29602200
2021-08-05,359.1551208496094,359.3882848025913,356.9982653359182,357.70748224275013,21443900
2021-08-06,357.58111572265625,358.8635765497484,356.47355748073585,357.8920207079267,33332100
2021-08-09,358.2417907714844,358.76640957041377,356.9399095212192,358.03774270014765,25960200
2021-08-10,356.4055480957031,359.0481812206712,355.2202487606175,358.75672632250746,35130800
2021-08-11,355.79339599609375,358.1639942187618,354.46236946318714,357.66852098541506,34249800
2021-08-12,357.07586669921875,357.43533756576846,353.937731101521,355.28820776183164,25969200
2021-08-13,358.3292236328125,358.6595490527327,356.9301808840148,357.4256838386604,19336200
2021-08-16,358.48468017578125,358.5235210612484,353.35486658868456,357.21194441275657,34856900
2021-08-17,355.3271179199219,356.7067105697037,352.89822838907884,355.7351547573665,44793900
2021-08-18,351.9072265625,356.1917913024979,351.57690114042134,354.79274854455855,38541900
2021-08-19,353.6075439453125,355.27862159537017,349.72131961025167,349.973933679883,48499400
2021-08-20,357.270263671875,357.6686051509274,354.3652913538164,354.67619635934994,39486000
2021-08-23,362.61370849609375,363.30350467257495,358.2999992454488,358.30969463980557,34034700
2021-08-24,363.7214050292969,364.3237649888982,362.74012400828065,363.20648154936,21732900
2021-08-25,364.1391296386719,364.7123736957995,363.2258647453417,363.9739817438647,20441900
2021-08-26,361.8267822265625,363.9641869495947,361.3895703073261,363.28411575798174,29133300
2021-08-27,365.3438720703125,365.8490704411561,361.97257206698066,362.4583499945528,27104700
2021-08-30,369.44384765625,369.9296255952502,366.1113884610643,366.13083855432507,27295700
2021-08-31,369.1426696777344,369.75472497853656,367.59786973187414,369.686738600358,29628200
2021-09-01,369.7546691894531,371.8240876523357,369.55065078663495,370.20160617594934,28138300
2021-09-02,369.5797729492187,371.43544784695985,368.3653283551102,371.10512247530545,25453400
2021-09-03,370.716552734375,371.11489416925747,368.41397023843336,368.4333906805509,24605400
2021-09-07,371.24114990234375,371.8921052945021,369.6672343461001,370.82338804966736,23970200
2021-09-08,369.9490356445313,371.06631894293287,367.68532355818826,371.06631894293287,32949200
2021-09-09,368.67626953125,371.2800318811056,368.43338058855016,370.17247372014936,29399000
2021-09-10,365.878173828125,371.1051484712424,365.5478484333313,370.3862067090166,40249400
2021-09-13,365.6256103515625,368.63743950186546,363.57564168171336,368.2099525437821,48741800
2021-09-14,364.5860900878906,367.8407787543693,363.6339545966303,367.112111802256,41826600
2021-09-15,367.296630859375,367.6464063389702,362.7497571713315,365.0426441055978,34097900
2021-09-16,367.5492858886719,368.12250027388,364.0419835530262,365.9656451323104,35193100
2021-09-17,363.19677734375,367.1218720035204,362.1572349261721,367.07330606187605,60912300
2021-09-20,355.6918640136719,359.1446989416401,351.0523860759697,357.4036777365787,76203200
2021-09-21,356.1295471191406,358.71675431650056,355.0012893402798,357.52040510766665,41927500
2021-09-22,359.4559631347656,360.9149125462884,355.9447427828518,357.0438227553833,46972900
2021-09-23,362.7726440429687,363.8036325830604,359.97145643124753,360.6133977324671,44652000
2021-09-24,363.1130676269531,363.53132237880186,360.1368129986181,360.5064182906499,36056800
2021-09-27,360.2146301269531,361.0899938725879,357.66633646820173,360.0687411164145,43338100
2021-09-28,350.0213317871094,360.16588392104853,349.5155734589641,355.6626193659367,97701600
2021-09-29,349.4476013183594,353.4256669344048,348.8251316006727,351.2858920320007,58076600
2021-09-30,348.1636657714844,352.7544942625844,347.3272157221571,351.09130030893095,61384600
2021-10-01,350.3229675292969,351.36369202460725,344.68170766871515,348.7862203586933,56375500
2021-10-04,342.9698181152344,349.0390380839239,340.7327742551447,348.7083464504916,76766000
2021-10-05,347.599609375,349.8463893796275,343.8063463595513,344.0300329676691,47232900
2021-10-06,349.8268737792969,350.09920979277194,343.48528853603494,344.389829971963,56806500
2021-10-07,353.0365905761719,355.68215344387613,352.3362936499442,352.87122991088916,39411200
2021-10-08,351.276123046875,354.3496467593131,350.74115710996455,354.11619466511115,41822300
2021-10-11,348.5819091796875,353.2602709185573,348.4943461007118,349.73931498934746,34847200
2021-10-12,347.3661804199219,350.4688525299562,346.72423904744426,350.0311854685431,43905100
2021-10-13,350.14788818359375,350.8190073438713,347.64821419139497,349.67130750082435,40120800
2021-10-14,356.596435546875,356.81041599057534,353.0755088952258,353.736892200335,43433900
2021-10-15,358.84320068359375,358.95991188767306,356.7812235917874,357.8122121376906,40419900
2021-10-18,362.45166015625,362.6656405909374,356.946554138747,357.54958181402935,34513500
2021-10-19,365.1944885253906,365.2431082990779,362.50030598675886,363.5215586934051,29091000
2021-10-20,364.7178955078125,366.26437825684025,363.23947450315666,365.6516147806896,31390300
2021-10-21,366.9452819824219,367.1398204769915,363.6188933750925,363.9204072639906,25469300
2021-10-22,363.8619689941406,366.6534206308841,362.19877506830113,365.6905235710402,36275800
2021-10-25,367.587158203125,368.5014355371204,363.3367570240195,365.28202289509034,32597800
2021-10-26,368.74456787109375,372.236316302524,367.5676904128299,369.8242057885552,47191300
2021-10-27,369.6005554199219,372.66434356126393,368.92943624733016,369.19203648262067,45760500
2021-10-28,373.705078125,373.9579722207458,370.7288233150904,371.49721174896024,38007000
2021-10-29,375.5432434082031,375.7086040476494,370.2813259791611,370.6314595463677,37310100
2021-11-01,376.8271179199219,376.9535649328839,373.8995133810821,375.9809321345882,30765300
2021-11-02,378.40283203125,378.8794423541163,376.1657881505037,376.2144079243628,25135300
2021-11-03,382.4198303222656,382.8380553824804,377.84847309738126,378.8891678338036,33748900
2021-11-04,387.3218994140625,388.2750904027313,383.1395895493531,383.6842616336203,40265300
2021-11-05,387.69146728515625,390.0160444058111,386.2908735800523,389.0920609902603,43383800
2021-11-08,387.166259765625,388.6835647540906,386.5243184732125,387.66231205576224,29256300
2021-11-09,384.5013427734375,388.6350336479469,383.13966230419834,388.23625049581113,50490700
2021-11-10,378.8502807617187,384.540159937135,376.92445677960063,381.72926606554546,54937400
2021-11-11,379.9007568359375,382.0016478820407,379.56032931636594,381.8265810488004,32243000
2021-11-12,383.8983154296875,384.4332517881816,379.4533748190734,381.0484777471121,34730600
2021-11-15,383.8106689453125,385.3960653814899,381.3693804579635,385.0751095726007,33716900
2021-11-16,386.5437927246094,387.0398153356769,382.8866834035395,383.0811921804126,27872900
2021-11-17,386.74798583984375,388.78078483430113,385.7850888641528,386.86469702690965,28703300
2021-11-18,390.7552795410156,391.2610379788392,386.57296981590184,388.79057170851496,45721500
2021-11-19,392.9339904785156,394.2081373154626,391.5625744064973,392.3893183809995,45191700
2021-11-22,388.3723449707031,397.5248250612639,388.26536958827234,394.4707728765568,61715400
2021-11-23,386.6021423339844,389.2768828543448,382.16693860936056,387.2148761381592,70098700
2021-11-24,387.84716796875,388.12921018442887,381.7973891566023,384.1219667319437,46954400
2021-11-26,380.4940185546875,386.66050784137326,379.1031308898381,385.2696201765238,51533300
2021-11-29,388.7516784667969,389.76322507789195,384.3262102771607,385.0556850127537,54447100
2021-11-30,383.0423583984375,390.2106592936949,381.0290008426392,387.86661005974304,81332700
2021-12-01,376.525634765625,389.5200254430795,376.0587899811894,387.3802212397502,77766500
2021-12-02,379.23931884765625,381.0192240941186,373.8217461673623,375.2417819698472,84416600
2021-12-03,372.6448669433594,381.60280810324537,368.5306188785248,380.60099735187833,105349100
2021-12-06,375.63079833984375,376.9924783201267,368.9196082898826,373.1311249260117,67588800
2021-12-07,386.9425964355469,387.5553600113219,382.2350559963303,382.27396962972693,56005300
2021-12-08,388.6737976074219,388.8780718765483,385.3765876920819,387.27323361603425,39204000
2021-12-09,382.9547729492187,389.24770917282194,382.760234490901,387.44833232178706,49973700
2021-12-10,387.11773681640625,387.3803370861821,382.5949688378498,385.7657624649027,52545800
2021-12-13,381.5249938964844,387.42885308796576,381.1553886423513,387.1078972886611,50166400
2021-12-14,377.5761413574219,379.41440228714094,373.1312014367775,376.70074791408535,75199200
2021-12-15,386.1838989257813,386.54379804863623,373.3743396627244,377.3232270446941,73858000
2021-12-16,376.2533264160156,387.5747881895297,374.66792996001715,387.14682731739265,82591400
2021-12-17,374.3761291503906,378.5389967311671,371.3220476290657,372.8393525624627,80492500
2021-12-20,370.74456787109375,371.5334044386726,367.608688406285,369.65383235643225,65336800
2021-12-21,379.04205322265625,379.3537004976008,370.2674556823786,374.0168523653753,48899500
2021-12-22,383.6581115722656,383.862617023732,378.0875447528065,378.7497726949041,37042200
2021-12-23,386.5505981445313,388.0211296414889,383.8432259923988,384.0087681504468,29595500
2021-12-27,392.939208984375,392.939208984375,387.81661549702426,387.84583056663473,32820700
2021-12-28,391.11810302734375,394.0105142865246,390.2416210712962,393.835223839379,33113700
2021-12-29,391.05963134765625,392.52044435937006,388.6833731376432,391.2544183040115,32248500
2021-12-30,389.8909301757813,393.0268094113681,389.3065991298355,390.84530882119145,23850100
2021-12-31,387.4562377929687,390.58236873038675,386.9595519515833,389.2189494524094,34752900
2022-01-03,391.1862182617187,391.4394353469124,386.51162877090127,388.62492150092214,40575900
2022-01-04,386.1123352050781,391.7705482299664,383.01541893348,391.7315848969011,58027200
2022-01-05,374.2505187988281,385.5474773607961,373.99730172965064,384.4274970750118,75739800
2022-01-06,373.9875793457031,377.2306007150052,370.199219910222,372.42940265304225,70814300
2022-01-07,369.9361877441406,375.6820747117179,368.1637576183187,373.9972600596945,72652300
2022-01-10,370.1796875,370.69586988679407,359.661847242509,365.0279090976705,91770500
2022-01-11,375.7405700683594,375.906112223643,367.3652366626688,369.4493143206494,68295700
2022-01-12,377.23052978515625,380.0060797925901,374.95166559429856,378.3115168914577,54576400
2022-01-13,367.793701171875,379.29516458019566,366.8587893280662,378.6134400713968,77994000
2022-01-14,370.0823364257813,370.4134504382263,365.06685520469034,365.2713904020376,80121200
2022-01-18,360.8694458007813,366.3913312973548,360.1098243286915,364.26829048052855,75450900
2022-01-19,356.90576171875,364.9012680659936,356.6427964175311,362.4276169600093,81791500
2022-01-20,352.2701110839844,364.10268789792946,351.73449165384477,360.1292904684734,88610700
2022-01-21,342.5021667480469,352.7181079448339,342.2197346222496,350.0789145108733,143388900
2022-01-24,344.070068359375,344.73232602908723,325.42036573638467,336.8731466697839,198685800
2022-01-25,336.0940856933594,341.8594404635493,332.75370059517894,337.6133584822439,124398400
2022-01-26,335.56817626953125,347.5565772992611,331.87718103363807,343.6902916646973,146559500
2022-01-27,332.1888122558594,342.0931056687476,331.16622553880836,340.27196393380945,95255700
2022-01-28,342.60931396484375,342.8235677167253,329.12116502061934,334.0684383999999,108167900
2022-01-31,353.5653991699219,354.14973026653894,342.33661867714983,343.97275169174054,94326400
2022-02-01,355.9709167480469,356.62342632692844,349.7576168140272,354.90939615460974,74433000
2022-02-02,358.86328125,360.4312358565739,354.773023033465,360.10012183811494,78777100
2022-02-03,344.3136291503906,352.47470960045916,343.25210855127375,349.16353924829605,95384800
2022-02-04,348.6571044921875,351.95852629353226,342.77488937826047,344.82975198860566,86318300
2022-02-07,345.85235595703125,351.61768135491906,344.5960484405398,349.2511713999109,58198100
2022-02-08,349.7380676269531,350.8288031286312,343.5831690442686,344.71286787681044,64720900
2022-02-09,357.1492614746094,357.22715841338385,352.6596813646489,354.25685095249275,55766400
2022-02-10,349.0660705566406,356.91550206060344,347.22546193723235,350.12759092704323,112468500
2022-02-11,337.9931335449219,350.6632597451943,336.76604124970885,349.0660901088654,101569100
2022-02-14,338.4118957519531,341.81074053043295,334.9059686837341,337.43802051737816,80254400
2022-02-15,346.8261413574219,347.0598618690624,342.62874208745905,343.6902623715719,55128800
2022-02-16,346.7386169433594,347.7611742582783,341.547844250229,344.5766122966764,58947100
2022-02-17,336.42523193359375,344.22595282253224,336.00644297006625,343.52476142259576,61801400
2022-02-18,332.5881652832031,337.74969251719716,330.2800855630904,337.36014833883615,80001500
2022-02-22,329.2477111816406,335.0520287130775,325.61517574368247,329.6470035760064,85967100
2022-02-23,320.81402587890625,333.2406549416096,320.5023786388824,332.40313641940185,86215400
2022-02-24,331.59478759765625,332.1304368387252,309.94555894702495,310.51039353763224,130614100
2022-02-25,336.73681640625,336.94135159639,328.5757672146632,332.3933413462363,78842100
2022-02-28,337.739990234375,339.43455370743686,332.4031718515985,333.56208600121306,77515500
2022-03-01,332.5686340332031,338.9864680636294,330.0463008202966,336.7173519143617,67407000
2022-03-02,338.14892578125,339.4831299618094,331.35126663526114,334.1170684540048,70609000
2022-03-03,333.3185119628906,340.8952592959026,331.4584068955942,340.78811757689374,71089400
2022-03-04,328.4881286621094,332.3933781477259,326.1703304000487,330.9617802598061,76936300
2022-03-07,316.3730773925781,329.63728233789755,316.1685719260236,328.4783684935688,89933800
2022-03-08,314.902587890625,324.5049841954412,311.58166951225644,315.5842827764271,116153900
2022-03-09,326.23846435546875,327.59216523477136,320.49260625639835,323.08311801855376,64723400
2022-03-10,322.6156005859375,323.82322594560713,318.17473241246887,322.17737461373935,69362700
2022-03-11,315.9250793457031,325.89758066946933,315.4381417913107,325.58593350178387,66228400
2022-03-14,309.8578796386719,318.0578920252177,309.15668831903486,314.6882922182204,79802600
2022-03-15,319.5771484375,320.35626644797605,310.89019809296275,312.49708626661936,76471000
2022-03-16,331.4292297363281,331.54609001020464,319.8206237661332,323.4921524521994,105243000
2022-03-17,335.4416198730469,335.5000500150178,328.2349484002418,329.53018950768575,67810000
2022-03-18,342.3075256347656,342.5997061473883,332.6271997789639,333.786114122287,85446300
2022-03-21,341.3558044433594,343.696018954242,336.9679468710499,341.4728389745544,73799100
2022-03-22,348.0643005371094,348.93213540233734,341.4727846671497,341.8530501225999,63345900
2022-03-23,343.0621032714844,348.746831695108,343.0036008998052,345.18779855169856,70615500
2022-03-24,350.68719482421875,350.73596663379254,342.8280596036386,344.98297609778405,53555300
2022-03-25,350.3947448730469,351.6818566630685,346.09464168165056,350.628754377757,57584200
2022-03-28,355.8161926269531,355.91370650882885,349.146653754064,350.38499375841536,56833900
2022-03-29,361.9396667480469,362.5637019901702,356.9375054681398,359.70672694862424,68073000
2022-03-30,357.9418029785156,361.7348751699815,356.4596933773582,360.0772287057881,68757700
2022-03-31,353.5052795410156,358.4391787225342,352.66669581766195,358.08813467922835,67011400
2022-04-01,352.8324279785156,354.5485472014141,349.65366014256847,353.7684957143745,54527800
2022-04-04,360.0967712402344,360.10653155542957,353.4077415692185,353.6710022659616,45950200
2022-04-05,352.10113525390625,359.3557275043423,350.96027939900637,358.6439089147844,62738700
2022-04-06,344.4565734863281,347.8888424124468,341.82384708793876,346.786997880951,90077100
2022-04-07,345.27557373046875,347.46950207698916,340.00039133532164,343.4619108236752,63777400
2022-04-08,340.4488830566406,344.2906973309232,339.8150875535041,343.5398970896143,61956100
2022-04-11,332.3948059082031,337.13367715180743,332.0535221925016,336.2171002042934,66107400
2022-04-12,330.9905700683594,339.02521130257463,329.6157051423407,337.1433160219376,72790200
2022-04-13,337.71875,338.7718226397427,330.61041297128776,331.33196219190665,61367800
2022-04-14,329.99609375,338.3232796419303,329.78157510501154,337.806488782239,73519400
2022-04-18,330.24957275390625,332.541014798433,327.4218490584937,328.9429702120827,58560600
2022-04-19,337.6309509277344,338.2062441148995,328.5822166699637,329.60603798055195,56515700
2022-04-20,332.706787109375,338.89854638294173,331.4879380302106,338.44025793889364,65500000
2022-04-21,325.8227233886719,339.2008118048885,324.896415961227,336.58760657300314,75801000
2022-04-22,317.290771484375,327.1975799069353,316.86173424802763,325.97873088482487,82562100
2022-04-25,321.3665466308594,321.67857907479,314.3947372353848,315.6623578799585,101755900
2022-04-26,309.2366027832031,319.49442429308345,308.9635520660258,319.30915688188617,105819600
2022-04-27,308.86614990234375,314.83363086897674,307.15000069366886,309.33416895411995,111204200
2022-04-28,319.8357238769531,321.6688774536265,309.60712328307943,313.82923269772596,99450000
2022-04-29,305.4435729980469,319.07519153345316,304.8097774412421,315.6331629944997,91977900
2022-05-02,310.543212890625,310.7772223602127,301.93324748505074,305.03399198530184,115511800
2022-05-03,310.87481689453125,313.1662594023677,308.1055950099553,310.56278434940856,78185500
2022-05-04,321.38604736328125,322.05885426015044,306.0675644616979,311.3524760272777,116083400
2022-05-05,305.1997985839844,317.144519135594,301.90402602983977,317.06652589040266,154607400
2022-05-06,301.54327392578125,307.2377334745027,297.5064313350277,303.2009206408079,139572800
2022-05-09,289.74481201171875,301.64079153746076,288.35045573531676,295.91708072920244,113387300
2022-05-10,293.2648620605469,298.1402585982894,289.1792773813539,296.92140946385376,124124600
2022-05-11,284.56719970703125,296.5119236658923,283.6993944196123,291.0027304036266,140326100
2022-05-12,283.894287109375,288.37965712769153,277.8390539510273,280.2865121271832,120910900
2022-05-13,294.41546630859375,295.4490480565435,286.7513270140495,288.35047145853673,83684900
2022-05-16,291.002685546875,294.7274958305589,289.7253339703702,292.67006291458443,59190400
2022-05-17,298.5400390625,298.9203045116113,293.0600684613582,296.8629014948216,62715300
2022-05-18,283.8846130371094,294.7177302099061,282.62675235783473,294.02543221119953,79477100
2022-05-19,282.3634338378906,287.0535923689451,280.4132753536652,282.0806822827589,79920700
2022-05-20,281.48583984375,286.4782402945012,273.22691831272135,285.82495393267806,91764200
2022-05-23,286.166259765625,286.54652518718103,280.130517022383,282.5292035679818,63648400
2022-05-24,280.0817565917969,281.6613802288879,275.2161206158338,280.9495914149474,73491100
2022-05-25,284.00164794921875,286.07857192290606,278.3851808380714,278.5899391890219,67144500
2022-05-26,291.8704833984375,293.42088572276367,282.91926227102294,283.20204360932223,59462200
2022-05-27,301.3969421386719,301.5431980456508,294.88342118676695,295.00042591235007,66985600
2022-05-31,300.59747314453125,303.5714533810643,296.745897651391,301.36779419457156,60968300
2022-06-01,298.3742980957031,304.85857019114184,296.1608785576662,302.7329042287562,65341700
2022-06-02,306.54547119140625,306.72097834437847,295.83908850416947,297.2529655584795,59291300
2022-06-03,298.5692443847656,302.73282159743167,297.32114427662555,301.32870525614237,60914700
2022-06-06,299.5638122558594,304.5659729663611,298.0036796925584,303.0058404030601,51785000
2022-06-07,302.1478271484375,302.92790846647307,295.14676470252834,296.2388487907185,44900300
2022-06-08,299.9734191894531,303.9517297604242,299.1250751769183,301.34825485773797,38342100
2022-06-09,291.938720703125,301.3482294885749,291.77297389502866,298.2864961255871,55900500
2022-06-10,281.641845703125,287.52157152822184,281.1933176458669,286.3319738273655,85963500
2022-06-13,268.5465393066406,275.3038303481986,267.68846493494067,272.7783790424765,94442000
2022-06-14,269.03411865234375,271.7155865820096,266.52815784547136,270.7405073348584,64697500
2022-06-15,275.75238037109375,279.68194827863294,269.7166378626102,272.4566377365892,86051400
2022-06-16,264.6268310546875,269.18043550544473,262.569397903917,268.72214696528744,81910300
2022-06-17,267.8445129394531,270.2822109859682,263.76868894737345,265.397054578494,82703400
2022-06-21,274.60211181640625,276.91751695179937,272.2183724003533,272.32582298826685,51633700
2022-06-22,274.2016296386719,278.607670898115,271.50522767427793,272.10115516724903,67472900
2022-06-23,278.2852478027344,279.1351926915743,273.8498699692125,276.683029536765,57457800
2022-06-24,287.8202819824219,288.2403946837072,280.8741562890391,281.1086156093789,58422300
2022-06-27,285.7101135253906,289.74490714992544,284.57684368727377,289.178287137997,54151500
2022-06-28,277.0054626464844,288.83635773662206,276.81983905686894,286.2474363739082,61609800
2022-06-29,277.2593994140625,278.7639161956807,274.3676253182003,276.868623965582,57302700
2022-06-30,273.820556640625,277.39621043122844,269.4242653952654,274.2797260299329,79313600
2022-07-01,275.6279602050781,276.01873573364435,270.64549022663914,272.5212545037234,56675100
2022-07-05,280.3466491699219,280.4638788535781,270.3719593953274,271.8960049113849,61829300
2022-07-06,282.1441955566406,284.24466970613287,279.0081827619103,280.727630686022,63194700
2022-07-07,288.1817626953125,288.8851704287084,282.95505535271474,282.95505535271474,56620100
2022-07-08,288.5433044433594,289.91103377040923,284.410779227162,285.34864650653003,59895500
2022-07-11,282.378662109375,286.3548403943848,281.49940987825573,286.1301601592719,55273900
2022-07-12,279.6432189941406,285.5440277206609,278.0507796846206,283.6292068067478,55797100
2022-07-13,279.0667724609375,281.41145499175724,273.56651926592025,274.13316901454067,73939400
2022-07-14,280.06329345703125,280.9327666322429,273.35159737692584,276.4680816551164,63741800
2022-07-15,285.1434020996094,285.25088248380956,281.4407401317298,283.0527371949575,63818100
2022-07-18,282.73028564453125,289.33449964696354,281.5579595457662,287.927684477046,59519600
2022-07-19,291.42523193359375,291.7183358870412,284.7526523077867,286.35484062579235,55172600
2022-07-20,296.0462341308594,297.2283395826278,291.06376504505164,291.84534577642216,67769400
2022-07-21,300.2960510253906,300.35466586575325,293.84815025713857,296.50546567254037,55049400
2022-07-22,295.0301818847656,301.4389945456537,293.2032835855231,299.36785786813266,57127700
2022-07-25,293.3498229980469,295.52844008286405,291.3470802058321,295.05949165968326,40582400
2022-07-26,287.5858459472656,291.9039942701177,286.7749875225989,291.64997677634415,50074100
2022-07-27,299.73907470703125,301.42921484718744,291.5815077333936,292.1481574097648,69304400
2022-07-28,302.66998291015625,303.24638193831424,295.7726930962561,299.5241912245391,55139900
2022-07-29,308.1897277832031,309.098317152877,302.78717638335104,304.21354989028913,57501000
2022-08-01,308.004150390625,311.4625744787069,305.32730707021403,306.4214903306957,46358800
2022-08-02,307.08587646484375,311.20862271528586,304.653271030503,305.70839783608835,48676500
2022-08-03,315.44854736328125,316.26918477093403,308.70754398924663,308.7661588173464,53735700
2022-08-04,316.9237365722656,317.23636887445446,313.3773902933455,315.5267001030721,38973700
2022-08-05,314.3348083496094,316.36685863884907,311.0522586944706,311.8338096178113,53894000
2022-08-08,313.3187561035156,318.94601793817696,311.8533258185939,315.25313481274435,43878500
2022-08-09,309.7724304199219,311.6775018413341,308.15071370114674,311.42348436801046,39764200
2022-08-10,318.4184875488281,318.7115915246145,314.63768179382663,317.10937327023964,51459600
2022-08-11,316.611083984375,322.7463509040136,315.9076762566471,320.74360811155844,45897700
2022-08-12,322.7757873535156,322.97116022923103,317.6076932904705,318.66279029927443,40928400
2022-08-15,325.3841857910156,325.8824417015116,321.80853179378624,321.82808994824325,38266600
2022-08-16,324.62213134765625,326.7128263002357,321.57404097671457,324.40720036948693,41186900
2022-08-17,320.9194641113281,323.7917099514796,318.8385482664983,321.48611386986494,47842200
2022-08-18,321.6912536621094,322.87335907254277,319.25864893946607,320.8706162835581,41937200
2022-08-19,315.419189453125,319.3074750762417,314.65716692353726,318.65293293396036,51770600
2022-08-22,307.1151428222656,311.3942046870982,306.3042843906594,311.15974534576816,51098900
2022-08-23,306.86114501953125,309.6943046194441,306.1088716338093,306.88067335924467,39497100
2022-08-24,307.7501220703125,309.56724121334616,305.7766569801424,306.38236336115364,38057100
2022-08-25,313.1918029785156,313.21136113357704,308.48290881912897,309.5282266157888,38098300
2022-08-26,300.3546142578125,314.1003584319973,300.2666920123757,312.89869478251217,69047700
2022-08-29,297.3944396972656,300.1396768426791,296.2904773933453,297.599591598888,48321900
2022-08-30,294.08258056640625,299.66100744201606,291.56205323702653,299.0455218647492,51184500
2022-08-31,292.3728332519531,297.8828647381736,292.265382688806,296.9840544920041,50044000
2022-09-01,292.4999084472656,292.8711555938858,286.1985754742801,289.88167989587697,57990700
2022-09-02,288.36737060546875,296.74961831058744,286.75537351879814,295.37211033183024,64666800
2022-09-06,286.2962341308594,289.7644372216003,284.16648248606504,288.8460984730638,57005400
2022-09-07,292.0798034667969,293.07628535272244,286.51115631694785,286.7749528560577,49260400
2022-09-08,293.5940856933594,294.91297901870183,288.64095359084064,290.0086826705722,55649800
2022-09-09,300.0126647949219,300.5109206504732,293.59407275816847,295.8508330938615,56125200
2022-09-12,303.5784912109375,303.9106517905791,301.0774928818991,301.3901251265919,45905700
2022-09-13,286.9312744140625,296.0364589952393,286.04224309081405,294.84457445150866,79562200
2022-09-14,289.2075500488281,290.08680225615325,286.30599689467647,288.0742803851126,54907200
2022-09-15,284.3912353515625,289.6960869236584,282.78901693148475,287.2927891078034,65299400
2022-09-16,282.6522216796875,283.04299715541504,279.0374814471277,281.08908996251955,79920400
2022-09-19,284.85333251953125,285.009929593157,279.95001919015573,280.00873935928564,52613800
2022-09-20,282.5827331542969,284.8729092204194,280.2827604379443,282.34782262362853,51271100
2022-09-21,277.5228271484375,287.6916318605769,277.3858233676275,283.42444346717195,82931000
2022-09-22,274.1070861816406,277.0040569805694,272.8836997112343,275.9959877236679,62757100
2022-09-23,269.6442565917969,271.93443317556165,266.2285402192741,271.64080241281675,74815200
2022-09-26,268.5284423828125,273.53942878181266,267.7356903085554,269.1743940484729,71176700
2022-09-27,268.6361999511719,274.24418638846515,266.3166332984949,271.8952895127299,69780100
2022-09-28,273.9798278808594,275.261934412608,267.13866082863075,268.6164912597073,79652100
2022-09-29,266.0816650390625,270.36841610769596,263.11617736207876,269.98670518368925,81216000
2022-09-30,261.56976318359375,269.33091797839734,261.4131661676647,265.2594851677233,78482400
2022-10-03,267.7063293457031,269.3016301388179,261.8340740784838,263.34129462673053,61267400
2022-10-04,276.12322998046875,276.82790179562363,273.0500687714272,273.0500687714272,66696900
2022-10-05,275.9764709472656,277.7674959008721,269.55614005462246,272.3552344355478,55766300
2022-10-06,273.8037109375,278.12958912178726,273.48072015712467,274.97814412366046,53489400
2022-10-07,263.3706359863281,269.2918143460594,262.0395760224377,269.16457737879426,71354700
2022-10-10,260.7379455566406,263.9579074840265,258.02693157551664,263.5663998737213,60393000
2022-10-11,257.1558532714844,261.93195915010915,255.47247218095,259.06434824004356,66522500
2022-10-12,257.0677490234375,259.7102458087687,256.3728738896596,257.79198423701354,50580200
2022-10-13,263.0966491699219,264.4179127385428,248.846628785448,249.7274761425017,112894100
2022-10-14,255.1886444091797,266.02296314995965,254.60144274396384,265.425964834378,77244300
2022-10-17,263.6153259277344,264.4863615743304,261.06087941416854,261.1587563065971,64576500
2022-10-18,265.70001220703125,271.30799739519153,263.01832840793145,270.64248223774274,69781000
2022-10-19,264.7310791015625,267.85316427712985,262.3626192311699,264.1830042620747,53115400
2022-10-20,263.38043212890625,268.9884468880424,262.21579559893996,263.8404266714654,60605500
2022-10-21,269.5561828613281,270.094461137652,261.13927521181904,262.274581812715,77897700
2022-10-24,272.52166748046875,273.45142356858554,266.17961927839184,269.8204197497584,63963600
2022-10-25,278.1589050292969,278.54061591496753,271.98325299591863,273.4611132950566,59014500
2022-10-26,272.0126953125,277.9339050801036,271.52334061440916,272.5314100977627,63492400
2022-10-27,267.0603332519531,272.3551527878157,266.54161865102617,270.8968858634386,57760300
2022-10-28,275.2326965332031,275.7024878622664,266.26771361153044,266.43410737427513,62651300
2022-10-31,272.0322570800781,273.8037184923803,270.1139653810978,272.9816062790332,47742000
2022-11-01,269.2527160644531,276.0645546736958,268.8905983822977,275.50668317358867,45895900
2022-11-02,260.0235290527344,272.28675771668276,259.95501222043714,269.2233922468771,79803100
2022-11-03,254.9440155029297,258.86864996176075,254.5623343480636,257.41038243650985,70038900
2022-11-04,259.04473876953125,260.9336403199302,253.5639613842532,259.87664754666133,78313200
2022-11-07,261.89276123046875,262.4310691494784,257.9583614497786,260.0919400929863,47333800
2022-11-08,263.80133056640625,267.040856174654,259.866899804266,263.40985279403156,63213800
2022-11-09,257.71368408203125,262.842110142691,257.429850083671,262.0591548198439,64862100
2022-11-10,276.7300109863281,277.02361178294706,268.01950556191656,270.1335209010714,99256700
2022-11-11,281.82904052734375,282.4945853592921,275.20319122632566,276.54401780245206,66961800
2022-11-14,279.3627624511719,283.0524854621789,278.3840532301036,279.77380359803294,55290700
2022-11-15,283.22869873046875,287.01629894350947,279.8814997818295,285.9886362575642,73985400
2022-11-16,279.3627624511719,283.3167560672818,278.5406502896147,281.27125737938917,48859800
2022-11-17,278.7461853027344,280.2240458608114,274.74326796534484,274.8998650329681,55462100
2022-11-18,278.7559509277344,281.85844224794346,276.30917802063993,281.76059522592635,53588600
2022-11-21,275.8883361816406,278.52103631245524,275.0564274319262,277.3661666856122,40083500
2022-11-22,279.8619689941406,280.01853621674417,274.48883399896573,276.62244322191174,41873400
2022-11-23,282.6707763671875,283.2971346752864,279.70528891612594,279.8814493901695,46390000
2022-11-25,280.8113098144531,281.78022254764727,280.3219551220779,281.0755505959133,15498800
2022-11-28,276.6908874511719,280.85040181999574,275.76113157178366,278.83426312712214,38714200
2022-11-29,274.596435546875,277.31724581059444,273.2262486996481,276.9159714717935,35618900
2022-11-30,287.1141357421875,287.22180929264937,274.0092342106235,274.8607064926113,74718100
2022-12-01,287.4664611816406,289.4532396198207,284.6869306980874,287.437101100991,51547300
2022-12-02,286.3213806152344,287.2022428390406,282.2205864471839,282.39677681264686,53583200
2022-12-05,281.5159606933594,285.4699248069331,280.05766350911045,284.19761464913205,41482100
2022-12-06,275.682861328125,281.49639765275765,274.29311068240025,281.35939386569686,53937600
2022-12-07,274.55731201171875,276.55388729782686,272.8445707786554,274.49859184458353,45614300
2022-12-08,277.8066101074219,278.7755226497414,273.8330531775481,275.90791188562,42594900
2022-12-09,276.03515625,279.5585154089067,275.5947251546985,276.7887515955548,47860500
2022-12-12,279.4997863769531,279.5585364128644,275.1739080337036,276.2113374934605,35732500
2022-12-13,282.50445556640625,290.5592444878014,279.8228014323792,290.33413057877345,80667700
2022-12-14,280.4100341796875,285.20570417082473,277.16071186797296,281.9172251208929,64984400
2022-12-15,270.9947814941406,276.9844765058339,269.80075517778243,276.31893160733205,60554100
2022-12-16,268.4110107421875,271.8560565360291,266.8059132420267,270.3195057192116,68300400
2022-12-19,264.6388854980469,268.7691077283645,263.40274989066353,268.68081660488616,44167900
2022-12-20,264.43292236328125,266.17919476845594,261.89199975874527,263.4714800510181,51064200
2022-12-21,268.2687072753906,269.57349338805386,264.62898244767973,265.4727028175878,46394700
2022-12-22,261.7055358886719,265.3844822211629,257.48699279714367,265.25694062467517,60278400
2022-12-23,262.29412841796875,262.9612667355134,258.53671128427175,260.4399551404093,39373600
2022-12-27,258.5858154296875,261.7938763980321,258.0462485081974,261.68594505012555,38009000
2022-12-28,255.17169189453125,260.4399375975812,254.80870735846833,258.18352943650245,47139000
2022-12-29,261.39166259765625,262.3334647303056,257.28104972266846,257.9775887001961,45893600
2022-12-30,261.2345886230469,261.3621302042253,257.3201997757236,258.6249860783853,37858300
2023-01-03,259.4687194824219,265.0312691802193,257.16324062153893,263.55969075063524,42335300
2023-01-04,260.7049255371094,262.38254715008145,257.55575486643687,261.58789688682157,47754900
2023-01-05,256.6236572265625,259.203829664046,256.309743232515,259.03706753273036,45396700
2023-01-06,263.70684814453125,264.825262145389,255.40715401036852,258.36013103501256,54659700
2023-01-09,265.4138488769531,270.07384644606014,264.80560135296327,265.6983324353776,45568700
2023-01-10,267.6604919433594,267.76842326727916,263.8736443498317,264.38378077930986,35247800
2023-01-11,272.2910461425781,272.3989774609644,267.9449917626651,268.72985154393996,44077000
2023-01-12,273.76263427734375,274.79275716324054,268.55324892261154,272.8502628173263,60600000
2023-01-13,275.646240234375,275.89150328651294,270.9273815063878,271.26093566457496,44802900
2023-01-17,276.20550537109375,277.4906816399172,274.2826210808861,275.4500758501751,36269700
2023-01-18,272.61480712890625,279.2957706324418,272.40879453707197,277.7456912937367,47754500
2023-01-19,269.9364929199219,272.1242499912478,268.70038757042437,270.9862259052219,44150400
2023-01-20,277.3238525390625,277.65740672300205,270.48591691995296,271.54547015302177,60613600
2023-01-23,283.48480224609375,284.71111735298183,277.37286691453704,278.1675167086538,52799900
2023-01-24,282.90606689453125,284.0637015046576,281.3461972203422,281.8661537784052,44875100
2023-01-25,282.2782287597656,282.89626664664723,275.85231732735315,278.3932395490146,50872000
2023-01-26,287.7818908691406,287.9584731055407,283.05321138770705,285.7020646910738,51596300
2023-01-27,290.6466064453125,292.608711331998,286.3495919531761,286.46731345608214,56441900
2023-01-30,284.77008056640625,288.8022216574002,284.3973057887979,287.37968364573163,49405800
2023-01-31,289.0376281738281,289.1357393931687,284.7013937087767,284.8092950925129,46705100
2023-02-01,295.2183532714844,297.6807748695478,286.7616549480124,288.8316914443187,67562200
2023-02-02,305.81365966796875,307.7365140162562,300.91821770304585,301.7422981380262,83070600
2023-02-03,300.37860107421875,306.4709577187037,298.769690790087,299.1621057418746,76170800
2023-02-06,297.83770751953125,300.11375637228986,296.49367046317866,297.75923649741816,40802300
2023-02-07,304.00848388671875,305.13668801554405,296.59173107995235,297.7101151054352,67584000
2023-02-08,298.60284423828125,303.63564666144487,297.91612568277793,302.69384496111496,56720900
2023-02-09,295.9638366699219,303.13532624833186,294.5118984958231,302.9881743981649,49137800
2023-02-10,294.02142333984375,295.85598658175047,291.6178329261947,293.8055906090698,50050100
2023-02-13,298.7304382324219,299.31907562567426,294.2470218426378,295.4242966291426,39636700
2023-02-14,300.93780517578125,301.88942714277795,295.208463105172,297.15095751576536,64079100
2023-02-15,303.2432556152344,303.41001773123855,298.43610559153916,299.12282420101644,43100600
2023-02-16,297.5531921386719,302.5859959303086,297.4060402610044,298.61274553656614,59498600
2023-02-17,295.4537048339844,296.20910430272016,292.45168728691385,295.36541372252225,58230700
2023-02-21,288.45880126953125,293.06975897051757,288.32146951851234,291.6276109184507,46526700
2023-02-22,288.6746520996094,290.7446581736878,287.016671243805,289.0376366764408,51389200
2023-02-23,291.19598388671875,292.4811601502825,287.0068709295869,292.3241881717645,69294400
2023-02-24,286.3200988769531,287.41887258258424,284.5541869020419,286.2318077691083,74332000
2023-02-27,288.3705749511719,290.87224685655826,287.78193746186145,289.4791690691815,48995000
2023-02-28,287.9977111816406,290.5092026778838,287.4090738129779,287.7426280027074,48243100
2023-03-01,285.6824951171875,288.36074923545726,284.7014426338721,287.7034608376696,58287000
2023-03-02,288.04681396484375,288.85128421092963,282.90610837742537,283.1906219892063,53565900
2023-03-03,294.0017395019531,294.23721240743714,289.2828804396578,289.7930467854235,60511500
2023-03-06,294.3353271484375,298.23992643719316,294.13913463412405,295.23790852017675,56736300
2023-03-07,290.7250671386719,295.3065950596229,290.11681943570414,294.3844034004965,65955800
2023-03-08,292.17706298828125,292.77549064291287,289.2927662406376,291.146939898782,50876300
2023-03-09,287.11480712890625,295.27717051410644,286.3005168477535,292.67735762881415,71456700
2023-03-10,283.0826110839844,288.7727320236621,281.9347967324263,287.2815134618591,98593600
2023-03-13,285.18212890625,288.890505837308,279.7863406238493,281.29716972593775,97123600
2023-03-14,291.73553466796875,292.28492159284906,287.8898261938066,288.7335168501078,73602500
2023-03-15,293.2660217285156,293.5995759915821,287.6838305115018,289.1259789091008,83631500
2023-03-16,300.9966735839844,301.35965816858703,291.5589546269461,292.3536046471147,98198100
2023-03-17,299.5740966796875,303.29229304043884,297.6218123089048,300.9083432902864,89923700
2023-03-20,300.63726806640625,300.96150332211346,296.7462950694743,298.95707995181795,56359500
2023-03-21,304.93109130859375,305.38306558856016,301.05975903304505,302.5729268224663,49757000
2023-03-22,300.78466796875,309.75554713715763,300.61764766949733,304.8623321401105,75791900
2023-03-23,304.3514404296875,308.67474787206635,301.6592048377737,304.51849073355623,74576000
2023-03-24,305.4715881347656,305.5698212705116,301.6002550384221,303.92894408666183,57195200
2023-03-27,303.37872314453125,307.25005645212997,302.52389091416995,306.1692220286919,50287400
2023-03-28,301.76727294921875,302.8284666751966,299.45822454941873,302.7989907375691,48585900
2023-03-29,307.2696228027344,307.88864736768073,304.6461448812209,305.4616956522639,53274300
2023-03-30,310.17803955078125,310.80689945176334,307.35806527422386,309.7457058652787,58354800
2023-03-31,315.3365173339844,315.57235477434864,310.0994268734704,310.4040214976561,62138100
2023-04-03,314.5701599121094,314.8354733237728,311.88775975910704,313.21420687465223,47126800
2023-04-04,313.5089416503906,316.0243210555341,312.2905331988112,315.0122741072591,45875400
2023-04-05,310.41387939453125,313.4991370985997,308.5961168372781,312.55587722556044,62795700
2023-04-06,312.5067138671875,312.99799939754666,307.36788641047167,308.7631205247058,46916500
2023-04-10,312.32989501953125,312.3790415697629,307.7904209826378,309.57870772010875,45134700
2023-04-11,310.3254089355469,312.34953293369824,309.8144827721986,312.2905510824566,40113600
2023-04-12,307.5841064453125,312.87034446403476,307.12229676746927,312.28079572849316,62813300
2023-04-13,313.6072998046875,314.0789148450452,308.1638463235502,309.3429139101412,54613800
2023-04-14,313.0177307128906,314.7765116629593,310.10929821943813,312.0548000917982,56278300
2023-04-17,313.2829895019531,313.63673071713305,310.53180220918756,312.6050129930765,43007000
2023-04-18,313.3026123046875,315.81802195370216,312.1039043269435,315.39549358382044,46746900
2023-04-19,313.1552734375,314.2164671752397,310.7676325061279,310.8953715658276,38960100
2023-04-20,310.7675476074219,313.70542523513507,309.4803820255731,310.18783432889876,62462100
2023-04-21,311.0918884277344,311.86812815953215,308.62565482704014,310.4041065013526,59002300
2023-04-24,310.443359375,312.2021401015281,308.2718555959959,310.86585776277883,44043100
2023-04-25,304.5872802734375,309.4804963444167,304.48904712793683,308.81235502938426,57121600
2023-04-26,306.4344787597656,309.4509795739338,305.9137172173924,307.97712275751604,55400500
2023-04-27,314.7666320800781,315.26772290973327,309.5589876855451,310.1976828367422,65430400
2023-04-28,316.9381103515625,317.0265381463464,313.4008486317639,314.5307993238096,59712600
2023-05-01,316.5746154785156,317.9895203971101,315.4937811676875,316.47635236195066,41013400
2023-05-02,313.81353759765625,316.8300378297772,312.07436769901994,316.5057726007453,56519400
2023-05-03,311.760009765625,316.8497211454234,311.65191134615395,314.17712640782753,59882100
2023-05-04,310.6595153808594,312.6836094317165,309.6277977427473,311.5339880602636,50224500
2023-05-05,317.26239013671875,318.1172221778604,310.6987925389379,312.9194127732155,51806100
2023-05-08,318.0484619140625,318.3923678179955,315.71977305719315,316.8006073328287,36465800
2023-05-09,316.0341491699219,317.2525276080899,315.7197192550117,316.3878603349305,31768800
2023-05-10,319.4731750488281,320.32800708992704,315.9948650328523,318.47093335731375,60446600
2023-05-11,320.5146789550781,321.0550810222023,318.47091443998295,320.02339344471517,44278500
2023-05-12,319.3650817871094,321.4677983234003,317.31151179697923,321.045269963454,48432800
2023-05-15,321.09442138671875,321.3302288576638,318.3137283538319,319.8367315655272,33375600
2023-05-16,321.45794677734375,323.16761080073854,320.3378013925757,320.37711263038034,40019200
2023-05-17,325.3489990234375,325.9287124831827,321.34012137518226,322.51918892551805,47486100
2023-05-18,331.3917236328125,331.607890460888,325.7222995308489,325.7419401567872,64213500
2023-05-19,330.6449890136719,332.3153417839332,329.58379550250504,331.60788943838475,61554900
2023-05-22,331.75531005859375,332.76735706001745,330.37968657373955,330.389521879848,43015900
2023-05-23,327.5498962402344,331.1854214014878,327.1961850279305,330.0358299758091,48216700
2023-05-24,325.8697204589844,327.10776972072495,323.8161503250398,325.5946017325634,62891200
2023-05-25,333.7990417480469,335.0665668116123,330.80221200891475,333.2291637268725,66862800
2023-05-26,342.3277893066406,343.1629807974881,334.722698053465,334.82096116751046,63007000
2023-05-30,343.88018798828125,347.76132520549356,342.45544813261364,346.56258746061786,72652200
2023-05-31,341.9249267578125,344.48945306585824,340.4707406387247,342.2983085945595,65105400
2023-06-01,345.8749084472656,347.2013556198988,340.618146366898,341.66950478011034,50488600
2023-06-02,348.46881103515625,349.6282376581261,345.8748390992629,347.63361965954,53372100
2023-06-05,348.7145080566406,351.26919913842227,347.68282030519657,348.25269839960436,47266200
2023-06-06,348.6555480957031,349.61847863088633,346.77883357493243,348.10531064293906,41390400
2023-06-07,342.740478515625,350.8958071324031,342.1116185813994,348.9405001234873,69225900
2023-06-08,346.9950256347656,347.4568353146323,342.8092925640385,343.0352647572386,47153900
2023-06-09,348.32147216796875,351.4264005957321,346.87709138014355,348.4492112149935,53196900
2023-06-12,354.20709228515625,354.305355405067,349.00931208022024,349.98204800024035,44606500
2023-06-13,356.9288635253906,357.7640251500042,353.7551474004903,356.95833946525113,57097800
2023-06-14,359.5228271484375,359.8077812170539,354.1383556980209,356.93865987143437,69525600
2023-06-15,363.8067932128906,365.2904552167826,357.63624776639995,358.2552423852553,71138800
2023-06-16,361.5173950195313,366.351658257818,361.0752559946736,366.22391921096187,80932000
2023-06-20,360.9998779296875,362.397056132463,358.03830213467023,360.0651728884419,49204700
2023-06-21,356.08026123046875,360.2914331262993,355.1553750173207,359.85850638708854,53378300
2023-06-22,360.2816467285156,360.4390473507144,354.42731645188564,354.8307268599819,47603000
2023-06-23,356.71002197265625,359.01238895404134,355.01767999999373,356.385311870061,48922900
2023-06-26,351.9281311035156,358.9729945543616,351.8395819991526,356.17866827388485,52685500
2023-06-27,357.9792785644531,358.7073991281337,352.7448516906183,353.4729422274704,49428100
2023-06-28,358.67779541015625,360.6259355671753,356.080235165036,356.15896549012393,46498000
2023-06-29,357.9595642089844,359.0222135298197,356.3164363159426,358.38264216689817,46151000
2023-06-30,363.4793395996094,364.5321100206162,361.3245547688206,361.63938600193586,58712500
2023-07-03,364.33538818359375,364.965080752573,363.0366078498649,364.118924794639,19432900
2023-07-05,364.3254699707031,366.0276603880261,362.73152624064664,362.77089140209085,34460900
2023-07-06,361.55084228515625,361.99361781521185,358.6581182234109,360.6161373160052,49374700
2023-07-07,360.3504943847656,364.52233147221807,360.12421222600994,361.3245946385069,47133700
2023-07-10,360.468505859375,361.1474122875821,357.5659631843357,360.0749443133993,48498800
2023-07-11,362.24945068359375,362.7020449901475,358.75652041765636,360.89163773710936,38214100
2023-07-12,366.82464599609375,368.1726100645608,364.34515118816057,366.35235412153,61975400
2023-07-13,373.0528564453125,373.8793447436065,369.4221931900927,370.0027017557936,46960000
2023-07-14,372.97418212890625,376.70321351551775,372.09847980698714,373.4858091986902,55148500
2023-07-17,376.457275390625,377.3329778093705,373.21035434589106,373.6924651000872,40868900
2023-07-18,379.5368347167969,380.9044962847805,373.8891503179448,375.8176227910227,55262000
2023-07-19,379.4483642578125,381.7409123906442,378.12006757474666,380.5995627236231,54093000
2023-07-20,370.7012939453125,377.9232550597698,369.67800988298177,376.4571954822207,71941700
2023-07-21,369.5895080566406,373.8105290801638,369.1565812836216,373.08240858363587,60499600
2023-07-24,370.1798706054687,371.508137285771,368.32024921012385,370.56358341647297,40380100
2023-07-25,372.6888122558594,374.351637654843,370.8685562243706,370.888253820198,38894400
2023-07-26,371.4490356445313,373.14137727763733,369.1466691250998,371.6458314264261,47075700
2023-07-27,370.5635986328125,378.52350037664377,369.27466704180216,376.90988870145145,63940200
2023-07-28,377.3132629394531,378.33651706389406,374.1056774417926,374.6173045040131,56902900
2023-07-31,377.510009765625,378.69072449832686,376.1915619959742,377.6182564624205,44019900
2023-08-01,376.63427734375,377.3918839929656,374.56804190510417,376.16198552077384,41060600
2023-08-02,368.3694152832031,373.16109557263337,367.12966784749693,373.16109557263337,72687100
2023-08-03,367.779052734375,369.9043211540574,365.79151734625674,365.9587967704652,47666400
2023-08-04,366.0572509765625,372.0197980045004,365.555442653565,369.7075822366438,61702800
2023-08-07,369.156494140625,369.2548920252335,365.53568019085367,367.8675629246639,37230400
2023-08-08,366.0178527832031,366.6672428994244,362.8889976997199,366.64757532989904,44726500
2023-08-09,361.99359130859375,366.4605913395506,361.2359845962108,366.3031607187657,51150900
2023-08-10,362.6626892089844,368.33989085090377,361.13762681764416,365.0044211596802,72035300
2023-08-11,360.3504943847656,362.0822014786827,358.82543190557215,360.10451462832634,48707200
2023-08-14,364.3943786621094,364.51244412842345,358.83524275979033,359.553484355475,42130800
2023-08-15,360.527587890625,364.21728388168873,359.8585001971934,363.420281922942,45539900
2023-08-16,356.71002197265625,361.52137052909745,356.611624061966,359.98645920817404,53190500
2023-08-17,352.8135986328125,358.4514643029439,352.40036954182796,358.1070867092438,62604300
2023-08-18,352.3708801269531,353.63029511668526,349.0058642803443,349.54703769092396,61191400
2023-08-21,358.0480651855469,358.72697159737027,353.37445062617115,353.8368936889085,50696500
2023-08-22,357.5364990234375,360.6653543070012,356.84774369729803,360.6555055081969,44530200
2023-08-23,363.1743469238281,364.2665126856572,358.5007314261463,358.71719481869087,51770600
2023-08-24,355.4111633300781,366.7458975171732,355.20454878191777,366.6475296549768,66842500
2023-08-25,358.16619873046875,359.85854068317366,352.8136767417662,356.247574615354,69960500
2023-08-28,360.8620910644531,361.7967959662991,358.39244511479126,361.08837318531505,40910000
2023-08-29,368.7432861328125,369.0975125611246,360.3406401002619,360.6653201349605,58492400
2023-08-30,370.7996520996094,371.3801906583347,367.8478954803411,368.8515119480578,41731500
2023-08-31,371.9115295410156,373.6137202039194,370.8095450761535,370.87842661191354,35730700
2023-09-01,371.5179443359375,374.7058320533503,370.0322171464116,374.28275412084383,39801200
2023-09-05,371.990234375,373.21028423077263,369.7862355695371,370.7111217591785,32344200
2023-09-06,368.7137756347656,371.5573157971025,366.70660260739953,371.2129381611802,42998700
2023-09-07,366.076904296875,366.854208721943,363.2136963758197,364.25664812381336,52060700
2023-09-08,366.5884704589844,368.82198545674055,365.6242492069954,366.0276595371048,35800100
2023-09-11,370.9079284667969,371.4195555120843,367.65115913843493,369.618997042065,39936600
2023-09-12,366.795166015625,370.88827258740463,366.5098211030943,369.23526587586855,41391000
2023-09-13,368.1922607421875,369.7960532558238,365.89974305658103,367.03124371731934,46300700
2023-09-14,371.2030944824219,372.18701344044155,367.8774736268473,369.9436794172297,48039400
2023-09-15,364.846923828125,370.2683259653032,363.9121889676396,369.8649156585052,69811200
2023-09-18,365.2273254394531,366.3407681012067,363.6212111624308,363.9069691189676,36903500
2023-09-19,364.4488830566406,365.24700863969736,361.4238722283556,363.9069563270103,37621700
2023-09-20,359.197021484375,365.8677841776096,359.1181771883691,365.51307505644786,45514200
2023-09-21,352.6148986816406,356.3001026510691,352.44740717910935,355.5118100588146,69734800
2023-09-22,352.66424560546875,356.4972156395276,352.34892851338105,354.3590373875739,51589700
2023-09-25,354.3392333984375,354.42794074320403,350.7131778472453,351.6985209907401,39168000
2023-09-26,349.0184631347656,352.29967336301286,348.03311977474067,351.75771647282335,53657700
2023-09-27,349.8362731933594,351.74784148919474,346.21018720799054,350.171286287333,56066000
2023-09-28,352.76275634765625,354.89110143517365,348.0626496696963,348.919893509747,56453300
2023-09-29,353.0189514160156,357.6303811505316,351.78727222768936,356.24104341766446,64829600
2023-10-02,355.965087890625,357.3642583710357,352.67404526804705,353.28495323022247,51625100
2023-10-03,349.7180480957031,355.7187850269011,348.1020706923418,353.52145870022036,60478500
2023-10-04,354.47723388671875,355.3246146472607,350.0924443998235,350.5555569297421,54786700
2023-10-05,353.4327392578125,354.87133184681437,349.934783079885,354.46733754416096,45897400
2023-10-06,359.3547058105469,360.54696275822704,349.64906850019884,350.4373310951315,75049100
2023-10-09,361.1873779296875,361.7293046269779,355.492095800062,356.9898065431507,45304800
2023-10-10,363.1876220703125,365.83819750579465,361.01988521817543,361.522389768607,46968800
2023-10-11,365.7791442871094,365.9663619214004,362.7935552643259,364.51790605468614,38215100
2023-10-12,364.5080261230469,368.2621815500544,362.1136492104433,366.2816620389047,49587900
2023-10-13,359.9261779785156,365.7200010485941,358.5269773449452,365.13865214466296,52469900
2023-10-16,363.99560546875,365.04992982373216,361.09869429111416,361.2464897450169,44201100
2023-10-17,362.8033447265625,364.4981360766888,358.3298785924585,360.448360262545,50999100
2023-10-18,358.0442199707031,362.5176873454726,356.71400039070437,360.31052779188826,54280500
2023-10-19,354.69403076171875,360.655345729828,353.8959050901614,359.46308875026443,72274200
2023-10-20,349.4026794433594,354.76294846899185,349.17603969846044,354.19143261499835,72559700
2023-10-23,350.4570617675781,353.99444057612124,345.9737317484537,348.08238082629725,60665200
2023-10-24,353.8663330078125,354.6348995548222,350.5752900977818,352.27008172327623,47082100
2023-10-25,345.2051696777344,351.6493233086152,344.62382073653515,351.47196873068145,71190500
2023-10-26,338.6230773925781,344.93913146646247,337.33228009309397,344.0030433163217,78621400
2023-10-27,340.24884033203125,343.72710044474474,339.0368574336132,341.3524198475242,63476700
2023-10-30,344.0818786621094,345.4022350230032,341.37218469520366,342.73193313591645,55298500
2023-10-31,345.72735595703125,346.10179117581265,341.5396474517011,344.1114087821121,47671900
2023-11-01,351.72808837890625,352.28974120081546,346.4663594769629,346.5648998076941,58992700
2023-11-02,358.1131286621094,358.3496014034231,355.0191366352463,356.24098262937144,58162400
2023-11-03,362.320556640625,363.6113538875242,359.17730927962293,359.40394905155324,53280500
2023-11-06,363.7986145019531,364.3602674355303,361.53233679599015,363.089166078038,38848700
2023-11-07,367.2374877929687,368.1045647036917,363.6409604189403,364.8430805389325,50777400
2023-11-08,367.4739379882813,368.3114858193752,365.1879342825612,367.611870415712,35663400
2023-11-09,364.6459655761719,369.30661967147313,364.1532939757189,368.1636480202756,53859400
2023-11-10,372.843994140625,372.9917895931924,365.8381889860767,366.3702826856047,58309800
2023-11-13,371.6813354492187,372.735659990496,369.7402079575448,371.26750810516944,40733500
2023-11-14,379.6822509765625,380.5986429310435,377.5637692838589,378.085999934342,67792600
2023-11-15,379.968017578125,382.0668032816724,378.6082392310218,381.5741317107097,54141400
2023-11-16,380.293212890625,380.52968563166974,377.9382282533337,379.1994663227181,45343500
2023-11-17,380.38189697265625,381.3967992648441,378.6575463743563,379.5640452781013,46571900
2023-11-20,385.0129699707031,385.6731631072631,380.391708225642,380.391708225642,44429600
2023-11-21,382.7762756347656,383.5251460922471,381.03222898910747,383.30836938457026,43337000
2023-11-22,384.3429565429687,387.3088491230448,383.3379173294895,384.8454911848521,44121000
2023-11-24,383.8010864257813,384.53023086052497,382.8058800494912,383.9390188541122,15718800
2023-11-27,383.4660339355469,385.4169942650287,382.58906403651775,383.30837541200384,34139700
2023-11-28,384.4710998535156,385.05244878485433,382.3624507839871,382.71719000412895,35491100
2023-11-29,384.0966491699219,388.3632022739312,383.7517730189987,386.93444253594504,38811700
2023-11-30,383.1309814453125,384.8257729442512,380.16511887488576,384.36266043959097,52834400
2023-12-01,384.2247009277344,384.8159128173448,380.41142784166107,382.0667970763418,40490100
2023-12-04,380.6577453613281,380.933640220539,377.05138608503125,380.431105627936,51186900
2023-12-05,381.6135864257813,382.8058433095871,378.5787124502714,378.7560970843749,42933000
2023-12-06,379.4064025878906,384.64843584230624,379.061556510073,384.5498955042343,41994100
2023-12-07,384.70751953125,385.5352041703079,381.2883775917739,382.3821241267949,49593500
2023-12-08,386.4220581054687,386.8654445057405,382.786139271799,382.9733568864543,46687500
2023-12-11,389.7229919433594,389.9890538935134,385.7914815895005,385.99839527383705,41198000
2023-12-12,392.8268432617187,392.94507965147454,388.6292710036339,389.7624098325168,39221200
2023-12-13,397.822509765625,398.43341782409794,392.9943334222213,393.7629000232505,55408100
2023-12-14,397.47760009765625,400.34492229164994,394.47228535433857,399.04429214654,55447800
2023-12-15,399.3990173339844,400.58144122653687,397.6549706592437,398.2560155899272,62896600
2023-12-18,401.9147033691406,402.8131603407083,399.4661904298243,399.7919899279148,46610000
2023-12-19,403.9683532714844,404.0868258236816,402.1813219716842,402.3689135561145,35711900
2023-12-20,397.9653625488281,405.2616063634024,397.7876537742433,403.1685115595947,54042400
2023-12-21,402.595947265625,402.9612777827171,399.3378317905533,401.8949646280869,45568900
2023-12-22,403.1982116699219,404.76803309196526,401.3223261415251,403.8103398826286,34314000
2023-12-26,405.6664733886719,406.3378378440753,403.95841398590886,404.0571511423741,22722500
2023-12-27,406.4923400878906,406.7788194367867,405.08960720527585,405.9490452519644,31980500
2023-12-28,406.2947387695313,407.8950497629961,405.93913420178313,407.6480920977712,27029200
2023-12-29,404.5364074707031,406.6306338260502,402.62001354809854,406.2749991067649,42662100
2024-01-02,397.6907653808594,401.14817289593526,395.3693571629253,400.901215216287,58026900
2024-01-03,393.4825744628906,396.12009559564825,393.04795670596747,395.06310955186376,47002800
2024-01-04,391.45751953125,394.7272364938344,391.2401955875345,391.61557604906113,39432800
2024-01-05,391.92181396484375,394.6976157049845,390.5289691180864,391.6254768256185,44922800
2024-01-08,400.02203369140625,400.3084828745823,392.99854209536767,393.14671066359654,42473800
2024-01-09,400.8123474121094,401.7409107765287,396.8215025360647,397.0190807547,39132900
2024-01-10,403.52880859375,404.53638497432706,400.2393458908381,401.1283874203117,33962800
2024-01-11,404.3684997558594,406.1959925651025,399.3206692442593,404.8031476719886,54536200
2024-01-12,404.5758972167969,406.245333338748,403.1830524563775,405.4056713013919,39595000
2024-01-16,404.5364074707031,406.1169425811047,401.879140541304,403.3411407940105,43903000
2024-01-17,402.2544860839844,402.6298665315489,398.01671455845167,401.2271639757204,54386000
2024-01-18,407.9641723632813,408.54698883190395,404.1807942207987,405.5242294407698,59562500
2024-01-19,416.0545043945313,416.2125609154911,409.58422571941946,410.167042183222,70325100
2024-01-22,416.5978393554687,419.5613313657799,415.9952469706817,418.2573876461551,44880600
2024-01-23,418.3265380859375,418.5438620366408,415.4519472523529,417.28929780686303,33003800
2024-01-24,420.6479187011719,424.6190172669874,420.1540033688027,422.2383417474242,46948000
2024-01-25,421.1615905761719,423.8188573538376,418.820436831776,423.14710962158966,44367200
2024-01-26,418.6524963378906,421.02328381753233,418.0005245054045,419.27483445736374,37137000
2024-01-29,422.9397277832031,423.13730599084306,418.45496775635394,419.10693966612337,38694700
2024-01-30,420.1243591308594,422.47540087743624,419.2155718239364,421.90247237056735,36739000
2024-01-31,411.8957214355469,417.72391587481894,411.7179191648152,415.7285089399256,64010600
2024-02-01,416.74603271484375,417.23994807927374,412.7255544132952,413.6936393802105,51008600
2024-02-02,423.7892456054687,425.0042580366374,417.6449376290023,418.64262610680913,59602400
2024-02-05,423.236083984375,424.3819410907607,419.8280559423624,423.8485342072988,39889200
2024-02-06,422.3865051269531,424.9845045666784,420.0453513036871,424.3819121925699,35846100
2024-02-07,426.7330017089844,427.5627759324522,423.8682985252067,425.1722423676001,37712700
2024-02-08,427.5232849121094,428.2839037479693,426.16996158844313,426.8515370812875,29889900
2024-02-09,431.73138427734375,432.52166690474706,427.86899286829663,428.65924534950017,36943900
2024-02-12,430.0422058105469,433.7959804927143,429.3606002277538,431.6227409321858,33203300
2024-02-13,423.3348083496094,426.0217088939476,420.15399248569577,422.08027429051936,64491700
2024-02-14,427.947998046875,428.3727579939155,423.66081661689094,426.0118584018304,45092700
2024-02-15,429.2223205566406,429.6866021844067,426.0809960674444,428.6395040700747,38796100
2024-02-16,425.3302612304687,429.6964559347723,424.6190219381849,429.5976969841717,53716500
2024-02-20,422.1198425292969,424.8462348947395,418.3463218363223,423.33485505593694,53999500
2024-02-21,420.4305419921875,420.5194732695101,416.49899573343913,419.3834440306539,49779000
2024-02-22,432.7389831542969,433.7761932856845,428.43202581368143,429.2025325203063,53887800
2024-02-23,431.4646911621094,435.22832371062657,430.48674841765705,434.29976044260496,39853900
2024-02-26,431.2374572753906,433.26252819127274,431.0497670405967,432.27469754338847,33043200
2024-02-27,432.2747192382813,432.6599575342669,429.7359871107177,432.34387462219166,33713200
2024-02-28,429.9730529785156,431.3560400595294,429.0148560047162,430.1311095062372,32938800
2024-02-29,433.65765380859375,434.7343855957227,429.7260769829366,432.897035063429,42495200
2024-03-01,440.1872253417969,441.1454223300951,434.487453034906,434.5467204654234,43853000
2024-03-04,438.6165466308594,440.6119838022622,438.36958897271137,440.1871937191368,34325700
2024-03-05,430.7435607910156,435.5839552943135,428.37277316164136,435.5740673406185,57917100
2024-03-06,433.4502258300781,436.61126586958386,431.5733535962779,434.9616055413098,46234500
2024-03-07,440.0291748046875,441.2837088767111,435.4950055955854,437.0360491430509,44526700
2024-03-08,433.6773986816406,443.18035480422833,433.0056810784902,440.38477719851295,72096000
2024-03-11,432.0672607421875,433.3217948100284,430.1409789239274,432.18579559632065,45860000
2024-03-12,438.2609558105469,438.6165603792511,431.1485629744679,434.3787885378619,55300900
2024-03-13,434.8924560546875,437.28301956013377,433.7762025649882,437.26324365300286,37928700
2024-03-14,433.7959899902344,436.6508050498592,431.079455553198,436.12725598238745,52195200
2024-03-15,428.6394958496094,433.5292395585277,427.4738327526326,430.76332575224257,73069800
2024-03-18,432.7276306152344,436.2489556354407,432.4902172279187,433.96405176519625,47323800
2024-03-19,433.8056945800781,434.2112442539076,428.6225976880132,430.719592871583,43004100
2024-03-20,438.9492492675781,439.28555217441175,433.3012863034724,435.00260289372903,43653500
2024-03-21,441.0264587402344,444.4587649437248,440.82864947457784,444.0037704280464,39345700
2024-03-22,441.5308837890625,442.6288111332699,439.66140077241624,440.5120741059451,28253900
2024-03-25,439.9285278320313,441.4122331500876,437.73264275386543,438.7316504748345,27789200
2024-03-26,438.504150390625,442.37167905062427,438.27663805083887,441.4517588496184,34142000
2024-03-27,439.9977722167969,441.6892181200022,437.1292811248904,441.59029838868184,41359200
2024-03-28,439.1866455078125,440.7989433409665,438.83054055878017,439.948269985988,36839600
2024-04-01,440.116455078125,442.6684148785135,438.2073980092949,440.1362269482147,38729000
2024-04-02,436.3182067871094,436.63473787118943,433.2716781145193,435.299396886405,44259700
2024-04-03,437.2973937988281,439.1767477180673,434.1816188556079,434.1914896972789,39949800
2024-04-04,430.61083984375,442.09473456067286,430.3833274974707,441.48144434714544,57267700
2024-04-05,435.68511962890625,438.35580126025417,431.22410267243185,432.03520215289296,54744600
2024-04-08,435.813720703125,437.6930747609312,434.42893509137633,436.6149191708532,28144900
2024-04-09,437.426025390625,438.4250331404943,432.6880511524698,438.1480760138876,39443600
2024-04-10,433.60797119140625,434.46851553046224,431.5406785345994,432.252858364519,61502200
2024-04-11,440.5319519042969,441.4815149960039,433.20244292821934,435.47747619689346,45474600
2024-04-12,433.5090026855469,437.43587724458433,432.1341181408084,436.3082769159413,53665000
2024-04-15,426.37738037109375,437.3469057588725,425.5366079083992,437.2578870537963,63453600
2024-04-16,426.4169006347656,429.0480082692235,425.03211508664594,426.2190611910081,47619000
2024-04-17,421.2140197753906,428.41493461701685,420.2842287497744,428.3951627475999,56880500
2024-04-18,418.8104553222656,423.5879732317038,418.236739020357,421.8569836696365,46549400
2024-04-19,410.1455993652344,418.1576140935352,408.58277638390166,417.63337275699286,75231000
2024-04-22,414.2702941894531,416.6046426178408,409.4433016315649,412.7766879173197,47807700
2024-04-23,420.4524536132813,421.64930087931447,414.3197924046294,416.19914658596974,44384700
2024-04-24,421.8767700195313,425.0617919025949,419.5918662975575,423.5484137206893,48440300
2024-04-25,419.8391418457031,420.6996860627022,413.59769082942586,414.6857171994804,57392200
2024-04-26,426.3179931640625,427.85114324602824,422.28232799556,422.9747056964863,41874900
2024-04-29,428.0489501953125,429.0479880228406,425.309052126324,428.42482700907794,30022200
2024-04-30,419.97760009765625,427.8610217852048,419.8984824336748,426.46633524230674,43665900
2024-05-01,416.94097900390625,425.4673645155584,416.09033575149846,418.5532769953046,52251700
2024-05-02,422.2625122070313,423.1626303564194,416.0606350688799,420.67988722114075,36559000
2024-05-03,430.7493286132813,431.73846546858186,427.92038151036974,429.7206178316715,48515300
2024-05-06,435.4674987792969,435.5565174735854,431.7780074570127,432.5495329935745,30227200
2024-05-07,435.5367736816406,437.1688435542686,434.80479183797706,435.9126505391316,30996100
2024-05-08,435.279541015625,436.68412856388983,432.79679796970544,432.9155197428744,24896700
2024-05-09,436.2291259765625,436.8028422580396,433.69693803654405,435.54661913008255,24580100
2024-05-10,437.2578430175781,439.4834009785405,435.7147919128624,437.73263958289897,27116600
2024-05-13,438.2666931152344,439.26573088134745,436.8522348228569,439.1668111702176,22994200
2024-05-14,441.0858154296875,441.6199578136672,437.6535091414476,437.84144756940225,34478300
2024-05-15,447.9801025390625,448.22738676768705,442.0452810520728,443.5586593238126,41464700
2024-05-16,447.0701293945313,449.7506820761331,446.9019628312132,447.7921800487347,34780400
2024-05-17,446.8524475097656,447.80201037946864,444.65656262066153,447.1986212386576,35803700
2024-05-20,449.96826171875,450.6309665241783,446.8821594828128,447.07009790490423,24474200
2024-05-21,450.8485412597656,451.0364796666063,447.92070478454946,448.1185442189269,23167700
2024-05-22,450.7596130371094,451.8575708019617,448.158177901845,451.10581702372286,25120000
2024-05-23,448.7318420410156,455.5766523683539,446.9415066973637,455.5469794693014,40899200
2024-05-24,452.9752197265625,454.24131365132826,448.642795616268,450.34411215761514,29669500
2024-05-28,454.6864318847656,454.7457776824367,451.7289222852623,454.19186344679855,26216800
2024-05-29,451.4816284179687,453.26206268217703,450.3935718404809,450.5320654894618,29739200
2024-05-30,446.6447448730469,450.69034126496246,445.3193050797845,450.5518476128299,30536800
2024-05-31,445.8138427734375,447.56463424460736,438.24695222110114,446.8722264038195,55941300
2024-06-03,448.20758056640625,450.6309477096741,443.03438403283286,449.63194002907153,32997500
2024-06-04,449.4341125488281,450.63095970345694,446.22931876556424,447.9504072512339,23767400
2024-06-05,458.49462890625,458.5737465768754,449.47370515181433,453.004931151471,33817400
2024-06-06,458.33636474609375,459.4936682116241,457.1691904379951,459.1771371560527,21966800
2024-06-07,457.9308166503906,460.6806160602475,456.8229881379394,457.97039057899616,25829700
2024-06-10,459.7804870605469,460.1365920375163,456.5163473996493,456.8032055496993,20660800
2024-06-11,462.9357604980469,463.05448226167624,457.01084115780634,458.50444727638745,22053300
2024-06-12,468.9991760253906,471.32365338570054,466.1702594576508,466.8626370592797,34532600
2024-06-13,471.5413208007813,473.1931926237643,469.2663181179799,472.530457651749,25859000
2024-06-14,473.9844970703125,474.05374389556346,470.87859282283176,471.3434883571342,23372600
2024-06-17,479.790771484375,481.57120593825226,472.9459606242061,474.25159847021934,37054500
2024-06-18,479.9390869140625,480.6215937616727,478.1784245124455,479.7412776538949,24438600
2024-06-20,476.2397766113281,481.5514372932592,474.40986718554024,481.1360166714005,33918700
2024-06-21,474.9637451171875,477.2981238769037,473.4701689381695,475.96278303672466,37456800
2024-06-24,469.5564575195313,475.47099181592733,469.41777397286,473.73725096126896,37751000
2024-06-25,474.9260864257813,475.2232870328967,470.70565640050626,471.64684204643737,29014700
2024-06-26,475.9068908691406,476.45179897488026,473.6877123216575,474.1037931822906,22737100
2024-06-27,477.1353759765625,478.611553035427,474.84684046619515,475.6592291517392,26222100
2024-06-28,474.6585693359375,482.67343166507135,474.014614539721,477.9279271409459,34881600
2024-07-01,477.4425354003906,478.0072166007963,471.8351183529178,475.57999748371265,24898300
2024-07-02,482.45550537109375,482.51494549553286,475.8177426243462,475.94653963864454,26723600
2024-07-03,486.4777526855469,486.6065496921619,481.7025280801993,481.7025280801993,18064900
2024-07-05,491.5502014160156,491.9861158127836,487.0226538424265,487.319884695154,28495900
2024-07-08,492.71917724609375,493.27397183000386,490.8962764369552,491.91670542886527,22109400
2024-07-09,493.1452026367187,495.35449456674047,491.6294190927061,494.2349885715734,25614500
2024-07-10,498.28704833984375,498.84184302588216,493.7595306592135,495.06724371399383,28046900
2024-07-11,487.3595275878906,498.60408208769064,486.1706947905551,498.3960416391144,49966600
2024-07-12,490.22265625,494.97804756604864,487.4684863179307,487.934120777822,37109400
2024-07-15,491.5402526855469,496.3551140334472,489.4993946125061,491.9959703492449,31151400
2024-07-16,491.7284851074219,493.80897998516105,488.5681210836171,492.9965913759615,25950600
2024-07-17,477.29388427734375,484.2585676332021,477.224557622275,483.74340981561966,56268800
2024-07-18,475.0350646972656,481.19727609369016,471.8449804007106,481.0189557238677,49347400
2024-07-19,470.8245544433594,477.2146398442787,469.536644785116,474.69823041742177,42042900
2024-07-22,477.8387756347656,478.8592047028754,473.2715913896256,476.6895495582666,40300000
2024-07-23,476.154541015625,479.929139778085,475.6790200591189,476.93720956859266,23282500
2024-07-24,459.0748291015625,469.78439302211785,458.2129169440816,469.41783545942326,58818600
2024-07-25,454.01226806640625,463.5924387819434,451.3968116506578,459.4116449892316,59256800
2024-07-26,458.6685791015625,461.60106948166,455.4982979856442,458.3515449431624,39992100
2024-07-29,459.5899353027344,463.5626883809726,457.3311198139349,461.383116315446,28218500
2024-07-30,453.2791137695313,462.2252153474391,449.93051231846664,461.5218203822993,41317200
2024-07-31,466.69329833984375,468.3973190381643,462.0765907474864,463.52301742956,44552100
2024-08-01,455.3893432617187,471.1316949567563,451.74354107209894,467.3769292797384,56653900
2024-08-02,444.5806884765625,449.35591337831903,440.340454930092,446.7008203668183,66323200
2024-08-05,431.3250122070313,438.18073242125257,419.5157767707517,420.7640496665403,87483500
2024-08-06,435.44635009765625,442.91630484411263,430.5225248808415,433.16773136287384,63164400
2024-08-07,430.7305603027344,444.8283608872693,430.3342827318256,442.3416715112024,54929200
2024-08-08,443.9070434570313,444.8184789180148,433.0884865440954,436.9621628383831,47890100
2024-08-09,446.2252502441406,447.8599140690418,441.4698288405631,442.58933486287685,33574000
2024-08-12,447.1862487792969,450.1484591172227,444.3825252809175,447.1961655445336,27795000
2024-08-13,458.2821960449219,458.5497068481307,451.4463093931689,451.5850231776538,40084500
2024-08-14,458.4308166503906,460.78867882910635,454.1410294667669,459.203568511929,34733700
2024-08-15,470.01220703125,470.4084846096922,464.02831582443696,464.4047901058715,38280600
2024-08-16,470.6164855957031,471.98366882565296,467.2678844056032,468.2288733256375,38383600
2024-08-19,476.7984924316406,476.8381292557489,468.97189765937463,470.755191935789,23737700
2024-08-20,475.7979431152344,478.4530361414534,474.1038088531109,475.8871033026028,29209300
2024-08-21,478.01708984375,479.86971082600905,474.86664249742586,476.5805497081169,25658800
2024-08-22,470.4381713867187,481.0288529409239,469.40782556843743,480.33534455218785,37739600
2024-08-23,475.5403442382813,478.2548773617483,470.8641963105765,474.7873956850109,36061500
2024-08-26,470.9236450195313,475.9168271905872,468.8431499287544,474.9954750129997,27452600
2024-08-27,472.3304443359375,473.400396779738,467.32734562030106,469.28896037364865,27510000
2024-08-28,466.9707336425781,472.588037228048,463.54288867121295,471.8648389451947,37372400
2024-08-29,466.287109375,473.4895530413343,465.0090862780714,468.8827621610119,41081500
2024-08-30,471.8450012207031,472.4691527766626,466.1385374963052,470.62644840577417,33466500
2024-09-03,457.5193481445313,468.9323056206166,455.1416524496019,468.8035388395337,44985200
2024-09-04,456.33050537109375,460.13485493215927,453.47728855135824,454.4085575268009,32505100
2024-09-05,456.7565002441406,461.0363402813741,453.6852962003829,454.7057252932336,34452400
2024-09-06,444.5212707519531,456.9348546285424,444.0259161994411,456.05310901273066,50624400
2024-09-09,450.2376708984375,451.2283800463581,445.64079617378894,448.8506841381575,32981200
2024-09-10,454.3986511230469,454.90392245193806,448.0283987023485,452.00112173639417,29680300
2024-09-11,464.26611328125,465.0091451377414,447.08722038725296,455.63704512006154,57843000
2024-09-12,468.8233642578125,469.6357529807418,462.5125520912894,464.29581638811914,40067800
2024-09-13,470.9236450195313,472.1025912298367,467.8623576257768,468.0902315957997,29111800
2024-09-16,468.8431396484375,469.4573744200276,465.524288528779,468.79361628971213,22585600
2024-09-17,469.0908508300781,473.1626810286975,466.5942747357859,471.8648545022235,30084400
2024-09-18,467.0598754882813,474.38119962315574,466.4555272479723,470.2895966560615,39909200
2024-09-19,478.869140625,481.71250116567927,476.0258103183634,478.1261087929225,52782500
2024-09-20,477.9576416015625,479.196027823639,473.8560919217068,478.0071649568301,34577700
2024-09-23,479.224609375,480.315926835132,477.7959811138323,479.135323893243,24843000
2024-09-24,481.53619384765625,482.48860259985565,476.3772853530918,480.6333780488886,25952600
2024-09-25,481.9826354980469,483.93707616737726,480.732578237264,480.91114919551086,26549900
2024-09-26,485.603759765625,489.8003586045488,481.96273515849174,489.4729482643536,32020200
2024-09-27,482.9053039550781,486.7645925142839,481.7247009952947,486.6256838006488,22851100
2024-09-30,484.21484375,484.55215452746376,479.1055285852124,481.942923506745,30281100
2024-10-01,477.4685668945313,484.1454193353246,473.62913982724353,483.8478010651969,42735400
2024-10-02,478.1431884765625,480.05793653831387,473.9465894744548,476.5657209152366,23744000
2024-10-03,477.7860107421875,480.722621801194,475.2065415805555,475.9506174766113,25337200
2024-10-04,483.47076416015625,484.0263384101603,478.57971250941176,483.5997421604296,30686600
2024-10-07,478.2919921875,482.72668574042143,477.0716968180428,481.55601359663206,24975100
2024-10-08,485.43511962890625,486.11967189958807,480.0281860924304,480.8317856664436,28272000
2024-10-09,489.2547302246094,489.83016591016013,484.0958218394654,485.1375160516646,24995000
2024-10-10,488.6991271972656,490.56428230026705,485.6632999428998,486.97288079520195,25750400
2024-10-11,489.4630737304687,490.4849671159277,486.2982984967453,486.86377321706453,20644500
2024-10-14,493.5703430175781,494.8898242812603,491.3480460359973,491.8539970558773,26060100
2024-10-15,486.9729309082031,494.5624998251386,484.82005775780306,493.89777863008,34784500
2024-10-16,487.0324096679687,487.8062474023501,483.718795252719,487.30026609568785,22996800
2024-10-17,487.3697204589844,492.5683211220585,487.31019680837863,492.5187281720624,27210700
2024-10-18,490.5643005371094,491.6556179545978,489.4035287665701,490.15753539620334,25335000
2024-10-21,491.5068359375,492.3104355627695,487.42928387916174,489.353962809852,30336500
2024-10-22,492.0425109863281,493.5207623873369,488.0840368199485,488.8380434331737,26685800
2024-10-23,484.5025634765625,490.34605451121007,481.2187106828383,489.6912640374047,39346600
2024-10-24,488.4312744140625,489.1058959697234,485.5740180882913,488.2229113611023,22024900
2024-10-25,491.4076232910156,496.3284372626755,490.5246386010865,491.229052323343,38762100
2024-10-28,491.4869079589844,494.5822587298486,491.1892897219877,494.5227350824492,20477800
2024-10-29,496.2093200683594,497.3899228714751,489.9491641677327,491.80438849362184,28014100
2024-10-30,492.4591979980469,496.39784096909136,491.9730780990309,495.44543229548987,29756000
2024-10-31,480.0281982421875,488.5404136876197,479.92898206139125,488.4908207354854,41245200
2024-11-01,483.5798950195313,486.8736783677744,481.36752865476586,481.6651469129995,33655800
2024-11-04,482.171142578125,485.5145189767317,480.4250346737851,482.9747421757978,23291600
2024-11-05,488.3221435546875,488.986864708101,483.6691863103744,483.7584717889176,24353600
2024-11-06,501.5865173339844,502.409978294623,495.6537714644704,496.6061801503593,43082200
2024-11-07,509.4836120605469,510.26741073728783,504.3247041524069,504.3842278003702,32853100
2024-11-08,510.0790100097656,510.8528175863819,508.3626334733241,508.98766217712193,22924500
2024-11-11,509.7813415527344,511.5075880683992,506.8843925321375,511.2992250032805,24167500
2024-11-12,508.8586120605469,510.5947892022127,505.8029536128868,509.7118651333431,25835300
2024-11-13,508.2038879394531,510.91230509556345,505.9220670734697,508.35272735480186,24567400
2024-11-14,504.6720275878906,508.73961881650786,503.7592810433263,507.8665950790709,28679500
2024-11-15,492.647705078125,499.3542886691706,490.58411760662926,498.9673849410941,51461100
2024-11-18,496.0704650878906,498.1737452081734,492.8064737155202,494.1954094353085,27080800
2024-11-19,499.4832763671875,499.96942655752554,493.1536656807539,493.49100674201975,24523000
2024-11-20,499.195556640625,499.5031055797306,492.6377521945281,499.18562594048456,29565500
2024-11-21,500.9913024902344,502.95564359753246,493.6298978588017,502.2413294830983,34526700
2024-11-22,501.79486083984375,502.52900601947925,498.80862662020473,500.43568707688615,23826600
2024-11-25,502.5885314941406,507.4101589569151,500.2769490739955,505.8723839670451,26375200
2024-11-26,505.28704833984375,506.11050927210346,503.22349121211295,504.0667529918503,26557100
2024-11-27,501.3087768554687,504.2255571116704,497.9654003048674,504.1561330305449,24957400
2024-11-29,505.7136840820313,506.3089508903919,501.31868278834094,501.9337807222535,15334000
2024-12-02,511.2198486328125,512.1822183655047,506.586752593205,506.97368662654696,25147200
2024-12-03,512.7872924804688,513.0651098548883,509.3149386184986,509.89037421333506,18597900
2024-12-04,519.126953125,519.3849091600352,515.4958283369896,516.2101727842456,26086200
2024-12-05,517.6884155273438,519.9007822143092,517.3014814587618,519.1765675882936,18169600
2024-12-06,522.3214111328125,522.5595057281002,518.2240284052577,518.3530064032137,23762600
2024-12-09,518.25390625,522.1925195302961,517.1030347782992,521.398850563676,20674400
2024-12-10,516.4878540039062,521.2301267457367,515.0592258717493,519.4840189672058,24350000
2024-12-11,525.7343139648438,526.4188662970179,520.4464575332266,520.853192430636,32168600
2024-12-12,522.3413696289062,524.7819607903772,521.8651803498141,523.5120419753823,23577500
2024-12-13,526.3395385742188,528.9586400198303,523.1350101576185,526.2700842159519,28780400
2024-12-16,533.919189453125,534.8914899938695,528.7900422086976,528.8694272749564,31979900
2024-12-17,531.5677490234375,533.234471579217,529.9109571669914,532.1233232086973,28579100
2024-12-18,512.3905639648438,532.6393867756537,510.9421347229387,530.9230707876706,54703200
2024-12-19,510.108642578125,517.6387171158508,509.77136208940215,517.0732121815271,46441800
2024-12-20,514.563232421875,520.674610325421,505.2672783831969,506.4081888202465,60530000
2024-12-23,519.5765380859375,519.9541493914461,512.8790017472445,516.2774428461142,29672800
2024-12-24,526.621826171875,526.7112253012842,520.8881517500126,521.5241349732042,17558200
2024-12-26,526.2640380859375,527.8937223215758,522.994783551006,524.9921323134935,19090500
2024-12-27,519.268310546875,523.1338213856955,514.5979044505469,522.696590588365,33839600
2024-12-30,512.3621215820312,516.088500066774,508.6059332824243,512.2627757493814,34584000
2024-12-31,508.0097961425781,514.3992562583705,507.0459049159329,513.644094410772,29117000
2025-01-02,507.01605224609375,513.3856790451194,502.5245044941701,511.0603921100838,36389800
2025-01-03,515.3134765625,516.3767439002675,509.3015977009679,510.1163791404504,29059500
2025-01-06,521.2359008789062,524.5946151120777,518.7417623146622,520.7192176012078,36109700
2025-01-07,511.934814453125,522.676718589686,510.0468191627873,522.2792746262569,36690300
2025-01-08,512.0242309570312,513.6638008876868,507.3538250638588,511.8354253788811,30777800
2025-01-10,503.9952087402344,508.3575403275065,500.7458174123479,508.2581944885488,40532500
2025-01-13,502.37548828125,502.8325822621149,496.5524148250259,498.04296636403393,31694200
2025-01-14,501.8985290527344,506.9465475304781,498.4305219813621,505.5354786511669,33737200
2025-01-15,513.4452514648438,514.5879710744987,508.2382382867803,509.7983862555164,34957600
2025-01-16,509.84814453125,515.7904573182853,509.71895854451463,515.7109442532102,28229000
2025-01-17,518.4535522460938,520.768892568159,509.8779077274795,519.5565458046289,51837900
2025-01-21,521.4942626953125,522.6568758608805,516.7841297495139,521.1762711033113,23628000
2025-01-22,528.1620483398438,530.4574953112844,525.926221004647,526.2342659003573,33593000
2025-01-23,529.2849731445312,529.4042124255304,525.1213630726537,525.7076127624492,23096600
2025-01-24,526.2939453125,530.4277154132212,524.8232870176471,529.6626067696395,19878300
2025-01-27,510.9709777832031,514.7271357656366,506.9365241022923,507.78117595907423,60771700
2025-01-28,518.523193359375,519.7057001509473,508.5563720628021,511.97467611093344,33194200
2025-01-29,517.5493774414062,519.2983011374322,513.6441392716389,519.169115138246,26649000
2025-01-30,519.7552490234375,522.7860246698378,514.9457705817763,520.4111255886488,27431300
2025-01-31,519.0000610351562,528.1719622881295,517.9070142215932,523.6009014071057,38755200
2025-02-03,514.8464965820312,517.5692280728744,507.8309687758005,510.2357086154253,40580800
2025-02-04,521.1663208007812,521.8023039804046,514.9656364261884,515.3631410761267,26046800
2025-02-05,523.5313720703125,523.6903982021383,517.3406339590531,518.533087344952,21134100
2025-02-06,526.2640380859375,526.4727371352427,522.4283666892038,524.0381574961376,19434500
2025-02-07,519.626220703125,528.7483905495548,518.9008382267226,526.8007749908396,29605500
2025-02-10,525.916259765625,527.0192533310259,523.432007239571,523.8990176021349,20852800
2025-02-11,524.6641845703125,526.5820202342347,522.5178170831823,522.6470030660466,19325500
2025-02-12,524.9722290039062,525.8566374548477,518.6622518801204,519.0100229717194,25009400
2025-02-13,532.5243530273438,532.8422839525621,525.856597948036,526.6415998490472,28714800
2025-02-14,534.7601928710938,535.4458489556581,532.2957732617084,532.6336582725096,17862600
2025-02-18,535.9724731445312,536.5985095911096,532.6634320198589,536.3301909280925,20565000
2025-02-19,536.1216430664062,537.4034956659445,533.0809200913482,535.177614880373,19666900
2025-02-20,533.845947265625,535.7041632085364,529.106034929491,535.3364987054381,26550800
2025-02-21,522.7662353515625,535.0086388627485,522.3985708362279,534.9887454346671,47093800
2025-02-24,516.5953369140625,525.7373982954535,516.2575125365582,524.5548916727963,39268400
2025-02-25,510.0866088867187,516.048814936847,506.2310441222468,515.9693018739836,48940000
2025-02-26,511.31884765625,516.3866991255621,508.1489386464173,512.282769284362,34457600
2025-02-27,497.1188049316406,515.8004025498751,496.90018949133594,514.866321152696,52448000
2025-02-28,504.9690551757813,505.5751982352111,493.7998352114138,496.9796905709141,47654000
2025-03-03,493.9190368652344,509.8083050877629,490.4708934129811,508.29789058596987,44587200
2025-03-04,492.4285278320313,500.5669416036149,484.6677252997208,491.0671622880661,67875400
2025-03-05,498.8478393554687,500.4576300932126,488.1655538058739,493.07443907980854,46323700
2025-03-06,485.1248474121094,495.439438469392,483.1374453830968,490.58025627763743,57574300
2025-03-07,488.6922302246094,490.172835031535,477.5031471015196,484.0913896771833,54714700
2025-03-10,469.7523193359375,480.9215096966139,465.7079486891979,480.4047960555825,76668000
2025-03-11,468.62939453125,475.7939702022416,464.0683106107926,469.37467027626616,68760800
2025-03-12,473.9159240722656,478.02983070184774,468.8182327695673,476.1418047481612,46971100
2025-03-13,465.389892578125,473.27988043346534,463.4919201519314,473.2500706184088,46563300
2025-03-14,476.63861083984375,477.5329356476442,470.1397980058928,470.745971366685,43563000
2025-03-17,479.72900390625,482.77967314656735,474.7903088976975,476.5889052181335,41744400
2025-03-18,471.5509033203125,476.5889445811857,469.4343152382102,476.3902225670012,39072300
2025-03-19,477.86090087890625,482.27290553437547,471.8788012950444,473.80658371122826,40430300
2025-03-20,476.2411193847656,481.4977754919485,473.180503525519,473.876106309533,36780500
2025-03-21,477.8111572265625,478.5762960346407,469.9311160359985,471.09372915573624,42234900
2025-03-24,488.29644775390625,489.1423592971704,482.0665930507614,485.39050030859886,34567200
2025-03-25,491.08294677734375,491.2421796862816,488.05761261924056,489.022941249908,26035200
2025-03-26,482.0466918945313,490.7843964317407,480.4942090197157,489.9285233558148,34627100
2025-03-27,479.2999877929687,484.2360865180512,477.9365920668743,480.0861907948712,33469800
2025-03-28,466.6810607910156,478.20526514414263,465.7953334525717,477.4986938052008,46363800
2025-03-31,466.6611633300781,467.5966072840796,455.1269671761035,459.6948832614754,53000300
2025-04-01,470.4229736328125,471.3484864500327,462.18286035410387,465.0489616231821,41156200
2025-04-02,473.8563232421875,477.24990051464846,463.6158828815237,463.87464014945493,49894500
2025-04-03,448.4891052246094,457.8537794541511,447.9716210778618,454.24126086225453,70456300
2025-04-04,420.6339721679687,438.2486913787224,420.6339721679687,436.0294529358994,117088400
2025-04-07,421.6490478515625,441.0053675205171,400.4516641030583,406.6914499899583,161557000
2025-04-08,414.0557861328125,441.0053554988176,407.8160004160076,436.0493338288811,101248100
2025-04-09,463.7552185058594,465.5763897991723,413.4288133631856,413.56815354318593,142876900
2025-04-10,444.03070068359375,453.3953754518723,430.5459844866977,451.3751553721857,108384100
2025-04-11,452.2110900878906,453.5944088551687,439.2040426870755,442.50805710466096,52483800
2025-04-14,455.2762756347656,462.8097869672901,450.4496325846052,462.2226327115798,43941200
2025-04-15,455.7838134765625,460.15268105084914,453.9526805576148,456.331182302101,35404200
2025-04-16,442.0403442382813,450.4396905530406,435.6512868687369,446.86698749756175,48980600
2025-04-17,441.9607238769531,445.5931353213715,439.2339021288606,445.0159426129849,44837000
2025-04-21,431.0236206054687,436.9648633110088,425.8685808388082,436.1189822025886,44149300
2025-04-22,442.3388671875,445.4239096080795,435.5118973048493,436.706128827413,52304400
2025-04-23,452.3703002929687,461.1478200555359,450.698400444071,455.9629260663685,55801100
2025-04-24,465.0987548828125,465.4072591657604,453.6342279324837,454.2811211424454,45956100
2025-04-25,470.28363037109375,470.81107609503925,463.1481859616907,464.7205615859109,38697100
2025-04-28,470.1343688964844,472.5228018406058,463.7850969803822,470.75137745023704,33550800
2025-04-29,473.23931884765625,474.1250461983433,467.3279300466541,467.9051531308386,30613100
2025-04-30,473.1795959472656,474.90127322951986,460.2024029412006,464.87977453427817,46810600
2025-05-01,479.3596496582031,484.8331551249222,478.4241753851547,481.0813268565942,43316500
2025-05-02,486.4752502441406,488.54524771174533,482.49451859013254,484.19630323903306,39218100
2025-05-05,483.5892028808594,486.6742758401759,481.768031598775,482.26562303187217,28309500
2025-05-06,479.0910034179687,482.7134533803981,475.8865132659184,477.2499089792982,32786300
2025-05-07,480.9718627929687,483.4598199362607,474.4832814966688,479.75773849221946,38006300
2025-05-08,485.9378356933594,490.3265956463865,481.83768726665016,486.1766698555149,39577600
2025-05-09,485.6194152832031,489.17222563016486,483.8579524315384,487.8486153265174,27767400
2025-05-12,505.4036560058594,505.4434718267355,499.0643456144565,504.5477828951714,45090600
2025-05-13,513.1064453125,514.8977626187888,505.9709696222788,506.70739534610794,53269600
2025-05-14,516.1814575195312,516.7287959644325,513.2655789214306,514.2806849131285,47014500
2025-05-15,516.7487182617188,519.4158011315517,512.6883550423395,514.0318883953613,50153300
2025-05-16,518.9978637695312,519.1869509574169,514.6090729974479,518.1519218274547,48394600
2025-05-19,519.4954223632812,520.0129368955124,511.76283198638407,511.76283198638407,52536200
2025-05-20,517.7637939453125,518.4205878915068,514.171137741155,516.967599082951,42517600
2025-05-21,510.5686340332031,520.4806779894516,508.7773168881608,513.7831162356644,71292800
2025-05-22,511.5240173339844,515.2161678084017,509.8321942334835,511.1856284174264,55607200
2025-05-23,506.7869262695313,509.37440786318274,503.14455323986806,503.74166904926017,58368100
2025-05-27,518.7091674804688,519.1968580915909,512.1111611741854,513.6636439652767,47226300
2025-05-28,516.4103393554688,521.1573812940497,515.8928855439889,519.6646069225357,46637200
2025-05-29,517.4253540039062,523.9437887936675,514.8279416339694,523.7945478275543,58513300
2025-05-30,516.609375,518.1718194248762,509.46396914496165,516.937802360934,67662800
2025-06-02,520.6896362304688,520.9284703937832,513.4844614373544,514.7483630828904,44762800
2025-06-03,524.7598876953125,526.192953382638,520.172109482974,521.0379136751978,44070300
2025-06-04,526.2228393554688,527.2876922621837,523.4362788655679,525.4664906934179,41359300
2025-06-05,522.261962890625,530.4821825867151,520.1422186545674,527.6260127928042,61031200
2025-06-06,527.3672485351562,529.2381970448477,525.6655248338539,527.446880166096,42467000
2025-06-09,528.1435546875,529.7855699578893,526.4616932284755,527.5862547168781,33688700
2025-06-10,531.63671875,532.3233974321485,526.3423380359699,528.6113236327552,40664800
2025-06-11,529.8453369140625,534.1943423631835,527.5564282374158,533.0398961060292,53701000
2025-06-12,531.0892944335938,532.0646150066514,528.2829320298816,528.5317277617894,34104900
2025-06-13,524.4215087890625,529.3078292255348,523.1973927376457,525.1380111927996,55814400
2025-06-16,531.7161865234375,532.7910009351023,527.894718657064,527.9444656479175,37622100
2025-06-17,526.5314331054688,530.7609608109505,525.3670252740969,529.1487692272117,42180900
2025-06-18,526.4417724609375,529.9846210200801,524.8594657253662,527.5464108599048,43983500
2025-06-20,524.292236328125,530.989797962704,522.3516174800588,529.6960723110417,61643500
2025-06-23,529.6832275390625,530.2012624901581,521.7128229011945,524.8611059770333,50666100
2025-06-24,537.7831420898438,538.6997215726698,534.2861174166954,534.9038188952696,45442000
2025-06-25,539.157958984375,541.3000294115662,537.3845756916884,540.0546537700266,44804200
2025-06-26,544.19921875,544.6475661276676,539.5166551436107,541.3398412384469,43811400
2025-06-27,546.0623779296875,547.9553124291843,542.5254624415982,545.2354314727291,57577100
2025-06-30,549.5992431640625,550.7549250315776,546.9789678853869,549.2206440950201,45548700
2025-07-01,544.9664306640625,548.6727003482655,542.6450333450836,547.6962844543337,56166700
2025-07-02,548.7623291015625,548.9616013728256,544.099649838931,544.1394799694398,36538300
2025-07-03,554.1622924804688,555.1387084222483,551.1335605372531,551.1335605372531,26443500
2025-07-07,549.98779296875,552.2892446862089,547.5468445873587,551.4722709809203,45349300
2025-07-08,550.2966918945312,551.9604968449189,549.0612280892235,551.3328226115977,36153300
2025-07-09,554.192138671875,555.5670381907667,551.0537678549799,552.4286673738716,43045500
2025-07-10,553.3951416015625,555.2382732584896,550.7051180084419,554.8298167972696,34710900
2025-07-11,552.1497802734375,553.733864104168,550.0077097543851,551.2530854493318,39618600
2025-07-14,554.15234375,554.8895964181139,549.5892702624878,551.9405249362994,36453300
2025-07-15,554.660400390625,558.7253235687808,554.6006247913591,558.177370440617,43277700
2025-07-16,555.2283935546875,558.1376353727512,549.519610019722,555.2184816275869,52314700
2025-07-17,559.7216186523438,560.229741645841,555.1486333295833,555.9556343165032,40423800
2025-07-18,559.1836547851562,562.6407884950407,557.9083608963978,561.0367592084838,50484700
2025-07-21,562.0828857421875,563.9659084478778,559.9807060956166,560.0106243017523,39595200
2025-07-22,559.1737060546875,562.2622135594852,556.5434579032301,562.212410691865,43270600
2025-07-23,561.7241821289062,561.7640122575135,557.5098504754792,560.2596495832936,40215300
2025-07-24,562.9197387695312,564.1451688896942,561.2060703387892,563.0392899612859,42275500
2025-07-25,564.2747802734375,565.599877131678,562.1825732841013,562.8401049406639,30630800
2025-07-28,566.0382080078125,566.9348420155121,564.7728868526946,565.6396634648174,31498700
2025-07-29,565.1614990234375,569.9935327032099,564.434219030358,568.6485511909246,45463300
2025-07-30,565.9186401367188,568.508997161805,562.9595959750744,566.0780214636062,43433800
2025-07-31,562.9197387695312,572.5041444344463,561.7839416385068,572.4144506359528,64613600
2025-08-01,551.8309326171875,556.9519318446527,549.6390593282571,556.7626323149415,69400800
2025-08-04,562.0131225585938,562.2323403030458,556.8822111512052,556.9818168836358,47669800
2025-08-05,558.1973266601562,564.4640352064246,557.6592854470431,563.2983805936119,48666600
2025-08-06,565.2213134765625,565.6596882115512,558.55605944308,559.0342643142066,41823700
2025-08-07,567.1340942382812,571.1990173575662,563.0193682552224,569.5550971875249,44463000
2025-08-08,572.4244995117188,572.6437172653317,568.0408133424522,568.3396913615944,35255500
2025-08-11,570.730712890625,574.6661119984625,569.4554798808987,572.5639325532171,33112900
2025-08-12,577.9041137695312,578.2029917684722,570.372084149425,573.0321895540377,42143300
2025-08-13,578.193115234375,581.1620715545174,576.7982700747931,580.6041456525571,41209300
2025-08-14,577.7446899414062,579.7273181327926,575.7719736747898,576.1406607906154,45425000
2025-08-15,575.2042236328125,577.6949751695009,573.4407520858407,577.6550842269212,49480200
2025-08-18,574.9750366210938,575.6326290840033,573.1119593251236,574.3075322318431,29831000
2025-08-19,567.1739501953125,574.4269858610731,566.1477315418194,574.2576318109441,53752600
2025-08-20,563.8064575195312,566.347011543646,556.772578668353,566.2274603525832,76781100
2025-08-21,561.1962280273438,564.3943140175195,558.9046880126308,562.2622161511607,46436900
2025-08-22,569.85400390625,571.8665505027725,561.186237654488,562.5810219572568,51502100
2025-08-25,568.210205078125,571.1691888777926,567.0544622483576,568.289926158301,34044700
2025-08-26,570.4915771484375,570.8004278507278,566.6956749257416,567.7218935616645,34103000
2025-08-27,571.368408203125,572.2849877073902,568.2599552674767,569.4754735923461,36927100
2025-08-28,574.9451293945312,575.8617088595212,570.3422257905413,571.9860851866184,46787900
2025-08-29,568.2898559570312,572.9027323513419,566.4366907257225,572.5340452045847,56030400
2025-09-02,563.5275268554688,563.8762077332766,557.4700023275942,559.2334738058692,65876800
2025-09-03,567.9610595703125,569.585034325084,564.6333889904666,567.1241403555323,54230200
2025-09-04,573.1019287109375,573.4705550386212,566.9249141338813,568.6285491052419,47526300
2025-09-05,573.9288940429688,578.9701724080204,569.4156841594208,578.3424981949754,68342500
2025-09-08,576.728515625,578.6912594012136,575.6326093036281,576.2303653317651,46371400
2025-09-09,578.3624267578125,578.7908286858918,574.9052323196163,577.5255075617649,44007600
2025-09-10,578.5517578125,581.6104078841153,576.4096872460331,581.5804896782814,49308000
2025-09-11,581.9192504882812,582.7162787776647,579.4683292093007,581.0823312583443,44745800
2025-09-12,584.4896850585938,585.6852579441866,581.939157947032,582.8756829463206,50745900
2025-09-15,589.4910888671875,589.6006673309763,586.1136154844122,586.263084887294,44360300
2025-09-16,588.992919921875,590.6666974580144,588.3054701472681,590.417622334017,36942100
2025-09-17,587.8173828125,589.5609089479608,582.2082052948111,588.9132892024719,69384800
2025-09-18,593.11767578125,595.9272507480725,590.7664209781601,592.7091584852494,61069300
2025-09-19,597.1327514648438,597.8301740597724,593.6456992995646,595.1202655655359,58196100
2025-09-22,600.667724609375,601.3360027595129,596.1990824942005,596.2190510860968,57154800
2025-09-23,596.6779174804688,601.0367933292055,595.4609900615409,600.8372900448078,64635500
2025-09-24,594.583251953125,598.3736318933126,591.8502333814113,598.0544387994095,49850300
2025-09-25,592.0198364257812,593.6057566967052,587.0026056631178,590.6932034651784,70920200
2025-09-26,594.4535522460938,594.7827296224774,589.5560723046866,592.8376791327265,54337400
2025-09-29,597.20654296875,600.5181027058711,595.8898943349653,597.5855809487724,48332900
2025-09-30,598.8424072265625,599.1815689140329,594.5832523790604,596.9073409482912,46533800
2025-10-01,601.7150268554688,602.2536309055715,594.8226361779185,595.6504804045827,46899600
2025-10-02,604.188720703125,605.6150748101588,601.3958573858611,605.5153536087707,43765400
2025-10-03,601.645263671875,605.7847287787447,599.859840058186,604.9668078782124,46482100
2025-10-06,606.1636962890625,607.8094613156995,604.4280726015548,606.9018036091138,41962100
2025-10-07,602.9718627929688,608.1586438162234,601.4956480641417,607.4703970532165,58209500
2025-10-08,609.8842163085938,610.193425090037,603.7199483921797,603.869530194898,50629800
2025-10-09,609.1461181640625,610.0537759298148,605.9342796270852,609.9241018375851,45551000
2025-10-10,588.0000610351562,611.6198017284072,587.5511938507611,609.8443624637231,97614800
2025-10-13,600.4782104492188,601.415821078074,595.7103438165695,598.1541220292103,65872600
2025-10-14,596.4784545898438,601.1565238344467,588.628483812035,593.7952965646048,69203200
2025-10-15,600.6876831054688,605.1563255984365,594.4137092888615,602.4731675952409,62805500
2025-10-16,598.46337890625,606.7622168482491,593.9848129790577,603.5703467351942,70982000
2025-10-17,602.393310546875,603.9693073296388,594.8525491800316,596.4285459627954,72024900
2025-10-20,609.9839477539062,611.2407514930889,605.5253506485595,605.5951798429426,45761700
2025-10-21,609.8244018554688,611.1609582497778,607.7696457807522,610.0837500489531,44538200
2025-10-22,603.9493408203125,609.8542605281881,598.2139715066553,609.2657958565487,61478800
2025-10-23,609.0264282226562,609.8143961922938,602.9818500103868,603.3708114071275,42844300
2025-10-24,615.52978515625,616.8464337655934,613.5648269782704,614.4226241256162,47632500
2025-10-27,626.4918823242188,626.9506729134798,622.4422152319877,622.930958710038,54098600
2025-10-28,631.3095703125,633.0651018787079,627.648925370604,628.7560864561588,61195700
2025-10-29,634.15234375,635.3891789092543,628.6463695521778,633.9728090539653,67422800
2025-10-30,624.45703125,631.8880872300178,624.3473257513068,630.5614543099158,61628600
2025-10-31,627.4694213867188,632.5863736464859,625.0954721134605,632.5564207552092,66305100
2025-11-03,630.4716796875,634.2021534587442,628.2473125587718,633.4939381480045,37154300
2025-11-04,617.67431640625,625.3547359077402,616.8863484805083,621.6940912807667,63830800
2025-11-05,621.6941528320312,625.0056518350635,615.6395900613109,616.9163015661201,48688500
2025-11-06,610.1136474609375,620.4572571227977,608.7471381645778,620.2078932237561,72115100
2025-11-07,608.1885375976562,608.3980251800011,597.1466973484642,606.7621834660789,81835400
2025-11-10,621.6442260742188,622.7214951546598,615.3203917446493,617.3451949289606,55919900
2025-11-11,619.9884643554688,621.1355017301039,615.9487814833327,618.9910087880348,44868800
2025-11-12,619.4996948242188,623.2700450530867,616.2379957742788,623.2501373408774,47444400
2025-11-13,606.8519897460938,616.5472286099415,604.5378855310528,615.9686873362173,71333600
2025-11-14,607.310791015625,611.7893568378086,595.6505328274214,598.0244819828539,80087300
2025-11-17,602.1240234375,610.9215891749508,598.3436886131177,604.7573208445992,63850400
2025-11-18,594.7926635742188,600.7773963408275,589.8353391548725,598.0942387152705,83327300
2025-11-19,598.3436279296875,604.6176011290698,593.0770945294743,595.5507646962523,73111500
2025-11-20,584.1797485351562,612.4676329241026,583.262106516965,610.0637310644662,117743200
2025-11-21,588.568603515625,595.4609945768989,579.2623261905873,585.9751825584982,103344200
2025-11-24,603.6201782226562,605.1363301511908,593.6456226504143,593.7653733267485,60168100
2025-11-25,607.3407592773438,608.7072685888149,595.8001905964915,601.9744432402352,57560900
2025-11-26,612.70703125,614.6221288317284,608.8368989020178,610.9514997668095,42393600
2025-11-28,617.67431640625,617.7441455966097,613.8540448070679,614.5422915350683,23034400
2025-12-01,615.599609375,617.8638528985133,610.961477711232,612.0686387329198,40957600
2025-12-02,620.4172973632812,622.1628444217793,616.0185455630003,617.8837824065502,54541800
2025-12-03,621.9334716796875,622.6316418245013,616.4574507356939,618.0433708850139,47841600
2025-12-04,621.35498046875,623.3498916256304,617.9636071501104,623.339907329069,47067800
2025-12-05,623.8884887695312,627.3197383563271,622.1230338136666,622.7913119974152,53614200
2025-12-08,622.6915283203125,627.2399228158015,620.1080918729878,625.6140655337878,43462400
2025-12-09,623.4595336914062,624.2774544880871,619.4198511857304,621.4247464351753,37156000
2025-12-10,626.0130615234375,627.6090269272694,619.4099106697121,622.2626189242517,55031400
2025-12-11,623.98828125,624.1877845427603,616.148234091509,622.2327496814814,58272800
2025-12-12,612.0586547851562,621.9533965533452,609.8043955563878,620.497150448988,75158700
2025-12-15,608.9865112304688,616.8464661142882,607.7696446385382,616.7966055109866,49538200
2025-12-16,610.1934204101562,611.9489518835392,605.3657088583533,606.7123103516171,55152800
2025-12-17,598.8822631835938,612.0886258751325,598.7526499708691,611.5001003103562,70654300
2025-12-18,607.5601196289062,611.3704070362718,605.375689596093,608.248366375679,78875800
2025-12-19,615.47998046875,616.0485374798797,610.313167643226,610.392981139488,60369800
2025-12-22,618.4302368164062,620.8671665076671,616.9920478025754,620.5674955378034,43703100
