Date,close,high,low,open,volume
2020-06-01,84.58674621582031,84.59519939845431,84.58674621582031,84.59519939845431,1600
2020-06-02,84.58927917480469,84.59519640243893,84.58927917480469,84.59519640243893,4000
2020-06-03,84.59098815917969,84.59098815917969,84.59098815917969,84.59098815917969,100
2020-06-04,84.59098815917969,84.5960665224929,84.57830193011516,84.57830193011516,2400
2020-06-05,84.58674621582031,84.59519939845431,84.58674621582031,84.59519939845431,400
2020-06-08,84.58674621582031,84.58674621582031,84.58674621582031,84.58674621582031,100
2020-06-09,84.58674621582031,84.58674621582031,84.58674621582031,84.58674621582031,100
2020-06-10,84.59098815917969,84.59521475126375,84.59098815917969,84.59521475126375,12300
2020-06-11,84.59098815917969,84.60367438824423,84.59098815917969,84.59521475126375,7587100
2020-06-12,84.59098815917969,84.59521475126375,84.58676156709564,84.58676156709564,4900
2020-06-15,84.59098815917969,84.59521475126375,84.59098815917969,84.59521475126375,8500
2020-06-16,84.59098815917969,84.59098815917969,84.59098815917969,84.59098815917969,100
2020-06-17,84.59519958496094,84.60365922042476,84.59097299363462,84.60365922042476,4600
2020-06-18,84.59862518310547,84.60369709496759,84.59523745571664,84.60369709496759,19600
2020-06-19,84.59944152832031,84.60282280173705,84.59520848373754,84.59944152832031,5600
2020-06-22,84.59519958496094,84.60365922042476,84.58674640230831,84.60365922042476,22500
2020-06-23,84.59519958496094,84.60365922042476,84.59519958496094,84.60365922042476,1500
2020-06-24,84.59519958496094,84.60365922042476,84.58674640230831,84.58674640230831,17100
2020-06-25,84.59519958496094,84.59519958496094,84.58674640230831,84.59519958496094,10700
2020-06-26,84.59098815917969,84.60367438824423,84.58676156709564,84.60367438824423,51200
2020-06-29,84.59944152832031,84.59944152832031,84.59520848373754,84.59944152832031,3700
2020-06-30,84.59944152832031,84.59944152832031,84.59944152832031,84.59944152832031,700
2020-07-01,84.59606170654297,84.60028855212703,84.59606170654297,84.60028855212703,15100
2020-07-02,84.60111999511719,84.60872831533575,84.60026817300621,84.60026817300621,5300
2020-07-06,84.59606170654297,84.60028855212703,84.59606170654297,84.59606170654297,2400
2020-07-07,84.59606170654297,84.60028855212703,84.59268023007573,84.59268023007573,3900
2020-07-08,84.59606170654297,84.60874869649452,84.59606170654297,84.60028855212703,18700
2020-07-09,84.60453033447266,84.60875718048055,84.60453033447266,84.60875718048055,400
2020-07-10,84.60787963867188,84.608725007552,84.60449816315139,84.608725007552,26400
2020-07-13,84.60453033447266,84.60875718048055,84.60453033447266,84.60875718048055,1000
2020-07-14,84.60030364990234,84.60876379577962,84.59184995722558,84.60030364990234,6500
2020-07-15,84.60030364990234,84.60876379577962,84.59692217283164,84.60876379577962,9100
2020-07-16,84.60030364990234,84.60876379577962,84.59184995722558,84.60876379577962,14700
2020-07-17,84.60030364990234,84.60876379577962,84.60030364990234,84.60876379577962,18300
2020-07-20,84.60030364990234,84.60876379577962,84.60030364990234,84.60876379577962,1200
2020-07-21,84.60030364990234,84.60876379577962,84.59184995722558,84.60876379577962,157200
2020-07-22,84.60030364990234,84.60876379577962,84.59184995722558,84.60876379577962,9000
2020-07-23,84.60030364990234,84.60876379577962,84.59184995722558,84.60030364990234,10600
2020-07-24,84.60030364990234,84.60876379577962,84.60030364990234,84.60030364990234,1400
2020-07-27,84.60030364990234,84.60876379577962,84.60030364990234,84.60876379577962,23900
2020-07-28,84.60030364990234,84.60876379577962,84.59184995722558,84.60876379577962,16000
2020-07-29,84.60453033447266,84.60875718048055,84.60029703526475,84.60875718048055,1600
2020-07-30,84.60030364990234,84.6172239416569,84.59184995722558,84.60876379577962,17000
2020-07-31,84.60453033447266,84.60875718048055,84.60453033447266,84.60875718048055,1400
2020-08-03,84.60536193847656,84.60536193847656,84.60536193847656,84.60536193847656,300
2020-08-04,84.60536193847656,84.60958924874708,84.60113462820604,84.60958924874708,1400
2020-08-05,84.60536193847656,84.60958924874708,84.60113462820604,84.60113462820604,12800
2020-08-06,84.60536193847656,84.60958924874708,84.60113462820604,84.60113462820604,21500
2020-08-07,84.60961151123047,84.61807258790658,84.60961151123047,84.60961151123047,10000
2020-08-10,84.60536193847656,84.60958924874708,84.5926735537562,84.60958924874708,25600
2020-08-11,84.60536193847656,84.60958924874708,84.60536193847656,84.60958924874708,20600
2020-08-12,84.60961151123047,84.61807258790658,84.60115688846486,84.60115688846486,291300
2020-08-13,84.60961151123047,84.60961151123047,84.60792058667734,84.60792058667734,600
2020-08-14,84.61380767822266,84.61803498772706,84.61380767822266,84.61803498772706,28700
2020-08-17,84.61380767822266,84.61803498772706,84.60957391481062,84.61803498772706,44700
2020-08-18,84.60961151123047,84.61807258790658,84.60115688846486,84.61807258790658,8300
2020-08-19,84.61553192138672,84.61806830808811,84.61553192138672,84.61806830808811,2900
2020-08-20,84.60961151123047,84.61807258790658,84.60961151123047,84.61807258790658,3000
2020-08-21,84.60961151123047,84.61807258790658,84.60115688846486,84.60115688846486,11500
2020-08-24,84.60961151123047,84.61807258790658,84.60961151123047,84.61807258790658,11300
2020-08-25,84.61380767822266,84.61803498772706,84.60365568150448,84.60957391481062,6700
2020-08-26,84.60110473632812,84.61802042534222,84.60110473632812,84.60110473632812,26000
2020-08-27,84.61803436279297,84.61803436279297,84.60111867099268,84.60111867099268,61700
2020-08-28,84.60961151123047,84.61807258790658,84.60961151123047,84.60961151123047,700
2020-08-31,84.60961151123047,84.61807258790658,84.60115688846486,84.60961151123047,20500
2020-09-01,84.59862518310547,84.61554206822242,84.59862518310547,84.61554206822242,44000
2020-09-02,84.60704803466797,84.61550324616572,84.59858636881032,84.61550324616572,14200
2020-09-03,84.61128997802734,84.6155175844926,84.6070623715621,84.61382654190649,3200
2020-09-04,84.61128997802734,84.6155175844926,84.61128997802734,84.6155175844926,500
2020-09-08,84.61128997802734,84.6155175844926,84.6070623715621,84.6070623715621,2200
2020-09-09,84.61552429199219,84.62398595995445,84.60706907839145,84.61552429199219,58600
2020-09-10,84.61128997802734,84.6155175844926,84.6070623715621,84.6155175844926,1600
2020-09-11,84.61128997802734,84.6155175844926,84.61128997802734,84.61467206319955,12500
2020-09-14,84.61128997802734,84.6155175844926,84.6070623715621,84.60790789285515,4900
2020-09-15,84.61128997802734,84.6155175844926,84.6070623715621,84.6155175844926,14800
2020-09-16,84.61128997802734,84.6155175844926,84.61128997802734,84.61128997802734,2500
2020-09-17,84.61128997802734,84.6155175844926,84.6070623715621,84.6155175844926,3000
2020-09-18,84.61128997802734,84.6239792517841,84.6070623715621,84.6239792517841,800
2020-09-21,84.61128997802734,84.6155175844926,84.61128997802734,84.6155175844926,58500
2020-09-22,84.61128997802734,84.6155175844926,84.60959893544124,84.6155175844926,16400
2020-09-23,84.61128997802734,84.6155175844926,84.61128997802734,84.6155175844926,11400
2020-09-24,84.61128997802734,84.6155175844926,84.6070623715621,84.61128997802734,11000
2020-09-25,84.61552429199219,84.62398595995445,84.61552429199219,84.61552429199219,800
2020-09-28,84.61552429199219,84.62398595995445,84.61552429199219,84.61975835315408,485200
2020-09-29,84.61552429199219,84.62398595995445,84.61552429199219,84.62398595995445,3300
2020-09-30,84.61552429199219,84.62398595995445,84.60706907839145,84.62398595995445,900
2020-10-01,84.61552429199219,84.6197521100251,84.61383316477902,84.6197521100251,31100
2020-10-02,84.61126708984375,84.61972272297307,84.60280500203264,84.60787838191024,15000
2020-10-05,84.61888885498047,84.61973441841027,84.61888885498047,84.61973441841027,40200
2020-10-06,84.61552429199219,84.6197521100251,84.61129647395927,84.61890654641851,28100
2020-10-07,84.61552429199219,84.62821420077495,84.61129647395927,84.61129647395927,59500
2020-10-08,84.61552429199219,84.6197521100251,84.61129647395927,84.61890654641851,44300
2020-10-09,84.61552429199219,84.6197521100251,84.61552429199219,84.6197521100251,11100
2020-10-12,84.61552429199219,84.6197521100251,84.61129647395927,84.61890654641851,23100
2020-10-13,84.61552429199219,84.6197521100251,84.61129647395927,84.61129647395927,48400
2020-10-14,84.61552429199219,84.6197521100251,84.61552429199219,84.61552429199219,17000
2020-10-15,84.61552429199219,84.64513838227464,84.61552429199219,84.6197521100251,115600
2020-10-16,84.61552429199219,84.6197521100251,84.61129647395927,84.61129647395927,8200
2020-10-19,84.61552429199219,84.6197521100251,84.61552429199219,84.6197521100251,14600
2020-10-20,84.61552429199219,84.6197521100251,84.61129647395927,84.61129647395927,11400
2020-10-21,84.61552429199219,84.6197521100251,84.61129647395927,84.61806098281193,17100
2020-10-22,84.61552429199219,84.6197521100251,84.61552429199219,84.61890654641851,16100
2020-10-23,84.61973571777344,84.62819780688405,84.61973571777344,84.62650667999847,15200
2020-10-26,84.61973571777344,84.62819780688405,84.61889015433066,84.61889015433066,3400
2020-10-27,84.61973571777344,84.62819780688405,84.61128008334562,84.61550790055952,7700
2020-10-28,84.61973571777344,84.62819780688405,84.6171990274451,84.61973571777344,6100
2020-10-29,84.61973571777344,84.62819780688405,84.61297121023118,84.61635346400232,2100
2020-10-30,84.61973571777344,84.62819780688405,84.61128008334562,84.62143329934177,5000
2020-11-02,84.62396240234375,84.62396240234375,84.61888876827597,84.61973437395392,2100
2020-11-03,84.61975860595703,84.62398663555761,84.61975860595703,84.62398663555761,4200
2020-11-04,84.61975860595703,84.62398663555761,84.61975860595703,84.62398663555761,500
2020-11-05,84.61975860595703,84.62398663555761,84.61891300003691,84.61891300003691,2300
2020-11-06,84.61975860595703,84.62398663555761,84.61975860595703,84.6231410296375,3000
2020-11-09,84.62396240234375,84.62396240234375,84.6155063455641,84.61973437395392,11200
2020-11-10,84.61975860595703,84.62398663555761,84.61975860595703,84.61975860595703,2000
2020-11-11,84.61975860595703,84.62398663555761,84.61975860595703,84.62229542371738,8700
2020-11-12,84.61975860595703,84.62398663555761,84.61975860595703,84.61975860595703,3300
2020-11-13,84.61975860595703,84.62398663555761,84.61553057635645,84.61553057635645,35500
2020-11-16,84.61975860595703,84.62398663555761,84.61553057635645,84.6231410296375,5800
2020-11-17,84.61975860595703,84.62398663555761,84.61553057635645,84.61975860595703,2100
2020-11-18,84.62396240234375,84.6248144630269,84.6155063455641,84.62057997963188,782700
2020-11-19,84.61975860595703,84.63244914976579,84.61553057635645,84.61553057635645,190100
2020-11-20,84.61975860595703,84.63244914976579,84.61553057635645,84.62144981779727,7900
2020-11-23,84.62396240234375,84.62819688573875,84.6155063455641,84.62819688573875,4300
2020-11-24,84.62396240234375,84.63242491412858,84.6155063455641,84.63157930845061,11700
2020-11-25,84.6155014038086,84.63072876012782,84.6155014038086,84.63072876012782,4600
2020-11-27,84.62396240234375,84.63242491412858,84.62396240234375,84.63242491412858,7900
2020-11-30,84.62396240234375,84.63157930845061,84.6155063455641,84.6155063455641,8600
2020-12-01,84.61975860595703,84.62821508768664,84.61975860595703,84.61975860595703,9900
2020-12-02,84.61975860595703,84.62821508768664,84.61975860595703,84.61975860595703,9900
2020-12-03,84.62395477294922,84.62818301221145,84.619726533687,84.619726533687,23100
2020-12-04,84.62395477294922,84.62818301221145,84.619726533687,84.619726533687,15100
2020-12-07,84.61975860595703,84.62821508768664,84.61975860595703,84.62060425413,44500
2020-12-08,84.61975860595703,84.62821508768664,84.61975860595703,84.62821508768664,65900
2020-12-09,84.61975860595703,84.62821508768664,84.61975860595703,84.62060425413,7900
2020-12-10,84.62395477294922,84.63664594606303,84.619726533687,84.62818301221145,35600
2020-12-11,84.62395477294922,84.62818301221145,84.619726533687,84.62649171650656,32600
2020-12-14,84.62395477294922,84.63664594606303,84.619726533687,84.62818301221145,46400
2020-12-15,84.62395477294922,84.63664594606303,84.619726533687,84.62818301221145,82600
2020-12-16,84.63241577148438,84.63664401064992,84.62818107699186,84.62818107699186,6600
2020-12-17,84.62901306152344,84.63324155352325,84.62478456952361,84.62563026792358,13100
2020-12-18,84.62901306152344,84.63324155352325,84.62478456952361,84.63324155352325,73300
2020-12-21,84.62901306152344,84.63324155352325,84.62478456952361,84.62478456952361,36200
2020-12-22,84.62901306152344,84.63324155352325,84.62478456952361,84.62478456952361,80000
2020-12-23,84.62479400634766,84.63325099129037,84.62479400634766,84.63325099129037,48200
2020-12-24,84.62479400634766,84.63325099129037,84.62479400634766,84.62902249881901,22300
2020-12-28,84.62479400634766,84.63325099129037,84.62479400634766,84.62563970484193,46400
2020-12-29,84.62479400634766,84.63325099129037,84.62479400634766,84.63325099129037,47300
2020-12-30,84.62901306152344,84.63324155352325,84.62563026792358,84.63324155352325,3700
2020-12-31,84.62901306152344,84.63324155352325,84.62478456952361,84.62478456952361,47200
2021-01-04,84.62901306152344,84.63324155352325,84.62478456952361,84.63324155352325,74600
2021-01-05,84.62901306152344,84.63324155352325,84.62478456952361,84.62901306152344,4400
2021-01-06,84.62479400634766,84.63325099129037,84.62479400634766,84.63325099129037,15200
2021-01-07,84.62901306152344,84.63324155352325,84.62478456952361,84.63324155352325,42200
2021-01-08,84.62901306152344,84.63239585512329,84.62478456952361,84.62563026792358,39000
2021-01-11,84.62901306152344,84.63324155352325,84.62478456952361,84.62478456952361,21900
2021-01-12,84.62901306152344,84.63324155352325,84.62478456952361,84.62478456952361,19000
2021-01-13,84.62479400634766,84.63325099129037,84.62479400634766,84.63325099129037,9400
2021-01-14,84.62479400634766,84.63325099129037,84.62479400634766,84.62563970484193,67400
2021-01-15,84.62901306152344,84.63324155352325,84.62478456952361,84.62901306152344,19200
2021-01-19,84.62479400634766,84.63325099129037,84.62479400634766,84.62479400634766,125000
2021-01-20,84.62901306152344,84.63324155352325,84.62478456952361,84.62901306152344,154100
2021-01-21,84.62901306152344,84.63324155352325,84.62901306152344,84.63155015672332,21600
2021-01-22,84.62901306152344,84.63324155352325,84.62478456952361,84.63324155352325,63200
2021-01-25,84.63328552246094,84.63328552246094,84.6248285340677,84.62905702826433,68000
2021-01-26,84.63328552246094,84.63328552246094,84.6248285340677,84.62905702826433,62500
2021-01-27,84.63328552246094,84.63328552246094,84.62567423290703,84.62905702826433,101900
2021-01-28,84.63328552246094,84.63328552246094,84.62567423290703,84.63328552246094,21500
2021-01-29,84.63328552246094,84.63328552246094,84.6248285340677,84.63328552246094,40400
2021-02-01,84.63323974609375,84.63746844928004,84.62901104290746,84.63070252418198,68800
2021-02-02,84.6290283203125,84.63748572841169,84.6290283203125,84.6290283203125,54200
2021-02-03,84.6290283203125,84.63748572841169,84.6290283203125,84.63748572841169,56000
2021-02-04,84.6290283203125,84.63748572841169,84.6290283203125,84.63748572841169,136900
2021-02-05,84.63323974609375,84.63746844928004,84.62901104290746,84.63746844928004,71500
2021-02-08,84.63323974609375,84.63746844928004,84.62901104290746,84.63746844928004,106700
2021-02-09,84.6290283203125,84.63748572841169,84.6290283203125,84.63748572841169,34100
2021-02-10,84.63323974609375,84.63746844928004,84.62901104290746,84.63746844928004,47600
2021-02-11,84.63323974609375,84.63746844928004,84.62901104290746,84.63323974609375,76400
2021-02-12,84.63323974609375,84.63746844928004,84.62901104290746,84.63746844928004,29700
2021-02-16,84.63323974609375,84.63746844928004,84.62901104290746,84.62901104290746,28700
2021-02-17,84.6290283203125,84.63748572841169,84.6290283203125,84.6290283203125,47900
2021-02-18,84.63323974609375,84.63746844928004,84.62901104290746,84.63746844928004,65700
2021-02-19,84.63323974609375,84.63746844928004,84.62901104290746,84.63746844928004,25300
2021-02-22,84.63323974609375,84.63746844928004,84.62901104290746,84.63323974609375,28600
2021-02-23,84.63323974609375,84.63746844928004,84.62901104290746,84.62901104290746,48200
2021-02-24,84.63751983642578,84.63751983642578,84.62906242491836,84.62906242491836,67500
2021-02-25,84.6290283203125,84.63748572841169,84.6290283203125,84.63748572841169,52100
2021-02-26,84.63323974609375,84.63746844928004,84.62901104290746,84.63323974609375,33700
2021-03-01,84.64598846435547,84.64598846435547,84.63752459633272,84.63752459633272,19900
2021-03-02,84.64598846435547,84.64598846435547,84.62906718434965,84.63329589034119,199600
2021-03-03,84.6290283203125,84.64594959254758,84.6290283203125,84.64594959254758,29500
2021-03-04,84.63751983642578,84.64598370397253,84.62906242491836,84.63751983642578,16300
2021-03-05,84.63751983642578,84.64175499821881,84.62906242491836,84.62906242491836,13400
2021-03-08,84.63751983642578,84.63751983642578,84.62906242491836,84.62906242491836,30000
2021-03-09,84.63323974609375,84.63746844928004,84.62985678354472,84.63746844928004,24600
2021-03-10,84.63751983642578,84.63751983642578,84.62906242491836,84.63751983642578,17800
2021-03-11,84.63323974609375,84.64424083041348,84.62985678354472,84.63746844928004,14600
2021-03-12,84.63323974609375,84.64593231168799,84.62901104290746,84.64593231168799,19800
2021-03-15,84.63751983642578,84.63751983642578,84.62906242491836,84.6341368718228,16800
2021-03-16,84.64175415039062,84.64598285610198,84.63751898864002,84.63751898864002,12500
2021-03-17,84.64175415039062,84.64598285610198,84.63751898864002,84.64598285610198,5700
2021-03-18,84.63751983642578,84.64598370397253,84.63751983642578,84.64598370397253,15900
2021-03-19,84.64175415039062,84.64175415039062,84.63751898864002,84.64175415039062,12700
2021-03-22,84.63835144042969,84.6459631089344,84.63749924344697,84.64173440420956,26500
2021-03-23,84.6442642211914,84.64595570293335,84.63749183818646,84.6417269985785,103200
2021-03-24,84.64175415039062,84.64598285610198,84.63751898864002,84.64598285610198,41300
2021-03-25,84.63751983642578,84.64598370397253,84.63751983642578,84.64429222167104,14500
2021-03-26,84.64175415039062,84.64598285610198,84.63751898864002,84.64598285610198,20500
2021-03-29,84.63323974609375,84.64593231168799,84.63323974609375,84.63746844928004,109300
2021-03-30,84.64175415039062,84.64598285610198,84.63751898864002,84.64175415039062,4300
2021-03-31,84.63323974609375,84.64593231168799,84.62901104290746,84.62901104290746,67300
2021-04-01,84.6426010131836,84.64682976120426,84.6383658090591,84.6383658090591,7900
2021-04-05,84.63837432861328,84.63837432861328,84.62991683172065,84.63837432861328,110600
2021-04-06,84.64684295654297,84.64684295654297,84.63837900307838,84.6426142078631,24800
2021-04-07,84.63837432861328,84.64683828161041,84.63837432861328,84.64683828161041,58000
2021-04-08,84.64684295654297,84.64684295654297,84.63837900307838,84.64684295654297,31400
2021-04-09,84.63837432861328,84.64683828161041,84.63837432861328,84.64683828161041,14000
2021-04-12,84.63837432861328,84.64683828161041,84.63837432861328,84.64260953316409,68200
2021-04-13,84.6426010131836,84.64682976120426,84.6383658090591,84.64682976120426,21200
2021-04-14,84.6426010131836,84.64682976120426,84.6383658090591,84.6383658090591,38400
2021-04-15,84.6426010131836,84.64682976120426,84.6383658090591,84.6426010131836,52700
2021-04-16,84.64684295654297,84.64684295654297,84.63837900307838,84.63837900307838,183400
2021-04-19,84.64684295654297,84.64684295654297,84.63837900307838,84.63837900307838,199900
2021-04-20,84.6426010131836,84.64682976120426,84.6383658090591,84.64682976120426,83000
2021-04-21,84.63837432861328,84.64683828161041,84.63837432861328,84.64683828161041,19700
2021-04-22,84.64684295654297,84.64684295654297,84.63837900307838,84.6426142078631,31300
2021-04-23,84.64684295654297,84.64684295654297,84.63837900307838,84.63837900307838,30000
2021-04-26,84.63837432861328,84.64683828161041,84.63837432861328,84.64683828161041,98100
2021-04-27,84.63837432861328,84.64683828161041,84.63837432861328,84.64683828161041,47200
2021-04-28,84.6426010131836,84.64682976120426,84.6383658090591,84.64682976120426,21100
2021-04-29,84.64684295654297,84.64684295654297,84.63837900307838,84.63837900307838,27800
2021-04-30,84.64684295654297,84.64684295654297,84.63837900307838,84.6426142078631,16200
2021-05-03,84.65021514892578,84.65021514892578,84.64175085827107,84.65021514892578,65300
2021-05-04,84.64173889160156,84.65020318105958,84.64173889160156,84.65020318105958,20500
2021-05-05,84.64596557617188,84.65019449228625,84.64173020369702,84.64342822650325,27300
2021-05-06,84.64596557617188,84.64596557617188,84.64173020369702,84.64596557617188,16400
2021-05-07,84.6434326171875,84.65019888332148,84.6417345942932,84.65019888332148,20200
2021-05-10,84.65021514892578,84.65021514892578,84.64175085827107,84.65021514892578,39500
2021-05-11,84.64173889160156,84.65020318105958,84.64173889160156,84.65020318105958,39300
2021-05-12,84.64596557617188,84.65019449228625,84.64173020369702,84.64596557617188,28100
2021-05-13,84.64173889160156,84.65020318105958,84.64173889160156,84.64597426451114,58500
2021-05-14,84.64596557617188,84.65019449228625,84.64173020369702,84.65019449228625,22300
2021-05-17,84.64173889160156,84.65020318105958,84.64173889160156,84.64173889160156,10700
2021-05-18,84.64596557617188,84.65019449228625,84.64173020369702,84.65019449228625,22500
2021-05-19,84.64173889160156,84.65020318105958,84.64173889160156,84.65020318105958,48500
2021-05-20,84.64173889160156,84.65020318105958,84.64173889160156,84.65020318105958,40300
2021-05-21,84.64173889160156,84.65020318105958,84.64173889160156,84.64259113127238,16300
2021-05-24,84.64851379394531,84.65020536060824,84.64174107093228,84.65020536060824,11300
2021-05-25,84.65021514892578,84.65021514892578,84.64175085827107,84.64175085827107,15000
2021-05-26,84.64596557617188,84.65019449228625,84.64173020369702,84.64596557617188,8100
2021-05-27,84.64173889160156,84.65020318105958,84.64173889160156,84.64173889160156,13600
2021-05-28,84.65021514892578,84.65021514892578,84.64175085827107,84.64175085827107,9200
2021-06-01,84.64765930175781,84.65188830249078,84.64342384453516,84.64342384453516,16300
2021-06-02,84.64765930175781,84.65188830249078,84.64342384453516,84.65188830249078,17300
2021-06-03,84.64342498779297,84.65188944586292,84.64342498779297,84.64342498779297,18600
2021-06-04,84.64342498779297,84.65188944586292,84.64342498779297,84.64766044507282,17600
2021-06-07,84.6451187133789,84.65188511429683,84.64342065666,84.65188511429683,24300
2021-06-08,84.65190124511719,84.65190124511719,84.64343678586742,84.65190124511719,22700
2021-06-09,84.64765930175781,84.65188830249078,84.64342384453516,84.64765930175781,23600
2021-06-10,84.64765930175781,84.65188830249078,84.64342384453516,84.64765930175781,33600
2021-06-11,84.64765930175781,84.65188830249078,84.64342384453516,84.65188830249078,9300
2021-06-14,84.64765930175781,84.65188830249078,84.64342384453516,84.65188830249078,42200
2021-06-15,84.64765930175781,84.65188830249078,84.64512190131802,84.65188830249078,10900
2021-06-16,84.64765930175781,84.65188830249078,84.64342384453516,84.65188830249078,26600
2021-06-17,84.6451187133789,84.65188511429683,84.64342065666,84.65188511429683,32000
2021-06-18,84.63916778564453,84.65186124027518,84.63493878626352,84.64509484126556,16900
2021-06-21,84.63916778564453,84.64339678502554,84.63916778564453,84.64339678502554,21000
2021-06-22,84.65190124511719,84.65190124511719,84.64343678586742,84.64343678586742,19400
2021-06-23,84.64342498779297,84.65188944586292,84.6400417871609,84.65188944586292,55700
2021-06-24,84.64342498779297,84.65188944586292,84.64342498779297,84.65188944586292,17300
2021-06-25,84.65190124511719,84.65190124511719,84.64343678586742,84.6451348429099,21100
2021-06-28,84.64342498779297,84.65188944586292,84.64342498779297,84.65188944586292,21100
2021-06-29,84.64765930175781,84.65188830249078,84.64342384453516,84.64427610117143,37700
2021-06-30,84.64765930175781,84.65188830249078,84.64342384453516,84.64765930175781,33200
2021-07-01,84.64596557617188,84.65357792942855,84.64511330252482,84.64511330252482,19300
2021-07-02,84.64596557617188,84.65357792942855,84.64511330252482,84.65273211240003,4800
2021-07-06,84.64934539794922,84.65357448291962,84.64510985636052,84.65357448291962,22700
2021-07-07,84.6451187133789,84.65358334082373,84.63666054255305,84.65358334082373,11700
2021-07-08,84.6451187133789,84.65358334082373,84.6451187133789,84.6451187133789,33700
2021-07-09,84.6451187133789,84.65358334082373,84.6451187133789,84.6451187133789,10500
2021-07-12,84.6451187133789,84.65358334082373,84.63666054255305,84.65358334082373,8000
2021-07-13,84.64934539794922,84.65357448291962,84.64510985636052,84.64510985636052,15200
2021-07-14,84.6451187133789,84.65358334082373,84.63666054255305,84.65273752374114,12500
2021-07-15,84.6451187133789,84.65358334082373,84.63666054255305,84.63666054255305,8400
2021-07-16,84.64934539794922,84.64934539794922,84.64510985636052,84.64510985636052,14100
2021-07-19,84.64934539794922,84.65357448291962,84.64510985636052,84.64934539794922,33300
2021-07-20,84.6451187133789,84.65358334082373,84.6451187133789,84.6451187133789,211200
2021-07-21,84.65357971191406,84.65357971191406,84.63665691436881,84.65273389486774,27200
2021-07-22,84.64934539794922,84.65357448291962,84.64510985636052,84.64510985636052,55600
2021-07-23,84.65357971191406,84.65357971191406,84.6451150848321,84.6451150848321,16600
2021-07-26,84.64596557617188,84.65357792942855,84.64511330252482,84.65357792942855,32400
2021-07-27,84.64934539794922,84.65357448291962,84.64510985636052,84.65357448291962,21700
2021-07-28,84.65357971191406,84.65357971191406,84.63750273141515,84.65357971191406,10400
2021-07-29,84.65274810791016,84.65359392509849,84.63667112471194,84.64512929659534,36800
2021-07-30,84.64934539794922,84.65357448291962,84.64934539794922,84.64934539794922,8100
2021-08-02,84.64256286621094,84.65102766099022,84.6383336971946,84.6383336971946,9500
2021-08-03,84.65105438232422,84.65528355267557,84.64681875522425,84.65105438232422,7700
2021-08-04,84.65528106689453,84.65528106689453,84.63835792923744,84.65528106689453,25800
2021-08-05,84.65105438232422,84.65528355267557,84.63836041452156,84.65528355267557,9100
2021-08-06,84.65105438232422,84.65105438232422,84.63836041452156,84.63836041452156,23100
2021-08-09,84.64679718017578,84.6535703077602,84.63833884162898,84.64679718017578,10200
2021-08-10,84.64679718017578,84.65526197546957,84.63833884162898,84.65526197546957,7600
2021-08-11,84.64679718017578,84.65526197546957,84.63833884162898,84.65526197546957,36400
2021-08-12,84.64256286621094,84.64679203522729,84.6383336971946,84.6383336971946,9800
2021-08-13,84.65105438232422,84.65528355267557,84.63836041452156,84.64681875522425,18300
2021-08-16,84.65528106689453,84.65528106689453,84.63835792923744,84.6544352328491,42300
2021-08-17,84.63833618164062,84.65356764729317,84.63833618164062,84.64764681049648,42300
2021-08-18,84.65105438232422,84.65528355267557,84.64681875522425,84.64681875522425,10000
2021-08-19,84.64679718017578,84.65526197546957,84.64679718017578,84.65103280619617,12500
2021-08-20,84.65528106689453,84.65528106689453,84.64681626969177,84.64681626969177,18600
2021-08-23,84.64679718017578,84.65526197546957,84.64679718017578,84.64764947077744,46500
2021-08-24,84.65105438232422,84.6519002163945,84.64681875522425,84.64681875522425,7700
2021-08-25,84.64679718017578,84.65441614161489,84.64679718017578,84.65103280619617,16800
2021-08-26,84.65105438232422,84.65528355267557,84.64681875522425,84.65105438232422,20900
2021-08-27,84.65105438232422,84.65528355267557,84.64681875522425,84.65105438232422,3800
2021-08-30,84.65105438232422,84.65528355267557,84.64681875522425,84.65528355267557,14700
2021-08-31,84.65105438232422,84.65528355267557,84.64681875522425,84.64681875522425,15000
2021-09-01,84.6535873413086,84.65612491944745,84.64935158746867,84.65612491944745,3700
2021-09-02,84.65105438232422,84.65528367945309,84.64935620653048,84.64935620653048,6900
2021-09-03,84.6535873413086,84.65781663820668,84.64935158746867,84.65781663820668,30800
2021-09-07,84.6578369140625,84.6578369140625,84.64937186129708,84.64937186129708,110700
2021-09-08,84.6535873413086,84.65781663820668,84.64935158746867,84.64935158746867,586900
2021-09-09,84.64679718017578,84.65779980686514,84.64087616569566,84.65779980686514,63900
2021-09-10,84.6578369140625,84.6578369140625,84.64345084422166,84.6578369140625,15000
2021-09-13,84.6535873413086,84.65781663820668,84.64935158746867,84.65781663820668,16600
2021-09-14,84.64933776855469,84.65780281791078,84.64087917613936,84.64933776855469,25400
2021-09-15,84.6578369140625,84.6578369140625,84.64091326547505,84.6578369140625,22300
2021-09-16,84.6578369140625,84.6578369140625,84.64091326547505,84.64937186129708,8200
2021-09-17,84.6535873413086,84.65781663820668,84.64935158746867,84.65781663820668,25200
2021-09-20,84.65105438232422,84.6578212577304,84.64935620653048,84.65190024174998,91900
2021-09-21,84.6535873413086,84.65781663820668,84.64935158746867,84.65612491944745,42700
2021-09-22,84.6535873413086,84.65781663820668,84.64935158746867,84.65781663820668,13400
2021-09-23,84.65017700195312,84.65778973395035,84.64932468590254,84.65778973395035,22400
2021-09-24,84.6535873413086,84.65781663820668,84.64935158746867,84.6535873413086,28700
2021-09-27,84.6535873413086,84.65781663820668,84.64935158746867,84.65781663820668,32100
2021-09-28,84.64933776855469,84.65780281791078,84.64933776855469,84.65357352170312,25900
2021-09-29,84.6578369140625,84.6578369140625,84.64937186129708,84.64937186129708,41500
2021-09-30,84.6535873413086,84.65781663820668,84.64935158746867,84.64935158746867,17100
2021-10-01,84.64763641357422,84.66033113825686,84.64340699105787,84.66033113825686,45800
2021-10-04,84.6527328491211,84.66034581096993,84.65188050733649,84.66034581096993,17100
2021-10-05,84.65614318847656,84.66037261306488,84.6434484575748,84.6510614218338,274900
2021-10-06,84.64763641357422,84.65186583609056,84.64340699105787,84.64340699105787,42500
2021-10-07,84.64763641357422,84.66033113825686,84.64340699105787,84.64763641357422,322000
2021-10-08,84.65694427490234,84.66032781278251,84.6434036662483,84.6434036662483,22900
2021-10-11,84.6518783569336,84.660343660352,84.64341951064976,84.660343660352,8200
2021-10-12,84.6518783569336,84.660343660352,84.64341951064976,84.6552683525817,27800
2021-10-13,84.6518783569336,84.660343660352,84.64341951064976,84.64849481842006,51900
2021-10-14,84.6518783569336,84.660343660352,84.64341951064976,84.64341951064976,19800
2021-10-15,84.6518783569336,84.660343660352,84.64511127990653,84.65273069869654,13000
2021-10-18,84.65953063964844,84.66037652460518,84.64345236833317,84.66037652460518,26600
2021-10-19,84.6518783569336,84.660343660352,84.64341951064976,84.660343660352,10000
2021-10-20,84.6518783569336,84.65865189109523,84.64341951064976,84.64341951064976,16100
2021-10-21,84.66034698486328,84.66034698486328,84.64342283449645,84.65865521554008,16800
2021-10-22,84.65694427490234,84.66032781278251,84.6434036662483,84.6434036662483,28600
2021-10-25,84.64342498779297,84.66034913859035,84.64342498779297,84.65696559985787,29900
2021-10-26,84.6518783569336,84.660343660352,84.64341951064976,84.65780600646686,8400
2021-10-27,84.64598083496094,84.66036733480108,84.64344318036616,84.66036733480108,56600
2021-10-28,84.64763641357422,84.65186583609056,84.64340699105787,84.65101995158729,78400
2021-10-29,84.6518783569336,84.6518783569336,84.64341951064976,84.64341951064976,25800
2021-11-01,84.65443420410156,84.65443420410156,84.64597510242447,84.65443420410156,11500
2021-11-02,84.66288757324219,84.66288757324219,84.64596291499534,84.65442201545446,16800
2021-11-03,84.66288757324219,84.66288757324219,84.64596291499534,84.64765473508716,32800
2021-11-04,84.65443420410156,84.66289976310817,84.64597510242447,84.65443420410156,33200
2021-11-05,84.65443420410156,84.66289976310817,84.64597510242447,84.65443420410156,25500
2021-11-08,84.65865325927734,84.66288280926892,84.65441725195754,84.6620368992706,20900
2021-11-09,84.65443420410156,84.66289976310817,84.65189647359843,84.65189647359843,11800
2021-11-10,84.66288757324219,84.66288757324219,84.64596291499534,84.64596291499534,17600
2021-11-11,84.65443420410156,84.66289976310817,84.64597510242447,84.66289976310817,22000
2021-11-12,84.65443420410156,84.66036203260504,84.64597510242447,84.64597510242447,9600
2021-11-15,84.65443420410156,84.66289976310817,84.64682101259218,84.65443420410156,30300
2021-11-16,84.6459732055664,84.66289786587083,84.6459732055664,84.66289786587083,25600
2021-11-17,84.65443420410156,84.66289976310817,84.64597510242447,84.6476669227599,40200
2021-11-18,84.65443420410156,84.66289976310817,84.64597510242447,84.66289976310817,30900
2021-11-19,84.65443420410156,84.66289976310817,84.64597510242447,84.64597510242447,11800
2021-11-22,84.65443420410156,84.66289976310817,84.6476669227599,84.66289976310817,23200
2021-11-23,84.6595230102539,84.66290665120003,84.64598198913936,84.66036892049044,40700
2021-11-24,84.66288757324219,84.66288757324219,84.65442201545446,84.6569662029208,124000
2021-11-26,84.65443420410156,84.66289976310817,84.64597510242447,84.65443420410156,6300
2021-11-29,84.65865325927734,84.66288280926892,84.65441725195754,84.65441725195754,10400
2021-11-30,84.65443420410156,84.66289976310817,84.64597510242447,84.65443420410156,30100
2021-12-01,84.6527099609375,84.65948390008427,84.64848028492116,84.65948390008427,31400
2021-12-02,84.6527099609375,84.65693963695384,84.64848028492116,84.65693963695384,19600
2021-12-03,84.65697479248047,84.66544060554938,84.64851543693487,84.66205686333114,62500
2021-12-06,84.65697479248047,84.66544060554938,84.64851543693487,84.64851543693487,85700
2021-12-07,84.65528106689453,84.66543875085004,84.65020545367835,84.66543875085004,33300
2021-12-08,84.6527099609375,84.66540544650715,84.64848028492116,84.66540544650715,80100
2021-12-09,84.65697479248047,84.66544060554938,84.64851543693487,84.66544060554938,50400
2021-12-10,84.66119384765625,84.66542352457573,84.65611177783086,84.66457758919184,23200
2021-12-13,84.66119384765625,84.66542352457573,84.64849835937581,84.66542352457573,19500
2021-12-14,84.65697479248047,84.66544060554938,84.64851543693487,84.66544060554938,29600
2021-12-15,84.65697479248047,84.66544060554938,84.64851543693487,84.66544060554938,102800
2021-12-16,84.6654281616211,84.66965805008708,84.65273203837815,84.66119181531012,44800
2021-12-17,84.66120147705078,84.66966771279392,84.65274169915335,84.65274169915335,29100
2021-12-20,84.65694427490234,84.66117416248635,84.65271438731834,84.66117416248635,183000
2021-12-21,84.66035461425781,84.66120059203871,84.65274081422973,84.65274081422973,155300
2021-12-22,84.66120147705078,84.66966771279392,84.65274169915335,84.66120147705078,58000
2021-12-23,84.6688232421875,84.6696692199923,84.65274320605043,84.6696692199923,69100
2021-12-27,84.66120147705078,84.66120147705078,84.65274169915335,84.66120147705078,18300
2021-12-28,84.66120147705078,84.66120147705078,84.65274169915335,84.66120147705078,17300
2021-12-29,84.65694427490234,84.66964039549799,84.65271438731834,84.65271438731834,42200
2021-12-30,84.65694427490234,84.66964039549799,84.65271438731834,84.65271438731834,72300
2021-12-31,84.6654281616211,84.66965805008708,84.66119181531012,84.6654281616211,35000
2022-01-03,84.66120147705078,84.66120147705078,84.65274169915335,84.65443365473284,28300
2022-01-04,84.6535415649414,84.66115536090174,84.65269558761248,84.65269558761248,38300
2022-01-05,84.65694427490234,84.66117416248635,84.65271438731834,84.66117416248635,29600
2022-01-06,84.66120147705078,84.66966771279392,84.65274169915335,84.66120147705078,93800
2022-01-07,84.6654281616211,84.66965805008708,84.65273203837815,84.66119181531012,99900
2022-01-10,84.66120147705078,84.66120147705078,84.65274169915335,84.66120147705078,49700
2022-01-11,84.66120147705078,84.66120147705078,84.65274169915335,84.65274169915335,82800
2022-01-12,84.66035461425781,84.66966682769335,84.65274081422973,84.65274081422973,56300
2022-01-13,84.65694427490234,84.66964039549799,84.65271438731834,84.6687944179812,18800
2022-01-14,84.6654281616211,84.66965805008708,84.66119181531012,84.66965805008708,135300
2022-01-18,84.66712188720703,84.66965982033969,84.65273380827688,84.65273380827688,131400
2022-01-19,84.6654281616211,84.67812428486403,84.66119181531012,84.66119181531012,76100
2022-01-20,84.66120147705078,84.66966771279392,84.65274169915335,84.66966771279392,121500
2022-01-21,84.66120147705078,84.66966771279392,84.65274169915335,84.66120147705078,224300
2022-01-24,84.65274810791016,84.66967412283212,84.65274810791016,84.66120788644804,377900
2022-01-25,84.66292572021484,84.66969354459756,84.65276752579307,84.66969354459756,469500
2022-01-26,84.6654281616211,84.66965805008708,84.65273203837815,84.65273203837815,374100
2022-01-27,84.66120147705078,84.66966771279392,84.65274169915335,84.66966771279392,29200
2022-01-28,84.6688232421875,84.6696692199923,84.65274320605043,84.6696692199923,175700
2022-01-31,84.6654281616211,84.66965805008708,84.65273203837815,84.66965805008708,26900
2022-02-01,84.66880798339844,84.67134596707255,84.6544196179381,84.65949558528632,45500
2022-02-02,84.66288757324219,84.67135397759725,84.65442762686146,84.65442762686146,18200
2022-02-03,84.66288757324219,84.67135397759725,84.65442762686146,84.65442762686146,459900
2022-02-04,84.66204071044922,84.66288670507862,84.65442675878464,84.65442675878464,158300
2022-02-07,84.66712188720703,84.67135186029162,84.65442550997909,84.65442550997909,191400
2022-02-08,84.66542053222656,84.6713424938899,84.65441614544977,84.6628760906831,8006300
2022-02-09,84.66712188720703,84.67135186029162,84.65442550997909,84.67135186029162,133300
2022-02-10,84.66288757324219,84.67135397759725,84.65442762686146,84.65442762686146,232000
2022-02-11,84.65443420410156,84.67136055615245,84.65443420410156,84.65866417762057,318100
2022-02-14,84.66288757324219,84.67135397759725,84.65442762686146,84.67135397759725,135200
2022-02-15,84.66288757324219,84.67135397759725,84.65442762686146,84.65442762686146,377200
2022-02-16,84.67134857177734,84.67134857177734,84.65442222212221,84.67134857177734,133800
2022-02-17,84.67134857177734,84.67134857177734,84.66288216796282,84.67134857177734,165600
2022-02-18,84.67134857177734,84.67134857177734,84.65442222212221,84.65442222212221,574800
2022-02-22,84.66372680664062,84.67134075719444,84.6628743541613,84.6628743541613,65900
2022-02-23,84.67134857177734,84.67981497559188,84.66288216796282,84.66288216796282,591500
2022-02-24,84.66288757324219,84.67982038195231,84.66288757324219,84.67982038195231,476600
2022-02-25,84.67134857177734,84.67981497559188,84.66288216796282,84.67134857177734,137000
2022-02-28,84.67134857177734,84.67981497559188,84.66288216796282,84.66288216796282,106800
2022-03-01,84.67813110351562,84.67813110351562,84.66120339798857,84.67813110351562,193100
2022-03-02,84.66968536376953,84.67815244791294,84.66122473811899,84.66714717607437,55000
2022-03-03,84.67388153076172,84.6781118415584,84.66964476147528,84.6781118415584,225600
2022-03-04,84.67813110351562,84.68659818552477,84.66120339798857,84.67813110351562,709000
2022-03-07,84.67813110351562,84.67813110351562,84.66966402150648,84.67813110351562,371000
2022-03-08,84.67813110351562,84.68659818552477,84.66120339798857,84.66120339798857,703800
2022-03-09,84.66968536376953,84.67815244791294,84.66968536376953,84.66968536376953,406900
2022-03-10,84.67813110351562,84.68659818552477,84.66966402150648,84.67813110351562,250900
2022-03-11,84.67813110351562,84.67813110351562,84.66120339798857,84.66120339798857,180600
2022-03-14,84.67813110351562,84.67813110351562,84.66966402150648,84.66966402150648,383500
2022-03-15,84.66968536376953,84.67815244791294,84.66968536376953,84.66968536376953,190200
2022-03-16,84.67813110351562,84.68659818552477,84.66966402150648,84.66966402150648,232900
2022-03-17,84.67813110351562,84.68659818552477,84.66966402150648,84.67813110351562,768500
2022-03-18,84.67813110351562,84.68659818552477,84.66966402150648,84.68659818552477,428300
2022-03-21,84.67813110351562,84.68659818552477,84.66966402150648,84.66966402150648,860200
2022-03-22,84.6823501586914,84.6865804695654,84.66964630908964,84.6865804695654,722900
2022-03-23,84.68660736083984,84.68660736083984,84.67814027791334,84.68660736083984,315800
2022-03-24,84.68660736083984,84.68660736083984,84.67814027791334,84.68660736083984,385900
2022-03-25,84.67813110351562,84.68659818552477,84.67813110351562,84.68659818552477,306100
2022-03-28,84.67813110351562,84.68659818552477,84.67813110351562,84.68659818552477,174700
2022-03-29,84.68660736083984,84.68660736083984,84.67814027791334,84.68660736083984,180800
2022-03-30,84.6950454711914,84.6950454711914,84.67811131113125,84.6950454711914,404600
2022-03-31,84.6950454711914,84.6950454711914,84.67811131113125,84.6950454711914,293300
2022-04-01,84.69335174560547,84.69335174560547,84.67980585508964,84.69335174560547,207000
2022-04-04,84.69335174560547,84.69335174560547,84.67642099737371,84.67642099737371,138700
2022-04-05,84.68830108642578,84.69337837459605,84.68490976799144,84.69337837459605,87900
2022-04-06,84.68913269042969,84.69336376317497,84.68489515803137,84.69336376317497,224800
2022-04-07,84.69335174560547,84.69335174560547,84.68488314166353,84.69335174560547,510800
2022-04-08,84.69335174560547,84.69335174560547,84.68488314166353,84.69335174560547,216000
2022-04-11,84.69335174560547,84.69335174560547,84.68488314166353,84.69335174560547,323000
2022-04-12,84.69335174560547,84.69335174560547,84.68488314166353,84.69335174560547,233500
2022-04-13,84.69760131835938,84.70183239110578,84.6891327132135,84.70183239110578,135400
2022-04-14,84.70012664794922,84.70181907678175,84.69335047296705,84.70181907678175,94600
2022-04-18,84.70181274414062,84.70181274414062,84.68487553777754,84.70181274414062,156400
2022-04-19,84.70181274414062,84.70181274414062,84.69334414095908,84.70181274414062,215300
2022-04-20,84.70181274414062,84.70181274414062,84.69334414095908,84.70181274414062,172000
2022-04-21,84.70181274414062,84.70181274414062,84.69334414095908,84.70181274414062,405100
2022-04-22,84.70181274414062,84.70181274414062,84.69334414095908,84.70181274414062,490900
2022-04-25,84.7060546875,84.71029221946041,84.69335501092353,84.71029221946041,1185600
2022-04-26,84.71028137207031,84.71028137207031,84.69334416570229,84.71028137207031,1286300
2022-04-27,84.71028137207031,84.71028137207031,84.7018127688863,84.71028137207031,790500
2022-04-28,84.71878051757812,84.71878051757812,84.70184976346694,84.70184976346694,233000
2022-04-29,84.71878051757812,84.71878051757812,84.70184976346694,84.71878051757812,1319600
2022-05-02,84.71453857421875,84.71453857421875,84.70606785177687,84.71453857421875,493100
2022-05-03,84.71453857421875,84.71453857421875,84.70606785177687,84.71453857421875,265200
2022-05-04,84.71453857421875,84.71453857421875,84.69760359060307,84.71453857421875,1761100
2022-05-05,84.72300720214844,84.72300720214844,84.71453647991598,84.72300720214844,560000
2022-05-06,84.72300720214844,84.72300720214844,84.71453647991598,84.71453647991598,433700
2022-05-09,84.72300720214844,84.72300720214844,84.71453647991598,84.71453647991598,449800
2022-05-10,84.72300720214844,84.72300720214844,84.71453647991598,84.72300720214844,370600
2022-05-11,84.72300720214844,84.72300720214844,84.71453647991598,84.72300720214844,857300
2022-05-12,84.72300720214844,84.73147792438091,84.71453647991598,84.73147792438091,716900
2022-05-13,84.72300720214844,84.72300720214844,84.71453647991598,84.72300720214844,704500
2022-05-16,84.72300720214844,84.73147792438091,84.71453647991598,84.73147792438091,363800
2022-05-17,84.7314453125,84.7314453125,84.7229745935278,84.7314453125,230500
2022-05-18,84.7314453125,84.73990957020678,84.7229745935278,84.7314453125,473800
2022-05-19,84.73992156982422,84.73992156982422,84.73145731091886,84.73992156982422,440400
2022-05-20,84.7314453125,84.748380289179,84.7314453125,84.748380289179,606400
2022-05-23,84.74417877197266,84.7484109023548,84.73147591955848,84.73147591955848,296500
2022-05-24,84.74840545654297,84.74840545654297,84.73570260494506,84.74840545654297,257200
2022-05-25,84.74840545654297,84.74840545654297,84.73993473505524,84.73993473505524,485200
2022-05-26,84.75686645507812,84.75686645507812,84.73992501404614,84.73992501404614,133600
2022-05-27,84.75686645507812,84.76533071432752,84.74839573456214,84.76533071432752,1204500
2022-05-31,84.75686645507812,84.75686645507812,84.73992501404614,84.73992501404614,637800
2022-06-01,84.75772857666016,84.76620277038317,84.74925438293714,84.76620277038317,366400
2022-06-02,84.76617431640625,84.76617431640625,84.74922593464939,84.75770012552782,247800
2022-06-03,84.76617431640625,84.76617431640625,84.74922593464939,84.76617431640625,380100
2022-06-06,84.75772857666016,84.76620277038317,84.74925438293714,84.76620277038317,215100
2022-06-07,84.75772857666016,84.76620277038317,84.74925438293714,84.74925438293714,307900
2022-06-08,84.75772857666016,84.77467050019031,84.75772857666016,84.77467050019031,270800
2022-06-09,84.76617431640625,84.77464204337096,84.74922593464939,84.77464204337096,570700
2022-06-10,84.76617431640625,84.77464204337096,84.75346626204545,84.76617431640625,1596800
2022-06-13,84.75772857666016,84.76620277038317,84.74925438293714,84.76620277038317,591800
2022-06-14,84.75772857666016,84.75772857666016,84.74078018921414,84.75772857666016,846000
2022-06-15,84.75350189208984,84.75773575735211,84.74926156291116,84.75773575735211,682700
2022-06-16,84.77464294433594,84.77464294433594,84.74922683534423,84.74922683534423,1536700
2022-06-17,84.78314971923828,84.78314971923828,84.76620779470393,84.77467552501298,672900
2022-06-21,84.80007934570312,84.80007934570312,84.77042936608893,84.78313742362577,1243100
2022-06-22,84.7916030883789,84.7916030883789,84.77465470409088,84.7916030883789,941500
2022-06-23,84.80007934570312,84.80007934570312,84.79161161662212,84.80007934570312,442700
2022-06-24,84.78314971923828,84.80009164377262,84.78314971923828,84.80009164377262,598100
2022-06-27,84.80007934570312,84.80007934570312,84.78313742362577,84.78313742362577,535200
2022-06-28,84.80007934570312,84.80855353869947,84.79076484371402,84.80855353869947,726700
2022-06-29,84.80855560302734,84.80855560302734,84.79330722639503,84.80855560302734,384900
2022-06-30,84.82550048828125,84.82550048828125,84.80855210257556,84.8170262954284,559800
2022-07-01,84.81617736816406,84.82465740567726,84.80769733065087,84.82465740567726,391400
2022-07-05,84.82463073730469,84.82463073730469,84.80767066761044,84.81615070245756,530700
2022-07-06,84.82463073730469,84.83310430378046,84.81615070245756,84.83310430378046,719300
2022-07-07,84.8331069946289,84.84158702974501,84.82463342788436,84.84158702974501,970200
2022-07-08,84.8331069946289,84.8331069946289,84.82463342788436,84.82463342788436,292400
2022-07-11,84.8331069946289,84.84158702974501,84.81615339276826,84.8331069946289,837100
2022-07-12,84.82463073730469,84.84158433862757,84.82463073730469,84.84158433862757,862500
2022-07-13,84.81617736816406,84.86280787192656,84.81617736816406,84.82465740567726,758000
2022-07-14,84.84160614013672,84.85008617716294,84.82465253445731,84.8331261031105,5133800
2022-07-15,84.8331069946289,84.8331069946289,84.82463342788436,84.8331069946289,746000
2022-07-18,84.84160614013672,84.84160614013672,84.82465253445731,84.84160614013672,459500
2022-07-19,84.85008239746094,84.85855596573668,84.84160236081247,84.84160236081247,747700
2022-07-20,84.85008239746094,84.85855596573668,84.85008239746094,84.85855596573668,854600
2022-07-21,84.85856628417969,84.86704632185929,84.85856628417969,84.85856628417969,865700
2022-07-22,84.87549591064453,84.87549591064453,84.85853584136972,84.87549591064453,1006500
2022-07-25,84.87549591064453,84.87549591064453,84.86701587600712,84.87549591064453,1699600
2022-07-26,84.8670425415039,84.87552257880577,84.8670425415039,84.8670425415039,658300
2022-07-27,84.88399505615234,84.88399505615234,84.86703498305911,84.86703498305911,342500
2022-07-28,84.88399505615234,84.90094866087291,84.88399505615234,84.88399505615234,1658300
2022-07-29,84.8670425415039,84.90095622233814,84.8670425415039,84.89247618503627,2338600
2022-08-01,84.90608978271484,84.90608978271484,84.89759990680595,84.90608978271484,642900
2022-08-02,84.91035461425781,84.91459631510534,84.90186473668358,84.91459631510534,351900
2022-08-03,84.92305755615234,84.92305755615234,84.90607780672954,84.91456768144094,565400
2022-08-04,84.9315414428711,84.93578961818969,84.92305804398794,84.92305804398794,638100
2022-08-05,84.9315414428711,84.94003131763127,84.92305804398794,84.9315414428711,913700
2022-08-08,84.9315414428711,84.94003131763127,84.9315414428711,84.94003131763127,513600
2022-08-09,84.94851684570312,84.94851684570312,84.93153709705162,84.94002697137736,234000
2022-08-10,84.9400405883789,84.95701386387478,84.9400405883789,84.95701386387478,453800
2022-08-11,84.95700073242188,84.97398048117097,84.94851733392404,84.97398048117097,1577700
2022-08-12,84.96549224853516,84.97398212307375,84.95700237399656,84.97398212307375,282700
2022-08-15,84.96549224853516,84.97398212307375,84.96549224853516,84.97398212307375,397400
2022-08-16,84.97395324707031,84.97395324707031,84.96546337541676,84.97395324707031,745300
2022-08-17,84.98246765136719,84.98246765136719,84.97397777726279,84.97397777726279,526400
2022-08-18,84.99095916748047,84.99944904239577,84.98247576844228,84.98247576844228,1230200
2022-08-19,84.99095916748047,85.00793891731108,84.99095916748047,84.99944904239577,625200
2022-08-22,85.02490234375,85.02490234375,84.99943919783034,84.99943919783034,1013200
2022-08-23,84.99945068359375,85.0164304337522,84.99945068359375,85.0164304337522,657900
2022-08-24,85.01643371582031,85.01643371582031,85.00794384041332,85.01643371582031,402300
2022-08-25,85.03765106201172,85.04189923777243,85.02491948648493,85.02491948648493,640400
2022-08-26,85.03765106201172,85.04189923777243,85.02491948648493,85.04189923777243,897100
2022-08-29,85.04190826416016,85.04190826416016,85.02492851107043,85.04190826416016,977800
2022-08-30,85.04190826416016,85.05039166482665,85.0334183876153,85.0334183876153,1400600
2022-08-31,85.05036926269531,85.05885913700396,85.04188586426334,85.05885913700396,890700
2022-09-01,85.07417297363281,85.07417297363281,85.05717119557333,85.07417297363281,1368400
2022-09-02,85.07417297363281,85.08267710603876,85.07417297363281,85.08267710603876,573100
2022-09-06,85.08269500732422,85.09119914151943,85.07419087312901,85.09119914151943,778200
2022-09-07,85.09969329833984,85.09969329833984,85.08269151740059,85.08269151740059,821200
2022-09-08,85.11666870117188,85.11666870117188,85.10816457060906,85.10816457060906,433700
2022-09-09,85.10819244384766,85.12520071054352,85.10819244384766,85.12520071054352,311200
2022-09-12,85.10819244384766,85.12520071054352,85.10819244384766,85.11669657719558,666300
2022-09-13,85.13369750976562,85.13369750976562,85.1166957299921,85.1166957299921,476700
2022-09-14,85.12518310546875,85.1421848818953,85.12518310546875,85.1421848818953,1081300
2022-09-15,85.15071868896484,85.15071868896484,85.13371041985904,85.13371041985904,875600
2022-09-16,85.15071868896484,85.15922282351774,85.15071868896484,85.15922282351774,1476600
2022-09-19,85.15922546386719,85.1677231119295,85.15072132905061,85.15922546386719,1143000
2022-09-20,85.17620849609375,85.18471262903823,85.16770436314928,85.18471262903823,804200
2022-09-21,85.18473052978516,85.18473052978516,85.16772226032208,85.18473052978516,1227800
2022-09-22,85.19320678710938,85.20171091970566,85.19320678710938,85.19320678710938,1182600
2022-09-23,85.21023559570312,85.21023559570312,85.19322732641001,85.20173146105657,4600400
2022-09-26,85.21023559570312,85.21023559570312,85.20173146105657,85.21023559570312,3325700
2022-09-27,85.21871185302734,85.21871185302734,85.21020772116272,85.21020772116272,1521600
2022-09-28,85.21871185302734,85.2357136300046,85.21871185302734,85.21871185302734,1412300
2022-09-29,85.24423217773438,85.25272982428406,85.2357280444316,85.25272982428406,827100
2022-09-30,85.25273132324219,85.25273132324219,85.23572954309078,85.24423367654309,1704200
2022-10-03,85.25868225097656,85.25868225097656,85.25016478262548,85.25868225097656,1338200
2022-10-04,85.26720428466797,85.26720428466797,85.25869331213745,85.26720428466797,1843100
2022-10-05,85.26720428466797,85.27572175412408,85.25869331213745,85.27572175412408,1071200
2022-10-06,85.29277038574219,85.29277038574219,85.27573544409522,85.29277038574219,1018700
2022-10-07,85.30126953125,85.30126953125,85.27572361924854,85.28424108889094,1062300
2022-10-10,85.30126953125,85.31830447053481,85.30126953125,85.31830447053481,1169800
2022-10-11,85.30978393554688,85.30978393554688,85.29104680239199,85.30126646621052,2417600
2022-10-12,85.29277038574219,85.30979883046253,85.28425291491871,85.30979883046253,4243800
2022-10-13,85.31832122802734,85.32683220241566,85.30980375671201,85.31832122802734,854200
2022-10-14,85.33533477783203,85.33533477783203,85.30978886527227,85.30978886527227,846300
2022-10-17,85.3268051147461,85.3353225833575,85.31829414305966,85.3353225833575,846200
2022-10-18,85.34386444091797,85.34386444091797,85.32682949882707,85.32682949882707,980700
2022-10-19,85.34386444091797,85.35238191196343,85.33534696987252,85.33534696987252,1640700
2022-10-20,85.36087799072266,85.36939546028182,85.36087799072266,85.36939546028182,853700
2022-10-21,85.37791442871094,85.37791442871094,85.36087948929354,85.37791442871094,2200100
2022-10-24,85.38642883300781,85.38642883300781,85.36940038983187,85.36940038983187,596900
2022-10-25,85.37791442871094,85.39494287120255,85.37791442871094,85.38642540149385,1384100
2022-10-26,85.37791442871094,85.40346034091124,85.37791442871094,85.40346034091124,1831900
2022-10-27,85.42049407958984,85.42049407958984,85.40346563604245,85.41198310627924,1775400
2022-10-28,85.42049407958984,85.42901154982664,85.41198310627924,85.42901154982664,1064300
2022-10-31,85.42049407958984,85.42901154982664,85.42049407958984,85.42049407958984,906400
2022-11-01,85.42986297607422,85.43839444423855,85.42986297607422,85.42986297607422,1764200
2022-11-02,85.44693756103516,85.44693756103516,85.4383995797865,85.4383995797865,926900
2022-11-03,85.4811019897461,85.4811019897461,85.464032536023,85.47256400659806,1434100
2022-11-04,85.4896469116211,85.4896469116211,85.47257094393909,85.4811089277801,1553200
2022-11-07,85.49817657470703,85.49817657470703,85.48110060868687,85.48110060868687,1200100
2022-11-08,85.5066909790039,85.5066909790039,85.49815951026946,85.49815951026946,1239400
2022-11-09,85.53231048583984,85.54084846835124,85.51524103338953,85.53914217436346,968700
2022-11-10,85.54083251953125,85.54937050045078,85.52376307026348,85.54083251953125,1936300
2022-11-11,85.54939270019531,85.54939270019531,85.5152472802279,85.54085471706023,1748200
2022-11-14,85.54939270019531,85.54939270019531,85.54085471706023,85.54085471706023,2889500
2022-11-15,85.54939270019531,85.55793068333041,85.54085471706023,85.55793068333041,2778700
2022-11-16,85.54083251953125,85.56643994971854,85.54083251953125,85.55790848137029,1777700
2022-11-17,85.58354187011719,85.58354187011719,85.575003886608,85.575003886608,905100
2022-11-18,85.58354187011719,85.59207334105315,85.58354187011719,85.59207334105315,737300
2022-11-21,85.6006088256836,85.6006088256836,85.59207084242364,85.59207084242364,543200
2022-11-22,85.62623596191406,85.62623596191406,85.60916650404023,85.61770448926441,1424500
2022-11-23,85.64326477050781,85.64326477050781,85.63472678998531,85.64326477050781,642700
2022-11-25,85.65180969238281,85.65180969238281,85.64327822309117,85.64327822309117,518900
2022-11-28,85.66888427734375,85.66888427734375,85.65180831389132,85.66888427734375,911000
2022-11-29,85.66888427734375,85.6859537282243,85.66888427734375,85.67742225906997,1027500
2022-11-30,85.67745971679688,85.6945291751401,85.67745971679688,85.68599118968113,1182400
2022-12-01,85.7142333984375,85.72279552230506,85.7142333984375,85.7142333984375,2424800
2022-12-02,85.72276306152344,85.73132518214877,85.71420094089812,85.73132518214877,1084500
2022-12-05,85.74848937988281,85.74848937988281,85.73137166033648,85.73993378560365,1528400
2022-12-06,85.76560974121094,85.76560974121094,85.74848549145312,85.74848549145312,1681600
2022-12-07,85.75703430175781,85.77415201787024,85.75703430175781,85.77415201787024,1659700
2022-12-08,85.79985046386719,85.79985046386719,85.79128833911261,85.79985046386719,964100
2022-12-09,85.79985046386719,85.80840605763414,85.79985046386719,85.79985046386719,564000
2022-12-12,85.81695556640625,85.81695556640625,85.8083934429104,85.8083934429104,657600
2022-12-13,85.82551574707031,85.83407133938584,85.81695362376827,85.83407133938584,719700
2022-12-14,85.82551574707031,85.83407133938584,85.82551574707031,85.82551574707031,856400
2022-12-15,85.85730743408203,85.86589757587308,85.84871729229098,85.85730743408203,1977200
2022-12-16,85.86588287353516,85.86588287353516,85.84870259289475,85.86588287353516,2045200
2022-12-19,85.86588287353516,85.87446646149813,85.86588287353516,85.87446646149813,1939900
2022-12-20,85.88304901123047,85.90022273799579,85.88304901123047,85.89163915079146,3801300
2022-12-21,85.88304901123047,85.90022273799579,85.88304901123047,85.90022273799579,1293400
2022-12-22,85.93457794189453,85.94316808157527,85.92599435457052,85.94316808157527,1303700
2022-12-23,85.93457794189453,85.951758221256,85.92599435457052,85.94316808157527,1577400
2022-12-27,85.9603271484375,85.9603271484375,85.94315342436167,85.95174356257739,1041700
2022-12-28,85.96894836425781,85.97753850557885,85.96035822293676,85.96894836425781,1368500
2022-12-29,86.00328063964844,86.01187077879831,85.99469050049856,85.99469050049856,10884200
2022-12-30,86.00328063964844,86.01187077879831,85.98610691370503,86.01187077879831,1916900
2023-01-03,86.02046203613281,86.02046203613281,86.01187189687127,86.01187189687127,1660100
2023-01-04,86.01190185546875,86.0376657298707,86.01190185546875,86.02907558761714,908200
2023-01-05,86.04623413085938,86.05481771858541,86.04623413085938,86.04623413085938,1809200
2023-01-06,86.06342315673828,86.06342315673828,86.04624942587648,86.06342315673828,1766200
2023-01-09,86.06342315673828,86.06342315673828,86.04624942587648,86.05483301512827,9842300
2023-01-10,86.06342315673828,86.0806034399583,86.06342315673828,86.0806034399583,2523900
2023-01-11,86.06342315673828,86.0806034399583,86.06342315673828,86.07201329834828,3007500
2023-01-12,86.12351989746094,86.12351989746094,86.10634617081578,86.10634617081578,865400
2023-01-13,86.13213348388672,86.13213348388672,86.11495320020815,86.11495320020815,1120200
2023-01-17,86.12351989746094,86.14070017646269,86.12351989746094,86.12351989746094,939800
2023-01-18,86.1492919921875,86.1492919921875,86.13211826390199,86.13211826390199,1381400
2023-01-19,86.1664810180664,86.17506460690171,86.1664810180664,86.17506460690171,1467700
2023-01-20,86.18364715576172,86.18364715576172,86.17505701532527,86.18364715576172,1379900
2023-01-23,86.18364715576172,86.20082743663463,86.18364715576172,86.19223729619817,2633000
2023-01-24,86.20940399169922,86.20940399169922,86.19223026458467,86.20082040432034,1226600
2023-01-25,86.21800231933594,86.21800231933594,86.20941217878449,86.21800231933594,1176000
2023-01-26,86.24378204345703,86.24378204345703,86.235198453685,86.24378204345703,1151800
2023-01-27,86.25235748291016,86.2609476235765,86.25235748291016,86.2609476235765,2232000
2023-01-30,86.27810668945312,86.27810668945312,86.26093296339661,86.26093296339661,1174600
2023-01-31,86.27810668945312,86.28669682865957,86.27810668945312,86.27810668945312,1421600
2023-02-01,86.29019165039062,86.30743299862199,86.29019165039062,86.30743299862199,1804300
2023-02-02,86.33330535888672,86.33330535888672,86.32037270211816,86.32468797314571,2411400
2023-02-03,86.34193420410156,86.34193420410156,86.32469285348776,86.34193420410156,1896400
2023-02-06,86.34193420410156,86.35918213287279,86.34193420410156,86.35055816848718,1695900
2023-02-07,86.35919189453125,86.3678092817335,86.35056792917082,86.36350058813238,1221700
2023-02-08,86.36779022216797,86.37641418562526,86.35917283686739,86.36779022216797,2473800
2023-02-09,86.40229797363281,86.40229797363281,86.39367400833142,86.39367400833142,1081100
2023-02-10,86.41089630126953,86.41089630126953,86.40227233852681,86.41089630126953,1425500
2023-02-13,86.42813873291016,86.42813873291016,86.41089738536459,86.4195213482155,2398700
2023-02-14,86.4195327758789,86.43677412570437,86.4195327758789,86.42815016171308,1309900
2023-02-15,86.44538879394531,86.44538879394531,86.42814086781743,86.43676483088137,1216900
2023-02-16,86.47990417480469,86.48852156231364,86.47128020913732,86.47990417480469,1744500
2023-02-17,86.48847198486328,86.49709594558716,86.48847198486328,86.49709594558716,1228600
2023-02-21,86.50575256347656,86.514369949299,86.50575256347656,86.514369949299,2903100
2023-02-22,86.52299499511719,86.52299499511719,86.51437103102981,86.52299499511719,9440100
2023-02-23,86.55747985839844,86.55747985839844,86.54023850926029,86.55747985839844,1708000
2023-02-24,86.56610870361328,86.56610870361328,86.55748473947946,86.56610870361328,2364400
2023-02-27,86.57472229003906,86.5833396749827,86.57472229003906,86.57472229003906,1759100
2023-02-28,86.59195709228516,86.59195709228516,86.5747157455448,86.59195709228516,1561400
2023-03-01,86.59890747070312,86.60754877802196,86.59025956696648,86.59890747070312,2607600
2023-03-02,86.64213562011719,86.64213562011719,86.63348771619853,86.64213562011719,3157500
2023-03-03,86.65074920654297,86.65074920654297,86.62481210147716,86.62481210147716,2467400
2023-03-06,86.64213562011719,86.6594314279545,86.64213562011719,86.6594314279545,1563600
2023-03-07,86.66802978515625,86.66802978515625,86.65938848193792,86.66802978515625,1258000
2023-03-08,86.67671966552734,86.67671966552734,86.65943045430222,86.67671966552734,1381400
2023-03-09,86.70263671875,86.71128462057048,86.69398881692952,86.69485954388627,3052300
2023-03-10,86.7199478149414,86.72858912186939,86.71129991159592,86.7199478149414,3660800
2023-03-13,86.7458724975586,86.75451380324826,86.73722459545237,86.75451380324826,6303300
2023-03-14,86.76316833496094,86.76316833496094,86.74587912584398,86.76316833496094,2820100
2023-03-15,86.79774475097656,86.79774475097656,86.77180764166208,86.78045554357237,4904300
2023-03-16,86.81502532958984,86.82366663356827,86.80637742919617,86.82366663356827,2073800
2023-03-17,86.82366943359375,86.84096523493888,86.81502812933664,86.82366943359375,3651500
2023-03-20,86.83232116699219,86.84961037268498,86.83232116699219,86.84961037268498,2371500
2023-03-21,86.8582534790039,86.8582534790039,86.8409642742655,86.8582534790039,1727800
2023-03-22,86.84961700439453,86.87556070953838,86.84961700439453,86.86691280782377,2389900
2023-03-23,86.88422393798828,86.9015197457817,86.88422393798828,86.892871841885,2302600
2023-03-24,86.91876983642578,86.91876983642578,86.90148063283188,86.91012193642136,3171100
2023-03-27,86.90149688720703,86.91878609403477,86.90149688720703,86.90149688720703,1457100
2023-03-28,86.92743682861328,86.94472603600447,86.92743682861328,86.92743682861328,1819600
2023-03-29,86.93608093261719,86.94472223772708,86.93608093261719,86.94472223772708,1724900
2023-03-30,86.95336151123047,86.96200941189838,86.95336151123047,86.96200941189838,2052700
2023-03-31,86.96202850341797,86.96202850341797,86.94041204521028,86.96202850341797,5189500
2023-04-03,86.9724349975586,86.9724349975586,86.96375585843852,86.9724349975586,3136300
2023-04-04,86.98980712890625,86.98980712890625,86.97245546682574,86.97245546682574,3701400
2023-04-05,87.02448272705078,87.04183438228306,87.02448272705078,87.0331618647881,2504500
2023-04-06,87.05052185058594,87.05052185058594,87.04184271201804,87.05052185058594,1478000
2023-04-10,87.05921173095703,87.05921173095703,87.04185345167949,87.05486885101574,3470600
2023-04-11,87.05921173095703,87.07656338999077,87.05921173095703,87.07656338999077,2727900
2023-04-12,87.07657623291016,87.08525537382901,87.0678970919913,87.07657623291016,10695300
2023-04-13,87.12862396240234,87.12862396240234,87.1112656846479,87.11994482352512,1510900
2023-04-14,87.13729858398438,87.13729858398438,87.11994692605442,87.11994692605442,1791500
2023-04-17,87.13729858398438,87.14597772307106,87.13729858398438,87.13729858398438,1412000
2023-04-18,87.15467071533203,87.16334323555381,87.15467071533203,87.15467071533203,1103200
2023-04-19,87.1806869506836,87.1806869506836,87.1633286726513,87.17200781166744,1948100
2023-04-20,87.21539306640625,87.21539306640625,87.20671392777025,87.21539306640625,1421500
2023-04-21,87.22406768798828,87.22406768798828,87.21539516938623,87.22406768798828,1293100
2023-04-24,87.23273468017578,87.23273468017578,87.22405554253903,87.22405554253903,1508900
2023-04-25,87.23273468017578,87.24141381781253,87.21538302514458,87.24141381781253,1922100
2023-04-26,87.23273468017578,87.24141381781253,87.23273468017578,87.23273468017578,1942700
2023-04-27,87.25878143310547,87.27613971155391,87.25878143310547,87.25878143310547,2307900
2023-04-28,87.25878143310547,87.2674605723297,87.25878143310547,87.25878143310547,2363900
2023-05-01,87.26922607421875,87.29535873786853,87.26922607421875,87.28664563460178,3549800
2023-05-02,87.2866439819336,87.29535708503538,87.27793752498216,87.29535708503538,1648600
2023-05-03,87.2866439819336,87.29535708503538,87.2866439819336,87.29535708503538,1600900
2023-05-04,87.3302230834961,87.3302230834961,87.31280351940721,87.31280351940721,4615700
2023-05-05,87.33891296386719,87.3476194205205,87.33019986106375,87.3476194205205,2130900
2023-05-08,87.34764099121094,87.3563540961661,87.34764099121094,87.34764099121094,2293300
2023-05-09,87.35636138916016,87.3737876005253,87.35636138916016,87.3737876005253,1693100
2023-05-10,87.37374114990234,87.39116070585439,87.37374114990234,87.37374114990234,1603000
2023-05-11,87.426025390625,87.4347384935617,87.4173122876883,87.4173122876883,2600800
2023-05-12,87.44346618652344,87.44346618652344,87.42604662256981,87.43475972762255,1785600
2023-05-15,87.43475341796875,87.45217298066531,87.43475341796875,87.44345987624136,1435800
2023-05-16,87.46087646484375,87.46087646484375,87.4521633613782,87.4521633613782,1270500
2023-05-17,87.46959686279297,87.47830332083397,87.46088375860077,87.46959686279297,1095500
2023-05-18,87.49574279785156,87.51316236272642,87.49574279785156,87.49574279785156,1892500
2023-05-19,87.50442504882812,87.51313815193113,87.49571859187546,87.50442504882812,1328000
2023-05-22,87.51312255859375,87.52183566014425,87.50440945704327,87.51312255859375,1356300
2023-05-23,87.53057861328125,87.53928507165183,87.52186550875923,87.53057861328125,1877900
2023-05-24,87.53057861328125,87.54799817617386,87.53057861328125,87.53928507165183,2186900
2023-05-25,87.58280944824219,87.59152254933201,87.57409634715236,87.59152254933201,2024700
2023-05-26,87.60897064208984,87.60897064208984,87.60025753816191,87.60897064208984,1473700
2023-05-30,87.62638854980469,87.62638854980469,87.61768209219207,87.61768209219207,2039800
2023-05-31,87.62638854980469,87.64381475733163,87.62638854980469,87.63510165356816,3443000
2023-06-01,87.68939208984375,87.68939208984375,87.67189071867196,87.68939208984375,3887000
2023-06-02,87.68939208984375,87.69813610061227,87.68939208984375,87.69813610061227,2531700
2023-06-05,87.7069091796875,87.7069091796875,87.69815849186736,87.69815849186736,2639000
2023-06-06,87.73312377929688,87.73312377929688,87.71562908461527,87.7243730945477,2431700
2023-06-07,87.74188995361328,87.74188995361328,87.7331392673193,87.7331392673193,2451600
2023-06-08,87.77688598632812,87.78562999780044,87.7681353000379,87.77688598632812,1433100
2023-06-09,87.78560638427734,87.79435706821373,87.7768623751571,87.78560638427734,2619600
2023-06-12,87.80310821533203,87.80310821533203,87.78560684736695,87.80310821533203,1647000
2023-06-13,87.81187438964844,87.81187438964844,87.80312370412224,87.80312370412224,2320600
2023-06-14,87.82936096191406,87.82936096191406,87.82061027719729,87.82936096191406,1624100
2023-06-15,87.87312316894531,87.88186718038358,87.86437248268916,87.88186718038358,1901500
2023-06-16,87.87312316894531,87.89061786663974,87.87312316894531,87.89061786663974,2270100
2023-06-20,87.89934539794922,87.90809608190023,87.89059471399821,87.90809608190023,3109100
2023-06-21,87.9081039428711,87.91684795278788,87.89935325813758,87.9081039428711,1798200
2023-06-22,87.94310760498047,87.95185829113419,87.94310760498047,87.94310760498047,1363200
2023-06-23,87.96058654785156,87.96058654785156,87.95183586392922,87.96058654785156,1187700
2023-06-26,87.9693374633789,87.97808147250815,87.9693374633789,87.9693374633789,2400900
2023-06-27,87.97808837890625,87.99558974817089,87.97808837890625,87.98683906353857,1668000
2023-06-28,88.00434875488281,88.00434875488281,87.98685405745354,87.99560474357708,2234700
2023-06-29,88.03932189941406,88.03932189941406,88.02182720654035,88.02182720654035,2015600
2023-06-30,88.03932189941406,88.04807258325894,88.03932189941406,88.04807258325894,4448700
2023-07-03,88.08064270019531,88.08064270019531,88.06306850173564,88.07185560096548,3589900
2023-07-05,88.08941650390625,88.08941650390625,88.08063610792642,88.08063610792642,2078500
2023-07-06,88.12454986572266,88.12454986572266,88.11576947057279,88.12454986572266,6204900
2023-07-07,88.13333129882812,88.13333129882812,88.11576380706579,88.13333129882812,2019400
2023-07-10,88.1421127319336,88.15089312595488,88.1421127319336,88.15089312595488,2072800
2023-07-11,88.1509017944336,88.15968889190984,88.1509017944336,88.1509017944336,2155900
2023-07-12,88.1684799194336,88.17726701730152,88.15969282156567,88.1684799194336,2323900
2023-07-13,88.20361328125,88.21240037828835,88.20361328125,88.20361328125,2442000
2023-07-14,88.21239471435547,88.22117510823887,88.21239471435547,88.22117510823887,4713700
2023-07-17,88.22994995117188,88.23873704642567,88.2211628559181,88.23434014750386,1728200
2023-07-18,88.23877716064453,88.24755755730015,88.23877716064453,88.24316735897234,1857600
2023-07-19,88.25630950927734,88.25630950927734,88.24752241352824,88.24752241352824,1467800
2023-07-20,88.29149627685547,88.29149627685547,88.28270917661912,88.29149627685547,1409500
2023-07-21,88.30024719238281,88.30024719238281,88.29146009574734,88.30024719238281,1452700
2023-07-24,88.31782531738281,88.31782531738281,88.3090382196893,88.31782531738281,1536000
2023-07-25,88.32660675048828,88.33539384761826,88.3178196533583,88.32660675048828,1282900
2023-07-26,88.34418487548828,88.34418487548828,88.32661738170509,88.34418487548828,1641900
2023-07-27,88.37932586669922,88.37932586669922,88.3705387685811,88.3705387685811,1512500
2023-07-28,88.39691162109375,88.39691162109375,88.37933742255962,88.37933742255962,1323400
2023-07-31,88.39691162109375,88.40569201776793,88.39691162109375,88.39691162109375,3955300
2023-08-01,88.41629028320312,88.42511614954384,88.41629028320312,88.42511614954384,4694200
2023-08-02,88.4427719116211,88.4427719116211,88.43394604487827,88.4427719116211,2059600
2023-08-03,88.46924591064453,88.47806504553566,88.46924591064453,88.46924591064453,2615000
2023-08-04,88.4869155883789,88.4869155883789,88.47808971886252,88.4869155883789,2250100
2023-08-07,88.4957275390625,88.50455340719073,88.4957275390625,88.50455340719073,2017300
2023-08-08,88.50453186035156,88.5221768601474,88.50453186035156,88.51335099416787,2138300
2023-08-09,88.5310287475586,88.5310287475586,88.52220287898493,88.5310287475586,1914100
2023-08-10,88.5574722290039,88.56629809484761,88.5574722290039,88.56629809484761,3643500
2023-08-11,88.56632232666016,88.57514146275366,88.56632232666016,88.57514146275366,1948300
2023-08-14,88.5927734375,88.5927734375,88.58394757121026,88.58394757121026,2367100
2023-08-15,88.60160064697266,88.61041978123264,88.59277478054912,88.60160064697266,2725000
2023-08-16,88.6192398071289,88.6192398071289,88.61041394128705,88.6192398071289,3010900
2023-08-17,88.6545639038086,88.6545639038086,88.6457380352424,88.6457380352424,5092100
2023-08-18,88.66337585449219,88.66337585449219,88.65454998731144,88.66337585449219,2604900
2023-08-21,88.67221069335938,88.68103656210319,88.67221069335938,88.67221069335938,1967100
2023-08-22,88.68102264404297,88.6898485114016,88.68102264404297,88.6898485114016,2327200
2023-08-23,88.7074966430664,88.7074966430664,88.68985163989097,88.7074966430664,2200200
2023-08-24,88.74281311035156,88.74281311035156,88.73398724071949,88.74281311035156,2699900
2023-08-25,88.7516098022461,88.7516098022461,88.74278393551558,88.7516098022461,1902900
2023-08-28,88.76924896240234,88.76924896240234,88.76042309625258,88.76924896240234,1406500
2023-08-29,88.78691101074219,88.78691101074219,88.76925927639174,88.77808514356695,2521800
2023-08-30,88.78691101074219,88.79573014575328,88.78691101074219,88.78691101074219,1908500
2023-08-31,88.83098602294922,88.83981188606484,88.82216689199464,88.82216689199464,4114400
2023-09-01,88.85848999023438,88.85848999023438,88.84963293612675,88.85848999023438,6907600
2023-09-05,88.86737823486328,88.87624205251755,88.86737823486328,88.87181352424635,2632600
2023-09-06,88.88509368896484,88.88509368896484,88.87622987252531,88.88509368896484,2724500
2023-09-07,88.92940521240234,88.92940521240234,88.9116843394459,88.92054139536842,2697700
2023-09-08,88.9382553100586,88.9382553100586,88.92939149439198,88.92939149439198,2149500
2023-09-11,88.9471206665039,88.9559777212136,88.9471206665039,88.9471206665039,1968400
2023-09-12,88.95597076416016,88.9648345792871,88.95597076416016,88.9648345792871,1728600
2023-09-13,88.9825668334961,88.9825668334961,88.964839202321,88.97370301790855,2152000
2023-09-14,89.0091781616211,89.01803521874946,89.0091781616211,89.01803521874946,2075300
2023-09-15,89.0268783569336,89.0268783569336,89.01801454075189,89.02244982939811,2323300
2023-09-18,89.03575134277344,89.04461515986802,89.03575134277344,89.03575134277344,2307700
2023-09-19,89.04460144042969,89.05345849504819,89.04460144042969,89.04460144042969,1702900
2023-09-20,89.07118225097656,89.07118225097656,89.05345462029011,89.06231843563333,1965900
2023-09-21,89.09776306152344,89.10662687648123,89.09776306152344,89.10662687648123,3186500
2023-09-22,89.11551666259766,89.11551666259766,89.10665960549646,89.10665960549646,3379500
2023-09-25,89.13320922851562,89.13320922851562,89.12434541378971,89.13320922851562,2866300
2023-09-26,89.13320922851562,89.1420662821319,89.13320922851562,89.1420662821319,2836000
2023-09-27,89.1598129272461,89.1598129272461,89.14208529401338,89.1598129272461,3450300
2023-09-28,89.18638610839844,89.1952499238711,89.18638610839844,89.18638610839844,2880000
2023-09-29,89.21296691894531,89.21296691894531,89.1509337355513,89.19081076178104,5697300
2023-10-02,89.22364807128906,89.22364807128906,89.21475461970404,89.22364807128906,6244400
2023-10-03,89.2325668334961,89.25036731814961,89.2325668334961,89.24146707582285,4955000
2023-10-04,89.25035858154297,89.25035858154297,89.24145834008743,89.25035858154297,3347400
2023-10-05,89.3037338256836,89.3037338256836,89.29483358548649,89.29483358548649,3345400
2023-10-06,89.31263732910156,89.32153078072949,89.29483684805696,89.29483684805696,3186900
2023-10-09,89.32152557373047,89.33042581373392,89.32152557373047,89.33042581373392,2533900
2023-10-10,89.32152557373047,89.33042581373392,89.32152557373047,89.32597908817918,2865400
2023-10-11,89.33932495117188,89.33932495117188,89.33042471127825,89.33932495117188,2673500
2023-10-12,89.38381958007812,89.38381958007812,89.36602588778985,89.36602588778985,2064200
2023-10-13,89.38381958007812,89.39271982066947,89.38381958007812,89.39271982066947,2499400
2023-10-16,89.4105224609375,89.4105224609375,89.40162222013123,89.40162222013123,2622000
2023-10-17,89.41943359375,89.41943359375,89.41054014007982,89.41943359375,2367400
2023-10-18,89.43721008300781,89.43721008300781,89.42830984282962,89.43721008300781,5428500
2023-10-19,89.47281646728516,89.47281646728516,89.46391622589213,89.47281646728516,2599100
2023-10-20,89.4906234741211,89.4906234741211,89.48172323140405,89.4906234741211,2817300
2023-10-23,89.50840759277344,89.50840759277344,89.49951413990408,89.50396086633876,2585300
2023-10-24,89.51729583740234,89.51729583740234,89.50839559683048,89.51729583740234,2151500
2023-10-25,89.51729583740234,89.53509631854608,89.51729583740234,89.5261960779742,3023800
2023-10-26,89.5706787109375,89.5706787109375,89.55287823213503,89.5706787109375,2870600
2023-10-27,89.5706787109375,89.57957216144523,89.5706787109375,89.57957216144523,3906000
2023-10-30,89.5884780883789,89.59737832834517,89.5884780883789,89.5884780883789,3542400
2023-10-31,89.60627746582031,89.60627746582031,89.5973840141836,89.5973840141836,4720800
2023-11-01,89.6214828491211,89.63042099123348,89.61254470700871,89.61701718696732,9100400
2023-11-02,89.65723419189453,89.66616551675915,89.64829604922465,89.64829604922465,3989700
2023-11-03,89.66615295410156,89.67509109551916,89.66615295410156,89.66615295410156,3352000
2023-11-06,89.68404388427734,89.68404388427734,89.67510574139996,89.67778513892156,3746500
2023-11-07,89.68404388427734,89.70191335222673,89.68404388427734,89.70191335222673,3550900
2023-11-08,89.701904296875,89.71084243885008,89.701904296875,89.70905617401601,3479900
2023-11-09,89.74659729003906,89.75553543292055,89.73765914715757,89.73765914715757,2604100
2023-11-10,89.74659729003906,89.76446675799664,89.74659729003906,89.76446675799664,3029700
2023-11-13,89.75553894042969,89.77340840908558,89.75553894042969,89.7644702658548,7757900
2023-11-14,89.79124450683594,89.79124450683594,89.78230636760568,89.79124450683594,3774800
2023-11-15,89.79124450683594,89.80017582826358,89.79124450683594,89.79124450683594,3981800
2023-11-16,89.8359603881836,89.84489853127629,89.8359603881836,89.8359603881836,2420200
2023-11-17,89.85381317138672,89.85381317138672,89.84487503063197,89.84487503063197,2158800
2023-11-20,89.86276245117188,89.87170059371269,89.86276245117188,89.87170059371269,2597700
2023-11-21,89.88954162597656,89.89847976568996,89.88061030406615,89.88061030406615,2011400
2023-11-22,89.9253158569336,89.93425399947874,89.9253158569336,89.93425399947874,2190400
2023-11-24,89.9521255493164,89.9521255493164,89.94318740724178,89.9521255493164,1104400
2023-11-27,89.9521255493164,89.96999501566087,89.9521255493164,89.96999501566087,2890600
2023-11-28,89.96105194091797,89.97892822408704,89.96105194091797,89.9699900825025,1779200
2023-11-29,89.98784637451172,89.98784637451172,89.96997691176297,89.97444257299931,2921000
2023-11-30,90.01466369628906,90.02359501904957,90.00572555572492,90.00572555572492,6294600
2023-12-01,90.0443115234375,90.0443115234375,90.035333897108,90.0443115234375,6708000
2023-12-04,90.05326080322266,90.06223157880594,90.04428317971909,90.05326080322266,3521600
2023-12-05,90.07123565673828,90.07123565673828,90.05328725237989,90.07123565673828,2138900
2023-12-06,90.07123565673828,90.08021328287865,90.07123565673828,90.07123565673828,2371200
2023-12-07,90.11610412597656,90.1250817508404,90.10712650111272,90.11610412597656,2551100
2023-12-08,90.12508392333984,90.12508392333984,90.1161062982596,90.12508392333984,2503500
2023-12-11,90.14303588867188,90.14303588867188,90.13405826323678,90.14303588867188,2478600
2023-12-12,90.15202331542967,90.16099409391832,90.15202331542967,90.16099409391832,2250300
2023-12-13,90.16098022460938,90.16995784963952,90.16098022460938,90.16995784963952,4326000
2023-12-14,90.21057891845705,90.21959051486056,90.20156044297228,90.21057891845705,5268100
2023-12-15,90.21958923339844,90.22860770875508,90.21958923339844,90.21958923339844,3426500
2023-12-18,90.2285614013672,90.23757987209537,90.2285614013672,90.23757987209537,4107700
2023-12-19,90.25566864013672,90.25566864013672,90.23763856603054,90.2466501635426,4336200
2023-12-20,90.26466369628906,90.27368217054322,90.25564522203491,90.26466369628906,4477200
2023-12-21,90.31875610351562,90.31875610351562,90.30974450880872,90.30974450880872,4097500
2023-12-22,90.32777404785156,90.32777404785156,90.3187555741176,90.3187555741176,3353700
2023-12-26,90.3367919921875,90.34580358678878,90.3367919921875,90.3367919921875,2559900
2023-12-27,90.3458023071289,90.35482078068227,90.3458023071289,90.35482078068227,3096500
2023-12-28,90.39990234375,90.40891393783232,90.39990234375,90.39990234375,3386700
2023-12-29,90.40892791748048,90.41794639203673,90.40892791748048,90.40892791748048,3189200
2024-01-02,90.4269561767578,90.4359746504474,90.4179377030682,90.4269561767578,5286200
2024-01-03,90.43600463867188,90.45403471294992,90.43600463867188,90.43600463867188,4597300
2024-01-04,90.48107147216795,90.49008994767274,90.48107147216795,90.48107147216795,2794100
2024-01-05,90.49008178710938,90.49910026180083,90.49008178710938,90.49008178710938,3491200
2024-01-08,90.51712036132812,90.51712036132812,90.50810188763006,90.51712036132812,2867500
2024-01-09,90.52616119384766,90.52616119384766,90.51714271792216,90.52616119384766,2419800
2024-01-10,90.54418182373048,90.54418182373048,90.53517022782634,90.54418182373048,1961400
2024-01-11,90.59825897216795,90.59825897216795,90.580222027538,90.580222027538,3164900
2024-01-12,90.60730743408205,90.60730743408205,90.598295837179,90.598295837179,2557900
2024-01-16,90.6163330078125,90.62535148450354,90.6163330078125,90.62535148450354,2713000
2024-01-17,90.62532806396484,90.63433965924486,90.62532806396484,90.63433965924486,2317700
2024-01-18,90.66138458251952,90.67039617675589,90.66138458251952,90.67039617675589,2672000
2024-01-19,90.68843841552734,90.68843841552734,90.67040146784296,90.67941994168515,3630100
2024-01-22,90.69744873046876,90.70646720418368,90.6884371358337,90.70196140686616,4307000
2024-01-23,90.7154769897461,90.7154769897461,90.7064585168949,90.7064585168949,2066200
2024-01-24,90.7245101928711,90.7245101928711,90.71549171855564,90.71549171855564,3441600
2024-01-25,90.7695541381836,90.7695541381836,90.75152407551931,90.75152407551931,2426000
2024-01-26,90.7695541381836,90.77857260905458,90.7695541381836,90.77857260905458,2059100
2024-01-29,90.77861785888672,90.79664793053831,90.77861785888672,90.78763633425308,2914400
2024-01-30,90.80565643310548,90.80565643310548,90.79663795872956,90.79663795872956,3741000
2024-01-31,90.80565643310548,90.81467490748138,90.80565643310548,90.80565643310548,5171300
2024-02-01,90.85819244384766,90.86725211925985,90.85819244384766,90.86725211925985,7038600
2024-02-02,90.86725616455078,90.86725616455078,90.85819648873527,90.86725616455078,3864800
2024-02-05,90.88536071777344,90.88536071777344,90.87630795325148,90.88536071777344,3969400
2024-02-06,90.89439392089844,90.90345359328911,90.88533424850772,90.89439392089844,2167300
2024-02-07,90.91254425048828,90.91254425048828,90.90348457500988,90.91254425048828,2621200
2024-02-08,90.93970489501952,90.957817333184,90.93970489501952,90.93970489501952,3838700
2024-02-09,90.96688842773438,90.96688842773438,90.95330236977873,90.9578287522614,3232500
2024-02-12,90.96688842773438,90.98500086817272,90.96688842773438,90.97594810320736,2792700
2024-02-13,90.98499298095705,90.98499298095705,90.97594021677642,90.98499298095705,3009000
2024-02-14,91.0031280517578,91.0031280517578,90.99406837550508,91.0031280517578,2614100
2024-02-15,91.04840087890624,91.0574605539915,91.04840087890624,91.0574605539915,2577800
2024-02-16,91.05747985839844,91.06653953540436,91.05747985839844,91.06653953540436,2920700
2024-02-20,91.07559204101562,91.08464480679996,91.06653236472307,91.07559204101562,3268600
2024-02-21,91.08462524414062,91.10274459283416,91.08462524414062,91.0936849184874,2302700
2024-02-22,91.12086486816406,91.12992454329004,91.12086486816406,91.12086486816406,2452200
2024-02-23,91.14804077148438,91.14804077148438,91.13898800648948,91.14804077148438,2010100
2024-02-26,91.15708923339844,91.1661489077865,91.15708923339844,91.15708923339844,2645100
2024-02-27,91.17520904541016,91.17520904541016,91.16614937097606,91.17520904541016,2360300
2024-02-28,91.18424987792967,91.18424987792967,91.17519711518696,91.17519711518696,4526200
2024-02-29,91.21144104003906,91.22050071518017,91.21144104003906,91.21144104003906,5560200
2024-03-01,91.23873138427734,91.23873138427734,91.2296346715224,91.23873138427734,7579200
2024-03-04,91.2478256225586,91.25691539630829,91.2478256225586,91.2478256225586,3613500
2024-03-05,91.25691223144533,91.2660089436381,91.25691223144533,91.25691223144533,3905300
2024-03-06,91.2751007080078,91.28419741970748,91.26600399630814,91.2751007080078,2760000
2024-03-07,91.3205795288086,91.3205795288086,91.31148281688968,91.3205795288086,2415500
2024-03-08,91.3296890258789,91.3387857397624,91.32059925075504,91.3387857397624,3748900
2024-03-11,91.34784698486328,91.34784698486328,91.3387502745119,91.34784698486328,3238400
2024-03-12,91.35694885253906,91.3660455640949,91.35694885253906,91.35694885253906,2613300
2024-03-13,91.36605072021484,91.37514743228404,91.36605072021484,91.36605072021484,2249300
2024-03-14,91.40242767333984,91.4115243851148,91.40242767333984,91.40242767333984,3469600
2024-03-15,91.42063903808594,91.42063903808594,91.41154926259524,91.42063903808594,3277300
2024-03-18,91.42970275878906,91.43879946975702,91.42970275878906,91.43879946975702,3576200
2024-03-19,91.44790649414062,91.45699626737633,91.44790649414062,91.45699626737633,2661900
2024-03-20,91.45702362060548,91.46612033532,91.45702362060548,91.45702362060548,2492700
2024-03-21,91.4933853149414,91.50248202784388,91.4933853149414,91.4933853149414,3547400
2024-03-22,91.51158142089844,91.52067119530822,91.50248470772956,91.52067119530822,2636700
2024-03-25,91.52977752685548,91.53887424098028,91.52977752685548,91.52977752685548,2422900
2024-03-26,91.53885650634766,91.54795321871008,91.53885650634766,91.53885650634766,3181700
2024-03-27,91.58432006835938,91.5934167801137,91.58432006835938,91.5934167801137,2990800
2024-03-28,91.59342956542967,91.6025262784538,91.59342956542967,91.6025262784538,5425800
2024-04-01,91.62083435058594,91.62997189229856,91.62083435058594,91.62997189229856,7395400
2024-04-02,91.63909149169922,91.63909149169922,91.629960920982,91.63909149169922,4202900
2024-04-03,91.64823150634766,91.65736904721284,91.64823150634766,91.64823150634766,4333600
2024-04-04,91.69391632080078,91.69391632080078,91.684778779529,91.684778779529,3427500
2024-04-05,91.70304870605467,91.7121862475072,91.70304870605467,91.7121862475072,3104200
2024-04-08,91.7213363647461,91.7213363647461,91.71219882204072,91.7213363647461,3511400
2024-04-09,91.73046112060548,91.73046112060548,91.72132357917386,91.73046112060548,3578500
2024-04-10,91.7487335205078,91.7487335205078,91.73046540669291,91.73959597864923,3893100
2024-04-11,91.7852783203125,91.7852783203125,91.77614077829442,91.77614077829442,3521100
2024-04-12,91.79439544677734,91.79439544677734,91.7852579067915,91.79439544677734,4235400
2024-04-15,91.81269073486328,91.81269073486328,91.80355319217256,91.80355319217256,4144700
2024-04-16,91.81269073486328,91.8309588503418,91.81269073486328,91.821828277554,4850000
2024-04-17,91.84007263183594,91.84007263183594,91.83093509150932,91.84007263183594,3688400
2024-04-18,91.86749267578124,91.87663021753944,91.86749267578124,91.87663021753944,3235600
2024-04-19,91.89488983154295,91.89488983154295,91.87662171961844,91.89488983154295,3319500
2024-04-22,91.904052734375,91.904052734375,91.89491519094037,91.904052734375,3547400
2024-04-23,91.91315460205078,91.92229214193873,91.90401706216284,91.91315460205078,4233300
2024-04-24,91.92229461669922,91.93142518693222,91.92229461669922,91.93142518693222,3200000
2024-04-25,91.96797943115234,91.96797943115234,91.95884885982196,91.96797943115234,2705900
2024-04-26,91.98627471923828,91.98627471923828,91.97713717599896,91.97713717599896,3008600
2024-04-29,91.98627471923828,91.99540529257428,91.98627471923828,91.99540529257428,2501900
2024-04-30,91.99539947509766,92.00453701775912,91.99539947509766,91.99539947509766,6488000
2024-05-01,92.03023529052734,92.03023529052734,92.02106574772893,92.03023529052734,8406600
2024-05-02,92.06695556640624,92.06695556640624,92.05777902185316,92.06695556640624,4369600
2024-05-03,92.08528900146484,92.08528900146484,92.06693591627582,92.07611245887034,4792400
2024-05-06,92.09447479248048,92.09447479248048,92.0853052479193,92.0853052479193,3623700
2024-05-07,92.09447479248048,92.10365133669396,92.09447479248048,92.10365133669396,3591500
2024-05-08,92.12201690673828,92.12201690673828,92.1036638158246,92.11284036128144,3109400
2024-05-09,92.14952087402344,92.15869041796924,92.14952087402344,92.15410564599637,2739600
2024-05-10,92.17705535888672,92.17705535888672,92.1587022693312,92.17705535888672,3005800
2024-05-13,92.18621063232422,92.18621063232422,92.17703408966388,92.18621063232422,3317000
2024-05-14,92.18621063232422,92.1953801753334,92.18621063232422,92.1953801753334,2765800
2024-05-15,92.20457458496094,92.21375112939944,92.20457458496094,92.20457458496094,4228600
2024-05-16,92.25042724609376,92.25959678858749,92.24125070394923,92.25042724609376,3699500
2024-05-17,92.2596206665039,92.2687972110234,92.2596206665039,92.2687972110234,4544200
2024-05-20,92.26880645751952,92.27798300295863,92.26880645751952,92.27798300295863,3341000
2024-05-21,92.28711700439452,92.2962935462993,92.28711700439452,92.28711700439452,3774900
2024-05-22,92.29632568359376,92.30550222869375,92.29632568359376,92.30550222869375,2609000
2024-05-23,92.36053466796876,92.36053466796876,92.3513651237957,92.3513651237957,3077800
2024-05-24,92.36970520019533,92.36970520019533,92.36052865696746,92.36970520019533,2512800
2024-05-28,92.37890625,92.37890625,92.36972970433776,92.36972970433776,3684600
2024-05-29,92.37890625,92.3880757960088,92.37890625,92.3880757960088,3971700
2024-05-30,92.3972396850586,92.40641622946384,92.3972396850586,92.3972396850586,3566800
2024-05-31,92.43394470214844,92.43394470214844,92.42476815716353,92.42476815716353,7082900
2024-06-03,92.4523696899414,92.46157945595358,92.4523696899414,92.4523696899414,9568200
2024-06-04,92.47079467773438,92.47079467773438,92.4615778815234,92.47079467773438,5355900
2024-06-05,92.4892120361328,92.4892120361328,92.4799952415396,92.4799952415396,4285300
2024-06-06,92.4892120361328,92.49842180037164,92.4892120361328,92.49842180037164,3376100
2024-06-07,92.52608489990234,92.53529466540684,92.52608489990234,92.53529466540684,3490400
2024-06-10,92.54451751708984,92.5537343135528,92.54451751708984,92.5537343135528,2732300
2024-06-11,92.56291961669922,92.56291961669922,92.55370985302604,92.56291961669922,3320000
2024-06-12,92.58136749267578,92.58136749267578,92.56293390177672,92.57215069722623,5355700
2024-06-13,92.59059143066406,92.599801196469,92.58137463450356,92.59059143066406,3925700
2024-06-14,92.63665008544922,92.63665008544922,92.61822352572456,92.62743329040951,3505500
2024-06-17,92.64588165283205,92.64588165283205,92.63666485632272,92.64588165283205,3493700
2024-06-18,92.67353057861328,92.67353057861328,92.66431378155036,92.67353057861328,2972000
2024-06-20,92.6827392578125,92.6919490237125,92.6827392578125,92.6827392578125,3580700
2024-06-21,92.7195816040039,92.728791368135,92.7195816040039,92.7195816040039,3460900
2024-06-24,92.72879791259766,92.73801470773354,92.72879791259766,92.73801470773354,3369500
2024-06-25,92.74723815917967,92.74723815917967,92.73802136338232,92.74723815917967,3561700
2024-06-26,92.75645446777344,92.76566423316712,92.75645446777344,92.7573754443128,4815500
2024-06-27,92.7656707763672,92.77488757276625,92.7656707763672,92.77488757276625,3349900
2024-06-28,92.80252075195312,92.81173754734117,92.80252075195312,92.80252075195312,7427800
2024-07-01,92.83860778808594,92.83860778808594,92.82935770212482,92.83860778808594,9965300
2024-07-02,92.84786987304688,92.84786987304688,92.83861272545911,92.84786987304688,5720900
2024-07-03,92.87564849853516,92.87564849853516,92.86639134952767,92.87564849853516,3986000
2024-07-05,92.9126434326172,92.9126434326172,92.90338628626002,92.90338628626002,3742000
2024-07-08,92.9311752319336,92.9311752319336,92.92191808383254,92.92191808383254,3263000
2024-07-09,92.9311752319336,92.9496824670006,92.9311752319336,92.94042531889956,4508000
2024-07-10,92.9496841430664,92.95894129133438,92.9496841430664,92.9496841430664,4062200
2024-07-11,92.96817779541016,92.96817779541016,92.95892770962888,92.95892770962888,4195600
2024-07-12,93.01447296142578,93.01447296142578,93.00521581286893,93.01447296142578,3369000
2024-07-15,93.01447296142578,93.02373010998264,93.01447296142578,93.02373010998264,3615100
2024-07-16,93.0329818725586,93.0329818725586,93.0237317849706,93.0329818725586,3622900
2024-07-17,93.04222106933594,93.04685317337176,93.0329639223985,93.04222106933594,3822100
2024-07-18,93.0607452392578,93.0607452392578,93.05148809133796,93.05148809133796,5291400
2024-07-19,93.09776306152344,93.09776306152344,93.0885129744054,93.09776306152344,2993600
2024-07-22,93.11626434326172,93.11626434326172,93.10700719630232,93.11626434326172,3386500
2024-07-23,93.1255340576172,93.13478414469068,93.11627690940854,93.1255340576172,2829200
2024-07-24,93.1347885131836,93.14404566182644,93.12553842567624,93.1347885131836,3474500
2024-07-25,93.15330505371094,93.15330505371094,93.14404790484517,93.15330505371094,3521700
2024-07-26,93.18104553222656,93.19030267871727,93.18104553222656,93.18104553222656,3172600
2024-07-29,93.20882415771484,93.20882415771484,93.19956700980914,93.19956700980914,3259000
2024-07-30,93.20882415771484,93.21808130562052,93.20882415771484,93.21808130562052,4559900
2024-07-31,93.21808624267578,93.22734339107176,93.21808624267578,93.21808624267578,7256900
2024-08-01,93.24877166748048,93.24877166748048,93.23947269550476,93.24877166748048,11015600
2024-08-02,93.29524230957033,93.29524230957033,93.27665146065526,93.28594333859448,7927400
2024-08-05,93.30455780029295,93.32314865249955,93.29525882767074,93.29525882767074,8712900
2024-08-06,93.32313537597656,93.32313537597656,93.30454452641476,93.30454452641476,5059100
2024-08-07,93.32313537597656,93.33243434727588,93.32313537597656,93.32313537597656,4611400
2024-08-08,93.3510284423828,93.3510284423828,93.3324305005507,93.34172947146676,3903300
2024-08-09,93.37891387939452,93.38820575683792,93.36961490891493,93.37891387939452,5548300
2024-08-12,93.39752960205078,93.406828575007,93.38823062909456,93.39752960205078,3845400
2024-08-13,93.41612243652344,93.41612243652344,93.40682346407604,93.41612243652344,4782200
2024-08-14,93.43470764160156,93.43470764160156,93.416116790868,93.42540866971612,4327700
2024-08-15,93.44398498535156,93.44398498535156,93.4253870458853,93.4253870458853,4217800
2024-08-16,93.48118591308594,93.48118591308594,93.47188694214502,93.48118591308594,3638900
2024-08-19,93.490478515625,93.499777486638,93.490478515625,93.490478515625,3930700
2024-08-20,93.49979400634766,93.5090929790036,93.49979400634766,93.5090929790036,3084200
2024-08-21,93.52767944335938,93.52767944335938,93.50908859195754,93.50908859195754,3936000
2024-08-22,93.52767944335938,93.53697841557909,93.52767944335938,93.53697841557909,3849100
2024-08-23,93.5648422241211,93.57414119375528,93.5648422241211,93.57414119375528,3549900
2024-08-26,93.58345794677734,93.59274982514168,93.58345794677734,93.58345794677734,3969000
2024-08-27,93.59275817871094,93.60205715094214,93.59275817871094,93.60205715094214,2818100
2024-08-28,93.60204315185548,93.61134212269592,93.60204315185548,93.61134212269592,3500800
2024-08-29,93.6113510131836,93.62994186359364,93.6113510131836,93.62064289187002,4537700
2024-08-30,93.65782928466795,93.66712825615318,93.65782928466795,93.65782928466795,8427400
2024-09-03,93.69889831542967,93.69889831542967,93.68956530452763,93.69889831542967,11846700
2024-09-04,93.708251953125,93.71759208980866,93.708251953125,93.71759208980866,7218300
2024-09-05,93.73626708984376,93.73626708984376,93.71759394054448,93.7269340774126,4833300
2024-09-06,93.77361297607422,93.77361297607422,93.7642799643932,93.77361297607422,5534600
2024-09-09,93.7829818725586,93.79232201154036,93.7829818725586,93.7829818725586,5397400
2024-09-10,93.80162811279295,93.80162811279295,93.78295496462567,93.80162811279295,4143900
2024-09-11,93.80162811279295,93.81096824909488,93.80162811279295,93.80162811279295,4500100
2024-09-12,93.81099700927734,93.82033714844272,93.81099700927734,93.82033714844272,3912400
2024-09-13,93.86700439453124,93.86700439453124,93.84833124445888,93.84833124445888,3465200
2024-09-16,93.88567352294922,93.88567352294922,93.8669932506573,93.8669932506573,3571100
2024-09-17,93.88567352294922,93.90434667080471,93.88567352294922,93.89501365909518,4452200
2024-09-18,93.91371154785156,93.92305168645812,93.904371409245,93.904371409245,4077700
2024-09-19,93.93236541748048,93.9417055541696,93.92303240522816,93.92303240522816,5165800
2024-09-20,93.9697265625,93.97906669995676,93.9697265625,93.97906669995676,4244800
2024-09-23,93.99774932861328,93.99774932861328,93.97906905323204,93.98840919092268,5220900
2024-09-24,94.007080078125,94.007080078125,93.99774706509672,93.99774706509672,3923500
2024-09-25,94.007080078125,94.0257603530564,94.007080078125,94.0164202155907,3372400
2024-09-26,94.01641082763672,94.02575096416976,94.01641082763672,94.01641082763672,4364400
2024-09-27,94.05376434326172,94.0631044798041,94.05376434326172,94.05376434326172,4945400
2024-09-30,94.05376434326172,94.07243749190977,94.05376434326172,94.0631044798041,9253100
2024-10-01,94.0912857055664,94.0912857055664,94.08190552176742,94.0912857055664,11569200
2024-10-02,94.0912857055664,94.10065873438155,94.0912857055664,94.10065873438155,5170300
2024-10-03,94.10064697265624,94.1100271552828,94.10064697265624,94.1100271552828,4066100
2024-10-04,94.1381607055664,94.14754088820864,94.1381607055664,94.142854374379,4987100
2024-10-07,94.14752960205078,94.15690978356852,94.14752960205078,94.14752960205078,4792500
2024-10-08,94.15692138671876,94.16630156939245,94.15692138671876,94.15692138671876,3923100
2024-10-09,94.1756820678711,94.1850622512889,94.16630903943684,94.1756820678711,4024800
2024-10-10,94.1944351196289,94.1944351196289,94.18505493693957,94.1944351196289,3731100
2024-10-11,94.2319564819336,94.24132951041446,94.2319564819336,94.2319564819336,3778400
2024-10-14,94.2319564819336,94.24132951041446,94.2319564819336,94.2319564819336,3297100
2024-10-15,94.2507095336914,94.2507095336914,94.2413293502429,94.2507095336914,3567400
2024-10-16,94.26945495605467,94.26945495605467,94.26008192836424,94.26008192836424,3809900
2024-10-17,94.26945495605467,94.2788351387281,94.26945495605467,94.26945495605467,3575500
2024-10-18,94.30697631835938,94.31635650180728,94.29760328989504,94.31635650180728,3970200
2024-10-21,94.32573699951172,94.32573699951172,94.31635681603257,94.31635681603257,3940600
2024-10-22,94.33509826660156,94.33509826660156,94.3257252392746,94.33509826660156,3462800
2024-10-23,94.33509826660156,94.35385863122087,94.33509826660156,94.35385863122087,3927700
2024-10-24,94.36324310302734,94.36324310302734,94.35386292029128,94.36324310302734,3704500
2024-10-25,94.4007568359375,94.4007568359375,94.39137665318586,94.39137665318586,5386900
2024-10-28,94.4007568359375,94.41012986370612,94.4007568359375,94.41012986370612,3471300
2024-10-29,94.41950988769533,94.41950988769533,94.405443191083,94.41012970495945,3449900
2024-10-30,94.41950988769533,94.43826309818404,94.41950988769533,94.4288900704312,7059200
2024-10-31,94.43827056884766,94.44765075232556,94.42889754035332,94.42889754035332,11321100
2024-11-01,94.49005126953124,94.49005126953124,94.48063945472352,94.49005126953124,13451800
2024-11-04,94.49948120117188,94.50795902007106,94.49006220068304,94.49948120117188,5041500
2024-11-05,94.51830291748048,94.51830291748048,94.4994649197484,94.50888391861444,4280500
2024-11-06,94.51830291748048,94.52771473175544,94.50888391861444,94.50888391861444,9470900
2024-11-07,94.5371322631836,94.5371322631836,94.52771326446376,94.52771326446376,6188100
2024-11-08,94.58422088623048,94.58422088623048,94.56538288862868,94.5748018874296,5624200
2024-11-11,94.5748062133789,94.58422521261063,94.5701003060587,94.5748062133789,4443700
2024-11-12,94.58422088623048,94.59363270044037,94.58422088623048,94.59363270044037,4283300
2024-11-13,94.61248016357422,94.61248016357422,94.59364216408778,94.603061163831,4818000
2024-11-14,94.61248016357422,94.62189916331742,94.61248016357422,94.62189916331742,4353200
2024-11-15,94.6595458984375,94.6595458984375,94.65013408476696,94.65013408476696,5605100
2024-11-18,94.6689910888672,94.6689910888672,94.65957208800008,94.6689910888672,5567500
2024-11-19,94.67841339111328,94.67841339111328,94.66899438991774,94.67841339111328,4310900
2024-11-20,94.69722747802734,94.69722747802734,94.67839666355609,94.68781566308748,4133000
2024-11-21,94.69722747802734,94.70664647755876,94.69722747802734,94.70664647755876,4410700
2024-11-22,94.72547149658205,94.73489049553716,94.72547149658205,94.72547149658205,4343900
2024-11-25,94.73490142822266,94.74432042826476,94.73490142822266,94.73490142822266,6020200
2024-11-26,94.75374603271484,94.76315784882104,94.74432703201622,94.75374603271484,4586900
2024-11-27,94.77257537841795,94.7819943789704,94.77257537841795,94.77257537841795,5909000
2024-11-29,94.81021118164062,94.8196301789132,94.81021118164062,94.81021118164062,6581100
2024-12-02,94.8272705078125,94.83672500622626,94.8272705078125,94.83199415118474,11471800
2024-12-03,94.83670806884766,94.8461553539049,94.83670806884766,94.8461553539049,5734100
2024-12-04,94.8556137084961,94.86506820560584,94.84615921138634,94.8556137084961,5351100
2024-12-05,94.86506652832033,94.87452102526292,94.86506652832033,94.86506652832033,4870100
2024-12-06,94.91232299804688,94.91232299804688,94.9028685019812,94.91232299804688,4779000
2024-12-09,94.9217758178711,94.9217758178711,94.91232853292198,94.91232853292198,5539800
2024-12-10,94.940673828125,94.940673828125,94.93121933260171,94.93121933260171,5293500
2024-12-11,94.940673828125,94.95012111198125,94.940673828125,94.95012111198125,4855300
2024-12-12,94.95013427734376,94.95958877417796,94.95013427734376,94.95958877417796,4701000
2024-12-13,94.99740600585938,94.99740600585938,94.98795150838264,94.98795150838264,4671500
2024-12-16,95.00685119628906,95.00685119628906,94.9973966997385,95.00685119628906,5598900
2024-12-17,95.00685119628906,95.01629848117176,95.00685119628906,95.01629848117176,5798500
2024-12-18,95.02774047851562,95.02774047851562,95.01825085819624,95.02774047851562,11526500
2024-12-19,95.04671478271484,95.05145597375964,95.03722516216564,95.03722516216564,8319400
2024-12-20,95.065673828125,95.0751634473808,95.065673828125,95.0704222569822,8898900
2024-12-23,95.08465576171876,95.08465576171876,95.07516614219398,95.08465576171876,7032500
2024-12-24,95.11311340332033,95.11311340332033,95.1036237841925,95.11311340332033,4654300
2024-12-26,95.12259674072266,95.12259674072266,95.1131071222215,95.12259674072266,4974100
2024-12-27,95.15105438232422,95.15105438232422,95.14156476421957,95.14156476421957,6558000
2024-12-30,95.15105438232422,95.16054400042889,95.15105438232422,95.16054400042889,6547600
2024-12-31,95.17953491210938,95.19850691363104,95.17953491210938,95.1890245320998,7371300
2025-01-02,95.19850158691406,95.19850158691406,95.1890192059134,95.19850158691406,7533100
2025-01-03,95.22695922851562,95.23644160839936,95.22695922851562,95.23644160839936,6730100
2025-01-06,95.22695922851562,95.24593122674104,95.22695922851562,95.23644160839936,6938300
2025-01-07,95.24593353271484,95.25542315128628,95.24593353271484,95.25542315128628,6792100
2025-01-08,95.2649154663086,95.2649154663086,95.25542584746856,95.25542584746856,6101100
2025-01-10,95.3028793334961,95.31236895431452,95.2933969511375,95.3028793334961,7644600
2025-01-13,95.32184600830078,95.32184600830078,95.31235638873343,95.31709757928768,7647300
2025-01-14,95.33133697509766,95.33133697509766,95.3218473553962,95.33133697509766,7245400
2025-01-15,95.34082794189452,95.34082794189452,95.33134555979814,95.34082794189452,6878600
2025-01-16,95.34082794189452,95.35980718300652,95.34082794189452,95.35031756245051,5352500
2025-01-17,95.38825225830078,95.39774187721054,95.37876263939104,95.38825225830078,6563000
2025-01-21,95.3977508544922,95.4072332358359,95.3977508544922,95.40249204516404,7952400
2025-01-22,95.41673278808594,95.41673278808594,95.40724316729536,95.40724316729536,5717600
2025-01-23,95.42620086669922,95.42620086669922,95.41671124805087,95.42620086669922,5085800
2025-01-24,95.45465850830078,95.46414812655384,95.45465850830078,95.45465850830078,6380000
2025-01-27,95.45465850830078,95.47363050634904,95.45465850830078,95.46414812655384,9439800
2025-01-28,95.48312377929688,95.48312377929688,95.46415178052244,95.4736341606806,5857900
2025-01-29,95.48312377929688,95.49261339791316,95.48312377929688,95.48312377929688,3978700
2025-01-30,95.50211334228516,95.51159572346856,95.49262372264285,95.49262372264285,8043500
2025-01-31,95.52107238769533,95.53056200605056,95.52107238769533,95.53056200605056,12373000
2025-02-03,95.54297637939452,95.54297637939452,95.53345968649636,95.53345968649636,16436200
2025-02-04,95.56202697753906,95.56202697753906,95.55250301972244,95.56202697753906,7866600
2025-02-05,95.56202697753906,95.57155093535567,95.56202697753906,95.57155093535567,7100900
2025-02-06,95.58106994628906,95.58106994628906,95.57155325289294,95.58106994628906,5804300
2025-02-07,95.60963439941406,95.61915109207152,95.60011044210572,95.61915109207152,6758700
2025-02-10,95.62867736816406,95.62867736816406,95.6191534106248,95.62867736816406,7517800
2025-02-11,95.62867736816406,95.63820132570332,95.62867736816406,95.63820132570332,6424100
2025-02-12,95.63819885253906,95.6477155451812,95.63819885253906,95.63819885253906,6618800
2025-02-13,95.65725708007812,95.65725708007812,95.64773312103505,95.65725708007812,5690100
2025-02-14,95.69532775878906,95.70485171605138,95.69532775878906,95.7000861050948,7648100
2025-02-18,95.71437072753906,95.71437072753906,95.70485403469704,95.71437072753906,15815200
2025-02-19,95.71437072753906,95.72389468503212,95.71437072753906,95.72389468503212,7277600
2025-02-20,95.73341369628906,95.73341369628906,95.72388973928808,95.73341369628906,7608000
2025-02-21,95.77151489257812,95.77151489257812,95.76199093432086,95.76199093432086,9111000
2025-02-24,95.7810287475586,95.7810287475586,95.77151205423498,95.7810287475586,9734600
2025-02-25,95.79054260253906,95.79054260253906,95.78101864556857,95.78101864556857,10827700
2025-02-26,95.79054260253906,95.80006655950956,95.79054260253906,95.79054260253906,9536300
2025-02-27,95.81910705566406,95.81910705566406,95.8095903633594,95.81910705566406,10807800
2025-02-28,95.83817291259766,95.84769687133604,95.83817291259766,95.83817291259766,13772600
2025-03-03,95.86014556884766,95.86014556884766,95.85059189976415,95.86014556884766,17436600
2025-03-04,95.86969757080078,95.86969757080078,95.8601439018834,95.86969757080078,11543100
2025-03-05,95.86969757080078,95.87924395240395,95.86969757080078,95.86969757080078,7162600
2025-03-06,95.89836120605467,95.89836120605467,95.87925386624426,95.88880753614949,9925500
2025-03-07,95.92699432373048,95.92699432373048,95.91744065587731,95.92699432373048,8962400
2025-03-10,95.92699432373048,95.9365479915836,95.92699432373048,95.9365479915836,14768100
2025-03-11,95.9460906982422,95.9460906982422,95.936544318068,95.936544318068,11456900
2025-03-12,95.9460906982422,95.9556443657295,95.9460906982422,95.9556443657295,11307300
2025-03-13,95.97476959228516,95.97476959228516,95.95566225374856,95.95566225374856,13110600
2025-03-14,96.00341033935548,96.00341033935548,95.9938566713782,96.00341033935548,11421900
2025-03-17,96.0129623413086,96.0129623413086,96.0034159600859,96.0129623413086,9018300
2025-03-18,96.02249908447266,96.02249908447266,96.01294541762002,96.02249908447266,9213100
2025-03-19,96.0416259765625,96.0416259765625,96.03207230776432,96.03207230776432,13584800
2025-03-20,96.0416259765625,96.05117235804656,96.0416259765625,96.05117235804656,12648500
2025-03-21,96.07028198242188,96.0798283641332,96.07028198242188,96.0798283641332,13101800
2025-03-24,96.08937072753906,96.0989243954406,96.08937072753906,96.09415120514656,13854600
2025-03-25,96.09893798828124,96.09893798828124,96.08938431902838,96.09893798828124,13844800
2025-03-26,96.11802673339844,96.11802673339844,96.10848035258292,96.11802673339844,12262200
2025-03-27,96.12757873535156,96.12757873535156,96.11802506738806,96.12757873535156,10022000
2025-03-28,96.15625,96.15625,96.1467036176078,96.1467036176078,11747100
2025-03-31,96.15625,96.165803669707,96.15625,96.15625,18210800
2025-04-01,96.18116760253906,96.18116760253906,96.17158098414548,96.18116760253906,21033200
2025-04-02,96.19075012207033,96.19075012207033,96.18116350408523,96.19075012207033,10658900
2025-04-03,96.2099151611328,96.2099151611328,96.19074923778588,96.2003358556828,13988800
2025-04-04,96.23866271972656,96.23866271972656,96.22907610305438,96.22907610305438,22826300
2025-04-07,96.2482452392578,96.2482452392578,96.2386659347116,96.2386659347116,22564000
2025-04-08,96.2482452392578,96.25783185625023,96.2386659347116,96.2434555869847,17116100
2025-04-09,96.26742553710938,96.26742553710938,96.25783891941347,96.25783891941347,21838800
2025-04-10,96.26742553710938,96.2770048423585,96.26742553710938,96.26742553710938,16851500
2025-04-11,96.31534576416016,96.31534576416016,96.30576645873565,96.3105561114479,12916600
2025-04-14,96.3249282836914,96.3249282836914,96.3153416662279,96.3153416662279,13772300
2025-04-15,96.33451080322266,96.33451080322266,96.32492418616694,96.33451080322266,10043700
2025-04-16,96.35366821289062,96.35366821289062,96.3440815966818,96.34887856100904,8840000
2025-04-17,96.39202117919922,96.4016077967819,96.39202117919922,96.39681083176724,8652700
2025-04-21,96.39202117919922,96.4016077967819,96.39202117919922,96.4016077967819,10756100
2025-04-22,96.401611328125,96.41119063361192,96.401611328125,96.41119063361192,11603400
2025-04-23,96.43036651611328,96.43036651611328,96.41119327971934,96.4207798979163,19135100
2025-04-24,96.43036651611328,96.43995313431024,96.43036651611328,96.43995313431024,12068700
2025-04-25,96.46868896484376,96.46868896484376,96.45910234830752,96.46868896484376,8822700
2025-04-28,96.46868896484376,96.47827558138,96.46868896484376,96.46868896484376,9127900
2025-04-29,96.47827911376952,96.48785841821064,96.47827911376952,96.47827911376952,8555000
2025-04-30,96.5070343017578,96.5070343017578,96.48786106745688,96.48786106745688,16040200
2025-05-01,96.52147674560548,96.52147674560548,96.51185812516952,96.52147674560548,21288700
2025-05-02,96.55030822753906,96.55030822753906,96.54068960880092,96.54068960880092,13930900
2025-05-05,96.5599136352539,96.5599136352539,96.55029501783176,96.5599136352539,13223700
2025-05-06,96.5599136352539,96.56952491582064,96.5599136352539,96.56952491582064,8986000
2025-05-07,96.5695571899414,96.57917581057816,96.5695571899414,96.57917581057816,8509300
2025-05-08,96.59837341308594,96.59837341308594,96.57914351510064,96.588762132521,11931100
2025-05-09,96.62725067138672,96.62725067138672,96.61763205183554,96.61763205183554,11793700
2025-05-12,96.62725067138672,96.63686195408089,96.62725067138672,96.62725067138672,16808300
2025-05-13,96.6464614868164,96.6464614868164,96.63684286916482,96.63684286916482,18174400
2025-05-14,96.6561050415039,96.6561050415039,96.64648642137074,96.64648642137074,9821100
2025-05-15,96.6561050415039,96.6657163247796,96.6561050415039,96.6657163247796,10057600
2025-05-16,96.69457244873048,96.70418373203236,96.69457244873048,96.69457244873048,10109300
2025-05-19,96.70417022705078,96.71378884586689,96.70417022705078,96.71378884586689,15759100
2025-05-20,96.72340393066406,96.72340393066406,96.7137853121994,96.72340393066406,9249100
2025-05-21,96.73302459716795,96.73302459716795,96.723413314627,96.73302459716795,11325900
2025-05-22,96.75225830078124,96.75225830078124,96.74263968173484,96.74263968173484,8901700
2025-05-23,96.78111267089844,96.79073129052624,96.78111267089844,96.79073129052624,9119400
2025-05-27,96.79073333740234,96.80035195723354,96.79073333740234,96.80035195723354,10526600
2025-05-28,96.81957244873048,96.81957244873048,96.80995382983424,96.8147668077106,8415200
2025-05-29,96.81957244873048,96.8291910676267,96.80995382983424,96.81957244873048,10387000
2025-05-30,96.8484115600586,96.8580301780204,96.8484115600586,96.8484115600586,14209500
2025-06-02,96.8754425048828,96.8754425048828,96.86579693505972,96.8754425048828,21934000
2025-06-03,96.88510131835938,96.88510131835938,96.87544838491998,96.88027853315508,11979500
2025-06-04,96.8947525024414,96.8947525024414,96.88509956917628,96.88992235429347,8923800
2025-06-05,96.90438842773438,96.90438842773438,96.89473549616348,96.90438842773438,9915800
2025-06-06,96.933349609375,96.94299517888668,96.933349609375,96.93817239413085,9122400
2025-06-09,96.94297790527344,96.95263083609528,96.94297790527344,96.94297790527344,9902100
2025-06-10,96.9526596069336,96.96231254061996,96.9526596069336,96.95748239226126,9201800
2025-06-11,96.97195434570312,96.97195434570312,96.96230141312456,96.96712419789874,10138800
2025-06-12,96.98160552978516,96.98160552978516,96.97195995967834,96.98160552978516,9574900
2025-06-13,97.0202178955078,97.0202178955078,97.0105649615748,97.0105649615748,7880300
2025-06-16,97.0202178955078,97.0298708294408,97.0202178955078,97.0298708294408,10286500
2025-06-17,97.02985382080078,97.03950675304168,97.02985382080078,97.03950675304168,8734500
2025-06-18,97.04916381835938,97.05881675174372,97.04916381835938,97.05881675174372,9783400
2025-06-20,97.08777618408205,97.0974291182613,97.08777618408205,97.09260633268735,9399400
2025-06-23,97.1070785522461,97.1070785522461,97.09742561841476,97.10224840381484,8847300
2025-06-24,97.11669921875,97.126352150106,97.11669921875,97.12152936594262,10132100
2025-06-25,97.1263656616211,97.1360185943199,97.1263656616211,97.13118844645535,8015100
2025-06-26,97.1360321044922,97.1456850385336,97.1360321044922,97.1456850385336,9277700
2025-06-27,97.17462158203124,97.17462158203124,97.16496864946951,97.1697914342353,9742300
2025-06-30,97.17462158203124,97.1842671515628,97.17462158203124,97.17462158203124,18195600
2025-07-01,97.20076751708984,97.20076751708984,97.19108120353194,97.20076751708984,24173900
2025-07-02,97.20076751708984,97.21044644215534,97.20076751708984,97.21044644215534,10850800
2025-07-03,97.24918365478516,97.25886996827802,97.24918365478516,97.24918365478516,7404700
2025-07-07,97.26856231689452,97.26856231689452,97.25887600280068,97.26856231689452,12363900
2025-07-08,97.28791809082033,97.28791809082033,97.2685528530096,97.27823177766888,13107800
2025-07-09,97.27823638916016,97.28792270277074,97.27823638916016,97.28792270277074,11156600
2025-07-10,97.297607421875,97.30729373532684,97.28792110842312,97.297607421875,10071700
2025-07-11,97.33634185791016,97.33634185791016,97.32665554479956,97.32665554479956,9288900
2025-07-14,97.33634185791016,97.34602078252868,97.33634185791016,97.34602078252868,10293900
2025-07-15,97.34602355957033,97.35570987295723,97.34602355957033,97.35570987295723,10207100
2025-07-16,97.37508392333984,97.37508392333984,97.36539760981132,97.36539760981132,8117900
2025-07-17,97.38475799560548,97.38475799560548,97.37507907105164,97.37991853332856,9040400
2025-07-18,97.413818359375,97.413818359375,97.40413943394552,97.40413943394552,9399500
2025-07-21,97.42350006103516,97.42350006103516,97.41381374757154,97.41381374757154,12893000
2025-07-22,97.44287872314452,97.44287872314452,97.433192409081,97.44287872314452,9340600
2025-07-23,97.45256042480467,97.45256042480467,97.44288149895824,97.45256042480467,8056100
2025-07-24,97.46224212646484,97.46224212646484,97.4525558125838,97.4525558125838,10701600
2025-07-25,97.48161315917967,97.4912920844097,97.48161315917967,97.4912920844097,9776600
2025-07-28,97.51065826416016,97.51065826416016,97.5009719510781,97.50581141337312,11581000
2025-07-29,97.51065826416016,97.52033718875016,97.51065826416016,97.51065826416016,8622300
2025-07-30,97.530029296875,97.530029296875,97.5203429832174,97.5203429832174,9106000
2025-07-31,97.53971862792967,97.53971862792967,97.53003231397244,97.53487177670468,19051200
2025-08-01,97.57080841064452,97.58052966299807,97.57080841064452,97.57080841064452,26832500
2025-08-04,97.59026336669922,97.59026336669922,97.58054211310537,97.58539903233036,14766400
2025-08-05,97.59996795654295,97.59996795654295,97.59025411901344,97.59025411901344,12350300
2025-08-06,97.60969543457033,97.60969543457033,97.59997418127764,97.60969543457033,10653900
2025-08-07,97.60969543457033,97.619416687863,97.60969543457033,97.619416687863,10823000
2025-08-08,97.65829467773438,97.65829467773438,97.64857342440268,97.6534303434967,12066300
2025-08-11,97.6680145263672,97.6680145263672,97.65830068758136,97.6680145263672,12940300
2025-08-12,97.6680145263672,97.67773578029713,97.6680145263672,97.67773578029713,12918200
2025-08-13,97.68746185302734,97.69717569229232,97.67774059861787,97.68746185302734,12144800
2025-08-14,97.69715118408205,97.70687243605283,97.69715118408205,97.69715118408205,9798900
2025-08-15,97.72633361816406,97.73604745684882,97.72633361816406,97.73604745684882,9493900
2025-08-18,97.7554702758789,97.7554702758789,97.73602777213716,97.74574902400803,14768500
2025-08-19,97.7554702758789,97.76518411260724,97.7554702758789,97.76518411260724,10474900
2025-08-20,97.77491760253906,97.77491760253906,97.7651963494514,97.77491760253906,10922100
2025-08-21,97.77491760253906,97.78463885562672,97.77491760253906,97.78463885562672,8765300
2025-08-22,97.81379699707033,97.81379699707033,97.80407574380403,97.81379699707033,13160400
2025-08-25,97.83324432373048,97.83324432373048,97.82352306998524,97.82837998928588,13556000
2025-08-26,97.83324432373048,97.84295816233173,97.83324432373048,97.8381012430311,8741600
2025-08-27,97.84296417236328,97.85268542670563,97.84296417236328,97.85268542670563,7384600
2025-08-28,97.85266876220705,97.86239001489383,97.85266876220705,97.85752568097884,8816600
2025-08-29,97.91098022460938,97.91098022460938,97.89154513462178,97.89154513462178,21369400
2025-09-02,97.92073059082033,97.92073059082033,97.9109744747419,97.92073059082033,27254500
2025-09-03,97.93050384521484,97.93050384521484,97.92074772742907,97.92562206545324,14296000
2025-09-04,97.9499969482422,97.9499969482422,97.9402482733574,97.9451226107998,11300200
2025-09-05,97.96951293945312,97.97926161471186,97.96951293945312,97.97926161471186,15312000
2025-09-08,97.998779296875,97.998779296875,97.98902317933704,97.9938975172374,12715100
2025-09-09,97.998779296875,98.00853541441296,97.998779296875,98.00853541441296,11005500
2025-09-10,98.00852966308594,98.01827833831456,98.00852966308594,98.00852966308594,9356600
2025-09-11,98.02803802490234,98.02803802490234,98.01828190758164,98.02316368711053,9136600
2025-09-12,98.05728912353516,98.06704523987966,98.05728912353516,98.05728912353516,10482000
2025-09-15,98.05728912353516,98.06704523987966,98.05728912353516,98.05728912353516,15288300
2025-09-16,98.07681274414062,98.08656141988074,98.07681274414062,98.07681274414062,11551900
2025-09-17,98.08655548095705,98.09631159784362,98.08655548095705,98.09631159784362,10381200
2025-09-18,98.1060562133789,98.1060562133789,98.09630009763606,98.1060562133789,13414500
2025-09-19,98.14507293701172,98.14507293701172,98.13531682129845,98.13531682129845,11174000
2025-09-22,98.14507293701172,98.15482161098912,98.14507293701172,98.14507293701172,12279500
2025-09-23,98.16458892822266,98.16458892822266,98.15483281139612,98.15971459067774,11191700
2025-09-24,98.17434692382812,98.17434692382812,98.16459080681489,98.16946514445308,10108500
2025-09-25,98.18411254882812,98.18411254882812,98.17435643087012,98.17435643087012,10549100
2025-09-26,98.21336364746094,98.21336364746094,98.20360753047775,98.20360753047775,10688600
2025-09-29,98.22311401367188,98.22311401367188,98.2133653382577,98.22311401367188,13580800
2025-09-30,98.22311401367188,98.23287013082302,98.22311401367188,98.22799579311592,22909500
2025-10-01,98.23974609375,98.24952847680296,98.23974609375,98.24952847680296,26613600
2025-10-02,98.24954223632812,98.2593320882201,98.24954223632812,98.2593320882201,12870100
2025-10-03,98.28868865966795,98.28868865966795,98.27890627579409,98.28868865966795,13837400
2025-10-06,98.28868865966795,98.29847851101049,98.28868865966795,98.29847851101049,13944300
2025-10-07,98.30827331542967,98.30827331542967,98.29848346359395,98.30827331542967,14289100
2025-10-08,98.31804656982422,98.31804656982422,98.30826418636588,98.31804656982422,16811200
2025-10-09,98.32784271240234,98.3376325639554,98.31805286084928,98.3376325639554,15718900
2025-10-10,98.37678527832033,98.37678527832033,98.35720557505982,98.36699542669008,18966600
2025-10-13,98.3669891357422,98.37677898674632,98.3669891357422,98.3669891357422,14453500
2025-10-14,98.37678527832033,98.38656766248174,98.37678527832033,98.37678527832033,13475000
2025-10-15,98.39634704589844,98.39634704589844,98.3865571953097,98.39634704589844,11069100
2025-10-16,98.40614318847656,98.40614318847656,98.39635333726189,98.40614318847656,12394500
2025-10-17,98.43550872802734,98.43550872802734,98.42571887646922,98.43061753598266,14603500
2025-10-20,98.44529724121094,98.44529724121094,98.43550738978593,98.44529724121094,16129100
2025-10-21,98.46487426757812,98.46487426757812,98.45508441567677,98.45508441567677,12061900
2025-10-22,98.47466278076172,98.47466278076172,98.46487292899344,98.47466278076172,9089900
2025-10-23,98.48444366455078,98.48444366455078,98.47465381367395,98.48444366455078,10658100
2025-10-24,98.5138168334961,98.5138168334961,98.5040269815178,98.5138168334961,12382000
2025-10-27,98.52359771728516,98.5333801009039,98.513807866198,98.513807866198,26389600
2025-10-28,98.53337860107422,98.54316845201237,98.53337860107422,98.53337860107422,11134700
2025-10-29,98.5431671142578,98.55295696506305,98.5431671142578,98.55295696506305,14177700
2025-10-30,98.5529556274414,98.56273801064567,98.5529556274414,98.5529556274414,12370700
2025-10-31,98.58232879638672,98.59211864815984,98.58232879638672,98.5872199885388,23254100
2025-11-03,98.60983276367188,98.60983276367188,98.60000896919004,98.60491711975114,27049200
2025-11-04,98.60983276367188,98.60983276367188,98.60491711975114,98.60983276367188,15707500
2025-11-05,98.62946319580078,98.62946319580078,98.61964689564036,98.61964689564036,11335000
2025-11-06,98.63928985595705,98.63928985595705,98.62946606215222,98.63928985595705,16658100
2025-11-07,98.66875457763672,98.66875457763672,98.6589307837489,98.66875457763672,18799000
2025-11-10,98.6785659790039,98.688389771658,98.6785659790039,98.688389771658,14121900
2025-11-11,98.68840026855467,98.68840026855467,98.67857647485567,98.68840026855467,8697800
2025-11-12,98.69821166992188,98.69821166992188,98.68839537006916,98.68839537006916,9067200
2025-11-13,98.70803833007812,98.70803833007812,98.69821453658142,98.69821453658142,11255600
2025-11-14,98.73749542236328,98.73749542236328,98.7276716295426,98.73749542236328,13522500
2025-11-17,98.74732971191406,98.74732971191406,98.73750591804914,98.7424215616612,15032800
2025-11-18,98.74732971191406,98.757153505779,98.74732971191406,98.74732971191406,13130300
2025-11-19,98.7669677734375,98.7669677734375,98.7571514731338,98.7571514731338,23022400
2025-11-20,98.78661346435548,98.78661346435548,98.7669658774072,98.7669658774072,15261700
2025-11-21,98.80625915527344,98.80625915527344,98.79643536124276,98.80625915527344,16446900
2025-11-24,98.81608581542967,98.82590960974528,98.81608581542967,98.81608581542967,15830800
2025-11-25,98.8357162475586,98.8357162475586,98.82589994756223,98.8357162475586,19115000
2025-11-26,98.84554290771484,98.85536670135488,98.84554290771484,98.84554290771484,11948500
2025-11-28,98.87500762939452,98.88483142311745,98.86519132903068,98.87500762939452,24417500
2025-12-01,98.89766693115234,98.89766693115234,98.88782001508096,98.89766693115234,29025600
2025-12-02,98.9173812866211,98.9173812866211,98.90752685327296,98.90752685327296,14362600
2025-12-03,98.92723083496094,98.93215429302676,98.92723083496094,98.92723083496094,15531600
2025-12-04,98.94692993164062,98.94692993164062,98.9370754990034,98.9370754990034,13689600
2025-12-05,98.97649383544922,98.97649383544922,98.96663940200328,98.96663940200328,17918100
2025-12-08,98.97649383544922,98.97649383544922,98.96663940200328,98.97649383544922,16657900
2025-12-09,98.98633575439452,98.99125921212988,98.98633575439452,98.98633575439452,11016400
2025-12-10,98.98633575439452,98.9961901865946,98.98633575439452,98.9961901865946,12234900
2025-12-11,99.00604248046876,99.01589691320416,99.00604248046876,99.00604248046876,22343500
2025-12-12,99.04544830322266,99.04544830322266,99.03559387092416,99.03559387092416,13320200
2025-12-15,99.04544830322266,99.05530273552114,99.04544830322266,99.04544830322266,14767900
2025-12-16,99.05531311035156,99.06516754368218,99.05531311035156,99.06516754368218,10701200
2025-12-17,99.07501220703124,99.07501220703124,99.06516529065482,99.06516529065482,13788200
2025-12-18,99.07501220703124,99.08486664013772,99.07501220703124,99.08486664013772,20890600
2025-12-19,99.11750793457033,99.11750793457033,99.10762174760129,99.11750793457033,18203600
2025-12-22,99.11750793457033,99.12739412153934,99.11750793457033,99.11750793457033,17890900
