Date,close,high,low,open,volume
2019-08-19,246.34471130371094,247.22356193922877,244.15228553048334,245.10675296610384,1321900
2019-08-20,246.87391662597656,248.69780424936886,244.757107626451,245.40916554851194,1013400
2019-08-21,250.0680389404297,251.02250635053102,247.83783366613807,248.17802273942652,1133600
2019-08-22,248.8395538330078,251.58007170953624,246.524272321822,250.72957013949087,1059000
2019-08-23,242.90492248535156,248.7167173073621,241.39290355588352,247.60161452213234,1381500
2019-08-26,243.59628295898438,246.2386944859757,241.8535925846472,245.08322112491894,1327300
2019-08-27,243.65309143066406,245.67988817055178,242.27030694866332,245.31998239063532,1025100
2019-08-28,245.03585815429688,245.25370346642546,240.88751921600036,243.3973504059545,1030800
2019-08-29,246.95848083496094,248.4170356603752,245.75566374006738,247.31838660128594,1102600
2019-08-30,246.42811584472656,248.93794710950675,245.8503647403137,248.8527108292069,1452300
2019-09-03,244.988525390625,247.4699446003152,244.47707879747085,245.71778840231596,1283000
2019-09-04,245.49057006835938,246.83544814584633,243.32168319845732,246.66497552815844,1491100
2019-09-05,250.82269287109375,251.44778785364355,246.88274755036988,248.4454705550178,1185300
2019-09-06,253.58827209472656,254.34594724735334,250.9458315866546,251.47620997418423,1112600
2019-09-09,246.968017578125,255.3120410112797,245.8504076001912,254.70587770775919,1089700
2019-09-10,239.00279235839844,247.0626645755638,237.58212986635738,245.47152952130637,2095700
2019-09-11,238.6713104248047,240.26244555747448,236.02888441814704,239.6184187995063,1426200
2019-09-12,238.5576629638672,243.68152275916626,237.8662634424268,240.2719268164081,1285400
2019-09-13,236.84339904785156,239.53318337323606,235.88681033686711,238.78495966157135,1361600
2019-09-16,236.30352783203125,238.12197408755355,234.51349367021035,235.5363723986403,1152700
2019-09-17,242.57342529296875,243.3879536357805,236.54981463261223,236.77712587607567,1464600
2019-09-18,241.2190399169922,244.3350346357379,237.48743052095682,243.5110260515391,1225900
2019-09-19,243.15115356445312,243.84252420855572,241.49369938800075,241.99566569135064,1123000
2019-09-20,239.4100341796875,244.36342097865725,238.75652714242634,242.5733724235198,1412500
2019-09-23,239.10699462890625,241.02014320451374,238.5387238043981,239.4195276854856,889800
2019-09-24,238.46292114257812,242.08088170233546,237.40216449548612,240.10141441747388,1036300
2019-09-25,241.11488342285156,241.85362689597378,237.18437448074872,238.68080764345825,925500
2019-09-26,242.4597625732422,243.5299997435286,239.67526142516363,240.44241695540404,941900
2019-09-27,233.32008361816406,244.78954870782206,230.1851437026179,243.7287922721826,2070100
2019-09-30,232.02259826660156,236.0857011588301,231.35962531557547,233.39590247623983,2656700
2019-10-01,230.00526428222656,232.06995350983422,229.2570406067348,231.7574060259647,2480700
2019-10-02,223.93431091308594,229.10551464959096,223.28080380917297,228.43307578304805,1302100
2019-10-03,226.94613647460938,227.03138722379822,221.14037113720005,223.93433835052895,1219100
2019-10-04,231.51113891601562,232.21198975972297,227.8553005565261,227.88371264739396,1238600
2019-10-07,232.59088134765625,234.19149684727168,230.5261775319302,230.5261775319302,1108500
2019-10-08,229.05813598632812,232.35406864902694,226.9650203955887,230.70609509181503,1044900
2019-10-09,235.63111877441406,236.35093048785276,231.0944753908704,232.16471262686497,1248300
2019-10-10,237.69578552246094,238.74707637684438,234.66504167027833,234.7786900485706,1137500
2019-10-11,239.6090087890625,242.4882125607521,239.28698088326286,241.5695160669369,1301400
2019-10-14,238.07461547851562,240.35715001447335,237.83783839682025,239.05013589896248,629700
2019-10-15,240.04461669921875,242.55446258434986,239.16381284015785,240.32875210436737,886400
2019-10-16,238.95547485351562,239.52373127632663,235.2428113079148,239.52373127632663,723600
2019-10-17,239.61839294433594,240.70756167702916,239.01224422800033,239.7320413124847,1077700
2019-10-18,237.23170471191406,239.65629987018028,235.90575875090195,238.58607722012303,1011600
2019-10-21,238.12196350097656,238.7375925578319,236.06674025483062,238.7375925578319,878800
2019-10-22,233.15907287597656,239.87408051162504,232.95072238263177,238.01774221512576,980900
2019-10-23,231.00918579101562,233.81261822806,228.58459088814737,232.64767908132924,1443600
2019-10-24,235.2616729736328,236.90964645738288,231.11334885175572,232.59083534325092,1085600
2019-10-25,236.0857391357422,236.83394848974484,234.6840081546877,234.8355489826496,800400
2019-10-28,235.44168090820312,237.00441848716616,233.84106535083845,236.46455974578046,1262000
2019-10-29,242.6680908203125,244.59071952139976,238.766009232171,241.13377999230073,1325100
2019-10-30,241.18113708496094,243.6815170185648,237.72419736610465,242.75334042440215,1145000
2019-10-31,244.34449768066406,245.47155903881995,241.09592266172345,241.09592266172345,1203500
2019-11-01,245.11166381835938,247.5552198902294,244.2308598660733,246.2576858931819,1074400
2019-11-04,242.7817840576172,246.76910266155411,241.82520969637392,246.4660499148775,1116100
2019-11-05,237.9041290283203,243.00902758186717,235.90572999740345,242.42183952981966,966900
2019-11-06,239.98780822753906,240.70760544289823,237.18436087243083,237.80945591435557,1297800
2019-11-07,242.0714569091797,242.57342325568283,238.87970590372979,241.3706058715792,1125200
2019-11-08,241.79678344726562,242.93331066529575,239.92151281492954,241.51264802982618,645400
2019-11-11,241.57894897460938,243.4826172235648,239.0217447072957,240.24352264865266,498700
2019-11-12,241.6357879638672,243.5300048990713,240.96333459310924,242.19457849133758,613800
2019-11-13,244.941162109375,245.9356432402904,241.10538477093277,241.5789389560962,643500
2019-11-14,246.24815368652344,246.42810657264738,243.62467414672093,244.57178243013064,463800
2019-11-15,248.98532104492188,249.06107699328481,246.08714298376188,247.7635432146091,831600
2019-11-18,250.1123809814453,251.3057468499872,248.24657622190296,249.27894984359884,847200
2019-11-19,253.701904296875,256.14545997964376,251.4761939357337,251.52356669441056,1231800
2019-11-20,253.9197540283203,258.2290854528649,252.58432778844323,253.54091646958886,1157800
2019-11-21,250.4060516357422,255.67197303448762,249.8851245740506,254.01453301752917,1002200
2019-11-22,251.18263244628906,254.99947847303682,249.94192264700715,254.63012119481328,916100
2019-11-25,252.33108520507812,254.17243525248017,251.28701626597783,251.30598880461315,1235000
2019-11-26,253.32769775390625,253.73582460702622,251.58126820421418,252.97651748653746,2973100
2019-11-27,251.99891662597656,254.24839384608995,249.1894452892465,253.33721943309604,1231600
2019-11-29,251.1920623779297,253.51748702681897,250.65104095853363,250.9642760816383,1037700
2019-12-02,248.85714721679688,253.09033970997774,248.0693380585668,251.7235641036742,1952000
2019-12-03,250.5751953125,250.60366860788426,246.25658137351274,246.8260472811984,1317200
2019-12-04,254.8082733154297,255.30184883157986,249.95814076107231,250.28084761702473,1008500
2019-12-05,257.7316589355469,258.30115353510587,255.0740271261711,255.85233544671175,1523500
2019-12-06,260.4272766113281,261.72760495519685,258.17780010805706,259.70591474115736,1544500
2019-12-09,258.2253112792969,261.1961504045744,258.0924455655216,261.1961504045744,1096800
2019-12-10,257.8455810546875,259.62998414995275,257.0387993617386,258.1303139036333,971200
2019-12-11,258.31060791015625,259.78180460700986,257.4184065229718,258.8801024713352,1267000
2019-12-12,256.5452575683594,258.7187859426172,256.4598377120774,258.25371262540347,1779500
2019-12-13,257.408935546875,257.67469581416515,254.55199094923336,255.3967175623105,1468700
2019-12-16,258.747314453125,260.04767200705095,257.45648661731195,259.42123062824453,1172800
2019-12-17,257.750732421875,260.0951300851641,257.750732421875,260.0951300851641,1667500
2019-12-18,255.7479248046875,258.7092617520704,255.2258760566664,258.49094729754927,1603900
2019-12-19,258.6239318847656,258.6618769603813,255.11207168797466,255.28291142536494,1570200
2019-12-20,257.8455810546875,259.9811643188865,256.744565762594,258.6428619974376,1695100
2019-12-23,257.5704040527344,259.5351482487937,257.1243031333254,259.0416014943096,1054400
2019-12-24,258.6429443359375,259.1649643804229,257.26666754126,258.01650290312847,363000
2019-12-26,259.6490783691406,260.37991233440795,258.57653585929484,259.43076377216784,450300
2019-12-27,260.34185791015625,260.8828503494861,258.5384821924159,260.48422434155884,688800
2019-12-30,258.1112976074219,260.76890029933855,257.22859695964564,260.42722093853365,539000
2019-12-31,259.1648864746094,259.40217350817545,257.07677795864913,257.7032192031479,638900
2020-01-02,263.71136474609375,263.76831132781973,259.80087831713683,260.60766017919826,1092300
2020-01-03,262.82867431640625,264.0530838040908,260.09512242097514,260.58866913765223,576800
2020-01-06,264.8503112792969,264.8787845655335,260.7974300888271,261.585239284213,875100
2020-01-07,266.6916809082031,272.11130920767084,266.6821801568484,268.7228430644447,1253700
2020-01-08,270.5167541503906,272.2252094276795,266.834054276624,267.5933612963732,1004500
2020-01-09,274.8543395996094,276.1072222509947,271.15266718934004,271.15266718934004,1316100
2020-01-10,274.2468566894531,276.1166796211594,273.4400750043755,275.8604200596084,834500
2020-01-13,279.2774658203125,279.2964673297605,273.77241570350543,274.0761501975168,961700
2020-01-14,275.414306640625,279.2963187488244,275.1580181251435,278.90716456646743,1249100
2020-01-15,279.41033935546875,281.0903217685487,275.2530643015043,275.2530643015043,1066200
2020-01-16,283.026611328125,283.0361120827507,279.0686490893462,281.12831420876574,789500
2020-01-17,281.6977233886719,284.2129605130393,280.38789414051274,284.1939879752785,2246600
2020-01-21,281.1377258300781,282.457026847583,279.059088826144,279.77095002021167,1423500
2020-01-22,282.29571533203125,284.3553510331428,281.78316711203337,283.70043635362026,956300
2020-01-23,282.0773620605469,282.7892232261563,279.41975862855367,279.41975862855367,813400
2020-01-24,279.8372802734375,283.92813462906275,278.4040865506572,283.48203392928025,835800
2020-01-27,278.2238464355469,278.9831534909615,275.2625083674393,276.2021559175138,919400
2020-01-28,282.16278076171875,283.254295418014,278.48008104562984,279.134995632548,882400
2020-01-29,282.19134521484375,285.4184444017189,281.90661224406904,283.71948939990597,760100
2020-01-30,284.61163330078125,284.83944861985213,280.27404700509817,281.55540317416865,913900
2020-01-31,278.79339599609375,284.6401541620061,277.78730091539165,283.3303246131678,1209700
2020-02-03,280.6346740722656,282.2482087077795,279.31534410945466,279.66652432525166,1002300
2020-02-04,282.770263671875,285.5892351757405,282.66584230062483,283.7668577632016,1308000
2020-02-05,279.7804870605469,285.08622358859344,276.8286491908818,284.3364171446032,1324200
2020-02-06,280.4923095703125,283.6909638365145,277.4075774371459,281.87808701467617,1975100
2020-02-07,280.454345703125,282.4855079710288,279.751956275485,282.00143307661176,1401600
2020-02-10,281.47943115234375,281.69774569956326,278.80282586504535,279.45774054099513,1089000
2020-02-11,279.1635437011719,282.92216353654044,277.7018469451959,282.06793570564474,1397500
2020-02-12,288.3797302246094,288.6739928613463,279.6950286216049,280.33097076055157,1288000
2020-02-13,286.0258483886719,288.370245867894,282.4665422339241,286.5668698759634,1107700
2020-02-14,292.0054626464844,292.05293743992434,285.26650406309,286.3865210478016,979300
2020-02-18,291.1417541503906,293.2203913437265,288.80685733149465,291.32209465324325,1047000
2020-02-19,295.3370361328125,297.0265192206467,291.55941486194183,292.4706182322007,1341100
2020-02-20,287.981201171875,294.58726779850974,285.23814761458954,294.32150732978647,1898500
2020-02-21,278.3377685546875,286.52892388869634,276.8191253201558,286.09232373469575,2066700
2020-02-24,276.107177734375,277.8441349859528,268.9126478490376,270.32686925535177,2006000
2020-02-25,268.8770751953125,278.5712265781936,267.2788318764515,277.07761666389524,1439400
2020-02-26,269.01019287109375,275.260498795062,267.6593073762532,269.91397678371754,1460500
2020-02-27,254.150390625,263.88260603834107,254.15039062500003,263.3783971674202,2298200
2020-02-28,252.9706573486328,252.9801800328312,244.49422001141008,247.55753396818673,2900400
2020-03-02,275.2320251464844,277.09664241516936,256.11961830287635,257.86055679282094,3140800
2020-03-03,266.5082702636719,283.1567120632742,264.1489377740571,275.72672361302233,2691800
2020-03-04,281.65350341796875,281.8247375196421,268.2110748177675,271.1602323766149,1468300
2020-03-05,264.8719787597656,275.39379219679887,261.58032290799406,275.22252900755933,1824800
2020-03-06,257.8701171875,259.0592917222437,251.15366173787396,255.80572645343048,2513700
2020-03-09,230.7092742919922,246.1875678198957,230.1765266392153,237.682592676006,3947500
2020-03-10,246.5586700439453,246.80599857084425,233.72508049600088,240.22273099804136,3059300
2020-03-11,228.6639404296875,242.37274476741828,225.68624344079325,238.70057407602755,3389000
2020-03-12,210.68362426757812,220.1304172887087,203.2726824109744,213.31882388326216,4659900
2020-03-13,236.02732849121097,237.75875877944455,214.69828478341947,226.16192830880763,3394400
2020-03-16,211.3495635986328,221.01517534129937,199.48636017485865,211.7776634233715,3119400
2020-03-17,216.58192443847656,220.03527648018851,209.43735648000063,217.4952021044732,3205300
2020-03-18,183.68463134765625,207.8867104113493,177.0062240314276,202.54017258096056,4235700
2020-03-19,197.66928100585935,201.60782517529,177.65310827666607,183.40869949890225,3203500
2020-03-20,198.630126953125,204.53795041985973,195.1292052811976,200.74210136992596,3558500
2020-03-23,182.7047119140625,201.7124666937405,182.01023830313224,192.9601482072584,2605100
2020-03-24,208.0198516845703,208.72383346553008,190.17271739531648,192.9125791832055,2755800
2020-03-25,216.13478088378903,223.27933389990196,206.75457467519067,209.41832765534963,2045300
2020-03-26,233.0305938720703,234.55274278877337,219.1981247454045,220.2636202773239,2884200
2020-03-27,228.08363342285156,234.5337137406181,225.24864592286545,227.4462377325087,2924900
2020-03-30,234.9713134765625,236.5315094444804,227.37961494094375,229.66283811203675,2529500
2020-03-31,233.12570190429688,236.10338408738795,228.7875969531024,232.07922285190963,3805600
2020-04-01,222.9273223876953,227.78866640921956,222.0520920424473,222.57533151957503,3457900
2020-04-02,229.5962371826172,229.9387199321588,218.9127002565207,221.9855223183916,1735600
2020-04-03,227.1798553466797,229.72943801264884,224.53513293263632,226.73272466004835,2217600
2020-04-06,243.38116455078125,244.7796201373946,232.0887703274447,236.15097918226385,2129200
2020-04-07,243.59996032714844,252.33324890383096,243.29553927275927,251.9717352927248,1678600
2020-04-08,248.78472900390625,249.33649297782193,242.8103053403295,246.87252787904532,1326200
2020-04-09,269.75225830078125,271.01755588148836,250.1546911187121,250.1546911187121,2740500
2020-04-13,255.3775634765625,266.76509781851246,254.3596233004492,265.899375437829,2900400
2020-04-14,263.8443603515625,265.4140639282205,258.0507092030405,262.18903974700277,2588700
2020-04-15,259.9535217285156,261.5422714883453,254.1408512441668,257.051947829115,1594000
2020-04-16,261.19024658203125,262.7123955796307,257.70836958109476,260.83825561430547,1265100
2020-04-17,268.8389892578125,272.67288576008275,264.7482415772031,268.9246063172589,2667700
2020-04-20,265.5854797363281,267.012489087057,263.03586763159865,264.3297045398676,1512900
2020-04-21,254.2264862060547,260.2389302819493,252.980233679886,258.0508608627808,1856200
2020-04-22,262.57916259765625,263.9015090930425,256.29079489262267,259.4397255704407,1112200
2020-04-23,265.9564208984375,267.6117420430001,262.5981942232463,263.32122140481266,1699400
2020-04-24,270.1233825683594,270.68466947800096,266.7366157366556,268.85808457549746,1124500
2020-04-27,277.0205078125,277.83864571834755,271.31247170913326,272.5206622326196,1289700
2020-04-28,281.43475341796875,293.4026206673192,278.2763283213228,285.40185193418813,2048000
2020-04-29,280.0932312011719,289.0072726692001,279.14189223497783,288.5030641784197,1757100
2020-04-30,278.6282958984375,280.7402705867214,274.4709472495475,275.193945471588,1916400
2020-05-01,272.1401062011719,274.9655849626831,270.2659666989901,273.67177750562877,1152000
2020-05-04,271.8642272949219,274.1094031892912,267.3929499060204,269.51441801088316,1187800
2020-05-05,281.03515625,284.03186934674943,274.2996575044234,275.5268933748804,1049700
2020-05-06,275.2795715332031,282.96641060934815,274.8610088818023,280.4739058754881,881000
2020-05-07,281.19683837890625,283.2802736266948,278.66630156182,280.21696012790835,1282600
2020-05-08,283.1661376953125,285.4017908635916,281.3871378441409,285.4017908635916,852000
2020-05-11,286.0487365722656,288.5222249290143,278.40948201111667,279.73185777168555,1206000
2020-05-12,284.65020751953125,292.2228888172305,284.65020751953125,290.12040818120613,1303600
2020-05-13,280.0743408203125,287.7611801789117,277.7816091591931,283.2518112417484,1642500
2020-05-14,285.5159912109375,285.64919266963096,275.9645349997299,277.2298327270138,1253700
2020-05-15,288.3890686035156,289.80655516139575,282.8617594246509,283.87020599985914,1960800
2020-05-18,296.4658508300781,300.870556139012,295.5049889110684,295.9140578148286,1773000
2020-05-19,295.9521484375,301.8504638915805,295.5526021774757,296.5895585623971,1237700
2020-05-20,298.7205505371094,301.6411692569934,297.1793854629894,300.0143580942468,801200
2020-05-21,295.6382141113281,301.3938053402561,294.1826661241692,298.99644072392726,725200
2020-05-22,296.6847229003906,297.417272897144,292.5559129492061,295.8095068175542,621500
2020-05-26,297.7811584472656,304.0258663400563,296.6943114245373,303.42522733758807,1695300
2020-05-27,300.72711181640625,302.1190789762214,293.7769355862672,302.1190789762214,1182900
2020-05-28,303.9399719238281,308.4399628066151,300.12642131452,302.95798380573456,1928600
2020-05-29,309.8699951171875,310.8043253424449,303.5204308687822,305.67509593158104,1935800
2020-06-01,312.04376220703125,314.2079707656419,308.29695577337947,310.8520276598075,892300
2020-06-02,312.1104736328125,312.53950966290677,308.2397225564741,310.632734587072,1280200
2020-06-03,317.84033203125,319.04160960159993,311.39542316757655,314.73227944514605,1058900
2020-06-04,312.12957763671875,318.0501064350164,309.2217280247581,315.66663745558,1209100
2020-06-05,317.8309020996094,319.06078056963963,314.265240860009,316.9824020446901,1522200
2020-06-08,316.50567626953125,317.5543795202865,310.6995483533465,315.4569439236908,1116800
2020-06-09,312.33929443359375,315.43780410148395,311.44313686635473,313.8933208607023,966600
2020-06-10,315.7428894042969,318.5172507327935,310.91875061311947,313.64545420100393,1136400
2020-06-11,292.7185363769531,310.9758995248322,292.2132422116463,309.85090935982066,1663500
2020-06-12,302.1380920410156,303.38702756958264,295.55017970520896,299.7546228498446,1168700
2020-06-15,304.7503662109375,305.9421008113988,293.7482642328559,295.5501809143932,998000
2020-06-16,309.78424072265625,314.6179230689904,304.187859897824,314.6179230689904,912800
2020-06-17,311.1094665527344,314.2174905232817,309.9939901945829,311.39547121119256,896700
2020-06-18,311.5766296386719,312.4918736773783,308.2493159003476,309.4124500496742,726300
2020-06-19,308.64013671875,317.4780281080714,306.3043257748191,316.78204477943274,1932700
2020-06-22,311.1475524902344,311.69099038640024,305.8181194805766,308.6210812559715,1330400
2020-06-23,313.2451477050781,317.03964228306717,311.76740799617465,314.18899248075894,890000
2020-06-24,303.1485900878906,311.2237824589994,301.6517649001767,309.4218663231385,1298200
2020-06-25,312.5395812988281,312.9495310512766,301.2705310348924,303.5395985504321,1051900
2020-06-26,306.6094665527344,312.64439742765364,306.1709163910938,309.7556340826784,2563800
2020-06-29,306.3138732910156,309.9939350185448,303.40602400387695,309.9939350185448,1298200
2020-06-30,314.1221618652344,315.17086496567225,305.4844724009187,306.61897689529707,1823400
2020-07-01,318.9272155761719,320.4621847709649,313.3689785637249,315.01834961749256,963200
2020-07-02,317.7164001464844,323.4748690789572,317.0967040597381,322.5786824568642,707900
2020-07-06,325.1241455078125,328.01290803125835,321.8635770451489,322.8169644006765,1296500
2020-07-07,325.2864074707031,329.50990872312883,323.57032095446215,323.57032095446215,836800
2020-07-08,337.8043212890625,338.214270998362,329.2905765029876,329.2905765029876,1121200
2020-07-09,336.27886962890625,340.1591640767203,333.15175951870873,337.4420036446244,1126400
2020-07-10,335.4113464355469,337.8234163111419,332.28423573799574,336.5649374816787,821000
2020-07-13,329.95794677734375,339.8445726063598,328.20371689450286,336.56491657906656,919700
2020-07-14,335.24920654296875,335.41126613056355,327.8223095037936,328.85195523905236,724500
2020-07-15,338.261962890625,340.4261717092813,333.9050029747162,340.4261717092813,613100
2020-07-16,333.218505859375,338.12844612838813,330.6824913788085,336.6220774430876,624600
2020-07-17,338.15704345703125,338.53839267044293,333.31381825195507,335.08713428218533,577800
2020-07-20,341.39862060546875,342.5617548402828,336.16453109634836,336.16453109634836,597700
2020-07-21,338.2904968261719,342.7428295557548,336.79370046165195,342.26613577334064,611400
2020-07-22,339.8350524902344,341.5415955006058,337.15603541878176,337.3848391531146,634700
2020-07-23,332.0268249511719,340.96960664282426,330.0819058072842,338.4431058458008,1383300
2020-07-24,333.6570739746094,335.8879975637416,329.347772310356,331.16871710148536,860900
2020-07-27,334.94415283203125,338.93884937319865,333.10412166874767,333.8096192122678,1057800
2020-07-28,331.3974609375,339.9493469471396,327.6029686699144,339.9493469471396,1185300
2020-07-29,343.0860595703125,343.2195478045423,331.99818584082874,331.99818584082874,1036300
2020-07-30,335.94525146484375,340.00669276741445,332.4081909046955,337.842483859666,1122600
2020-07-31,333.92401123046875,338.2047122995569,328.6517788978994,337.17506648003945,1126800
2020-08-03,334.33392333984375,338.7195116827678,333.247076713359,336.3169856438981,673300
2020-08-04,329.6528625488281,334.5437462236451,326.1825463661167,332.25562150717496,1116300
2020-08-05,331.19732666015625,333.63799654677007,329.538412479899,330.8445488143275,712200
2020-08-06,336.1358337402344,336.28837922977505,330.20576239907325,330.95894666146864,623300
2020-08-07,331.0829162597656,335.1062132764138,325.7344255489926,333.6856749989872,828000
2020-08-10,328.0320739746094,329.21426527182115,324.6094160293912,328.9187174475182,552700
2020-08-11,327.6888427734375,333.40916835465526,325.80115395248714,328.85197680542166,745100
2020-08-12,332.9133605957031,336.5457643937062,330.854040245681,331.24493258525274,522200
2020-08-13,339.5299072265625,339.854055496797,331.1973094876697,331.1973094876697,723000
2020-08-14,335.8498229980469,341.0743972654683,334.49602896531786,337.95683043974407,530800
2020-08-17,340.4928283691406,343.0765003676538,336.8031942755217,336.8031942755217,618800
2020-08-18,343.333984375,345.3933053614264,339.8827254506029,340.5024216555492,561100
2020-08-19,341.4176330566406,346.175057154611,341.07442747262184,344.92612167651765,1018900
2020-08-20,344.3826599121094,344.630549991248,338.46213123677563,338.5669899040544,735500
2020-08-21,345.1358642578125,346.43245746525827,341.64646205060086,344.9261178160102,722500
2020-08-24,343.2195739746094,347.9865125020345,341.5511454900106,347.1093830111514,588500
2020-08-25,342.4267272949219,345.09164638882,341.13724843340157,344.96747024780507,528200
2020-08-26,348.0718078613281,350.9373039044944,341.1468590903429,341.9491944845095,676900
2020-08-27,347.6610412597656,351.06142705224096,343.74485809559405,349.33258036587176,600600
2020-08-28,350.38323974609375,350.6124992171132,346.96376113378346,349.23705898831173,509900
2020-08-31,349.9917297363281,352.7234888748374,347.9381007420661,352.5706589080953,775300
2020-09-01,351.87335205078125,353.19145565384053,348.4824978117871,349.8006305641775,564900
2020-09-02,361.4441223144531,362.838655558713,353.162825933504,353.54491539162063,764900
2020-09-03,337.8323669433594,359.7916045900901,335.9793442055602,359.5241595119195,1352100
2020-09-04,329.7039794921875,340.5355514238237,322.6453224783756,337.8037924235701,1275000
2020-09-08,325.3865661621094,329.4460180828597,320.02807446906877,324.43140100428576,1055000
2020-09-09,336.0080871582031,340.38273191543027,329.4174516513346,330.48723224789666,842900
2020-09-10,329.03533935546875,338.78756850112853,327.172755438188,335.8169893840018,679600
2020-09-11,333.152099609375,335.4731441982072,330.2006424502432,331.7480055094647,681900
2020-09-14,337.2593078613281,340.8125238967579,336.2181811958856,336.71485665162027,628500
2020-09-15,341.1849670410156,344.3656538273503,338.73018587012217,341.39510451769377,779300
2020-09-16,341.509765625,343.8976785680496,339.70448944837705,339.91462695333854,907100
2020-09-17,335.9603576660156,342.14027935683623,333.40049208028023,336.8486545477804,783700
2020-09-18,335.2726135253906,338.86401557724565,333.1139304119947,336.34239410038293,992700
2020-09-21,335.1579284667969,335.46355917497914,326.7524572812237,330.37254152346173,1129800
2020-09-22,334.47021484375,337.5649408003651,329.12128383097,335.5781808373727,748200
2020-09-23,327.6789855957031,336.380556108164,327.3255791200482,334.8045101393658,628100
2020-09-24,330.3630676269531,332.7796350355766,326.75254341269874,327.8127922137537,644400
2020-09-25,337.0300598144531,338.9690440802178,329.073517064042,329.6370610561349,578700
2020-09-28,339.6089782714844,343.55381524705166,339.198264227609,341.1945560157428,741500
2020-09-29,340.97491455078125,344.1651631105411,338.6538407505346,339.98153449076887,580900
2020-09-30,344.4326477050781,347.40319809562686,339.67591353816584,340.9940464488364,1012000
2020-10-01,347.4223327636719,351.63461581293603,345.0917267797343,348.5303281617189,650300
2020-10-02,346.7058410644531,349.1128466405569,341.06081178364565,343.73526242376096,719500
2020-10-05,348.6066589355469,349.57138515608324,345.7507241946939,349.3039400547592,517300
2020-10-06,338.4246826171875,350.76543358052356,338.1763302618621,350.76543358052356,776300
2020-10-07,338.9881896972656,342.7419826688011,336.1036007250019,339.9624770466623,703100
2020-10-08,341.1849670410156,344.6044450895152,339.15999265242465,339.72356568253906,547800
2020-10-09,340.7647705078125,343.5824905602061,340.0961431601499,342.8852385697933,812200
2020-10-12,343.9454650878906,347.76612624022266,342.1210958897323,345.42598877401804,687200
2020-10-13,338.1285095214844,343.9454625856715,336.6384540148616,343.9454625856715,1163900
2020-10-14,335.7501525878906,341.32831425351964,334.6325963989399,340.9749077683521,811700
2020-10-15,331.87213134765625,335.77875317575126,329.7994102193976,332.2159767978783,963000
2020-10-16,332.5599060058594,336.19908336491557,331.1462509077213,332.3975150837049,1109600
2020-10-19,325.8545837402344,336.4473617118517,325.1573318391975,333.59142725298943,731500
2020-10-20,324.89947509765625,328.4431302439165,324.08757875246306,325.0713978580034,1032500
2020-10-21,322.7598876953125,329.2645606064316,322.14856795391887,327.1536536012579,691100
2020-10-22,322.12945556640625,324.5842370642632,319.32126761736515,322.44464724874325,1001900
2020-10-23,322.3014221191406,324.4601050378934,320.1045535756773,323.80103864498807,688600
2020-10-26,318.59539794921875,321.2603174970583,315.58663285937877,318.22289861205155,893600
2020-10-27,316.01641845703125,320.9641672943756,314.1060880195087,315.20452219121836,1482700
2020-10-28,312.0525817871094,314.79390211943684,307.67790745557267,310.4383497535546,1505600
2020-10-29,311.135498046875,314.64096710167314,305.18483759965096,312.7306367315948,876400
2020-10-30,308.260498046875,314.99440153990037,304.7359358690171,308.9577500383265,1464400
2020-11-02,313.21783447265625,320.45797500168214,311.1642056501983,313.8386861204382,1305100
2020-11-03,319.7416687011719,322.731341544408,314.79391813503554,317.08630963118054,1186600
2020-11-04,335.3585205078125,341.6530559211082,322.9222504677161,323.12285615498394,1603700
2020-11-05,340.029296875,344.67141554158735,336.8486091482884,342.0064961061267,1317500
2020-11-06,338.47235107421875,340.7934248337326,332.5121291174036,339.5325996815353,1072300
2020-11-09,330.87884521484375,351.7587465833779,330.13381737894304,351.68234617812357,1316100
2020-11-10,320.0758972167969,331.43279745332705,318.6526811011107,329.65620399057565,1488600
2020-11-11,328.54827880859375,332.4166874310129,321.8907740953078,322.5402796406679,975900
2020-11-12,326.3990173339844,329.7516561442387,323.3233845630102,328.94932096259225,697900
2020-11-13,326.59014892578125,329.4078692154725,322.42561284687065,327.96556021082836,941200
2020-11-16,324.3933410644531,329.875982359362,322.32064800633253,325.7210352591945,1407700
2020-11-17,321.56591796875,325.89281513507905,321.1742967409754,323.1323737305199,1052200
2020-11-18,321.39398193359375,324.1639550539646,319.8465898966475,322.71208536240925,943500
2020-11-19,323.4476318359375,324.7179888656454,319.5601020494703,322.903180616349,1111200
2020-11-20,323.11334228515625,327.10592656171093,321.5564180581041,322.84589714580176,825200
2020-11-23,322.00537109375,326.2272151986724,318.6814139910296,324.0494391436936,893200
2020-11-24,319.8614807128906,324.4458416385934,319.5265012886022,322.14888576935334,1469700
2020-11-25,323.52703857421875,323.64188197714657,319.56476592895325,320.9716560295709,1013900
2020-11-27,326.9054870605469,329.3555770298677,324.5893713263699,325.88141803229036,407700
2020-11-30,336.67718505859375,337.99794280754105,327.5563334645311,328.5899534551878,3327300
2020-12-01,319.9667053222656,337.58631553908214,318.70336964004923,337.58631553908214,2256000
2020-12-02,318.971435546875,324.13959388645367,316.56918692376377,324.0821721765879,1713100
2020-12-03,312.58782958984375,320.23481944700455,311.67863290947713,316.176833029834,1745500
2020-12-04,324.87652587890625,324.9243675637848,314.9134511918736,316.59786987846275,3059500
2020-12-07,321.8043518066406,325.5847799378275,318.5599083211838,323.7089359036056,1691400
2020-12-08,319.3734130859375,322.4647221922303,318.8278776410458,320.9046976080909,1637400
2020-12-09,313.2290954589844,320.7707931211144,309.9942021687157,319.8998580654739,2000300
2020-12-10,311.8412170410156,315.04739825044044,309.9462425311864,313.18113459053666,1475200
2020-12-11,310.8746032714844,314.9134283921975,309.381580639882,310.9511558032233,1429000
2020-12-14,309.7835388183594,314.6645879239333,309.391137717733,313.37254121843193,1666900
2020-12-15,309.93670654296875,312.6547744824258,309.38162029642746,310.84593226540136,1207600
2020-12-16,307.0941467285156,311.52537252236675,306.012656123077,311.52537252236675,1809000
2020-12-17,307.27606201171875,309.02751173780524,302.84483520581307,309.02751173780524,3021600
2020-12-18,308.6541748046875,309.5346894879327,305.4575738325253,307.4578407938166,2981100
2020-12-21,305.859619140625,306.1850477934851,298.29879172365037,305.0174242738847,2211400
2020-12-22,305.23748779296875,306.5008237248842,301.40921833192414,304.873797520989,1627500
2020-12-23,300.1650695800781,307.76418748393183,300.098067848681,306.26158457484013,1047600
2020-12-24,302.9884948730469,303.3330544502406,299.7823412824978,299.7823412824978,490800
2020-12-28,304.3857421875,305.3236496025905,300.87329176923373,305.23751703635037,1030500
2020-12-29,307.6875915527344,309.04664012290476,306.06059448408456,306.7305241450417,1058600
2020-12-30,309.7356872558594,310.367355163008,306.988908846469,308.85517251054983,1340000
2020-12-31,314.61676025390625,314.73160366264324,309.4294423693905,310.37692969884824,1014200
2021-01-04,318.9426574707031,322.2732619778501,316.31072256284284,317.4687657442366,3231000
2021-01-05,314.3487548828125,320.2825544015878,311.1329936844689,317.5357760241251,2012800
2021-01-06,314.7412109375,316.29168485572643,310.2334310916431,313.01850108264773,1638300
2021-01-07,314.9422302246094,319.153321663788,312.3772961634369,315.2772097134111,1856700
2021-01-08,312.8174743652344,316.9807232481001,308.8360706184679,316.9807232481001,1493900
2021-01-11,305.49591064453125,311.4775815985096,305.00779694832573,310.8172027886001,1545600
2021-01-12,302.29925537109375,306.0222610892649,299.810903822742,306.0222610892649,2271500
2021-01-13,298.65277099609375,301.9737949360478,297.992392373497,301.0933095774985,1936900
2021-01-14,293.0347900390625,302.8160167147028,291.9054579002335,299.5141528300889,1910400
2021-01-15,292.8147277832031,294.5087262487658,290.5081922770056,293.24539050798666,2701800
2021-01-19,299.6960754394531,300.6339827229455,293.54211035709864,294.29820172007095,2224000
2021-01-20,308.11834716796875,310.5205962034877,301.4858756734192,304.04122982327755,2799500
2021-01-21,304.0794677734375,309.1232026604207,302.9883968738438,306.36684376395266,1622200
2021-01-22,301.6101989746094,306.8453289976732,301.533617235486,303.1701941188956,1519100
2021-01-25,301.4092102050781,304.5579699299537,298.327452203735,302.47157013971037,1453800
2021-01-26,305.3140563964844,307.25690189604217,299.8300501149336,301.8303173173452,1479500
2021-01-27,293.1497497558594,313.58314575965557,290.46997256506484,304.4431632482212,3074900
2021-01-28,305.2757873535156,309.7835665941171,293.88669122426023,295.4562665601206,2721800
2021-01-29,303.3903503417969,306.4051066567146,298.48059015677603,301.1603962646633,2734500
2021-02-01,308.0224914550781,309.0274294981066,303.56255498190666,306.0222245943577,1774600
2021-02-02,315.9279479980469,317.8899244442108,310.1663836773859,310.3099671502972,2397000
2021-02-03,310.3291320800781,315.8322701200487,310.2525795325091,315.8322701200487,1705100
2021-02-04,314.3487548828125,314.3678857134581,310.3290606867268,310.750172619931,1172500
2021-02-05,310.1089172363281,318.1865670953497,309.59212195496076,314.82728093696437,2153300
2021-02-08,311.46795654296875,312.29102032768674,309.0752885073371,311.5827999354993,1250100
2021-02-09,318.11962890625,323.93858551410676,312.65475333557686,315.8322239315681,3154600
2021-02-10,318.70343017578125,322.388145345115,316.4447652307135,320.5888540391103,1810400
2021-02-11,324.819091796875,325.2210437151967,318.70341760173335,319.9954643253779,1627400
2021-02-12,324.87652587890625,325.92927660525777,322.7613859915207,323.1729471524634,2033700
2021-02-16,323.80462646484375,327.3170769547582,322.0532058341407,327.3170769547582,2280100
2021-02-17,324.37890625,324.5320405669168,320.25394733751386,320.9621679967928,1344900
2021-02-18,323.9290466308594,326.3982970513048,322.6178688745414,322.6178688745414,1155000
2021-02-19,324.675537109375,327.24049995225323,323.94818574262985,324.57027371437243,1251800
2021-02-22,318.9809265136719,324.675458672998,317.35390063536596,324.675458672998,1542100
2021-02-23,311.9398498535156,318.3958393481733,309.915775406796,318.3958393481733,2261600
2021-02-24,318.2807312011719,318.6548366025706,309.2442663152854,312.72647065721924,1663000
2021-02-25,317.0911560058594,322.06026689128544,316.0455404814674,317.99288485717165,2584200
2021-02-26,315.9496765136719,319.7004794258474,313.1006319282897,318.52057916927896,1691000
2021-03-01,323.78704833984375,325.10126241515087,316.72673387468376,318.0217435386614,1175100
2021-03-02,319.3838806152344,323.67187943109985,319.1824392584521,322.5207274137488,1748500
2021-03-03,313.23486328125,318.1559926846958,312.99504238848954,316.74584466426404,1690300
2021-03-04,314.2037048339844,320.9282618135437,312.2467584274829,312.9470458747868,2134300
2021-03-05,320.8995361328125,321.1777365710416,313.9831096427902,316.56358484305736,2235600
2021-03-08,328.7657165527344,332.5452967384682,319.89234217341294,320.4103635774264,1854600
2021-03-09,328.19012451171875,337.06349845963297,327.9407013895025,333.19758644035306,2063300
2021-03-10,330.32928466796875,330.95281309851475,326.58808480968315,329.52349002733877,1263200
2021-03-11,331.08721923828125,332.59327253004085,328.78491473683033,331.72032077366066,1702500
2021-03-12,331.5379943847656,332.13277481394863,327.40348436785774,331.08715919209845,1226500
2021-03-15,337.1786193847656,337.4664220606623,330.51161521421545,330.51161521421545,1511500
2021-03-16,334.4158935546875,343.37562952882047,333.6197009243396,337.9460799986248,1332900
2021-03-17,335.9315185546875,336.98673634559304,331.6531219933921,333.90741498190346,1493000
2021-03-18,334.2719421386719,337.8980328355152,329.1589736293044,336.305618608064,1718300
2021-03-19,333.22625732421875,335.3942470939205,332.18064197091263,332.91927962187066,2317000
2021-03-22,331.470947265625,336.4304283393016,330.6171705934527,331.88343229205856,922100
2021-03-23,332.708251953125,334.1567792691117,328.65050186795344,331.5187498936429,1619500
2021-03-24,337.4663391113281,338.7997279076846,332.1615027089005,332.92891777263003,1069000
2021-03-25,336.99627685546875,337.53347326552233,333.63878465512954,337.53347326552233,1388800
2021-03-26,344.910400390625,344.9487799309297,336.77569434673165,337.44717528949946,1152700
2021-03-29,347.0111999511719,347.40450969467236,343.6537077395914,344.06622188887803,1464400
2021-03-30,338.4159851074219,344.99668422937,337.9651207538409,344.545819875789,1261800
2021-03-31,338.5023498535156,341.24591577217905,337.26486599308663,339.11630531993274,1116200
2021-04-01,347.8841857910156,348.1911635638176,341.0349162260648,344.80489368418955,1242800
2021-04-05,352.2202453613281,353.4097479040873,346.6563817620936,348.41188750828127,997500
2021-04-06,350.953857421875,353.2945113911086,349.514932241199,351.1744738802404,937200
2021-04-07,346.49322509765625,352.13378770133033,344.7760993702993,350.3591365787938,1260000
2021-04-08,350.7237243652344,354.0428672805151,347.2607240147749,349.5629992029633,945900
2021-04-09,354.07159423828125,354.2634333995715,348.87226407459497,351.48151672325065,1323700
2021-04-12,355.99969482421875,356.63282546356606,351.2896384796223,353.5343584145755,1035500
2021-04-13,357.7839660644531,359.46271217959253,354.1387004958683,354.1387004958683,947800
2021-04-14,356.8822937011719,361.4484932247861,355.9038349211175,358.90639741752705,893100
2021-04-15,359.7984924316406,361.08392889102726,357.7839910975229,359.08860268913526,965800
2021-04-16,362.67633056640625,362.9161514484786,358.93513066107926,362.7338852361028,2062200
2021-04-19,361.11273193359375,363.62605035959587,360.498776358533,362.1391724434536,977800
2021-04-20,363.6259765625,363.865797421272,357.7551666237619,359.73128815804284,1516600
2021-04-21,367.1753845214844,367.56869429379424,363.942603610682,364.5277525298431,1180600
2021-04-22,367.7029724121094,369.7750283773526,365.3815226327701,365.5349822375936,1052800
2021-04-23,372.3363952636719,373.5738501782484,367.99081192987154,369.3626098915972,1234100
2021-04-26,368.2976989746094,372.52814262894526,367.7892799018665,372.52814262894526,924200
2021-04-27,368.4992370605469,370.7055777557052,365.6981159086371,369.9669398808075,1288000
2021-04-28,364.6044616699219,372.6049118629834,364.5852865388268,371.4633621501249,1551100
2021-04-29,376.7106628417969,377.5260304415541,366.9067837625537,369.3241677762673,1663100
2021-04-30,374.4947509765625,378.85947979015344,372.662515727282,375.1182794820736,1492400
2021-05-03,377.86175537109375,378.07279890683066,374.29321966909293,375.08944134824026,1031000
2021-05-04,380.9603576660156,380.9603576660156,375.31016236589227,376.4037598852774,1735600
2021-05-05,376.0967102050781,382.32245114169774,375.3868497386562,381.7948568936832,1080000
2021-05-06,373.7080993652344,378.0536526730098,370.27384786438125,377.7562771146971,1613000
2021-05-07,374.8016662597656,375.67461780009063,372.969431172931,374.84964800209747,1068900
2021-05-10,374.4659729003906,379.8763470466995,373.9959332531105,376.6339634409348,1319500
2021-05-11,364.2112426757813,370.5904732053631,362.78189010515786,369.32421173911126,1902800
2021-05-12,354.6375427246094,362.6475663301452,353.03552629349775,362.11036987690073,1690000
2021-05-13,364.2399291992187,364.949789567698,356.02846540029833,357.0357012893571,1888100
2021-05-14,363.7219543457031,365.4774303612694,361.8993214556316,364.5565263502351,1563300
2021-05-17,359.68341064453125,363.66443187468207,358.1773283116146,363.66443187468207,1561400
2021-05-18,355.050048828125,359.6834051077465,354.94454168190805,359.56826648231055,1027200
2021-05-19,355.5776672363281,355.6831743810176,349.29434204991253,351.970751508554,1128600
2021-05-20,359.280517578125,361.9761023925199,356.38349138676864,356.4410460659005,1150900
2021-05-21,362.1296081542969,363.8850844995742,359.82733305679596,360.17266114766386,1539700
2021-05-24,363.6164855957031,367.72221878288326,362.6092493907354,362.685979208012,1205900
2021-05-25,363.9144592285156,366.8173823892364,363.578020645564,365.66391639218,952500
2021-05-26,363.9913330078125,366.4232594755262,362.7128724054712,364.7314743381248,871500
2021-05-27,365.7887878417969,368.06691266872855,362.55901934359946,363.85669392470913,1226600
2021-05-28,364.76031494140625,368.73981769674106,364.0874378436695,368.5764239643147,1760900
2021-06-01,358.9832458496094,367.52864933904993,358.4834136099984,367.3652262856505,1415200
2021-06-02,365.1063232421875,366.0387235048086,358.8294521962743,358.8294521962743,1380200
2021-06-03,366.56744384765625,367.7497456417982,360.6846827867882,363.9240442031118,1471000
2021-06-04,369.6722106933594,370.20090821242144,366.2886697766874,367.1153481756603,938200
2021-06-07,366.4521484375,370.72004022679414,365.88502250470447,369.8837399517169,800300
2021-06-08,369.4895935058594,369.7010373066438,364.39502409325735,366.4616760368013,1179600
2021-06-09,369.70111083984375,371.9888581227848,369.0570988912146,371.469811597366,969100
2021-06-10,371.7388610839844,372.5462959173085,367.61514985075866,369.11467587473186,831700
2021-06-11,377.2756042480469,377.70817229194864,372.39253703280656,373.46911693319953,1085600
2021-06-14,381.0052185058594,381.1493980805209,373.1326910487067,373.78632467690767,1375300
2021-06-15,380.6687622070313,383.6389786450921,379.8228989635571,383.3506195092034,1813800
2021-06-16,377.5351257324219,383.6485736641279,375.5741957411993,381.6588077613256,1346000
2021-06-17,384.6482849121094,385.7152430234867,378.2752841529278,378.46754312856746,2122100
2021-06-18,375.5646057128906,383.8504574654322,374.6418271298003,383.12953028044865,2394900
2021-06-21,384.0330810546875,384.67712222428224,374.6610279828822,377.6024084463422,1431800
2021-06-22,388.204833984375,389.1949354222392,381.4858023969158,383.4371106910996,1343200
2021-06-23,385.2922973632813,389.11802804168445,385.10968947111184,388.0029905173066,1254500
2021-06-24,395.2410583496094,396.47143940225567,386.5610974127961,388.4162760726786,2135500
2021-06-25,396.3753356933594,396.9232473543132,391.7806279426975,394.9142672654159,1980300
2021-06-28,394.8757934570313,398.69190209538056,394.52014077977685,396.0292885555959,1058300
2021-06-29,394.6643981933594,395.8947795184134,386.9937510788058,390.0216396416351,1709500
2021-06-30,394.5393981933594,395.5871420997901,392.3766168082116,393.9818647867008,1469400
2021-07-01,396.2215576171875,397.9613927232309,394.61628031980064,395.9716268280543,938700
2021-07-02,398.557373046875,399.1148771394936,395.77938632911736,397.1347329006121,874200
2021-07-06,399.55706787109375,400.4990605816956,394.2702687220061,398.9130267038895,1166500
2021-07-07,402.9117431640625,403.68072034069894,398.2785779381407,400.7489618533487,714100
2021-07-08,400.8931884765625,403.0559700412114,398.6631133340421,398.7592428260581,1418100
2021-07-09,398.60540771484375,403.2193589290519,394.8469707720704,401.17192119454825,1534900
2021-07-12,395.78900146484375,401.5372044448744,393.11676602845904,400.2587438840476,1581700
2021-07-13,393.09765625,396.8464725217579,392.2133058126223,394.8663277901471,1143100
2021-07-14,394.6643981933594,394.8758713586626,391.77109679690705,393.1456577040758,810900
2021-07-15,395.5679626464844,396.9906029706139,393.2610013290724,393.2610013290724,845900
2021-07-16,398.35552978515625,399.1629646950448,395.6736725002612,397.09628334094975,905800
2021-07-19,393.2897033691406,398.88410392711137,390.3579453042006,395.61590739539264,1226600
2021-07-20,400.2395629882813,403.1232717996656,392.91494730090136,394.58748902443136,922700
2021-07-21,400.8931884765625,404.3151871831944,400.50869984310094,401.9409324699512,985500
2021-07-22,402.37347412109375,403.2193666599802,399.8646324166872,402.65224082927233,822000
2021-07-23,402.2773132324219,406.3145166402782,401.58522205777786,404.3920444145558,994800
2021-07-26,397.375,402.6425844166496,392.67457069983215,400.48942492819623,1167000
2021-07-27,396.7887268066406,399.3263752971308,392.1075108806183,396.4138305819598,1828600
2021-07-28,395.6352233886719,400.29722505361417,393.42439175437875,399.1053014943885,1474300
2021-07-29,407.1509094238281,411.3418860516998,399.8743428277389,403.5270294178033,1833300
2021-07-30,412.1012268066406,413.2643145134037,406.14155002585426,407.6122403882485,1572000
2021-08-02,417.41693115234375,419.2528963040477,411.93787161753687,413.9084239537363,1968800
2021-08-03,419.14703369140625,419.1758696040508,411.880090358975,417.32069077651704,1645300
2021-08-04,422.4632873535156,427.4040552384397,417.5033053060733,419.14701090666193,2280700
2021-08-05,424.5973510742187,426.62554583244344,419.8872985002408,424.0206033573912,1391100
2021-08-06,424.462646484375,425.2412747542101,420.36780043025345,423.9243565867947,1140100
2021-08-09,419.2046813964844,424.866376374939,417.6474835340759,423.876304318309,1238500
2021-08-10,417.64752197265625,421.76161188127554,416.5036485072937,421.76161188127554,879600
2021-08-11,416.7920227050781,420.2428571472161,414.3889322020906,418.6664156966479,1035700
2021-08-12,419.8199157714844,420.089060737576,415.67699004275136,418.983644960221,923100
2021-08-13,424.6164245605469,424.9240271522227,419.5410991362864,421.0214109409534,1021900
2021-08-16,428.8170166015625,428.9900613914804,421.4539739911232,423.7416912366445,1085200
2021-08-17,426.9618835449219,428.0192492201263,424.2608121996181,427.0772271941077,950000
2021-08-18,413.33160400390625,427.7501483296239,413.091294931811,427.7501483296239,1694700
2021-08-19,417.1188659667969,418.31078954485474,406.4010875101628,408.438903692495,1585000
2021-08-20,420.55999755859375,422.2133247832776,415.1098054331362,416.8592621323732,1622000
2021-08-23,422.001953125,425.2413441220877,419.94492268110594,422.90551760074726,874000
2021-08-24,420.6370239257813,424.3762179959389,420.06027626079054,423.5591905830239,854200
2021-08-25,421.61907958984375,422.01388457839533,417.29550213092233,420.925768529561,572800
2021-08-26,420.9546813964844,422.81313012263774,417.690333047349,422.81313012263774,543500
2021-08-27,422.0524291992187,424.47903288257527,419.9147222995654,422.7650177566411,838400
2021-08-30,427.6086120605469,429.71743249186056,421.7636160817676,424.10353046073953,908800
2021-08-31,427.3678283691406,430.07366076633025,426.4626713338202,427.9552018780681,994400
2021-09-01,431.9898986816406,433.77132607657734,425.6249418509431,428.8411263619022,961300
2021-09-02,432.7409973144531,436.7853175100209,429.55369944158264,434.8016828636516,844500
2021-09-03,435.3216247558594,437.3245367315391,431.0751269425788,432.81802886572154,997400
2021-09-07,430.1603393554687,435.5334789305174,426.6167619604247,435.02312691104805,964200
2021-09-08,433.9061279296875,435.1483165871061,429.0625883616219,430.9306760092313,1010800
2021-09-09,434.6572265625,439.7029731421223,433.4053992402167,437.1897091749334,1079000
2021-09-10,433.5498352050781,438.162280701536,432.6446781501663,435.4468095368007,972100
2021-09-13,432.7602233886719,439.6644183804045,427.3774162184471,437.00672088799223,1365600
2021-09-14,434.8498229980469,438.27785355847067,432.64470371175025,433.01062203892633,801700
2021-09-15,435.3890380859375,437.3437859080419,431.93212097129503,437.1608267544103,891900
2021-09-16,437.2186584472656,438.1912278264472,434.60912456278714,435.0905898972237,1120000
2021-09-17,429.8714599609375,436.98750129391624,428.5426111282589,435.3890330883976,1482500
2021-09-20,428.3788757324219,429.04330011110886,423.0153459336957,424.27678250510303,1088200
2021-09-21,428.6967468261719,431.3929409526008,427.21382536348,430.5648346803091,743900
2021-09-22,429.1203918457031,432.3365764120947,425.0857104203622,432.3365764120947,1103800
2021-09-23,434.9268493652344,438.5185614675187,431.4602935484884,431.7010261831748,1092300
2021-09-24,436.2845458984375,436.3423487648848,432.4906266952422,433.2224339057854,552700
2021-09-27,428.8218688964844,434.84982382417246,425.16274439039125,434.6765033698049,780900
2021-09-28,410.31439208984375,425.6250139385364,404.45978628365657,422.3991901721039,1940200
2021-09-29,410.8054504394531,415.07122597141785,408.6003311234951,413.097229983596,1145400
2021-09-30,409.1395568847656,416.7659500375381,408.8410213924412,413.42458000557167,1248900
2021-10-01,412.4809875488281,413.80983663919665,405.39383158194704,410.23737190971826,1262300
2021-10-04,400.4347229003906,412.52912970136856,399.5584524689207,410.62251640567786,1160000
2021-10-05,409.3706970214844,412.3269010619941,401.75391233113345,404.11310409220425,1194300
2021-10-06,411.9031982421875,412.4327983117268,403.2753190047629,405.499686314923,854200
2021-10-07,416.7563171386719,420.5213789967579,415.61042746941496,416.3711508080838,752200
2021-10-08,413.7904968261719,416.2363485313759,410.3817146181969,415.7933793419603,591000
2021-10-11,412.6060791015625,418.3644140505388,410.38171200522913,411.93204538569864,653900
2021-10-12,414.7053527832031,418.7592825604278,410.3528874713628,415.4467987989415,1423500
2021-10-13,414.4741516113281,417.4303551817066,408.8025064723218,416.9488899508165,1271300
2021-10-14,425.4034423828125,429.4573716289103,417.80593588888416,419.29846643486223,1436700
2021-10-15,427.4642333984375,429.92933377865336,426.2316832083296,429.2263837489089,953600
2021-10-18,431.258056640625,431.73952190962206,425.65382324309314,427.5507975783939,836200
2021-10-19,434.3683776855469,436.34240312394496,430.4299949050548,433.2224878761699,1042300
2021-10-20,424.228759765625,436.2076203894773,419.7318897159588,435.29282444208206,1519400
2021-10-21,428.9278259277344,429.51519951174,420.6369778500753,424.2094716767493,961400
2021-10-22,433.7906494140625,434.47435138146153,427.39680473235046,429.5345121001164,1349700
2021-10-25,430.7862548828125,434.11798650792787,427.26192538448646,433.4535914338631,1148500
2021-10-26,447.3967895507813,453.35733203431806,435.9956953113282,437.189719795345,2318800
2021-10-27,445.45166015625,452.77954723772945,445.2109275285592,448.0323068723813,1251800
2021-10-28,452.10552978515625,457.6327417122655,443.4872896490974,443.4872896490974,1830600
2021-10-29,456.5831298828125,458.0275256343198,448.8604378438241,450.6418357616377,1588500
2021-11-01,446.0101623535156,458.51865010378344,440.7910952609433,456.5446248566379,1225400
2021-11-02,444.0843505859375,452.01891913305633,443.4006780518786,447.4064730864904,936200
2021-11-03,438.18157958984375,443.882141955616,435.71647948202633,441.2629694177712,1662000
2021-11-04,445.5961608886719,448.7256855194405,438.13344830760826,438.64380037963497,1438600
2021-11-05,443.227294921875,450.6418422546599,441.55177584329647,449.7848493772972,1158400
2021-11-08,444.5466003417969,448.4560967195464,441.5518705175356,446.9346791098016,1027200
2021-11-09,444.854736328125,447.5124050831858,442.82293726584373,445.8658018107887,952000
2021-11-10,437.3727111816406,444.0458427499739,433.511379356064,442.61105613528287,1011000
2021-11-11,434.7823791503906,440.367393815376,434.30091388890776,439.8570418136565,741100
2021-11-12,436.55426025390625,438.4416256368278,432.1632984900271,435.46617321698295,1842600
2021-11-15,442.2547607421875,446.86720650211146,433.21285777187825,436.6890231006133,2115800
2021-11-16,452.93365478515625,454.657308761312,441.3207142753071,441.8118182775152,1538300
2021-11-17,448.2441711425781,451.55665458635167,434.5898229927105,449.688566967957,1680200
2021-11-18,446.7322998046875,451.61436405518253,443.7857350894749,451.08476408213414,2835700
2021-11-19,444.20947265625,451.6144106530435,442.1391779303045,450.0833546635404,1585400
2021-11-22,441.14739990234375,448.8123192401435,440.81036831552296,447.0308917552135,1190900
2021-11-23,441.3495788574219,441.9851165382783,434.7631375098751,437.5363821585912,1219300
2021-11-24,447.0983581542969,448.0339738735085,439.03472530481383,439.72920325552514,905500
2021-11-26,438.4173278808594,446.8282130690003,437.0283722031291,441.61964399539073,833900
2021-11-29,448.44866943359375,450.5417579622986,441.6775323114186,443.4040867666928,1489200
2021-11-30,439.5748291015625,450.2041703137023,438.282334319509,444.12751090862474,1865900
2021-12-01,433.1412963867187,446.1241454044515,432.8133525588086,444.7062541696788,1436800
2021-12-02,444.6290893554687,446.18200238418046,432.0706455451622,432.1574516055472,1369700
2021-12-03,439.6616516113281,448.9888434612211,429.54349142719144,446.28811238806185,1488500
2021-12-06,440.346435546875,443.8766954881883,435.6008320125211,443.8766954881883,1250800
2021-12-07,453.7826232910156,453.9080196219148,446.6546072091199,450.16555729550305,1093600
2021-12-08,456.2326354980469,456.6281049511716,452.22009969583615,454.6411321916013,998600
2021-12-09,451.0819396972656,455.2970230024284,450.7732763020735,454.63148043469096,931000
2021-12-10,456.8788757324219,457.0621133377565,448.8152142315426,453.1556936423415,904300
2021-12-13,461.8848571777344,464.5373723097019,456.30975382324755,458.2871009467152,1449500
2021-12-14,453.6669006347656,461.0842999642504,448.3618702888056,458.90440534810375,1440300
2021-12-15,461.9909973144531,462.5311435238797,452.99174936475686,454.66040376911496,1093300
2021-12-16,459.92681884765625,467.04520960414385,454.7857752100592,463.8622032274546,1377400
2021-12-17,451.0626525878906,458.7018801732193,448.3715470032639,458.576483831046,2355500
2021-12-20,444.02142333984375,445.9698058486777,437.90617326313026,445.9698058486777,1675300
2021-12-21,453.81158447265625,454.20705390963354,446.63532277422337,448.23648094499976,717300
2021-12-22,456.4833984375,456.90780321633054,451.9885874149834,454.2745684889173,814700
2021-12-23,456.9464111328125,460.4959814155728,456.685992942696,457.49621230326534,1342600
2021-12-27,461.15185546875,463.2449147295302,455.76001871833665,461.2868773069802,850700
2021-12-28,458.2582092285156,464.3734593463699,457.6891276419449,461.6630732537688,717600
2021-12-29,457.72760009765625,460.56338198871646,455.60560586127355,459.0490595055261,709400
2021-12-30,453.8019714355469,459.8786310463888,453.387192128557,458.103860713812,820400
2021-12-31,455.2005310058594,457.1296329407669,452.39368415827784,452.9338303451912,842800
2022-01-03,444.7544860839844,456.0686508337087,442.00550975970134,456.0686508337087,1282400
2022-01-04,443.5198364257813,448.5354838347404,440.7612053304579,448.5354838347404,1215200
2022-01-05,439.6037292480469,446.7317451191197,439.2661305446324,444.8798238682156,1316100
2022-01-06,435.93853759765625,438.83219110132694,430.7203122470782,437.645812003712,1452600
2022-01-07,430.91314697265625,436.0541907044458,430.3151300794163,434.1250887594087,1086400
2022-01-10,419.9559326171875,426.727070985116,413.1365490310709,423.5344090844928,2357500
2022-01-11,425.38623046875,425.5309366534267,415.6249799982433,419.95583358760433,1497300
2022-01-12,431.9645080566406,434.61702325597423,426.88133498060944,427.8072956809095,1910400
2022-01-13,420.8045959472656,434.1154155669314,419.29027345797726,431.9548016095739,1158000
2022-01-14,417.0332336425781,419.09738679994007,412.1333277797121,417.7856116401563,1400700
2022-01-18,409.11431884765625,412.5384927104774,405.7287647043157,411.1012916406291,1483100
2022-01-19,407.9568481445313,419.36747326883375,407.4938530779622,412.2780176894695,1535300
2022-01-20,403.16302490234375,416.14587271217954,401.6583277445088,410.2138901358197,1284200
2022-01-21,402.1502990722656,410.1367813208613,399.661770086907,404.1855172809062,1634100
2022-01-24,403.1340637207031,404.0021536506392,386.4859056313363,394.96431635357067,1861400
2022-01-25,385.3670959472656,398.4656868023863,384.8751654717465,396.0060932963172,2498500
2022-01-26,383.4476318359375,393.06420696122586,380.2356603623053,388.8491235914955,2119700
2022-01-27,381.0748291015625,395.5141599983862,379.1553818649217,389.4085645918214,1716700
2022-01-28,392.2057495117187,392.3022105054133,377.0912508006005,381.21952818317135,1701100
2022-01-31,400.5008850097656,400.7806130540798,391.09651234620105,392.23467551167016,1788200
2022-02-01,402.6614379882813,404.5326692170144,394.71354744859616,403.61636346085214,1457400
2022-02-02,407.1080627441406,408.4005575998195,402.7000574459578,406.3653396076882,1640600
2022-02-03,398.5042724609375,404.9474666050322,397.587966597209,403.1823510819355,1226800
2022-02-04,399.7002868652344,405.1210585564316,393.8647358896225,394.8871575534404,1370800
2022-02-07,390.88427734375,402.8447033851916,389.58212765792064,399.4109043153916,1471300
2022-02-08,385.608154296875,388.79116046510353,377.8628118141455,387.11285133302925,2887800
2022-02-09,393.610107421875,396.325723856574,387.80195956697065,389.2419045788925,2351300
2022-02-10,383.1341552734375,393.03020745569023,380.8823981741748,385.91739783027464,2420500
2022-02-11,374.6394653320313,384.04266937463865,373.27682019686455,381.7329293922628,2731700
2022-02-14,367.92279052734375,375.91503851648577,362.839482270419,373.5183255772196,3156700
2022-02-15,372.4263000488281,376.9007936771904,369.9522869420444,374.2528334361553,1425500
2022-02-16,373.5667114257813,376.21470152763,367.8262192566657,371.4986041705389,1813100
2022-02-17,368.6766357421875,374.987307169956,368.1161295592935,373.827630052483,1224800
2022-02-18,365.9513854980469,370.6094707118506,363.8252664848514,369.64305834086446,1253600
2022-02-22,367.4782409667969,371.3921986001885,363.4192979086012,363.7285568924287,1648500
2022-02-23,360.829345703125,371.8367956506088,360.23984837293995,371.0250128802794,1766800
2022-02-24,368.8602600097656,370.8317494688456,351.3295552532142,352.0350173960358,1895400
2022-02-25,368.0968017578125,371.575862506656,358.5389697815977,365.17821768381066,8122200
2022-02-28,363.08111572265625,376.398276140226,359.63101670668624,366.2702645403624,5249900
2022-03-01,377.4613342285156,382.9698965889856,363.5450018614864,365.30387947048587,9770400
2022-03-02,385.7145385742187,392.9046496781124,378.81436890556296,380.7665114688656,5798500
2022-03-03,387.0481567382813,395.0693676651696,378.0121951206597,385.3666086410092,4359800
2022-03-04,393.8613586425781,394.6538238823949,383.91699636152543,386.4489921102692,3523900
2022-03-07,372.6873168945313,394.28661187789766,371.7595396941408,393.1655698801851,4222000
2022-03-08,375.0936584472656,382.48670758449464,367.70060931003655,371.2569999483607,3693900
2022-03-09,378.3600769042969,388.6040233624728,377.8478795813881,387.9178789093448,3034100
2022-03-10,369.894287109375,372.7838502869273,361.2835504595047,368.4736599282336,2767300
2022-03-11,366.9274597167969,375.5961802842768,366.5409006481852,372.0687808577748,2252100
2022-03-14,364.3374328613281,373.3637200992095,360.6457308400619,370.6481039272078,2558100
2022-03-15,374.37847900390625,375.31587063193734,362.8105224711376,368.1644254349872,1977200
2022-03-16,379.0559387207031,383.0762177637501,371.1700101546377,376.8235284805652,2092100
2022-03-17,389.1356506347656,389.4352361425425,378.3504838770921,378.3504838770921,2393500
2022-03-18,396.1710205078125,398.1618272848319,389.8990147534934,390.5948327187421,2858200
2022-03-21,391.16510009765625,394.2865933353495,388.36248048889286,391.9672094285854,2207900
2022-03-22,400.3653259277344,402.53975381706465,391.9188910308015,392.80797391860193,2336400
2022-03-23,392.0831604003906,399.00267661503887,391.2327127829104,397.83332588728626,2145200
2022-03-24,393.9773559570313,396.8282548405677,392.35376071120737,395.85216887926293,2066800
2022-03-25,399.5825500488281,399.9497914923595,394.1899816467641,395.2143764668429,2033300
2022-03-28,400.5779113769531,403.5834395712639,396.45134133907806,400.4329554257517,2529900
2022-03-29,403.4288024902344,406.6856070291467,401.0320895111465,405.6998476664071,1527000
2022-03-30,404.8785095214844,405.332724554703,401.7086778511185,402.40449599790946,2096100
2022-03-31,396.4029541015625,409.32388065920134,396.3933100343819,408.3091596334677,2414900
2022-04-01,394.1802978515625,398.35520653400874,392.01554349439755,396.20976980768774,1721900
2022-04-04,400.3845825195313,403.3514751988848,394.35417953008033,396.2000304627301,1620600
2022-04-05,398.0460205078125,402.0083180076061,396.3837896807437,398.09432934006776,1263700
2022-04-06,397.0794677734375,399.1282570131456,392.6049743622043,393.84198085556926,1558200
2022-04-07,401.0513916015625,402.3753716038876,394.37347972446946,395.55250379452536,2172700
2022-04-08,399.21527099609375,401.853587308256,396.9731872834363,400.1333745184297,1061900
2022-04-11,391.9864196777344,398.5773576470728,387.9854886957921,397.4176807576593,1466400
2022-04-12,383.96533203125,393.2622151754129,382.7863076506296,392.3247939097347,2226200
2022-04-13,382.9989013671875,385.50190597990985,377.6353242674348,382.6993158783042,2458200
2022-04-14,374.57183837890625,386.7293248277385,374.00165851098245,384.8351349866754,2404900
2022-04-18,377.4420166015625,378.4374201728067,372.9095401820207,373.5087111385375,1212500
2022-04-19,382.0711669921875,383.7720328447283,376.70756021337934,378.1861700782531,1869600
2022-04-20,383.9073791503906,389.2419657210079,383.41449932040393,384.43889424708874,1768600
2022-04-21,377.7029113769531,389.9280507325217,376.1663193381308,385.82079840157695,1537900
2022-04-22,366.9080810546875,376.43689175287426,366.5795044263943,375.4704794958138,1749200
2022-04-25,368.4157409667969,368.5896881227808,361.1289831207279,364.5790825105747,2197600
2022-04-26,362.8878479003906,371.3052914539568,362.1243738639336,367.4783066954022,1688500
2022-04-27,367.855224609375,371.8078477273514,364.1055398344553,364.1055398344553,1930700
2022-04-28,373.5667114257813,376.127727948409,367.0531011129907,371.7305337151281,1690100
2022-04-29,363.854248046875,374.2528543211074,362.76219737775136,369.4884190438872,2103100
2022-05-02,354.98260498046875,359.15751356945907,348.1693799583181,351.7741087782318,3850000
2022-05-03,347.5509033203125,359.5150937986165,344.96092511295154,354.7216669608113,2767100
2022-05-04,352.0833740234375,352.71153618738145,335.9926133990095,344.8159338717677,3722300
2022-05-05,335.2484130859375,348.3046523894551,332.4265057521482,348.1210316973691,4252200
2022-05-06,334.1467590332031,335.1711538121925,326.6183982204791,335.1711538121925,3353700
2022-05-09,317.7274169921875,331.01558844831425,316.9059899871359,326.0675613230983,4154900
2022-05-10,316.9736022949219,325.05282551569957,311.8323106008634,322.52082967736135,2959600
2022-05-11,314.8667907714844,322.9363394177424,312.2188304930779,313.81340489801204,2987900
2022-05-12,318.5875549316406,321.10987745279783,311.37812578924377,312.12225281243394,3251300
2022-05-13,325.53607177734375,329.61433389814397,321.3901537001568,324.03811463661174,2811700
2022-05-16,324.0960388183594,326.24147546324576,319.79552145981376,322.14389644483987,2588100
2022-05-17,327.8843688964844,331.20882961789744,324.4536169769026,330.7063058316609,2149300
2022-05-18,319.0320129394531,324.3182892209086,318.32655085961414,321.2451052893292,2527700
2022-05-19,320.91656494140625,323.92209327587904,313.9487104722196,315.494976173127,2581700
2022-05-20,330.9189453125,331.35381319476295,322.81073116104153,325.2267621488326,3425800
2022-05-23,338.7468566894531,341.48182023963346,330.7836281189494,332.0206347851691,2753300
2022-05-24,339.0851135253906,340.41876735406237,333.73118058005844,335.296793439303,2049300
2022-05-25,335.98291015625,340.5057127281764,334.27237096999363,338.0800083713562,2830000
2022-05-26,341.46624755859375,343.30692558500687,336.67076968004994,338.7246102784677,2048000
2022-05-27,349.38116455078125,349.96240944985664,343.19064029200206,343.19064029200206,2177600
2022-05-31,338.56951904296875,346.9785291527078,337.90105793680686,345.341287262525,9048900
2022-06-01,321.6449890136719,335.7698029738484,302.13372549813863,303.2381500283838,7792600
2022-06-02,332.3306579589844,332.524396429076,320.75371264515366,320.75371264515366,2609600
2022-06-03,325.44256591796875,328.15517022085737,321.4705582505996,325.9269563758224,2276000
2022-06-06,328.0679626464844,333.63845255794877,326.3047743963362,326.3047743963362,1815800
2022-06-07,333.7062072753906,334.81063151624784,327.6125976736376,328.5523161792497,1904700
2022-06-08,328.11639404296875,334.4522291880915,327.24449717608024,331.0421016164801,1620800
2022-06-09,325.92694091796875,331.9430914058706,325.78162970047384,327.86450265748977,1759400
2022-06-10,322.3715515136719,326.02384497400357,318.2639002691007,320.7343093778703,2505100
2022-06-13,312.2961730957031,318.8354436757568,311.4242762646649,315.9775579759734,3357300
2022-06-14,307.5201110839844,312.4415345657689,304.28438645635816,309.9323956062732,2849000
2022-06-15,311.30804443359375,316.25853010414835,307.646053889762,309.9517571145535,2489600
2022-06-16,306.1638488769531,306.9582563682035,302.51155526208123,303.664406981985,2692500
2022-06-17,309.9421081542969,313.4684852982884,303.6644259948803,303.6644259948803,4856100
2022-06-21,310.02923583984375,316.4619548514443,308.45014789458867,312.7612049224155,3614500
2022-06-22,315.0184631347656,318.28324967334356,306.73536962448054,307.7719721674553,2001300
2022-06-23,323.3209533691406,324.12505813528657,316.5588810802628,316.9560848280814,2082900
2022-06-24,330.99371337890625,331.45873889293904,323.3306522745939,325.7913642434707,4890200
2022-06-27,329.84088134765625,332.5437887231227,326.7311024923524,331.7590784471568,1728600
2022-06-28,322.31341552734375,333.26062781269417,321.17023160219117,329.6470644317292,1913900
2022-06-29,324.29937744140625,327.79666198833473,321.98397710514297,322.3230563029647,1745100
2022-06-30,326.537353515625,329.18213654832294,321.46095003857613,323.10786016116504,2153500
2022-07-01,332.6115417480469,333.1249944553577,323.9990947043092,326.21761129922464,1912500
2022-07-05,333.5707092285156,333.9775807266123,326.2176643643872,327.70956594387826,2051000
2022-07-06,338.1238708496094,340.69116367218083,333.4834320126618,335.92474903352695,1757500
2022-07-07,340.8462219238281,341.3403097173421,334.22946039753606,334.22946039753606,1611400
2022-07-08,341.4759216308594,344.7600736942911,338.2692590352873,338.27892674073945,1606900
2022-07-11,340.63299560546875,345.24440157550947,337.7557450733076,343.01621760914225,1492700
2022-07-12,335.2466125488281,343.3359388303259,333.3865698108217,338.9183003715028,1664400
2022-07-13,331.3424072265625,333.3865501416696,328.79453849048673,330.63521614559227,2491800
2022-07-14,334.3941345214844,336.57389166551235,326.02385289728966,328.0195392950785,1505900
2022-07-15,338.5404968261719,340.9236895584614,336.912922447315,338.56955907053464,1750500
2022-07-18,334.578125,343.9656133761963,333.89029890583265,340.3036231117712,1709700
2022-07-19,345.99041748046875,346.3779239192824,337.74608273553724,338.8408098596993,1786000
2022-07-20,347.40484619140625,350.7568199192818,345.7288445450447,346.8719989428682,1366600
2022-07-21,350.33056640625,350.62121843347563,345.5544833638137,346.82358405760755,1794700
2022-07-22,350.64056396484375,352.9268727150201,348.51893141259944,352.3165655778726,1714900
2022-07-25,342.9774475097656,349.2551574088964,340.79769082372826,349.2551574088964,2111000
2022-07-26,345.0023193359375,349.14870124613185,338.9280725045687,339.0540187774831,2151200
2022-07-27,349.6523742675781,351.4445950696801,344.6243996233968,345.14751996111363,1627100
2022-07-28,362.8956604003906,364.1356988607494,350.58246253641624,353.06253945713377,1741200
2022-07-29,365.16265869140625,366.67395486607336,361.20034747764487,361.93663058601976,1902100
2022-08-01,364.339111328125,365.2304027731333,360.3477387125448,361.7524828568419,1418500
2022-08-02,358.23583984375,363.7675711195442,352.09377180273054,358.44897284803744,2014100
2022-08-03,356.66644287109375,360.3671936602019,351.8419024911377,357.4802154234625,1568100
2022-08-04,366.102294921875,366.9257645969762,354.8547629031773,354.8547629031773,1973100
2022-08-05,364.8912963867187,365.2981973468392,357.8385730751091,361.5102607259347,977900
2022-08-08,366.3153991699219,368.4563965053793,362.5468571513524,368.1367118430997,872800
2022-08-09,365.317626953125,368.1077209880241,362.4209811984173,366.5867277090916,1174700
2022-08-10,380.9247131347656,382.65880989319714,370.8203045142811,370.8203045142811,2141000
2022-08-11,374.1141357421875,382.93971561094025,373.639412993817,382.7265826288762,1467700
2022-08-12,379.6846618652344,380.2271768590986,374.0754116068756,376.34235559513337,1257600
2022-08-15,378.8805847167969,383.4435352735003,377.7858573784813,378.6190244715209,1471900
2022-08-16,376.6329956054687,378.3671219513416,374.3273215566138,376.071115608822,1381700
2022-08-17,375.62542724609375,378.3767614414628,370.95589623433824,371.7793659084618,1078100
2022-08-18,375.2863464355469,376.7104555284784,374.1528597840926,374.54036622767774,1633200
2022-08-19,368.059326171875,372.7578908250102,366.9258392835727,372.0313050046467,2565700
2022-08-22,364.6976318359375,366.6157993604943,362.498479968696,363.4672610020603,1189900
2022-08-23,361.1614990234375,364.26160965495,360.2024154162138,363.26376653449967,2256800
2022-08-24,363.9806518554687,364.9591299934837,360.37678584176297,361.2971394928508,1777900
2022-08-25,368.6025390625,368.6607953522626,360.8347176873648,363.84475439660713,2004100
2022-08-26,353.4941101074219,369.1462646069534,353.14457238738765,368.9714957469363,1358400
2022-08-29,350.52294921875,354.5233725961556,349.0762019299404,350.0859974015948,1250300
2022-08-30,345.2408142089844,352.86299476172394,342.8619070906772,352.86299476172394,1725500
2022-08-31,341.9588928222656,349.2315353823772,341.79384321989016,346.45452396661005,1939700
2022-09-01,341.7549743652344,341.86176767396364,335.8611334404665,339.4440430219558,1573000
2022-09-02,337.54095458984375,345.8039836135504,335.5213045475359,345.8039836135504,1233600
2022-09-06,346.4350891113281,349.5033817317958,339.66737438790324,339.8518624933533,1604400
2022-09-07,352.9795227050781,353.33877971359624,345.007804071245,346.5225269153089,1082200
2022-09-08,356.40704345703125,356.8536848660933,350.0180237441605,350.6588725303202,997300
2022-09-09,358.6986389160156,360.4366678769814,355.8051143480518,356.8149395766936,1276200
2022-09-12,360.7181701660156,363.36894962098575,358.43636693172454,359.72778370410134,1255900
2022-09-13,346.16326904296875,354.67873279793986,345.4544446550343,353.6592180664791,1638800
2022-09-14,340.96856689453125,349.338390767108,337.85173646177265,349.338390767108,2616500
2022-09-15,336.9875183105469,340.9491239218042,334.3853051852803,340.48304395815984,2074800
2022-09-16,336.0262756347656,336.2981482183416,330.8024106207291,333.96780755456297,3390000
2022-09-19,334.6863098144531,335.0261579399238,331.12280857450435,332.6958173582351,1543200
2022-09-20,329.5013122558594,332.9871188951787,325.4911693236836,332.4725018622294,1260700
2022-09-21,325.1610107421875,334.87078755779567,325.1610107421875,331.8607508185797,1307400
2022-09-22,313.0140380859375,324.5492564907956,312.8683973751457,323.9084077314275,2513900
2022-09-23,308.63494873046875,314.21807034685395,306.13955863259673,312.4411942443651,2445300
2022-09-26,306.27545166015625,309.8389524250741,303.05179897540575,308.0329187134935,2722400
2022-09-27,304.17816162109375,310.97500525763735,301.2458197482356,308.7903055173198,2833500
2022-09-28,305.63458251953125,308.07174557068674,302.03226422649163,306.1589186759144,2659300
2022-09-29,301.42059326171875,303.4499330515108,299.4009727309039,302.5954975862461,2213400
2022-09-30,296.4880065917969,305.9550378886295,296.22582368378664,301.2846381527428,2205100
2022-10-03,305.654052734375,307.3144161645923,297.93476881682307,298.1581043364909,1479100
2022-10-04,314.1598205566406,314.92690123064665,309.07190693012814,309.5865239218793,1507400
2022-10-05,312.3149108886719,314.72294578652816,307.731895845579,309.70297901017017,1386400
2022-10-06,306.9940490722656,313.37335038650133,306.25609649809775,311.64501117217884,1267900
2022-10-07,295.6918029785156,304.47913827606664,293.82751297600197,303.70236806028515,2098300
2022-10-10,290.0503845214844,298.26484543661047,289.06968781656724,298.20658916026684,1551500
2022-10-11,286.16650390625,290.8174946544309,284.6032146466231,288.6424847989449,1612500
2022-10-12,282.71954345703125,287.3025586326823,282.6127205190154,286.34127071807137,1444900
2022-10-13,283.79736328125,285.8072942482669,271.21350048372756,274.78669133716545,2799100
2022-10-14,278.3016357421875,291.40011600291643,277.8161468710632,286.72002580551396,1631600
2022-10-17,288.7590637207031,291.3418382487755,283.18563174104906,284.21486570146834,1780500
2022-10-18,292.07977294921875,297.24538095413,289.53581634815157,295.517041990909,2270600
2022-10-19,288.25408935546875,291.42920478531533,286.0014144151242,288.224961215373,1399200
2022-10-20,283.5545654296875,291.18646418447605,282.0301236038437,287.9045554089997,1628100
2022-10-21,287.3511657714844,287.7589598440731,278.9716228126687,283.3604316983822,1740800
2022-10-24,291.6719665527344,293.50709875194,286.82676832747205,289.5649321872483,1870700
2022-10-25,302.97412109375,303.88684235332505,286.9432724011295,288.50656165154834,2973900
2022-10-26,302.4886474609375,308.780592912313,301.6050542981135,303.4207776505131,1956800
2022-10-27,310.0428771972656,316.9271053164128,303.323728319921,303.323728319921,2563100
2022-10-28,317.44171142578125,318.1214076237355,306.4696759917372,307.66395951961005,1588600
2022-10-31,311.9265441894531,317.0921519706396,311.81975088011666,315.0919405480999,1845900
2022-11-01,306.95513916015625,316.70376210791494,306.0812652871556,315.8298586030309,1476000
2022-11-02,301.72161865234375,311.20809030026516,300.04184609756413,306.4308666989912,1855700
2022-11-03,300.3233642578125,302.5954779513908,296.1967093969334,296.44917305886105,1908700
2022-11-04,307.2173156738281,308.9845020690217,300.85742406109136,304.216998358148,1659100
2022-11-07,309.98455810546875,312.9266186619619,305.6540068749079,312.0430256061332,1040000
2022-11-08,310.6545715332031,315.81046014925516,307.15904629387524,311.8197564902739,1210400
2022-11-09,304.98406982421875,310.2273429333348,303.56645082636504,309.30490236137376,1731500
2022-11-10,336.16217041015625,337.2108428862914,320.0827825857697,321.09260765822546,2569600
2022-11-11,345.8622741699219,347.3478688896022,336.02626516921026,336.02626516921026,2042600
2022-11-14,337.5798034667969,342.7259730196068,336.20100220312554,338.61872700391365,1363600
2022-11-15,344.366943359375,347.16336378489075,341.03649706910437,343.5707345597988,1413400
2022-11-16,343.4056701660156,347.4352213891879,341.6870208028854,345.02718620824345,1390800
2022-11-17,336.70587158203125,339.832420452641,333.5599138280588,338.8129058862634,1288400
2022-11-18,335.83203125,342.86189987395073,330.5305016381432,341.77440965940434,1962900
2022-11-21,337.3370361328125,339.1624490504991,329.17111131676216,333.288046679191,1830600
2022-11-22,342.02685546875,342.22106283915815,336.20098993911904,339.23043527342566,1405100
2022-11-23,347.87213134765625,351.542425461505,340.9296474886528,342.7744989877616,2137500
2022-11-25,348.3490905761719,348.7383993651151,343.11280271316934,345.56547481563246,763500
2022-11-28,341.6333923339844,347.7942844052835,340.58222600847597,344.99121380706714,1946400
2022-11-29,337.8667907714844,342.33417357639246,337.13682567847934,341.35114441305853,1676300
2022-11-30,343.37554931640625,343.9400722578154,331.02453823388475,337.8570301447671,6468900
2022-12-01,352.89434814453125,356.0283331240859,346.4414810021579,347.356373056599,2677900
2022-12-02,350.1885986328125,352.37849405709255,346.324648629433,346.88917163878995,2026400
2022-12-05,340.9520263671875,347.63850055479895,339.1319851781113,345.2442238361775,2143900
2022-12-06,342.2951965332031,343.32687804284177,339.1612122202389,341.64308138539076,1538400
2022-12-07,342.1297302246094,345.05933269750506,339.70625584541693,342.2076097939574,1770000
2022-12-08,343.3852844238281,347.66774004034295,341.53604560105504,341.53604560105504,1160400
2022-12-09,337.4871826171875,343.59942225630584,337.15626868445537,341.9545652626033,1502800
2022-12-12,337.9154052734375,339.1222712535564,335.68657045649167,337.3508823649383,1814000
2022-12-13,348.1349792480469,356.65123927105213,345.117784042282,352.69969699656633,1961200
2022-12-14,344.3877258300781,351.70683034479947,340.737901092262,347.94021596774917,1711400
2022-12-15,335.3751525878906,340.94235427385945,333.56485339641193,339.1417974551379,2007800
2022-12-16,330.5282287597656,332.55265239115244,328.6984446820047,330.8980825247205,4511700
2022-12-19,326.6934814453125,330.31410986845844,325.90512143967544,329.7495868382747,1476500
2022-12-20,323.2382507324219,325.7006947428239,321.91459499953135,323.3161303063299,1288200
2022-12-21,328.4356689453125,328.980707220942,325.22380442568317,326.1192414227079,1229300
2022-12-22,323.2382507324219,325.9634714744656,319.62736517924515,325.59361775428897,1455300
2022-12-23,324.0461120605469,324.06556710384837,319.6663214268603,320.9705221846087,740000
2022-12-27,322.4693908691406,324.76633346830505,320.9607785022788,323.4134802566444,739900
2022-12-28,320.7953186035156,326.08025852519427,320.6298467870503,322.58616265846854,840100
2022-12-29,330.73260498046875,331.1316561567002,322.69324602523903,323.15069203678655,988800
2022-12-30,325.99267578125,328.6497593778891,322.99493587185896,326.73238323724223,1104200
2023-01-03,326.21649169921875,334.6451277473166,323.2674344087811,332.90296607143426,1212900
2023-01-04,332.4942321777344,335.72555148535247,328.8054668855899,331.34576088121486,1393800
2023-01-05,327.1021423339844,331.2094129097263,325.77848683585114,329.08765528353365,1148000
2023-01-06,338.54803466796875,339.969024901848,326.9367317226178,330.38217488099156,1781000
2023-01-09,340.98126220703125,346.95725685987884,340.69900074464624,341.78910680915135,1699800
2023-01-10,344.9231262207031,345.9061256993988,338.70380925907364,339.8328255208866,927700
2023-01-11,354.32501220703125,355.51242317231896,345.8087535591264,346.65553794038027,1597200
2023-01-12,357.9456481933594,358.79243259416444,350.7628171121751,356.22294138279807,1186800
2023-01-13,356.59283447265625,356.9237484314503,353.2349830193161,354.22775459805507,1447100
2023-01-17,357.5952453613281,359.4055442414102,355.3858953974713,356.62195872841926,1237500
2023-01-18,354.3737487792969,364.35965168393585,354.110942319729,357.89704243141443,1760500
2023-01-19,351.4830627441406,354.07200916628085,347.01567994843606,350.60711057481035,1150900
2023-01-20,358.2181701660156,358.5393714211936,351.59008989109736,351.59008989109736,3077400
2023-01-23,360.8557739257813,364.281732298535,355.833611163062,358.2570854575552,1192000
2023-01-24,357.8970031738281,363.0748957874473,354.55863676597664,363.0748957874473,917000
2023-01-25,356.59283447265625,358.7924722190389,350.7433711041025,353.46859205673775,1048600
2023-01-26,357.56610107421875,360.0187730606975,354.7824854453137,359.9506358577065,1526600
2023-01-27,363.41552734375,365.1966288973576,353.05974282163885,354.55861262401856,1509700
2023-01-30,356.3592834472656,363.8146350390098,355.83370019925997,359.75604525805545,1202800
2023-01-31,364.9241943359375,365.1285762692144,356.72910553131226,359.39593184714795,1662100
2023-02-01,367.1042785644531,369.98522864639705,359.4931692721484,362.65635111769245,1465300
2023-02-02,372.9245910644531,378.0440893734952,369.7516664452543,371.3089313376004,1266500
2023-02-03,362.9484252929687,366.6079935805396,360.61254264866454,363.5907982180653,1554500
2023-02-06,358.81195068359375,360.1161515600959,356.5247205372673,357.5077498070916,1028400
2023-02-07,361.1964721679687,362.1600463564665,352.48557259695355,355.415175548771,859300
2023-02-08,356.0769348144531,361.6343933937094,354.91872129883615,358.334967021568,1151900
2023-02-09,353.9357604980469,364.7781903694371,353.26419018883865,361.2354119439121,1483300
2023-02-10,354.14013671875,355.6195517307963,349.72143583370985,351.80425423416204,1324700
2023-02-13,360.7000732421875,361.5273729150017,354.0135980637417,355.00633984970625,1458000
2023-02-14,355.1134338378906,360.9337000249243,353.61459344080515,360.5638462612108,1418100
2023-02-15,357.7510070800781,357.86779673419335,350.5486912868894,350.64599619708304,1011600
2023-02-16,348.2615051269531,352.933270090212,348.2225653365914,350.22753385603943,967600
2023-02-17,351.1910095214844,351.3662236926062,344.2904107240816,344.8646462843966,1206300
2023-02-21,341.41925048828125,347.52174741656387,341.06885183036127,346.83072217484914,1206500
2023-02-22,336.9518737792969,342.90838374332105,335.26807706367623,341.81830737112756,1674500
2023-02-23,339.7134704589844,342.1920707108683,336.2590466190896,340.64048499973114,1245800
2023-02-24,335.07830810546875,338.1814199653227,332.16060510954685,338.1814199653227,1071600
2023-02-27,333.2535095214844,339.16699784201404,332.1800976623614,338.94254770517927,1383900
2023-02-28,332.9509582519531,336.7566635818326,330.55041123022625,332.04341985117003,2046800
2023-03-01,329.61370849609375,334.7172768628084,328.9891968509,331.85809096005227,1194100
2023-03-02,331.6726379394531,331.80923773335945,322.86092383051425,324.2856474712524,1175900
2023-03-03,337.7032775878906,337.7910981375868,333.1266625596074,334.22934798319164,1045100
2023-03-06,342.82635498046875,344.5340462838626,338.11311030642895,338.66933690667986,1612700
2023-03-07,328.51104736328125,342.15307360576793,327.9158091920319,342.13353807243095,1463900
2023-03-08,330.68707275390625,331.37013133668285,323.1634819002084,328.1499256955804,1177800
2023-03-09,325.85675048828125,336.3761271526586,325.31029168336073,331.59459771971825,1427400
2023-03-10,318.6453857421875,330.2674461690697,317.3865652005974,329.0574048862415,2448900
2023-03-13,316.937744140625,321.9827352970074,313.385732068323,316.87919710908346,2248000
2023-03-14,324.68572998046875,326.5983355024686,319.6407099090399,322.40230680241683,1953200
2023-03-15,325.9055480957031,326.4129656025293,318.03064518648824,318.9088803935903,2068500
2023-03-16,331.6824645996094,333.30233549039997,324.25646065051285,325.1249282447426,1351300
2023-03-17,326.4031982421875,332.0922660154809,323.1927603169178,330.85295109146904,3418200
2023-03-20,326.5008544921875,327.2229545145544,323.11474499683857,326.84239874971496,1505000
2023-03-21,333.34130859375,334.12195547022117,329.8478438390835,330.6577940086975,1067000
2023-03-22,327.603515625,336.4152019571538,327.47665378625663,333.829275251219,1133800
2023-03-23,324.21734619140625,330.14060177009884,322.3730255485792,326.2373079107591,1413200
2023-03-24,326.4324951171875,327.2229098391005,319.1723652583199,320.09940957650065,1192800
2023-03-27,327.6327819824219,331.10671170385956,325.51523161379095,330.4138852686816,1202600
2023-03-28,326.05194091796875,327.837684984714,323.30011124679964,326.2178142516096,960700
2023-03-29,329.9552001953125,330.4235764096953,326.9789206941643,328.9891444733785,1283800
2023-03-30,333.019287109375,334.3659283526027,330.4235929323857,332.17032539858474,797100
2023-03-31,336.43475341796875,338.2107598421188,333.8878676501863,335.51747668372764,1732800
2023-04-03,337.8984375,338.31806429335506,332.81440472813387,334.2195931371361,1683500
2023-04-04,338.03509521484375,343.7241343454208,337.1568598311231,340.0647954301043,1098900
2023-04-05,336.268798828125,340.1232839545892,335.95652814726225,337.4007577114239,948700
2023-04-06,332.6191711425781,335.0977710757313,326.41294821519705,335.0977710757313,1309900
2023-04-10,330.63824462890625,330.7943799536136,321.4947837178173,329.28186552639914,893200
2023-04-11,333.6438903808594,335.5857700465767,331.3311929382203,332.4924255428851,752400
2023-04-12,334.5025939941406,339.40121794768936,333.49749683583053,338.0936178432706,903100
2023-04-13,339.4597473144531,339.83056504322656,334.8441207951746,335.9955854836387,732900
2023-04-14,339.45001220703125,341.6553832610031,337.722815008164,339.29390662389255,960000
2023-04-17,340.5721740722656,341.40160023515847,337.23484455205494,338.2106680658303,863600
2023-04-18,343.65582275390625,344.32911366488526,339.1767660615842,341.5382723621603,1223800
2023-04-19,343.5191650390625,345.2854032920719,341.9481034090546,342.02615619039227,845000
2023-04-20,344.3778991699219,346.76864904514065,341.2747873689036,341.8114784197275,859100
2023-04-21,343.21661376953125,345.9391694440812,342.09442279478674,345.34390167362324,753100
2023-04-24,339.2548522949219,345.1292999223091,337.7911168261247,344.2412968309992,1022300
2023-04-25,336.8640441894531,342.3384298689639,335.76135879737177,338.9523209106996,1447600
2023-04-26,331.84832763671875,337.09826319288965,330.72613649042063,335.03925998066666,1592700
2023-04-27,346.98333740234375,348.5934701421131,337.14704876435906,337.547140007956,1647300
2023-04-28,353.81414794921875,354.17522773721714,346.43692307815184,346.446690844788,1748200
2023-05-01,353.8824157714844,356.6927924501457,352.52603647907785,352.95540123719405,1085100
2023-05-02,347.4127502441406,353.8824662756793,343.97786146877485,351.41363345405904,1131400
2023-05-03,341.50897216796875,349.6766105928376,341.4016160909869,348.7983753456057,912400
2023-05-04,339.10845947265625,343.8899890256694,338.23996219816536,340.2794298927034,1022700
2023-05-05,345.6269226074219,348.03720780707096,341.7724079289512,342.5823580983429,930000
2023-05-08,346.593017578125,347.5395676571573,344.7096851855448,345.89042339802086,696200
2023-05-09,346.68084716796875,350.41826831367587,346.16366183994614,346.5930266156374,863700
2023-05-10,353.42376708984375,354.84849091789914,348.46659654634783,348.46659654634783,1407100
2023-05-11,351.5794677734375,354.84848255313807,349.45214984655286,354.14588842072413,892600
2023-05-12,350.6524353027344,353.22862380149263,348.0860145691261,351.9893088183197,750000
2023-05-15,352.74066162109375,353.0821759952855,348.72024410384944,350.8768353098329,854200
2023-05-16,349.9791564941406,353.5409069662989,349.80351537907836,351.1598948073151,683000
2023-05-17,352.21380615234375,353.2286711314544,348.5935085894604,352.69195023241065,870700
2023-05-18,355.004638671875,355.7560419556411,350.09624681073933,352.55534151430095,1046800
2023-05-19,356.58544921875,361.8158490714138,352.78948137377887,353.4335284803718,1304600
2023-05-22,363.3479309082031,365.0165809602743,356.5757126021779,356.5757126021779,1231400
2023-05-23,353.4334716796875,363.4454290680447,352.1551454368183,360.6643264846381,1198700
2023-05-24,347.5883483886719,353.6189305717527,345.63670135623636,352.8382538909163,1234300
2023-05-25,350.54278564453125,351.64826413112496,347.0404716858431,348.34162117819284,1069600
2023-05-26,352.9494323730469,355.7082327160219,349.94605816679837,350.9732863056719,1054400
2023-05-30,356.42236328125,362.0671470577816,354.93536496548825,357.78220826862764,973500
2023-05-31,359.4550476074219,360.53117844646465,351.9515391103594,354.14291110607974,2540500
2023-06-01,360.9812316894531,363.4759030218305,357.4887395924579,358.57463322092667,1068300
2023-06-02,367.8683776855469,370.4804392531022,363.15298720992286,363.9258488505408,1326600
2023-06-05,369.8934631347656,372.4370369149195,368.3281846658091,369.7760724742545,814100
2023-06-06,370.9500732421875,372.7599258526979,367.80975310829746,368.4749868699872,737500
2023-06-07,366.0683898925781,372.48600588527074,364.728129855064,371.6740337690747,1020700
2023-06-08,373.8653259277344,374.03161940559374,365.7063469157433,366.52811136423134,1035800
2023-06-09,375.66546630859375,376.64376179377234,373.13168458460615,375.861137347713,1251400
2023-06-12,376.8981018066406,377.79811687112493,374.22734457106793,376.26218590159465,1159000
2023-06-13,382.0830383300781,382.4743505080728,376.4578399376894,377.8861428222123,1515300
2023-06-14,384.55810546875,386.8962456244605,382.0243241612906,382.7971858269896,1498500
2023-06-15,391.2985534667969,392.5605328713647,384.1765650840417,385.92769212439,1465100
2023-06-16,386.632080078125,394.174758393926,386.42664642302793,393.11818274302,1883500
2023-06-20,383.3352355957031,384.1276524185323,376.0860636731659,378.64919264134966,1500000
2023-06-21,380.66448974609375,382.924379473983,378.0524578775023,380.86016075840087,1266700
2023-06-22,379.8133850097656,380.5471065374871,375.4990988441389,379.8427326766663,1143200
2023-06-23,381.8873901367187,383.86356601478553,376.6535334647322,377.48506069696447,1467600
2023-06-26,378.610107421875,382.8559058204602,378.5318270719696,381.7895674308455,855900
2023-06-27,382.5233154296875,383.804880087376,378.2481690679867,381.1928180861221,711300
2023-06-28,383.0221862792969,383.5896143035747,380.7427712405939,381.7699694202899,721100
2023-06-29,387.2484436035156,388.2462941534635,381.3688787558201,383.090688195924,999700
2023-06-30,392.1888732910156,396.8455392840991,390.09530671881504,391.5040545408996,1349900
2023-07-03,388.3050537109375,390.4474933379138,385.73213183062904,389.72356423889175,713600
2023-07-05,390.9268493652344,392.6290738143358,384.382050724798,386.84734439472487,1163000
2023-07-06,386.77880859375,388.8919299867658,384.0298012380921,386.77880859375,1031400
2023-07-07,384.7146911621094,389.4300824631543,383.49182183228703,384.6853434924019,811600
2023-07-10,389.7821960449219,392.0714035044173,385.4385624483808,385.4385624483808,840800
2023-07-11,387.8158874511719,391.2007812791149,386.3973471357562,388.36373050349073,926600
2023-07-12,397.7358093261719,400.56309760358073,394.41940316229216,395.055289255434,1952300
2023-07-13,403.0870361328125,404.5838268399472,398.4401331711268,401.0913052382311,1244800
2023-07-14,406.9904479980469,408.3013602721586,403.34142520565734,403.6642495564731,1282600
2023-07-17,408.3307189941406,409.5535882071777,405.718657218803,407.6654554522923,1189300
2023-07-18,412.69390869140625,413.0950133765919,407.9589626730672,408.6535440278006,1024100
2023-07-19,413.3591613769531,416.1081691104805,411.8134677542863,414.5135428038365,1320200
2023-07-20,414.59185791015625,414.90488977989946,411.6863190837112,413.7309530941415,1085400
2023-07-21,414.1026611328125,416.05925189930053,414.0733134655234,415.5603117001802,1351100
2023-07-24,413.623291015625,416.2744930956109,411.91127403318416,415.1885696563266,1442200
2023-07-25,418.2506103515625,419.34629636819744,411.38298773323663,412.27324008555377,1353900
2023-07-26,419.1115417480469,419.3463230936588,416.1766555070715,418.7789248900278,1352600
2023-07-27,387.0919494628906,403.47839879952977,385.22340150814733,394.74222730351494,3530000
2023-07-28,383.6482849121094,393.1181761640103,383.51130924086806,389.371318335663,2418600
2023-07-31,385.9473571777344,386.69084143677225,379.6177842638542,383.2863922930303,1916200
2023-08-01,389.6648559570313,390.21269901731904,384.83207407468655,385.8397171879167,1221300
2023-08-02,385.69293212890625,387.34625361763415,382.23955082364694,385.7418349531061,1589600
2023-08-03,375.39154052734375,384.4407736630456,374.3936898916063,380.3417132380245,2144600
2023-08-04,378.4437561035156,382.2395467028646,372.3587580495003,376.21324397933785,1196600
2023-08-07,381.9069519042969,382.03413507942514,377.62201340027946,379.1774994583451,715500
2023-08-08,378.1209411621094,380.5079841785162,372.40769996298616,379.4807561590862,951900
2023-08-09,379.2460021972656,383.5015932015156,377.7394189065109,377.9252974228147,927100
2023-08-10,379.3927307128906,386.1821030704237,378.78619235127223,381.4373644840777,933100
2023-08-11,379.27532958984375,380.1459969334321,375.13712947917486,376.8100360364779,817300
2023-08-14,380.2536315917969,382.1515270071874,378.2187604934456,379.6373007288848,847700
2023-08-15,378.6492614746094,380.0873570543559,376.7122554912185,377.4459771164931,971900
2023-08-16,378.3557739257813,380.71346959673497,375.6948090468201,376.516573660957,811000
2023-08-17,376.0372009277344,381.68195479245855,375.8024195789702,379.05033770596737,994300
2023-08-18,373.7088317871094,376.49697956598624,371.91856439415784,372.18269339649993,1045600
2023-08-21,370.2652587890625,374.87302182643936,368.6119371521002,373.70884789614735,1168800
2023-08-22,375.2153625488281,377.1621605115554,370.75433866852774,372.6228861487941,1024800
2023-08-23,383.2276611328125,383.4917901383501,376.8589486357776,378.2676963757227,770600
2023-08-24,378.619873046875,387.6104101158603,378.5807627268211,383.5015873697469,770500
2023-08-25,380.7280578613281,384.3071825571169,378.2080014417565,381.3948719778816,942300
2023-08-28,382.8461608886719,385.5133279723837,380.34570483979,382.5520001504958,1016000
2023-08-29,384.8759460449219,385.6015624564355,381.2576194702867,382.0420680273395,661400
2023-08-30,384.7582702636719,387.7490139635157,383.8757581821436,384.5033110240862,750500
2023-08-31,383.267822265625,388.19033166945286,383.1501579639043,385.7781237097872,1201800
2023-09-01,386.5821838378906,388.9159589696207,385.18978299571745,386.0036477217992,769400
2023-09-05,385.905517578125,395.1131368777544,385.7290211510836,386.7880595629172,1334300
2023-09-06,386.4938659667969,388.1608564533141,384.336617606072,385.55252177165863,1099500
2023-09-07,385.9349365234375,387.4842627495637,381.9636172614682,381.9636172614682,1160900
2023-09-08,383.1207275390625,387.8078782390993,381.9440546411294,386.8371178614653,864600
2023-09-11,381.7969055175781,385.199504084584,380.12012960178686,383.12068857732606,973300
2023-09-12,379.7671813964844,382.36570108607515,377.79621461079654,379.6102856893096,968700
2023-09-13,382.2774658203125,383.3070583978531,378.23749847920055,379.14942675357054,680800
2023-09-14,388.4943237304687,388.69045085793186,382.3461243143965,386.66065179540146,825500
2023-09-15,380.7183837890625,387.0332945690057,380.26729735849534,385.8369908516923,2472300
2023-09-18,381.953857421875,383.62084817576175,378.8258183685633,379.4534012158421,638300
2023-09-19,381.7479553222656,382.2970753662389,379.12983474203537,380.43398736527246,849000
2023-09-20,378.7375183105469,384.50330775047246,378.3256933075768,382.44409296124286,773500
2023-09-21,365.0781555175781,377.52166419368626,364.9310751398647,376.18809553602154,1078900
2023-09-22,364.4701843261719,368.5983996442199,363.8622321801405,365.3330957301373,1159300
2023-09-25,364.24462890625,365.36249953059695,362.33252431036453,363.2444524987773,946300
2023-09-26,356.99822998046875,361.459837791727,356.1843353284331,359.0672305041008,1852900
2023-09-27,356.0078430175781,358.4886985629738,353.89961105940205,358.03764207966503,1437600
2023-09-28,361.3715515136719,363.1267903469928,355.7822582085824,356.00780138626106,1907200
2023-09-29,358.3121337890625,367.4118741652031,357.48845387557304,364.2936509373946,1142100
2023-10-02,359.5967102050781,364.783963868305,357.50807924404376,360.12622944479824,1568600
2023-10-03,349.4967956542969,358.5769060664297,348.10436502727805,357.1060425522299,1027000
2023-10-04,355.242919921875,355.53708062595535,349.9085863727447,350.9578094252843,1069600
2023-10-05,354.26239013671875,355.39004621451915,350.5165837549926,354.1153097656658,714200
2023-10-06,356.9883728027344,359.05740300864494,350.61463100528704,352.673845878652,880400
2023-10-09,359.3515319824219,360.14579580378006,354.9487572288696,354.9487572288696,638600
2023-10-10,362.4011535644531,365.1958002907521,358.1650892888457,358.8907057299608,889900
2023-10-11,364.6760559082031,366.7842874415838,362.0481205091539,364.7054719789092,611400
2023-10-12,358.7142333984375,366.1371991186285,356.81191402107396,365.59786449320416,861200
2023-10-13,356.6451721191406,361.32253726362944,353.536763972077,359.3908019774424,661900
2023-10-16,360.4007568359375,364.41130736475657,357.8904857466268,359.26328557284484,826700
2023-10-17,360.1752014160156,364.430895694784,355.80184285969096,357.6355143427889,728100
2023-10-18,352.9092102050781,358.6455843887365,352.7131130078643,357.1649054145047,975900
2023-10-19,350.61456298828125,355.3409439400664,349.13388445125923,353.7720172016362,899800
2023-10-20,343.2309265136719,350.4773956265439,343.09366147039094,350.4773956265439,2062600
2023-10-23,343.39764404296875,347.77100356535556,339.38706283999,341.1423018340411,1128500
2023-10-24,341.1814880371094,347.03552576134564,338.39665683120444,343.44661535467276,1548500
2023-10-25,342.3483581542969,346.70211613773546,339.19090357936693,339.88710386450475,1113300
2023-10-26,341.49530029296875,346.0059245392531,340.6912210430572,340.9853817809296,946100
2023-10-27,335.82757568359375,343.1916788236347,333.99387399227203,341.73063061015995,1160900
2023-10-30,338.3672790527344,340.09307201274487,333.8762253888053,338.1025044500715,1546500
2023-10-31,342.52484130859375,342.6229048480744,336.2785798734765,338.7790355438841,1748100
2023-11-01,344.57427978515625,346.41776680775,340.2597528805633,343.72118375178013,1411700
2023-11-02,368.6180419921875,372.44228135841615,357.91014184195075,357.91014184195075,3046500
2023-11-03,375.46240234375,378.04132103588125,372.6677558162559,374.0013542325338,1888400
2023-11-06,377.178466796875,377.8256504009432,373.92294803391303,374.78585950600393,1209300
2023-11-07,377.0999755859375,380.46334280039264,376.2174635076994,378.25704764240066,908800
2023-11-08,378.8748168945313,379.2278097576048,374.6975551327338,376.0311535510852,781700
2023-11-09,380.1495666503906,382.9049818752393,377.8942545906592,382.0617011671849,1200200
2023-11-10,386.3174133300781,386.4448929602347,379.54163158888906,382.1793826404812,1201200
2023-11-13,387.1410827636719,388.3275709604005,385.0622671050085,386.7586738084398,1164900
2023-11-14,396.0643310546875,398.53537102377936,390.9849561558233,391.8772836258608,1674000
2023-11-15,394.250244140625,399.4276823847682,393.7795570548687,396.0643150812845,1243600
2023-11-16,396.1329956054687,397.7215235058243,395.3779331387787,396.5742367306805,1062300
2023-11-17,400.1925048828125,400.48669551459955,393.9854745668826,395.6622504463379,1647100
2023-11-20,403.546142578125,405.18368728233906,399.61402434169855,399.6630411580705,1510400
2023-11-21,405.7230224609375,405.8406867602337,402.957791728291,403.0460399527632,1059400
2023-11-22,407.0369567871094,409.66489233739145,405.8406533015639,407.2232685539004,977600
2023-11-24,407.0369567871094,407.9390696238718,404.7424133656128,407.9390696238718,404200
2023-11-27,405.12066650390625,406.850239164436,403.2928472066049,405.27790310848314,1326900
2023-11-28,405.8381042480469,410.51576636945,402.9194650089568,403.8923347587136,1134400
2023-11-29,407.4694213867187,411.1054172985489,406.5947982413091,407.36130808130105,946800
2023-11-30,408.6387634277344,408.9237566629679,404.98309464995225,405.98547430842285,1666000
2023-12-01,414.7020568847656,417.6305324429871,408.8156557688534,409.7885254050883,1974400
2023-12-04,416.8542175292969,418.2398371099074,410.80074269074055,412.29444557694853,1513400
2023-12-05,415.8322143554687,418.78033360646793,412.4517018818041,418.7312102815459,1661200
2023-12-06,411.41986083984375,417.650215753721,411.1447042502341,415.6848029737035,1475600
2023-12-07,410.1619873046875,412.66787653879305,409.3954775397996,412.24531999952035,1243000
2023-12-08,408.1965637207031,411.60655591519327,406.0247911095744,408.4520769654774,1651500
2023-12-11,416.4218444824219,416.79527771950296,408.7862264135573,408.92378971732296,1380200
2023-12-12,419.4289245605469,419.76304114444065,415.0263890042961,416.1663320498383,1095900
2023-12-13,427.7327575683594,428.4501139803064,419.97919039675503,421.4827298496381,1204900
2023-12-14,430.209228515625,434.031971001543,428.2634589481347,432.3908380343913,1320900
2023-12-15,428.2437438964844,429.7865999622784,425.0794284575752,425.1089084465476,2389800
2023-12-18,428.86285400390625,431.73233956561165,427.6246344864245,428.430460838748,899800
2023-12-19,429.1085510253906,432.21390663687447,426.9859017470415,427.6344915256886,1181900
2023-12-20,420.4312438964844,429.8947108312085,420.1757606389424,429.147874399401,1553400
2023-12-21,425.2073059082031,425.5905458737536,421.6302396173357,421.6302396173357,817500
2023-12-22,427.3200378417969,429.3050939291665,425.1384284828856,427.6050310885868,698500
2023-12-26,428.68603515625,431.0445245814888,426.9957789033618,426.9957789033618,535100
2023-12-27,432.3907775878906,432.6757708157222,426.4945397116921,427.7622392522235,821100
2023-12-28,434.198974609375,435.8007907749361,431.4277354759437,432.0566819416095,679000
2023-12-29,432.90179443359375,436.046466778054,431.54568484973606,434.1989740249199,884300
2024-01-02,428.8432922363281,432.8822014460796,426.2587694134319,431.6734616877037,1080600
2024-01-03,422.4261169433594,427.0841652118924,421.6596072267374,425.9147423123284,936500
2024-01-04,422.2394409179687,426.1505929078017,421.60065781326193,423.2024739254027,1052100
2024-01-05,420.5295715332031,423.9199208427604,418.4069219641527,421.44348135062415,921200
2024-01-08,424.69622802734375,424.91242462981734,420.18557936710823,423.2024951412288,1193100
2024-01-09,422.7308044433594,425.3939302589208,420.8833117040677,420.8833117040677,706200
2024-01-10,425.6396484375,427.4281813696476,422.2198192035957,424.2835087414721,1002500
2024-01-11,426.6812744140625,428.08653730329144,422.77992898752063,426.66163108330903,1328800
2024-01-12,429.4427185058594,431.7029313441724,426.6321924549167,429.9045917367971,842800
2024-01-16,429.00042724609375,430.64155997782694,425.3840752261245,425.9442250198733,1127800
2024-01-17,430.1600646972656,431.88960749351986,425.96388935694046,426.33732257118953,1041000
2024-01-18,431.9977111816406,433.53073066618254,428.096365829229,431.87979121972467,1204100
2024-01-19,434.30706787109375,435.7909340135348,431.4375522360326,433.5995181247648,1172500
2024-01-22,436.773681640625,438.4934178543813,435.1817020582618,437.02919490341105,1025000
2024-01-23,438.7685546875,439.2697445296784,435.35856240621155,438.8471879908863,816600
2024-01-24,438.188720703125,442.5322956210453,437.5008443065887,440.6553230426777,892400
2024-01-25,441.56927490234375,441.7953081628597,435.94819328919687,439.6235055013173,1071000
2024-01-26,438.8766784667969,441.66756100731885,437.7170921276019,441.1663711531672,787600
2024-01-29,442.03118896484375,442.8271787957216,437.2650566510672,440.1836960275595,1073600
2024-01-30,446.6990051269531,447.4556782354828,440.7438069242194,442.40458308862657,1098700
2024-01-31,440.596435546875,449.283556821995,440.21316564261866,447.14126399408826,1820100
2024-02-01,449.3130187988281,449.5488587367166,439.98714471371744,440.5964178798088,1078100
2024-02-02,446.1977844238281,448.8314601054288,440.4293032295019,447.13136740664766,1552900
2024-02-05,443.7312316894531,445.1856178874581,437.9627502391509,442.2178555200799,1247300
2024-02-06,445.4509582519531,446.6596678376655,441.9426894757572,443.9768987651297,975700
2024-02-07,451.7697448730469,453.1848443549995,445.7850670592882,451.4356283272826,1584000
2024-02-08,429.0791015625,429.7768147115167,412.5892893188981,424.3326128414651,3790200
2024-02-09,430.3172912597656,433.41281021584007,423.87071011405794,429.37387158586654,1863700
2024-02-12,422.1018676757813,431.54569152577136,421.7579144468758,431.54569152577136,1817000
2024-02-13,415.17376708984375,418.888395692347,412.8644012942812,414.5448206647475,1888800
2024-02-14,413.9256896972656,418.1415078919614,410.2503779320417,417.1096783290469,1621300
2024-02-15,417.1490783691406,419.2815646992146,414.7807520725415,416.1663718555222,1378100
2024-02-16,416.2449340820313,420.11679948361257,414.5644846380689,414.70207792159135,1813400
2024-02-20,418.6427307128906,418.839253983814,413.4147258712935,415.8420116913338,2424700
2024-02-21,416.99176025390625,422.06252847219986,414.0927945990424,418.1513765056688,979400
2024-02-22,427.6935119628906,430.0520014978336,421.0700799380522,421.6891598239902,1328000
2024-02-23,430.6906433105469,432.7052090510733,428.617147585947,428.9316207732215,871200
2024-02-26,426.8009948730469,432.6011634561354,426.7813106690608,430.02112027962875,1135400
2024-02-27,421.31585693359375,427.9727831949582,419.7402493504512,426.6433633575499,1493600
2024-02-28,422.8423156738281,425.22539665548385,419.6714157316173,420.9515802207162,1222200
2024-02-29,421.8476867675781,426.97823165378213,421.49316073959943,425.91471367428414,2070200
2024-03-01,422.4680480957031,425.67831601114705,420.4788317859284,421.4734399408158,1484400
2024-03-04,418.9524841308594,422.960428069199,417.48521470052856,421.8476545875857,2056800
2024-03-05,415.8702087402344,420.5477761739583,414.96425461389134,417.34733529825246,1456200
2024-03-06,419.641845703125,420.3902360992008,415.9096306415243,417.8594185746004,1529800
2024-03-07,420.1636962890625,424.1617826964923,419.89779430216447,424.1617826964923,1189000
2024-03-08,421.699951171875,424.0338063421224,420.3606741224019,421.21740272391384,1138700
2024-03-11,420.173583984375,422.1529432736867,416.83529344728936,420.4887115427942,987300
2024-03-12,422.0741271972656,424.16182463785503,419.6516480628535,422.7733220705581,1005600
2024-03-13,421.50299072265625,423.6103723946867,420.17357079473413,421.7590356123616,750100
2024-03-14,417.0125732421875,421.5719759029187,414.6393193499111,420.2130144992549,1296000
2024-03-15,416.3625793457031,418.0464951873497,412.2660114668809,413.6249726925739,2467000
2024-03-18,415.3187255859375,419.7205636661983,414.9346582788861,417.603355070809,1023100
2024-03-19,417.50494384765625,417.5935678443762,414.32418683279326,415.9490502626514,1643900
2024-03-20,419.5335083007813,419.5630496315777,415.29909060812184,417.6821714316198,1333100
2024-03-21,422.0150451660156,424.82159163377474,419.5137991679688,420.8333619521601,1248400
2024-03-22,412.73870849609375,424.5163225282207,412.62054317956466,422.82254953613153,1480300
2024-03-25,412.0986328125,412.45312876766354,406.505223973665,411.0744832994433,1342400
2024-03-26,413.0932312011719,414.76732009967367,410.818458554003,412.551630114596,1331800
2024-03-27,416.3625793457031,417.0223757568063,412.28572572084056,416.51028598931833,1252900
2024-03-28,418.9623107910156,420.6462265294027,415.9292609844291,418.04646955232863,1881600
2024-04-01,420.5773620605469,424.5853064251177,420.35085847885614,422.54686434656065,1682300
2024-04-02,419.61224365234375,420.6856487125119,416.23455485866714,420.07507783487495,1409100
2024-04-03,419.9569091796875,420.4394576122427,417.7510765241759,418.45024132976823,1027000
2024-04-04,421.8870239257813,430.7202413316049,420.7053107405161,422.57633157367366,1588300
2024-04-05,425.0086975097656,425.52075723148135,417.56398205570434,421.7983995044507,1158000
2024-04-08,427.49029541015625,428.9969934778766,425.2450640526995,425.4321691701726,1049700
2024-04-09,428.3666687011719,431.62619198297375,425.69800200733175,430.7202379266849,739400
2024-04-10,417.5738830566406,423.7482619039235,416.8648610316524,422.2514509854907,954400
2024-04-11,416.4709777832031,419.49414103355576,415.6043919457808,417.79054074392496,1129200
2024-04-12,411.4388427734375,415.50586950703,410.09959574128095,412.8372025179236,1182200
2024-04-15,403.3146362304687,416.19519674889176,402.03447189081,415.3975207531276,1054100
2024-04-16,402.3298950195313,407.20442484012307,401.53224905648426,403.0093756624554,1058800
2024-04-17,405.8257751464844,407.62788654978755,403.265446241508,405.1167831805916,851100
2024-04-18,407.0665283203125,409.4397819080481,402.1723145008363,408.6322788511987,1155000
2024-04-19,406.2688903808594,408.5239786977435,403.6593061113912,408.36641492363367,1138700
2024-04-22,410.572265625,411.52747538644496,406.7415995038073,408.671703229741,1168500
2024-04-23,406.9582214355469,411.8130368147655,405.1068846855104,410.680579137478,2356300
2024-04-24,406.9779357910156,408.2581002076306,402.7139767260028,405.8454780298225,3357300
2024-04-25,409.16400146484375,423.43303247683747,401.4730992927502,421.51278624136256,2418900
2024-04-26,409.4397583007813,412.4727780742685,406.5544451627827,409.6662618433403,1611500
2024-04-29,408.9769287109375,411.62591126175136,408.0906588358887,411.62591126175136,1526500
2024-04-30,409.4889831542969,410.985823864023,404.22058949985046,408.5731719635606,2004200
2024-05-01,409.8533630371094,414.62938116840047,407.5490193365284,407.5490193365284,1083100
2024-05-02,410.6017761230469,412.84700724239406,402.6056026638318,411.17294854282864,1222000
2024-05-03,418.6964721679687,418.8835772841325,414.10752836246184,415.5255723732717,1917800
2024-05-06,419.2676086425781,421.2469377796986,414.4718759291929,420.8727576317205,1316500
2024-05-07,422.02490234375,422.2710901031931,418.61767216767663,418.61767216767663,795100
2024-05-08,422.6650085449219,423.8368647506926,420.95155125846173,421.8673625631409,749000
2024-05-09,425.6980590820313,425.835908608116,422.14309200351545,422.54684355855136,1289200
2024-05-10,424.989013671875,428.6227474147343,424.56557793708095,427.13576372718217,858900
2024-05-13,421.4832763671875,426.9683164835102,421.0992090601059,425.8851144477944,1135300
2024-05-14,421.50299072265625,423.1869066035085,413.9597940735111,421.48330652045473,1692400
2024-05-15,429.0560302734375,429.32190222932,421.601457859685,422.7634568476077,1272000
2024-05-16,431.3406066894531,434.1372958226135,425.73737129677784,429.21354099968016,1105900
2024-05-17,435.1417541503906,435.3584005612582,430.47404426886146,432.9752900417154,1236200
2024-05-20,431.06488037109375,434.8364934187588,430.3361742693601,432.8374501499851,1080000
2024-05-21,433.1624145507813,434.5016915286242,430.237702899022,431.0648901270064,1516000
2024-05-22,435.5553894042969,435.8705169615184,431.8822871199322,433.1329101691192,922700
2024-05-23,429.627197265625,434.4032459838902,428.3371757631537,434.4032459838902,1142300
2024-05-24,431.5573120117187,433.1920024423351,428.376585195349,431.222500244323,661800
2024-05-28,424.4277038574219,430.9960066041306,422.458201751355,429.80443619236377,1199900
2024-05-29,419.3652038574219,422.7500692674422,418.50666261351546,420.65795471458216,870800
2024-05-30,416.0395812988281,419.1974639581154,414.7665562755515,418.5658753799375,1086300
2024-05-31,421.8817138671875,422.0790627384684,413.967280268435,416.42451915969457,1849700
2024-06-03,423.608642578125,426.57899433334586,419.22709441510233,422.7994309543679,1230000
2024-06-04,426.1546630859375,427.7138786664822,421.6448215981914,423.34217836674475,657600
2024-06-05,430.5461120605469,431.2368782688145,422.20734694709626,427.02310501622713,879900
2024-06-06,428.93756103515625,433.17109019950334,428.384936029531,431.62175254068063,613100
2024-06-07,423.0954895019531,427.190877501456,422.59222429576073,425.9869379916748,810100
2024-06-10,424.3388977050781,424.5954843500499,419.8882638153468,422.02970824774224,694700
2024-06-11,423.16455078125,424.2500748858675,421.56588351617813,424.2500748858675,1148200
2024-06-12,434.4539184570313,435.9933779734752,426.4210706198676,428.48358136839414,1219000
2024-06-13,431.4342041015625,434.8683992152817,429.63815797288055,434.2072068085073,689600
2024-06-14,428.6809387207031,430.25988008361986,424.22045722757986,429.0066109993768,789400
2024-06-17,427.5953979492187,429.0954057375088,424.2105626746229,426.59871553367384,765900
2024-06-18,430.11187744140625,430.46712345091345,425.7204513126917,428.3257091789554,983500
2024-06-20,432.9341735839844,434.5328407238493,428.7500047620366,430.4078795651706,1006600
2024-06-21,433.4375305175781,434.4342431841107,430.2599216348172,432.90463135652254,1367400
2024-06-24,439.1117858886719,440.6709712798766,432.5690677805843,434.70063409515143,958500
2024-06-25,442.87164306640625,443.32557856277657,436.9407573161782,439.9210171662948,998800
2024-06-26,442.4571228027344,443.2071266951128,437.72032902596607,440.4440020112981,1630800
2024-06-27,442.9999084472656,445.0426632258031,440.5723038483694,444.0755545098489,1100900
2024-06-28,440.1282348632813,442.0723002443274,436.2105002676016,440.72034165083176,3028300
2024-07-01,440.4440307617187,445.17094686452026,438.2433787377377,442.4769076508949,1079600
2024-07-02,444.5196533203125,444.8354175012513,440.4834733434139,440.4834733434139,731300
2024-07-03,443.5229797363281,445.6940280725207,442.6644383856806,443.9374334359075,462100
2024-07-05,447.302490234375,448.0722199866546,442.1117609267668,445.42751059326326,777100
2024-07-08,449.8880615234375,451.04264119518496,447.54923811356787,448.2597602637984,833100
2024-07-09,454.2399291992187,455.3057273730941,450.8254901045745,452.7300735493957,892300
2024-07-10,459.8649291992187,459.92413686667544,452.3649801247405,455.2761542765072,1233400
2024-07-11,466.9898681640625,467.02934998027973,460.7333404468173,460.7333404468173,1376100
2024-07-12,472.0227661132813,474.83525094314814,467.7596331153233,468.4602772979021,1355500
2024-07-15,476.1969909667969,476.8581833536286,470.9174503177102,472.5950509512088,1083500
2024-07-16,482.3548889160156,482.4140965823034,476.3845215617175,478.12136008163,1215100
2024-07-17,483.420654296875,483.50946579580545,479.6114872467839,481.99961008238466,1411200
2024-07-18,478.308837890625,485.00945288171226,477.775938804051,481.4667204800559,1250200
2024-07-19,473.5227355957031,479.1477051559765,472.67407225093814,478.9898079978288,1094400
2024-07-22,480.9042663574219,481.5555808369211,475.63457296780473,478.5457171006382,1094700
2024-07-23,489.0357971191406,491.59169535522904,480.6871840647423,481.43715795124166,1024000
2024-07-24,475.3187561035156,490.0423114413513,473.88783389004385,488.38443654444467,1091200
2024-07-25,476.96673583984375,485.5226047476294,470.6904824779588,471.7464026876209,785700
2024-07-26,483.3712768554687,486.1837611735917,478.31868908795735,480.29235806687893,823300
2024-07-29,483.3812255859375,486.8154211675419,482.0786266760506,485.0095269259548,1122500
2024-07-30,482.0785827636719,496.32847687617306,474.3220471043243,489.0752365026807,1399900
2024-07-31,478.3483581542969,486.2134313125557,474.87468100355,485.0785474022635,1644700
2024-08-01,484.0719604492187,485.1278806669803,479.7397723468512,483.4601278343068,1049100
2024-08-02,479.64111328125,483.2825354849595,473.79903900506207,479.453612291784,1214400
2024-08-05,465.7760620117187,471.5984103542978,461.5326851979162,471.0457552613248,1562600
2024-08-06,473.1674499511719,480.7562101954904,467.09839325962525,468.72669439099695,1473500
2024-08-07,471.8253784179687,483.97331055994954,471.1346122318968,477.44046999023743,1305900
2024-08-08,480.7759704589844,481.73320126399466,471.00631355045056,472.4865655097982,932200
2024-08-09,482.0785827636719,483.7463356562096,479.1279268145192,481.57528747781663,611200
2024-08-12,478.0917663574219,483.5390825816884,477.1148097272149,481.9996229940521,731900
2024-08-13,483.2430419921875,484.6936900717546,479.89765821277285,482.127914065716,639900
2024-08-14,486.1640625,486.953548254082,481.4173904556025,482.572000195284,736200
2024-08-15,486.4403991699219,490.9206369352047,485.1081663627615,487.5160453297733,778500
2024-08-16,484.4075012207031,487.6443175437437,482.5818511651663,487.49629837508985,1012800
2024-08-19,489.2133483886719,489.3712455299898,485.4140594777235,485.4140594777235,972900
2024-08-20,491.3054809570313,492.7364032358442,489.46010499296705,491.2068215853641,2046700
2024-08-21,492.4107360839844,492.7166523985671,488.9370590423196,491.3054560424899,857100
2024-08-22,492.1541748046875,494.1278440924645,490.160779665722,492.4107614491556,1347700
2024-08-23,493.99951171875,496.1113521453124,491.2462348475273,493.8909743720879,679800
2024-08-26,495.4107666015625,499.1903605302913,494.631188838347,495.8153724598952,850600
2024-08-27,499.64202880859375,501.0261000614571,493.94752974482384,494.63955028601026,1123400
2024-08-28,499.52337646484375,504.4863015557729,494.8570574711384,499.6123492428635,1368200
2024-08-29,502.2717895507813,506.0582467576453,499.2663860655415,500.6603533515508,1096300
2024-08-30,507.40277099609375,508.1541369621131,501.4314872961814,503.85360467162303,1245400
2024-09-03,504.990478515625,511.5747657664187,501.22381340944366,509.122930653408,1059300
2024-09-04,507.4719848632813,508.10472045294233,503.3790858857002,505.1586019332583,781200
2024-09-05,511.1199645996094,512.6919074817749,507.877240309272,508.944973958649,1171700
2024-09-06,504.8323669433594,515.5688387292105,504.31826173560665,511.2090214081117,1037700
2024-09-09,509.9632263183594,513.9572556707083,507.7091289261709,508.9350161362496,937800
2024-09-10,514.0364379882812,515.05469205899,507.81793775059447,511.8120280290155,972200
2024-09-11,509.9435424804687,511.8219573717899,498.762176768728,511.07059141526145,1176100
2024-09-12,514.0957641601562,515.0843908298465,506.7601711665303,508.2826345150992,889700
2024-09-13,513.5421752929688,518.1788371454843,512.1778655561696,516.0631614271451,1148800
2024-09-16,521.3820190429688,522.0147546918934,514.6988920610595,515.9247796677306,1015800
2024-09-17,516.4388427734375,519.8496171045743,511.6934464758064,519.1278785503996,1124000
2024-09-18,513.6113891601562,519.2959929803046,510.15119553050073,514.718646294367,951100
2024-09-19,518.2578735351562,520.8085473846728,516.1422581998697,519.0290313454002,936300
2024-09-20,517.714111328125,519.256366519521,514.0858683450879,517.4373272378658,1814700
2024-09-23,515.1536254882812,521.8367517354685,512.2272686894637,514.1056835841415,960800
2024-09-24,512.2173461914062,513.6014476568271,507.17537434348424,511.39682950613326,1070900
2024-09-25,508.96478271484375,516.1224300558019,507.3236286735406,513.6014441490586,931100
2024-09-26,505.8803405761719,510.062212589292,503.4680887946224,507.4028041102108,1209400
2024-09-27,506.8886413574219,510.8036247248779,505.3760739174623,505.78141447588285,806700
2024-09-30,510.7442626953125,511.58457115811245,504.5060313431904,506.2361278709372,1000000
2024-10-01,506.3943481445313,512.9687399506175,505.63314660412175,512.7413751147664,978400
2024-10-02,508.8560485839844,510.77398671309606,505.2376412267306,508.2233130413742,962300
2024-10-03,508.7472534179687,511.1001896882699,507.5905771250673,508.7176259955777,753900
2024-10-04,506.3449401855469,510.2698197179879,502.5684089708936,507.7389376789507,683800
2024-10-07,500.6603393554687,507.71911820141736,499.3948984048243,506.7205955944858,816000
2024-10-08,512.4547119140625,513.6509721448193,504.6544616290777,505.5046964225949,1005200
2024-10-09,515.5391235351562,518.3863731880177,512.6622464593398,513.097244610221,819200
2024-10-10,509.2613830566406,515.5589303353188,508.1047067081653,514.0364669335564,719100
2024-10-11,516.0730590820312,516.7749454558364,510.79376569047486,511.634134632014,662100
2024-10-14,521.5203857421875,522.5287439629741,516.6167754967072,516.6167754967072,639200
2024-10-15,522.439697265625,527.2246158379221,521.8267536496776,523.9720563054934,1298400
2024-10-16,522.9835205078125,523.5865683086033,516.0730295794785,518.8905915176541,629000
2024-10-17,513.0576782226562,525.9493472675138,509.35032850037584,525.692294698879,1447600
2024-10-18,518.831298828125,519.6024566456463,514.9558989196503,517.9514065515134,1832000
2024-10-21,517.2396240234375,518.7818793167712,512.7908037148611,515.2425787091385,808200
2024-10-22,507.67962646484375,513.4729647208408,504.8224806839724,513.1565969208596,1316400
2024-10-23,505.1091918945313,508.6978816503314,503.80419734487987,507.6598356320371,1023100
2024-10-24,487.6005859375,498.68311341451545,486.4439095472955,493.3247432092494,1761300
2024-10-25,485.0301513671875,493.2555331008067,483.0825856492966,491.930776887105,984400
2024-10-28,481.6984558105469,489.30099742340354,480.7790402354347,488.2332938798043,1303500
2024-10-29,481.2140808105469,484.24917223860143,480.50226832856816,482.1433923889773,1615500
2024-10-30,480.4132080078125,485.01031562151667,479.2367399509724,482.08398936011514,1109300
2024-10-31,474.8966674804687,480.35390571795256,474.5704339717231,479.3553831797628,1326400
2024-11-01,477.8131713867187,481.6886013535015,475.41081572942494,476.3895465148795,940300
2024-11-04,480.2451477050781,481.2140126648863,477.4275859429704,478.42607832440007,1908700
2024-11-05,484.1403503417969,484.2491149624056,479.3257433635068,480.442896309942,1879500
2024-11-06,484.4172058105469,497.8921930798948,471.8616643373276,497.8921930798948,2389600
2024-11-07,491.4462890625,492.6524147217329,486.7107591991402,489.0933529264154,1314700
2024-11-08,497.1012878417969,501.7181576660339,491.5847339236232,491.5847339236232,1343100
2024-11-11,501.49078369140625,504.16005764821176,494.32324019937624,494.797761700768,1125600
2024-11-12,497.7438659667969,502.2717627968529,497.4868133805107,501.1842976067002,1035100
2024-11-13,504.486328125,509.933640736153,497.8130978876418,498.11956975156994,1098400
2024-11-14,504.8323669433594,509.8644431986803,504.4863415544089,508.45071421834706,794200
2024-11-15,497.56591796875,504.980617886109,496.3498963209263,500.3933757220671,1187600
2024-11-18,497.27923583984375,498.9895709119626,493.47301696681194,495.9248220724892,1449700
2024-11-19,496.5970458984375,500.12645024965394,494.11558337361447,497.0122823629003,1402600
2024-11-20,497.4077453613281,501.6983815236643,490.4873586148842,497.8724011068376,1258400
2024-11-21,505.5540161132813,507.7191109372298,498.5842101482907,502.2322449793004,1159400
2024-11-22,508.60894775390625,511.5352443630032,504.19965065483535,504.19965065483535,1230000
2024-11-25,514.5901489257812,514.9065167449154,508.95496405812474,510.8827983998219,1890300
2024-11-26,516.9273681640625,518.9476770543909,510.99507199658166,516.541113973559,948000
2024-11-27,517.818603515625,521.7404432150108,514.5207546797702,517.9572681519652,1391600
2024-11-29,517.4719848632812,521.6710932466157,516.3825547603154,518.5019354555487,842500
2024-12-02,517.8285522460938,519.2348438701056,513.282842265052,517.3828789968421,1460200
2024-12-03,513.1936645507812,519.908261014195,512.7380780654977,518.4326371215665,1253000
2024-12-04,515.2437133789062,522.8001504971282,514.2533552815944,514.2533552815944,1295800
2024-12-05,508.9350891113281,514.3721448810602,506.8652142867302,514.3721448810602,991900
2024-12-06,511.7873840332031,515.5606460452957,508.182465976122,509.2916622326604,914200
2024-12-09,508.40032958984375,512.9461000722189,504.4686367683392,509.1035056336381,1205800
2024-12-10,507.2119445800781,509.5392620258261,504.49834272996026,508.6776552814572,1369500
2024-12-11,511.2921752929687,514.8376136283506,504.84493464694594,507.1128328449408,882200
2024-12-12,507.9249572753906,513.6393428931701,507.875451459395,511.67839273845254,838800
2024-12-13,500.8736267089844,510.2820289902209,499.4078857889818,508.78657853510555,1191800
2024-12-16,498.011474609375,505.08264616285413,497.34795158752087,501.63618899099055,1402400
2024-12-17,495.6841125488281,497.2092421704835,492.59420029803425,497.2092421704835,1456400
2024-12-18,485.40423583984375,501.21034315644215,484.9684758441065,495.32761343732,1439900
2024-12-19,481.8686218261719,490.7224254211628,481.0367246712282,488.1871111708593,1684100
2024-12-20,487.0679931640625,490.0489805844586,479.2540838173821,480.32365721973014,2543600
2024-12-23,493.4459228515625,494.0896495712787,483.81964091986526,485.2952648159836,1622300
2024-12-24,499.8832702636719,499.8832702636719,493.4162328300657,494.97110236066186,432200
2024-12-26,499.9129943847656,501.150942093653,495.1691703017764,497.2291322144312,563100
2024-12-27,496.961669921875,501.67578403011487,494.64423565328553,497.0706250262514,671900
2024-12-30,493.2181091308594,495.6247021813643,489.2368806183716,493.7132881598253,794300
2024-12-31,493.2280578613281,496.1000903912532,490.93041974805544,493.9213206410794,705400
2025-01-02,490.722412109375,498.4174832513577,488.4841932525067,495.0304756569182,1541900
2025-01-03,494.7532043457031,497.9817512068539,490.9898254235269,493.5944720679197,1386600
2025-01-06,489.4250793457031,496.36749940439694,487.88012310392975,496.36749940439694,879100
2025-01-07,486.6124572753906,492.2178877343179,483.7602211187165,488.6723888200272,1544900
2025-01-08,491.0789794921875,491.34639553656785,482.5718065803379,483.4136170554877,1250900
2025-01-10,478.0656433105469,486.612438192967,476.6098157553066,484.40392884163987,1189400
2025-01-13,477.93695068359375,478.5410848898104,473.9854312150068,475.3224208033006,1461800
2025-01-14,479.79876708984375,482.2944585027139,477.77842819942737,480.14539845301914,1548700
2025-01-15,491.7326049804687,493.2181421668687,483.1065941806391,485.87958483925314,1972700
2025-01-16,500.289306640625,501.230128711439,492.14856176478696,494.95126191875255,1215800
2025-01-17,497.0211181640625,502.25023812116257,496.19913421186584,498.1996467603031,1784900
2025-01-21,505.1321105957031,505.2509789491308,499.417755535718,500.7448316940336,1295900
2025-01-22,506.0333557128906,506.132397565482,501.4975290081743,505.19154530085905,940600
2025-01-23,508.5884704589844,508.8459732331824,501.1112789882056,504.3299427723593,911100
2025-01-24,508.7964782714844,512.7678239582664,505.3797307076282,508.4795564231465,950400
2025-01-27,515.72900390625,517.0659632230686,502.6859738409262,506.24138617730176,994700
2025-01-28,515.4319458007812,520.2748119860468,511.2526026954186,515.4121192935198,1010300
2025-01-29,512.2330322265625,517.0957247725953,510.4801393401243,514.1444767196466,947500
2025-01-30,518.4920654296875,521.8593071971663,514.5900520412542,516.5113492009734,771400
2025-01-31,516.382568359375,522.9090545572923,515.1941870472536,519.1556192787483,1256800
2025-02-03,513.3818969726562,514.3920816961597,506.3899703838355,512.9163971787536,1839000
2025-02-04,508.737060546875,513.4511748275295,507.2812026911849,507.8952803310419,1232700
2025-02-05,509.3115234375,512.3023640541968,505.47881187173294,511.10406933552025,1420900
2025-02-06,514.0552978515625,516.3331095024903,510.7177957287398,510.7177957287398,1440100
2025-02-07,514.1443481445312,516.6004164900075,511.5397019295634,513.59960292083,1396900
2025-02-10,510.33154296875,515.6002555840982,508.5489103868146,513.0055220649854,1695800
2025-02-11,535.2984619140625,536.7740857994995,521.1462060952201,534.7933696157374,2259000
2025-02-12,526.3853149414062,531.8223719778692,521.9088763780996,530.7032623370426,1492000
2025-02-13,537.0910034179688,537.5366766451419,529.0690666688333,531.5647883836746,1490200
2025-02-14,534.4863891601562,540.1314426703623,533.6941147342789,538.9825933731755,973300
2025-02-18,538.5270385742188,539.0816366874031,531.9708728464576,538.1506976638442,1745000
2025-02-19,537.4673461914062,538.2596205720974,534.3081014743218,537.051412719709,1745100
2025-02-20,530.2674560546875,536.9127809901287,527.7717341782082,535.6450935459918,1308800
2025-02-21,528.2570190429688,530.9705904849794,526.4248203443412,529.8910735914824,1335100
2025-02-24,528.0787353515625,531.2478934706223,526.2961027991737,528.068882545417,1325000
2025-02-25,528.2372436523438,530.9309888506655,524.3946491308171,529.7524602147333,1042200
2025-02-26,525.0821533203125,530.9953519239418,524.3876405778879,528.227232080737,703900
2025-02-27,521.2326049804688,530.201622874968,518.7225128829689,526.2429186051107,1035900
2025-02-28,529.5467529296875,529.9932296924788,521.1135317316173,526.024655011034,1639000
2025-03-03,525.151611328125,533.3268662238745,523.1474615545648,529.5468009194585,1834200
2025-03-04,512.7498168945312,524.8639140682182,510.70600316035063,522.9292216148586,1404400
2025-03-05,518.7920532226562,522.6415762780889,511.03348090188865,512.9483113020119,1645600
2025-03-06,510.1703186035156,517.3633616245095,505.19966815113776,512.9383781867309,1470100
2025-03-07,493.095458984375,508.4438942043594,483.7296192727878,505.7552233144071,1911200
2025-03-10,484.5531005859375,491.3691233038461,479.8800817234996,485.6246025136728,1829000
2025-03-11,476.22900390625,487.0830590425059,475.7230009006957,486.1504414876302,1859200
2025-03-12,474.5027160644531,483.39231627048406,470.31586790627193,479.9098817511982,1677600
2025-03-13,476.0802001953125,478.0049615560216,471.37741807628305,474.4729321117529,1760700
2025-03-14,482.6680603027344,483.13436913146774,474.8201986792331,478.1637489453324,1427800
2025-03-17,490.3869018554687,492.34142633954656,481.636216608977,483.74945745550946,1168300
2025-03-18,486.5374145507813,492.698619095499,480.9714720661707,489.3352370667632,1469800
2025-03-19,491.3294677734375,493.7899953671964,486.2794593216383,486.7457681319685,1224200
2025-03-20,493.2939147949219,495.3674917259615,489.29557644888354,491.13101827643146,1342100
2025-03-21,493.9685363769531,494.1272830107042,488.2835417746763,490.23806617836385,2603900
2025-03-24,499.9809265136719,503.7014655963859,497.1632418817021,499.15743024111606,1560600
2025-03-25,509.12847900390625,510.3190636592294,502.0247561347079,504.31660586005336,1351300
2025-03-26,503.8105773925781,510.626600019356,501.19133367211987,508.3744749148544,1053800
2025-03-27,504.6440124511719,507.6402756816045,500.9234733819052,503.4434967114549,821200
2025-03-28,498.5621948242187,506.92595986195374,497.8676820472414,503.7808506672322,1140500
2025-03-31,504.1082458496094,506.56874297384707,493.9883674800674,497.6493803428366,1420600
2025-04-01,506.7671813964844,508.4141436482669,499.0780673645942,500.1099053382773,980700
2025-04-02,509.9420776367187,510.86476415233426,501.2906123146113,501.7866842405758,864000
2025-04-03,485.5353393554687,503.9792890274543,484.7317052969357,494.2165976352746,1516900
2025-04-04,447.9529113769531,475.23686500456375,447.1790404488102,473.5303765120147,1961400
2025-04-07,434.8665466308594,457.1997132616198,423.7843173385284,439.3609568345224,3184700
2025-04-08,438.0314636230469,466.6945109629027,431.3245622147959,459.26333372044513,2265700
2025-04-09,470.2662048339844,472.2008972512801,424.6375236097726,431.5825298370352,2733400
2025-04-10,454.1637573242187,467.3592578038557,443.964520232092,467.3592578038557,1685200
2025-04-11,461.48577880859375,463.23193129686285,447.2385781843196,452.4473331020755,1045200
2025-04-14,467.8851013183594,471.26831538424653,464.7796863114804,468.4704625399185,825300
2025-04-15,467.0119934082031,472.07193277646303,466.3373428998553,468.8276334936347,1086100
2025-04-16,460.3348693847656,468.2422563067356,456.386126348085,465.5138609861765,831000
2025-04-17,459.2435607910156,463.86695487265905,457.40808857035074,462.4977914834298,913100
2025-04-21,445.4626159667969,456.6044012629328,440.57135450926575,456.3861284251817,1639900
2025-04-22,462.7557373046875,463.3113354258132,446.7425213968685,447.19889907968746,1240200
2025-04-23,466.5357666015625,480.4654430556805,463.6287624020496,471.764353265604,1232100
2025-04-24,477.4791259765625,478.25299691502426,467.0219220416964,469.0260415803217,1228300
2025-04-25,476.22900390625,478.4018011587982,472.3993435331931,476.9830428513388,979100
2025-04-28,475.6039733886719,480.2273671769359,469.9983669173432,476.229028833468,1531100
2025-04-29,487.8966369628906,491.8850440749961,478.8681224719235,482.6184247647467,1886300
2025-04-30,496.1214904785156,498.4530344424613,479.3344344937584,485.0590932666584,2427200
2025-05-01,495.0102844238281,502.3025471966184,493.43277946119593,494.9805213218096,1583000
2025-05-02,502.639892578125,505.78500178057374,498.90942216064906,499.5642407091098,892300
2025-05-05,501.9255676269531,507.97765116712696,498.34394286204207,500.7151509189184,993800
2025-05-06,497.8676452636719,502.0247299357611,496.1413248535869,497.01441618488354,775300
2025-05-07,501.7369995117187,503.59230345083927,496.5679391326046,498.2942595417843,1064500
2025-05-08,503.6221008300781,510.7358154909143,503.24511161866934,503.74118351969906,870100
2025-05-09,503.7411804199219,505.4179058573108,501.6576723928526,503.89992706061366,941800
2025-05-12,514.28759765625,514.9225841623679,506.94574027674423,511.9560841660199,909500
2025-05-13,511.5195617675781,518.4546369089811,511.40050936172435,514.287621037152,1215500
2025-05-14,507.9180908203125,513.1764407604186,506.69774306689527,512.9383359413422,1607700
2025-05-15,515.200439453125,516.1131947544287,505.9933163169597,508.43401176040464,1232200
2025-05-16,518.35546875,518.7423588076163,514.0991331153581,517.3731955265547,1022200
2025-05-19,520.1611328125,522.3835250317193,513.1466695233102,513.1466695233102,725600
2025-05-20,518.8316040039062,519.3177447046753,514.8134343228487,516.3016498014362,1279100
2025-05-21,506.26116943359375,517.3235659506273,505.5468247379722,515.8353503579011,1501400
2025-05-22,507.302978515625,510.1305641424987,503.0466731070311,503.48321880421133,899800
2025-05-23,506.0131530761719,508.7117853331561,502.6696334262908,503.12601108125745,1293900
2025-05-27,512.6406860351562,514.1983589841657,508.55305864317114,511.073081959776,875300
2025-05-28,508.40631103515625,513.1476351651895,507.581281869442,511.55727450999166,877900
2025-05-29,511.0105285644531,512.064156143557,506.3984280862558,509.94701204106434,650100
2025-05-30,509.7779846191406,511.6466917275287,505.4044322170191,511.0105232079989,2142200
2025-06-02,510.503662109375,510.6527242992751,498.94351617213334,506.3686272134807,915900
2025-06-03,509.2213439941406,510.79186604215033,503.68483971329346,510.79186604215033,1397600
2025-06-04,510.85150146484375,514.12170850666,508.5354865153728,510.26502035111656,712300
2025-06-05,512.6605834960938,514.3503795902174,510.0861212387378,513.8533843077322,837700
2025-06-06,516.2388916015625,518.793454467172,512.402102831361,515.21511293395,624300
2025-06-09,511.9051208496094,516.0400947433616,507.322839085519,515.1753278392791,743700
2025-06-10,510.83160400390625,513.6843520151712,508.19753512595344,512.9488087186594,855100
2025-06-11,510.8912353515625,516.1196352683659,508.6249684811495,510.01651882800167,949600
2025-06-12,502.83001708984375,507.39243027762177,494.18231711986306,507.39243027762177,1321400
2025-06-13,498.4763488769531,501.5676754948066,495.69318726033384,497.949535059015,1343000
2025-06-16,501.9652099609375,507.29298455971895,500.28536356423456,501.9652099609375,1011600
2025-06-17,498.0588684082031,501.9552945041051,496.5380640304838,499.0528589906128,1197000
2025-06-18,499.6094665527344,503.5556101828816,497.5022114758326,497.651303988975,1103900
2025-06-20,501.1700744628906,507.58129565552355,497.9495242800181,501.49807801503295,2079600
2025-06-23,511.4876708984375,512.52139922314,501.9652245038744,502.7604048050584,2134700
2025-06-24,519.8272094726562,521.2784575181114,512.7003142072512,514.916954391056,1023700
2025-06-25,518.1573486328125,518.2766226537826,514.4597326459924,517.819425796188,1059900
2025-06-26,511.9250183105469,519.1512881546143,511.6168836753073,518.3163700900019,1301100
2025-06-27,514.598876953125,516.8750935050632,510.5433784630957,514.1018816709086,2251700
2025-06-30,524.1212158203125,524.9859826802553,513.5352536605981,514.4894456890238,1496300
2025-07-01,526.1390991210938,526.8945416660121,519.8471217860456,522.0140139621495,1193800
2025-07-02,522.481201171875,525.2047255401881,519.5886547308069,524.3499082375611,917700
2025-07-03,526.4273681640625,526.4273681640625,522.3420811950496,525.0059688294074,578300
2025-07-07,526.993896484375,529.3298106511484,523.5546673801438,527.3716177425193,872600
2025-07-08,523.2266845703125,528.0276151024053,521.4474027111215,526.8050261762454,891000
2025-07-09,525.5526123046875,526.6857761098131,518.6145775710886,520.3739602859747,736700
2025-07-10,526.6460571289062,530.184661241825,522.6104577154744,524.9761601993866,703300
2025-07-11,523.902587890625,525.7314964634838,521.845020244884,523.3856934090767,816700
2025-07-14,526.9342651367188,528.49483757931,521.9046753840406,522.4315194959818,685800
2025-07-15,519.1414184570312,527.5604893738907,519.0718318376727,526.8448452919774,791900
2025-07-16,521.2088623046875,521.9345166496336,514.1813419429436,520.7317662618269,825000
2025-07-17,522.2028198242188,524.7076952276057,519.5488822510458,519.9762908738143,867000
2025-07-18,521.2288208007812,525.4830692262508,518.3462236545131,522.530946122799,1333200
2025-07-21,518.9822998046875,526.626088952523,518.803388800132,523.0477475246846,969000
2025-07-22,514.6981811523438,520.2645032824092,511.517399648723,518.9822774707587,1128600
2025-07-23,522.5010986328125,523.664111375094,512.9488630421904,514.042289158734,1118800
2025-07-24,527.6598510742188,531.0394431595206,522.3420259809603,522.8787590290821,1024000
2025-07-25,531.7352905273438,533.7729591502017,526.3180295531319,526.3180295531319,788300
2025-07-28,527.2224731445312,532.162637465215,526.83486295842,530.1249690787826,877900
2025-07-29,527.6002197265625,532.4707976661326,526.9442126607124,530.423179569443,1145600
2025-07-30,526.1490478515625,531.8744432683218,524.459251741032,527.4809612472682,1263700
2025-07-31,547.7881469726562,555.5015230537963,529.1806737062232,531.9141476146065,2494700
2025-08-01,542.380859375,546.2276586365278,537.0729837872719,541.7348019154764,1885500
2025-08-04,559.6365356445312,559.6365356445312,544.5676060962772,545.8896304127978,1714200
2025-08-05,559.6365356445312,562.7278314558289,553.9508785901807,561.4753937526373,1462600
2025-08-06,559.1793212890625,561.1971512260467,549.1897283968834,558.8413378080361,1346900
2025-08-07,555.7699584960938,563.016127992119,552.9569481642741,562.5986689351765,1084900
2025-08-08,553.5234985351562,559.6166653039242,552.3605466086124,557.7479582643599,821300
2025-08-11,552.5394897460938,556.3365410507096,552.0822322376193,554.2889228778927,1095400
2025-08-12,555.7003173828125,557.89705819237,550.8695381925056,553.3743529569067,702100
2025-08-13,559.19921875,563.1552817119907,557.3006628315155,559.4675549431187,1047400
2025-08-14,560.7598266601562,575.5702503418287,556.4856185042778,560.7399274340856,1019100
2025-08-15,553.1258544921875,561.8829688817328,552.3605230754046,560.6106319437407,962700
2025-08-18,547.8975219726562,553.4538948591655,546.0288149906911,551.4162264803829,947900
2025-08-19,551.0982055664062,556.197382239408,548.165921138849,548.165921138849,1299700
2025-08-20,553.6825561523438,556.237058343722,549.1300626849322,552.161721569779,1553500
2025-08-21,549.1201171875,553.2749902195471,547.6887684330999,550.0345714652549,981200
2025-08-22,553.3147583007812,556.0780811777256,550.452121303578,551.4858496451134,1060200
2025-08-25,548.3746948242188,553.7124196707153,546.5755742049687,552.9768763091308,1112100
2025-08-26,549.9578247070312,550.2764634121005,543.9436786809099,546.4528597253876,1553900
2025-08-27,547.518310546875,552.1882547809339,547.3091867964112,548.3348108629118,999800
2025-08-28,545.2081909179688,548.6434478917149,543.9237299513146,546.9108993590735,1033500
2025-08-29,546.0944213867188,548.0061928689717,544.0034270255784,544.6406436702496,886900
2025-09-02,537.3320922851562,542.1413916737521,535.1514560054003,541.3050182036147,1069700
2025-09-03,536.9337768554688,539.9707205070885,533.5383874321564,535.8086047603318,863800
2025-09-04,537.9494018554688,541.4045320343837,536.0674705052915,539.6620165118014,999100
2025-09-05,535.7588500976562,540.8669152381273,530.242565164817,540.5482765048556,920300
2025-09-08,543.535400390625,544.7502142570908,532.5127376373724,535.4700670463519,1057900
2025-09-09,545.3675537109375,546.582306794268,540.9565074060941,541.9023957885714,633100
2025-09-10,537.5809936523438,546.7217250058977,536.6947854505052,545.0787574754834,910500
2025-09-11,548.5240478515625,549.8085090099389,537.690573653793,538.716197808454,1015800
2025-09-12,541.9024047851562,547.9863195806255,540.6776847260365,545.566658781013,1008400
2025-09-15,541.6635131835938,545.5468583986642,540.9067537448311,543.3462880069072,963800
2025-09-16,538.9749755859375,540.1400154582025,534.6535710393922,537.6905145687064,1164000
2025-09-17,541.77294921875,545.1086582825967,538.198337093523,541.8326901776248,875700
2025-09-18,505.6282348632813,541.2751136955545,500.9483539994463,540.4387402310415,3236600
2025-09-19,504.9909973144531,507.8188476431165,500.4305679012174,505.62824438081174,4147400
2025-09-22,503.4078063964844,511.9411618673126,503.3082279949421,506.1659488355407,1754500
2025-09-23,494.6354675292969,504.8316633935035,490.9512795272222,503.4376569881722,2249400
2025-09-24,488.6412048339844,491.30976616635246,483.3738508618901,490.4534283931204,2582100
2025-09-25,482.8659973144531,488.6013725072958,480.3069814702936,487.2372062369387,1933700
2025-09-26,485.096435546875,488.8602681380642,483.2842119766939,485.9129358877779,1777700
2025-09-29,489.2386474609375,491.85740441390897,486.28134825671214,489.8559910006981,1855500
2025-09-30,484.6284484863281,489.7166100319715,482.14910734844926,489.7166100319715,1626200
2025-10-01,479.6100158691406,488.5416543516618,478.1960755290238,486.809075288834,1904200
2025-10-02,474.591552734375,482.2884736073537,472.7394917847857,477.97700553023213,1560700
2025-10-03,477.7579345703125,480.2472425099202,472.73948125568654,473.4962405931864,1347700
2025-10-06,476.30419921875,478.4151275426877,472.2515984982706,478.1861002671433,1997500
2025-10-07,479.1619262695313,483.0253372018856,476.8219706391557,482.59718351274864,1468800
2025-10-08,480.3667297363281,484.3197520035818,475.87603882686193,481.5516427596375,1597500
2025-10-09,485.5245666503906,489.88583905362265,482.8261653329844,484.43923202742695,1874000
2025-10-10,484.02105712890625,492.30548150624526,483.21452376198647,490.1845862128412,2223100
2025-10-13,477.2899475097656,488.21303205687826,469.7622826675194,483.8418230791288,2139700
2025-10-14,484.6085205078125,486.20168368506825,474.9599603909189,475.0595387870712,1445000
2025-10-15,480.8148193359375,489.218725499011,479.460619994895,484.8176156244485,1166100
2025-10-16,470.0311279296875,482.64695433859345,467.9899075092057,481.2927549751675,1690800
2025-10-17,471.166259765625,474.42226366489854,468.2487981052649,471.51476896032005,1787700
2025-10-20,475.5474548339844,476.07518693158346,470.8177694808948,472.4308362551766,1697100
2025-10-21,481.720947265625,483.6227822707741,475.497677112805,476.37391841225184,1033200
2025-10-22,477.6882629394531,483.78208437655906,476.254419026362,479.9983481757734,1715000
2025-10-23,480.6356201171875,481.2031592698375,476.831950047379,480.0879541029341,1180300
2025-10-24,487.3567504882813,490.12485987156685,482.5075527991206,484.8873459212611,1306000
2025-10-27,494.5159912109375,495.4718769872739,489.2983809103412,489.93565835260614,1862600
2025-10-28,491.5686340332031,496.0892259794763,490.5231368026112,493.2215382318327,1328300
2025-10-29,471.02685546875,487.9043761453366,468.9557645484808,487.2670987009085,2540700
2025-10-30,489.4676818847656,498.1105523416469,484.22020094611054,485.6839153288938,2630500
2025-10-31,485.1263122558594,495.8701745460682,483.4933419401525,491.84744413976694,2522400
2025-11-03,494.8943176269531,495.1631823298177,481.7009856614318,487.6255506611501,2068900
2025-11-04,497.0749816894531,498.210120749563,492.8929623847197,495.5913638109114,2089700
2025-11-05,494.9739990234375,498.2300028838012,492.8332002631227,494.4064295177504,1567700
2025-11-06,487.9043884277344,495.1134149737048,486.7095083828826,492.873037679904,1315500
2025-11-07,494.29693603515625,494.29693603515625,483.9214866748253,486.3610207274961,1704400
2025-11-10,491.7279357910156,492.80333385141194,485.4946989067835,491.4790049938761,1505700
2025-11-11,495.601318359375,496.52733364076903,491.43917229690146,492.8829830890572,1130300
2025-11-12,493.7193908691406,499.6638596250757,493.3609451007316,495.6311927951708,966300
2025-11-13,500.8089294433594,504.1047707864924,489.5373659747496,489.5373659747496,1962900
2025-11-14,491.78765869140625,501.73495364300584,491.51882437970966,499.9027963027287,2082700
2025-11-17,486.85888671875,491.39938222829335,485.53455780268064,490.3936920395404,1880300
2025-11-18,488.1831970214844,490.294125463508,484.1704335129418,485.64411487202545,1208400
2025-11-19,488.700927734375,490.8915308992973,485.8332704826496,488.6511537298786,1533600
2025-11-20,488.81048583984375,496.1887984900862,486.8588768519403,491.6881101223734,1245900
2025-11-21,491.4889831542969,494.87443599516143,488.2528827177088,491.9569742790705,1904900
2025-11-24,487.1476135253906,492.1162930063782,486.7294267939543,491.8872657287416,2782200
2025-11-25,493.0439147949219,495.3884709440655,488.1053822775088,489.18289467434266,1136600
2025-11-26,494.4606323242187,497.30402907110346,488.8636569075602,490.5198109090678,1041700
2025-11-28,497.6731567382813,499.0200320610125,494.5105252923561,496.79522310962295,749600
2025-12-01,494.1213989257813,499.269435924876,493.6325450371143,494.3608630410257,1508400
2025-12-02,490.0708312988281,495.39844370485974,489.67176502417055,493.76226284472216,1190700
2025-12-03,498.7207336425781,500.5764055038944,490.64949880744115,491.1184100487638,1241200
2025-12-04,495.8374328613281,500.9355982172147,493.45299128441474,497.95251154951075,935500
2025-12-05,497.3638610839844,500.57639473382386,493.41305332629736,493.41305332629736,1833200
2025-12-08,490.9587707519531,496.1267504411685,488.3548078036438,495.56805157999946,1464000
2025-12-09,489.5919494628906,494.30100443686007,488.9833482934297,491.5374089118398,1081900
2025-12-10,490.18060302734375,491.70705363608505,484.1346590125797,489.7416209813313,1634700
2025-12-11,496.4060974121094,497.4536501599096,490.9587683193006,492.076166036102,2666200
2025-12-12,499.8680725097656,502.7413984445354,496.9249016030301,497.4037994077602,1463200
2025-12-15,498.4713134765625,502.10285612414407,496.52582354074053,501.35459544833634,1750100
2025-12-16,498.7007751464844,502.3223617945352,493.8520604402649,498.54117299084425,2368500
2025-12-17,509.4058837890625,511.22163987576977,499.079880451358,499.7682827036586,2134600
2025-12-18,505.5348815917969,514.6736423125146,504.80659401891097,509.65530859070134,1567100
2025-12-19,511.41119384765625,511.540897233321,504.926298585656,505.53486930693936,2872700
2025-12-22,520.689697265625,523.4233332474382,508.73746886572536,509.02677441124786,1423500
