Date,close,high,low,open,volume
2019-08-19,264.6219482421875,265.3008606709423,263.8163198584075,264.49523228716237,53571800
2019-08-20,262.59417724609375,264.6490081776248,262.46746133677397,264.11493390797597,51596400
2019-08-21,264.7304992675781,265.1016136143309,264.0696814702971,264.75765464965775,49524700
2019-08-22,264.64898681640625,266.07018283661125,262.87477085408335,265.4365480911414,51666400
2019-08-23,257.8508605957031,265.01112462198813,256.60165772038295,263.34552999656404,149161500
2019-08-26,260.7021789550781,260.7021789550781,258.5115443241375,260.0413614037,72423800
2019-08-27,259.67938232421875,262.4674638561055,258.91900398597903,262.0963218770228,66668900
2019-08-28,261.5079040527344,261.67083632800075,258.2129040417699,259.0185596667051,59696700
2019-08-29,264.84820556640625,265.373246555172,263.0649281304495,264.06973271239076,57899400
2019-08-30,264.7304992675781,266.3508164400091,263.7981276495006,266.33272206029176,62901200
2019-09-03,263.1825866699219,263.9429650713282,261.8519175612082,263.0287153639879,69101400
2019-09-04,266.16973876953125,266.1878331457817,264.60370503630537,265.3550498382295,46887300
2019-09-05,269.59149169921875,270.505741263956,266.1335592315825,268.65912013072057,83258100
2019-09-06,269.7996826171875,270.4424060217157,269.22941960508075,269.9083317683097,49584300
2019-09-09,269.9355163574219,270.8769214356232,268.99408365421084,270.7864219040724,51260300
2019-09-10,269.8722229003906,269.9355946908739,267.9169517763199,269.1751884551095,57947100
2019-09-11,271.7912292480469,271.87269541058845,269.5281882051822,270.1799451305277,68821100
2019-09-12,272.7325134277344,273.79160058862453,271.93591899475854,272.69629705578154,72908700
2019-09-13,272.5515441894531,273.5291931620798,272.180402229938,273.1761455816851,62104800
2019-09-16,271.7096862792969,272.59680806233507,271.0669905398025,271.42001047769196,58191200
2019-09-17,272.3977355957031,272.48823513713944,271.33862023577393,271.5106135645232,41475500
2019-09-18,272.5605773925781,272.6691989062345,269.9716449420855,272.0083811981535,73375800
2019-09-19,272.54248046875,273.94558214926315,272.20755489582285,272.9498388074487,76560500
2019-09-20,271.2547607421875,273.4282314887525,270.46359030392364,273.14629306857836,89565000
2019-09-23,271.1911926269531,271.90962381846845,270.33635747567814,270.5909874514248,43476800
2019-09-24,269.0631103515625,272.67341519548154,268.09915238087564,272.28238140130355,94869400
2019-09-25,270.65460205078125,271.1001974881487,267.6626795721894,269.14500041802086,71854000
2019-09-26,270.0907897949219,270.87285754850967,268.6812361680686,270.6637140924757,56179700
2019-09-27,268.6357421875,270.9547201008358,267.08068181796534,270.8455691998778,84746600
2019-09-30,269.88165283203125,270.59098115887195,269.1086878271732,269.1541465618406,51662400
2019-10-01,266.67138671875,271.4184369525393,266.45314046745057,270.76367044606576,88242400
2019-10-02,261.96075439453125,265.0981834304404,260.66942690190984,265.08908058458655,122539500
2019-10-03,264.1069641113281,264.1342448983291,259.01433776802537,261.7334246319195,85278800
2019-10-04,267.6809997558594,267.9356297936323,264.70725394578335,264.7618432955707,65091200
2019-10-07,266.5259094238281,268.50841485168297,266.24399873388415,266.88058737396443,59610500
2019-10-08,262.38818359375,265.40738677887896,262.35179996128653,264.67077779882845,95708100
2019-10-09,264.8799133300781,265.81659063182866,263.7795513160013,264.407037132498,62359400
2019-10-10,266.67138671875,267.55350232118553,264.63434769975464,264.7980323882292,55296300
2019-10-11,269.43603515625,271.67314311799345,269.30873405810314,269.4269323090313,98720400
2019-10-14,269.1359558105469,269.79072252359276,268.7903806352471,269.1177501154781,40394800
2019-10-15,271.8004455566406,272.54615738895194,270.06349481421915,270.1817208062417,46754500
2019-10-16,271.3639221191406,272.0550723707066,270.9274295413768,271.3366413330304,48928200
2019-10-17,272.1641845703125,273.03719744331266,271.4730343465405,272.5279376213477,45736600
2019-10-18,270.9729309082031,272.2733615050628,270.1180958054572,271.62769763046424,64304000
2019-10-21,272.809814453125,273.0098827692464,271.8549593436127,272.2914796022164,39048600
2019-10-22,271.918701171875,273.6374464088708,271.82775595636684,273.34643282027804,48594700
2019-10-23,272.7098388671875,272.76440043938345,271.45486720152144,271.6640383966591,34352200
2019-10-24,273.155517578125,273.79210645128467,272.3279631440528,273.6465996302028,35453100
2019-10-25,274.2740478515625,274.81969141726717,272.5279939918244,272.58255557313646,45205400
2019-10-28,275.8199462890625,276.32013101368767,275.4652960867663,275.4925768715583,42147000
2019-10-29,275.7381591796875,276.6657615536214,275.4198647916236,275.5471936478828,44284900
2019-10-30,276.583984375,276.9568126788727,274.6287588528591,275.9382925990656,49643900
2019-10-31,275.8471984863281,276.5747322596814,274.3921864447731,276.5747322596814,69053800
2019-11-01,278.4026794433594,278.4481381708568,277.1295020424609,277.29321451712957,71141500
2019-11-04,279.5212097167969,280.09413397670744,279.1483538055443,279.9577300463906,60606900
2019-11-05,279.2120666503906,280.02144303161515,278.92105304685475,279.721326580286,42933200
2019-11-06,279.2757263183594,279.54853422165763,278.3299459992849,279.2120618900617,46487100
2019-11-07,280.2578430175781,281.59465715586936,279.78496676724404,280.6125210197655,54272300
2019-11-08,280.948974609375,281.0035361826021,279.2120238547651,279.9122492128996,49032100
2019-11-11,280.4123840332031,280.5851715685112,279.4302203848651,279.5666520462166,35797300
2019-11-12,281.0035095214844,281.9038031468933,280.230516970667,280.7761604037485,46484600
2019-11-13,281.09454345703125,281.4946802507706,279.78500990526373,280.0123590947708,53917700
2019-11-14,281.5036926269531,281.585562739211,280.17598142677315,280.8125701165942,51219900
2019-11-15,283.54071044921875,283.5861691680478,282.14933507162783,282.84045746173746,62023600
2019-11-18,283.7499694824219,283.9864215228647,282.8496755631772,283.30437394705217,49228000
2019-11-19,283.6680908203125,284.35924115622686,283.0224269685197,284.3501383088859,67804700
2019-11-20,282.6131896972656,283.5953536303308,281.05812918125986,283.07699087413437,79406200
2019-11-21,282.1585388183594,282.83151133088023,281.35829293611516,282.7223881538737,54664700
2019-11-22,282.7859802246094,283.0406101816487,281.77656324396247,282.90420623191045,44850200
2019-11-25,284.9775390625,284.9775390625,283.71349252607234,283.71349252607234,48647200
2019-11-26,285.6232604980469,285.80515091180786,284.69568599405943,285.01398034185087,37569000
2019-11-27,286.8964538574219,286.8964538574219,285.88700918425144,286.1052554908473,44444600
2019-11-29,285.83245849609375,286.57817040881315,285.6051093338683,286.3326155519564,36592700
2019-12-02,283.404296875,286.1506639099118,282.9768794727963,286.0869995036619,75767800
2019-12-03,281.5036926269531,281.585562739211,279.30296850429954,280.6852412775978,73941700
2019-12-04,283.2406921386719,283.84089729888063,282.20399431837325,282.5495695093345,49080000
2019-12-05,283.7499694824219,283.95914072993565,282.4404359166549,283.94096278551194,40709000
2019-12-06,286.3417663574219,286.7419031701625,285.6506159076721,285.65971875651235,48927000
2019-12-09,285.4413757324219,286.62358007257694,285.36860847152025,285.950635548419,34838500
2019-12-10,285.1231384277344,286.0507130453857,284.4683717115734,285.3868712342311,52649800
2019-12-11,285.93255615234375,286.18718614809717,285.04133729091274,285.577878076515,53429100
2019-12-12,288.3970031738281,289.17907107766985,285.70519649542786,285.9416207847404,96389600
2019-12-13,288.5697326660156,289.79742361331523,287.38750044719393,288.1604930993886,81503900
2019-12-16,290.55224609375,291.1433483991358,288.506103515625,290.2976161274645,82749700
2019-12-17,290.6159362792969,291.2343194304251,290.53409389922876,290.9342307035088,61097700
2019-12-18,290.63409423828125,291.2342994034276,290.57953265532115,291.0069502235654,48133000
2019-12-19,291.82537841796875,291.898145691162,290.57040660492686,290.8250365559366,85310500
2019-12-20,293.1048889160156,294.23807629310494,291.88030916260414,292.858126711042,147142100
2019-12-23,293.55255126953125,293.9455076437393,293.40632910700657,293.8906778189208,52990000
2019-12-24,293.5616455078125,293.8266469832561,293.26005363710664,293.7809647672198,20270000
2019-12-26,295.1244201660156,295.13356776697475,293.9364033804754,293.9455230924072,30911200
2019-12-27,295.05133056640625,295.9103684888994,294.52129953864886,295.8555386546152,42528800
2019-12-30,293.4246520996094,295.27068284889134,292.9403032957844,295.13360826083357,49729100
2019-12-31,294.1374206542969,294.3841827622408,292.5747148231008,292.9219889831503,57077300
2020-01-02,296.88812255859375,296.9064177570936,294.74967601076855,295.67269108630387,59151200
2020-01-03,294.6400451660156,295.76411231173057,293.442880886225,293.49771070903796,77709700
2020-01-06,295.7640686035156,295.84631332558087,292.76655665791674,292.88536388612897,55653900
2020-01-07,294.9324951171875,295.6727256283345,294.48468103695666,295.1974966361732,40496400
2020-01-08,296.5044250488281,297.7198569770003,294.87774144646704,295.12447571756087,68296000
2020-01-09,298.51495361328125,298.58807866550626,297.4822783906316,298.0671672522879,48473300
2020-01-10,297.65576171875,299.2550297690814,297.1897082800452,299.099687919187,53029300
2020-01-13,299.70294189453125,299.71206160755526,297.84779146443003,298.2773104255387,47086800
2020-01-14,299.2459716796875,300.31518120708546,298.6884979136288,299.264238992548,62832800
2020-01-15,299.92218017578125,300.6806779375008,299.0722900853066,299.1545348144793,72056600
2020-01-16,302.4170837402344,302.4170837402344,301.07369722923175,301.3021641332184,54050300
2020-01-17,303.3583068847656,303.56847854631405,302.35304712620507,303.1298400255028,95846000
2020-01-21,302.76434326171875,303.56855126120206,302.3257046358388,302.398801777143,77742400
2020-01-22,302.8009033203125,304.27224473675494,302.6455614379162,303.62337862619233,48914900
2020-01-23,303.14813232421875,303.5593838604017,301.03710060172915,302.1520200824009,51963000
2020-01-24,300.4522705078125,303.8884219479204,299.16371371777205,303.80617720247466,87578400
2020-01-27,295.63623046875,297.1166918283268,294.86858487078547,295.20671149130214,84062500
2020-01-28,298.7342224121094,299.61152758511525,295.72758990467884,297.0618289224419,63834000
2020-01-29,298.48748779296875,300.3243709426531,298.28643576718724,300.0959039992209,53888900
2020-01-30,299.45611572265625,299.6663153017545,295.67271852206113,296.42206872649126,75491800
2020-01-31,294.0186767578125,298.9901194730198,293.1048090217675,298.8347496867189,113845600
2020-02-03,296.2027587890625,298.067056481467,295.3802835359217,295.499090784858,69083000
2020-02-04,300.7173156738281,301.5855011806518,299.4927362514343,299.81259553758144,62573200
2020-02-05,304.19000244140625,304.4002020615823,302.1886577494263,303.65082382168174,65951100
2020-02-06,305.2135009765625,305.4054053572776,304.1351160486289,305.1495235533158,50359700
2020-02-07,303.5868835449219,305.22268676878366,303.0385573065691,304.1534770985751,64139400
2020-02-10,305.85321044921875,305.91718787642037,302.66382135820703,302.7003838721832,42070000
2020-02-11,306.3832702636719,307.99165832638704,305.8532114209266,307.2057455520756,54864500
2020-02-12,308.3572082519531,308.5673799444257,307.4524603916157,307.81800184241695,43992700
2020-02-13,308.0282287597656,308.9969262404168,306.65742728084103,306.93157642101494,54501900
2020-02-14,308.521728515625,308.6405357740244,307.24231936560784,308.4394837726626,64582200
2020-02-18,307.7265930175781,308.5856306420383,306.3374966602275,307.52554106527845,57226200
2020-02-19,309.1980285644531,309.87428181296707,308.4121156420215,308.69541242931956,48814700
2020-02-20,307.927734375,309.4721730276708,304.9393691304808,308.6496697818951,74163400
2020-02-21,304.756591796875,306.8858911350751,303.93408860649663,306.5751794829659,113788200
2020-02-24,294.6492004394531,304.82967088286625,293.5708154883239,295.3071862193686,161088400
2020-02-25,285.7207336425781,296.6505836333486,284.8434284508616,296.0383078861717,218913200
2020-02-26,284.6697998046875,290.7104521537765,283.93871677139504,287.1189586441504,194773800
2020-02-27,271.8847351074219,284.72456262234533,271.8847351074219,279.14996516623097,284353500
2020-02-28,270.7424011230469,272.2320096468705,260.9457401669116,263.83356488451,384975800
2020-03-02,282.46734619140625,282.53132361972916,269.0974581232793,272.5244617816566,238703600
2020-03-03,274.37969970703125,286.80830919300763,271.93968793997885,282.84212570429094,300139100
2020-03-04,285.91265869140625,286.1320059219411,277.20349991147214,279.75319881257633,176613400
2020-03-05,276.4084167480469,281.9007705498337,274.1694576163429,278.7113812011502,186366800
2020-03-06,271.8390197753906,273.045331573346,265.2317755742254,267.9002530665259,228667200
2020-03-09,250.60992431640625,259.71203788804456,249.8971086973447,251.58774146183129,309417300
2020-03-10,263.57769775390625,263.6690622000133,249.9427812895364,260.12327944250404,276444100
2020-03-11,250.72866821289065,257.65579932325335,247.5484272341688,256.522612573504,255316300
2020-03-12,226.73974609375,243.6919969971679,226.346775678761,233.9501626585311,392220700
2020-03-13,246.12274169921875,248.09669836393368,227.11429955148088,240.4293385242908,329566100
2020-03-16,219.1911468505859,234.7725780910604,216.91561153342053,220.4065784730682,297240000
2020-03-17,231.0257873535156,234.10553138476908,216.65065047000016,223.93416415599756,262070500
2020-03-18,219.32823181152344,226.977299433706,208.380101478062,215.9012281894684,327597100
2020-03-19,219.79428100585935,226.07256060162743,212.2183250976438,218.64281290463057,289322000
2020-03-20,210.32241821289065,224.7269281094163,210.0466430097641,222.94359769257548,347158800
2020-03-23,204.94485473632812,211.13134505091108,200.6336105908969,209.76168442600684,326025200
2020-03-24,223.5135498046875,224.3868403910806,214.91865078430803,215.4885759867867,235494500
2020-03-25,226.8595733642578,235.64753271475615,220.3881202388159,225.0946316027737,299430300
2020-03-26,240.1058807373047,241.57664463189136,228.93708857476463,229.36913318338085,257632800
2020-03-27,232.95416259765625,239.7473562360883,230.77556488684385,232.8162819931154,224341200
2020-03-30,240.51953125,241.2365384930664,233.0552948085847,235.05004716701424,171369500
2020-03-31,236.9344940185547,242.0638491887975,235.52805566114748,239.5175603608972,194881100
2020-04-01,226.2712860107422,236.85176448420265,224.20299266868236,227.9534996121323,189554600
2020-04-02,231.4925537109375,232.27390045217555,224.83724120524903,225.38879163266063,177660400
2020-04-03,228.14651489257812,232.8622275477319,225.41636693712175,230.50895788891833,135561200
2020-04-06,243.4703063964844,245.43749680260197,228.12817652469008,237.01724073694356,188061200
2020-04-07,243.718505859375,252.8189911912203,243.49789687410168,252.06520642083692,201427200
2020-04-08,251.8996734619141,253.7105798094865,243.8287365741532,246.31987245584384,153774500
2020-04-09,255.7329559326172,258.4906799949257,253.2234169368293,255.1630027285368,189999200
2020-04-13,253.3981781005859,255.0987809079502,249.4914007566824,254.75866595708356,114839100
2020-04-14,260.87158203125,261.89192674380104,253.260262690421,258.2885153744186,134143400
2020-04-15,255.32847595214844,261.0093805310118,253.2142041014616,255.15381785852156,121775000
2020-04-16,256.560302734375,257.4151905782351,253.49003955687044,256.6062535871755,131798300
2020-04-17,263.49139404296875,264.09806873944035,259.59379105102954,262.3331407891114,146684800
2020-04-20,258.8491516113281,263.629217542873,258.628542678586,259.78676762850023,100109300
2020-04-21,250.9896240234375,255.58583000367105,250.05198004954025,254.38162628109103,126385700
2020-04-22,256.560302734375,258.30685593614993,254.5471616484955,255.87087162422512,92951600
2020-04-23,256.54193115234375,261.00945987704335,256.2385937703153,257.8380651634286,104709700
2020-04-24,260.1177673339844,260.78882372538203,256.00875672334155,258.0586753592096,85063200
2020-04-27,263.8681945800781,264.9896700484018,261.6344450330701,262.09406566675983,77896600
2020-04-28,262.6548767089844,267.86696016171067,262.35151131258954,267.51764391278255,105270000
2020-04-29,269.53076171875,271.0659071925588,266.9568970325676,267.98644290704055,118745600
2020-04-30,267.0212707519531,269.63191314520935,265.2838909183048,268.1519197995434,122901700
2020-05-01,259.9522399902344,267.18666411275467,258.78478565307967,262.268717832664,125180000
2020-05-04,260.6692810058594,260.97261831344605,256.58784709475344,258.06781222922524,80873200
2020-05-05,263.0776672363281,265.8905433416998,260.797938736248,263.49133703836077,79569900
2020-05-06,261.2943420410156,265.1643400964349,260.86229750373474,264.77827445640764,73632600
2020-05-07,264.4473571777344,266.3777697134358,263.9417856328459,264.51171080796263,75250400
2020-05-08,268.822998046875,269.2918202089729,266.4513391653479,267.5820163579853,76452400
2020-05-11,268.87811279296875,270.2569749098558,266.4697047839562,266.89254797828886,79514200
2020-05-12,263.51898193359375,270.4776190002841,263.3810732615767,270.0639771433086,95870800
2020-05-13,258.8583068847656,263.9968614165666,256.4314968448742,262.95811445493183,144721100
2020-05-14,261.95623779296875,262.08491700872327,250.94371509495167,256.4224143490226,121977900
2020-05-15,263.1603698730469,263.20632071188606,258.61931609633353,259.56613341114536,111146300
2020-05-18,271.17626953125,272.7849423166049,269.0620250917087,269.383737206358,119703800
2020-05-19,268.3909606933594,272.28853594964113,268.3725859611599,270.5787601052246,95189300
2020-05-20,272.9503479003906,273.81443707877554,271.70019303559144,271.93000339041674,85861700
2020-05-21,271.06591796875,273.63060941899073,269.97201842037936,272.82167247031106,78293900
2020-05-22,271.5805969238281,271.75525497970307,269.5398805289325,270.78086164324964,63958200
2020-05-26,274.9267272949219,277.7855828624157,271.59907765243577,277.5465711025609,88951400
2020-05-27,279.0173645019531,279.0541420158943,272.8952128963509,277.7212306525081,104817400
2020-05-28,278.5025634765625,282.06002314727544,277.8315071665672,280.04688227031033,90405200
2020-05-29,279.7435302734375,280.3318301412633,275.2852041805372,278.03372679987336,119090800
2020-06-01,280.87420654296875,281.48090925059915,278.58530436878937,279.100077323199,55758300
2020-06-02,283.199951171875,283.2459300855402,280.46062904766694,281.7935125894445,74267200
2020-06-03,286.9688415527344,287.9248606902296,284.90974930553955,285.1855105697075,92567600
2020-06-04,286.2149963378906,287.7225657388418,284.119127013096,285.98518598186917,75794400
2020-06-05,293.5505676269531,295.324696931107,291.5466279553278,291.6109815909454,150524700
2020-06-08,297.0988464355469,297.2918792842742,293.817147742069,294.35949682860377,73641200
2020-06-09,294.883544921875,297.1724477167715,293.56900800568155,294.43309742484524,77479200
2020-06-10,293.238037109375,296.3542792450485,292.52102986489626,295.46261387215606,95000800
2020-06-11,276.3332214355469,286.9412780271555,275.7816988829913,286.3069990386874,209243600
2020-06-12,279.6424560546875,284.1191577863785,274.4855245724636,283.34699827287557,194678900
2020-06-15,282.2530517578125,283.38372874328377,272.7756754665918,273.95230329940716,135782700
2020-06-16,287.6858215332031,290.149410155266,282.82305403498947,290.0023281440216,137627500
2020-06-17,286.4907531738281,289.0002920766574,285.7553432859751,288.70612812151614,83398900
2020-06-18,286.6011047363281,287.0791002022098,284.5144366960276,284.97405743157583,80828700
2020-06-19,284.9632263183594,290.26288306599963,283.0150766905862,290.06900074453034,135549600
2020-06-22,286.7912292480469,287.1882356545676,283.2181152364282,284.3629814046149,74649400
2020-06-23,288.11163330078125,290.37369722062647,287.7053848565929,289.44116854058365,68471200
2020-06-24,280.7622375488281,286.6897503140339,278.92490610868884,286.0711358531049,132813500
2020-06-25,283.7721862792969,284.0399473243526,278.1678289833196,280.1898292059112,89468000
2020-06-26,277.03216552734375,282.8858280526824,276.4505185694108,282.67346196626374,127961000
2020-06-29,281.10382080078125,281.24230815078425,275.99804720322345,278.28780803699664,79773300
2020-06-30,284.70465087890625,286.4035230684894,280.5129498778858,280.66989282570773,113394800
2020-07-01,286.698974609375,287.96390105074033,285.360225806475,285.8218691543317,72396500
2020-07-02,288.27777099609375,291.4815764666122,287.61300354993097,290.13355781025984,69344200
2020-07-06,292.72802734375,293.3097024538688,291.3523392224344,292.10019917073765,61713800
2020-07-07,289.7088928222656,293.16197598302176,289.3303419029436,291.1861571430053,82910000
2020-07-08,291.9247741699219,292.0355640626978,288.71175457352604,290.4752073276655,54638600
2020-07-09,290.26287841796875,292.7742193790963,286.8467063436829,292.53415581966215,83354200
2020-07-10,293.2265625,293.49432348020605,288.76710100613167,290.1981838415168,57550400
2020-07-13,290.68756103515625,297.95382235069326,290.03203541314804,295.57175522796825,102997500
2020-07-14,294.4546203613281,295.23017784397115,288.06546370459,289.2657251994357,93657000
2020-07-15,297.15985107421875,298.2585645791441,294.7777554407008,297.67688940871585,87196500
2020-07-16,296.18115234375,296.6335538163291,294.61155366216747,295.25786563140133,54622500
2020-07-17,297.0397644042969,297.8245636451662,295.2116468030746,297.18749364064047,62774900
2020-07-20,299.4403991699219,300.1882592673395,296.0242265404626,296.77208663788025,56308800
2020-07-21,300.0773620605469,301.8500564070887,299.0894387179133,301.40689690868754,57292200
2020-07-22,301.785400390625,302.0993425839799,299.6064578581787,299.71724772573134,57792900
2020-07-23,298.18463134765625,302.1270831480681,296.8181852176336,301.42537631818345,75738000
2020-07-24,296.2642822265625,297.28911708214275,294.7593201869097,296.3289190669535,73766600
2020-07-27,298.4247131347656,298.60013985296814,296.16264956413676,296.95669073754914,48293000
2020-07-28,296.531982421875,298.81250154862204,296.2365239348657,297.69530442770673,57495000
2020-07-29,300.178955078125,300.74217459378013,297.37215573588736,297.4090950917843,48454200
2020-07-30,299.1079406738281,299.5234309444589,295.1193636875488,297.2059723944225,61861700
2020-07-31,301.4715881347656,301.57316433195354,296.67972751036586,300.8991548415424,84986800
2020-08-03,303.5674133300781,304.3337288211006,302.58873177456934,303.1334674949773,53077900
2020-08-04,304.73992919921875,304.73992919921875,302.7086877001967,302.7086877001967,41917900
2020-08-05,306.6327819824219,306.89132934963357,305.7741319749666,306.0418930506655,42697700
2020-08-06,308.682373046875,308.8024048039593,305.72787305800415,306.05102897866146,43679400
2020-08-07,308.9040222167969,309.1902388250722,306.8081434818142,307.71297454516787,57308300
2020-08-10,309.8272399902344,310.0118803738786,307.41744771018335,309.3563548854789,44282100
2020-08-11,307.26971435546875,311.6461112181924,306.5403383587364,311.0090413238048,69601100
2020-08-12,311.5538330078125,312.32939037175544,309.67956233416606,309.7072598051472,53774400
2020-08-13,310.9906921386719,312.3017718416144,310.06740530395905,310.7875679079759,41816100
2020-08-14,310.99993896484375,311.5354611163136,309.8735278815379,310.6029323819641,47260400
2020-08-17,311.9878234863281,312.3848300193641,311.00914180297326,312.01552096127307,35481000
2020-08-18,312.6617431640625,313.08644705008913,310.78744458391986,312.38474031767976,38733900
2020-08-19,311.3599548339844,313.5573533060185,310.79673534794836,313.04031505654325,68054200
2020-08-20,312.3294372558594,312.80953621709097,309.5041820857971,309.6334275776199,42207800
2020-08-21,313.43731689453125,313.65889664211295,311.6553525028336,311.99699218231325,55106600
2020-08-24,316.61346435546875,316.68731488840734,313.4096586142327,315.8748181437234,48588700
2020-08-25,317.7213439941406,317.8044363974734,316.01325834394123,317.176608343536,38463400
2020-08-26,320.90673828125,321.1744711148294,317.76756939870836,318.3123051250386,50790200
2020-08-27,321.6083984375,323.05796511433385,319.94649388256835,321.7746114341692,58034100
2020-08-28,323.68572998046875,323.81500359968067,321.4421508167012,322.633198148372,48588900
2020-08-31,322.5132751464844,324.35060666428654,322.28245347132435,323.4735012045628,66099200
2020-09-01,325.5508117675781,325.652359753579,322.4485546070109,323.3441436011947,54908700
2020-09-02,330.2596435546875,331.22908325949226,326.31719155514446,327.46208615275333,69540000
2020-09-03,318.89398193359375,329.04089295769626,316.30876246960275,328.57000776099846,148011100
2020-09-04,316.2903137207031,321.14678232846006,309.1809952615708,319.5772119329768,139156300
2020-09-08,307.6483459472656,316.3549607309717,307.3436737413122,310.8798493187982,114465300
2020-09-09,313.7236022949219,316.18876205705584,310.78752911291656,311.65542088332745,91462300
2020-09-10,308.276123046875,316.2533032385388,307.31589725964466,315.59777775539925,90569500
2020-09-11,308.4331359863281,311.11990351849477,305.6078810919823,310.05812950649084,84680200
2020-09-14,312.49560546875,314.2683283126777,308.58087891635495,311.6000162516437,65605700
2020-09-15,314.07440185546875,315.7824594521563,312.50480343116857,314.9515071825437,52920900
2020-09-16,312.82794189453125,316.74266767813356,312.5509390358151,315.31158485907184,82096000
2020-09-17,310.0765686035156,311.79389633261354,307.44519615617884,307.9714762809404,91523300
2020-09-18,306.5067138671875,310.99330512694877,304.02240791405023,310.8820717692347,105877900
2020-09-21,303.0954895019531,303.2438101066205,298.2381099284634,301.9182318320632,99450800
2020-09-22,306.1823425292969,306.7385377490843,302.06653750783966,304.57868073084774,63612100
2020-09-23,299.0816650390625,307.0166334444668,298.5810865385112,306.7385217044883,93112200
2020-09-24,299.8788146972656,302.937845386202,296.448968406663,297.7652958983576,76681300
2020-09-25,304.7269592285156,305.5148717009548,298.1546568746652,299.0259943751535,71069400
2020-09-28,309.788330078125,310.50209652529975,307.8972775754779,308.88915578763124,64584600
2020-09-29,308.1012878417969,310.32604104209275,307.40605069862494,309.5844660717514,51304000
2020-09-30,310.4371643066406,313.5888989589638,308.57392054129775,308.7685789335807,104081100
2020-10-01,312.43011474609375,314.00596764437455,310.54834185423954,313.03264756864974,88698700
2020-10-02,309.4638671875,312.4024144710618,307.0073689601297,307.4801391377748,89431100
2020-10-05,314.9515380859375,315.1369175857961,311.4753542094507,311.52169201210114,45713100
2020-10-06,310.4742736816406,317.1856469045774,309.9644445702148,315.0906571878008,90128900
2020-10-07,315.8785705566406,316.6850408176242,313.40351479672364,313.4313231405762,56999600
2020-10-08,318.6780090332031,318.74290459076605,316.89819037406056,317.8159221887509,45242500
2020-10-09,321.5238952636719,321.9873865273389,319.7070174310904,320.3280798824177,59528600
2020-10-12,326.6964416503906,328.1703404575897,323.5725150946358,324.0638146970355,80388500
2020-10-13,324.564453125,326.73358922053734,323.600383208339,326.55746024664927,73255500
2020-10-14,322.5250549316406,326.2329853972063,321.7927590329618,325.1391526992879,57727900
2020-10-15,322.1264343261719,322.6084550653457,318.07552513157503,318.6131625602973,60357700
2020-10-16,321.9317626953125,325.13911424772533,321.7556337558863,323.4798076396234,89501900
2020-10-19,317.03729248046875,323.82278285072874,316.1381183278607,323.1924415429291,68425600
2020-10-20,318.3072814941406,321.5517205103544,317.62132344041964,318.3814276529497,60051900
2020-10-21,317.7047424316406,320.43007341653833,317.39882234537475,318.2609093352829,63575000
2020-10-22,319.4474182128906,320.0314217004003,315.77657552045014,317.91790278181213,55399300
2020-10-23,320.5320129394531,320.7266713466308,318.0755149322923,320.6710546588657,49143900
2020-10-26,314.6086120605469,317.9364759234132,311.1138698437013,317.14853512100905,91473000
2020-10-27,313.52398681640625,315.285247709324,313.3107706813909,314.95154762591665,65994100
2020-10-28,302.80810546875,313.5518292002192,302.3168058775529,307.8508925089764,127094300
2020-10-29,305.88568115234375,309.05594531130174,301.35272336162404,303.0398382217238,90597700
2020-10-30,302.6968994140625,305.6168888814722,299.0445857878949,304.3098400497384,120287300
2020-11-02,306.08966064453125,308.0919181320214,303.34577182679664,306.08966064453125,86068300
2020-11-03,311.493896484375,313.5517985554668,306.1730265311478,309.32476105094173,93294200
2020-11-04,318.45562744140625,322.5343454427772,314.79403465889675,315.9712924400372,126959700
2020-11-05,324.66632080078125,326.473947874862,323.38708050703286,323.7393383605878,82039700
2020-11-06,324.5922546386719,325.843686899162,322.2655190878707,324.3790384407535,74973000
2020-11-09,328.6709289550781,337.77390433814645,328.2074376824893,337.3938380999121,172304200
2020-11-10,328.18890380859375,329.24564918548936,324.9166565996286,327.6790464420353,85552000
2020-11-11,330.62689208984375,331.4518918826983,329.13443541283425,330.37658868596975,58649000
2020-11-12,327.41949462890625,330.67321239286036,325.6118956516911,329.6164387197169,67546200
2020-11-13,331.9524230957031,332.69399774467473,328.8099389915463,329.3290469036784,62892200
2020-11-16,336.0960998535156,336.29075828534565,333.3336814245421,334.6222008625587,74541100
2020-11-17,334.2884216308594,335.49351584362677,332.17490268135197,333.68588866910596,66111000
2020-11-18,330.26531982421875,335.1041695450707,330.2282326036911,334.55725327164475,70591300
2020-11-19,331.65576171875,332.02654902065063,328.2908110827179,329.6349468775226,59940900
2020-11-20,329.38470458984375,331.6002065139429,329.31055843142065,331.39626921670055,70417300
2020-11-23,331.3591613769531,332.6198723058136,328.9582800615384,331.1923113139346,63230600
2020-11-24,336.6986083984375,337.24552471708824,333.05557370732873,333.9083818251607,62415900
2020-11-25,336.1795349121094,336.643026242167,335.08570216259716,336.6152178939342,45330900
2020-11-27,337.11578369140625,337.5885255934708,336.1053477355722,337.27335489567287,28514100
2020-11-30,335.623291015625,336.6058902297958,332.9443262265779,336.3370573763305,83872700
2020-12-01,339.2940979003906,340.83289212462,338.2836904492131,338.87697278160647,74231400
2020-12-02,340.0079650878906,340.16553629221875,337.6070834828416,338.1818081843012,45927000
2020-12-03,339.9152526855469,341.30572658893556,338.81214112571735,339.9059738069598,62882000
2020-12-04,342.8445129394531,342.8445129394531,340.4065442272832,340.4992481431544,50749900
2020-12-07,342.1399841308594,342.6312837481267,340.8700225705228,342.07508856328803,48944300
2020-12-08,343.1412048339844,343.7066507125633,340.82374804124925,340.87008586139694,42458900
2020-12-09,340.06353759765625,343.95684714487703,339.22925900105616,343.7992759610222,74098300
2020-12-10,339.9522705078125,340.9997368715385,337.8201939843313,338.6915597157027,57735400
2020-12-11,339.5537109375,339.961585539684,336.7357042360189,338.2559409711253,57698600
2020-12-14,338.03350830078125,342.7981845770824,337.85737932801413,341.7229095602371,69216200
2020-12-15,342.60345458984375,342.60345458984375,339.2014446984404,340.5733606765333,63865300
2020-12-16,343.1412048339844,344.0589086713419,341.9361103282016,342.816755225148,58420500
2020-12-17,345.0599365234375,345.26387379305515,343.9568251499501,344.78185310544035,64119500
2020-12-18,343.68212890625,345.5160696043142,341.6713085157447,345.3485083408999,136542300
2020-12-21,342.453369140625,352.3212752668946,337.0260363965949,339.7629846416698,96386700
2020-12-22,341.876220703125,342.8909354359635,340.7497984268332,342.7792278925102,47949000
2020-12-23,342.1833801269531,344.0917832562604,341.8575475802829,342.84433524058835,46201400
2020-12-24,343.5146179199219,343.542544801245,342.0716817018129,342.6581462095984,26457900
2020-12-28,346.4656677246094,346.8566440369137,345.4416347950201,346.06534457269254,39000400
2020-12-29,345.8046569824219,348.1692367590177,345.21816415032754,347.9923570664862,53680500
2020-12-30,346.2981262207031,347.33147772383484,345.90714985399984,346.62395879952305,49455300
2020-12-31,348.0576477050781,348.7837751705466,345.59067800892586,346.10268040270785,78520700
2021-01-04,343.3191223144531,349.5191455225328,339.6233135802176,349.38880113928235,110210800
2021-01-05,345.6838073730469,346.7730129610747,342.6303441268578,342.6769078859224,66426200
2021-01-06,347.7503662109375,350.9434912559952,343.62633562425066,344.17558324644114,107997700
2021-01-07,352.91705322265625,353.66178899148537,349.9473717579539,350.12425147477427,68766800
2021-01-08,354.9278564453125,355.14195305315735,351.05516813608017,354.3041182519428,71677200
2021-01-11,352.5354309082031,354.29488155566315,351.63242370939287,351.7534496860149,51034700
2021-01-12,352.6098327636719,353.6245473333701,350.3662785938468,352.7215686990142,52547700
2021-01-13,353.5594482421875,354.55552607698144,351.7534339254866,352.5354151126377,45303600
2021-01-14,352.32122802734375,354.80683398556437,351.9861054675014,354.3041217359534,49989100
2021-01-15,349.7518615722656,351.50199335982205,347.88999385755534,350.70140387922305,107160000
2021-01-19,352.4981384277344,353.0380960342888,350.72936958492306,352.2095511727949,51233300
2021-01-20,357.3761901855469,358.21402492373454,354.39719066105187,354.7881669476118,61836100
2021-01-21,357.7020568847656,358.36304045364824,356.78044135246313,357.934790375537,47840100
2021-01-22,356.43597412109375,357.5996414893799,355.4677949159223,355.8494812219019,52860500
2021-01-25,357.8416748046875,358.19540580199936,352.3212155048195,357.1714012989788,70402000
2021-01-26,357.2831726074219,359.2008944003585,357.0504391042999,358.79128116207573,42665300
2021-01-27,348.5510559082031,354.0528801028061,346.31681964685635,353.9597810065301,123351100
2021-01-28,351.548583984375,355.55158851320573,349.9287680398475,350.36627971281166,94198100
2021-01-29,344.5107116699219,350.6548810290884,342.83501362114134,349.6867018282273,126765100
2021-02-01,350.2452697753906,351.2785927627981,344.7993008040637,347.90861660624154,75817600
2021-02-02,355.19781494140625,356.7524870405597,350.32904887111556,353.4290462295083,64450700
2021-02-03,355.47711181640625,357.19934519602856,354.20173693182824,356.02635940269215,52427100
2021-02-04,359.51739501953125,359.563930354463,355.5888524983493,356.5104680448607,47142600
2021-02-05,360.9323425292969,361.63986132194566,359.47079802689495,361.3885194186946,48669800
2021-02-08,363.53900146484375,363.58553679527535,361.52818085884974,362.3846241257551,38365200
2021-02-09,363.2969970703125,363.8928084728964,362.2916008407664,362.7011856677286,35551100
2021-02-10,363.1387023925781,365.18676844469576,360.7369053040488,365.0378156036463,59154400
2021-02-11,363.7251892089844,364.637514691375,361.29546527923713,364.2185830573535,42913300
2021-02-12,365.5220031738281,365.76402673735817,362.8501982633707,362.9246889058846,50593300
2021-02-16,365.2053833007813,366.94625368053585,364.4885743748941,366.7507370926893,50972400
2021-02-17,365.2891845703125,365.54052650809217,362.44050055956217,363.4552435609881,52290600
2021-02-18,363.7345275878906,364.479263411607,360.9603340863235,362.6825676397495,59712800
2021-02-19,363.0921020507813,365.2798021216173,362.64524360763886,364.991214921831,83241000
2021-02-22,360.29937744140625,362.7104930424211,360.0293986322245,360.3273043244353,67414200
2021-02-23,360.7369689941406,362.08683482270567,353.9411613292896,358.0931195208887,107284100
2021-02-24,364.71197509765625,365.1402251600415,358.66090455980543,359.6476922516517,72433900
2021-02-25,355.9239807128906,364.81441738369665,354.4810443890207,363.4459432788632,146670500
2021-02-26,354.090087890625,358.94956512853565,352.1072220812957,357.80453434439335,152701600
2021-03-01,362.67327880859375,363.92075545040086,354.2855822417415,358.9588609981536,105348800
2021-03-02,359.84326171875,363.1294578343528,359.3405493685015,362.8967243179224,79595300
2021-03-03,355.0768737792969,360.11320193136976,354.97445626184805,359.14505098556646,119940200
2021-03-04,350.6828918457031,357.4786995088833,346.1957826012109,354.8907038102913,183433000
2021-03-05,357.13427734375,358.18623749306477,346.9033199879318,354.18320354797186,152039600
2021-03-08,355.3559875488281,360.9043440471226,355.07671882284546,358.0929347028177,123149200
2021-03-09,360.4297180175781,362.9804680067196,358.69816605856334,359.2008783576128,113633600
2021-03-10,362.67327880859375,364.3675856171588,361.3606867838893,362.77569632837776,109899400
2021-03-11,366.3504638671875,368.3240394446198,364.6840840161151,365.14026100475496,86245000
2021-03-12,366.8438415527344,366.98347596763745,364.18138400908146,364.99129202536955,64653600
2021-03-15,369.0315551757813,369.2922155627964,364.95405965687513,367.0951965209388,73427200
2021-03-16,368.5660095214844,370.3533865339371,367.793318546746,369.6458961543537,73722500
2021-03-17,369.8228454589844,370.62343505257456,366.1363264084717,367.2813854421712,97959300
2021-03-18,364.4420166015625,369.3201011892704,363.76242462104625,367.23481832610025,115349100
2021-03-19,363.7677001953125,365.7197211971754,361.59150389696646,364.1412876855865,113624500
2021-03-22,366.67230224609375,368.0546070444039,364.2252718824728,364.2813085699684,73778600
2021-03-23,363.7864074707031,367.4849724644324,363.0018651085728,366.0373101003052,90686600
2021-03-24,361.93707275390625,366.8218139815274,361.8903850062456,365.1873437728255,97588600
2021-03-25,363.9731750488281,364.76703777153006,358.556056717537,360.4987572580339,116128600
2021-03-26,369.8385620117187,370.2401678212908,364.5241969872542,365.1219312266108,114409100
2021-03-29,369.6517639160156,370.5577285007331,366.87783346614,368.362862908593,108107600
2021-03-30,368.671142578125,369.3436115196959,367.0740110275809,368.3816101105084,76262200
2021-03-31,370.16546630859375,371.7252304449524,369.2128139187483,369.2408322683644,112734200
2021-04-01,374.1629333496094,374.218998554884,371.89336139475535,372.0988388044274,99682900
2021-04-05,379.5332946777344,380.0750207457854,376.7500437520767,376.8247498461712,91684800
2021-04-06,379.3091735839844,380.35522998954474,378.63670467999566,378.9729533834397,62021000
2021-04-07,379.7481689453125,380.0937381170486,378.6834430784203,379.1410856568923,55836300
2021-04-08,381.55072021484375,381.60675691392385,380.06569068342264,380.99967367195654,57863100
2021-04-09,384.3246154785156,384.4927540631885,381.30786894490393,381.429291282708,61104600
2021-04-12,384.46478271484375,384.73561726762654,383.11984489042715,383.7269281507639,56704900
2021-04-13,385.6041870117187,386.2299681294225,383.979065799831,384.3620022296351,56551000
2021-04-14,384.2873229980469,386.6316009841835,383.7455968876172,385.5761956165632,61659900
2021-04-15,388.4155578613281,388.68642094855,386.3794814883295,386.42616924344566,60229800
2021-04-16,389.7137145996094,390.32079778500326,388.28472190043465,389.7043656496677,82037300
2021-04-19,387.7990112304687,389.2280038510843,386.472771544875,388.77971032486425,78498500
2021-04-20,384.9598083496094,387.68702290879025,383.4840991609738,386.5849297445035,81851800
2021-04-21,388.6023559570313,388.8078333795171,384.203275026025,384.3433952935989,66793000
2021-04-22,385.0531311035156,389.26540322576255,383.98840538810305,388.4341732421304,97582800
2021-04-23,389.22808837890625,390.6384119098377,385.5388724213667,385.61357852432894,73209200
2021-04-26,390.04052734375,390.61027164976167,389.2933525357161,389.8817662359165,52182400
2021-04-27,389.9565734863281,390.5356668911207,388.8171130815738,390.3395099382348,51303100
2021-04-28,389.8445129394531,391.3482404466595,389.3775214221555,390.2274494039852,51238900
2021-04-29,392.3288879394531,392.94532012603673,388.9478741154117,392.5717326349584,78544300
2021-04-30,389.7510681152344,390.9092263388061,388.8544524767412,390.05929844599274,85527000
2021-05-03,390.5916748046875,392.12339199652814,390.0966649892705,391.7404555728437,68128300
2021-05-04,388.1820068359375,389.0973204297574,384.49279111679294,388.6023105837801,101591200
2021-05-05,388.3034362792969,390.05932889798106,387.7430407729019,389.82583314555814,60162200
2021-05-06,391.4043273925781,391.53507021269667,386.3701445084863,388.37820259005775,74321400
2021-05-07,394.25286865234375,394.9066681025146,391.4882871687611,392.1701049666309,67733800
2021-05-10,390.348876953125,394.8319841776763,390.2274545965479,394.60783736731895,81852400
2021-05-11,386.8650207519531,387.8550402733602,382.9889977008336,385.8283134901169,116888000
2021-05-12,378.6460266113281,385.3520172707222,377.3291072473696,384.08181415543856,134811000
2021-05-13,383.1944885253906,385.1278398956935,380.1496952660477,380.19641151101195,106394000
2021-05-14,389.0785827636719,389.9285106204482,385.90304661385784,385.9310649606573,82201600
2021-05-17,388.0885620117187,388.9011510722619,386.0711555395105,387.96716817788194,65129200
2021-05-18,384.7449951171875,388.5930008749449,384.5862054511297,388.3501561514101,59810200
2021-05-19,383.7362365722656,383.9136956201269,378.57131179138,380.0563698240923,106467100
2021-05-20,387.8644409179687,389.1253236094422,384.49277612741383,384.614169969288,78022200
2021-05-21,387.54693603515625,390.5917299539856,387.08929345333263,389.3495165134627,76578700
2021-05-24,391.4976806640625,392.5717554519268,389.545631041642,389.7884757512618,51376700
2021-05-25,390.6290588378906,392.9359980945385,390.0499939116139,392.5810799776849,57451400
2021-05-26,391.4043273925781,391.9086577739116,390.1808117404293,391.2175193605187,43088600
2021-05-27,391.6096801757813,392.9452688208811,391.32946821688466,392.4315896505795,56707700
2021-05-28,392.3102722167969,393.44038379537267,392.0767764400637,393.1788696655476,58520200
2021-06-01,391.964599609375,394.81323593275704,391.5256265248219,394.6731442042603,54216600
2021-06-02,392.5810546875,393.42166217448545,391.60973290730567,392.61842198763014,49097100
2021-06-03,391.1240539550781,392.2635143648258,388.7984453863478,390.26480554943856,58138800
2021-06-04,394.70123291015625,395.0001143194918,391.18944760771376,392.973358609629,55938800
2021-06-07,394.3181762695313,394.869222667166,393.38419352718944,394.69176366588977,51555000
2021-06-08,394.4023132324219,395.2709105225555,392.5717146579376,395.17750652833854,47134300
2021-06-09,393.81390380859375,395.3176311744139,393.5897570222941,395.242896577049,48436300
2021-06-10,395.64447021484375,396.5971509849046,393.7204677812437,395.0373870494079,51020100
2021-06-11,396.29833984375,396.4104132476395,394.9067142406208,396.1956153911513,45570800
2021-06-14,397.18560791015625,397.2883323557152,395.1682012696967,396.4103860815458,42358500
2021-06-15,396.4571838378906,397.3724690970339,395.57923738322785,397.3351302925534,51508500
2021-06-16,394.2435607910156,396.8213630595682,392.1981641900248,396.59721625461583,80386100
2021-06-17,394.1128234863281,395.0934942745737,391.6377741374557,393.8326399762295,90949700
2021-06-18,388.7961120605469,391.5228695274807,388.589962401601,390.82947003654994,118676300
2021-06-21,394.3620910644531,394.5495102417298,389.742497165714,390.5577162541795,72822000
2021-06-22,396.4703674316406,397.3043454678535,393.6311417670724,394.352679752593,57700300
2021-06-23,395.9925842285156,397.35127326779104,395.9082541719664,396.5454336633295,49445400
2021-06-24,398.3351135253906,398.75676373658587,397.88532470396706,398.1383434268328,45110300
2021-06-25,399.7499694824219,400.1997582443463,398.75671098813206,399.0846801731096,58129500
2021-06-28,400.5558471679687,400.7245072342323,399.075338926079,400.2747470575294,53159600
2021-06-29,400.77142333984375,401.5772628150839,400.2373044711945,400.9400834258965,35970500
2021-06-30,401.1087646484375,401.78343362434913,400.2841660560843,400.3122760719077,64827900
2021-07-01,403.3295593261719,403.4888684869052,401.8021816752853,401.8677812471255,53441000
2021-07-02,406.4123840332031,406.7684632777236,403.4138490651717,404.4914663355306,57697700
2021-07-06,405.6720581054687,406.6840756672876,402.9359217858883,406.468546524495,68710400
2021-07-07,407.1057434082031,407.3868721191397,404.34149695894274,406.3561240379976,63549500
2021-07-08,403.7886657714844,404.5476647115918,400.6027118149155,401.7833895422592,97595200
2021-07-09,408.0989990234375,408.3988582078336,403.591846106271,405.2972630468599,76238600
2021-07-12,409.5607604980469,409.8137791856225,407.5836230591932,408.01465274701275,52889600
2021-07-13,408.1645812988281,410.2729178438437,407.9022116726275,408.7736505814926,52911300
2021-07-14,408.7736511230469,410.3478974784806,407.5274025459791,409.8606191747878,64130400
2021-07-15,407.3775329589844,408.10842192602513,405.4753457373174,407.43375298751454,55126400
2021-07-16,404.1822204589844,408.6050437309966,403.7886802665075,408.5582032401322,75874700
2021-07-19,398.2131958007813,404.2477251694211,395.40208070096054,399.35638375188734,147987000
2021-07-20,403.9198913574219,405.1942788329913,398.08213008287646,398.8786186805884,99608200
2021-07-21,407.1900939941406,407.33067265477706,403.8729980876093,405.1192467876088,64724400
2021-07-22,408.0428771972656,408.286516417738,406.38432894043746,407.3682081680868,47878500
2021-07-23,412.24078369140625,412.57810387739073,409.2891176794418,409.973137588627,63766600
2021-07-26,413.2527160644531,413.26209560038063,411.6035477215418,411.6503882088871,43719200
2021-07-27,411.3692932128906,412.24073218061153,408.53941855758904,412.2126221686252,67397100
2021-07-28,411.2005920410156,412.57803977875034,409.7763038167769,411.9970804846023,52472400
2021-07-29,412.9060668945313,413.9836556005954,412.1189578762892,412.128337413364,47435300
2021-07-30,410.90081787109375,412.35321630587856,410.20738984106623,410.338588975124,68951200
2021-08-02,410.0386962890625,413.16840161930367,409.6826170641352,412.61555230549715,58783300
2021-08-03,413.37451171875,413.4963312941715,408.6424789249471,410.83514549410086,58053900
2021-08-04,411.3411865234375,413.346434118997,411.10692688961086,412.090805913224,46732200
2021-08-05,413.9461975097656,414.0305275555735,412.1845602964902,412.5031500015922,38969700
2021-08-06,414.630126953125,415.0518056863162,413.9835681468417,414.2646968343504,46930000
2021-08-09,414.2929382324219,414.920738167619,413.52455961081546,414.60214843098646,41222600
2021-08-10,414.8081970214844,415.5203554334606,414.0585776586694,414.742597463298,43339300
2021-08-11,415.83892822265625,415.9326377882429,414.7519601733688,415.87641776811984,44034300
2021-08-12,417.0852355957031,417.22581426197354,414.7895081939832,415.68905723891174,38909400
2021-08-13,417.8442077636719,417.8629382384884,417.0477193437249,417.53496905425794,39470300
2021-08-16,418.8281555175781,418.95932605512974,414.9862914344037,416.5417789840265,73740000
2021-08-17,416.0826110839844,416.9446705471954,413.0934557834653,416.2700016386988,92673900
2021-08-18,411.5285949707031,416.6354666486862,411.2849843863083,415.07059964436183,89351900
2021-08-19,412.1658020019531,413.36523891211175,408.6612866430519,408.8018367196642,92812200
2021-08-20,415.4454650878906,415.7734343527384,412.02527954568274,412.51255797213713,72008700
2021-08-23,419.0998229980469,420.0087514312363,415.52032928415485,417.1320365493111,54973000
2021-08-24,419.7652587890625,420.2993777508464,419.2498989042103,419.7652587890625,38744700
2021-08-25,420.64599609375,421.1613558788416,419.5777583769662,419.9525966891945,40529700
2021-08-26,418.162841796875,420.5991192042751,418.0691322205563,420.3648595615522,57829600
2021-08-27,421.9016418457031,422.2764515773078,418.9124863376052,418.9687063675384,77235100
2021-08-30,423.7569885253906,424.544097540426,422.332671511008,422.5763107047627,48357400
2021-08-31,423.1290893554687,424.0005282697617,422.5293996044798,423.66320814660753,59300200
2021-09-01,423.3540344238281,424.5815527206417,423.11977477029654,424.06619292133183,48721400
2021-09-02,424.6565551757813,425.462394702092,423.4571468275891,424.7783747777005,42501000
2021-09-03,424.553466796875,425.0688552215791,423.11979877975574,423.5227471397682,47170500
2021-09-07,423.0354309082031,424.30043871518234,422.3607619842241,424.20672913760086,51671500
2021-09-08,422.52001953125,423.23217791852863,420.5990735119181,422.5012890564802,56181900
2021-09-09,420.7115783691406,424.0755433312676,420.4679391954341,422.3232858185862,57970400
2021-09-10,417.39453125,423.06360408825856,417.2727116405704,422.6419538204089,89948200
2021-09-13,418.462646484375,420.65534176904265,416.1481602138,420.3929721292917,83738600
2021-09-14,416.2044677734375,420.1119029115105,415.314269621711,419.90575326564493,78197100
2021-09-15,419.6808166503906,420.1774459218341,415.5203633365021,416.6260619263352,78792200
2021-09-16,419.01556396484375,420.1306135920383,416.0638694935535,419.15611403582216,77786700
2021-09-17,414.9338073730469,418.66576873362703,414.57658744775,418.24276778610835,118425000
2021-09-20,408.01519775390625,410.3840895507659,403.1457660287209,408.8048283528595,166445500
2021-09-21,407.6297607421875,411.6531328768098,407.1033403647797,410.3558724154265,92526100
2021-09-22,411.6061096191406,413.64601007748894,407.74255702757415,409.9046386502538,102350100
2021-09-23,416.6071166992187,418.2146065121486,413.24178453544346,413.4767946462248,76396000
2021-09-24,417.2933654785156,418.0078054106592,414.7552447526697,414.97146438680744,62094800
2021-09-27,416.09954833984375,417.4249802239827,415.40389884937827,416.25933916263614,61371100
2021-09-28,407.7143859863281,413.65544911085703,406.98115550934745,413.32642918282806,130436300
2021-09-29,408.4006958007813,410.8353977844285,407.83666564017506,409.0963167424617,82329200
2021-09-30,403.4089965820313,410.58148154628566,403.07056708218,409.8764511666684,140506000
2021-10-01,408.2032165527344,409.8858972411242,401.613551525623,405.138703737529,129240100
2021-10-04,402.9389343261719,407.9399274949172,400.7956146553082,407.03749673565017,128570000
2021-10-05,407.1315002441406,409.3781818674235,403.6439584161272,404.4429698005577,90682500
2021-10-06,408.8235778808594,409.03038792327897,401.9048940758357,403.5311456620032,113032200
2021-10-07,412.3581848144531,415.1970969045478,411.9257742006231,412.1043841974191,72437500
2021-10-08,411.6061096191406,413.5144193283019,410.9762985644965,413.1289992900791,74557400
2021-10-11,408.626220703125,413.8622533457,408.5604109808945,410.9481219621356,65233300
2021-10-12,407.6203918457031,409.951702812476,406.8307612007708,409.5474922480039,71181200
2021-10-13,409.0867919921875,409.9046225853422,405.6650597065649,408.6449718376633,72974000
2021-10-14,415.9679260253906,416.1183359496485,412.2829546004723,412.7529748558683,70236800
2021-10-15,419.1358947753906,419.5025243769304,417.4626236667043,418.0830539008593,66260200
2021-10-18,420.3767395019531,420.715140332768,416.69176789132155,417.34980775714325,62213200
2021-10-19,423.6199035644531,423.6856846027925,421.3919832772857,422.00303260856737,46996800
2021-10-20,425.28369140625,425.5845112268091,423.96764055100016,424.0804408117706,49571600
2021-10-21,426.3930358886719,426.6186364650624,424.2497443496701,424.68215501700655,41305400
2021-10-22,425.95123291015625,427.4083131924775,424.005341796576,425.96064249714215,58845100
2021-10-25,428.2355041503906,428.5645241135365,425.2650009588396,427.041662859405,45214500
2021-10-26,428.6207580566406,430.99905881764374,428.2447476821732,429.786427511568,56075100
2021-10-27,426.7220153808594,429.74894714064544,426.6467960706876,429.08152637361746,72438000
2021-10-28,430.83935546875,430.91454608380144,428.1414439075538,428.1508248045862,51437900
2021-10-29,431.7136535644531,432.005063860842,428.2449013910372,428.53631168742606,70162400
2021-11-01,432.4562377929687,433.07666796283195,430.7265667229376,432.70062881424144,48433600
2021-11-02,434.2047424316406,434.514971891236,432.4938616741639,432.6254811267831,48908400
2021-11-03,436.8556213378906,437.2598318669312,433.19885003088245,433.6406702124122,52509800
2021-11-04,438.914306640625,438.9989068418107,437.1094162853852,437.4572266750685,52847100
2021-11-05,440.4371643066406,442.4300455313022,438.9237129061649,441.14219466561576,66390600
2021-11-08,440.8132019042969,442.0352718144265,440.1269906728055,441.53705147758245,50405200
2021-11-09,439.3561706542969,441.4148618185051,437.9461097849906,441.17985167362065,51149100
2021-11-10,435.821533203125,439.3560943483991,434.3362819680244,437.664004386451,69429700
2021-11-11,435.9625549316406,437.3914347946932,435.94376444998505,437.3162154925545,34848500
2021-11-12,439.2527770996094,439.80739763161506,436.2822452510813,437.2316954723227,53466700
2021-11-15,439.4031677246094,440.7004283336517,438.27513622509247,440.54063749790726,46980500
2021-11-16,441.1421813964844,442.2796223088453,439.0647000337654,439.1398906471806,48857500
2021-11-17,440.0706176757813,441.0576488248933,439.4501874408848,440.8790388169187,47858300
2021-11-18,441.5652465820313,441.8284567817868,438.3784954289363,441.1046072166389,50625600
2021-11-19,440.775634765625,442.7027064508368,440.4090051747564,441.4524364328998,57315600
2021-11-22,439.5347900390625,445.1468335661726,439.32797995964046,442.65573171479053,72762000
2021-11-23,440.1175842285156,440.9730245653836,436.60184177692975,439.20574375407494,73206500
2021-11-24,441.2926330566406,441.4148429167893,437.2974607646824,438.115291443818,61858800
2021-11-26,431.450439453125,436.08483277035555,430.3223792472386,434.6183717153607,112669600
2021-11-29,436.7428894042969,438.5853610359219,434.0449773431906,436.2446690099577,86268800
2021-11-30,428.2449035644531,436.2070487821843,428.0004838225911,434.29876746658414,148559600
2021-12-01,423.4882507324219,436.8086374124799,423.290850257439,433.9603158081163,131939200
2021-12-02,429.9744873046875,431.544367446716,423.3096040929344,423.7044336964784,127637800
2021-12-03,426.2332153320313,432.70067046910617,422.00303269299377,431.63844870413465,137331600
2021-12-06,431.2812194824219,433.16130061518345,426.3647969926562,428.78070813331755,98977500
2021-12-07,440.2021484375,440.76617845486504,431.149554156454,436.5641964227451,95484700
2021-12-08,441.3677978515625,441.8190276116101,438.8390866538286,440.5969864571496,72238800
2021-12-09,438.387939453125,441.4712714729504,438.190538959741,440.0800010576555,61272600
2021-12-10,442.5147399902344,442.66514994138504,438.5383862787923,441.0952980728238,77159800
2021-12-13,438.5947265625,442.3454791791736,438.3126971846737,441.997668765506,87724700
2021-12-14,435.5771484375,437.8144493976514,432.6536362786152,435.3233478323497,97264100
2021-12-15,442.3830871582031,442.6274781927471,433.11427244709614,435.63360291576834,116899300
2021-12-16,438.4819641113281,444.517008901416,436.930874118884,444.2350081870244,116568600
2021-12-17,433.815185546875,438.4092618245341,432.1077368438548,435.39999504107936,135511600
2021-12-20,429.2022705078125,429.59845850346267,425.5798363191293,428.7305989396733,107134800
2021-12-21,436.8245239257813,436.9660196558573,430.4569569753972,432.6266349393668,69806300
2021-12-22,441.192138671875,441.30533523820264,436.3716404397457,436.56976321936594,58890200
2021-12-23,443.937255859375,445.4371678906433,442.08831149730497,442.1920654168207,56439700
2021-12-27,450.2199096679687,450.267065304675,445.2673586949308,445.314514331637,56808600
2021-12-28,449.8520202636719,451.6821081838997,449.0879146544429,450.6538676577589,47274600
2021-12-29,450.427490234375,451.4462881526954,448.955877247608,449.9558186671151,54503000
2021-12-30,449.1823120117187,451.8614033073912,448.7200830453062,450.85201915066745,55329000
2021-12-31,448.0502624511719,449.8426087104167,447.7767136605498,448.69175768390534,65237400
2022-01-03,450.6444091796875,450.77649102777576,447.0031187538817,449.3142919985144,72668200
2022-01-04,450.4935302734375,452.7858761115812,448.6351430318022,452.0689260726104,71178700
2022-01-05,441.8429565429687,450.8990542315734,441.7486164943137,450.1255061365595,104538900
2022-01-06,441.4279174804687,444.14474987590535,439.06011738234776,441.38076184676675,86858900
2022-01-07,439.6827697753906,442.6165817047028,438.32435344615055,441.43740286255314,85111600
2022-01-10,439.13568115234375,439.3526316532516,430.7304901894249,436.48488919074714,119362000
2022-01-11,443.1354675292969,443.229807606864,435.871713384871,438.8715666356284,74303100
2022-01-12,444.33349609375,446.3900061138433,442.37135493830107,444.8712086177971,67605400
2022-01-13,438.2111206054687,446.0880403766342,437.1828801948643,445.4371314065704,91173100
2022-01-14,438.3904113769531,438.739443721602,433.8434906759854,435.0604113490844,95890900
2022-01-18,430.6267395019531,433.9001416437437,429.51360140587576,433.6926049827335,109709100
2022-01-19,426.15521240234375,433.56987477528105,425.8816348637501,432.17374552013666,109357600
2022-01-20,421.4385681152344,432.7492436968586,419.31604594789405,428.0419704136264,122379700
2022-01-21,413.1653747558594,422.6742594656553,413.13707561758935,420.3159019813411,202271200
2022-01-24,414.9201049804687,415.4295184126597,396.9211278580956,407.55259626391376,251783900
2022-01-25,409.8543090820313,414.8068607349303,402.9490301538802,408.52419175491247,167997300
2022-01-26,408.8260192871094,418.8820597450549,404.5620902381432,415.7501538816743,186391100
2022-01-27,406.8072204589844,416.5708261311216,405.11865724018224,413.4295066516993,149878300
2022-01-28,416.9104614257813,416.9576170616148,403.5810198759928,408.1656531591192,164457400
2022-01-31,424.41949462890625,424.76852696731544,414.8917236273476,416.2406973417306,152251400
2022-02-01,427.2872924804687,427.9287589149775,421.61779092107525,425.1458850994215,123155400
2022-02-02,431.4380187988281,432.1643826998276,427.3816257607986,429.69282811901024,117361000
2022-02-03,421.2969665527344,427.3060565284403,420.4573775100793,425.4005141363684,118024400
2022-02-04,423.2780456542969,427.1268727004783,418.6839407358892,421.06118368926354,118454400
2022-02-07,421.9197082519531,425.4383601251335,420.5895908241439,424.04223054958567,84472900
2022-02-08,425.3911437988281,426.31563040935833,419.99522006477935,421.4196773714475,81012000
2022-02-09,431.61724853515625,431.9379817631401,429.2305914308077,429.4286854386847,92589900
2022-02-10,423.8629150390625,431.7775484247765,421.86303233721947,425.76845767621467,140103700
2022-02-11,415.5049133300781,426.0231836326423,414.0710421144383,423.947845988049,153214600
2022-02-14,414.1465148925781,416.5803564325104,410.67501887953995,414.995546790282,123006300
2022-02-15,420.8253784179687,420.99517327307245,418.0708037959125,418.5896597934599,88482700
2022-02-16,421.2969665527344,422.674239196736,416.90098495815226,418.7782282133112,84863600
2022-02-17,412.2975158691406,421.2687175900961,411.6937912802445,418.10851257856154,102259100
2022-02-18,409.6279296875,413.8069331704449,407.3544691120626,412.5522705879942,132642900
2022-02-22,405.23187255859375,410.82588982072514,401.7320491873631,407.4204352988067,124391800
2022-02-23,398.0436706542969,408.7128798332859,397.47765898241863,408.14686816140767,132578000
2022-02-24,404.0338134765625,404.4677720037459,387.3744006844994,387.73284685817333,213942900
2022-02-25,412.9483947753906,413.03329219005104,403.61871876539095,405.2695690015004,121804500
2022-02-28,411.8919372558594,413.37299295759,406.29791910816897,407.55255287050466,145615000
2022-03-01,405.6187438964844,412.40138421552143,402.9113245672603,410.3920584724992,137785900
2022-03-02,413.0805969238281,414.8069024351355,407.1186605683092,407.8733236663399,117726500
2022-03-03,411.0240173339844,416.1180643570966,409.22222854392,415.5143397383029,105501700
2022-03-04,407.6845703125,408.8165646764018,403.6376206493303,407.2883535725804,113978200
2022-03-07,395.6663513183594,407.807171236879,395.600310398485,407.09966398019566,137896600
2022-03-08,392.66656494140625,403.0055972451965,391.60058263341585,395.84562657872834,164772700
2022-03-09,403.19427490234375,405.1753011556901,398.8643335593627,401.05289644474624,116990800
2022-03-10,401.3736572265625,402.26981595352635,396.6191996494863,398.5813407511495,93972700
2022-03-11,396.2701416015625,404.4772092709991,395.7607282684723,403.8640420157582,95636300
2022-03-14,393.37408447265625,400.4963135753872,392.2326473482891,397.0437030599808,95729200
2022-03-15,402.0245666503906,402.6565904451957,394.71365716973366,395.9871474032674,106219100
2022-03-16,410.9391479492187,410.99574623645054,400.7321679197033,405.5338099987411,144954800
2022-03-17,416.0803527832031,416.0803527832031,408.6468044640496,409.02413595065417,102676900
2022-03-18,420.6376037597656,420.9593333746131,413.72981682419214,414.467909206015,106345500
2022-03-21,420.5145568847656,422.4733213729706,417.00386088702027,420.4672258759616,88349800
2022-03-22,425.4351501464844,426.371951782276,421.9055391743934,421.9055391743934,74650400
2022-03-23,419.9562683105469,424.39429439850414,419.8711071405114,422.8991946168003,79426100
2022-03-24,426.2868041992187,426.2962761766024,420.86467470667094,421.9812706747091,64736900
2022-03-25,428.36865234375,428.6430798082099,424.33751705816746,426.92085470819296,77101300
2022-03-28,431.4156494140625,431.4156494140625,425.8799424500739,427.7724898649088,68529800
2022-03-29,436.7525939941406,437.2446747767382,432.6173827415092,435.3047964568444,86581500
2022-03-30,434.0557556152344,436.4214398536475,431.9455548784965,435.60762945908306,79666900
2022-03-31,427.3750305175781,434.1124940544652,426.9208087850542,433.2892406276236,121699900
2022-04-01,428.5863037109375,429.0972707248986,425.0093902232998,428.9553354432427,89048800
2022-04-04,432.2579040527344,432.36200919782647,427.9618413579287,428.7850950268014,59601000
2022-04-05,426.7978515625,433.2325015603828,425.6528684021026,430.7627409154782,74214500
2022-04-06,422.5301818847656,424.8107052896491,419.6440582427847,422.8803274607899,106898000
2022-04-07,424.6592712402344,426.4761295929624,419.7008059045146,421.65012756907544,78097200
2022-04-08,423.5237426757813,426.4193379958125,421.9813118666309,423.9022463943376,79272700
2022-04-11,416.2846984863281,421.09175571037406,415.78317462902817,420.2495583375235,89770500
2022-04-12,414.7423095703125,421.801503312204,413.1904068352256,419.2749398176844,84363600
2022-04-13,419.49261474609375,420.2496221966037,414.3164961668285,414.4962904899716,74070400
2022-04-14,414.2691955566406,420.8363377308492,414.1650904269717,419.7197127519559,97869500
2022-04-18,414.43951416015625,416.1238802748247,412.2062931005156,413.341833148195,66002500
2022-04-19,421.1296997070313,421.8488481574368,414.1651095279501,414.3354318811,77821000
2022-04-20,420.8173828125,423.5237406996165,419.65348460531936,422.9086685500845,65224400
2022-04-21,414.5247192382813,425.8327032647184,413.61630443070874,424.441679554067,85417300
2022-04-22,403.1505126953125,414.5436288750389,402.58274261879126,413.43650465990896,132471800
2022-04-25,405.48773193359375,405.6580542602697,396.3372530107698,400.9077709224342,119647700
2022-04-26,393.7444763183594,403.15043882373135,393.7160892636341,402.9517005626742,103996300
2022-04-27,394.8515930175781,400.1980622083151,392.71303421926314,394.8232059633786,122030000
2022-04-28,404.8253784179687,406.55707558525125,395.1639313315665,399.6019576141651,105449100
2022-04-29,389.8648376464844,402.9896517108529,389.11727319719967,400.8321484246278,145491100
2022-05-02,392.2115783691406,393.57421496301487,383.2598073525532,389.93105502630925,158312500
2022-05-03,394.0094299316406,396.4224162058567,391.1516650055243,392.71303964199615,100028200
2022-05-04,406.0081787109375,406.5759486887727,391.48287209472454,394.67180974349054,144247900
2022-05-05,391.5775146484375,402.16631958492377,387.4423032298883,401.7404848718178,172929100
2022-05-06,389.2402648925781,392.5143641838962,383.9316826887412,389.01316841951103,151770800
2022-05-09,376.77783203125,384.5751184962438,375.19754216123187,383.3355021930368,155586100
2022-05-10,377.6483459472656,384.26278949238593,373.60776787459224,382.7582178604821,132497200
2022-05-11,371.6490478515625,382.3324875102671,370.90148343777554,376.6832315730373,142361000
2022-05-12,371.2610473632813,374.53514652082424,364.4573366484498,368.45061311196713,125090800
2022-05-13,380.1370544433594,381.5186058960115,374.35530738560897,375.3962141833524,104174400
2022-05-16,378.5946044921875,382.2661507129922,376.23839244839405,378.4905282567008,78622400
2022-05-17,386.3825073242187,386.6190757634291,380.9508763229202,384.6886692136373,83029700
2022-05-18,370.8067626953125,382.1052719010939,369.5671465773128,381.8214013694828,117674500
2022-05-19,368.5357666015625,372.96434969897865,366.3120175133911,367.7409001168937,98510700
2022-05-20,368.6966552734375,375.69907542713753,360.09503013105126,372.1221617156702,131432200
2022-05-23,375.594970703125,376.3614500919125,369.4063326029317,371.7246858472709,76414900
2022-05-24,372.7278137207031,373.9200991125456,366.170114114634,371.46925335188774,91448800
2022-05-25,376.020751953125,377.9890172972856,370.83519088442847,371.2326096418207,91472900
2022-05-26,383.5342102050781,385.1712741839689,377.04278616008014,377.25096753960395,82168300
2022-05-27,392.94964599609375,393.0631942254229,385.7958187685275,385.99452816985354,84768700
2022-05-31,390.7448120117187,394.08515718858496,388.00062391684565,391.33149711527295,95937000
2022-06-01,387.5842895507813,393.8770046632853,385.06719773018256,392.8645136255513,86585800
2022-06-02,394.9651489257813,395.01245105424977,385.1712114606002,387.4233472328848,79609600
2022-06-03,388.4832153320313,391.795173302903,387.50855457000824,390.24327056369185,71874300
2022-06-06,389.6661071777344,394.22712507510215,388.492707995611,392.4954566785765,57508900
2022-06-07,393.4038391113281,393.8580609068562,385.71062891259504,386.1743226865664,59272400
2022-06-08,389.1267395019531,393.4796050518694,388.33187292156634,391.6911335875091,64350000
2022-06-09,379.8721618652344,389.61877058958953,379.8721618652344,387.34771921360226,86289800
2022-06-10,368.85748291015625,374.5162101273659,368.8101807755536,373.6645695586442,132893900
2022-06-13,354.8526611328125,361.2967831487457,353.2439841844837,359.4420946590602,170004900
2022-06-14,353.7833251953125,357.6346658846879,350.679548775885,356.60323107069917,104011800
2022-06-15,358.8270263671875,363.2744957746672,352.12739188091416,357.0858572117837,125666800
2022-06-16,346.9512634277344,351.0107858866292,344.51933296816924,350.6038951062925,134473300
2022-06-17,347.69915771484375,351.0444479219139,344.19235133733406,347.3665544750161,111113900
2022-06-21,356.4520568847656,357.8395764065463,353.3538694431423,353.4299145965904,76811900
2022-06-22,355.8057861328125,359.9208378596493,351.8047441204501,352.2229054186672,90059400
2022-06-23,359.2935791015625,360.02534683784137,354.3802275814878,357.94408234086904,79292100
2022-06-24,370.7169189453125,370.7264318390768,362.4392802368002,362.4677899153683,98050300
2022-06-27,369.3008728027344,371.9333630110348,368.2079631712672,371.63875334523215,66009600
2022-06-28,361.7550659179687,373.64409647087297,361.64102718888944,370.859544492515,86548900
2022-06-29,361.46044921875,363.29463974904866,359.63577158326706,362.3062847809654,65676000
2022-06-30,358.5238952636719,361.7646316342559,354.0666972674118,357.5640208158886,112508300
2022-07-01,362.3157653808594,362.7529525002182,355.2450743514729,357.8680810567147,74839700
2022-07-05,363.0,363.0190257880571,354.3897288005455,357.22181596212545,81438000
2022-07-06,364.22601318359375,366.7159554565062,360.7571998109625,363.1425872465519,70426200
2022-07-07,369.6810607910156,370.4793608631199,364.2449925833958,366.0031669220348,64525900
2022-07-08,369.3769836425781,371.2491967887842,366.516386504775,368.04645446042775,72397800
2022-07-11,365.1573181152344,367.6662567653329,364.46354395303933,366.6968987191373,58366900
2022-07-12,361.9261474609375,366.9915903599883,360.1774858287248,364.60617377885575,62219200
2022-07-13,360.0253601074219,362.9620020597862,356.0623697104502,356.4805310045145,84224600
2022-07-14,359.15106201171875,360.234458871572,352.6220841639683,355.064490796516,89704800
2022-07-15,366.0126647949219,366.12670351443825,361.6505097570627,363.56071631441466,79060400
2022-07-18,362.9905090332031,369.7760736131692,361.764534839165,369.1013252129824,63203600
2022-07-19,372.7982482910156,373.3684709198661,366.2597863554096,366.91550902545094,78506000
2022-07-20,375.1741333007813,376.5901914099878,371.619791193265,372.98831383414614,71843800
2022-07-21,378.99456787109375,379.04207433211104,372.1899778970926,374.5943906795809,64903900
2022-07-22,375.478271484375,380.31560739398503,373.2544293512537,379.1181717855212,72197300
2022-07-25,375.9343872070313,376.7897064873113,373.6915196914538,376.1054452625429,53631500
2022-07-26,371.4866943359375,374.49932302499343,370.593352509491,374.29024240597994,52946400
2022-07-27,381.1329040527344,382.8815653652331,374.4898588407444,374.7844685236655,82342100
2022-07-28,385.9132080078125,386.6069531734175,378.3863339855172,381.9407048584431,73966600
2022-07-29,391.5393676757813,392.52775161157655,386.5784802133014,387.3482705951752,87003700
2022-08-01,390.3799133300781,392.8888811641739,388.1275616169894,388.84033261494034,69997500
2022-08-02,387.8045043945313,392.4992924403069,386.62606543660127,388.8118852461934,63435400
2022-08-03,393.8772583007813,395.0461841555904,389.6481388511842,389.9332356443753,67820600
2022-08-04,393.6112365722656,394.4855529137482,391.967100730618,393.8012914712816,45656600
2022-08-05,392.9458923339844,393.5921310646699,389.2679987016488,389.3250180600784,56814900
2022-08-08,392.4897155761719,396.88989316531894,391.387292955347,394.6375414583589,53886100
2022-08-09,390.93115234375,392.26165245097286,389.8572393634721,391.7579620888554,44931800
2022-08-10,399.1423034667969,399.2848808891106,396.0346319089587,397.9923742118508,68665700
2022-08-11,399.1423034667969,403.8561172277085,398.4010226822332,401.99338786938506,59489700
2022-08-12,405.89935302734375,406.0038788583054,400.130652464098,401.0810138483799,61694500
2022-08-15,407.5719299316406,408.0946460440883,403.6279363687809,403.6849557261061,54048300
2022-08-16,408.3703002929687,410.29953275176706,405.69027421639345,406.4980871972697,59289000
2022-08-17,405.4716491699219,408.1801847177208,403.4664007169476,404.76839107782297,63563400
2022-08-18,406.6501159667969,407.33434826924736,404.37873850839094,405.6712159722093,49023200
2022-08-19,401.1855773925781,404.1507003354797,400.3112321388549,403.88460030221233,68016900
2022-08-22,392.831787109375,396.5191930114004,391.9289324158871,396.3481059623517,77695600
2022-08-23,391.8815307617187,394.7991472328157,391.33030490584025,392.40421793285645,49105200
2022-08-24,393.1359558105469,394.50444934461694,390.96913329441026,391.6533655600833,49177800
2022-08-25,398.68609619140625,398.7336026574547,393.5351249523274,394.6280346959815,50942300
2022-08-26,385.19097900390625,399.1137677961375,385.13395963978553,398.5720838369905,103087000
2022-08-29,382.64398193359375,385.69463364222986,381.28497221012304,382.2353335276929,65370800
2022-08-30,378.443359375,384.0410012678557,376.34306905482566,383.8034109464827,85652400
2022-08-31,375.5638427734375,381.323031023057,375.4308072476335,380.0780598042511,76029700
2022-09-01,376.7422790527344,377.0843952355188,370.6789686786316,373.3875044699216,78740100
2022-09-02,372.7696838378906,381.6270575634506,370.9544903875025,380.4105963352462,99632100
2022-09-06,371.3632507324219,374.556451293856,369.1394084122668,373.61560273606375,76637400
2022-09-07,378.03472900390625,378.80451936163286,370.8310028776724,371.04956742201074,70964200
2022-09-08,380.5056457519531,380.9618005948092,374.5563749860969,375.7633523475096,80821700
2022-09-09,386.41693115234375,387.28176346215974,382.4824212375365,382.7485212557317,76706900
2022-09-12,390.5699768066406,391.29226066106133,388.1845607104956,388.4886832810648,69256300
2022-09-13,373.58697509765625,383.09058662899974,372.4655558976107,381.88360940277784,122947100
2022-09-14,375.01263427734375,376.5332183991337,371.70536598765534,374.8890826483059,85023700
2022-09-15,370.7550048828125,376.305112280204,369.48152401791,373.45402792521134,87633800
2022-09-16,367.9265441894531,368.5849896074333,364.6343170995525,366.5715037074268,103084800
2022-09-19,370.77978515625,370.77978515625,364.7011196171955,364.77747715242447,73278500
2022-09-20,366.5237426757813,368.4609000016925,363.7659311992638,367.4493811490609,77274900
2022-09-21,360.1301574707031,371.50498233585387,360.1206054997159,368.4513220499561,106746600
2022-09-22,357.1051330566406,360.9985223543948,356.3608073472819,359.3571850053135,89472600
2022-09-23,351.12188720703125,353.6697589480902,346.675007940967,353.6315801864885,122346900
2022-09-26,347.64837646484375,353.27853570562985,346.42691809015844,349.6523393463072,92581200
2022-09-27,346.7609558105469,353.4598882434016,344.3657404059386,351.18873199675016,108294100
2022-09-28,353.5839538574219,355.27299311416255,346.01663630256644,347.7152275322068,110802200
2022-09-29,346.1978759765625,350.32027945929735,343.249200037984,350.0340115514208,112952300
2022-09-30,340.844482421875,349.17522920833704,340.7109004194997,345.25318357199444,153711200
2022-10-03,349.8432312011719,351.69450844335853,342.78167292655894,344.5661446001822,89756500
2022-10-04,360.6836853027344,360.71231209913736,349.8050658415785,355.36842016959133,103602800
2022-10-05,359.8438720703125,362.10547600581526,353.9846987017383,356.3131081925854,88065700
2022-10-06,356.1318054199219,361.3993391526018,355.6355688484854,358.441111032702,82333500
2022-10-07,346.1978759765625,356.21766045831674,344.43247955302377,352.09522785371945,107789500
2022-10-10,343.5545959472656,347.5529700367685,341.31209570408595,347.3144037026543,76042800
2022-10-11,341.37884521484375,346.4269166005978,339.44168789952687,341.8559778454328,92482800
2022-10-12,340.25286865234375,343.36378317495866,340.00475032937624,341.7892510895263,76991800
2022-10-13,349.23248291015625,350.7020596679561,332.1892890254387,333.2389867095814,147254500
2022-10-14,341.2738952636719,353.32627035722425,340.6345247152281,351.6944557677686,123737000
2022-10-17,350.04364013671875,351.1505914925585,340.9399400894957,347.3621566992135,93168200
2022-10-18,354.156494140625,358.2789273270504,350.7115811797056,357.9735554343078,97162900
2022-10-19,351.646728515625,354.84352278104876,348.83163450834223,352.11430914770796,79746900
2022-10-20,348.69805908203125,355.6260339289677,347.9346294295258,351.1982293100266,88283100
2022-10-21,357.1719665527344,357.65862205185954,346.91361459894165,348.4213409562037,131038400
2022-10-24,361.54248046875,362.67805847697105,356.0459031598392,358.698788584184,85436900
2022-10-25,367.3157653808594,367.6306600761956,361.35160801427605,361.4661151762165,78846300
2022-10-26,364.54840087890625,369.85411334727513,363.90905946867207,364.16670060269513,104087300
2022-10-27,362.6017761230469,367.392177933265,361.9814803173528,365.55045270586106,81971800
2022-10-28,371.2282104492187,371.7053430142965,362.31537762818976,362.49669033266815,100302000
2022-10-31,368.5467529296875,370.6365960371831,367.6402184672529,368.7662444084812,96631300
2022-11-01,366.9340515136719,372.5356128113788,365.7603239323339,372.2970465066368,85407600
2022-11-02,357.7254333496094,370.85613338006743,357.62047814363854,366.3424479641309,126990400
2022-11-03,354.0419921875,357.08610094389695,351.9235219733596,354.4809460886305,87100100
2022-11-04,359.1377868652344,361.5425251743016,353.0781957888094,359.7580535469761,103505200
2022-11-07,362.5731201171875,363.1647599563083,358.3552545876023,360.43554599672575,68286900
2022-11-08,364.5293273925781,367.5066303285375,360.4450732662479,363.68001733717375,84641100
2022-11-09,357.0192565917969,363.7086651999319,356.52302003221314,362.5539832992573,78495500
2022-11-10,376.6389770507813,376.9729757332263,368.0028876550996,370.30264142200895,141455800
2022-11-11,380.2842712402344,381.085850591747,375.60834800694585,377.4978037709963,93839900
2022-11-14,377.04931640625,381.8778966959395,376.7725713035823,378.51889318368023,71903500
2022-11-15,380.2651672363281,383.91046764433503,376.44810606485254,382.8035164099832,93194500
2022-11-16,377.3641662597656,379.58759125179506,376.73434776440064,378.63332609915625,68508500
2022-11-17,376.2095031738281,376.88705243365007,372.2970391508522,372.6023818822728,74496300
2022-11-18,377.9176940917969,379.6162851991159,375.06445009963727,379.54947963736595,92922500
2022-11-21,376.5435485839844,377.7173054097724,374.70182350827446,376.59127932303574,51243200
2022-11-22,381.6107177734375,381.772955700867,377.0779572405803,378.4902804799536,60429000
2022-11-23,384.0154113769531,384.5020668220049,381.0476314864747,381.2766458135579,68261600
2022-11-25,383.9295959472656,384.4830862024749,383.17574722863225,383.45246323436714,30545400
2022-11-28,377.80316162109375,382.4790555588378,377.03973194191514,380.83771815093434,67881600
2022-11-29,377.1542663574219,379.1295732981502,375.312512286855,377.9367417321205,52310000
2022-11-30,389.0348815917969,389.0348815917969,375.4843314190897,377.4023849238339,144566700
2022-12-01,388.7486572265625,391.24882800455583,386.2389344752292,390.075071036669,76398200
2022-12-02,388.3001098632813,389.2066444558519,383.7482747120534,383.853229920111,85342700
2022-12-05,381.3148498535156,386.4106228219642,379.9598094992948,385.4754615098056,77289800
2022-12-06,375.8182373046875,381.69651421862574,373.728423384414,381.15260520692095,77972200
2022-12-07,375.1789245605469,377.54551283524984,374.0433465972937,374.9689850432598,65927900
2022-12-08,378.11810302734375,379.18687558828674,375.2839336975472,377.06843441190426,60737900
2022-12-09,375.2934875488281,379.43499580414664,375.16942838990695,376.8775715745364,81447700
2022-12-12,380.7041931152344,380.7041931152344,375.41755464321574,376.0855229503339,75405800
2022-12-13,383.5860595703125,391.71639020048895,380.8186957666648,391.45874902933895,123782500
2022-12-14,381.1335144042969,386.9545379387217,378.1848384359595,383.2424323385713,108111300
2022-12-15,371.8103942871094,377.1733606249857,370.1499819805847,376.2667969393166,117705900
2022-12-16,367.4207458496094,370.59386612148,365.2829810609633,369.2517657317392,119858000
2022-12-19,364.3050537109375,367.9479301773029,362.6370171493984,367.6123978473552,79878100
2022-12-20,364.80364990234375,366.42376617165866,362.224886337841,363.5478242860952,74427200
2022-12-21,370.2583923339844,371.389589233948,366.8647723784969,367.40161257697446,78167400
2022-12-22,364.9761657714844,370.23912957543627,359.2722031883447,367.20980089104194,100120900
2022-12-23,367.0755920410156,367.2193832656584,362.3973891620379,363.9503928993597,59857300
2022-12-27,365.6281127929687,367.30574574427226,363.9504798416653,366.9606467226907,51638200
2022-12-28,361.0841064453125,367.5358135013805,360.854040448147,365.5609730885288,70911500
2022-12-29,367.583740234375,368.4561128288235,363.4040225980941,363.9312961910967,66970900
2022-12-30,366.615478515625,366.7592697589563,362.7808893302895,364.89952091921486,84022200
2023-01-03,365.0721130371094,370.4501109547936,362.2057373925887,368.475299634214,74850700
2023-01-04,367.8905334472656,369.92286124255634,364.2860098824275,367.3345015753635,85934100
2023-01-05,363.6915893554687,366.0498533403474,363.09723275612134,365.93482035409846,76970500
2023-01-06,372.0318603515625,373.1534906525759,363.7204039949203,366.7880580410186,104189600
2023-01-09,371.8209533691406,377.419479732033,371.63883728473166,374.2271676198182,73978100
2023-01-10,374.428466796875,374.4955791323068,370.2966990841329,371.2361840133922,65358100
2023-01-11,379.16412353515625,379.2408316929768,375.1953394078577,376.01019536505663,68881100
2023-01-12,380.5445861816406,382.0113152345906,376.1923489363796,380.2665995563064,90157700
2023-01-13,382.0209045410156,382.59609870511895,377.0742815386718,377.3427015811747,63903900
2023-01-17,381.3211364746094,383.67942996148565,380.64050506445955,382.00179714035386,62677300
2023-01-18,375.3008117675781,383.57394241937,375.0995040316948,382.5098579883935,99632300
2023-01-19,372.5687255859375,374.9077982389386,371.24578754272824,373.2589236026424,86958900
2023-01-20,379.5092468261719,379.66263388423897,372.3193930419706,373.9682673467044,91806400
2023-01-23,384.0628967285156,385.99935386476415,379.3559346776604,380.31458203818664,84178800
2023-01-24,383.650634765625,384.56133208460926,381.19650018692624,382.3852133953482,59524900
2023-01-25,383.7944030761719,384.12993543916394,377.2851805542504,379.57636134944494,84800300
2023-01-26,388.0125122070313,388.1754951278568,383.4876955763573,386.45950819175505,72287400
2023-01-27,388.9040222167969,391.2814780074147,386.7566616675893,386.967565239786,68346200
2023-01-30,384.02447509765625,388.37674154050546,383.72729680861056,386.1430772002181,74202000
2023-01-31,389.67095947265625,389.7188801347345,384.19706240377985,384.5421906397612,86811800
2023-02-01,393.812255859375,396.5635978827124,385.71170461794947,388.4534215519607,101459200
2023-02-02,399.544921875,401.0116507116367,395.8062041792188,397.70430664099183,101654500
2023-02-03,395.2982177734375,399.7271635935274,394.0903128204698,394.56963646776256,94736800
2023-02-06,392.8824157714844,394.2820619137646,391.22397464206705,392.8440909429574,60295300
2023-02-07,398.0207214355469,399.2669510561357,390.71583467034515,391.96206429093394,90990700
2023-02-08,393.66851806640625,397.38807436741587,392.9782908223468,396.0459739638543,76227500
2023-02-09,390.2557067871094,397.42639877292254,389.02863947326034,397.27301170174235,78694900
2023-02-10,391.1664733886719,391.5499264780459,388.26177308465975,389.0765999287314,70769700
2023-02-13,395.7582702636719,395.89249490064,391.3580835759682,391.8182447169601,64913500
2023-02-14,395.57623291015625,397.8865471406861,391.6170149103328,394.23410329587506,88389300
2023-02-15,396.8608093261719,396.9374882356896,392.5373007553342,393.38091503799455,61555700
2023-02-16,391.3965148925781,395.83505653186137,391.2623194847148,391.8854343728946,76431500
2023-02-17,390.418701171875,390.6583629922171,387.34142233465536,389.2683127319957,89257800
2023-02-21,382.5865478515625,387.44689668905306,382.3277236123021,386.39237880681736,82655900
2023-02-22,382.0592346191406,384.5421271702139,380.6020722608725,382.9986900810886,83742300
2023-02-23,384.0915832519531,385.56790810303414,379.8639456708509,384.95435986418846,96242400
2023-02-24,379.9886169433594,380.8226354035622,377.36193273433554,379.0683237378521,108194400
2023-02-27,381.28277587890625,384.69555770016393,380.3432910551879,383.3342657519672,80444700
2023-02-28,379.8736267089844,382.76873131447655,379.7681602824562,380.803515853838,96438600
2023-03-01,378.4163513183594,380.2857248874596,377.1126052897922,379.0586577553307,99706800
2023-03-02,381.3594665527344,382.20308082772186,376.1060690029621,376.4416013971857,85127800
2023-03-03,387.4756164550781,387.7248740903768,382.5289933624495,383.1808664410556,90120000
2023-03-06,387.7440490722656,390.6008283701899,387.3030795348652,388.3000515971973,72795900
2023-03-07,381.8004150390625,387.935780607532,381.1868960355702,387.6961188042508,108310600
2023-03-08,382.4236145019531,383.1809248459443,380.18994978883694,381.91553257565727,74746600
2023-03-09,375.3679504394531,384.87774493306273,374.38054484861016,383.20967866619384,111945300
2023-03-10,369.95159912109375,376.9017923479486,368.42735335856526,374.8215147441384,189253000
2023-03-13,369.4243469238281,374.2463714168759,364.9091258748091,366.021160366177,157790000
2023-03-14,375.5309143066406,377.1797888194533,371.0444227448801,374.3517676052174,149752400
2023-03-15,373.1821594238281,373.3834671327069,367.8424878050019,369.93236081528505,172996900
2023-03-16,379.7297668457031,380.0748950855989,370.3158726215868,370.82395451887174,143254200
2023-03-17,375.2897338867187,379.533507168689,373.9040108000652,378.3979930571189,140553400
2023-03-20,378.8983459472656,379.31215983644114,375.3666994576997,376.0691640257984,93055800
2023-03-21,383.8734436035156,384.3545965453815,380.6689485650316,382.26637985609574,91524200
2023-03-22,377.3298034667969,387.318544760657,377.29133237000224,383.70029405624626,111746600
2023-03-23,378.349853515625,384.2391613901428,375.636143615093,380.1974645439356,119351300
2023-03-24,380.83258056640625,380.9191845780308,374.7219318967555,377.0699607694,107682400
2023-03-27,381.5447387695313,383.8831649274429,380.64980113862464,383.1133024218901,74010400
2023-03-28,380.6882019042969,381.5446388438139,378.85019419817775,380.8517774539011,62871700
2023-03-29,386.2214965820313,386.46207306808367,383.6521267894026,384.8550092196648,77497900
2023-03-30,388.48297119140625,389.1084642618227,386.6160950711014,388.8582552867559,69840000
2023-03-31,393.9585266113281,394.25683916675666,389.3009390285505,389.4068079754219,112062600
2023-04-03,395.4595947265625,395.8637467316945,393.0441976826668,393.43874659917225,67391100
2023-04-04,393.2656555175781,396.3931504118375,391.8895354449923,396.10444095509297,66601500
2023-04-05,392.23590087890625,393.29444326978927,390.58073351332,392.53421336625786,65200200
2023-04-06,393.7659912109375,394.0450681714436,390.3882877815402,391.43719778873736,63743300
2023-04-10,394.1701354980469,394.2471364215444,390.6673570273508,391.2832175790923,63681000
2023-04-11,394.2760314941406,395.6809900883233,393.50619840980073,394.7956849780574,59297900
2023-04-12,392.6689453125,396.6336706379783,392.08195275810823,396.34496122221753,86420400
2023-04-13,397.8846130371094,398.2406615136449,392.6111662470231,393.7563125926208,85814800
2023-04-14,396.9127197265625,399.443589174648,394.6031912280039,397.2495326959301,78161500
2023-04-17,398.33697509765625,398.3562106467558,395.59439693756417,396.8261475266993,66436400
2023-04-18,398.59674072265625,400.0498321097644,397.2206502574761,399.9150951800139,63560000
2023-04-19,398.5294189453125,399.43395956292494,396.6240425026219,396.68177851295354,55227300
2023-04-20,396.3546142578125,398.10601828904817,394.8052862710272,395.70985629299514,75840400
2023-04-21,396.66253662109375,397.1244246963598,394.7090566567866,396.6529041637765,73457400
2023-04-24,397.0762634277344,397.49968034668166,395.1227837473728,396.4603735939043,64332100
2023-04-25,390.773193359375,395.6617241074058,390.7154573508528,395.1035702020275,97766700
2023-04-26,389.1180725097656,392.46690824121293,388.55994790481657,391.3891301301037,80447000
2023-04-27,396.8645935058594,397.1340379925136,391.4083059420538,391.65851488224934,92968400
2023-04-28,400.2518615722656,400.2614940281978,395.9214852858909,395.9792212869965,89433100
2023-05-01,399.84771728515625,401.87816855347415,399.61674390903073,399.809216827928,62122300
2023-05-02,395.353759765625,399.1837478908785,392.4476064659251,399.1356149746384,103998500
2023-05-03,392.64007568359375,398.26957154429016,392.3994991884123,395.8541741351487,91531800
2023-05-04,389.8590087890625,391.91832822239473,388.5213894409254,391.59114772802405,94901900
2023-05-05,397.0762634277344,398.1251732691853,393.2366725239446,393.4964845285171,87891800
2023-05-08,397.1821594238281,397.6633124121759,395.7772009206819,397.4035003706773,50046800
2023-05-09,395.44036865234375,396.55664705489033,395.20942462672946,395.6328415851866,49220100
2023-05-10,397.2879943847656,398.9142936957152,393.4580063527655,398.2791682813285,96142900
2023-05-11,396.5951232910156,396.8838033054011,394.5165390857067,396.4219152823843,70157100
2023-05-12,396.0755004882813,398.0482452964263,393.65050007841785,397.8365368137777,70481500
2023-05-15,397.4419860839844,397.8461381335402,394.7667767427343,396.68175616777665,54289400
2023-05-16,394.7859802246094,397.2591133402124,394.7763477684629,396.335278567483,57705500
2023-05-17,399.5783386230469,400.1845667461961,395.1613575223225,396.8068925910828,87287000
2023-05-18,403.427490234375,403.8509071558303,399.0393779276958,399.2606894771539,97177200
2023-05-19,402.8404846191406,404.8613328497813,401.61836671819,404.332076360272,103793300
2023-05-22,403.0040893554687,404.54378464321184,401.6183665332245,402.8597493463277,60745400
2023-05-23,398.481201171875,402.93668167961783,398.0866522737922,401.35848608728674,86383500
2023-05-24,395.59429931640625,397.2590989710873,394.42991748733095,396.8741825133282,89213700
2023-05-25,399.0201721191406,400.4732635587891,396.8646161031706,399.1067761340057,90961600
2023-05-26,404.1877746582031,404.9095041923272,399.5975853933837,399.6745569554337,93830000
2023-05-30,404.3417053222656,406.6512337191027,402.955982410714,406.1219771957275,72216000
2023-05-31,402.0995178222656,403.4178721790764,400.5309545391423,402.51330230251745,110811800
2023-06-01,405.919921875,406.9784643429913,401.0795238946496,402.33050994129945,88865000
2023-06-02,411.7899475097656,412.579016016894,407.9695919690377,408.49884845924817,91426200
2023-06-05,411.00091552734375,413.4259161757562,410.29842154598526,412.13642960632063,65460200
2023-06-06,411.8958740234375,412.42513062538865,409.932761379412,410.5871518389214,64022200
2023-06-07,410.4715881347656,413.4258744271593,410.0481711705742,412.2903604628489,85373300
2023-06-08,412.9543762207031,413.40666121292,409.7691457275,410.5389787763912,61952800
2023-06-09,413.6953430175781,415.7065590310339,412.7041690134875,413.7530790281272,85742800
2023-06-12,417.4483337402344,417.5253346663892,413.9551876062376,414.6769171108834,76104300
2023-06-13,420.2005615234375,420.84529012852545,418.247081424966,418.9110749460117,95899700
2023-06-14,420.7008972167969,422.5100370544421,417.2462224703346,420.5373216552151,100612100
2023-06-15,425.9166564941406,427.1676425913594,419.78677175671936,419.88297886631347,110303100
2023-06-16,424.4657897949219,428.4741875357101,423.9925178341749,427.9043216402741,114165800
2023-06-20,422.26361083984375,423.4130109410261,420.1869737539229,422.5244174279152,76160400
2023-06-21,420.1000671386719,422.0801103736596,419.51086470582334,421.2784425280354,76982300
2023-06-22,421.6165161132813,421.7227488220665,418.80580025695025,419.1438643349352,70637200
2023-06-23,418.4291076660156,420.2159925909701,417.71436548656794,418.1586622892244,92074500
2023-06-26,416.719482421875,419.78130707914215,416.47801229853,417.8592143297431,72823600
2023-06-27,421.2881164550781,421.9062646558956,417.1444807996532,417.59844581995696,72813700
2023-06-28,421.5006408691406,422.514803688603,419.58818670737986,420.2063349514927,75636000
2023-06-29,423.1619567871094,423.32616946695146,420.6796659223557,421.08531928799687,67882300
2023-06-30,428.1555480957031,429.1407356891043,426.05957423925753,426.3783313417032,104964000
2023-07-03,428.6481323242187,428.92821645735074,427.5277073626863,427.8078209721531,32793400
2023-07-05,428.0106506347656,428.7447292814146,426.8226069528998,426.8322751907773,58418400
2023-07-06,424.6590576171875,425.0840474287703,422.1477622241082,424.42725571135543,80658300
2023-07-07,423.5868835449219,427.5373607483118,423.3454134187473,423.66417049204466,86134200
2023-07-10,424.6590576171875,424.8329090465615,422.659677750378,423.2295437531058,62443500
2023-07-11,427.3634948730469,427.8561033801802,424.4465462578362,425.4220950342892,64463800
2023-07-12,430.8020629882813,432.2122699147005,429.7299496500487,431.1594635773627,91924500
2023-07-13,434.22125244140625,435.0132815571351,432.18325865422753,432.617887210663,72425200
2023-07-14,433.9508361816406,435.9598548665001,433.18778225181745,435.1099046958951,69815800
2023-07-17,435.4576110839844,436.5104174127122,433.7576517763609,433.8059634927084,52680200
2023-07-18,438.6932067871094,439.3403301270532,434.69444791415737,435.1291058703755,80668200
2023-07-19,439.6688537597656,440.8568680135883,438.61601798371265,439.48533409064345,65891700
2023-07-20,436.7518310546875,439.57221504319733,436.037088927524,438.6739532656,70591600
2023-07-21,436.7518310546875,438.6739532656,436.7421922937348,438.4710971405942,71275600
2023-07-24,438.702880859375,439.5142168422899,436.86768455433304,437.9011836363661,54023400
2023-07-25,439.9006958007813,441.15632888437943,438.3842560707753,438.43256779019913,55191200
2023-07-26,439.9682922363281,441.3977766942308,437.9109617920899,438.9637681345287,71052900
2023-07-27,437.0512390136719,443.764119987392,436.1433090250335,443.3584372254405,92194400
2023-07-28,441.3301086425781,442.1607516818026,437.0512358426156,440.3255847201604,80011800
2023-07-31,442.17047119140625,442.5278422835043,440.48981896786944,441.80343186125066,62040400
2023-08-01,440.9051208496094,441.64883818871544,439.9488791549504,440.7022647310359,55291500
2023-08-02,434.7718200683594,438.0461398306252,434.0184344125547,437.7853626915781,93933400
2023-08-03,433.5257873535156,435.40926606374575,432.10594188115226,432.7530947667371,64276100
2023-08-04,431.5651245117187,437.44733404641704,431.04354071502667,435.34172133475255,100128900
2023-08-07,435.33203125,435.4865756811288,432.7048348734821,433.4002700753938,58357500
2023-08-08,433.43890380859375,435.3223827020289,430.07762882885913,432.7917508600607,71361300
2023-08-09,430.541259765625,433.87355948928627,429.77820586959297,433.7093468244431,78789600
2023-08-10,430.6958312988281,436.28828834846206,429.5271240006527,432.89803793591824,93005500
2023-08-11,430.4446716308594,431.4588639187083,428.2231581026232,428.8219993419041,68690900
2023-08-14,432.8207092285156,432.8207092285156,429.2179937241371,429.5270825673996,47867400
2023-08-15,427.7787780761719,431.40082952174134,427.2088827095651,431.0434290189945,75707500
2023-08-16,424.63970947265625,429.0247856402229,424.53344729188865,427.3634700312785,80107200
2023-08-17,421.4039916992187,426.368601907091,420.8824080004751,426.1078247958852,95711300
2023-08-18,421.60687255859375,422.6403718520157,418.23595877170976,418.5836616313642,98852000
2023-08-21,424.3499755859375,425.0936930300052,420.4671462190992,422.6210410735604,68719000
2023-08-22,423.2005310058594,426.1271477129419,422.6403332909712,426.1271477129419,64994200
2023-08-23,427.9140930175781,428.5322707675245,424.1181892276399,424.2630654264281,68441000
2023-08-24,421.9835815429687,430.0293538199984,421.95457682823127,429.5174382906836,88517300
2023-08-25,424.95849609375,426.2431043443279,420.1580682498647,423.712501844876,102325100
2023-08-28,427.65325927734375,428.2714074691659,424.95844443108183,427.1509825528838,61595400
2023-08-29,433.83489990234375,434.1150135078099,427.3634885979469,427.5470082557006,83081900
2023-08-30,435.6217651367187,436.2592497912926,433.4678410527647,434.1729444153236,69053900
2023-08-31,434.9842834472656,437.3796481914474,434.80076379653127,436.23991629050073,66084600
2023-09-01,435.795654296875,438.1910487085467,434.337165211912,437.7081084262502,58944100
2023-09-05,433.912109375,435.67001880937096,433.8445201477789,435.3512912411451,55166200
2023-09-06,430.9952087402344,433.20708339429626,428.6674331394679,433.1008212089274,70758500
2023-09-07,429.6719665527344,430.34806524877047,427.6436115119561,427.99131435968866,70355400
2023-09-08,430.3190612792969,431.85480770691146,429.3628490355431,429.72022009729625,61659700
2023-09-11,433.1491394042969,433.4581987746905,431.23668532604137,432.94628326819304,60180100
2023-09-12,430.7730407714844,433.2263855290798,430.1935360444676,431.70030728737913,67565400
2023-09-13,431.27532958984375,432.4343685526933,429.8940980148542,430.9952159797128,60199300
2023-09-14,434.993896484375,435.6893315733131,432.44398747582267,433.7479319521232,83430800
2023-09-15,429.7530212402344,433.7368084981918,429.3168595859164,433.4072542770486,111848900
2023-09-18,430.0050659179687,431.30390776198857,428.9679210789831,429.4428625408151,55752200
2023-09-19,429.11328125,429.6754845917088,426.42836539622306,429.08420380682946,66514600
2023-09-20,425.1683349609375,430.7901913132512,424.9647632633325,430.3734047367829,82562600
2023-09-21,418.1410217285156,422.58034623719885,417.98593215183814,422.3186492154812,104095800
2023-09-22,417.20074462890625,420.7677155797648,416.7839285170148,419.16839709834846,100829700
2023-09-25,418.9551696777344,418.9939198820318,415.5529609010411,415.9891521320099,70874500
2023-09-26,412.8001708984375,416.6191660672769,411.9665682552368,415.91157553365485,96168400
2023-09-27,412.96490478515625,414.53517529607944,409.3204041006066,413.9729720120895,104705800
2023-09-28,415.3591003417969,417.0359784928409,411.8212066146307,412.4124874162186,92258300
2023-09-29,414.3509826660156,418.586763812541,412.8291943698053,418.41229918222865,115111300
2023-10-02,414.186279296875,415.4366685752328,411.42380373877234,413.51746849079825,83798600
2023-10-03,408.6419067382813,414.2443872113326,407.27520783651096,412.0053354902192,103760600
2023-10-04,411.6176452636719,412.3639860114544,407.64356048210016,409.1071941153402,87453000
2023-10-05,411.4625549316406,412.3058303467078,408.23484048426144,411.3268404794052,70142700
2023-10-06,416.3477783203125,417.8889419596687,407.68234534407696,409.0102645413664,113273300
2023-10-09,419.0133361816406,419.5852123041229,413.8954989431742,414.44797038266114,80374400
2023-10-10,421.1942138671875,423.79189736248946,419.245936455557,419.64334789466267,78607300
2023-10-11,422.9195251464844,423.17151977952034,419.8759482263836,422.2604167519184,62451700
2023-10-12,420.34124755859375,423.90821868639375,417.9858858829249,423.5302119190894,81154200
2023-10-13,418.24755859375,423.0455435777595,416.67731756779995,421.8436069564154,95143100
2023-10-16,422.6481323242187,423.71435449669224,420.25399100160854,420.4963128780658,75433200
2023-10-17,422.6287231445313,424.68363748247594,419.1683892665842,419.51731856642147,75324700
2023-10-18,416.9972229003906,421.8145836033234,415.91162548795126,420.85499831559775,93559800
2023-10-19,413.3333129882813,419.5270750829903,412.65482940199,417.7145119651641,121323000
2023-10-20,408.2542114257813,413.4399055549237,408.1475744172104,412.8971069121286,123919900
2023-10-23,407.546630859375,411.4141082592817,404.9683224528733,406.7227305341648,92035100
2023-10-24,410.6192932128906,411.7727477741345,407.8180379697815,409.6693807564813,78564200
2023-10-25,404.72601318359375,408.9618247136512,404.21229195450024,408.9327472697519,94223200
2023-10-26,399.8796081542969,404.5128019378402,398.9588026350324,403.6598536533469,115156800
2023-10-27,398.0670471191406,401.8666677426793,396.6421930828526,401.46925625442896,107367700
2023-10-30,402.8262023925781,403.88272225418063,399.5597081383843,400.85854988329856,86562700
2023-10-31,405.3560791015625,405.67593098866274,401.48860153022065,403.39809925222016,79665200
2023-11-01,409.6790771484375,410.4932751362608,405.7922246289102,406.32535052662286,98068100
2023-11-02,417.53033447265625,417.6854240377106,413.4593147358308,413.4786898388463,94938900
2023-11-03,421.339599609375,422.8904655764815,419.71120365505175,419.8372157670484,100167800
2023-11-06,422.3089294433594,422.7547934702101,420.3606518433794,422.095684981768,67831700
2023-11-07,423.51080322265625,424.1505365569555,421.1651439105342,422.308896123232,64256100
2023-11-08,423.8209838867187,424.6351818841711,421.5140747704494,424.11175832141294,61746000
2023-11-09,420.5157165527344,425.0035227425126,420.0892276547656,424.9647429571584,83174400
2023-11-10,427.0777282714844,427.38790735412255,420.5059605571527,422.58995223462995,89462200
2023-11-13,426.6706848144531,427.7756572288507,424.9550565166978,425.7401770580696,52236100
2023-11-14,434.9483947753906,436.2375341476565,432.3894615518305,432.61240832792026,97176900
2023-11-15,435.8691711425781,437.51697163110293,435.01619345817966,436.28595764463023,77327600
2023-11-16,436.4023132324219,436.7221650858265,434.35710126569217,435.4233234108849,66665800
2023-11-17,436.9451599121094,437.55581582516845,435.4912285306581,436.4120339907247,83133200
2023-11-20,440.3085632324219,441.1518386514175,436.6834077524104,436.69311009341754,69936200
2023-11-21,439.3489379882813,440.1825406267048,438.0791737195552,439.2617056622207,49244600
2023-11-22,441.0452270507813,442.3634735504526,439.9499569252717,441.00647684513626,59394900
2023-11-24,441.3165893554687,441.5104586886624,440.7641179584505,441.0936721606339,29737400
2023-11-27,440.5217895507813,441.5007498020653,440.1340508901427,440.68655185927656,50506000
2023-11-28,440.9579772949219,442.25681906014256,439.5719031999821,440.13407696271906,62115000
2023-11-29,440.6478576660156,444.243936253864,440.25047574819746,443.1098566538022,63146000
2023-11-30,442.3828125,442.7317713844543,439.4167950935211,441.491084558086,79752700
2023-12-01,444.9998779296875,445.5329741995201,441.18088297834976,441.77213412924385,89183400
2023-12-04,442.6639099121094,445.019271433423,440.3860783753154,441.60739008872554,72430900
2023-12-05,442.5766906738281,443.5362758597069,440.8998126034742,441.2778489374918,69793500
2023-12-06,440.793212890625,444.7478930540511,440.3570216637853,444.718815610949,69124700
2023-12-07,444.1566467285156,444.80605282503006,442.27622650644105,442.877180057356,66995400
2023-12-08,446.0661010742187,446.5991973452758,443.1679114532356,443.4102333183171,83194400
2023-12-11,447.8011474609375,447.97564170163525,445.358553474564,445.5717979195869,65002200
2023-12-12,449.8463745117187,449.94330918636626,446.4538679612237,447.45223299144266,68327600
2023-12-13,456.0498046875,456.3018289230582,449.8657452173365,450.2243768877482,93278000
2023-12-14,457.5133972167969,459.1805728813377,454.83815428105993,457.9883386207796,119026000
2023-12-15,456.7601013183594,458.0934340813363,454.9109942306135,456.9158196636758,141553700
2023-12-18,459.3294372558594,460.3123963762856,457.3051580447496,458.3659614924249,70375300
2023-12-19,462.12255859375,462.2004326198957,459.796584391768,459.8744287176748,55761800
2023-12-20,455.7187805175781,463.1541458673366,455.2905624937439,461.26610177140515,102921000
2023-12-21,460.0398864746094,460.31238616429494,456.28325178797456,458.7065536605437,86667500
2023-12-22,460.96441650390625,462.6480933014032,459.0666603902041,461.1687838422537,67160400
2023-12-26,462.9108276367187,463.8159126462135,461.29528326802847,461.37315728833744,55387000
2023-12-27,463.7478637695313,463.893840449239,462.1712562282074,462.70651395388256,68000300
2023-12-28,463.9230346679687,464.75998742977106,463.5045582870676,464.1079483619,77158100
2023-12-29,462.5799255371094,464.2538605283432,460.6237492048473,463.7283148554509,122283100
2024-01-02,459.9912109375,460.9839117212058,457.8890577311239,459.5143439023402,123623700
2024-01-03,456.2345886230469,458.5703044192496,455.6311985932203,457.8306496986943,103585900
2024-01-04,454.7650451660156,458.3464782249613,454.5411944622418,455.7577162648923,84232200
2024-01-05,455.3879089355469,457.8404061456365,453.93779478135224,454.9694028721213,86118900
2024-01-08,461.8889770507813,462.0349537185437,455.7576897026201,455.8842127147601,74879100
2024-01-09,461.1882629394531,462.21012932199153,458.72602412321226,459.2320864754785,65931400
2024-01-10,463.79644775390625,464.6626254324965,461.1784907638839,461.46073210525145,67310600
2024-01-11,463.5921020507813,465.3146861106975,459.6116465550996,464.7988820904805,77940700
2024-01-12,463.9132995605469,465.78189018349474,462.50215203979474,465.0422353972928,58026400
2024-01-16,462.2101440429687,463.8451421871986,460.39023221216354,462.531322425016,85014900
2024-01-17,459.6408996582031,460.12750840636863,457.28570024897624,459.183486246918,68843900
2024-01-18,463.7283630371094,464.28310409945385,459.7673906749951,461.314802822399,91856200
2024-01-19,469.50927734375,469.7915187143467,463.7770421286305,464.8572992191645,110834500
2024-01-22,470.501953125,472.2245371914283,469.8498844138423,471.0469524804882,75844900
2024-01-23,471.8741760253906,472.1174803762762,469.956966252641,471.0469649925702,49945300
2024-01-24,472.3900146484375,475.6794645582401,471.8936642634199,474.745184157241,81765000
2024-01-25,474.9592895507813,475.23178923650255,472.3900110425858,474.52132983790426,72525000
2024-01-26,474.35589599609375,476.02008943226616,473.5092016110277,474.5310679998513,76641600
2024-01-29,478.1125793457031,478.25858573969487,474.1224111154341,474.6674105722584,61322800
2024-01-30,477.7427062988281,478.4531359964777,476.983568210537,477.421527922976,58618400
2024-01-31,469.947265625,475.9811962338904,469.92778226707486,475.533524505223,126011100
2024-02-01,476.0979919433594,476.1271872790658,470.8425939142762,471.65038103588824,91891600
2024-02-02,481.1099853515625,482.7644369660315,476.19522009331433,476.5358520934283,99228200
2024-02-05,479.3582153320313,481.13921979443177,477.10037355108614,480.47743909484853,75757100
2024-02-06,480.7499694824219,481.08085985334736,478.8716372206463,480.30226806860526,55918600
2024-02-07,484.7596130371094,485.1780894084531,482.0929770540646,482.9980918458816,70556500
2024-02-08,484.9736633300781,485.35320264177267,483.9420553441325,484.75955433109493,52343600
2024-02-09,487.7765502929687,488.21448028265473,485.1391098762786,485.4797418906366,63979400
2024-02-12,487.5624694824219,490.01496666720067,486.84226840178366,487.7473831666172,56502300
2024-02-13,480.8473205566406,483.7767149259436,477.5773238004128,481.2852803401768,113099200
2024-02-14,485.2170104980469,485.703619202311,481.1586808363787,483.48468469887587,68387800
2024-02-15,488.5649108886719,488.7498245837148,485.4408614304675,485.9177581862181,61683000
2024-02-16,486.1318359375,489.4018321652925,485.39218120492103,488.263184432494,75532900
2024-02-20,483.4555358886719,485.06133882722617,481.20740583464766,484.3898163747004,71736700
2024-02-21,483.8934326171875,484.0491509708409,480.3411949189208,482.1513947924328,59293400
2024-02-22,493.9078369140625,494.8713126484984,489.54781221335594,490.51131764803023,76402500
2024-02-23,494.2484436035156,496.4673780025352,493.51853058146656,495.6303956264625,61321800
2024-02-26,492.438232421875,495.1243217846743,492.311709415622,494.6863621015271,50386700
2024-02-27,493.35308837890625,493.57693907250416,491.2314815795864,493.1292673855463,48854500
2024-02-28,492.7010498046875,493.28495648375826,491.4358493661455,491.7959350516518,56506600
2024-02-29,494.4722900390625,496.0878345083775,491.815425510208,494.4625780610965,83924800
2024-03-01,499.1145629882813,499.54278105732834,494.93948136543304,495.3482457768837,76844800
2024-03-04,498.5792846679687,500.4284215717115,498.2873313148722,498.3165563504212,49799300
2024-03-05,493.5964050292969,497.0221493633574,491.3872121731412,496.5744479650044,72855600
2024-03-06,496.09759521484375,498.3554668272533,494.8032290742474,496.8761572948693,68382400
2024-03-07,501.0220031738281,502.07309450535166,496.1559166025703,499.39674689115986,58652100
2024-03-08,498.0148010253906,504.34068432238394,497.4406063327474,501.6546542384204,86532500
2024-03-11,497.5866088867187,498.17054528765857,494.88106560592894,496.8080468189585,62557200
2024-03-12,502.9393005371094,503.5232071984046,497.17781094345105,499.6984700657358,73114400
2024-03-13,502.1510009765625,503.43565519442245,500.7106580961506,503.26048317387085,55104100
2024-03-14,501.15826416015625,503.2798707615309,498.112089236963,503.1241227281349,110171800
2024-03-15,497.717041015625,499.5426370968139,496.0476768950372,498.0880174407595,107646300
2024-03-18,500.675048828125,503.2327960119457,500.2650442068728,501.7879780994152,88893300
2024-03-19,503.4573364257813,503.7404249038955,498.9763634054438,499.98192037379897,60755300
2024-03-20,508.1140441894531,508.2507322695581,502.84237700936313,503.515985878407,69594600
2024-03-21,509.793212890625,511.6578075346775,509.5100647824686,510.9549424076125,60256100
2024-03-22,508.8266906738281,510.1933925850028,508.5923427374525,509.7052719913618,79070800
2024-03-25,507.4208984375,508.57285588251494,507.2646664806993,507.4501546887545,48512100
2024-03-26,506.4837646484375,509.1879722137105,506.08353191849,508.8462519954212,65463700
2024-03-27,510.7401123046875,510.7792000886694,507.1475516955064,509.31483823022427,82999800
2024-03-28,510.6424865722656,512.1458765547503,510.35939807768415,510.77917463931885,96294900
2024-04-01,509.7539978027344,511.92128390668967,508.5922685758678,511.3843632489837,62477500
2024-04-02,506.5130004882813,506.6496289689748,504.2090260168563,505.927220028753,74230300
2024-04-03,507.0694274902344,508.5728771082824,505.3707772955882,505.41957743973774,59155800
2024-04-04,500.8800964355469,511.4234898322038,500.57746403679687,511.08182923475704,96858100
2024-04-05,506.11273193359375,508.0749863325785,501.7977623960231,502.2370828649808,74546500
2024-04-08,506.3958129882813,507.8211466086966,505.5855756833857,506.8156491443553,48401800
2024-04-09,506.9815979003906,508.3776156958321,502.12964804913753,508.1335553906493,68049200
2024-04-10,501.9051208496094,503.8966314464908,499.9233821983309,501.28031218136,82652800
2024-04-11,505.6929626464844,507.13778061540546,499.9136311857634,503.42807581801776,70099000
2024-04-12,498.7128601074219,503.5647804243456,496.9848939875648,502.1492186619509,92561100
2024-04-15,492.4648742675781,503.0570672171981,491.6155194168172,502.8911229007107,92101400
2024-04-16,491.5667114257813,494.4661488704835,490.2780659409101,492.943215040187,73484000
2024-04-17,488.6575622558594,494.1928634388067,487.2615443714678,494.0268893119992,75910300
2024-04-18,487.6520690917969,492.1525572135463,486.7148857364247,490.053644266688,74548100
2024-04-19,483.3956298828125,488.56969668668467,482.1264983587833,487.57394131853926,102212600
2024-04-22,487.8473205566406,490.4441260798556,483.65923689240304,486.00221013520326,67961000
2024-04-23,493.6364135742187,494.0659621350047,487.66182151013055,489.8583644626642,64633600
2024-04-24,493.4020690917969,495.3154935043147,491.17624034467946,494.5247405147149,55928100
2024-04-25,491.5276794433594,492.28914639879576,485.6702321576898,487.3200821932215,69122400
2024-04-26,496.1844177246094,497.7659238799117,493.6852423545601,494.31979324751813,64306100
2024-04-29,497.9416198730469,498.61522873285696,495.1983842873063,497.9709059194509,46415400
2024-04-30,490.0536193847656,497.45351534342734,490.0536193847656,496.4772740416634,77483600
2024-05-01,488.4623107910156,496.1160385437577,487.9937042701267,489.4678380773352,80242800
2024-05-02,493.0310974121094,493.8706803453591,487.6812848525579,492.1720003799534,62550200
2024-05-03,499.1423645019531,500.37240813782097,496.4772153379588,499.0154483809272,72756700
2024-05-06,504.2969055175781,504.3359337135483,501.10457784231613,501.54389828336633,47264700
2024-05-07,504.85345458984375,506.2494725384783,504.1798456902188,505.2634592637331,52561300
2024-05-08,504.9021911621094,505.439111907815,502.900908609006,503.01805278679507,42047200
2024-05-09,507.8114013671875,507.8504891521531,504.4336447297941,505.08770969254925,43643700
2024-05-10,508.4655456542969,510.2227680798631,507.2452440275092,509.4124711158648,52233200
2024-05-13,508.5338439941406,510.25203826517287,507.3916583240956,510.14466601949385,36716400
2024-05-14,510.8670654296875,511.3845019246286,508.1921737748171,508.7290945781237,57535900
2024-05-15,517.193115234375,517.4859756907869,512.7023697575905,513.3369504006804,59504900
2024-05-16,516.1289672851562,518.8917465910545,515.9825072697596,517.2906967075278,50244800
2024-05-17,516.8709716796875,516.9393157213522,514.7915729298934,516.246162943074,59187600
2024-05-20,517.4664306640625,518.930792527948,516.5975616577482,516.9880819887991,37764200
2024-05-21,518.735595703125,518.8918276886369,516.5000244352296,516.7050565718225,33437000
2024-05-22,517.241943359375,518.7551054535538,515.0648847480338,518.0424683735625,48390000
2024-05-23,513.4638061523438,520.4048662857896,512.2532170997966,520.2974940619036,57211200
2024-05-24,516.8611450195312,517.6714419020187,514.3619699226733,515.3088952889863,41291100
2024-05-28,517.222412109375,517.9057929513657,514.5865486245773,517.6715045678355,36269600
2024-05-29,513.6005249023438,514.7817983278129,512.8878878194378,513.1905202395113,45190300
2024-05-30,510.1935119628906,512.7220034469959,508.94395393500866,512.0581664345199,46377600
2024-05-31,514.8402709960938,514.967187107586,506.0443290343577,511.15011057316815,90785800
2024-06-03,515.2600708007812,516.7342044816085,510.18360486685094,516.4511159966606,46835700
2024-06-04,515.8361206054688,516.5780734778808,512.4876203186922,513.9519821715993,34632700
2024-06-05,521.9668579101562,521.9864018010747,516.1679828855217,518.1595530381444,47610400
2024-06-06,521.9570922851562,522.6990451286446,520.0241537818829,522.2694966184689,30808500
2024-06-07,521.3225708007812,524.1341502130953,519.8874652579173,520.9808506310355,43224500
2024-06-10,522.9334106445312,523.2555869709606,519.9168582676467,520.5123511854081,35686100
2024-06-11,524.1927490234375,524.2513211148034,519.4091430834137,521.3811694677967,36383400
2024-06-12,528.4979858398438,531.1924214122917,527.4631724257194,528.7615900630306,63251300
2024-06-13,529.56201171875,530.4211086780596,526.7699763935087,530.2453924252503,44760900
2024-06-14,529.8842163085938,529.9134725597781,527.0237772162169,528.0293342324846,40089900
2024-06-17,534.1015625,535.4976399183048,528.7420075865693,529.2008719569648,55839500
2024-06-18,535.4585571289062,535.585473259027,533.7403629842298,534.16013957423,41376400
2024-06-20,534.0039672851562,537.0498352385172,532.2272010481894,536.385998334327,70328200
2024-06-21,533.2881469726562,534.4046669419561,531.8288641002639,533.180428320516,64338600
2024-06-24,531.5545043945312,535.6777608035513,531.4369822915095,533.1117619254674,45528700
2024-06-25,533.6015014648438,533.9638712753774,531.2607431275164,532.7787868983022,37936200
2024-06-26,534.2673950195312,534.9823310545671,531.8385253727439,532.4848968900385,38550600
2024-06-27,535.1097412109375,535.6876080791019,533.3860038559784,534.1303504208262,35041500
2024-06-28,533.0040283203125,538.9391939081404,531.76024266257,535.883439640916,76144500
2024-07-01,534.1008911132812,534.6297405125247,531.339002473828,534.3848928648134,40297800
2024-07-02,537.6953125,537.6953125,532.4457925507478,532.4947501316359,40434800
2024-07-03,540.0948486328125,540.457218430894,537.3427629954197,537.381917105902,32789900
2024-07-05,543.209228515625,543.6107523683424,539.7617544001083,540.3983822148235,41488400
2024-07-08,543.8361206054688,544.786100933334,542.7685583933277,543.9927968223914,36110500
2024-07-09,544.3649291992188,545.6968861634513,544.0711239537649,544.795863484972,27289700
2024-07-10,549.7515258789062,550.0942886699685,545.2953107088132,545.5891159264746,38701200
2024-07-11,545.0113525390625,550.7408243676441,544.3747844096212,549.869152242232,53054200
2024-07-12,548.448974609375,552.0531251206323,545.667538567234,546.1376269625789,53084400
2024-07-15,549.9573364257812,553.1991175344059,548.0964700225896,550.4470318184875,40584300
2024-07-16,553.218505859375,553.5123110551864,550.5153785034055,551.269528320365,36475300
2024-07-17,545.4617919921875,548.9582235359038,545.1385763631698,547.2834441243654,57119000
2024-07-18,541.27001953125,547.9886849352189,539.0859974733345,546.9994907975359,56270400
2024-07-19,537.6757202148438,542.6608454522978,536.6179614633988,541.0350233261719,65509100
2024-07-22,543.2191162109375,543.8263337080781,539.6639229224022,541.6030975244146,43346700
2024-07-23,542.366943359375,545.2659012148495,541.8772480700306,543.1112299862826,34439600
2024-07-24,530.0755615234375,537.8519253696913,529.1549319575545,537.5483166712224,74515300
2024-07-25,527.313720703125,536.177254363603,526.3735438881854,530.1931317534066,61158300
2024-07-26,533.2194213867188,535.9127455404142,530.3302071573028,531.1039639898098,53763800
2024-07-29,533.5328979492188,535.7756811771844,531.5349026238763,534.7669398202207,39515800
2024-07-30,530.8297729492188,536.059745722708,527.4215123549488,535.0019870020752,46853600
2024-07-31,539.4581909179688,542.0927543010554,536.2947780748914,537.6658891932146,65663400
2024-08-01,531.8189697265625,543.4345294348678,528.3127341764186,541.1819427118934,76428700
2024-08-02,521.9173583984375,525.9230331199286,517.7059303208597,524.7085981454201,82789100
2024-08-05,506.7171630859375,512.7893973566776,499.7536796951889,501.0954700551791,146267400
2024-08-06,511.3888854980469,518.8322310175004,507.19706454680966,508.51921810050686,84826300
2024-08-07,507.97076416015625,520.63433876445,507.3733501679388,517.5785847252098,70698300
2024-08-08,519.7136840820312,520.3404486814812,511.08525465156777,513.1125407389065,63276600
2024-08-09,522.0054321289062,523.4941251002426,517.6667385635127,518.8909769209239,45619600
2024-08-12,522.2797241210938,524.6889871074426,520.0075304089534,523.2003538167259,42542100
2024-08-13,530.868896484375,531.1040004577378,525.2276564461794,525.4725041133277,52333100
2024-08-14,532.5435791015625,533.7286631146382,528.9883868395871,531.6621037493903,42446900
2024-08-15,541.6715698242188,541.9555715802455,537.567920792545,538.1751381862979,60846800
2024-08-16,542.8860473632812,543.5814362683599,539.8989177341498,540.0555939415091,44430700
2024-08-19,548.0767822265625,548.0767822265625,542.4452860411917,543.2973511166235,39121800
2024-08-20,547.185546875,549.2814571312036,545.8437865187526,547.6262846058479,33732300
2024-08-21,549.0660400390625,550.5253226989936,543.2974141481618,548.2335818085938,41514600
2024-08-22,544.7566528320312,551.5732334533072,543.5422179587766,550.9660160166799,56121500
2024-08-23,550.544921875,551.4851585059275,545.8046443878154,547.9985298599797,50639400
2024-08-26,549.2324829101562,552.2881770773529,547.528352675827,551.5732410031779,35788600
2024-08-27,549.9866943359375,550.4763897351174,546.8134777136145,547.9593482100599,32693900
2024-08-28,546.7938232421875,550.0748179978751,543.6009999526875,549.6438836929623,41066000
2024-08-29,546.8427734375,552.0629426061665,545.6969030561269,548.7624007293272,38715200
2024-08-30,552.06298828125,552.5722906161151,545.6577940930898,549.212987410433,62700100
2024-09-03,540.7020874023438,549.25214992284,538.1850458833093,548.9191307501956,60600100
2024-09-04,539.5953369140625,543.0035975400444,538.1360542845994,538.8607938634791,47224900
2024-09-05,538.282958984375,542.3866087950116,535.8246785314534,539.5366078915503,44264300
2024-09-06,529.2236328125,540.2319765571665,528.3226099554475,538.6062140252714,68493800
2024-09-09,535.1488037109375,536.4220593419303,531.495695817922,533.4251264283236,40445800
2024-09-10,537.4797973632812,537.8324234437913,532.1813200114981,537.0586665381934,36394600
2024-09-11,542.9937744140625,543.9144040618945,528.8318231688719,537.3916883108078,75248600
2024-09-12,547.5675048828125,547.8711135710835,541.3483388424467,543.5715745845557,51819600
2024-09-13,550.4274291992188,551.4264269369157,547.9201911599521,548.1748423305235,39310500
2024-09-16,551.2402954101562,551.5046902542234,548.360884321784,550.1629297590999,36656100
2024-09-17,551.4655151367188,554.9031859740162,549.2324757022386,553.4536471249235,49321000
2024-09-18,549.8300170898438,556.969754476821,549.2717571625421,552.1217580784818,59044900
2024-09-19,559.2125244140625,561.0733907935877,556.3723270388496,559.2419348303403,75315500
2024-09-20,558.2457885742188,559.2871245583524,555.219996107625,557.843033129673,77503100
2024-09-23,559.6408081054688,560.2892222272916,558.0984411315784,559.3166610051752,44116900
2024-09-24,561.2421264648438,561.3010677532865,557.6072537825559,560.4365555490466,46805700
2024-09-25,560.0042114257812,561.8216774615664,558.8941007007465,561.0848814915315,38428600
2024-09-26,562.2244262695312,564.5920308700313,559.8667151694891,564.2678238580548,48336000
2024-09-27,561.4091186523438,564.1107043094071,560.3776161208616,563.295359810012,42100900
2024-09-30,563.6588134765625,564.2678934162012,558.078818569817,560.3775886747461,63557400
2024-10-01,558.6092529296875,563.9534823374194,556.0353836889657,563.3051282373419,72668800
2024-10-02,558.8450927734375,559.866821742494,555.3183290115846,557.715374727311,38097800
2024-10-03,557.8234252929688,559.7685478192003,555.5344286086627,557.3715020969081,40846500
2024-10-04,562.8925170898438,563.2658318866675,558.0984259775333,562.2736036088263,42939100
2024-10-07,557.8037719726562,561.8905680396737,556.6543868115797,561.2421538745174,49964700
2024-10-08,563.0792846679688,563.6785911447381,559.5034126964732,560.3776986132091,37398700
2024-10-09,566.9793701171875,567.5393423690588,562.4701514366566,563.0693978961492,37912200
2024-10-10,565.9871215820312,567.4116060358193,564.3759797176003,565.6334738441669,44138100
2024-10-11,569.3763427734375,570.1131388058892,565.7709110163313,565.9084606662699,42268000
2024-10-14,574.0328979492188,574.9661849382893,570.5060744728205,570.9874382986001,36217200
2024-10-15,569.5728759765625,574.6027324678581,568.3546560789198,574.2981924836022,54203600
2024-10-16,572.0484008789062,572.5690988319416,568.7672362789522,569.5728070987392,30725400
2024-10-17,572.09765625,575.8013042765577,571.9109988172407,575.5949797580469,34393700
2024-10-18,574.298095703125,575.0839994048337,572.3234729286785,573.7872313147403,37416800
2024-10-21,573.3551025390625,574.5535954570634,570.3784174069214,573.5712006217359,36439000
2024-10-22,573.0505981445312,574.2098169269701,570.162354750785,570.8205425423761,34183800
2024-10-23,567.8143310546875,571.4688706983893,564.3071746074978,571.0267810694698,49314600
2024-10-24,569.0422973632812,569.84786821387,566.419320298971,569.7692598487698,34979900
2024-10-25,568.8458862304688,574.1705094317597,567.9028255594263,571.2724326633536,47268200
2024-10-28,570.6043701171875,572.4512770786239,570.299830137409,572.3235609618828,30174700
2024-10-29,571.5277709960938,572.6476553589258,568.2465463889694,569.6415300427301,42899700
2024-10-30,569.7987670898438,573.0504911915006,569.0914117169528,571.0562011429839,41435800
2024-10-31,558.6289672851562,565.4958970216722,558.4324763422399,565.4271221936206,60182500
2024-11-01,560.9866943359375,565.4173043933644,560.5741053167588,561.2617936558026,45667500
2024-11-04,559.7783813476562,562.4210257711015,557.8922001113365,561.1242574334378,38217000
2024-11-05,566.5470581054688,566.586332309216,560.4758658123077,560.6919638738422,39478300
2024-11-06,580.6345825195312,581.508928254242,575.0840880526238,578.8270097230293,68182000
2024-11-07,585.1240844726562,586.1458133207747,582.5600487330294,582.6386570968723,47233200
2024-11-08,587.6587524414062,589.0832369047557,585.6742957423695,585.6742957423695,46444900
2024-11-11,588.2186279296875,589.6037779981073,586.4896037587446,589.2501303160354,37586800
2024-11-12,586.3914184570312,588.739296212128,583.9059310932324,588.1400498376755,43006100
2024-11-13,586.67626953125,588.6803330522652,584.4855486263699,586.853093374815,47388600
2024-11-14,582.9039916992188,587.2854945523371,582.2163632356335,586.804130643577,38904100
2024-11-15,575.437744140625,579.8094129170865,573.5810036102117,579.3378226480269,75988800
2024-11-18,577.7954711914062,579.1118465214918,575.0349444617987,575.8993966406199,37001700
2024-11-19,579.9076538085938,580.6346163861505,573.7480790226593,574.4161003090796,49412000
2024-11-20,580.1041259765625,580.3889988810581,574.3374733314436,579.9862433981077,50032600
2024-11-21,583.2182006835938,584.6426848830619,577.107734892484,582.9529949078541,46750300
2024-11-22,585.0259399414062,585.654687007179,582.7075025920674,583.2084735757152,38226400
2024-11-25,587.0103759765625,590.281707390563,584.7213793724078,588.9653319760873,42441400
2024-11-26,590.075439453125,590.7434606979054,587.5408441710033,588.2579731618996,45621300
2024-11-27,588.2874755859375,590.2718722436573,586.7647756879834,589.8887838542881,34000200
2024-11-29,591.9420166015625,592.7279205050064,588.8278416543462,589.1028810382705,30177400
2024-12-02,593.0029296875,593.6807844427898,591.8633182342458,592.354515594293,31746000
2024-12-03,593.2779541015625,593.5235527754064,591.735647195163,592.7671496331845,26906600
2024-12-04,596.9620361328125,597.2076348485892,594.2997844285924,594.9678057402301,42787600
2024-12-05,595.9794921875,597.7674575863759,595.625844515795,596.9618868048642,28762200
2024-12-06,597.109375,598.3472020292826,596.333304701608,596.7458937244957,31241500
2024-12-09,594.0344848632812,597.1584931551176,593.445071963169,596.9915028268559,34742700
2024-12-10,592.1875610351562,595.134745373381,591.529373321926,594.7123228135097,37234500
2024-12-11,596.7655639648438,597.7184581352288,594.8400485801485,595.115147903942,28677700
2024-12-12,593.690673828125,596.4708079758578,593.690673828125,595.9010621562538,31543800
2024-12-13,593.5728149414062,596.4413911194437,592.197438164754,595.7242620650901,35904700
2024-12-16,596.1072998046875,597.0799209921157,594.5551592425911,595.3312295236393,43695200
2024-12-17,593.6513061523438,594.5158183353977,592.2759894688432,593.5530906608857,55773500
2024-12-18,575.9583740234375,595.7339235020439,575.5752257128447,593.3467116570313,108248700
2024-12-19,575.7815551757812,582.5601031255708,575.5359564813775,580.948961299734,85919500
2024-12-20,582.697265625,587.231466902458,572.6036351958548,573.4513839180992,125716700
2024-12-23,586.1866455078125,586.7879087972127,579.2571372355378,582.4409930028329,57635800
2024-12-24,592.7020263671875,592.7414929129372,586.9553724289615,587.5369625170155,33160100
2024-12-26,592.7415771484375,593.8652307760627,589.5281816588665,590.9278604962976,41219100
2024-12-27,586.5020141601562,589.2324254266508,582.31278453499,588.9958066290322,64969300
2024-12-30,579.8091430664062,583.278830614674,576.0536238226567,579.4839049805771,56578800
2024-12-31,577.6998291015625,582.1946245791215,576.0635312685974,581.4750217267025,57052700
2025-01-02,576.2803344726562,582.6775253068124,572.1995172748154,580.9624149327,50204000
2025-01-03,583.4857788085938,584.1264484268344,578.044689478734,579.1289967873591,37888500
2025-01-06,586.8470458984375,591.1250155334773,585.1122021784661,587.7440676720806,47679400
2025-01-07,580.2132568359375,589.2028462645713,578.3897338233832,588.877548048508,60393100
2025-01-08,581.0609741210938,582.1354148697908,576.8323377526707,580.282291853868,47304700
2025-01-10,572.1896362304688,577.5715860296085,570.2773736421228,577.5025797313914,73105000
2025-01-13,573.0768432617188,573.4316812597856,567.1231694250464,567.5372072518853,47910100
2025-01-14,573.8653564453125,576.6351742776535,570.0802375478183,576.0043111010004,48420600
2025-01-15,584.303955078125,585.4473419377294,580.7751281246863,581.8889752343268,56900200
2025-01-16,583.1802368164062,585.8514484014332,582.4803673486446,585.6740294157521,43319700
2025-01-17,589.035400390625,590.7899174222187,587.0935375428814,588.4242703969026,58070600
2025-01-21,594.427001953125,594.4368685895419,590.1096265717592,592.081028657774,42532900
2025-01-22,597.7686767578125,599.1289493146973,596.7041025475482,597.2560928487167,48196000
2025-01-23,601.0313110351562,601.0313110351562,596.8618141810588,597.1377792345874,41152100
2025-01-24,599.2767333984375,602.0466115435261,598.1234798327728,601.0904500891409,34604700
2025-01-27,590.7996826171875,591.115114198888,586.1373355152499,586.3048878621954,70361100
2025-01-28,595.8760986328125,596.7139205737208,588.7100317776161,592.0318399526346,44433300
2025-01-29,593.2048950195312,595.4917292475947,590.651902189354,595.0875580249451,37177400
2025-01-30,596.3885498046875,597.9262410572588,592.130313990855,595.3240359730432,39281300
2025-01-31,593.2146606445312,601.2382822731704,592.4556515232641,598.8134358374799,66566900
2025-02-03,589.2225341796875,591.7064599079472,582.0466016788057,584.1954227420036,65857200
2025-02-04,593.17529296875,593.6878166788046,588.7396375989994,589.281761222817,33457800
2025-02-05,595.580322265625,595.7282015036632,590.021013481686,592.0515554519985,30653100
2025-02-06,597.6503295898438,597.778475552574,594.013089933138,597.3250313642651,35771500
2025-02-07,592.1796264648438,599.4343715995554,591.4698904394826,598.2121119495397,50788500
2025-02-10,596.2013549804688,596.8420848342793,594.1215398587573,595.3931329282537,26048700
2025-02-11,596.6548461914062,597.1969698690995,593.8160216596527,593.9343010016065,30056700
2025-02-12,594.732666015625,595.9056528588447,589.9520392250456,590.6321754646003,45076100
2025-02-13,601.0115966796875,601.2186155981716,594.5749988790903,595.8366651794477,40921300
2025-02-14,600.9820556640625,602.2535886001177,600.3610590723445,601.2186143347305,26910400
2025-02-18,602.7464599609375,602.7464599609375,599.6809434502483,602.1451966252264,26749000
2025-02-19,604.1658935546875,604.4615919136522,600.8440849703791,601.3566689008733,31011100
2025-02-20,601.6522827148438,602.9336821985821,598.3403412349714,602.7956695963146,36554000
2025-02-21,591.361572265625,601.5734221193063,590.8982614234848,601.435409514207,76519800
2025-02-24,588.6705932617188,594.4073810554311,587.9608571639533,593.4118132885562,50737200
2025-02-25,585.7430419921875,589.3408752561445,581.129967827771,588.6114660308307,58266500
2025-02-26,586.038818359375,591.0067913230648,583.3971461439291,587.4089575799121,43321600
2025-02-27,576.6843872070312,589.468961108592,576.2901428845248,588.3156475632774,74196700
2025-02-28,585.6838989257812,586.2161558854355,574.1117771132394,577.1871598716435,88744100
2025-03-03,575.4227905273438,588.798762606637,571.6081318173137,587.6553155599406,74249200
2025-03-04,568.6115112304688,577.0195703305991,564.0674436853699,571.4207954091844,109648200
2025-03-05,574.7229614257812,576.5169448984452,564.8856823224501,568.4440493526719,71230500
2025-03-06,564.5209350585938,571.8742272350298,561.9679425734266,567.2512863712917,80094900
2025-03-07,567.6849975585938,569.1340095542192,557.5421542389136,562.7368186254731,81158800
2025-03-10,552.5643920898438,561.3962362827218,547.6457527585567,559.4741670846696,99326600
2025-03-11,547.9710693359375,555.9552862473097,544.1268702267005,551.4013508923699,88102100
2025-03-12,550.8787841796875,555.0581473332891,545.7728595599632,554.1315858671662,69588200
2025-03-13,543.5353393554688,551.1153839968962,541.8202288918889,550.5042540653316,74079400
2025-03-14,554.7625122070312,555.7679467233177,543.604366956188,548.1583018697701,62660300
2025-03-17,559.0403442382812,561.5637363828623,554.3089313250791,554.7426421700422,49008700
2025-03-18,552.9981079101562,556.9409127203818,551.0661118946721,556.7240271713574,66041400
2025-03-19,559.0206298828125,562.7860150364035,553.5992742185309,554.7821274868575,66556000
2025-03-20,557.4041748046875,562.4115538615378,554.5554838320709,555.2750866351008,62958200
2025-03-21,557.5880737304688,558.4877939738346,551.7055567482902,552.9413897854555,83763000
2025-03-24,567.5736083984375,568.6314886589248,563.7375780431137,564.3307537296456,58766800
2025-03-25,568.9379272460938,569.8771119506348,567.1879685958952,568.7797068467552,38355700
2025-03-26,562.1458129882812,569.7980806984394,560.7616559941828,568.6709866041082,51848300
2025-03-27,560.6528930664062,564.4296055114135,558.5371327368356,560.7517355574175,42164200
2025-03-28,549.3623046875,559.8521002775326,548.7790253468997,559.1204968505267,71662700
2025-03-31,553.0501098632812,554.3551567474991,540.6719872727307,543.5984615291653,95328200
2025-04-01,554.6121215820312,556.559825628618,547.4047657676659,551.1320571376683,54609600
2025-04-02,558.1219482421875,560.9890444564371,548.52197624234,548.7592465118332,76014500
2025-04-03,530.6172485351562,541.7594774009829,530.6172485351562,538.9319060881811,125986000
2025-04-04,499.5533447265625,519.9099817661254,499.3358369172059,517.7349036725598,217965100
2025-04-07,498.66357421875,517.2405945444942,476.3394695378794,483.6457288710085,256611400
2025-04-08,490.85308837890625,519.0300496454024,483.61604333672847,515.9454154101668,165816600
2025-04-09,542.4021606445312,542.4021606445312,487.46196103833506,487.84755542038147,241867300
2025-04-10,518.6346435546875,527.4535310578508,503.5475844453038,526.1385878330984,162331200
2025-04-11,527.8885498046875,530.3503195313269,514.1757514102393,517.0824330937988,97866300
2025-04-14,533.009765625,538.1113174755011,527.8093712828247,537.883883195208,68034000
2025-04-15,531.5169677734375,537.0732685211545,530.726046664157,533.5536182929557,56892900
2025-04-16,519.7023315429688,531.7937621429162,514.3931980244283,525.6541223320015,83484800
2025-04-17,520.44384765625,525.1499093262158,517.9721816819745,521.6599483491107,79868100
2025-04-21,508.0558471679687,515.7872249375157,502.6972625032136,515.2533065114334,69368100
2025-04-22,521.2744140625,523.3011683263503,513.3057644566182,514.2450097037921,75948100
2025-04-23,529.3517456054688,539.2483058984949,527.8292210770832,534.3049739114415,90590700
2025-04-24,540.4940185546875,541.2256220112762,529.3814182452572,530.6369834977514,64150400
2025-04-25,544.3992919921875,544.804618673288,537.5280483044934,540.454522631326,61119600
2025-04-28,544.6068725585938,547.2762839575454,538.8429907853031,545.1407910444296,47613800
2025-04-29,548.0374755859375,549.1546732609154,542.3328520901122,542.6887574529197,47775100
2025-04-30,548.2550659179688,550.2126665027023,535.3826699025942,541.3640897959557,93101500
2025-05-01,552.1405029296875,557.6770710508032,551.5374308999284,554.0189932525213,63186100
2025-05-02,560.3365478515625,561.9381825044319,556.006184429092,558.3295262045715,60717300
2025-05-05,557.1233520507812,560.2277786911415,555.3338684753841,556.1940033222468,38659200
2025-05-06,552.466796875,556.9652171268149,550.64768441023,551.6066618961361,48264700
2025-05-07,554.7901000976562,557.4298221355041,549.7379696101782,553.8014338302406,55588000
2025-05-08,558.6558227539062,563.8463212534109,555.333918196641,558.8337754612519,65130800
2025-05-09,557.9440307617188,561.0681900796083,556.3819209310694,560.0597310271954,37603400
2025-05-12,576.382568359375,576.3924646775216,570.4999916854949,574.8797762427796,78993600
2025-05-13,580.18896484375,582.403567726764,576.2342995973956,576.7977862928067,67947200
2025-05-14,580.930419921875,582.3046201283636,578.9036058641954,581.1478975288738,66283500
2025-05-15,583.7679443359375,584.2721134769878,578.4686469334371,578.9234551699535,71268100
2025-05-16,587.465576171875,587.7621640177526,582.6013544692614,584.5489982766968,76052100
2025-05-19,588.1082153320312,588.7903975982244,581.4347167753893,581.4347167753893,68168500
2025-05-20,586.1307983398438,587.317209981726,582.917632829089,586.3681289429425,60614500
2025-05-21,576.2540893554688,585.8639582409971,575.2258980125081,581.7708648204313,95197700
2025-05-22,576.4815063476562,579.971467292194,574.8204937262445,576.0563267018498,70860400
2025-05-23,572.5465698242188,575.2159811048424,569.0763411937487,569.4520392436427,76029000
2025-05-27,584.4501342773438,584.6082943415249,571.8742669840636,579.4276923460704,72588500
2025-05-28,581.06884765625,586.0517646206928,580.3372442209068,584.8554566278126,68445500
2025-05-29,583.362548828125,586.4768718669775,579.4276761926377,586.3384441000501,69973300
2025-05-30,582.7100830078125,584.430352826958,576.6297607292682,582.2552747565533,90601200
2025-06-02,585.9924926757812,586.0715425417425,578.429170462151,581.0985818518681,61630500
2025-06-03,589.3341064453125,590.3128764026674,585.1421107506463,585.6266079138771,63606200
2025-06-04,589.1759643554688,591.1730898063917,588.7409487228937,590.1943197189499,57314200
2025-06-05,586.3285522460938,592.2111289512687,584.3512195951713,590.8566609128592,92278700
2025-06-06,592.3495483398438,594.0203968199735,590.0953601848463,591.8749474768216,66588700
2025-06-09,592.8834228515625,594.4356362447949,591.7069074945726,592.9229477814916,53016400
2025-06-10,596.2449340820312,596.6304681071312,592.3001649023746,593.4173023897237,66247000
2025-06-11,594.54443359375,598.2025114763902,592.4781545343917,597.3423765043648,73658200
2025-06-12,596.9072265625,596.9072265625,592.7251877881479,593.2096245779508,64129000
2025-06-13,590.2338256835938,595.0288334634262,588.731033484191,591.7168252456129,89506000
2025-06-16,595.8494873046875,597.599446226556,593.4173461203459,593.5953591830877,79984100
2025-06-17,590.7578125,594.9299553868199,589.9965201271316,593.4074309844862,82209400
2025-06-18,590.6688232421875,594.4059506456396,589.7097855095001,591.6574895866379,76605000
2025-06-20,589.2816162109375,594.4180406328666,587.8735160730708,593.3471074282096,94051400
2025-06-23,595.1022338867188,595.4889076465048,586.9116980815279,590.0351674928282,87426000
2025-06-24,601.6764526367188,602.737399696003,598.3347417480489,599.2470472798032,67735300
2025-06-25,602.0136108398438,603.4910690166892,600.4468830082857,602.7969444947229,62114800
2025-06-26,606.7236938476562,607.1599955272326,603.2531315625092,603.8679120398481,78548400
2025-06-27,609.7380981445312,611.2056913389495,605.692457719191,607.7252035075089,86258400
2025-06-30,612.6533813476562,614.0118537505704,609.867018033134,612.1873634601734,92502500
2025-07-01,612.455078125,613.625146088841,610.3429883405835,611.1758893553448,70030100
2025-07-02,615.2315063476562,615.2711481262035,611.4237773441516,612.0484833566157,66510400
2025-07-03,620.0803833007812,621.0124795190609,617.194824993195,617.214676143094,51065800
2025-07-07,615.4595947265625,618.7814549531971,612.6732314169623,618.1170465947881,74814500
2025-07-08,615.1224365234375,616.8775081543645,614.3093261623386,616.1238907210633,59024600
2025-07-09,618.8110961914062,619.4655183729625,615.6875662931247,617.5319680301938,66113300
2025-07-10,620.5563354492188,621.5974919629854,617.7699723301522,618.9499658515675,57529000
2025-07-11,618.3748168945312,619.6043777491163,616.3024294765994,617.5022136064131,63670200
2025-07-14,619.5547485351562,619.901780492049,616.5700558274259,617.9186024028506,51898500
2025-07-15,616.9072875976562,622.5791484786782,616.8279435196437,622.2420420602726,74317300
2025-07-16,618.9697265625,619.4754466932056,612.8516386863737,618.4937831556223,88987500
2025-07-17,622.757568359375,623.1145864157634,618.9300491320286,619.1482301954767,68885700
2025-07-18,622.301513671875,624.175571102461,621.1909387049365,624.007017899032,65621600
2025-07-21,623.4815063476562,626.2281670376054,623.0551302914085,623.4815063476562,63375000
2025-07-22,623.5707397460938,624.4334174667899,620.9232136557434,623.8087114591411,60046300
2025-07-23,628.8757934570312,628.8757934570312,624.4334327911965,626.2381323551606,70511000
2025-07-24,629.083984375,630.7994747941685,628.6576082944551,629.2624631630094,71307100
2025-07-25,631.7413940429688,632.2173979677802,629.5004535059064,629.748350781943,56865400
2025-07-28,631.582763671875,632.6734874729789,630.1945147233831,632.1181999979412,54917100
2025-07-29,629.9169311523438,633.2982235137306,629.0046860832861,632.9809077241022,60556300
2025-07-30,629.1236572265625,632.3165451544952,626.2281734095909,630.5713386132512,80418900
2025-07-31,626.763671875,634.4682782312485,625.4646925404661,634.0816044685715,103385200
2025-08-01,616.4907836914062,621.0719812920488,614.0812292944926,621.0322789916852,140103600
2025-08-04,625.8612670898438,625.9108344398344,620.3183179857707,620.4075271113948,73218000
2025-08-05,622.688232421875,627.2892207726588,621.7660617410078,626.476110377079,68051400
2025-08-06,627.457763671875,628.1121858315174,622.8468502662965,623.7590952688204,64357500
2025-08-07,626.9321899414062,631.6223868787783,623.8185857342208,630.8886206499576,74205800
2025-08-08,631.82080078125,632.2868791777582,628.4097315038053,628.727047311219,64051600
2025-08-11,630.5713500976562,633.5758942477272,629.3219380955197,632.0984361099556,58742300
2025-08-12,637.2844848632812,637.4431125105409,631.434084195598,632.9214680410968,64730800
2025-08-13,639.4659423828125,640.7549961752953,637.2745085703324,639.4857330110176,60092800
2025-08-14,639.5254516601562,640.1897994624859,636.9374184340268,637.3835851461316,59327500
2025-08-15,638.0281372070312,640.6558727131268,637.11589211782,640.5566774831647,68592500
2025-08-18,637.8892822265625,638.5834067295413,636.7787072305159,637.4529805837014,43804900
2025-08-19,634.4286499023438,638.6924711313014,633.1098193903536,637.7108075589789,69750700
2025-08-20,632.742919921875,634.2798709561484,627.6263466835007,634.0221086228163,88890300
2025-08-21,630.2044677734375,632.604096553562,628.4791123479844,630.9283690027011,54805800
2025-08-22,639.8823852539062,641.0623787509013,631.8901792096084,632.3958993542917,84083200
2025-08-25,637.0662231445312,639.8625116828326,636.9472372936925,638.6230253017661,51274300
2025-08-26,639.733642578125,640.0807351008626,636.1738713484165,636.7985773675441,51581600
2025-08-27,641.1912841796875,641.9250504526357,638.9998504138363,639.148612992103,48341100
2025-08-28,643.4619750976562,644.0172625669782,639.9121297324674,641.7961126896905,61519500
2025-08-29,639.6245727539062,642.3911452321481,637.7306640961879,642.0242015644989,74522200
2025-09-02,634.884765625,635.1028861742022,629.5797276837342,632.13804448044,81983500
2025-09-03,638.3256225585938,638.7917009543937,635.0732414506999,637.2646148509236,70820900
2025-09-04,643.6602783203125,643.6900550422279,638.09747828346,638.999797688006,65219200
2025-09-05,641.796142578125,646.7243720544352,637.9190556866993,646.0004708304714,85178900
2025-09-08,643.3727416992188,644.3742563254497,641.7861629025881,643.1644862104067,63133100
2025-09-09,644.8601684570312,645.3856792185645,641.7762803015634,643.5115612591451,66133900
2025-09-10,646.724365234375,649.0446498954948,645.1576374702139,648.122479271532,78034500
2025-09-11,652.0988159179688,652.7929404681626,648.092817304151,648.6778210448584,69934400
2025-09-12,651.8805541992188,653.5662677492645,651.3748946038203,652.0689585463732,72780100
2025-09-15,655.3511352539062,655.4800466805781,653.7943936028013,654.0918582328915,63772400
2025-09-16,654.4487915039062,656.213849113272,653.6654579201036,655.9063983981582,61169000
2025-09-17,653.6357421875,656.1543568928759,648.7967821934204,654.4587781451693,101952200
2025-09-18,656.6898803710938,659.2977648370164,654.7166275252608,656.3229972048737,90459200
2025-09-19,659.9423217773438,660.7874850308027,656.6311583459587,658.5800832029405,97945600
2025-09-22,663.0645751953125,663.5119788762895,658.4209716621773,658.4508309420254,69452200
2025-09-23,659.4551391601562,663.5617612775759,658.2320617574377,662.9452156846509,81708900
2025-09-24,657.3569946289062,660.8471316064555,655.9350982101993,660.7477220570149,68082200
2025-09-25,654.3242797851562,655.6765652531099,650.7048739536411,654.2149171420698,89622100
2025-09-26,658.072998046875,658.619871988132,654.1553026157394,655.7760789419195,69179200
2025-09-29,659.9224243164062,661.5134019828115,658.112721358766,660.5985670660314,73499000
2025-09-30,662.4082641601562,662.8756347075731,657.8641309647478,659.1766647693167,86288000
2025-10-01,664.6654052734375,665.5801794564833,659.3059076216911,659.4152702620313,72545400
2025-10-02,665.4309692382812,666.7733621981591,663.004842335434,666.6540464714482,56896000
2025-10-03,665.421142578125,668.8714672806448,664.377038831869,666.1966948783695,70494400
2025-10-06,667.8074951171875,668.7024238148077,665.669704301124,667.8174482099862,54623300
2025-10-07,665.3316040039062,669.1796881705657,663.8898014056139,668.7322238208072,72020100
2025-10-08,669.2990112304688,669.398481470165,665.6299006256374,666.4552183740389,60702200
2025-10-09,667.3600463867188,670.1243359074817,665.4211353124821,669.7166839203261,66501900
2025-10-10,649.32275390625,670.1342452495495,649.14378031214,668.324542434099,159422600
2025-10-13,659.2860107421875,661.3642043859337,656.0345659370097,656.9095884512618,79560500
2025-10-14,658.4805908203125,662.0602448848334,649.4718888267987,653.4492417720955,88779600
2025-10-15,661.4039306640625,666.4352795829697,655.1992699391986,663.0446129876665,81702600
2025-10-16,656.8995971679688,664.9239136533134,653.3895542222015,663.0445999065358,110563300
2025-10-17,660.62841796875,661.9906565438909,654.4138037793879,655.7660892614911,96500900
2025-10-20,667.499267578125,668.4041493887289,663.4921159142255,663.5418206897375,60493400
2025-10-21,667.4893188476562,669.1797060532549,666.1867381348511,667.638493864759,56249000
2025-10-22,664.0191040039062,668.1953369980629,659.5445816579371,668.1953369980629,80564000
2025-10-23,667.9566650390625,668.9012985038863,664.019063764971,664.3372592841532,65604500
2025-10-24,673.4155883789062,674.628651928334,671.8246714345047,672.6300829996666,74356500
2025-10-27,681.3603515625,681.658640907831,678.2580209918731,678.8645527756448,63339800
2025-10-28,683.1700439453125,685.0095454543999,680.9526890414517,683.1600908523567,61738100
2025-10-29,683.4982299804688,685.795149064121,679.0038013689816,684.8206562449755,85657100
2025-10-30,675.9810180664062,682.0564104652303,675.9810180664062,680.0279821977349,76335800
2025-10-31,678.1983032226562,681.2012239761448,675.3942622450203,681.1614116072222,87164100
2025-11-03,679.4711303710938,681.9171636388411,676.0903560257897,681.7878948104295,57315000
2025-11-04,671.4169921875,676.1103005794487,670.7607556049009,672.2820616639051,78427000
2025-11-05,673.7437133789062,677.0051112074705,670.3529860359731,671.1583975728993,74402400
2025-11-06,666.514892578125,673.5448715272548,664.9338680034818,672.6399897028363,85035300
2025-11-07,667.1710815429688,667.2805048704689,657.4663915648358,664.1284090392404,100592400
2025-11-10,677.5818481445312,678.3176487268574,671.2081667723378,673.4056154266486,75842900
2025-11-11,679.1329956054688,679.6997756663966,674.8871520395073,676.1002762110339,58953400
2025-11-12,679.5109252929688,681.0819968300743,677.0946904605516,680.9129156193362,62312500
2025-11-13,668.235107421875,677.0051787486752,666.7237544337754,676.6472315164618,103457800
2025-11-14,668.1256713867188,671.8345335183507,659.5147291242073,661.612768198211,96846700
2025-11-17,661.901123046875,669.8956413839408,658.4209391867944,665.9083353081996,90456100
2025-11-18,656.3427734375,661.354216097308,652.146634691611,658.3512953245886,114467500
2025-11-19,658.8783569335938,663.5617119214406,655.0203196831769,657.0388554539629,94703000
2025-11-20,648.8355712890625,671.7351497651099,648.1991802397498,669.1001291109939,165293500
2025-11-21,655.2987670898438,660.7874729698119,647.1650267848305,651.3412595795126,123956200
2025-11-24,664.9437866210938,666.2662734630499,657.8442577670318,658.9380055466532,80437900
2025-11-25,671.1982421875,672.3815071629971,660.717877921785,664.8444060411854,81077100
2025-11-26,675.8318481445312,677.8404309302599,672.8885849296569,673.7934667684052,71879600
2025-11-28,679.5208129882812,679.7991961322198,676.6471609574353,677.0051081523229,49212000
2025-12-01,676.41845703125,679.1230277654502,674.8970904760725,674.9667014318244,61201200
2025-12-02,677.67138671875,679.9483994968172,675.4838303983408,678.0591325179204,62953800
2025-12-03,680.0180053710938,681.0321891246488,675.8417725523884,676.7167950740063,57238500
2025-12-04,680.51513671875,681.4895687361658,677.4824173401821,681.4199577792665,61970300
2025-12-05,681.8078002929688,684.4925257185774,680.7040993957534,681.5890143183475,79241000
2025-12-08,679.7594604492188,682.7524282821314,677.7111260885928,682.7027235077143,55231500
2025-12-09,679.1727905273438,681.5095218770947,678.7253868572307,679.2822138612034,58310100
2025-12-10,683.6771850585938,685.0692222502689,677.4526176554032,678.6955405173951,85671300
2025-12-11,685.26806640625,685.3476304583654,678.3076987410943,681.2609148661827,86173700
2025-12-12,677.9000854492188,684.9797692517327,675.3247225627367,684.2737672143002,113160300
2025-12-15,676.8758544921875,681.8774049984522,675.4042533093998,681.8574988128718,90811000
2025-12-16,675.0264282226562,677.2239376857725,671.1584377196804,675.3843754405706,122030600
2025-12-17,667.5986938476562,676.5874893555698,667.3998140691156,676.0406154817738,110625200
2025-12-18,672.6399536132812,676.8857972779194,671.0788959983324,673.7635606688432,108650100
2025-12-19,678.7363891601562,679.2350273728672,674.6275542880097,674.747283458469,103599500
2025-12-22,682.96484375,683.4933686131409,678.7364013691785,682.0772531068674,69556700
