Date,close,high,low,open,volume
2019-08-19,103.02252197265625,104.47773755028233,102.53469764337467,103.80801048527474,3244500
2019-08-20,102.78275299072266,103.53516778808563,102.03861452903611,102.71661169532081,2706400
2019-08-21,104.21315002441406,104.24622382146805,103.10519990174159,103.76666322645785,3866100
2019-08-22,103.5268783569336,104.67616594403167,102.68351864793802,104.27102298733057,2997800
2019-08-23,99.45891571044922,103.42767734059188,99.08684016787842,102.62566129517356,6515900
2019-08-26,100.59992218017578,101.26138553155175,99.64080725968086,101.2531155049095,3294000
2019-08-27,101.0216064453125,102.17916417011948,100.48416825434688,101.64172597915388,3679700
2019-08-28,101.484619140625,101.68306191795376,99.65733447961523,100.35187158390266,2470800
2019-08-29,102.17091369628906,103.60958952383598,102.02208472735778,102.67527818499047,3454600
2019-08-30,102.31970977783203,103.55167865856325,102.06339575579446,103.21268330440208,2747100
2019-09-03,100.65779113769531,102.0964728576124,99.77308760813277,101.74093744060045,3913200
2019-09-04,103.0142593383789,103.30365351590012,102.40240979917945,102.48509114639303,3858200
2019-09-05,104.84981536865234,106.66883025924257,104.30411342474828,104.80020782143811,5330400
2019-09-06,105.08132934570312,105.75933282500947,104.6679162826233,105.0895993732559,2457500
2019-09-09,105.089599609375,105.78413683716464,103.91550802155415,105.78413683716464,3813700
2019-09-10,105.03997802734375,105.05651177209484,103.27057085442766,104.18834823856979,4725600
2019-09-11,106.31330108642578,106.37117235271698,104.51081994229597,105.00691433895375,4286100
2019-09-12,107.6692886352539,108.24806434372859,106.13965540480407,106.82592253641127,4472900
2019-09-13,107.1649169921875,108.22325324932424,107.12357316944428,107.87598784773532,3110800
2019-09-16,106.13139343261719,107.05743458141453,105.90814686411625,106.46211880965498,3065800
2019-09-17,107.12356567382812,107.23932079959152,105.51952765617197,106.08176954195757,2673600
2019-09-18,106.9168701171875,107.12357662120074,105.17226671866125,107.12357662120074,2328000
2019-09-19,106.52001953125,107.70237492664552,106.24716537468954,107.07399156437585,2608100
2019-09-20,104.73406219482422,106.45386202341881,104.36199296733581,106.0817927959304,7471500
2019-09-23,105.6435546875,106.12312158711735,104.43638949084539,104.73404735393082,3946200
2019-09-24,104.02297973632812,106.50345780059043,103.27057133708983,106.47039031093368,4694600
2019-09-25,105.61875915527344,106.10658981100748,102.96464825922398,103.6013078581095,3293400
2019-09-26,105.92469024658203,106.38771083553121,104.70925489240801,106.0652491670584,3297700
2019-09-27,105.12265014648438,107.18971500905985,104.06431394615474,107.0904999328923,5263500
2019-09-30,106.85901641845703,106.99129901432919,105.47821195050028,105.57743335967878,4233400
2019-10-01,106.32154083251953,108.9756575571541,105.49471492179205,107.4873683945722,5093900
2019-10-02,104.8746109008789,105.65182938979893,104.36198279812912,105.22188262863634,5334600
2019-10-03,106.41251373291016,106.86727059915823,104.06433069892968,105.23015218884748,5199700
2019-10-04,107.60311126708984,107.74367014194779,106.65226662454926,106.91684432535224,3893000
2019-10-07,106.53653717041016,107.8925313315153,106.44558580402781,107.52044953135608,2426200
2019-10-08,103.33675384521484,105.72628134977107,102.2205332926348,105.35420572951637,4769100
2019-10-09,105.3707046508789,105.9825478001029,104.4446572846092,104.80019270746278,2884800
2019-10-10,105.6104965209961,106.96648446070326,105.08959206052606,105.71798163897165,2679300
2019-10-11,107.56179809570312,108.94259608882268,107.12358129737507,107.57007443069774,4717200
2019-10-14,107.28068542480469,107.43778440088522,106.71844973816377,107.14012650314446,2292900
2019-10-15,108.88472747802734,109.3064042330022,107.31375037086423,107.71889968817587,2955400
2019-10-16,107.073974609375,108.68628290068344,106.81766054977781,108.17365478148908,4537600
2019-10-17,107.59486389160156,108.63666003684311,106.50344759208528,108.23151078329008,3003500
2019-10-18,107.04090118408203,107.83464709132346,106.28848648439572,107.31374266594621,4126000
2019-10-21,108.25631713867188,108.33074106368075,107.19798091671997,108.09923080365145,3355100
2019-10-22,106.30503845214844,108.39690748999347,106.02390798780878,107.71064030838617,5518900
2019-10-23,98.3509521484375,100.55858240691354,95.80433281160178,96.5732812593447,18450000
2019-10-24,97.90445709228516,99.45888750135855,97.00321358797777,98.23518240319115,6205400
2019-10-25,99.64081573486328,99.78964468617276,97.98716352395012,97.98716352395012,4788200
2019-10-28,99.2191162109375,100.9554494829926,98.59072670864407,100.09554971884937,6492900
2019-10-29,99.45891571044922,99.97981390022905,98.82225605920223,99.64908218733814,4622200
2019-10-30,98.12600708007812,100.02538032586237,97.95106547646483,99.74214335498415,5276200
2019-10-31,98.2926025390625,98.5591810913589,97.04301438347302,98.00936560788122,4778400
2019-11-01,98.33426666259766,99.62550405675483,98.19264818455999,99.29228560389787,4430100
2019-11-04,100.77513885498047,101.14168681465476,99.53388284026778,99.90042444420689,5175400
2019-11-05,99.85045623779297,101.40827891809768,99.68384697343073,100.88344765945816,3994500
2019-11-06,100.26696014404297,100.4252433537733,99.01737191329042,99.69214752406178,3904700
2019-11-07,99.90039825439453,101.51653417392602,99.20063199381401,100.75012169165205,4271200
2019-11-08,100.05870819091797,100.08369894180046,98.98406141282409,99.71715098022993,3804900
2019-11-11,98.36759185791016,99.7171431454119,98.27595487471748,99.19231835090953,5165300
2019-11-12,99.15066528320312,99.8920935350411,98.45089887347048,98.45089887347048,4761100
2019-11-13,98.65081787109375,99.10067036891182,97.97604230223364,98.3509162058817,4928800
2019-11-14,97.94273376464844,98.60085105259745,97.28461647669943,98.45923256620885,4568500
2019-11-15,98.30094909667969,98.93407563317935,97.93440115095858,98.77579241012069,4496800
2019-11-18,98.20931243896484,98.5425372674871,97.60950901877179,98.2343031888504,5337700
2019-11-19,98.16766357421875,98.70082714926163,97.45123872480933,98.70082714926163,3860600
2019-11-20,96.82644653320312,98.05103787590399,96.2099783214791,97.67616388303941,4368600
2019-11-21,96.71813201904297,96.92639673327679,95.46021136546493,96.80143663358956,5447700
2019-11-22,97.47620391845703,97.90939166216326,97.0929976647886,97.24294849063571,3008900
2019-11-25,99.142333984375,99.52554028675866,98.05935495383483,98.12600118618012,3726400
2019-11-26,99.2423095703125,99.55054366722135,98.2093182608192,99.1673373162115,7099700
2019-11-27,101.40826416015625,101.47490404276142,99.55053998976521,99.89209719445785,4876200
2019-11-29,100.14200592041016,101.33328035779262,99.95873195223827,100.92508329142284,3498900
2019-12-02,98.95907592773438,100.12535975828098,98.22598632131951,100.06704588454042,4733500
2019-12-03,98.09268188476562,98.27595585297533,96.68481036145913,97.59284783420678,5307100
2019-12-04,100.20033264160156,101.19167485712666,99.47557539996978,99.95041876217996,4537600
2019-12-05,100.5835189819336,100.64183284442865,99.77545091897757,100.4419005095505,3260400
2019-12-06,101.94142150878906,102.21632611981993,101.53321806514197,101.59153193484367,3815900
2019-12-09,101.63319396972656,102.04139108393345,101.5248985920859,101.8497910807434,2801300
2019-12-10,101.10836791992188,102.45791936286837,100.94175231504639,101.79147601057277,4043400
2019-12-11,103.06604766845703,103.1660106683439,100.96673569054289,101.03338192762412,2959800
2019-12-12,105.02372741699219,105.78181401006897,102.49122778763859,103.13268665189348,5412700
2019-12-13,105.49857330322266,106.19001368096549,104.4572497303815,104.93209302536768,3451500
2019-12-16,105.8567886352539,107.18968153443177,105.8567886352539,106.28165043165065,4973100
2019-12-17,105.87345123291016,106.63153787323043,104.94042934418975,106.49824540013613,4354200
2019-12-18,105.25698852539062,106.12337052581842,104.96541918768293,106.12337052581842,5776200
2019-12-19,105.29864501953125,105.3652912561408,104.13236130180407,105.24865716420663,3961500
2019-12-20,107.42294311523438,107.4979153658323,104.84046178430044,106.00674552090337,9321400
2019-12-23,107.08972930908203,107.6062217843551,106.76483683085048,107.46460328989218,3095000
2019-12-24,107.07305908203125,107.33964403074499,106.53990189607374,107.23966831924234,1403400
2019-12-26,107.03141021728516,107.25633969274584,106.67320097069108,107.22302292783019,2339900
2019-12-27,107.10636901855469,107.39793195262118,106.70649166842767,107.34795046172222,1800600
2019-12-30,106.34830474853516,107.02308043971324,105.83180593021336,106.79815097216377,2283700
2019-12-31,106.87312316894531,106.95643414546734,105.84846425737013,106.00674748587977,2813300
2020-01-02,107.93944549560548,107.97276225785524,106.43993060923536,107.57289755350912,4614000
2020-01-03,106.50657653808594,107.6728602412464,105.99008410015028,106.18168408334095,4057200
2020-01-06,105.7651596069336,106.07339369506724,104.88211918651712,105.8484642276971,4345400
2020-01-07,107.80615997314452,109.04740965261182,106.98142705026318,107.58955651441396,7184100
2020-01-08,108.09771728515624,108.77250566553174,107.51457860285944,107.74783407577816,3546900
2020-01-09,109.40562438964844,109.74718158168156,108.49759325992407,108.88079322683998,3526600
2020-01-10,108.29766082763672,109.80549545609392,108.14771632184274,109.80549545609392,3234000
2020-01-13,108.2559814453125,108.91410497273948,108.1060369726133,108.77248651136766,4313200
2020-01-14,108.85580444335938,109.84714656369336,108.1560380212895,108.2560010211652,4626200
2020-01-15,107.60621643066406,108.65586606700376,107.34797020587597,108.65586606700376,3392300
2020-01-16,108.43093872070312,108.48924622795585,107.75616311246176,108.2976462591701,5475900
2020-01-17,109.71387481689452,109.99711184436536,108.66422498548792,108.93079727267448,5487100
2020-01-21,109.01408386230467,110.12205368097626,108.78082839642325,109.20568384253524,8631500
2020-01-22,111.08008575439452,113.04610553374096,109.8138452067605,109.98045446708376,8899700
2020-01-23,111.8381576538086,111.97145012895328,108.00608161795412,109.48059943450087,8598700
2020-01-24,108.7308578491211,112.82950636286776,108.08939889760748,112.29634914266016,5606800
2020-01-27,105.22369384765624,107.67288965784844,105.1653799643534,107.1730491086966,5890900
2020-01-28,106.66485595703124,106.88978541923038,105.59854793774308,105.92344040026624,4397500
2020-01-29,104.54056549072266,107.056400714411,104.4989163568094,106.2566712436282,4535000
2020-01-30,104.3979034423828,104.6076725811442,102.55193758194083,103.39101413698648,5521300
2020-01-31,101.2345962524414,103.74343357284084,100.65563133171592,103.50849314171936,5782500
2020-02-03,103.54206085205078,103.77700129196948,101.57861814395756,101.57861814395756,5396400
2020-02-04,106.11803436279295,106.8312482982281,105.18665868654504,105.72366727804778,4434700
2020-02-05,111.1273193359375,111.521686406147,107.95561045876332,107.95561045876332,7281800
2020-02-06,111.19444274902344,111.59719596155642,110.32179585135924,111.59719596155642,3686600
2020-02-07,107.98916625976562,110.12881435649346,107.82973964188442,110.12881435649346,4331700
2020-02-10,108.78628540039062,108.82824179464822,106.81446290322305,107.02423207121709,2882500
2020-02-11,109.66732788085938,110.7413450889228,109.18906079448968,109.47434381466071,2986800
2020-02-12,111.11053466796876,111.54685813528256,110.4560558686452,110.4644420264283,2839100
2020-02-13,111.43775939941406,111.9244253559568,110.05328815306976,110.65742431958542,4268700
2020-02-14,110.9343490600586,112.11743761433944,110.14561482167412,111.99996737479044,2605200
2020-02-18,110.12041473388672,110.57351045267312,109.5750072760726,110.00294452506856,3094400
2020-02-19,111.70626068115234,112.68797866855662,110.934311822765,111.51326386408684,3931600
2020-02-20,110.31340789794922,111.81534946389075,109.3652471889894,111.2699547642004,2487800
2020-02-21,107.83812713623048,109.77639201427944,107.36823989181984,109.71765050728754,4121000
2020-02-24,101.89747619628906,105.10274892477894,101.73804957523171,104.05390305286932,7483800
2020-02-25,99.3298797607422,103.23158700156984,99.02781169037836,103.1225093545786,6347200
2020-02-26,99.67391967773438,101.226210256843,98.70058765524212,100.09345801812304,5778000
2020-02-27,94.92472076416016,99.4221712510864,94.87437822341666,97.62654807925156,8687300
2020-02-28,95.77220916748048,97.43358376592606,91.13211627612932,91.83693759558408,11431100
2020-03-02,99.82493591308594,99.90884228585318,95.08415223280846,96.62805637863865,7207500
2020-03-03,95.49529266357422,100.7898696345067,94.1527715685465,99.32987194212136,9217300
2020-03-04,99.89208984375,99.92564728036584,95.94003271006191,97.13991272097722,5556500
2020-03-05,96.25888061523438,98.34817981807926,95.4114113507815,96.63646257179948,6162300
2020-03-06,94.9499053955078,95.54564897733796,92.41589063159516,93.21301079280474,6386200
2020-03-09,88.13661193847656,92.36555901568222,87.61638211174383,88.19534704781358,8454600
2020-03-10,94.07726287841795,94.09404159229916,87.89326654573863,91.31670032563352,9206200
2020-03-11,89.36166381835938,93.50670454540932,88.76592016110126,91.9124576194942,9636500
2020-03-12,81.83515930175781,87.87651610437229,81.01286762245938,83.42101394205272,15158500
2020-03-13,88.97570037841797,90.17558040101174,82.61549700266504,86.68501800741254,16040100
2020-03-16,78.45368194580078,87.68352688060087,78.10965737998535,80.45068245437332,12389200
2020-03-17,89.06800079345703,90.31822339359633,79.80459244518462,80.57654154046205,16243500
2020-03-18,83.90766906738281,88.79109515103862,78.99907170727035,83.94962546257536,16413900
2020-03-19,85.22502136230469,88.1030547398731,81.4911325554166,83.39583387449667,9298500
2020-03-20,81.89388275146484,88.52258980895792,81.47434441113803,87.6835131283043,10253200
2020-03-23,82.59870147705078,85.55224825386972,79.64514829858551,81.68410466610315,9680700
2020-03-24,88.4051284790039,88.67363278775765,83.45457428481194,85.71169283135444,9385700
2020-03-25,83.20282745361328,88.7994660807933,82.65742645719367,87.54085135135365,11862100
2020-03-26,90.41891479492188,91.32511284394816,83.0769930357206,83.40423246485604,10441400
2020-03-27,84.32721710205078,88.10306264393365,83.96641382753828,87.26398585684856,7579200
2020-03-30,85.60260772705078,86.79410158438453,84.1594010858571,84.24330748102628,6950800
2020-03-31,83.84893035888672,86.58432204562578,83.47134842493654,85.60259749439099,8968000
2020-04-01,81.29813385009766,84.21812332778366,80.6100912722588,80.63526254679674,8229700
2020-04-02,85.60260772705078,85.77042691903675,80.63527487392305,80.76953022751182,8353400
2020-04-03,83.8908920288086,86.96190944926416,82.94273125232192,85.95501996096826,6587300
2020-04-06,91.42579650878906,91.92924124870734,86.85283105219777,87.75064286557367,7189500
2020-04-07,89.1602783203125,94.75691751834964,88.79947513833874,93.71646436168076,7762200
2020-04-08,92.4410629272461,92.86060120655826,89.12671308133848,90.77969492609176,5426500
2020-04-09,90.36016082763672,94.15278423137453,89.8483235910621,93.13750231666074,5902300
2020-04-13,90.34336853027344,90.997847200001,88.35476124943135,88.52257399492451,5209400
2020-04-14,93.09555053710938,93.49831014055704,91.43418237679872,91.89567068726426,8142400
2020-04-15,90.6034927368164,91.57681824948013,89.57981827578219,91.5264757027559,5381300
2020-04-16,93.4647445678711,93.90106799695874,90.46084871972072,91.81176259551889,5777700
2020-04-17,95.27716827392578,95.70509281061148,92.91097207634648,93.6493573175717,6100000
2020-04-20,93.58222198486328,96.59451062352667,93.3892379315529,93.5738294255224,7957200
2020-04-21,89.64694213867188,92.92773476384724,89.36165916342873,92.46624006666389,8799800
2020-04-22,93.95980834960938,94.36256156639976,91.13211766632544,92.02992944741072,10961000
2020-04-23,92.68440246582033,95.57082808057048,92.44946203701907,93.75841951270972,5374000
2020-04-24,95.59598541259766,95.6547205112317,93.17105485212,93.4311665172643,5570200
2020-04-27,97.14830017089844,97.534274688154,94.83244666571784,95.6547446557995,4728000
2020-04-28,95.85612487792967,100.5297820584366,95.71348336868462,99.11174672254288,5762300
2020-04-29,100.1857681274414,100.42070859997166,97.22382813855342,97.27417069648196,4936900
2020-04-30,97.3916244506836,99.00265004823308,96.65323931888508,98.62506812437346,5781000
2020-05-01,92.7744598388672,95.76800350405556,92.55459330029252,95.032299962482,5839800
2020-05-04,93.4425277709961,93.5778322654768,91.19313893780507,92.10642492052956,4987000
2020-05-05,94.3219757080078,95.71727248552882,93.69620862931372,94.2881495886632,5242400
2020-05-06,95.0661392211914,96.2753956730007,94.69406477948532,95.04922938588923,3701300
2020-05-07,96.10628509521484,97.1886953543702,95.23528329141558,96.30923540588796,3601300
2020-05-08,97.24788665771484,97.70452968230845,95.34521061441173,96.36842673460944,4331200
2020-05-11,97.14639282226562,97.89900626573252,95.90331675783588,95.90331675783588,2723600
2020-05-12,94.4488296508789,97.9835787612237,94.1528526956894,97.36626332388398,3547100
2020-05-13,92.2332763671875,95.48896513834748,90.80415321072304,95.48896513834748,4653000
2020-05-14,93.31566619873048,93.39177657737912,89.99232590231264,92.1740621323795,4396100
2020-05-15,91.53137969970705,91.64131619754863,89.1720611649536,90.0938051502901,7237700
2020-05-18,96.75739288330078,97.37470823676423,93.23956053780432,94.01754188467623,6527200
2020-05-19,95.28599548339844,97.53537753232165,95.15914915149668,96.4191414245966,4594800
2020-05-20,99.34504699707033,100.4866511682079,96.943444004733,97.36626084231528,4961600
2020-05-21,95.94561004638672,99.21821517064342,95.87795779407485,98.46560160577675,4381700
2020-05-22,95.92023468017578,96.2923155875723,94.98158071955156,96.00479676321862,3061600
2020-05-26,97.8651885986328,99.454977594,97.67914815681551,97.93283438974304,4822000
2020-05-27,99.6325454711914,99.75939179513122,97.7045019926568,98.45711534258176,4079400
2020-05-28,97.98356628417967,100.36825274719374,97.67913767599302,99.58181325132357,3798200
2020-05-29,100.41055297851562,100.85028615594838,97.80600584592987,98.7784795291482,5953600
2020-06-01,99.66637420654295,100.12301711372191,98.79537265183342,99.59026382951038,2842500
2020-06-02,103.73387145996094,103.95373800093782,99.64945965126456,100.29214298937345,7277700
2020-06-03,107.57305145263672,108.63855161462592,106.24540693437994,107.1164085260699,7650600
2020-06-04,108.73157501220705,109.08673959271208,106.7950732018256,106.87117713264554,5052500
2020-06-05,111.15007781982422,114.73555587637068,110.39746446329968,110.74417732166395,7788500
2020-06-08,112.35088348388672,112.71449974757547,109.61949049900728,110.49049209700298,5602500
2020-06-09,111.72511291503906,112.39317071966548,110.05921360410888,111.07398429957456,4450000
2020-06-10,111.11626434326172,112.29169468414,110.76956432867192,112.0041823195157,4005700
2020-06-11,105.3744125366211,109.27278428631922,105.13763614038596,109.1290281102726,6013700
2020-06-12,104.83319854736328,108.02123438437084,103.50555405187124,107.6237855596366,5950800
2020-06-15,105.05306243896484,105.30674864185728,102.15253900268992,102.80367402028656,5152800
2020-06-16,106.6428680419922,109.19668546769655,105.26448741267043,108.46943995852298,3529000
2020-06-17,106.7358627319336,108.13115931464988,106.37224006433688,107.44619178398018,2934000
2020-06-18,106.53292846679688,107.08258516970896,105.78030859405392,106.32152005746988,3062500
2020-06-19,105.6111831665039,108.4440609784692,104.83320177801664,108.2918402158602,10377200
2020-06-22,105.89869689941406,106.09318901141536,104.10595137303788,105.50969977206697,3677600
2020-06-23,107.07413482666016,108.32567546436952,106.54983964232588,107.08258651793534,4679000
2020-06-24,104.85011291503906,107.22634782373012,104.12286747060058,105.94943922454075,4747100
2020-06-25,105.75495147705078,105.99172788754368,103.46328485881835,104.85858179399244,2617200
2020-06-26,104.32582092285156,105.61118117297345,103.50555528782608,105.39131462762158,9870700
2020-06-29,105.50970458984376,105.66191890046451,103.52246686072516,104.73172320296992,3540100
2020-06-30,107.37013244628906,107.98744155235777,105.15456940615668,105.19685367990904,5572400
2020-07-01,105.53507995605467,107.27708317511956,105.4251434547182,107.0572166241192,4022000
2020-07-02,106.3891830444336,107.53924549322944,105.72113158876002,106.87965218176464,4799000
2020-07-06,109.534912109375,110.38054565482118,106.71895085463798,107.8267351863094,4957000
2020-07-07,108.74849700927734,109.48419418586528,108.45252005830612,108.85842061400852,3778200
2020-07-08,109.30661010742188,109.7125235838229,107.97897187548158,109.65332302975946,3584300
2020-07-09,110.29600524902344,111.61520475494004,107.31092555675929,108.90916639717516,4977300
2020-07-10,110.38056182861328,110.98096741132731,109.05292367746608,110.11841745564864,2659200
2020-07-13,108.93453979492188,112.96820326711364,108.65547912457936,111.62364877638306,4861600
2020-07-14,111.53064727783205,111.81815968826888,107.1502637035717,108.06354980438448,4247500
2020-07-15,111.75049591064452,112.00418861860564,110.0084924344439,111.14163857287672,3625100
2020-07-16,111.77584838867188,112.20712980339454,110.36364175767852,110.65116700194208,3337600
2020-07-17,113.2219009399414,114.16055490753725,111.83506212238372,112.9005559896492,4666100
2020-07-20,115.49665069580078,115.85181529648337,112.62995300861289,113.48403838858675,4623100
2020-07-21,114.56645965576172,116.4014833900075,114.38041919391678,115.92793054289211,7715800
2020-07-22,112.07184600830078,114.3127704074952,110.34675874106118,113.82231416051312,10911900
2020-07-23,109.12057495117188,112.596130228494,108.51173051372196,112.46929032555592,7793500
2020-07-24,109.6195297241211,111.59831000996328,108.33416254638745,109.72100166595412,5077100
2020-07-27,111.72511291503906,111.90270165774918,109.96619338713604,110.22835065558344,3874500
2020-07-28,110.04234313964844,111.4630018929229,109.69563014509365,110.69347194989128,3545300
2020-07-29,111.31922149658205,111.87734284413264,110.43130351699637,110.71881588269947,2818300
2020-07-30,109.74404907226562,110.57847144578528,108.7648743924078,109.36940674353364,4146900
2020-07-31,108.60306549072266,109.49709565510642,106.79797892373816,109.28423194892788,8044000
2020-08-03,110.1101531982422,110.2634088430176,108.713761194797,109.11393953851945,4311800
2020-08-04,112.58788299560548,112.6730336864114,109.5907709633726,109.87173966025524,5361500
2020-08-05,112.9880599975586,113.06468781865124,111.0978291242505,111.11486185966125,4370200
2020-08-06,113.87358856201172,113.94170651639745,112.41759489538111,112.89440758390978,2961800
2020-08-07,113.7203140258789,114.1886168179155,112.79223130576952,113.87358266335028,2856700
2020-08-10,115.29549407958984,115.63607079236404,112.79221496497604,113.43080604555432,5526400
2020-08-11,115.83190155029295,118.20746764150954,115.499834708659,116.4875253630155,5383800
2020-08-12,118.04571533203124,118.47144281274286,116.3513152816172,117.04951458622664,3073700
2020-08-13,116.77703857421876,118.01165861774116,116.60675018647568,117.59444102442514,2945100
2020-08-14,116.94737243652344,117.76476212159042,116.64935793107048,117.270916565449,2062900
2020-08-17,117.73917388916016,118.55657624970814,117.1857334416576,117.38156441647348,2380400
2020-08-18,118.6161880493164,118.743914088243,117.67107252681458,118.31818660949752,2760400
2020-08-19,117.90950012207033,119.95300018357707,117.52634792059216,118.92273378281016,3803200
2020-08-20,117.98612213134766,118.46293483863798,116.32577453622852,116.9132805477726,2761200
2020-08-21,119.4846649169922,119.62090081596727,116.81109711241544,117.60294391488864,4382500
2020-08-24,120.07215881347656,120.74480238488682,119.13555334222772,119.93592292817326,2841300
2020-08-25,120.61711883544922,121.0939315583514,120.03812267751636,120.54900087615286,2840700
2020-08-26,121.28975677490234,121.49411064302554,120.15732011604156,120.32762150223004,2974100
2020-08-27,120.47237396240234,121.95389736383214,119.6464615638748,121.80915157128857,2801000
2020-08-28,122.17526245117188,122.2604001418089,120.1402858569146,120.48937247521556,2884700
2020-08-31,121.03430938720705,121.98794771420933,120.75334070204264,121.46003683913835,4344600
2020-09-01,123.42691802978516,123.51205573138692,120.9406580870532,121.75806057389508,3563400
2020-09-02,125.7087631225586,126.3303213748822,123.87814083479496,124.69553001743508,4579200
2020-09-03,120.6256103515625,125.5385086087271,119.68049492243269,125.16386638569614,5866400
2020-09-04,119.60386657714844,121.34935165833636,117.25385581413424,119.92742358510462,5251600
2020-09-08,115.83190155029295,118.10529722628948,115.58498538278825,115.96813743203224,5893700
2020-09-09,118.93121337890624,119.92742703817422,116.81109900745705,117.67958663729982,5418500
2020-09-10,116.81111907958984,120.26802446511378,115.98520665096886,118.70986018200944,3985800
2020-09-11,116.11289978027344,118.3522303098171,115.15927445613498,117.68809653162486,3524400
2020-09-14,117.9520263671875,118.44587168497006,117.18572228327888,117.77322814395411,3120400
2020-09-15,119.74861907958984,120.75334263818618,118.65875782454462,119.0248772028339,2718700
2020-09-16,118.93121337890624,121.0172882633151,118.87161829224436,120.98322279193349,3591700
2020-09-17,119.54428100585938,119.65497431724606,115.72976610956358,116.15549362453056,5646100
2020-09-18,118.06272888183594,120.73629650651716,116.64931075745702,120.17433320518536,7025900
2020-09-21,116.6323013305664,116.75150450992736,114.36744092270835,115.68718576842883,6036000
2020-09-22,118.0542221069336,118.19898087968838,115.48283754526749,117.31346046742657,3213200
2020-09-23,115.08263397216795,118.42884510242872,114.70799178114078,118.42884510242872,5766400
2020-09-24,116.38536071777344,117.77323622343953,114.19711560742064,114.19711560742064,2911000
2020-09-25,117.77325439453124,118.437388213193,114.73355400035742,115.75529733736232,3036000
2020-09-28,120.8554916381836,120.90657684542762,118.96526101714214,119.39098840040069,3454100
2020-09-29,120.48087310791016,121.80063085346283,120.22543402938848,121.1535167889184,2722900
2020-09-30,121.57926940917967,122.82239958601755,119.6379527982512,120.19140641491369,5599600
2020-10-01,123.38433837890624,125.3511972100506,122.60100139376748,123.83560845738648,4431200
2020-10-02,120.13178253173828,122.54991160757542,119.91891878227013,120.97472765681424,3928600
2020-10-05,122.6776351928711,122.80534824312248,120.54048786824244,121.153523501621,3052800
2020-10-06,122.48178100585938,125.2830616460068,121.73249660705883,122.48178100585938,3418700
2020-10-07,124.95099639892578,125.41077629092597,123.29917194870391,123.7504419695786,2845500
2020-10-08,126.0664291381836,126.27929289479736,124.78924659850104,125.01914309345226,2323700
2020-10-09,128.4930877685547,129.0124758810901,126.739092402601,127.78637850119186,4209800
2020-10-12,131.89035034179688,132.62260202845107,129.27639072262062,129.91498185660382,5147800
2020-10-13,131.54127502441406,132.72479684133577,130.85158562706746,132.06917291634184,3524000
2020-10-14,130.0767364501953,131.74558036468613,129.574368309739,131.54974942406238,3267400
2020-10-15,129.88943481445312,130.31516222256857,128.45047409627583,129.26787643641202,2936000
2020-10-16,130.37477111816406,131.90739254820863,130.04270422433532,131.0985129855151,4599700
2020-10-19,128.3653564453125,131.90741251030036,127.93962892766028,130.51102677208803,4225400
2020-10-20,128.42494201660156,129.62549652400267,127.45428396623204,129.24233143155985,3916100
2020-10-21,124.423095703125,127.25844178313892,123.1714560914386,126.95191753145716,6700600
2020-10-22,126.20267486572266,126.76463834496558,124.16769771407662,125.010642932941,3167200
2020-10-23,127.6841812133789,127.71823369247518,126.28779571136134,126.37293340518733,3509100
2020-10-26,124.26986694335938,126.44108000655308,122.79685328546871,126.1856408828526,4290700
2020-10-27,125.26605224609376,126.29631848636026,124.78072966440727,125.70030260000324,4102400
2020-10-28,121.75806427001952,124.1932260751068,120.70225539916746,123.205535162907,7413600
2020-10-29,125.36846160888672,126.32893812921196,121.20066087174511,121.50938733692269,5600400
2020-10-30,123.99630737304688,125.16260558163526,122.22971150242935,124.3479149627738,5427000
2020-11-02,124.8624496459961,125.97728243126788,123.67899646626958,125.59996186031016,3756600
2020-11-03,126.32036590576172,127.42662809547136,125.7715203157759,125.94303210911316,3588600
2020-11-04,130.3766632080078,131.63729502808167,127.2979830315867,129.3218533678167,5015300
2020-11-05,133.4038848876953,134.0384928150266,132.19470534807482,132.78643206259162,4638100
2020-11-06,135.2733612060547,135.67642094157762,132.87215789041957,133.82406297647293,4217700
2020-11-09,133.96987915039062,141.18206174841393,133.83266451008262,138.92664353331898,5308600
2020-11-10,129.91358947753906,134.08139000073788,129.51052958298305,133.2495440979742,5697900
2020-11-11,133.5239715576172,133.72979356963407,131.75737514905163,132.87222148116444,3497200
2020-11-12,132.49484252929688,134.57873571327735,131.77448536092146,133.7983553236242,2607100
2020-11-13,134.338623046875,135.47919516047352,133.06084938432704,134.33005203928684,2439800
2020-11-16,135.76217651367188,136.6883555389003,134.31287821730996,134.87030768502927,3456500
2020-11-17,133.3524169921875,135.76219169431369,133.0779877308385,134.97322719619638,3526700
2020-11-18,131.68014526367188,134.07276469643608,131.56008574169638,133.55822949604382,2998400
2020-11-19,134.87034606933594,135.00754763820922,130.95982001798922,131.31141457726977,2465300
2020-11-20,134.48443603515625,136.13954357521524,134.2528879506448,134.91322199917266,3013000
2020-11-23,134.99896240234375,136.10523744414442,133.04369958272818,134.55302136535002,2803000
2020-11-24,136.65408325195312,136.74841668144157,134.3729389283297,136.02804636284426,4962800
2020-11-25,135.15330505371094,137.22862699590718,134.86172073094343,136.82556725036642,3543700
2020-11-27,136.34536743164062,137.46020048507174,136.1652715666426,136.6798199647718,3084400
2020-11-30,138.28346252441406,138.50642649739143,135.2562349032784,136.55116370202643,4845200
2020-12-01,140.2044219970703,140.92477918758087,138.60933788350692,139.4669097061645,4894400
2020-12-02,139.54408264160156,140.2730238969176,138.77227326521387,139.60410586240604,4212300
2020-12-03,138.90948486328125,141.12202181075074,138.5836164578068,139.92142645267023,4778600
2020-12-04,142.80287170410156,142.8714790240816,139.3725842181501,139.79278606045384,3741600
2020-12-07,142.60562133789062,142.74283597841432,141.70518133753615,142.67422865815246,4645300
2020-12-08,142.9401092529297,143.42036061372406,141.49939442708134,142.61424075785155,3259900
2020-12-09,139.578369140625,142.75996599549956,138.89232222956852,141.32782278613476,5593900
2020-12-10,138.92666625976562,139.67274972453805,137.8804273559068,139.06388092252,5597300
2020-12-11,137.7345733642578,138.88371615242576,136.8941568713966,137.7345733642578,4145800
2020-12-14,137.31442260742188,139.5698411244771,137.20294714706685,138.45499492235624,5994200
2020-12-15,139.2525177001953,139.5526599888679,138.249160231104,138.94379131851278,5732100
2020-12-16,139.02957153320312,140.0929655475491,138.0004877275031,139.73278686982962,3147900
2020-12-17,139.51837158203125,139.7927877798182,138.42068061986654,139.70703844291972,5253400
2020-12-18,140.7018280029297,141.1649110715984,139.01241031202173,140.10151720414348,7072600
2020-12-21,139.29539489746094,139.61270539282427,136.8341677766767,138.54074053735957,3077300
2020-12-22,139.37258911132812,140.17870879250978,138.97810027897012,139.0895888135404,2640900
2020-12-23,138.05191040039062,139.98144703006355,137.90612475863182,139.09814908643168,2012400
2020-12-24,138.61788940429688,138.79798521936073,137.62310308933755,137.828925008624,1044400
2020-12-28,138.4721221923828,140.43595589362675,138.06906239197556,140.43595589362675,2139300
2020-12-29,138.22340393066406,139.5097615142201,137.70029774210371,138.89232191277873,2433700
2020-12-30,139.52694702148438,139.89570974693603,138.7208273330871,138.83231586865531,2213800
2020-12-31,140.7532958984375,140.97625990662587,138.8323299165102,139.67274680869266,2906200
2021-01-04,139.1153106689453,143.93486042114762,137.8632499732852,141.15633591968248,4659900
2021-01-05,140.1358184814453,140.23872291559255,138.30918626228444,138.66936486730768,4734100
2021-01-06,140.83045959472656,143.60041319000752,138.9866852291374,139.18392310377743,5254400
2021-01-07,144.02064514160156,144.67239515700825,141.34502466355158,141.78238167692194,5673600
2021-01-08,146.78199768066406,148.14553375093226,144.8095798529857,146.74768747955233,4556500
2021-01-11,146.91062927246094,147.53665304939952,145.04969995681603,145.9930342115244,4553100
2021-01-12,147.75962829589844,148.9259265031444,146.61905619660212,146.89347237656776,3406600
2021-01-13,146.99639892578125,148.2313045252719,146.53330278321806,147.75105328118568,2953900
2021-01-14,147.253662109375,147.9654352005693,146.08736391756972,146.73054277881144,3416300
2021-01-15,145.09255981445312,146.7219408304397,143.70329783060126,146.62760741885066,3734600
2021-01-19,149.3804473876953,149.8178043342976,146.807731756017,146.807731756017,6277800
2021-01-20,148.64292907714844,150.22942913496357,148.1798329541696,149.9378578489445,4329500
2021-01-21,150.16082763671875,150.47812501582663,147.59668324013649,149.57767200739085,3583900
2021-01-22,148.19700622558594,150.46099564466232,148.14555400239252,149.6377339025488,3736800
2021-01-25,148.2913360595703,149.70633759054977,146.37037023213873,148.6772408096523,5401900
2021-01-26,147.04782104492188,149.45759543805855,146.90203542558862,147.56236930122046,5341900
2021-01-27,139.7241973876953,143.74621209542218,138.96095884363166,142.74285444213692,10011200
2021-01-28,145.1268768310547,146.73054504803014,141.619411194028,143.96916271421978,6796600
2021-01-29,142.95272827148438,144.9457299519462,141.51190027376896,143.78098221317444,5969800
2021-02-01,148.79367065429688,149.2595617597384,144.10018868680436,144.39352801855853,5715600
2021-02-02,150.76943969726562,151.58907064204723,148.4054391652383,149.3027296121524,4861200
2021-02-03,145.44610595703125,151.2094166223589,145.37708261695562,150.79528974676109,5019200
2021-02-04,148.3967742919922,148.50030271246553,144.9974507279965,146.63672531966992,3519800
2021-02-05,146.61085510253906,149.41486439825158,144.99747550514496,149.08701995577897,4045000
2021-02-08,151.08863830566406,151.32159044705452,147.3959749574203,147.827360985625,4597600
2021-02-09,149.8548583984375,151.17489839612628,149.54425997751926,150.5537015542898,2777700
2021-02-10,150.43292236328125,151.96865542840723,148.93169438468206,151.15764766404408,3414600
2021-02-11,154.62599182128906,154.996977445191,151.36471486363374,151.84786505515964,4776000
2021-02-12,154.98837280273438,155.2126887996675,152.99537144445577,153.57342714662937,2532500
2021-02-16,155.95469665527344,156.85198710709437,154.29817562674893,155.29899452883424,3887600
2021-02-17,154.0306854248047,155.4801492429324,152.15847174856745,153.84951067557375,4315100
2021-02-18,152.2878875732422,153.15929575647354,150.2948862733415,153.08163626782112,4195100
2021-02-19,153.87539672851562,154.92797965770268,152.40005076552185,153.45263369470888,4248500
2021-02-22,149.33718872070312,152.64160675956148,148.9834490733518,151.8478581716287,4386900
2021-02-23,149.13014221191406,150.5019465024158,145.38570180832744,150.26899438133916,6514400
2021-02-24,154.772705078125,155.10056272824986,147.16306108805472,148.07759751749867,5100500
2021-02-25,147.12850952148438,154.00480348078992,146.72300562439688,154.00480348078992,6099600
2021-02-26,148.62977600097656,149.9929577064775,145.92067172076463,149.5011712154088,6060600
2021-03-01,153.28868103027344,153.4526097967273,149.337184170736,150.55369570245267,4771500
2021-03-02,150.8902130126953,153.2800954312234,150.2517569152411,153.2024491012899,5401500
2021-03-03,147.18026733398438,151.52000929376595,146.98183346686696,150.19996923167724,4715900
2021-03-04,140.8475341796875,147.40460688676714,139.48435278977362,147.10263140971958,8318900
2021-03-05,144.8939666748047,145.66183341310196,139.79497976747498,144.54884989279185,5681200
2021-03-08,139.86399841308594,145.17867819334654,139.5706590318994,143.55666228466552,6065400
2021-03-09,146.98182678222656,148.26736169955564,143.47033870176475,144.2295822142657,7610300
2021-03-10,146.17086791992188,149.25959404703673,146.07596244913574,148.09484628419418,4270500
2021-03-11,150.94198608398438,151.50279588439136,148.8023148229138,148.83681991662178,5002700
2021-03-12,149.75135803222656,150.20862618689614,147.31833441845353,149.27683074959097,3514600
2021-03-15,150.90744018554688,151.06273281252987,148.18970072965132,149.66504651026372,3876500
2021-03-16,152.8314208984375,154.27224845820442,151.70119176361078,152.06355439856517,4132600
2021-03-17,154.7381591796875,155.45424833477855,150.4846864917838,151.36471759356658,4004800
2021-03-18,150.43292236328125,155.10052191615054,150.3293939388453,151.98591455409843,4214400
2021-03-19,151.83062744140625,153.61657197189163,148.7850430423826,151.58042932993732,8447300
2021-03-22,155.38522338867188,156.75702754068453,153.3577041716562,153.82359520192026,4476100
2021-03-23,154.2463836669922,157.51629705838266,153.3232244334548,156.94686435459897,4688500
2021-03-24,154.3499298095703,157.61984357616802,154.24640136604168,155.290361442768,5056100
2021-03-25,153.99620056152344,154.82445442506665,149.90665597009829,153.16793353312244,4878500
2021-03-26,162.37367248535156,162.95172809116556,152.71925260759315,153.3663315466938,6363500
2021-03-29,160.63092041015625,161.94233782834232,158.52576731985985,159.4834449797097,4983600
2021-03-30,160.423828125,162.6411453239552,159.28496276346522,162.6411453239552,4458700
2021-03-31,163.0552978515625,164.314937698375,160.9328727719941,161.85604520377728,5427500
2021-04-01,165.70401000976562,166.1181369380788,163.94396069079133,164.88437913492535,4581300
2021-04-05,169.90570068359375,170.46651043876045,167.05856332989083,167.37778478915703,4323900
2021-04-06,167.88682556152344,169.82806285338043,166.5495261274948,167.56760408628372,3506900
2021-04-07,166.59263610839844,167.80052476227132,165.22945481944708,167.7746426564249,3678900
2021-04-08,168.4130859375,169.18095246432648,166.81696569166243,169.18095246432648,3157200
2021-04-09,168.61151123046875,168.72367579363652,166.29066580729906,166.78243895954452,3127300
2021-04-12,166.0232391357422,167.99899473906456,165.0828206482375,166.20442708046775,4504800
2021-04-13,164.9965362548828,166.51501036654523,163.7196241060174,165.77302585593424,4009300
2021-04-14,164.21142578125,165.2208676224501,163.0725602179319,164.32359037411388,3555000
2021-04-15,166.66168212890625,166.9722806061923,164.6341756274716,165.59184000384155,4471900
2021-04-16,165.59182739257812,168.05073291423037,165.34162929944617,167.08443246509142,5792900
2021-04-19,161.39012145996094,164.87572756641876,161.09678215180168,164.22864859349696,5334900
2021-04-20,159.84580993652344,161.32114303318343,158.99166071513253,161.32114303318343,4258900
2021-04-21,162.97763061523438,163.18470064103838,159.5783198877326,162.1148585883356,4796500
2021-04-22,160.30307006835938,162.88275040297813,159.41441579615272,161.04505465305078,3853100
2021-04-23,162.9086151123047,163.93530273227012,160.9156007368453,161.35562288168646,3512400
2021-04-26,165.1000518798828,165.80751808029947,162.106231960704,162.94312186115778,3842300
2021-04-27,164.1078643798828,166.09222940528178,163.736865582144,164.8412126651829,3864100
2021-04-28,156.8692169189453,158.75005362647573,155.29896550416103,156.7139111077158,9434200
2021-04-29,160.32029724121094,160.51873111242986,157.58529845226855,158.43082447979498,4547300
2021-04-30,156.5985870361328,158.67199315671186,155.40139889241254,158.0473675001966,6193600
2021-05-03,155.1151123046875,157.71771481571406,154.03936516795565,157.44878134091132,5136100
2021-05-04,155.31463623046875,155.50549480052263,152.27826673645575,154.64663123528015,5222300
2021-05-05,157.58755493164062,158.91488096951096,155.7050076311155,157.03233366898584,5257100
2021-05-06,159.8605194091797,160.35500698461803,156.1127655768199,157.83047946455792,4525800
2021-05-07,162.88818359375,163.18315522244777,160.85815715443226,161.9685996462395,4591400
2021-05-10,157.93458557128906,162.48045578381706,157.73505643477088,162.48045578381706,4580400
2021-05-11,158.93226623535156,159.2185541160558,153.9092489330503,154.77678315184318,4641300
2021-05-12,153.20651245117188,156.24288150579574,152.9202246375194,155.88718938239248,5297900
2021-05-13,155.2799530029297,156.70270857773284,153.77043871212382,156.14748721287114,4361000
2021-05-14,158.99298095703125,160.42440695172348,155.72237363708928,156.76341192754907,4433500
2021-05-17,156.87615966796875,158.22083988569378,155.15844622025494,158.10805624057295,4162300
2021-05-18,155.17581176757812,157.7697433506101,154.93290329182813,157.11909281109712,3454100
2021-05-19,157.6482696533203,157.8304443688864,151.8184404798911,152.02665339234125,4780000
2021-05-20,160.7540740966797,161.82980792686317,158.13411736385723,158.13411736385723,5387000
2021-05-21,160.50250244140625,161.95996682509386,159.7477519005362,161.95996682509386,3682300
2021-05-24,163.6950225830078,164.2675983049643,161.75174130130122,161.75174130130122,4175900
2021-05-25,163.70370483398438,164.55388466394814,162.99233365636783,164.3717098905739,4270100
2021-05-26,163.40870666503906,164.64060337082685,162.16812614713882,163.14844381451636,4221600
2021-05-27,164.07675170898438,164.87488160504338,162.9923339310474,163.73841389176891,10107700
2021-05-28,164.67530822753906,165.72501694173874,164.19816188584915,164.8748373386028,3306500
2021-06-01,163.9639434814453,166.59257072270182,163.13110492814198,166.02867885758835,4817300
2021-06-02,165.48211669921875,165.57754597229442,163.3913565038912,164.39769915859478,3137900
2021-06-03,161.3613739013672,162.97498816988175,160.40708091124262,162.82750893277566,4205300
2021-06-04,164.89222717285156,165.1611606493862,162.64530359667927,162.9055664969622,3462900
2021-06-07,163.57354736328125,164.6579649230517,162.80144259022543,164.13743919935428,2726100
2021-06-08,162.1681365966797,164.8054475702217,161.4567655460991,164.8054475702217,3063600
2021-06-09,161.75172424316406,163.2091883601218,161.50881576325764,163.17447958440985,2866900
2021-06-10,163.0963897705078,163.87716506482747,161.27456310040446,161.6562801731894,3188700
2021-06-11,163.6776580810547,163.73839182244365,162.17682778518397,163.16581613586175,2309400
2021-06-14,165.05703735351562,165.13512548504278,162.28961462272412,163.32196910880813,3360300
2021-06-15,163.62557983398438,165.46474758316248,163.2004834303931,165.23052294625083,2600100
2021-06-16,162.86221313476562,165.25661631450913,161.62164541919265,164.75344482365756,3357900
2021-06-17,162.7927703857422,164.42373874793995,161.5348485742156,162.43709146129012,3222300
2021-06-18,158.81947326660156,161.63027526488332,158.32497247800322,161.3700123886484,7535200
2021-06-21,161.45677185058594,161.91656386449918,159.07105307602797,159.84315789538414,3771200
2021-06-22,162.2635955810547,162.47180856051318,159.92125582161387,160.91892812264058,3299700
2021-06-23,161.44810485839844,162.64529294123446,161.3526755757973,161.77775882214047,2473300
2021-06-24,163.62557983398438,163.70365471295491,162.61923726886073,163.139762937033,2876700
2021-06-25,163.243896484375,165.04836907246073,162.53252537766528,163.13979662425172,4639100
2021-06-28,166.15879821777344,166.89620746717608,163.93791313195183,163.93791313195183,3228700
2021-06-29,167.3300018310547,167.44277227628086,165.63829953992624,166.15015478180442,2108700
2021-06-30,166.8267822265625,167.4340533476775,166.12408184087818,167.29524473784616,2687600
2021-07-01,165.56021118164062,166.9829666338427,164.8835356151982,166.58390834466917,3455900
2021-07-02,166.74871826171875,167.26056015176573,165.620921398678,167.11308095823617,2389900
2021-07-06,165.8725128173828,167.2345476718099,164.4410868858369,167.06971407923393,2619600
2021-07-07,164.6405792236328,167.4253688120101,163.94654946986907,167.23451029878717,2749500
2021-07-08,163.30462646484375,164.2242105081309,160.81479455493076,162.71469638352443,3146900
2021-07-09,165.06568908691406,165.58620151665474,162.2288493516398,163.24386248902763,3109200
2021-07-12,166.49716186523438,166.58392058013337,164.90957269273673,165.30864424874216,4069500
2021-07-13,165.8725128173828,166.96561422603625,165.45610016707263,165.89853778068223,2695100
2021-07-14,165.94192504882812,168.37969380265156,165.46477863637585,167.43408479094072,3590200
2021-07-15,163.3219451904297,165.94190156275295,162.57586542496747,165.23920114455962,4259900
2021-07-16,161.46543884277344,165.03968825630355,161.12710108084542,164.19817913913298,4337500
2021-07-19,161.56954956054688,161.64762444964808,159.0797177843249,159.8691769630665,4181300
2021-07-20,162.89688110351562,164.1200941197955,161.15312909649742,162.28092607012437,4287300
2021-07-21,168.5098419189453,168.51851249513638,163.4868116624492,163.4868116624492,6352800
2021-07-22,159.5482177734375,162.80147102087713,159.21855054169012,161.1358069466906,12673900
2021-07-23,163.00283813476562,163.07261623412916,158.91140819718953,160.6823236460881,5983000
2021-07-26,164.23281860351562,164.86966002173764,161.65932275831102,161.70294403935097,4516600
2021-07-27,161.50230407714844,163.8664257888156,158.97241617098243,163.58727354720023,4649900
2021-07-28,163.00283813476562,163.56987504371028,161.40639455697695,162.5404816862168,2956700
2021-07-29,165.6024627685547,166.15206166832616,163.53494433432428,163.8664368115818,3081800
2021-07-30,166.29165649414062,166.57954104213073,164.328818194403,164.44223088913068,2521600
2021-08-02,166.3788604736328,168.89129717399933,166.108427167119,167.84443967461593,2922600
2021-08-03,165.1750030517578,167.01570952685498,163.5175006554333,166.5620721076518,3703400
2021-08-04,167.82699584960938,168.69063595117197,165.09646615242482,165.65478392030153,3793600
2021-08-05,168.50746154785156,169.153008625925,167.13783044513931,169.06577936984996,2769500
2021-08-06,168.33297729492188,168.91746518171985,167.6612468471438,167.81826748329289,2414300
2021-08-09,166.14334106445312,168.8302499796322,166.03866062339034,168.612156853186,2395900
2021-08-10,165.4454345703125,166.2218455406607,162.97663217988273,166.2218455406607,3497100
2021-08-11,165.31459045410156,166.77145094675748,164.00603169061264,166.77145094675748,2339300
2021-08-12,163.89259338378906,164.9307186370178,162.400844080969,164.74752789312214,3949600
2021-08-13,164.61669921875,164.68649062083088,163.13366853074032,163.60474385560028,1923700
2021-08-16,165.6199188232422,165.71588032743617,164.09326700010428,164.43349173109254,2506100
2021-08-17,162.54043579101562,164.65157545144598,161.47614037300616,164.4858225617212,3411800
2021-08-18,160.34207153320312,162.74981489173678,160.1326973367161,162.00830623795653,2862500
2021-08-19,161.4237823486328,162.23509559906316,158.73688708210895,159.4260554181691,3871700
2021-08-20,161.36273193359375,162.40085727113885,159.92332272640672,161.6157140852074,3855300
2021-08-23,163.87515258789062,164.56432089293227,161.88614467882735,162.08678659376164,3529000
2021-08-24,163.84902954101562,165.34077924558426,163.596034030468,163.9362588149617,3268200
2021-08-25,164.0845184326172,164.9830609227957,163.4215202131819,164.32878163511157,3163600
2021-08-26,163.9798583984375,164.52072508388673,162.7585422340851,163.7094250557129,3643700
2021-08-27,166.20437622070312,166.44863940258426,164.05833448121038,164.3549378718739,2859800
2021-08-30,166.9982452392578,167.74848604962364,166.37014934604954,166.96335619960328,2356500
2021-08-31,166.54461669921875,168.10615742529194,164.9743437299562,167.5827419764353,4227500
2021-09-01,164.31134033203125,167.30357115562316,164.15430638437428,167.30357115562316,4536600
2021-09-02,165.236083984375,165.24480291758337,164.04092456740904,165.06161214076891,2061400
2021-09-03,165.64608764648438,166.4748388246273,164.18049498574914,164.59051110854517,2103400
2021-09-07,165.27969360351562,165.83801145044404,164.42475900091625,165.16628092307238,2295900
2021-09-08,164.70396423339844,164.91332515680918,163.23837121276995,164.44224976778435,2021600
2021-09-09,164.4160614013672,166.30038937099815,164.23285730236867,165.45418690254397,1827900
2021-09-10,166.3177947998047,168.76044021239218,165.17498907143556,165.17498907143556,3331700
2021-09-13,169.22280883789062,169.35367269584444,166.83251677756607,168.332998498273,3687200
2021-09-14,170.20860290527344,171.2816173776683,169.0657970339186,170.11264139562198,3239600
2021-09-15,172.29356384277344,172.37207417081382,169.96433093147587,171.09841781144465,3995900
2021-09-16,171.70037841796875,172.15400257759788,169.981803362124,171.49972313942396,2661500
2021-09-17,171.20309448242188,172.12780715592538,169.77240418709908,172.12780715592538,5819300
2021-09-20,168.01022338867188,169.0134597911355,165.54140751626457,168.26321887827905,4614300
2021-09-21,168.33297729492188,169.6677059475724,166.48353883064237,169.205349659339,3093400
2021-09-22,170.91522216796875,171.59567166725523,169.0134564677445,169.894547919039,3526100
2021-09-23,173.31423950195312,173.68936659133118,170.8018024927068,171.24672097804697,2756900
2021-09-24,175.04153442382812,175.27707872280743,171.9620606055476,172.18015372758646,3191500
2021-09-27,174.76234436035156,174.8670247766637,172.44183084890363,172.93035720682005,3022300
2021-09-28,170.01666259765625,173.69807532252125,169.7200591657479,172.28483624349568,4274600
2021-09-29,168.42897033691406,170.827994788437,167.5914868532073,169.7026267731857,3436800
2021-09-30,167.67869567871094,170.10388975299676,167.58273418751205,169.6589713340993,3270800
2021-10-01,169.05706787109375,169.52815649482383,165.90780248411482,168.7430132257232,2986100
2021-10-04,166.09970092773438,169.57175269091675,164.90455499006688,168.4027635491986,3934100
2021-10-05,169.13555908203125,170.30453486122,166.34395685346365,167.69613668704872,3860200
2021-10-06,169.58050537109375,169.81604969497894,167.14659172877725,167.53915672768647,3103400
2021-10-07,170.3831024169922,172.51169384123358,170.1388391366383,170.81928874781704,2873200
2021-10-08,170.322021484375,171.30779341433316,169.23155579668108,171.1420404999879,2574100
2021-10-11,168.69064331054688,171.1856288564501,168.63830309742278,170.01665305885774,2280200
2021-10-12,164.42474365234375,169.44088487386455,163.43023966435695,169.170451563911,6225100
2021-10-13,163.22088623046875,165.2098942968572,162.714908626023,165.0179712982279,3796500
2021-10-14,167.92298889160156,168.0014992226142,164.81733158094931,165.2011776143641,3412800
2021-10-15,169.6328582763672,169.93819402687035,168.05386591763124,168.2457889645732,2648900
2021-10-18,170.0341339111328,171.0373570013688,167.16402081798546,168.51620090886547,2804600
2021-10-19,172.93038940429688,173.20082273768443,169.10067482880962,169.772405351685,2666100
2021-10-20,173.93357849121094,174.49189618279277,171.9009496094702,172.8169431080473,3043300
2021-10-21,175.59986877441406,175.85286427409272,173.6021414459244,174.1691782919368,3276300
2021-10-22,173.66317749023438,176.4111451850734,172.85186424832762,175.8266572830753,3649200
2021-10-25,174.64898681640625,176.44607219071662,173.65448261356704,174.47451496371235,4254900
2021-10-26,171.8399200439453,174.82343220075788,171.41246606626436,174.54427994098126,5837500
2021-10-27,163.22088623046875,164.45965347803724,160.12396145587417,161.94721663150577,10365500
2021-10-28,163.89259338378906,165.40180717258434,162.4619032251522,163.80536413333505,5123000
2021-10-29,164.55970764160156,165.3321278973032,163.4625258662673,163.6029683479098,4552200
2021-11-01,164.55093383789062,165.51645915064603,163.3308682481354,163.9013974099159,4203900
2021-11-02,166.19232177734375,166.21865306961303,163.35720769858008,163.39231162382816,4009600
2021-11-03,166.06065368652344,166.86817784400515,163.84873153748018,165.61299496263064,3666900
2021-11-04,167.74591064453125,167.84246316661773,165.38477356259634,166.33274012671876,4828000
2021-11-05,169.75595092773438,171.5377729754958,168.36912501515673,169.9753872724669,4510500
2021-11-08,168.8430938720703,171.49388854482586,168.28133739108875,170.31769961214775,5213900
2021-11-09,167.46502685546875,170.23870533317006,167.11393407820594,169.08008845353808,4314700
2021-11-10,164.1559600830078,167.62305197986714,163.68197003317584,166.45564890799645,4304600
2021-11-11,165.54278564453125,165.73589070148657,164.3490513803219,165.5778895670087,2554800
2021-11-12,166.8418731689453,168.3867004914353,164.4105142829425,165.81491249853997,3121700
2021-11-15,166.0957489013672,168.44811340490494,165.454998545726,167.84246697021305,2985200
2021-11-16,165.4725799560547,166.99107587087076,165.15659105073655,165.98167393647466,3312000
2021-11-17,166.39419555664062,166.9822833449974,164.3578198775562,165.37600771709842,4167800
2021-11-18,169.81741333007812,170.4230598336794,166.8945193735673,167.27195688170502,4677300
2021-11-19,171.30079650878906,171.37979038086456,169.07131567911267,170.18605609395087,5129100
2021-11-22,168.9659881591797,172.83684855686235,168.7202205205965,171.77477073822436,4712300
2021-11-23,169.08888244628906,169.9754005265365,167.1841764326886,169.94029660170793,4881400
2021-11-24,169.93150329589844,169.99293850520772,166.85939460382724,169.28196692226138,6494000
2021-11-26,165.2443389892578,168.98354284747808,164.46314614354168,166.6487369424545,3324900
2021-11-29,170.6161651611328,170.92336803318105,166.60486201867965,167.71082985938483,4576200
2021-11-30,168.85189819335938,170.89704682336233,167.6493911396381,169.6769811094407,8775600
2021-12-01,168.31649780273438,175.46134672132973,168.2023999778852,171.8011490380446,7279100
2021-12-02,169.91397094726562,171.08137403820507,166.77164053421052,167.17540934646516,4236700
2021-12-03,169.7384490966797,172.06446958870268,168.2462708560091,170.83563110109336,4901000
2021-12-06,170.8180389404297,171.3797954807922,166.56096824080817,171.30957423908035,4084600
2021-12-07,174.69764709472656,175.42617730554346,171.97663129014924,172.38917265523023,5815600
2021-12-08,172.38038635253906,174.2324293361273,170.16846460781215,174.2324293361273,4255900
2021-12-09,169.75595092773438,172.82805975398946,169.6242944782275,171.66067018614433,3626700
2021-12-10,172.03811645507812,172.35410536797386,169.2381061922892,172.05567511505382,3264200
2021-12-13,169.6155242919922,172.68763316254888,169.32586670556844,172.12587664766605,6178300
2021-12-14,167.00857543945312,168.24618593683596,165.15653261505406,167.6229943731411,6130400
2021-12-15,169.79107666015625,170.0280716743487,164.9020282283536,168.5271211089063,6342000
2021-12-16,165.22679138183594,170.48447751630778,164.7703600445202,170.28259983364808,5452300
2021-12-17,163.5239715576172,166.22742901101762,162.93588374372794,164.47193820179646,8427700
2021-12-20,161.71578979492188,162.43553393589482,160.4255032050513,161.19790991812846,4474300
2021-12-21,163.5854034423828,164.56848738300627,161.71581487607486,164.51581140940277,6089400
2021-12-22,164.07693481445312,164.147156050923,161.64558979417444,163.2518654209278,3375500
2021-12-23,164.48947143554688,165.841206760044,164.13837865671516,164.3490423600128,3266500
2021-12-27,168.3866424560547,168.48319496751634,165.07755256746697,165.08632519820733,3405600
2021-12-28,167.73715209960938,169.2819791893987,167.1051743371201,169.22931660807993,2806900
2021-12-29,167.4825897216797,169.65062182876065,167.438699775086,167.9916836368375,2754900
2021-12-30,166.25376892089844,168.41301522791784,165.90266270485236,167.5352697778017,2109200
2021-12-31,165.42868041992188,166.77162984138857,165.25313401454474,166.2537632578598,2813900
2022-01-03,167.2982635498047,167.31580881302762,164.54214377743529,165.73587794979895,3781500
2022-01-04,167.47381591796875,168.6148875547644,165.19167264437743,167.64936230978395,4137500
2022-01-05,163.9803924560547,168.18478678282924,163.8311639606597,167.13149504316388,5047400
2022-01-06,163.92771911621094,165.47255952629462,163.07630504292564,163.84872524796748,4502600
2022-01-07,157.5026397705078,161.5578193112097,157.0286497450585,159.72333460406668,7414200
2022-01-10,160.59230041503906,160.829282024141,155.25560690417947,156.15089754744997,7195800
2022-01-11,162.06690979003906,163.33086530639673,159.05624950297292,160.18853517359972,5239300
2022-01-12,163.28697204589844,164.4368163513003,161.85624278996673,163.26064075595272,4240100
2022-01-13,161.63681030273438,166.44686474537494,161.16283367906712,165.86754956607902,5361100
2022-01-14,164.14715576171875,164.31392952387444,160.6274016723555,160.85561064548196,4731400
2022-01-18,159.9954071044922,161.82111887740385,159.1001031769433,161.16280992342112,7382800
2022-01-19,156.5019989013672,161.13649328730878,156.40544637693796,161.01360947379257,5207300
2022-01-20,152.24493408203125,158.4857042941471,152.1834988697217,156.92331858305934,6057800
2022-01-21,154.16717529296875,157.59916243751033,152.13958590684035,152.7803361897014,11527900
2022-01-24,156.537109375,156.78287701232023,150.19978659838898,154.29008332331122,11717600
2022-01-25,152.69261169433594,156.24747022257077,151.88507405549416,153.52646723314,8157600
2022-01-26,156.52835083007812,160.84685692307758,154.6411900389099,159.986670115041,12852700
2022-01-27,153.4386444091797,158.88944828341636,151.93770753781726,158.7841097463644,6752900
2022-01-28,156.64596557617188,156.80501300010985,149.66586394142578,153.5711880276076,7322100
2022-01-31,158.58982849121094,158.72235679691144,155.3648337382401,156.99057720428306,6980800
2022-02-01,160.1802215576172,160.51597790698065,156.06285158385552,158.6781756758739,6233700
2022-02-02,165.96751403808594,166.3297760156916,160.35692941707632,160.40994073437983,8993800
2022-02-03,155.1439208984375,164.827720944714,154.51660236980538,163.67026230899242,11691400
2022-02-04,151.45950317382812,152.65231180703432,148.00478833077185,152.39607244990435,11408600
2022-02-07,150.16065979003906,152.41373509215384,149.2417655221535,152.39606015949545,6418900
2022-02-08,152.52859497070312,153.0233852063711,148.87949675961772,150.23133918279012,4622000
2022-02-09,156.13352966308594,156.56646442561637,152.90853508969883,153.97764613024123,7140600
2022-02-10,150.78799438476562,156.23954500757569,149.97512273495843,152.11333123419502,7583400
2022-02-11,145.2569122314453,151.406481099453,144.59424381162663,150.14298630167983,7564200
2022-02-14,143.5516815185547,146.36138972557916,142.2881864606973,144.85051296731922,7468000
2022-02-15,146.8208465576172,147.35098680572827,144.97421338067366,145.61920701298845,6969700
2022-02-16,148.64981079101562,149.28597366388934,145.1067343914223,145.60152474098498,4594300
2022-02-17,145.47781372070312,147.89876740126525,145.0802153323763,146.73247789670495,6807700
2022-02-18,147.32447814941406,148.5349483968507,144.9388605633919,146.0079717652929,6359100
2022-02-22,147.28028869628906,151.2121191938325,145.7959042101676,146.7236428287403,7293800
2022-02-23,146.35255432128906,150.16953155454064,146.11398987370438,148.4554267867578,5893900
2022-02-24,149.84262084960938,150.143027379764,142.4207379098742,144.70915024338936,7754800
2022-02-25,150.9293670654297,151.06189535772216,147.67786698027714,149.96627870735117,4830100
2022-02-28,150.1959991455078,150.68194516241113,147.54532567721003,148.99435996726527,5656600
2022-03-01,147.8104248046875,150.21370385326597,145.2304368370719,149.63939649588878,6049600
2022-03-02,150.293212890625,151.53901935546764,148.29636329243473,148.8706840499244,5304100
2022-03-03,151.08840942382812,152.63463583606028,149.5951943314629,151.7245722262799,5154200
2022-03-04,150.1871795654297,151.75991166927685,148.56143614064771,149.74540058160687,6804700
2022-03-07,145.6898651123047,151.06189889196236,145.57499826828138,150.96470698133277,7064800
2022-03-08,147.85458374023438,152.59045487943726,143.48097459529345,145.63685814491913,7486500
2022-03-09,152.37843322753906,153.73027601863967,149.71008403663606,152.50213082012257,6047300
2022-03-10,152.63462829589844,153.226610475209,148.9590241704244,149.74539016766067,6079100
2022-03-11,150.52293395996094,155.00256578731506,150.15184123619383,153.65072319286904,4869700
2022-03-14,147.3068084716797,151.6627434617276,146.75016255079925,150.1695415878875,4863200
2022-03-15,152.2547149658203,152.53744650390374,148.3405461711006,148.95020332393702,5138600
2022-03-16,155.79774475097656,155.92144230072557,151.4683035457177,153.52699478812903,5660400
2022-03-17,157.68861389160156,157.6974446189995,154.83472502698746,155.36485179342134,4930700
2022-03-18,159.12881469726562,159.3497042160114,155.2765009510583,157.450046265582,9031500
2022-03-21,159.44686889648438,160.1095373394817,157.03474605691687,158.41309426122746,5030600
2022-03-22,161.11683654785156,161.46142369242276,159.0404694702895,159.81800496861533,3802900
2022-03-23,158.22755432128906,161.69109975837978,158.18337372877542,160.80754183620286,4821100
2022-03-24,162.7602081298828,162.8662307645725,158.7135112942674,159.34082985887963,4169400
2022-03-25,163.3698272705078,164.5184550748749,161.86778174880703,163.16661275714202,3738800
2022-03-28,164.05902099609375,164.1562129023578,160.81636518822782,161.832464841356,3117000
2022-03-29,168.7683868408203,169.0599625608522,165.4815504284907,166.08237680122946,5835700
2022-03-30,165.62294006347656,168.67121238719213,164.96911578910598,167.87601560084016,3865700
2022-03-31,162.115234375,166.65672241262558,161.850164251927,166.2237875775653,7170700
2022-04-01,160.8782501220703,163.35221533941044,158.81955826359206,162.9546034343538,4631700
2022-04-04,161.43487548828125,162.00035202478136,159.5440620554192,160.40994505274224,4644800
2022-04-05,156.5487823486328,160.67500960839675,155.83310260630856,160.48062579171318,6956500
2022-04-06,156.61062622070312,158.69582325014403,154.46358715347705,154.62262109237264,6932900
2022-04-07,156.91989135742188,158.09501152214253,154.88770545314205,155.72708277738133,4178500
2022-04-08,153.83628845214844,156.6548407123226,153.58889328342082,156.55764879017778,4504500
2022-04-11,151.9189453125,154.1278400309392,151.77757281483426,152.65229997686464,4347800
2022-04-12,152.8555450439453,155.83313140483045,152.3165740857232,154.99375394058973,4550800
2022-04-13,154.71981811523438,155.05557441782543,152.33421457867072,153.12941126351757,5229100
2022-04-14,153.43865966796875,155.60337370690388,153.32379283307074,154.5431069819176,4578500
2022-04-18,156.00096130371094,156.90219402481466,152.85549772725622,152.85549772725622,3564000
2022-04-19,158.20989990234375,158.45729507407015,154.8258710037693,154.98491846103664,4671900
2022-04-20,158.52792358398438,162.27421314855715,158.22751719661383,160.45408641304996,4553700
2022-04-21,156.59298706054688,161.903179489311,156.18655791362218,160.2420860661604,4735000
2022-04-22,153.12940979003906,156.94638619743074,152.7936534906788,156.66364121228042,6355900
2022-04-25,153.6595916748047,154.77287002197252,151.6804166867019,152.9085619005712,8737600
2022-04-26,148.8264923095703,152.40490444029825,148.76463678624782,151.46832175727943,9591700
2022-04-27,149.6658477783203,151.9012478228682,141.81101986525172,141.8552004494645,12570400
2022-04-28,155.37368774414062,156.2837514527373,150.19603705655825,150.25787910910975,8233600
2022-04-29,150.4257354736328,155.5326991588747,150.14299046862513,153.774414049296,6698600
2022-05-02,153.7390899658203,153.84511261016942,148.50842829287217,150.69081760255818,5851500
2022-05-03,152.44908142089844,154.43708679092407,151.97196606418296,153.63305930982992,5438600
2022-05-04,155.70936584472656,156.2748422194593,147.84570790203412,153.01451222997682,10311500
2022-05-05,150.45223999023438,154.60495947508016,149.01203628121263,154.09249426891276,7740400
2022-05-06,148.95774841308594,151.29731014971748,147.4365989260974,149.3046784341266,5724800
2022-05-09,146.72496032714844,149.85623521246134,145.9777284396278,147.76575050770103,7929700
2022-05-10,149.66055297851562,151.97341588184372,147.93479317893974,149.78509164582024,7033300
2022-05-11,146.50254821777344,151.52858799541158,146.10224644698954,148.31725591305045,5892800
2022-05-12,147.57896423339844,148.06822814955189,144.70567043300235,145.79094182021646,5936100
2022-05-13,150.99484252929688,151.8310226402051,149.07337792302852,149.81171886637307,5329900
2022-05-16,149.89181518554688,151.35070233936048,148.40624214756616,149.50930846335493,3648900
2022-05-17,155.65618896484375,155.77183683945523,152.40038909956405,153.0942491998445,5851300
2022-05-18,151.49302673339844,155.59392475565343,150.94148682277228,154.25067199175302,5747200
2022-05-19,149.10897827148438,151.88443211297297,148.69978570569077,151.10161005848985,5399600
2022-05-20,151.05715942382812,151.49305153244143,146.07559931567283,149.9807924562817,6278300
2022-05-23,151.1638641357422,152.01785301774785,149.65160544809802,151.46632673222527,5384100
2022-05-24,149.322509765625,150.76360196047145,147.9970518900452,149.70501652896965,5121700
2022-05-25,151.23504638671875,152.09792612525268,148.56634952288871,149.52708202271083,4712100
2022-05-26,154.90005493164062,155.52274810739553,150.59454731564983,151.51081232803094,4536600
2022-05-27,158.3159942626953,158.65403354141924,156.13656121138845,156.13656121138845,5857900
2022-05-31,157.23963928222656,158.60067381286288,154.6154229977701,157.22185774003913,9408000
2022-06-01,155.1580352783203,157.97795669153473,153.62798131156063,157.90678981241865,4681600
2022-06-02,157.2040252685547,157.27519214148236,153.352204803638,154.78440588378626,6521600
2022-06-03,153.2988739013672,156.11879582097075,152.99642479108215,155.55836503085098,4485500
2022-06-06,149.23355102539062,155.01572862092883,148.89552525761135,154.4730929497843,5603800
2022-06-07,151.0927276611328,151.29732395536612,146.99182956453222,147.77463808869655,4416100
2022-06-08,147.1074676513672,151.00376955398605,146.57373640393513,151.00376955398605,5112600
2022-06-09,143.7360076904297,148.3172649866434,143.6292641646751,146.78721110692487,5353200
2022-06-10,140.3556671142578,142.7130106563252,140.266705119816,141.5832720543429,6511000
2022-06-13,136.57498168945312,139.59949877307616,136.22805170883936,137.793682005562,7765000
2022-06-14,137.06430053710938,138.71889347342028,136.13914450084042,138.01612888787216,4772600
2022-06-15,138.70108032226562,140.4713209263607,136.3882176797146,138.52316989956097,5442100
2022-06-16,134.65353393554688,135.71211911950772,133.61274386334904,134.78697691322958,6843700
2022-06-17,133.61276245117188,136.29036383573614,132.63424834716986,135.07164962375066,11262500
2022-06-21,136.51272583007812,137.5090348335615,134.97376776199997,135.05383897196657,6283100
2022-06-22,135.74771118164062,136.939725785736,134.46673459121854,135.17838976075228,4242900
2022-06-23,134.44895935058594,136.29036686489854,132.76768072058962,135.95232755532726,4318200
2022-06-24,138.72775268554688,138.88788155196036,135.64986330903417,136.1124276482423,6425900
2022-06-27,138.43418884277344,140.21331997227293,137.9983104032098,139.65290289659205,5762300
2022-06-28,137.1354522705078,141.43205625230874,137.06428538530068,139.43053341708008,4687500
2022-06-29,135.90785217285156,136.36152581205712,134.27105447494168,135.60540308004786,4348300
2022-06-30,136.6817169189453,137.9449117192097,134.22652132593186,135.64983138122963,6807900
2022-07-01,132.13607788085938,135.46305835383953,130.78394784338383,133.74620313609847,8740200
2022-07-05,132.63424682617188,133.15908731378389,128.5066626603292,129.63640128816624,8486400
2022-07-06,134.15538024902344,135.2495420897765,131.9848381057002,133.4348343155106,5238200
2022-07-07,137.6068878173828,138.23847171400368,136.245853703603,136.245853703603,5169400
2022-07-08,138.35411071777344,138.63877817172414,135.34737521045275,135.87222913196297,3467500
2022-07-11,136.60171508789062,137.90048706187423,135.76552110687743,137.09986973861436,4051100
2022-07-12,137.40231323242188,139.18144449307184,136.72623466621053,138.74555244768266,4085100
2022-07-13,137.25106811523438,138.06948039815364,134.92041062648977,135.17839224736684,3755400
2022-07-14,140.4179229736328,140.8538013919281,136.06794811720818,137.10873814833758,4758800
2022-07-15,142.81088256835938,142.9621206939269,140.2311472679994,141.61886769570734,7466100
2022-07-18,142.03692626953125,144.68782774313263,141.45871410563487,143.86053831721694,4088700
2022-07-19,146.45811462402344,147.38325709531424,142.90874215053785,143.540339848964,5390800
2022-07-20,147.07188415527344,148.66420062718552,144.58998849830564,145.79090750312153,5889100
2022-07-21,148.1482696533203,148.39736054375766,145.60411114057763,147.65011501983713,5466700
2022-07-22,145.79978942871094,149.18904560431486,144.88353799048232,149.18904560431486,5269700
2022-07-25,145.17710876464844,145.7642253408179,143.46025360627652,145.7108535745651,4201400
2022-07-26,143.0777130126953,146.04885855097453,142.8642259779927,146.04885855097453,6080600
2022-07-27,152.59608459472656,152.99639999347008,147.2853901880059,148.36175701594445,11623100
2022-07-28,156.3411865234375,156.41235341499447,150.86145803682072,152.93414794219126,6468800
2022-07-29,160.1825408935547,160.52280668755407,155.85763749784462,156.18894029951892,6624000
2022-08-01,160.10195922851562,160.3795387343311,158.2663356300314,159.3318933431412,4865700
2022-08-02,158.68716430664062,161.11375755988195,157.99768347118655,158.93788212624276,4442500
2022-08-03,164.28359985351562,164.87458353916676,159.26026585167895,159.394574115191,6201100
2022-08-04,165.572998046875,166.54005844124174,164.05972799447972,164.55221435222637,4533900
2022-08-05,165.02679443359375,165.35809723953233,162.59123786888745,162.99417629885835,3690100
2022-08-08,163.68362426757812,165.17003242499257,162.18826678262343,163.41499414731962,3547300
2022-08-09,159.12596130371094,161.35556050866586,157.68432670159058,161.122754958776,5306400
2022-08-10,163.97019958496094,164.2656914348095,160.63026860962296,162.4748416755571,4276500
2022-08-11,163.0210418701172,166.25352604315398,162.66287740444108,164.24776951131142,3858300
2022-08-12,165.99383544921875,166.53108207197906,163.89853126485403,164.02389017647442,4160900
2022-08-15,166.01173400878906,166.23559018391586,163.82690921655276,165.54612300195492,2863400
2022-08-16,164.1851043701172,165.65360060735574,163.3254904849316,165.474518366346,4541600
2022-08-17,158.2305450439453,162.02713799440846,156.5919157860784,161.72269679802227,6869000
2022-08-18,159.79751586914062,161.47195587346664,157.41568262126108,158.32005675082522,4390400
2022-08-19,157.9976806640625,158.91996698330487,156.80676421056302,158.45435599122848,4569500
2022-08-22,153.5116424560547,157.12020360220376,153.21615060831033,157.12020360220376,4919000
2022-08-23,154.4786834716797,155.70541102109198,152.47292708990483,152.5266503894269,3663900
2022-08-24,154.18319702148438,154.54136147281497,152.89378313573738,153.4847667772211,3037800
2022-08-25,158.76780700683594,158.9468892769712,155.13238363699452,155.49054817726503,4350000
2022-08-26,151.76556396484375,159.32293828257374,151.71182699640883,158.93791215226705,6583500
2022-08-29,150.37762451171875,152.67885885847969,150.2164409628297,152.16847389037332,4625800
2022-08-30,149.3031463623047,151.19249336706287,147.53019529866305,150.62837133198605,5343300
2022-08-31,147.93313598632812,150.0642377016527,146.8675782971168,149.41953075798028,6489900
2022-09-01,148.78379821777344,149.06137773865262,145.22896042572236,146.26765654386958,5593800
2022-09-02,145.95425415039062,151.12980881801298,145.39909510188764,150.43137851083205,4466200
2022-09-06,146.04379272460938,148.45247399884957,144.91554871384503,146.05274205403984,5057000
2022-09-07,148.47935485839844,149.9388880697779,146.38405033005623,146.5541832372775,5332400
2022-09-08,150.7985076904297,150.9149036342081,146.73327107390645,147.96001245342794,5473200
2022-09-09,152.8848419189453,153.94143667060445,151.64915126901963,151.71182390293393,5196200
2022-09-12,152.74154663085938,153.58324803311038,151.5148191667385,153.34147953897312,5216800
2022-09-13,145.64083862304688,149.84038313176208,145.05881796681436,148.71215279962445,7928700
2022-09-14,147.97789001464844,148.9360010602806,146.00795828730546,147.055603610532,4792600
2022-09-15,145.65872192382812,148.3539451229341,144.80807126377968,147.0466328234311,6105400
2022-09-16,147.97789001464844,148.57782296061075,144.66482115551284,145.94528565929917,13417800
2022-09-19,148.8643798828125,149.20464569473626,146.41987389145712,146.47359719584534,4929500
2022-09-20,148.69422912597656,149.44638262331247,147.6555331555048,148.11220851417792,5220200
2022-09-21,146.22286987304688,152.44606938553426,146.12437260034142,149.11508809798315,6639800
2022-09-22,145.61398315429688,147.3511095305377,144.36039384314304,145.58712150213634,5696200
2022-09-23,144.4230499267578,144.9244992568537,141.7457387055118,144.36037729993157,6936100
2022-09-26,143.67987060546875,146.13332583333286,143.2679691823064,144.7454146492596,4605800
2022-09-27,143.90374755859375,146.33929081585396,142.6411951189679,145.26478362465969,4261500
2022-09-28,145.77516174316406,146.52731530412402,142.74862151436548,144.62901907986367,4881500
2022-09-29,141.88006591796875,144.52156651459626,139.80268735367727,144.00223212084765,6699000
2022-09-30,138.59385681152344,142.19346852436243,138.5043088615284,140.7786956256536,6074700
2022-10-03,143.1247100830078,143.84105272234518,139.75791744015146,140.9488341746412,6668500
2022-10-04,147.87939453125,148.40770552675687,145.5871093180661,145.9990107218871,7233100
2022-10-05,150.25228881835938,151.5327397636633,146.37509767490644,147.1362142436791,5262600
2022-10-06,149.1240234375,151.46108244963318,148.43455625633985,150.23435498355406,4171000
2022-10-07,142.6232452392578,147.79879891643063,142.02331232934017,146.86756323943374,8306400
2022-10-10,140.39366149902344,142.91876622926358,138.02974035265578,142.86504292233923,6573600
2022-10-11,137.40289306640625,139.09524490215784,135.56727002497018,138.44158881297713,9526900
2022-10-12,135.70162963867188,137.716335415898,135.62999401590986,137.32234632225587,4526100
2022-10-13,138.19984436035156,140.3936321338665,130.7051440238307,132.17363997937224,7913800
2022-10-14,132.82728576660156,139.7668266194027,132.6034296100596,139.59669375433552,7470600
2022-10-17,135.2001953125,136.55228184020245,133.8928690942667,136.10456944072635,5936100
2022-10-18,135.66578674316406,139.66833610846177,133.90179905138427,138.87140869921325,4866600
2022-10-19,136.6865997314453,137.01791622132274,134.18837037800256,134.87785134747278,5060100
2022-10-20,137.6446990966797,140.38469675374765,136.47169481397,137.79691967061703,6506200
2022-10-21,143.01724243164062,143.29482191856636,137.84168845996848,139.15796393798828,7706200
2022-10-24,144.7454071044922,145.0498619070897,142.09495746410764,143.45600692606317,5467600
2022-10-25,145.2021026611328,147.61974711851892,144.33353942945308,144.70961624165986,8611200
2022-10-26,141.36068725585938,144.30664205013537,135.50461596827756,136.61494746974242,12964700
2022-10-27,140.3667755126953,143.21423325396844,139.17585898428865,143.08887433850967,7050500
2022-10-28,145.63778686523438,145.93563475910204,140.33973843598767,140.6917379883696,6776100
2022-10-31,144.97891235351562,145.80926988228632,143.74238985968256,144.77131264229394,6298800
2022-11-01,147.0277099609375,147.50606790889194,144.91571293351183,146.43202802615104,4972300
2022-11-02,143.04739379882812,150.1595897721381,142.85784927199515,147.35261477936643,6923900
2022-11-03,141.26934814453125,143.15570395988317,140.19529457566458,141.14298971125496,4555400
2022-11-04,146.8020782470703,146.8472092165889,142.98423510485557,145.86341743245964,6689900
2022-11-07,149.5458984375,150.0964632753194,145.8092823524431,147.84907294939305,4928300
2022-11-08,151.73007202148438,153.29150427050786,149.6090405894293,151.12535564494968,5112300
2022-11-09,148.9140625,151.3870794308832,148.83282126060723,150.1776467878939,4800400
2022-11-10,157.6689453125,158.12022742111805,152.42504941388418,155.33130729514738,9898200
2022-11-11,162.00125122070312,163.17457364862292,156.5046248436524,157.99386401853278,6911900
2022-11-14,160.1510009765625,163.47243076975357,159.97951156740714,161.55899898767774,5447300
2022-11-15,160.26832580566406,164.82626383311694,159.58236822438022,164.3118094191903,6601000
2022-11-16,156.55880737304688,159.230389951767,156.18875270987422,159.230389951767,7664800
2022-11-17,158.27365112304688,158.3368234525784,154.00452651658958,154.04964370681088,5339800
2022-11-18,158.1112060546875,159.573369572646,157.0822833127365,159.22137004966376,5474800
2022-11-21,155.60206604003906,157.650890675884,155.48474205640852,157.42524962085378,4702700
2022-11-22,159.95242309570312,160.03365056560602,155.5569400007206,157.8043159669182,4673500
2022-11-23,161.5409393310547,162.26299345740185,159.30258393421175,159.75386604167412,3939100
2022-11-25,159.81704711914062,161.8207269429598,159.78093683933903,161.78463043519474,1586400
2022-11-28,156.14361572265625,158.87838430667156,155.58403029301437,158.5895709072568,5358800
2022-11-29,156.12554931640625,157.37109230235814,154.61826877574387,156.72124498551685,3134000
2022-11-30,162.87673950195312,162.92185669374487,154.311400395915,156.47754893930815,9780300
2022-12-01,160.2051239013672,162.930871274056,159.0408223000329,162.49763060059843,5479900
2022-12-02,160.34954833984375,160.64739615854344,156.57682307501668,158.0750828519779,3822900
2022-12-05,160.10586547851562,161.2340707467762,158.25560608416086,159.51920424783492,4875300
2022-12-06,157.35304260253906,160.80084452898183,156.3060648034273,160.7827893884352,4417900
2022-12-07,156.82054138183594,157.97582254176356,155.46669498141722,155.719411874399,3242800
2022-12-08,159.1762237548828,159.3206373329809,156.00822835306303,156.8295513129177,3902700
2022-12-09,157.28082275390625,159.3747781782759,157.15446432464503,158.81519281612424,3966700
2022-12-12,160.18711853027344,160.26835978930842,156.0624065723623,157.14548104842402,5347000
2022-12-13,160.2051239013672,165.250453793874,158.7339400466584,164.38399999102865,6951000
2022-12-14,158.6888885498047,162.29011189891966,157.17257310909267,159.53728756610957,5114600
2022-12-15,153.44493103027344,157.51550428944947,152.61457363869013,156.62196079479307,6007300
2022-12-16,153.02978515625,153.48106732198823,151.161470379515,152.53337201953016,10423600
2022-12-19,151.27874755859375,153.31853717280802,149.87074996895618,153.10193063411498,4507000
2022-12-20,149.90689086914062,151.43222663371654,149.57294650838872,150.4213590949839,3777600
2022-12-21,152.28964233398438,152.45211103941398,150.27692817318027,150.72821023976638,3632100
2022-12-22,148.65234375,150.29501745613433,145.75511993666387,149.88886625834428,7188700
2022-12-23,148.36351013183594,148.7425854496527,146.46811977071522,147.14504293225306,2597000
2022-12-27,147.82196044921875,148.55303523223765,146.18832148528043,147.71365715456008,3535600
2022-12-28,145.48431396484375,149.06749465400304,145.15939032795157,147.66851750149402,2998600
2022-12-29,148.94114685058594,149.86175241074855,146.95550838218563,147.3526250582364,4081600
2022-12-30,149.12167358398438,149.27510786114237,146.40496002012,147.74075131752446,3249000
2023-01-03,147.30755615234375,151.31493091071692,146.74795680477237,150.92683479144043,4294100
2023-01-04,152.68678283691406,153.1561200733206,149.1938638179766,149.1938638179766,6285300
2023-01-05,150.6650390625,153.47201434556428,149.68124736519107,151.44124484478894,6876800
2023-01-06,158.09317016601562,158.99573448926708,151.1073173461154,153.09295610286088,6725900
2023-01-09,159.46505737304688,162.80455637312855,159.14014743915462,159.88926370501318,5733900
2023-01-10,161.01744079589844,162.11857017396036,158.69785806384203,159.41991214696995,4267700
2023-01-11,161.44168090820312,161.60414965269436,159.6907038653433,160.85501958940696,5013900
2023-01-12,160.77374267578125,163.5175313970714,159.74482018379308,162.2088162460741,4324900
2023-01-13,161.5680389404297,161.65830088402456,159.04989046978534,159.8170756742247,3736700
2023-01-17,158.30978393554688,162.29913054379023,158.21953576237112,161.37851103634645,5659400
2023-01-18,156.8295440673828,160.0426840574524,156.67610981225607,159.1852370846321,5874300
2023-01-19,154.2752685546875,156.80245068347423,153.09291183662822,156.48656152489755,5995700
2023-01-20,156.14361572265625,156.6761253264792,153.21028190127686,155.63818194465227,7569900
2023-01-23,160.8098602294922,161.57704530052166,155.74647456799286,156.73026623072073,7847600
2023-01-24,159.78994750976562,161.12575233798333,158.25559124322783,159.5282099717707,5351600
2023-01-25,157.98484802246094,160.84598895492834,154.78977648017624,159.41993571721858,6720700
2023-01-26,157.1364288330078,158.19242726818254,155.05149401418774,158.19242726818254,6287900
2023-01-27,158.1653594970703,160.03366027840954,155.12370869864014,155.719404391488,6074900
2023-01-30,157.3745574951172,159.23798909385837,156.5382824379306,156.65644254295395,5048900
2023-01-31,161.08323669433594,161.165043030597,157.23817244787648,157.4108839601048,5852400
2023-02-01,165.52822875976562,166.97352952156757,160.6741780649374,160.89234216622512,7835800
2023-02-02,167.90980529785156,168.57336874344128,159.7561070056444,167.13715285956596,11667100
2023-02-03,165.70094299316406,168.38249339389913,165.06464830509523,165.15555349061248,5732200
2023-02-06,164.52833557128906,165.9645514357256,163.1103035170863,164.08292237675275,4385700
2023-02-07,166.791748046875,167.50076410212932,163.0466735904573,164.5919785074727,4799900
2023-02-08,160.43785095214844,165.9736352283956,160.41058217208283,165.2464353962189,5657600
2023-02-09,159.0652618408203,164.0738262814082,158.68348507289764,162.9103121686394,5572000
2023-02-10,159.79244995117188,160.11060419723066,157.35634657856843,158.03809378853796,5466400
2023-02-13,160.62876892089844,161.61957172340843,159.70158865744705,160.45605737601988,3443200
2023-02-14,160.2924041748047,161.48318710829054,157.59268405483598,159.21979519874904,4179200
2023-02-15,162.25582885742188,162.4467241707224,158.86527676550875,158.9198143206855,3879700
2023-02-16,160.0560760498047,162.09223282989063,159.4561351409155,160.81054467095015,4212400
2023-02-17,159.36524963378906,160.97416321597504,158.60168214458304,159.23797682710153,4060800
2023-02-21,155.22021484375,158.9925580939677,155.0656871255749,157.75632247838297,7030300
2023-02-22,154.3475799560547,156.29283155183344,153.4022160034205,155.45655659076985,4577400
2023-02-23,156.18374633789062,157.2745390918267,153.1567870833449,157.0291062143818,4856600
2023-02-24,153.74765014648438,154.64756157344044,152.52959830245567,153.93854549287542,4118300
2023-02-27,155.20204162597656,156.36555584311523,154.87480238551984,155.79288370477008,3310100
2023-02-28,155.84742736816406,156.8655127506578,153.9476282531634,154.48393279124193,3674500
2023-03-01,156.5019073486328,156.73824141759218,154.35667530593088,155.47473698588536,4649800
2023-03-02,158.23809814453125,159.00165180697422,154.62938125466582,155.55656148488066,4551100
2023-03-03,159.6924591064453,159.93789198461096,156.8018576065171,159.0743482964666,4379200
2023-03-06,157.3018035888672,160.43783787239315,157.074554526725,159.33794630874482,4090100
2023-03-07,156.40187072753906,158.1653254256516,155.57468092664217,157.0472640778448,3844100
2023-03-08,160.18336486816406,160.31062382377652,157.30184761807837,157.81088344052827,3805400
2023-03-09,157.6563262939453,161.71954101411106,157.2381818776746,160.31059392321663,4651200
2023-03-10,156.0201416015625,159.31980297329824,155.42020064848612,159.07437006155166,5929700
2023-03-13,158.06536865234375,159.82882372258155,154.44756720248267,154.69298622098816,5453400
2023-03-14,159.73793029785156,160.1651597069331,157.10184633857662,159.93791061147203,5034600
2023-03-15,158.5198974609375,159.19255985733326,156.23832126251034,158.37445469357857,4918300
2023-03-16,161.01052856445312,161.51046546282606,157.07457268862956,157.6745136108974,5028500
2023-03-17,159.71975708007812,162.79215535595617,158.71985553248885,161.69227752379174,12963300
2023-03-20,162.8557891845703,163.50116882493424,159.5470430296498,159.87428227003463,4964600
2023-03-21,162.17405700683594,164.2192989819241,160.21062138190692,162.8739742739997,4217500
2023-03-22,160.2742462158203,164.96465693196677,160.2196947828021,161.22868130578962,4738000
2023-03-23,163.8738250732422,165.337309431879,161.21047300718928,161.92857386395292,5083300
2023-03-24,163.17391967773438,164.0647460320314,161.49228485661325,163.4648051493863,5345400
2023-03-27,160.9377899169922,163.44661459056965,160.35603286789384,163.2830019221586,4453200
2023-03-28,161.3377685546875,161.42865986836603,158.39261536186643,160.3196832021288,4061500
2023-03-29,164.56472778320312,165.31919657712976,162.67402718249875,163.10124279646573,5227100
2023-03-30,167.47349548339844,167.70074457492328,165.31007969362332,165.4373386300699,5535800
2023-03-31,169.08241271972656,169.34602943889658,166.4554137197221,167.27351878900578,4793100
2023-04-03,167.4007568359375,169.23691931945575,166.09179998459376,168.46428081010868,4143000
2023-04-04,163.98294067382812,167.86435908279847,163.4284523296895,167.49166723981364,4724800
2023-04-05,161.07412719726562,163.37388652121427,159.1834133977405,163.15573630561855,5904900
2023-04-06,161.9104461669922,162.9194327995677,158.6835198072155,159.9561093121822,3743000
2023-04-10,163.09210205078125,163.37388866307438,160.1742319174822,160.84688025129628,3488500
2023-04-11,163.5011444091797,164.8737375678545,163.16482024879622,164.29198054628722,3296900
2023-04-12,161.3922882080078,164.7101189980594,161.09231777876923,164.7101189980594,3559400
2023-04-13,162.81031799316406,163.51024898544955,159.4833884076938,160.53782738071422,3264200
2023-04-14,162.69215393066406,164.1101859397862,161.11959421492557,162.62853140214335,2741900
2023-04-17,163.66477966308594,164.11927779385255,161.6013542657546,162.0558523965212,2845800
2023-04-18,163.9102325439453,165.19190688780753,162.89214717503853,164.53742839000458,2774700
2023-04-19,160.96505737304688,163.128472883261,160.8559822616687,162.82850245678895,3093900
2023-04-20,160.54690551757812,162.08311132544773,157.73811056896636,158.54711663776274,4710800
2023-04-21,160.91055297851562,161.4014049510564,158.9471173479827,159.61977970386476,6792000
2023-04-24,159.89248657226562,161.2832501752381,159.38345072675762,161.01964728030947,3360100
2023-04-25,153.97488403320312,160.01970393238346,153.92943144377367,159.6106583678841,7136000
2023-04-26,149.49354553222656,155.4111067659156,148.76634567960858,155.4111067659156,8647500
2023-04-27,150.22982788085938,150.5388833053224,146.43931483560414,147.92096942708665,6697900
2023-04-28,151.98419189453125,152.2750773936905,149.8480587245894,149.8480587245894,6575400
2023-05-01,151.51148986816406,152.984073240204,151.00245418209877,152.90226690569682,4831200
2023-05-02,149.02085876464844,152.2477984713204,147.97550467562854,151.2024443823005,7312400
2023-05-03,148.48455810546875,150.88430789502337,148.41183673364185,149.91167515079468,4398800
2023-05-04,147.5301055908203,148.95722260150654,146.67564683032313,148.5209082513189,4309000
2023-05-05,151.89024353027344,152.0642707776546,147.66750752464827,147.8965061931161,5494700
2023-05-08,150.42465209960938,152.60472397776806,149.66437481456268,151.89024922352564,3831300
2023-05-09,149.30714416503906,149.7559866239931,148.40030433134564,148.60182429438862,5736800
2023-05-10,149.35293579101562,151.1391226266641,147.5117775337575,150.96508140065762,4428800
2023-05-11,147.63084411621094,148.77583733605215,146.50417470143822,148.63844374045843,3320400
2023-05-12,148.28121948242188,149.27049538878208,146.8980586057013,148.4918943398876,2400800
2023-05-15,151.37728881835938,151.5788087834674,147.13624258915348,147.83239357418157,3789100
2023-05-16,149.65521240234375,152.10091647349975,149.17889126438635,151.1391192826707,4272900
2023-05-17,151.4505615234375,151.75284145402887,149.37126360165658,150.68112932391583,4910300
2023-05-18,155.54505920410156,155.87481785821922,152.12840285516714,152.34824661690226,4916300
2023-05-19,155.81983947753906,156.62591918530052,154.7481274898843,156.25951296496888,4790500
2023-05-22,156.5068359375,156.73583458460644,154.84888796876433,155.50840519058832,3334000
2023-05-23,155.48095703125,156.3969517997167,155.00463583809542,155.52674558809656,5601200
2023-05-24,153.03524780273438,154.354268486662,152.22916795952543,152.91616401399563,7502500
2023-05-25,155.37100219726562,156.18623684592305,149.85672467577103,151.13911154659104,7747200
2023-05-26,161.48068237304688,162.17684721641442,156.33279717809057,156.9282020560743,8323200
2023-05-30,161.7188720703125,163.2211028655858,160.32655616980028,162.8913442043321,5677200
2023-05-31,159.27316284179688,161.03187098782251,158.61364553991604,160.09755248066298,8534000
2023-06-01,161.041015625,161.62725163625993,158.3754678647688,161.0959730671542,3955400
2023-06-02,160.5097198486328,161.79212059495174,159.47465551943043,161.67303683173787,4788000
2023-06-05,155.9572296142578,160.47309008799365,155.50840122264114,160.47309008799365,5520400
2023-06-06,156.0488739013672,157.12974105097868,154.7115153502334,155.16951274792737,4032400
2023-06-07,157.5510711669922,159.1906953507826,156.131276741896,156.79079397191526,4422700
2023-06-08,157.7617645263672,159.23651656421433,157.01981104976167,158.5312107030044,3343700
2023-06-09,156.259521484375,159.21819421986882,155.2427668800936,158.86094289420475,4179000
2023-06-12,159.4197235107422,159.6395672870998,156.98318804672425,157.1205816713409,4709300
2023-06-13,162.50662231445312,163.3310119497741,159.6762020592853,161.7280212323401,5408100
2023-06-14,162.240966796875,163.29436902316442,160.10669760011552,161.05018494180638,4748400
2023-06-15,163.12948608398438,164.3294368554989,161.11430062195444,161.43490434460503,4224100
2023-06-16,161.9112091064453,164.723319387489,161.4532117819993,164.3752369482799,10374500
2023-06-20,159.7128143310547,162.1585181640914,158.86093211001497,160.24409286070969,3516000
2023-06-21,156.1587677001953,159.01668057991515,156.06717661921735,158.0090808503714,4034300
2023-06-22,158.128173828125,158.15565255171367,155.5450619950265,155.71910322906834,3607800
2023-06-23,153.59397888183594,155.97557060416014,153.15430535571912,155.6366570503794,8541600
2023-06-26,154.57411193847656,156.61677628935627,153.90543969371666,154.3359583384585,4899600
2023-06-27,161.49900817871094,161.73717572364134,155.25193217845444,155.56336699278188,6257800
2023-06-28,160.26243591308594,161.56314668591688,159.63955226052246,159.9784658206562,3425300
2023-06-29,161.93870544433594,162.16770413147066,159.75864744715324,161.1509494015136,3704700
2023-06-30,164.89735412597656,165.37366126126187,163.3493209938778,163.8531208263609,6004400
2023-07-03,164.65919494628906,165.97822949217425,162.6989669342012,165.0347561111254,2007600
2023-07-05,161.70053100585938,163.83480017218508,161.62724975818227,163.77984273066946,3729100
2023-07-06,160.13421630859375,160.7387622490504,158.54038033818492,159.10829263681472,4555100
2023-07-07,159.1082763671875,162.19518800611482,158.99836147597497,159.4838375481235,4585400
2023-07-10,164.36607360839844,164.63170589309487,159.89601547830216,159.9143392838921,5563200
2023-07-11,163.79818725585938,164.85157562340325,161.99367648734147,164.72333691798946,2755800
2023-07-12,167.04994201660156,167.53541806924673,164.88819405545783,165.80418871734977,5708600
2023-07-13,167.7369384765625,168.55217316882047,166.4820302589328,168.08502092167356,4441200
2023-07-14,165.65765380859375,167.6545156266859,165.18133263171188,166.35380477713616,3701300
2023-07-17,167.993408203125,168.78116413768228,163.70656007807048,164.22866974495693,3918500
2023-07-18,168.24989318847656,168.72621432734735,165.795034197699,167.1140687502831,3040500
2023-07-19,168.24075317382812,169.16590283477169,167.65451709597832,168.16747191697556,3686000
2023-07-20,164.80577087402344,166.86675902564824,164.21953480330677,165.47444311633222,7154600
2023-07-21,168.8361358642578,169.98112914466222,166.12478562639393,166.71102162688223,17251600
2023-07-24,168.4422607421875,170.1460114019806,167.9018272367562,169.07429930618696,4318500
2023-07-25,170.44833374023438,172.31695719810762,169.2758613790251,169.4590575647816,6267800
2023-07-26,161.21507263183594,162.77226087890847,159.57544821345866,162.03030738322494,11905100
2023-07-27,162.7905731201172,165.92327319983957,161.43490492831808,163.33100661845322,8300400
2023-07-28,164.53396606445312,165.60398909747923,163.2056635510657,164.65388656432663,7540400
2023-07-31,166.0375213623047,166.40648800192866,164.4970638253532,164.66309459063146,4065200
2023-08-01,164.53396606445312,165.5486455052841,163.9067199193402,165.11510193285417,4028700
2023-08-02,159.06396484375,162.97506231550764,158.39059432010473,162.57842383896403,6914500
2023-08-03,158.47360229492188,158.89791254879975,156.48114853925128,157.22831517883375,4515200
2023-08-04,155.37423706054688,157.62497033212378,154.14740247972253,156.4442601036205,6052800
2023-08-07,155.85391235351562,156.64720339532226,153.9905982180764,156.23209827999497,4315700
2023-08-08,153.79685974121094,154.43333914756482,151.67526641175627,154.3226519726076,4628000
2023-08-09,154.29502868652344,155.87237772625457,153.46483238782034,153.78768884984586,4701400
2023-08-10,154.5625,157.311339796782,153.9813641017039,155.56794617707044,4975300
2023-08-11,153.3079833984375,153.46479493237845,151.86899372210814,152.9297834238398,5454800
2023-08-14,157.2559814453125,157.37590194010204,152.84676383512988,153.30797918410445,5933600
2023-08-15,155.115966796875,156.9608283979553,154.6178462824842,156.60108094875173,3920900
2023-08-16,152.86524963378906,155.49418332472914,152.4778303454193,154.59019091002122,4558400
2023-08-17,152.902099609375,154.1935109655984,152.40399325102044,152.86520857641992,3987800
2023-08-18,153.5754852294922,153.8983275145023,151.4354393480744,151.8044200561679,4456000
2023-08-21,154.92222595214844,155.5033617698294,153.20650436796274,153.79685942514627,3941800
2023-08-22,154.14739990234375,156.47192928373246,153.26186020818463,156.47192928373246,3035600
2023-08-23,156.65643310546875,157.27446008658237,151.21408263977065,151.21408263977065,4152900
2023-08-24,152.74530029296875,158.17841669730427,152.5700362032844,158.17841669730427,6003200
2023-08-25,154.79310607910156,155.3926945278738,151.9243458062452,153.57550477536347,3947500
2023-08-28,155.6140594482422,156.73942605120465,154.58094154723102,156.09372736307267,3995100
2023-08-29,157.44970703125,157.97548523986447,154.7285391327185,155.04216220979916,3981700
2023-08-30,156.10292053222656,157.06225620166757,152.49622772117124,153.60314158384105,5120400
2023-08-31,155.02371215820312,157.08996213945753,154.96836856431554,155.72476854791654,6026500
2023-09-01,156.65643310546875,156.83169721917724,155.45727018420118,156.79479210303978,2611200
2023-09-05,156.5734100341797,157.64341907170902,155.17131126839806,155.96460232434563,2882200
2023-09-06,155.01451110839844,156.84092029689845,153.953707158755,156.53651641961875,4244000
2023-09-07,151.9335479736328,153.47400536283143,151.25094427310776,152.91132214251078,6272100
2023-09-08,151.88746643066406,152.5792895649375,151.11262789832043,152.30255749619258,3301100
2023-09-11,152.97592163085938,153.7599934467573,151.3709010350443,153.60318189861314,3191900
2023-09-12,150.80819702148438,153.20650834567093,150.7528393575074,151.8966584683865,3739900
2023-09-13,151.61070251464844,152.699163927845,150.8450833845234,151.19561153631372,3331900
2023-09-14,153.1696319580078,153.71386273349964,150.94657042739354,153.51092683837106,4071600
2023-09-15,150.0056915283203,153.58472752054337,149.83042742506737,153.31722878280465,9427900
2023-09-18,150.1993865966797,150.90042883373647,149.21237903084818,149.43376745710685,3180100
2023-09-19,150.4853515625,150.82664643496952,148.88955031060385,149.85810541037478,3244400
2023-09-20,149.52601623535156,151.8136403405771,148.5113368750792,151.2601763122149,5035700
2023-09-21,147.9578857421875,150.26396260272767,147.9117754651176,147.94866650180876,4492700
2023-09-22,147.8748779296875,149.47991257392158,147.7826432956459,149.26775743293132,3715300
2023-09-25,148.41908264160156,148.43753519523855,146.87862517951191,147.54277635869929,3107600
2023-09-26,145.7071533203125,147.33062621567,145.16290853350455,147.22915828001172,4164000
2023-09-27,145.87319946289062,147.13692509691109,143.7977302580198,146.89709816696728,4232000
2023-09-28,146.74952697753906,148.86190159868153,145.80865760344767,145.87322044668372,4271400
2023-09-29,146.67568969726562,148.65892400076478,146.02999107003254,148.3637394425014,3664600
2023-10-02,147.54278564453125,148.17926507090814,145.58723709116765,147.13691389001983,2922300
2023-10-03,145.05221557617188,147.95786641074406,144.21280033056684,145.84550647555727,3510700
2023-10-04,145.7163848876953,146.18681949726962,144.35119133575677,145.43043361078685,4129900
2023-10-05,143.07821655273438,146.81406344460763,142.7738127537488,146.16836481426304,4389200
2023-10-06,144.8216094970703,145.83628882425333,141.6484458649792,142.30337780801088,5016200
2023-10-09,144.56333923339844,144.67402641242606,142.7000252937728,143.74237648020093,2747000
2023-10-10,145.43043518066406,146.8694248962376,144.1574762437292,144.56334802508098,3657400
2023-10-11,145.12600708007812,145.99309409068724,143.65934581328554,144.19435724696294,4452400
2023-10-12,142.97677612304688,145.99312882488593,142.2665004554505,145.780959603608,5643300
2023-10-13,140.9012908935547,143.41952278975202,140.3939511882318,143.27194457334724,4319100
2023-10-16,142.33108520507812,142.72772372072126,141.2149376659729,141.4639979404337,4872200
2023-10-17,142.29417419433594,142.89376267652204,140.1080176401176,140.9658856276469,5098900
2023-10-18,140.04344177246094,142.08200582677512,139.70213282737163,141.05810714185938,4837500
2023-10-19,139.23171997070312,141.55624974089747,138.79817632893574,140.98433302133594,6041100
2023-10-20,136.34449768066406,140.03422097225982,136.16001433111973,139.6744735143363,5391500
2023-10-23,134.97007751464844,137.14700062761705,134.68411215175738,135.85560317497865,5398200
2023-10-24,135.52352905273438,136.16000854551825,134.62877006652758,135.44973290101686,7024400
2023-10-25,130.79144287109375,133.3742516483242,129.2602186049256,130.4501480158598,12349200
2023-10-26,132.83924865722656,135.25602681912244,130.9943871375503,131.14197943716673,7888800
2023-10-27,132.01828002929688,133.8354696721549,131.30801850963164,133.6417671032192,5327500
2023-10-30,130.7895050048828,131.63661481641248,129.83999714795732,131.13392833748907,6640800
2023-10-31,132.19515991210938,133.15397167610723,130.35200899349766,131.06879543014583,6570300
2023-11-01,133.27496337890625,133.40528686683734,131.0873895311919,132.78159487429605,7503200
2023-11-02,137.1288604736328,137.59430363005907,134.5130722071889,134.92266445751568,6297900
2023-11-03,139.84703063964844,141.11303644697543,138.77651718527324,138.98131328676703,5818700
2023-11-06,137.3057098388672,139.8190996527056,136.4772217171598,139.2419547736408,6601400
2023-11-07,136.45858764648438,137.06367212360956,135.4532289712468,136.65407997397267,5193000
2023-11-08,135.1833038330078,136.68203127999158,134.48513913790725,136.31898620670717,6901400
2023-11-09,133.36805725097656,136.37481541573248,133.27496295809334,135.8442035138489,7061200
2023-11-10,137.01715087890625,137.38019595212998,133.19120778222674,134.96920394779298,7214700
2023-11-13,135.78836059570312,136.29104708008742,135.15536482034,136.1234801838941,4345400
2023-11-14,139.5677490234375,140.6568982825134,138.61825540894327,139.83771395233492,7051600
2023-11-15,141.37367248535156,143.02134491807587,139.7725472001202,140.5731098427359,5957000
2023-11-16,141.3922882080078,142.4162685927852,140.38692952227944,141.45745705258207,5599400
2023-11-17,143.93362426757812,144.75280869492448,141.40161258686814,141.77397560120588,7524200
2023-11-20,144.7900390625,145.47889999143538,143.30993335458146,143.37510220919012,5836900
2023-11-21,142.82586669921875,143.9708669831144,141.93222387747196,143.9708669831144,3877600
2023-11-22,143.2913055419922,145.36719198913173,142.68623519538502,143.82191749250293,3159800
2023-11-24,142.9748077392578,143.75674873655677,142.5745334921391,143.65436489080687,1604800
2023-11-27,142.05325317382812,142.75141788954969,140.9361782653156,142.02532772153506,4130700
2023-11-28,142.33248901367188,142.45350876052132,140.95478146599956,141.59709519282256,3883800
2023-11-29,142.6117706298828,145.07862771439454,142.3790490674306,144.10119431125582,3647100
2023-11-30,142.15565490722656,144.01742753059608,140.81517634572884,143.9894878733835,6641400
2023-12-01,144.4828643798828,144.5759444844697,141.4109368445706,142.52799752899395,4095500
2023-12-04,146.54010009765625,146.65180189341547,143.37509278144773,143.8963867672519,6572000
2023-12-05,146.38185119628906,146.83799053610278,144.13841210281112,145.64645736699327,4935600
2023-12-06,145.26480102539062,148.578753776987,145.1717067194347,148.13193235763163,4952200
2023-12-07,146.78211975097656,147.7223238431499,143.9894613307142,146.00017880230996,6495400
2023-12-08,146.1770477294922,147.37789879048933,145.48818688038548,146.4190730095699,4732100
2023-12-11,148.9138641357422,150.08677561521316,147.07071346680326,147.6106291585522,7585500
2023-12-12,147.00555419921875,148.8487049883137,146.5587327785102,148.8487049883137,4714400
2023-12-13,150.62669372558594,151.06421137585266,147.04279037866854,147.09864127798835,5940900
2023-12-14,157.114990234375,157.5245824833656,151.8834137185535,152.35816062304835,11428500
2023-12-15,156.98463439941406,159.26530254808276,156.1468425747423,158.44613242294886,16337400
2023-12-18,155.84896850585938,157.29184498082876,154.396788282245,156.8077801715585,5015200
2023-12-19,156.85435485839844,157.22670372831152,155.53249790474845,156.63093701393126,4379400
2023-12-20,153.7637481689453,156.93807295163822,153.66136434130388,156.4354007434803,5098700
2023-12-21,155.2811279296875,155.9886105468632,154.2199182081204,155.25320247945126,4040100
2023-12-22,156.61231994628906,157.24531582731282,155.29046307338825,155.7000411235929,3492400
2023-12-26,159.00466918945312,159.67490838827186,156.8077771942575,157.26391654473574,3202200
2023-12-27,159.3956298828125,159.7586749094902,158.55783803792409,159.38632613491652,3264900
2023-12-28,159.85177612304688,160.40099556077968,158.91158619383333,160.1124231173674,3023000
2023-12-29,158.6788787841797,159.83316866065633,158.17619224735515,159.68422344943446,2920600
2024-01-02,157.56178283691406,158.18547484579113,155.8396520015895,157.18013031495914,5652500
2024-01-03,155.21597290039062,156.85432752842308,154.72260434182982,156.379580671373,5874900
2024-01-04,153.1028594970703,154.2571635366303,151.17591818153832,151.26901248628545,6445700
2024-01-05,153.68934631347656,154.74123825918787,152.80499289318104,153.50315767497298,3087200
2024-01-08,156.89154052734375,157.01256026837282,153.22386114344016,153.7917022452147,5717500
2024-01-09,156.97535705566406,158.734731546765,154.52712160774044,154.52712160774044,5018500
2024-01-10,155.69073486328125,156.87296445047977,153.69863873424487,156.8543427471623,4045200
2024-01-11,154.15475463867188,156.2771739589905,153.6241427064944,155.60693478371138,5635600
2024-01-12,153.47520446777344,155.65348898826554,152.56293996170186,155.14149873335936,4205000
2024-01-16,152.55361938476562,154.0430286297804,151.36208630707594,153.0376699321932,6682800
2024-01-17,151.19456481933594,151.66000801144233,149.21177227561904,151.32488834495777,4079000
2024-01-18,155.3742218017578,155.81173945983932,151.90200598726437,153.2890315633309,6583700
2024-01-19,161.6483612060547,163.05400826967582,158.47405048619962,159.08842450037508,13345800
2024-01-22,162.74681091308594,164.44101614922172,161.62043253521688,161.97417378192176,6850700
2024-01-23,162.2906951904297,164.36658162415466,162.2162225906184,162.75613828610318,9459400
2024-01-24,158.31581115722656,160.9502064089312,156.89154230857682,159.4514791694743,15100400
2024-01-25,155.84896850585938,159.67491142001094,155.2997490476815,159.23739376235835,7088200
2024-01-26,152.74911499023438,154.71328546407838,151.99509943181684,154.71328546407838,8800900
2024-01-29,154.5643310546875,154.82499224616376,152.1347176199524,152.73980214372207,6076600
2024-01-30,152.04049682617188,153.66363416013527,151.5619893489023,152.83798542781446,4897600
2024-01-31,150.22972106933594,153.09133187185222,149.47914683337862,150.50181639871346,8665200
2024-02-01,149.82626342773438,149.9951383080924,146.98342174477293,149.385293262866,6542100
2024-02-02,149.36654663085938,149.929491614261,148.0248816070949,148.5972037575818,4922400
2024-02-05,149.0850372314453,150.1077208419907,147.85595578212013,150.1077208419907,4190100
2024-02-06,148.5878143310547,149.83566475238285,147.61205923810857,149.33840288055174,4139800
2024-02-07,148.9630889892578,150.3891912290596,148.4564357249919,150.05142715831008,4627900
2024-02-08,150.31417846679688,151.11166720142728,148.97249905303943,149.46976094530498,3487700
2024-02-09,152.36888122558594,152.4439415085412,150.70822078266335,151.3180658967827,3919500
2024-02-12,151.13040161132812,152.78168466091998,151.10225579861736,152.36886031945124,3853000
2024-02-13,147.16171264648438,149.57296173235886,145.85757058210197,148.48460904540042,5357900
2024-02-14,148.1186981201172,149.2164279671249,146.89900783429914,148.09994378570687,4528000
2024-02-15,150.7832794189453,151.30868707760905,149.0850673786632,149.0850673786632,3725300
2024-02-16,150.47366333007812,152.13432377921458,149.58233141432754,150.44551751340023,3167600
2024-02-20,152.68788146972656,152.8473791924367,149.4228237884047,149.5260298814859,5406200
2024-02-21,153.9451446533203,153.9826676430215,151.5245038033982,152.48150467808546,4530000
2024-02-22,155.2117156982422,155.85909808056832,153.3915576109675,154.71445387454216,5041200
2024-02-23,153.57919311523438,155.74650667046498,153.52290148776612,155.587008953877,3479100
2024-02-26,154.15150451660156,155.28675710204288,153.66361991851264,154.45173128107595,5251300
2024-02-27,154.75201416015625,155.42754245803633,154.10463168166396,154.4142500112162,2886600
2024-02-28,152.9693603515625,153.75748622204435,152.35013802542946,153.40095343102365,2933000
2024-02-29,156.99435424804688,157.53853049816755,154.13274393115495,154.71444316019142,7267200
2024-03-01,160.48460388183594,161.4603589685768,156.98500215055788,157.20079152541953,5233700
2024-03-04,161.78875732421875,162.36107951929253,160.30634878097376,161.8450489636872,4401600
2024-03-05,160.09991455078125,162.0514389097149,158.82391840518173,160.77544276411538,6215600
2024-03-06,161.25393676757812,164.93180466088393,160.1374383449829,162.41734965561474,6312700
2024-03-07,164.44395446777344,166.77076621284385,161.63863515933133,161.63863515933133,5980400
2024-03-08,161.65736389160156,164.7347634669778,161.6292180790931,164.62218021694403,5632600
2024-03-11,163.43063354492188,163.5150709885871,160.93493300162245,161.63860699806736,4207300
2024-03-12,164.00294494628906,165.45720730742156,162.529913937915,165.1194432384894,5802600
2024-03-13,162.01393127441406,163.5244857063164,160.6347430956477,163.14919854854543,5199500
2024-03-14,160.5690155029297,162.9052182145117,159.31178812464302,162.60497711841035,5028200
2024-03-15,161.86378479003906,162.34227794477042,158.2703545977454,159.1241491333008,19078800
2024-03-18,158.7582550048828,163.9935773618021,158.61751160448665,163.75901934409373,5213800
2024-03-19,156.4595489501953,157.9138112813176,155.7277292019913,157.32272059381327,5640000
2024-03-20,159.48068237304688,159.6308029393298,155.9998494296079,156.75981511152318,4404600
2024-03-21,161.929443359375,163.99355071658093,161.11318617158446,162.15462417365094,4371600
2024-03-22,161.8262481689453,162.9990381458811,160.6816040061533,161.12257418278386,4177200
2024-03-25,160.29696655273438,161.685546108838,160.07178568568258,160.27819790140848,3298600
2024-03-26,157.53855895996094,161.244572976699,157.1632575215822,160.85051720361585,5898300
2024-03-27,162.19215393066406,162.23906839180125,158.4017031210883,158.56120083592782,4272300
2024-03-28,163.4494171142578,164.98811715429656,162.6237683018469,162.76449738746902,4417800
2024-04-01,162.47364807128906,165.0444091321942,162.18279841620748,163.36496568675105,2303200
2024-04-02,159.83721923828125,161.70430624906237,159.12416800457726,161.70430624906237,3304500
2024-04-03,159.81846618652344,160.3344967490431,157.51980020761246,159.1054148832243,3295800
2024-04-04,158.12026977539062,162.314168808402,157.71683680566153,161.1601472237003,7491300
2024-04-05,157.1538543701172,158.7957603112975,156.8160902895659,158.1577694459693,5012300
2024-04-08,158.99282836914062,159.7715484647661,156.92870616104258,157.25709314404546,3154000
2024-04-09,162.74574279785156,162.80203443201196,159.62142825538086,160.4376855832774,4830700
2024-04-10,158.4861602783203,159.88413122293872,157.5291595539411,159.3774778856793,5662800
2024-04-11,160.6253204345703,161.23517984293682,157.74495555120927,159.40561593412195,4352100
2024-04-12,156.05615234375,158.9646633652328,155.53074464006465,158.01705406510646,5473600
2024-04-15,156.0749053955078,158.88021002936023,155.1085275407561,157.89506352527104,4739500
2024-04-16,157.23829650878906,158.11085970806656,156.5158681808109,157.1350904167516,3389000
2024-04-17,155.46505737304688,158.54245754081026,155.2774138147756,157.97952686599646,4564900
2024-04-18,153.56044006347656,154.5080492934304,151.57139267073637,153.56981723024575,5605500
2024-04-19,149.81690979003906,154.26413554120455,149.28212488419987,153.00690783779177,10497600
2024-04-22,153.3352508544922,154.00140188219967,150.16403638889906,150.36105709430643,5942400
2024-04-23,155.24928283691406,156.59094800727306,152.4252090768248,152.9693711529414,6833600
2024-04-24,164.01235961914062,168.40329351940508,162.88648390398882,167.2211118496522,13965900
2024-04-25,164.4251708984375,166.11399149417494,161.61985184451015,165.19452807060662,9130800
2024-04-26,166.51742553710938,167.28678271446756,164.1906139874472,164.42517200742924,5401900
2024-04-29,168.21563720703125,168.68475328574786,166.35794154387378,166.51743929268304,4191500
2024-04-30,165.52288818359375,168.16870930278782,165.4196820906546,167.39935218882613,6444300
2024-05-01,164.37823486328125,167.6714381719364,163.62764643962942,164.97870273894603,7167700
2024-05-02,164.94119262695312,168.70349788806465,162.9239851862612,168.70349788806465,4838300
2024-05-03,167.85911560058594,168.58154404064803,166.47052172568232,166.5268276797619,4545100
2024-05-06,170.44862365722656,170.65503586424867,168.19687234680333,168.78794883392516,4127400
2024-05-07,172.62210083007812,173.49149382441257,171.6771065641318,171.86610253342744,5152700
2024-05-08,173.83169555664062,173.9451046758931,171.5070176942572,171.7621557687713,4220900
2024-05-09,175.12632751464844,175.53266808874537,173.55763372273918,173.87892828171815,5843300
2024-05-10,176.7611846923828,177.04468586305836,175.51378530919774,175.65554310426978,5606800
2024-05-13,177.48883056640625,178.018025050055,176.40207850512132,176.7139283443004,3686300
2024-05-14,180.61676025390625,180.92861009474888,176.80843448218826,177.12972907476492,4917500
2024-05-15,184.7747039794922,184.8503052414123,181.33492586919317,181.98697413622085,5936800
2024-05-16,184.2455139160156,185.0960028986327,181.996423184052,182.00588235418184,5371800
2024-05-17,184.29278564453125,185.7386257167908,183.16824016178091,184.27388172177535,4534200
2024-05-20,188.24285888671875,188.3090154080834,183.8013886264263,184.29278969259593,5282800
2024-05-21,188.06332397460935,188.33738041621777,186.01268792649543,186.3245377982551,5489100
2024-05-22,191.39913940429688,192.4197349798428,188.66810645083856,188.97051154854196,9119000
2024-05-23,186.43792724609375,191.7865986783977,186.0126826764127,191.45585931063212,7125400
2024-05-24,188.2239532470703,188.78151082952004,186.87261835176267,187.89321390166856,4354100
2024-05-28,188.620849609375,194.6688067703765,187.02380709137705,194.6688067703765,8661000
2024-05-29,184.18882751464844,186.7875616285904,184.04706972948017,185.8425674053388,5607800
2024-05-30,184.91647338867188,185.15272195816033,183.09264135356568,184.6991287421936,5213500
2024-05-31,184.28330993652344,185.8709076577848,179.79458757943522,184.62350841826037,9137300
2024-06-03,183.0642852783203,185.81422197667095,181.15539287657023,185.5685142458761,4153500
2024-06-04,182.66741943359375,183.73525329468185,181.49562119280887,182.6768641865343,7221600
2024-06-05,185.2944793701172,185.4267779919797,182.8941858341529,184.06598392741225,5988600
2024-06-06,185.4456787109375,185.82367064702296,183.8202874307276,185.1999709749607,3905500
2024-06-07,184.8503265380859,186.53241515606948,184.06597957719976,185.17162112366304,3308400
2024-06-10,186.7497711181641,186.91987759226112,183.32889632671012,183.4989883813383,4202400
2024-06-11,186.57969665527344,186.95768864750997,183.78250688652423,186.30564020435224,4193200
2024-06-12,188.03494262695312,190.21787693052676,186.5135013821189,188.49799497780432,4655700
2024-06-13,185.4834747314453,186.5796715486828,184.14158459426213,184.27388321568952,3409900
2024-06-14,183.234375,184.8692253960872,182.45004248006876,183.17767765344763,3479100
2024-06-17,184.1793670654297,184.45342346317204,181.59953689131217,182.5445311080039,3804900
2024-06-18,185.4551544189453,185.96544505978585,183.5462616583024,184.50071524835909,3036900
2024-06-20,182.15707397460935,183.80136904810436,181.6089756167777,183.80136904810436,5464900
2024-06-21,184.7747039794922,186.617439677962,183.06426688451597,184.26441348586457,12516800
2024-06-24,183.24383544921875,185.7480644025376,182.71464098508105,184.82197409029655,3655700
2024-06-25,183.7730255126953,184.21717394577547,182.21379083109375,184.21717394577547,3456400
2024-06-26,182.4783935546875,184.26443209192868,181.60898616455145,183.1493313903433,3301000
2024-06-27,182.79025268554688,183.23440118964595,181.24992167933385,182.07206216078671,3874500
2024-06-28,183.82972717285156,187.0049083756352,182.85638426546103,183.4706247497285,8861000
2024-07-01,183.8959045410156,184.25499258538505,182.13821448983705,182.9792588766152,2873600
2024-07-02,187.5057678222656,188.1011188472311,183.75413928677168,184.26444428516177,4168700
2024-07-03,187.99717712402344,188.59252817504188,185.31339664742845,187.2317340124108,2454800
2024-07-05,187.8553924560547,189.14058515702897,186.39066296772913,188.9988417934708,2887900
2024-07-08,190.38800048828125,190.6148043085664,188.4318553894267,189.0083024822831,3927100
2024-07-09,189.15005493164065,191.26683284993845,188.12945939840353,191.26683284993845,3742300
2024-07-10,192.41973876953125,192.5709413213609,189.94385826606435,190.23680419806612,4559500
2024-07-11,188.98941040039065,192.77883225518244,188.8854604532782,192.59928103567296,5585400
2024-07-12,190.76600646972656,193.99788544433463,190.236811936266,191.0022550592693,3683800
2024-07-15,190.66204833984375,191.90944776049855,189.7832105457661,190.75655353939723,3089500
2024-07-16,195.25469970703125,195.39645749068433,191.44637418159007,192.28741845451577,3134400
2024-07-17,193.02452087402344,199.2425847874004,192.80717623334388,193.85612043066595,7792500
2024-07-18,194.54595947265625,195.61380757752653,192.09842785301063,193.5631718081369,5497200
2024-07-19,188.1483612060547,194.81055914230245,187.80816269879995,194.06402002832377,4868000
2024-07-22,194.555419921875,194.66881461713095,189.95328814000857,191.9283370723469,6063800
2024-07-23,187.3829040527344,191.81492940570803,186.57966758949405,189.5563937181792,6083300
2024-07-24,187.3734588623047,195.18856535250524,186.0788213531648,195.00901413776975,11049100
2024-07-25,186.3056182861328,190.63369385956796,183.44228674436505,187.37346644680417,9555400
2024-07-26,190.87940979003903,193.137945660568,188.1294728307617,189.4430143718732,5384800
2024-07-29,190.77542114257812,192.9016579525087,189.71701790306457,192.0889624172677,3392000
2024-07-30,189.93441772460935,193.24189791699507,188.72482612209444,192.41029828296504,6062600
2024-07-31,193.8531188964844,194.47137267976504,189.7441745585068,194.47137267976504,7462400
2024-08-01,183.88511657714844,194.14797880492128,181.630904482369,191.89376671014185,7958500
2024-08-02,178.3018798828125,180.3563447235448,176.9797871945914,178.34942558396637,8050200
2024-08-05,172.33819580078125,179.51935307600732,171.27291661759787,175.591114318008,8659900
2024-08-06,177.81678771972656,181.02216043660445,173.6793102591966,174.5543630635846,6210900
2024-08-07,175.07749938964844,182.16353613794567,174.74459239265627,180.94607008381348,5013000
2024-08-08,183.85658264160156,184.53188838694317,176.48519881864897,178.0831176358016,6180400
2024-08-09,182.81985473632812,183.99926697608925,180.6892815894344,181.68798820558277,3066500
2024-08-12,182.67713928222656,184.1704458025129,181.45967329108305,183.0480857246322,5235900
2024-08-13,187.6136016845703,188.05113535446995,183.95168274115767,184.3321499570139,4969000
2024-08-14,186.0537109375,187.73724379491543,183.99923163828177,187.38530982773068,3072000
2024-08-15,192.06497192382812,193.234892362217,188.80254697029187,190.70483963497995,5081900
2024-08-16,190.73336791992188,192.55956708908496,188.498168291515,192.0649669453509,4236400
2024-08-19,190.8570098876953,191.2279563444275,188.3269573810912,190.7428624686962,3788900
2024-08-20,192.64517211914065,194.46186510043955,188.41257383514304,190.64777352557277,7111400
2024-08-21,198.1903381347656,200.5777244947404,194.88985950840473,196.26903317229736,8119300
2024-08-22,193.81507873535156,199.39830267390835,192.89246569603205,198.2759570461491,6879900
2024-08-23,199.62657165527344,200.22578389987203,196.2309727114106,196.7160665681564,6112000
2024-08-26,198.0762176513672,199.75022992028073,197.41041814176185,198.78957737880307,5806000
2024-08-27,200.39700317382812,200.7964828521225,197.4199108051026,197.76232403126065,4373400
2024-08-28,197.59112548828125,200.94867056063123,195.9075925766287,200.3399375464376,3998100
2024-08-29,200.7774658203125,203.935278452961,199.4078128477585,200.34945289472452,5622800
2024-08-30,203.8686981201172,204.1730719079871,201.07232562576203,202.19468582685593,5860900
2024-09-03,191.96986389160156,201.59546002500673,191.36113082611627,201.59546002500673,9284000
2024-09-04,194.0338592529297,195.688859159596,190.5050998384889,191.77012625070947,4650400
2024-09-05,191.7035369873047,194.29065604819937,189.92488356210177,192.41689670233063,4107400
2024-09-06,187.8038024902344,192.00786668855088,187.11897610818536,191.6559472609256,6314400
2024-09-09,191.34210205078125,192.4073812771065,189.268610054778,192.21715491716856,4864100
2024-09-10,190.03904724121097,191.44673980220517,187.4043677379469,191.34211312118484,4859400
2024-09-11,192.52151489257812,192.9114883361465,185.51155719935252,189.9439021833085,5900500
2024-09-12,186.4056396484375,192.13154418746245,185.15964037212848,191.751091489457,7201000
2024-09-13,190.1626739501953,191.0662745513685,187.21412911025075,187.4804489148047,4617000
2024-09-16,188.7740020751953,189.7536815758984,186.41516338049337,189.01178864358616,3717800
2024-09-17,191.5513458251953,192.36933219404477,189.21151962623617,189.6966135101705,3478500
2024-09-18,190.90460205078125,194.9564805265037,190.19124224435063,192.77834712339725,4262100
2024-09-19,197.4579620361328,200.27334673353337,195.64126926391,197.4674682735767,5155600
2024-09-20,193.3680419921875,195.23228057704077,191.25649608552885,194.39528171813012,14502900
2024-09-23,193.89117431640625,194.81378736589997,192.9305072883728,193.9292137816056,2757400
2024-09-24,194.92791748046875,198.23790241229807,194.61403747204716,195.99319665086435,5573200
2024-09-25,195.04205322265625,195.3369062463663,193.196827123301,193.21585411257468,4124600
2024-09-26,199.036865234375,200.28287905179488,195.04205376292217,200.04509248190675,4521300
2024-09-27,198.9227600097656,201.37671949413695,198.6088799522288,200.53019976805615,3074400
2024-09-30,196.4782867431641,198.50421837539756,194.1289543575793,196.0312468470672,5459100
2024-10-01,191.75108337402344,196.90629413451737,189.9438968516323,195.99318737927328,9039900
2024-10-02,193.49168395996097,195.69835033229853,191.85572568369705,192.9970983358224,4389400
2024-10-03,191.8176727294922,193.50120574554492,190.48607371378657,191.25649989525485,3167000
2024-10-04,192.8068695068359,196.27854763614295,191.50378922941889,196.03125482724496,4092900
2024-10-07,191.43722534179688,192.87345107108496,189.9153854129204,190.79043829235496,2772400
2024-10-08,192.3312835693359,193.3204692524582,189.5063781343214,191.1613632689048,6283700
2024-10-09,194.9564514160156,195.4605577762204,191.54183980229936,191.7035329260122,3214900
2024-10-10,192.57855224609375,193.42507169551865,191.06623342858265,192.09347295934617,3649400
2024-10-11,195.0896148681641,195.73638737480235,191.53232254163197,191.53232254163197,2815800
2024-10-14,198.46617126464844,198.75151802974528,195.59370565246152,196.06927875650985,3291600
2024-10-15,190.0770721435547,198.45666868186717,189.18299230396045,197.8574563849818,6818800
2024-10-16,190.8855438232422,192.2266635230792,189.54442412340515,192.11251610365605,3311300
2024-10-17,188.61228942871097,194.8898454764912,188.43156933330417,194.8898454764912,4686900
2024-10-18,188.7740020751953,190.19121524760732,187.12852308566593,189.73465458669185,4029500
2024-10-21,186.20591735839844,188.26038235991115,184.63651723732656,187.12853044108712,4948100
2024-10-22,184.49383544921875,185.75886167709697,183.4285563155696,184.15142222578297,7910800
2024-10-23,191.88426208496097,193.08270121251172,188.3269696555533,191.218448056314,10548500
2024-10-24,196.51632690429688,196.8016736814004,191.38014296979296,192.91148900979732,9309300
2024-10-25,196.8206787109375,201.0627972029342,196.6494793591559,197.4674656821266,5103100
2024-10-28,195.77442932128903,197.18212167118628,194.98497621258372,196.28804189715035,4409000
2024-10-29,201.02476501464844,201.253030825284,195.27983355798835,196.06928668422944,5522800
2024-10-30,197.77183532714844,200.51114120647443,197.60063596636064,197.8384225319038,4914000
2024-10-31,194.5070953369141,199.10265860909504,192.82204719207508,199.10265860909504,6543000
2024-11-01,196.1921234130859,197.91546141830713,194.43049550058984,194.43049550058984,4208800
2024-11-04,194.9857940673828,196.84316866096208,193.92307018182424,194.82303639594136,3693800
2024-11-05,193.83689880371097,196.7665659845632,191.2135946948127,193.4635101357375,5253200
2024-11-06,205.81407165527344,206.49382339449429,199.4951707788688,200.03131711089983,8527500
2024-11-07,208.27462768554688,208.9543941126352,206.38854648013037,206.60874633303493,6020800
2024-11-08,210.9074859619141,211.0032326436343,207.00127262067883,207.80549215511593,5020700
2024-11-11,206.6757354736328,210.3713322824436,205.20133304515647,208.7245887546486,6154700
2024-11-12,203.71734619140625,206.23533481002983,200.09834382115133,206.2161825526672,4990800
2024-11-13,196.95806884765625,202.8269873610786,196.5942489593259,202.0227531548277,7921800
2024-11-14,197.22613525390625,198.250569279387,195.67513828258055,196.5272311951956,4783800
2024-11-15,192.5539703369141,196.0485197187618,191.7497507970565,195.16770575479023,5970400
2024-11-18,198.35585021972656,198.82498555926196,192.94649901452965,193.58796084069536,7912100
2024-11-19,192.5060882568359,197.54205050818592,192.4294938420116,197.12078853109753,6716000
2024-11-20,189.7487640380859,191.0987133235123,188.1020205003088,189.64344853477837,7344400
2024-11-21,189.75833129882812,191.89334782040677,187.556289180746,189.80620463791743,8080300
2024-11-22,189.5668487548828,190.43809383862765,188.13073626431552,189.34664893015216,7861300
2024-11-25,194.2868499755859,195.44532039085948,191.4433609013321,192.8507375945591,9274400
2024-11-26,192.39122009277344,198.0973807340068,190.66788200589804,197.22613556107353,5260500
2024-11-27,190.7061767578125,192.841193345858,189.23175967775447,192.09441598127003,4732200
2024-11-29,192.46778869628903,193.88474888476387,191.1944339087474,191.5582537362997,3167400
2024-12-02,193.18585205078125,193.7890239747508,190.02640163359044,191.2710353868949,6373900
2024-12-03,188.8296356201172,191.45293963106508,188.6094358007886,190.1987370908276,4743400
2024-12-04,188.2743377685547,190.01682789993797,187.2786395569724,189.2796194128995,7172600
2024-12-05,184.7702484130859,188.75305616892217,184.02347104581088,187.41269028122144,6049100
2024-12-06,184.87554931640625,186.82865582834188,184.39684516448276,185.4116956291379,5140700
2024-12-09,185.21066284179688,189.38496429319417,183.43946596400764,183.8511445877084,3880300
2024-12-10,182.07992553710935,185.4404384268594,181.37145265898235,185.09577081275407,6064200
2024-12-11,183.53517150878903,184.75108416227724,182.10864246567036,183.95643350583325,6057800
2024-12-12,183.5447540283203,184.07131691311375,181.52462190446823,182.38628354221345,4025600
2024-12-13,183.42987060546875,184.0426113929562,180.28000341875045,180.76827644023655,4772800
2024-12-16,181.3905792236328,183.8032375717214,181.12249146495415,183.68835325292417,5829700
2024-12-17,180.10765075683594,183.34369559412593,179.5236310899089,181.06505908892015,5046100
2024-12-18,177.12054443359375,184.1670704613616,176.93863450999598,180.4236003134148,8281900
2024-12-19,176.61312866210938,179.38003835289825,176.04826121241828,178.93005523632593,6290000
2024-12-20,178.910888671875,180.4427478324689,175.540821892795,176.61311453987577,11462100
2024-12-23,182.0416259765625,182.30969915010976,178.1066770111961,178.1066770111961,4297600
2024-12-24,184.24366760253903,184.27238868470045,182.3575719598499,182.37672421758825,1950900
2024-12-26,183.5638885498047,184.51172802229448,182.4054326923195,182.49159593284824,2019000
2024-12-27,183.0373077392578,183.6117585501273,181.61077875345387,182.32883496259524,3253500
2024-12-30,179.9544677734375,181.61078001689012,179.23641155930073,181.61078001689012,4065200
2024-12-31,179.5236358642578,181.04592625551408,178.13539666759448,180.62466424077107,3050500
2025-01-02,178.98748779296875,182.03205393718767,177.09182335382386,181.25655551248713,4500500
2025-01-03,182.39585876464844,182.99903069756445,179.22683947633527,180.88315182467423,4574100
2025-01-06,183.99473571777344,185.51702614689648,181.17996734804055,182.14694455401428,4682000
2025-01-07,184.02346801757812,186.7041997488664,182.95116071617056,185.564896067515,5035200
2025-01-08,183.4969024658203,184.48303197606364,180.05980972200544,183.63093906112832,4230400
2025-01-10,182.0511932373047,184.69364965227663,180.39488087020897,184.69364965227663,7223500
2025-01-13,182.95115661621097,183.59261845245769,179.65766958141597,181.7448273641652,4799600
2025-01-14,185.25851440429688,185.36382990640175,182.07991169268885,183.3819876237621,4254200
2025-01-15,189.09771728515625,190.4763876417369,187.33608943347747,187.33608943347747,6288600
2025-01-16,179.3896026611328,187.15418517159617,179.16940282523493,186.85739091258324,7463300
2025-01-17,184.22450256347656,184.71277553523632,181.9267284966303,184.3393868841515,5407500
2025-01-21,186.91482543945312,188.1307381172656,183.43944311209663,183.50645409902612,9621700
2025-01-22,188.6573181152344,190.2178837902481,186.98185350428005,187.43183659707628,8222000
2025-01-23,192.065673828125,192.09439490754352,185.55529466359903,186.52228636699144,12694700
2025-01-24,177.61839294433594,183.3436905213,177.14925761539385,181.9075780629086,15856600
2025-01-27,179.0640869140625,181.99375419933816,175.87591527747065,177.8386053647824,11771300
2025-01-28,172.87924194335938,177.74286376355928,172.6686109264736,177.6279794303099,8720300
2025-01-29,172.5919952392578,173.93236099168672,171.96010226644518,173.3100514513928,4183800
2025-01-30,177.37904357910156,177.9534798059033,172.59200197796235,172.8122018011251,5807100
2025-01-31,178.05421447753906,182.31725168766727,176.57854831699183,177.2536872929079,6333700
2025-02-03,174.51451110839844,176.80034361433755,172.0647026445584,176.53028807426554,6311500
2025-02-04,174.14801025390625,176.54959149016597,173.1738823401319,173.62719303191898,5785700
2025-02-05,175.14144897460938,175.34399801862529,171.37995001653113,173.13531129132585,5939800
2025-02-06,176.7714080810547,177.11862444522828,173.93581022645765,174.84243155051772,5089800
2025-02-07,173.60787963867188,176.90642758577596,172.9134469427634,176.77139982362277,5380500
2025-02-10,173.90689086914062,175.12215560083357,172.73986821493375,174.90996698790065,3827100
2025-02-11,172.88450622558594,175.46932748327424,172.6433841806409,172.98096093033263,3795300
2025-02-12,173.59825134277344,174.03226812670755,170.48294359272282,171.17737633378673,5364200
2025-02-13,174.37948608398438,175.82621852154466,172.26725437043862,172.788071572514,3737300
2025-02-14,176.5303192138672,178.16030704342185,174.63027579660323,175.06429265421272,4137900
2025-02-18,179.83848571777344,180.51362454994197,176.17342742138638,176.17342742138638,4578700
2025-02-19,189.34835815429688,190.93011844473503,182.0278804618224,183.00202310498696,8438300
2025-02-20,196.7170257568359,197.00636045213705,190.88186902519683,192.24180096080187,9190100
2025-02-21,194.82662963867188,198.4434606344393,194.161130380743,197.3921719570644,7349900
2025-02-24,193.61138916015625,198.11554781375196,193.2352393069372,194.96166691096215,7675900
2025-02-25,192.87835693359375,195.395671865464,191.3930514977303,194.3154497302906,7441700
2025-02-26,191.2001495361328,192.9265769700196,188.82750204562657,192.87834961575993,5611600
2025-02-27,184.50662231445312,191.09407944015155,184.36194023335423,190.48644707676945,7761700
2025-02-28,189.0300750732422,189.2808367435741,184.68987754281628,186.42594478144733,9024500
2025-03-03,187.4868927001953,193.13879510827036,186.7152990647424,191.94282423747217,6141300
2025-03-04,187.92088317871097,191.86563650687876,186.16552225312012,189.396548993081,7159200
2025-03-05,188.625,190.00421132263432,183.98579851868735,188.28742317940817,5484400
2025-03-06,182.6162109375,187.03356911142453,181.80604429868157,184.95027085424272,7120200
2025-03-07,183.7543029785156,184.47766915604728,179.12475649892846,182.539038381432,7706800
2025-03-10,179.86741638183594,182.74158720361223,176.89679084971627,180.9572780807184,9161400
2025-03-11,171.0423583984375,181.6420905354621,170.62763547705237,181.42990192366184,7981400
2025-03-12,169.46058654785156,173.24137881031052,168.54432563229096,171.92003458629966,5436100
2025-03-13,167.43516540527344,170.68548608512867,165.97877873487064,168.8626038887251,5277200
2025-03-14,170.15501403808594,170.57939121964884,168.85296374038805,169.3641413317463,4927900
2025-03-17,173.59825134277344,174.85207433704463,169.72100432465385,169.84639251085028,4940400
2025-03-18,173.0774383544922,173.38608170290323,171.3027832519033,173.31856045159148,4077700
2025-03-19,175.28610229492188,177.13791799468794,172.3637040340651,173.28960452548665,5675000
2025-03-20,174.26373291015625,175.35360936061068,172.1611555535137,173.0388434080049,4980000
2025-03-21,172.6433868408203,173.45355339225787,170.75298350387743,172.1900762119851,11822900
2025-03-24,178.92221069335938,180.8222537310073,176.04803981730768,176.45312311793865,5694900
2025-03-25,177.43690490722656,180.2049814811984,177.03182160739576,177.9384429190316,4357200
2025-03-26,177.93844604492188,179.4044576176092,176.77140876399216,177.7166031468685,5814200
2025-03-27,174.3408966064453,176.52064954322407,171.21596399069608,176.52064954322407,5035900
2025-03-28,170.0682373046875,174.31198027727274,169.34487102184286,173.2799853665486,5490600
2025-03-31,173.31854248046875,173.80078662466423,167.78238912393564,169.19053378350935,9222700
2025-04-01,171.66928100585938,173.18352001220387,168.08138328581828,172.9134644605383,5965400
2025-04-02,171.86216735839844,173.54036753105106,168.9687025454961,169.57633486562096,4368900
2025-04-03,158.3689727783203,168.00421600247742,158.1760780655275,165.73766265562284,11895300
2025-04-04,146.0138702392578,155.3501238106412,145.59914737104668,153.99983147986626,14976900
2025-04-07,148.53118896484375,157.11512841435464,140.04368950918246,145.55092383520798,18337200
2025-04-08,140.82492065429688,153.38256148416536,138.22080538611058,151.18352950508162,13902800
2025-04-09,163.4807586669922,166.68286672683436,139.1274303109948,140.01475773654894,21578500
2025-04-10,151.03887939453125,157.14407761416254,144.69254437383196,155.0800731625674,16019500
2025-04-11,142.3584747314453,144.55750681266775,134.9801306258052,138.88631106797666,21113300
2025-04-14,145.61843872070312,148.13575376040777,143.843783789205,145.67630566372014,10356600
2025-04-15,145.8113250732422,147.27735131892294,144.52856866480946,146.0428075489568,6958900
2025-04-16,141.34576416015625,144.4128299085156,137.49745052187325,142.00160914398518,10862500
2025-04-17,143.1686553955078,144.85651003591067,140.73814059258885,142.08843313506583,5739200
2025-04-21,140.4391326904297,141.5290091069734,137.57460145097707,140.29446534173917,8275000
2025-04-22,141.54827880859375,142.9757318991756,139.92794574393966,140.68988492428787,9139900
2025-04-23,146.74688720703125,149.82360720202308,145.90778710546016,147.7306693820299,14125000
2025-04-24,156.3724822998047,159.1405588257217,152.7942244713683,158.78370288807318,18950400
2025-04-25,157.0765838623047,157.8867505988773,154.8196845031701,156.09280155822347,8383300
2025-04-28,156.6714630126953,157.73239118527425,154.0480539740406,157.54915079247118,5170500
2025-04-29,155.060791015625,156.5846843241944,153.11252049240036,153.82624714585907,6566500
2025-04-30,155.68331909179688,156.24749658893015,150.6738189146127,152.10371372713604,6158600
2025-05-01,153.942138671875,157.6482017442444,153.74759830154207,156.451749523863,6124900
2025-05-02,160.02163696289062,161.81144717238007,156.6852254312105,157.3272220875769,7642400
2025-05-05,157.98866271972656,159.6228346808985,156.71440607164402,157.9983845445471,4803600
2025-05-06,156.69493103027344,157.58982862111134,154.76895610308924,155.93621318494394,4531400
2025-05-07,160.2939910888672,161.00408502238702,157.48284019812849,157.90111613016563,5669700
2025-05-08,161.1208038330078,163.83467706777495,160.1480870711948,162.36588010073007,5171200
2025-05-09,167.56991577148438,167.89091407451343,164.98248569917456,165.4299419271034,8655100
2025-05-12,182.17041015625,184.19366298174535,180.059616376606,180.58487694397903,16210400
2025-05-13,183.06529235839844,184.33954894682287,181.2560385802783,181.2560385802783,9837500
2025-05-14,182.228759765625,182.6081187197952,180.00124484857048,182.35521769784185,6552300
2025-05-15,182.70538330078125,184.58271944601265,180.44867338596544,181.09066998336783,5534000
2025-05-16,183.3571014404297,184.1449996076317,181.71320781133952,184.1449996076317,4518700
2025-05-19,183.20147705078125,183.33765680796776,179.2230689335294,179.95260652756005,6460900
2025-05-20,183.56138610839844,183.84346743779705,181.82021479812477,183.201470814708,5289200
2025-05-21,180.36114501953125,184.7189120731439,179.68996806112727,181.4116809314922,8977400
2025-05-22,175.29330444335938,181.81050416070127,175.06956888845343,180.86696765908448,7500800
2025-05-23,171.48995971679688,172.45293976486386,169.0095291265871,172.18058027223086,7416700
2025-05-27,178.24063110351562,178.32817205299037,172.98795149782435,174.21358416039251,7939400
2025-05-28,179.12579345703125,180.8475063554043,178.09471601994832,178.3476318880875,5752800
2025-05-29,179.94288635253906,181.39222488677916,177.9390772748817,181.1587823537367,4533800
2025-05-30,177.8612518310547,180.08876650953772,174.85554599341424,179.93312827770623,15101100
2025-06-02,179.1841583251953,179.6705166982329,176.65508884840804,176.88854621075876,5648300
2025-06-03,182.9485626220703,183.35710186369295,177.6375227960173,178.24061725577582,5612600
2025-06-04,185.5165557861328,186.8589097667788,183.33766473446525,183.75594069121652,5780600
2025-06-05,185.29283142089844,188.9891434436796,184.15475452851825,187.64680433195156,6017700
2025-06-06,187.1701507568359,189.52412345418037,187.0145125183803,188.40550515554887,5338800
2025-06-09,193.77491760253903,194.96161842719044,188.19151790378004,188.4541555920745,6869700
2025-06-10,196.7708740234375,197.62686955303832,194.03754220298447,194.52390060071576,6247700
2025-06-11,194.2418212890625,197.8019683598272,192.74382909661853,197.7630513758133,5062100
2025-06-12,194.212646484375,194.8546431565005,192.70493242437635,192.84111218732895,3257600
2025-06-13,189.6797790527344,193.6095484572893,189.16424032783567,190.740036819603,5138200
2025-06-16,193.78465270996097,194.40719090239983,191.2361393038019,191.8975796396827,5864500
2025-06-17,192.29638671875,195.14643982061148,191.50848848492427,192.5979265521914,4656300
2025-06-18,192.9383850097656,195.0978175132294,191.90729272450116,193.1815642120252,3742000
2025-06-20,192.79246520996097,195.4479778962823,191.21666875648148,194.9421758510175,12910000
2025-06-23,195.8954315185547,196.3234292760885,192.9481008657419,193.5706390105692,4565400
2025-06-24,200.19483947753903,200.574198430618,197.46150768196,197.685228386986,7597800
2025-06-25,199.77658081054688,200.78819975021963,197.7630499134122,200.4088407925323,4748300
2025-06-26,200.6811981201172,201.66365157500164,200.1559375853863,200.6811981201172,4579200
2025-06-27,201.43019104003903,202.02354886499165,199.6890197053919,199.8932967583179,8585100
2025-06-30,201.9554443359375,202.694718555792,200.80764570981748,201.439905652344,5319900
2025-07-01,204.7082366943359,205.90467413875183,200.85628668317463,201.352366881474,5856200
2025-07-02,209.70799255371097,210.2818918520771,203.76469284470872,204.69850741970245,5533400
2025-07-03,210.12628173828125,211.02117938953157,208.86174696320668,209.37728566618264,2561100
2025-07-07,207.5874786376953,209.7469109420404,206.4104848765965,209.15355314954056,5221400
2025-07-08,210.7196350097656,213.38486941452945,208.18084369004023,209.13410195234732,6844600
2025-07-09,210.48617553710935,212.92768922005789,209.328640237521,211.02117271454264,5231400
2025-07-10,213.6669921875,214.75643033720635,211.62428081431895,213.2973550256432,3971400
2025-07-11,215.21359252929688,215.64159029714637,212.26626180544665,213.75451732570843,5396300
2025-07-14,214.04632568359375,214.2505878910969,211.3713545976291,213.4237875518321,4723600
2025-07-15,212.4024353027344,215.35948776414548,212.0230763546836,214.7466862895897,4419700
2025-07-16,210.72935485839844,212.64560803176724,205.93386843414183,212.4413309848053,6420900
2025-07-17,210.68072509765625,211.07954254207385,209.6107455386454,210.2430055124936,4920100
2025-07-18,210.7099151611328,212.68452914047228,210.0192945229793,212.52890572781297,4550100
2025-07-21,208.71585083007812,213.02497912823583,208.3656721884969,211.5075432955439,8269800
2025-07-22,209.0562744140625,210.10681024639192,206.37158162642888,208.20027895605793,11730800
2025-07-23,181.1685028076172,189.6797747515992,180.23468815507175,189.58249713524725,30755700
2025-07-24,180.6237945556641,182.76376866077388,179.98179787138676,181.33387370146588,9049500
2025-07-25,179.94288635253906,180.80860371169257,178.20171496703492,180.63350696943027,7031800
2025-07-28,184.0866546630859,185.34145280618785,182.62757946100072,182.7540373947752,8586800
2025-07-29,186.15853881835935,187.62733578692695,183.7461905599767,184.53410360554517,7144700
2025-07-30,184.34927368164065,187.32578441759105,183.16255811675492,186.9075085172728,6985100
2025-07-31,177.39308166503906,183.12461057509603,176.1683972782543,182.37020080690365,10144000
2025-08-01,177.19712829589844,177.9123397641704,174.31666833768753,175.9920430918698,6625100
2025-08-04,179.0292510986328,179.734670473374,176.97179038043765,178.03971153534084,4682700
2025-08-05,181.64517211914065,182.71310820656728,179.87183161811797,181.20428875448323,5761900
2025-08-06,182.1448516845703,183.11479209045152,180.27353047054785,180.94955860177396,7089000
2025-08-07,182.1448516845703,187.6118442395505,180.9887419218081,186.8966178385306,6563900
2025-08-08,183.4283142089844,183.8398063337477,180.9201631915169,181.9293018438611,5946200
2025-08-11,179.98941040039062,185.04489587447813,179.68567613345868,183.6438641985519,6457800
2025-08-12,189.06185913085935,189.9142345946607,181.4688166942355,181.52759914694468,9961500
2025-08-13,189.37538146972656,190.18857366195695,187.0925830255828,189.65951660724895,4966300
2025-08-14,189.78689575195312,190.30616073356896,186.1814171600479,187.308120810778,3917300
2025-08-15,190.62945556640625,191.41324151332913,188.59157921493772,189.67909940851567,5872900
2025-08-18,190.3943328857422,191.5602347991324,189.58114066926197,190.62947766693563,2763600
2025-08-19,191.97171020507812,193.64706990691127,189.8652443004559,190.72742680651592,5491100
2025-08-20,196.7039031982422,197.1545786613403,189.53214456163067,193.50012479419783,8107300
2025-08-21,196.64512634277344,198.085341406962,195.4106349309542,195.53800688925563,5291100
2025-08-22,201.8867645263672,204.85539821227775,197.80121930466612,197.9873737189246,6177700
2025-08-25,201.798583984375,202.80772266445408,200.397537353446,201.8279752119688,3442600
2025-08-26,201.80838012695312,203.2094267859989,201.0833765654106,201.6124336224757,4549700
2025-08-27,201.3087158203125,201.53405355467748,199.1336752197178,200.80904998765268,4189700
2025-08-28,199.9566650390625,202.93510583106703,199.48639042181568,201.661431082503,6166400
2025-08-29,198.3792724609375,199.9174832338968,197.47790654197357,199.38841120443848,5372700
2025-09-02,195.76333618164065,196.1160458626924,192.77510346019633,195.34205195275752,6238400
2025-09-03,191.7757873535156,196.0278880557373,187.50408751471505,195.18530457997235,7039600
2025-09-04,183.4969024658203,184.85875089111337,178.01032544259203,180.03839499116037,11335900
2025-09-05,184.1239318847656,185.4465969277881,181.53739920376853,183.29115551858385,9491200
2025-09-08,182.0566864013672,184.55503054975492,179.36238079448916,184.33948490522383,9701200
2025-09-09,181.28268432617188,181.89993005415283,179.9404349936529,180.6654385981909,6135000
2025-09-10,180.2833251953125,181.7333622036605,179.2350031842975,181.29246388572128,5957500
2025-09-11,180.616455078125,181.0671305499543,178.56877146995365,180.7732033141142,6596000
2025-09-12,178.90188598632812,180.60663693990156,178.64714208769536,180.38129921783045,6284200
2025-09-15,174.59100341796875,175.59035006482247,170.4858589561463,172.3179969670049,11658400
2025-09-16,174.0325469970703,177.47145521740944,173.6896294044061,175.1200672812432,7920300
2025-09-17,176.64846801757812,178.87249891239998,174.0129449882105,174.23828271551326,7209700
2025-09-18,177.94174194335938,179.99921774006418,176.65827506865037,179.52894311072856,7937100
2025-09-19,175.7373046875,179.53872977999848,174.5616106748,178.89209284059731,16206700
2025-09-22,175.9822235107422,177.73597973166326,175.67850420817436,175.76667788638588,7030300
2025-09-23,178.3532257080078,178.97047140788428,176.04102104390705,176.22717545814027,5900800
2025-09-24,180.70462036132812,181.41003971463888,177.43226749721185,178.03970612654518,5905100
2025-09-25,178.3532257080078,179.94042680058152,176.46232023660755,179.9306197578786,4042300
2025-09-26,180.8124084472656,183.49690709374025,179.36238629845565,182.193856043308,6206300
2025-09-29,179.5191192626953,182.33100458160476,179.2937815374061,181.7137589104218,5090700
2025-09-30,180.00901794433594,180.24416274447935,177.6380306044955,179.04886950583298,3873100
2025-10-01,176.73663330078125,180.77318781428585,174.71835604402895,178.2846359903677,7705000
2025-10-02,178.6275634765625,180.8809706671033,176.19777902018566,177.1089519287669,6798000
2025-10-03,176.66807556152344,181.70397709031977,176.51131237430354,179.07824602854777,5167600
2025-10-06,178.1278839111328,179.5191235150517,175.66872316015616,177.33429085781907,6019800
2025-10-07,173.46429443359375,178.33364060825235,173.37612074828047,178.07889669544485,5396100
2025-10-08,177.92213439941406,178.24543788667924,173.24873510025984,173.24873510025984,6377700
2025-10-09,175.3356170654297,177.04036812704396,174.02274406942942,176.83462952638857,5006100
2025-10-10,168.22262573242188,177.89274274444213,168.02667924220782,175.98222335301807,9630200
2025-10-13,171.56358337402344,172.5335387699185,168.9084611012911,169.32976029538057,8610300
2025-10-14,170.4172821044922,172.70009556760334,167.97770545384094,168.48717833846604,9919400
2025-10-15,171.72035217285156,172.59232686845593,167.6641980343449,170.4956677717353,9416800
2025-10-16,171.92608642578125,173.9051805537911,170.53484677532217,171.83791273907676,7188200
2025-10-17,173.00381469726562,174.03255255837217,171.03452761154077,171.5048022238499,5082600
2025-10-20,175.95285034179688,177.4420707311554,169.01623623186953,169.01623623186953,6620200
2025-10-21,177.1775360107422,178.15728352013548,175.21804099195558,175.83528670679675,10301500
2025-10-22,167.252685546875,169.57468210532508,159.73800981893504,160.6393905844204,25834500
2025-10-23,168.7027130126953,170.2409087098382,166.31212688233674,166.55706374077906,8412500
2025-10-24,165.70469665527344,170.6230182582301,165.37157114909184,170.48585420854127,7691800
2025-10-27,165.97901916503906,166.91956834558502,165.26379276239925,166.38071920765708,8606300
2025-10-28,163.52964782714844,166.07698218616423,163.11815569876342,165.71448041944015,9646600
2025-10-29,157.01431274414062,163.3434875180554,156.593028538556,163.3434875180554,11961900
2025-10-30,157.25926208496094,159.3461289940131,156.73020502549875,156.90655239539944,9477600
2025-10-31,159.6020050048828,160.1357843159955,155.98411885036862,156.5376722346924,8707900
2025-11-03,159.6020050048828,161.5690954182335,158.2280010390797,160.47186814459226,5208300
2025-11-04,157.5261688232422,160.44221874491032,156.3103272451417,159.32521736903652,11462300
2025-11-05,161.68772888183594,163.7141264831004,157.5558223012543,157.5558223012543,9770200
2025-11-06,159.52291870117188,161.92494814927224,159.2362474399595,160.8771485505191,5859500
2025-11-07,158.7024688720703,158.7518965121467,155.08458281653208,158.5344269623691,8837700
2025-11-10,158.73211669921875,161.49000395064874,156.66617113424095,160.1357741440782,7677900
2025-11-11,157.89190673828125,160.30383091172737,157.40755505445242,158.57396899359824,7274200
2025-11-12,161.21324157714844,162.6366732202343,158.55419428321707,158.99902798408056,6241200
2025-11-13,160.36312866210938,163.53619611707407,159.62175931202583,160.6596794187824,7719600
2025-11-14,157.49652099609375,159.02868747685508,156.47837486852706,158.65305547838213,6041500
2025-11-17,153.20645141601562,157.91167008370724,151.7731252860997,156.804563357944,7343400
2025-11-18,155.50965881347656,156.27078723472985,151.77314301125284,152.77153016316117,8164700
2025-11-19,155.28228759765625,157.33835386580208,153.34485068944124,154.76828234301902,5568500
2025-11-20,151.5655517578125,157.4174253518015,150.9724502444009,156.33997218286189,7890900
2025-11-21,157.56568908691406,159.3054454365943,151.64462901763886,151.65450851209926,11711300
2025-11-24,159.404296875,160.82772850398294,157.14065566168594,157.882025044848,9466500
2025-11-25,159.90843200683594,160.0863534125152,156.8638733718951,157.8820194151437,7406700
2025-11-26,163.44723510742188,165.11777470324648,160.18520695655386,160.45210414537706,7346300
2025-11-28,166.33363342285156,167.30235182756795,163.51642382851722,164.12928433798297,4018100
2025-12-01,166.2248992919922,167.71751750895302,164.6136517206887,164.9200819766106,6170800
2025-12-02,173.24319458007812,175.83305525332736,166.07662377057957,166.76858060495238,9438900
2025-12-03,180.4987335205078,180.8941244806288,173.55951206303735,174.7852481725296,9259300
2025-12-04,178.04727172851562,181.7936669069747,176.8808577696112,181.1313787142274,6724100
2025-12-05,180.4394073486328,182.6338618205852,178.55139820973875,178.78862674733492,6584600
2025-12-08,178.8578338623047,181.58606770945735,177.46405582903387,181.3982517227218,6427600
2025-12-09,177.45416259765625,179.78700530082534,177.33553325125968,177.83967403625127,3760400
2025-12-10,179.5794219970703,180.61734208861168,175.45741028101554,175.78361460025414,5268900
2025-12-11,179.5794219970703,179.92540038865005,177.11807036092344,178.20541809171874,4838000
2025-12-12,177.35533142089844,181.1214856211729,176.59418793448938,179.69805393658427,5980500
2025-12-15,175.92201232910156,177.2960163077829,171.99769587742622,173.3321667925133,9037500
2025-12-16,175.5167236328125,176.96980879580877,173.97467776592626,176.28774656625563,5746900
2025-12-17,172.4820556640625,177.57278582601322,171.69125867534834,175.82314993950283,8865600
2025-12-18,174.16249084472656,176.84129699402152,173.87581958160172,174.76547185524652,8546200
2025-12-19,174.26133728027344,176.18890973390998,173.5693955425776,173.69790439500633,19091700
2025-12-22,176.76222229003906,177.82978083347962,175.92199769735632,177.42451040335015,5373100
