Date,close,high,low,open,volume
2019-08-19,218.32168579101562,221.69406813396176,217.7685342778885,220.80190320485735,2672300
2019-08-20,214.26234436035156,218.22355904037732,214.0482198648463,217.87561524352952,3201300
2019-08-21,214.43185424804688,215.8057823008416,213.49507831446292,214.28910458679738,2761900
2019-08-22,207.82095336914062,214.43190043442948,207.58006496556686,214.43190043442948,4498200
2019-08-23,205.78675842285156,209.7479727439308,204.64478844368443,207.78519907971608,4826600
2019-08-26,206.1614990234375,209.26622955009356,205.6083610550553,207.44621885884226,2918300
2019-08-27,198.89035034179688,207.33915455120692,198.59594785167772,206.73248884466523,4988100
2019-08-28,202.83370971679688,204.99274729294515,196.97217937740004,198.43532937170536,4847600
2019-08-29,205.75106811523438,207.2499122497348,203.42251714510547,203.78830802705954,4052500
2019-08-30,208.76658630371094,209.70336217005263,207.2409783369995,208.47217025352606,3384100
2019-09-03,205.75106811523438,207.13392645463807,203.83291899543184,206.75030207602006,3382300
2019-09-04,202.2805938720703,207.82986200825812,202.07539970618436,206.9376968881425,4526100
2019-09-05,204.83213806152344,206.5450930521254,203.03889149636734,205.1979289411893,4256900
2019-09-06,204.30575561523438,206.9465696252903,203.93996475063932,205.34958688149993,4183200
2019-09-09,205.80459594726562,206.9822601688442,203.91321068475534,204.30576542528155,3895600
2019-09-10,207.3927001953125,209.02535030966308,205.93846676068077,206.49160475322884,4257600
2019-09-11,208.95399475097656,208.9896753652164,203.93110086511288,207.41946968483987,3168100
2019-09-12,205.2871551513672,210.9077833008731,204.93028101254757,209.65875784839542,4713700
2019-09-13,209.40151977539062,212.04581515093417,207.5460226712209,208.84577336276624,4523200
2019-09-16,210.13650512695312,211.5886372316874,208.0927778303449,208.69335917441782,2973600
2019-09-17,208.42449951171875,209.7421679405721,207.21439138642688,208.91750703230272,2392900
2019-09-18,206.71243286132812,208.97129506419287,205.47543461349983,206.8827458000937,2960500
2019-09-19,208.7202911376953,209.70629244043118,207.2681587414883,207.95836922769232,2666700
2019-09-20,208.75619506835938,210.6475416275216,207.88671263211765,210.4413797781985,6220100
2019-09-23,205.06307983398438,206.86478310068657,204.65971506413223,205.95945206812465,3281200
2019-09-24,201.68377685546875,206.02221570610172,199.81932074367586,205.6098920884066,5006800
2019-09-25,199.14700317382812,203.02829630745816,199.1111543051867,201.03834899779005,4658000
2019-09-26,193.15028381347656,200.4557256764602,191.31271801100561,199.9268556671252,10444400
2019-09-27,192.95309448242188,196.197971477348,192.7379738861666,195.57049993145486,4834900
2019-09-30,194.79965209960938,195.8842550194918,191.03487716324932,191.50099463035662,5286300
2019-10-01,194.70103454589844,196.47584788152963,190.10264024068184,196.47584788152963,5523600
2019-10-02,194.28871154785156,196.6282439848726,192.9710430673709,193.75088265385895,4921200
2019-10-03,193.04275512695312,193.9391275014881,190.97213713018647,193.28477949779352,3375800
2019-10-04,197.0226287841797,197.07640893227182,192.8455306999886,194.36936083200587,3700500
2019-10-07,198.3134002685547,199.46971444566904,196.29656271872,196.35034286497344,3843200
2019-10-08,197.3004913330078,198.97670301983868,195.76768880748335,196.74474492936437,4817000
2019-10-09,199.06634521484375,200.31230205952477,197.35427098380907,198.7346918686686,4483100
2019-10-10,200.5453643798828,200.9039214948496,194.9789002358829,195.57946801620244,5252200
2019-10-11,199.05738830566406,205.1347909499213,198.6271197860751,202.16778737016935,5891600
2019-10-14,197.73074340820312,200.19576699675994,197.11224439212015,198.66297817021515,4075300
2019-10-15,213.86546325683594,214.98592862912443,207.14267102310498,208.5768721706566,13397700
2019-10-16,212.43128967285156,212.87050337386304,209.822842833044,211.80381808130937,5368600
2019-10-17,218.41903686523438,219.26162901628192,212.6822596119088,213.9551066375668,6301200
2019-10-18,219.9159698486328,220.87509474454515,216.70695547475154,219.11819907394974,4922100
2019-10-21,218.64312744140625,220.14904000166467,217.05654465762208,219.62914243190616,3029200
2019-10-22,223.62693786621094,225.4376135823531,217.9529000659529,218.39212737816425,5660800
2019-10-23,222.12106323242188,225.66173115454907,221.1619382865182,222.64991961765818,3706600
2019-10-24,219.17196655273438,222.73953783559512,218.63415142735437,222.32720059633795,2546900
2019-10-25,219.53054809570312,220.57930206842323,217.05655173974745,218.63417577602206,2815100
2019-10-28,221.44873046875,222.64986580246008,219.53945351524092,219.84421674721762,2957100
2019-10-29,226.14576721191406,226.9614693079539,220.78546455339944,221.4398125190697,3528900
2019-10-30,228.39566040039062,228.82591526643307,225.8678839975856,226.03819691973206,3299600
2019-10-31,226.5133056640625,229.2203541766702,224.01243265395348,228.01921842780231,3960400
2019-11-01,226.07411193847656,229.76714854645118,226.02929057842172,227.66965387800656,2919600
2019-11-04,225.2135467529297,227.5261889937292,224.01241111952754,227.3469172641635,3186400
2019-11-05,224.36195373535156,227.9205522944754,224.17370956417173,227.44547614525217,5393400
2019-11-06,224.55918884277344,225.87685719695392,223.2773693618964,223.83312947976697,3668600
2019-11-07,229.8836212158203,230.14357682960596,225.2224882180735,225.8409872633954,3646300
2019-11-08,230.34075927734375,231.56878478226716,228.57490499552694,230.16147390000998,2200300
2019-11-11,227.7592315673828,229.88362951491658,227.07799355184835,228.619754982713,1765600
2019-11-12,228.79901123046875,229.25615614289592,227.14968961332065,227.31103004915795,1892500
2019-11-13,227.2930908203125,230.26008042464102,226.95246502922348,228.45836366393686,3289800
2019-11-14,229.31893920898438,229.5430186182117,227.20349992264232,227.49930443850383,2101900
2019-11-15,241.482666015625,247.01329454434727,228.89760630370986,229.56987177840116,10136000
2019-11-18,244.64691162109375,249.5949047572408,241.12417466793838,241.12417466793838,6985200
2019-11-19,245.8121795654297,246.8250572609536,243.40988107127103,246.71749696444564,4002000
2019-11-20,247.0043182373047,247.42561426038145,243.13198381520874,244.03732847982457,4141600
2019-11-21,247.89170837402344,248.90461328538103,245.52530011090334,246.6995454448381,3309900
2019-11-22,248.15171813964844,248.98533786008338,246.50239629794126,247.87384489950344,2802700
2019-11-25,253.3775634765625,253.67335429160778,248.30409310811703,248.99428991329665,4082900
2019-11-26,252.2391815185547,253.00110351033493,251.12768852426268,251.620682389766,2998600
2019-11-27,251.5847930908203,252.71420344195573,249.80996631745296,251.88955635097483,2323900
2019-11-29,250.8677215576172,251.80892892445328,248.59092816240303,249.2811523691054,1520900
2019-12-02,250.6794891357422,252.77699710570795,249.70244657847903,252.57979409886778,2517100
2019-12-03,248.20547485351562,249.56797820438808,245.47155038570128,248.26822747732908,3239200
2019-12-04,250.37466430664062,252.6335121757879,249.76513783712394,252.43630921740242,2694200
2019-12-05,252.77700805664062,253.51203996444397,248.72541479662337,250.3030115645775,3357300
2019-12-06,252.12008666992188,254.68457426607878,251.1482675474557,254.5045996255407,2828900
2019-12-09,249.73558044433594,252.73196332209315,249.62760664121322,252.64197599939908,2697100
2019-12-10,251.51719665527344,251.5891974956893,246.55921658741613,249.7895609291397,2515300
2019-12-11,252.3990936279297,252.54306788566075,250.17654079596767,250.41948190948025,2751300
2019-12-12,255.1974639892578,255.53939934910443,251.98513341342908,252.87594477493124,2996200
2019-12-13,256.8801574707031,258.97672218470996,255.65639021141075,256.4212413159338,3599300
2019-12-16,262.7740173339844,265.8424019696782,258.30191791824603,259.1207561166526,4663600
2019-12-17,261.3702392578125,263.44881746567313,260.20048637781605,262.063089507007,4409100
2019-12-18,263.5568542480469,265.3204909602962,261.83819748028435,261.84720445329515,3621600
2019-12-19,265.10443115234375,267.42597746387054,264.2046129609583,265.4463664587137,2905900
2019-12-20,263.2778015136719,269.9454576119189,263.2058281408284,268.9556521086208,6608300
2019-12-23,265.5273742675781,266.21124495105954,263.4757896774086,264.033672620133,2098900
2019-12-24,265.0324401855469,266.193185803983,264.15060853083105,265.68031033874684,714000
2019-12-26,266.0312805175781,266.58018397150596,265.03249536443076,265.7163386138762,1050600
2019-12-27,266.3192443847656,266.8321474467436,265.4554264374136,266.3552448084862,1547100
2019-12-30,264.4115905761719,266.83210379520324,264.05166877867856,266.3911741925215,1511700
2019-12-31,264.52862548828125,264.62759233223454,261.98212401570487,264.240677007234,2224200
2020-01-02,263.1969299316406,266.0763603201343,260.75842931243534,264.52867129186853,2543400
2020-01-03,260.5334777832031,262.6390499525706,255.87239669687656,258.49087204424325,2711400
2020-01-06,262.3420104980469,262.44100478892483,258.44580939923446,259.1476665644355,3079100
2020-01-07,260.7583923339844,262.28806719946647,258.7697738184385,261.5772304062187,2492900
2020-01-08,266.2562255859375,267.5879665361698,260.9833036059467,262.29703061586616,3379200
2020-01-09,264.74456787109375,267.4260365596713,264.2946586759801,264.80756174887637,2838200
2020-01-10,265.56341552734375,266.40924704163865,262.93593365011895,266.40924704163865,2477900
2020-01-13,257.2130432128906,264.9514853829203,256.4661787138914,264.879484547698,6994900
2020-01-14,259.3636169433594,259.3636169433594,255.77335072833935,256.9881109204234,6056300
2020-01-15,266.7151794433594,269.6216028068724,260.04752169902633,260.06550818160963,6081300
2020-01-16,270.6114196777344,270.83637431335404,266.28329468523475,268.14592565863336,3710300
2020-01-17,268.5687255859375,270.5753299555268,266.23819986176204,269.95445323229916,4632200
2020-01-21,270.42242431640625,272.2310680988166,266.35525500909756,267.1470995996111,4962800
2020-01-22,270.4764099121094,271.8621379387873,267.5610070796114,271.73615018169005,3117600
2020-01-23,269.45953369140625,270.46732561896084,266.93104690379397,269.9544501467282,3169600
2020-01-24,263.47576904296875,269.88247033296744,262.3509962754754,268.45176266794857,3678500
2020-01-27,255.62940979003903,259.21967647253143,252.0121496535535,259.14770308197575,4399400
2020-01-28,257.2310485839844,259.4805942951261,254.9185090024648,255.46741243532625,4341000
2020-01-29,254.55853271484375,257.5189419261676,252.74991702304803,255.54833810802015,3963800
2020-01-30,252.83099365234375,253.60482432520465,248.27791456986077,253.60482432520465,4211800
2020-01-31,245.15557861328125,250.85141803779507,244.01279146303816,250.302541894988,5532600
2020-02-03,246.56817626953125,249.11467718417643,243.6887744707633,247.56698876298984,5646800
2020-02-04,252.70504760742188,255.09856833393735,249.14177370687497,249.50169564809357,4290200
2020-02-05,266.1032409667969,267.24600017274685,256.84410418102664,256.9880783854432,5761000
2020-02-06,263.1607971191406,267.48892003729736,260.9472522544097,267.24597903296444,3044000
2020-02-07,260.2454528808594,263.99770731844876,259.96651140140534,263.5297842223771,3425900
2020-02-10,258.27496337890625,260.30856245194803,256.8532618988291,257.5551193946144,3147400
2020-02-11,261.658203125,262.360060386368,257.2580779192971,258.1129163928831,2992200
2020-02-12,273.0769348144531,274.44464908155146,264.55565231669004,265.4464638657629,6701900
2020-02-13,271.9250793457031,275.25439031142514,270.07145599379936,270.07145599379936,3565500
2020-02-14,268.8477783203125,273.5178386709043,267.52504398759663,271.93414927655544,2485600
2020-02-18,271.8711242675781,272.95989676144666,269.0456815215033,269.6485718870329,3241700
2020-02-19,274.72357177734375,275.9833121290656,272.4020522334763,272.9779217684291,3021100
2020-02-20,271.86212158203125,273.68875172809254,268.04690057790964,272.8249338038205,2885500
2020-02-21,271.2322998046875,272.2041192195583,268.69480489509294,270.3684816828002,2987100
2020-02-24,249.96047973632812,260.03842606275646,249.8255125122759,258.1488300054864,8790600
2020-02-25,237.00314331054688,253.7307613718938,235.76138972529037,252.0840785878714,8171200
2020-02-26,236.65220642089844,242.7979531591181,232.7919783307073,238.1998949529366,6806600
2020-02-27,228.48187255859375,235.88737369492495,226.8172168581075,232.53106884200847,7604300
2020-02-28,229.41769409179688,231.34330482447143,220.7254454774227,221.53527650578417,9961000
2020-03-02,245.74935913085935,245.8663399017892,225.24252014576456,231.5592346335004,8866300
2020-03-03,235.2125244140625,252.26409408876657,233.25993386260535,247.76500208597164,9188100
2020-03-04,260.4254455566406,266.2022641326681,253.9377353168959,260.9473281303793,14533000
2020-03-05,254.612548828125,260.42539414058615,251.8951077642847,253.38880926356816,5908400
2020-03-06,255.4313812255859,256.4211867112329,244.6605565605348,247.8279341146051,5361900
2020-03-09,246.04638671875,253.2449351248918,233.2689523137351,237.96600624715396,8070700
2020-03-10,251.9490966796875,255.4583821771001,245.20046016148157,251.6971486814187,7366000
2020-03-11,249.95155334472656,256.6641909008116,245.88438407396123,247.23411167013344,7744600
2020-03-12,225.3235321044922,244.95757646748424,224.9546032599125,233.95278739030897,10496600
2020-03-13,245.8469085693359,246.9132868312208,218.94327936557536,235.86083021338737,9308400
2020-03-16,203.3722686767578,222.02496875937177,202.38722141982728,220.4344333594762,10303500
2020-03-17,220.7055206298828,224.8083851653989,206.30931770930297,208.59573185509623,9642200
2020-03-18,196.1605987548828,209.16507184114943,180.91491378114117,204.01389324147976,12917500
2020-03-19,198.63677978515625,204.34825774109183,188.8224234623445,196.0882940432272,8065200
2020-03-20,186.6986846923828,210.24048919506157,183.87006299595657,201.69132978769397,9364100
2020-03-23,176.09812927246094,185.93959757939191,169.64559652287,182.58680460056664,10654500
2020-03-24,198.63677978515625,199.0615274088111,179.8394842057304,182.67715189739212,8894400
2020-03-25,211.9123382568359,223.67870889665392,195.20262694015312,197.99510565492952,10014000
2020-03-26,230.800048828125,233.12259198019296,209.933247876786,211.4966728321198,7517600
2020-03-27,219.10592651367188,227.37493562404424,215.30129013507684,219.54875228776095,4879500
2020-03-30,227.0857696533203,229.6252095666326,219.27766347402263,219.27766347402263,5329000
2020-03-31,225.36868286132812,230.02281438137507,219.6029708197233,220.03675060469595,5450000
2020-04-01,214.46990966796875,222.8654260989579,212.7709190015759,215.70799630188392,4548800
2020-04-02,217.2894592285156,218.6992538652764,204.2669094388494,212.6443599252756,4636800
2020-04-03,207.393798828125,216.2953935416732,205.38754811766253,215.37361311008632,4650300
2020-04-06,224.42884826660156,225.28737578570764,212.48172057151757,216.8918594598779,6365900
2020-04-07,224.15768432617188,241.03005841584903,222.80211048489463,234.7944242618179,4984100
2020-04-08,242.04217529296875,243.24413267542093,222.5490338886548,223.84135457163484,6390200
2020-04-09,238.6985015869141,244.3647907432479,236.41210130496648,239.48473006161055,4923300
2020-04-13,238.13821411132812,239.44858577549223,233.32139234396075,236.82781486794008,2964900
2020-04-14,244.4552001953125,246.77775714520277,241.29219390812733,243.09962607223315,4778900
2020-04-15,254.55880737304688,255.7426735504401,244.61792781499273,249.723919526692,7841800
2020-04-16,269.69598388671875,271.11482475528567,253.04954909111083,256.149288635132,7738900
2020-04-17,262.58367919921875,274.72962261594546,259.45683003241606,272.00942904035185,5857500
2020-04-20,254.9744415283203,261.18296593947076,254.18818545395203,257.83015977436673,4072600
2020-04-21,247.78997802734375,253.04056759867763,246.9404824869238,248.4768112504662,3977500
2020-04-22,250.3474273681641,256.4927134760839,250.06727757983768,252.66093840808796,3663300
2020-04-23,257.85736083984375,260.68599728354064,251.72114699381692,252.19106954328993,4420500
2020-04-24,263.2435302734375,263.7947839815977,256.65543068610543,259.62866505250645,3265000
2020-04-27,265.67449951171875,268.2771790120124,262.6470447132559,264.97862038411165,3706200
2020-04-28,260.59552001953125,269.53328406875664,258.1193471236807,269.3073550795959,3862900
2020-04-29,259.9538269042969,264.5627826907561,258.5530785400116,263.8849958862537,4258400
2020-04-30,264.309814453125,266.5962147852328,258.0289773442922,259.0501808169926,7631700
2020-05-01,257.1163024902344,261.17397936505074,252.67905268009568,260.62272572622044,3526100
2020-05-04,259.85455322265625,260.2160341719986,254.94735349751392,257.09820237805974,2894200
2020-05-05,264.82501220703125,267.50000453014815,259.62864387578685,262.04155076957807,2501300
2020-05-06,260.966064453125,269.01817747880904,260.6678503021993,266.68660228844465,2579200
2020-05-07,257.55902099609375,264.1471173605963,257.12522745326555,263.03553692041,3162300
2020-05-08,259.366455078125,262.07760269218204,258.1554791200192,261.616698772442,3200000
2020-05-11,260.8937072753906,262.1679498178017,257.7939688101016,258.0650725088203,3490700
2020-05-12,259.99908447265625,264.9243197508212,259.99908447265625,263.67718735292317,4214300
2020-05-13,251.23309326171875,258.8243035134933,249.0280236181193,257.0982023330151,5474100
2020-05-14,262.62890625,264.2917680403056,249.1003035504055,249.36236134606483,5704600
2020-05-15,262.9452819824219,271.11488490301787,262.7283988998538,264.25568162447934,12182800
2020-05-18,265.1141357421875,270.8617843467958,263.90315950563013,269.74118523399886,4015100
2020-05-19,261.21905517578125,266.26180505860674,261.06543892578213,262.74633716724463,3059400
2020-05-20,260.2611999511719,264.69844946746673,259.09542599828586,264.69844946746673,3200600
2020-05-21,259.2851867675781,262.195153681402,257.49581898033097,258.49895818172337,3604900
2020-05-22,262.02349853515625,262.29460238550337,257.3693652426512,259.63767433517387,2922800
2020-05-26,266.496826171875,268.43076408297077,264.33693168011945,267.9517957030954,4567800
2020-05-27,274.52178955078125,274.5488999266405,262.80059234777843,268.7832152198691,5618900
2020-05-28,274.7025146484375,279.84466016520895,274.0879944746392,276.491882003083,4387700
2020-05-29,275.497802734375,278.6788728327842,271.8829390674105,275.3803152525233,6251500
2020-06-01,276.473876953125,276.51907930845664,271.6209256086597,274.7477757858632,2894000
2020-06-02,276.8172302246094,278.43488949604364,272.6782233116602,276.1575076530984,2756800
2020-06-03,275.9496765136719,280.26039175515217,273.5909634945513,278.20896643505574,4360000
2020-06-04,269.37969970703125,275.1544591832174,265.95463533205486,273.98865761952766,4374300
2020-06-05,281.82391357421875,284.0199374076062,271.56672878480344,274.7297356092521,5554300
2020-06-08,279.6820373535156,285.4296578702478,278.28126100725865,278.9229192237146,4635500
2020-06-09,279.43804931640625,282.5468349262978,277.73905862504375,280.06161563566644,3061500
2020-06-10,276.3111877441406,280.4321308071837,273.6994350700352,279.1940442069098,3296100
2020-06-11,256.4114074707031,274.15133331818816,253.76349804328876,274.15133331818816,6638900
2020-06-12,257.694580078125,265.78284831151757,251.8656291450992,262.6650174646473,5416800
2020-06-15,258.71575927734375,259.3664357594211,247.35604500155128,251.2510579106254,4494600
2020-06-16,264.7888488769531,268.9188385654826,259.76418896808383,266.9939186302532,4245400
2020-06-17,264.42730712890625,266.68659712901785,263.18922062152086,266.68659712901785,2538000
2020-06-18,263.4150695800781,263.68617326602435,259.00493242725133,262.46615152083587,2926600
2020-06-19,264.331787109375,269.12395700384485,264.0322886088467,267.2270593058258,5172800
2020-06-22,265.62969970703125,265.92919822097764,259.8119279170713,263.0157837023936,2174100
2020-06-23,270.10418701171875,271.62896203379887,264.1775069872029,266.84587712484426,4023400
2020-06-24,262.46221923828125,269.65049074145793,259.1857658501277,266.82781390504175,3399900
2020-06-25,268.85174560546875,269.36000406385205,259.6304414779298,261.6453331158095,3112500
2020-06-26,260.37469482421875,269.1784794352221,259.41263216339996,267.87154885853255,5043200
2020-06-29,262.98858642578125,265.2757493405331,260.1386831060762,261.7996217841992,2356700
2020-06-30,267.69903564453125,269.0604478732073,261.08256445772497,261.90849120021545,2932900
2020-07-01,270.2222900390625,272.6455892353962,267.96232602801604,268.49781172195503,2303800
2020-07-02,270.7032165527344,275.0778667993179,269.7229842367012,272.7362499519102,1971700
2020-07-06,274.83282470703125,275.4499916082954,271.67433833902754,275.00527247326727,2395000
2020-07-07,269.241943359375,275.51351879468723,268.60663429393776,272.8814607853005,2075700
2020-07-08,270.7939453125,273.072050556424,268.3615621991,269.8772799461973,1987400
2020-07-09,264.25921630859375,270.96642674406326,260.93736685375575,267.83519496062127,3061700
2020-07-10,264.3227844238281,267.05466666771895,260.57435758206196,267.05466666771895,2391600
2020-07-13,272.01922607421875,276.3848189827343,264.8128152747227,265.10325652511096,4263300
2020-07-14,280.01531982421875,281.12260312567764,269.2964673632642,270.29484209376136,4234900
2020-07-15,275.9764709472656,281.9848336470485,271.0663065689395,273.299015300416,5116900
2020-07-16,278.7718505859375,282.1300119749697,275.15050276383266,276.8295834583488,3844500
2020-07-17,278.2091064453125,282.23888857677696,277.95497728828326,280.53258093758024,3016500
2020-07-20,275.4228210449219,280.08794124049285,274.4426162179272,278.4451723493387,2375500
2020-07-21,276.9203186035156,278.63571135936905,275.10510224286827,276.8477221362113,2340200
2020-07-22,278.3725280761719,278.5540608115524,273.9252530394147,276.693447216925,1935800
2020-07-23,274.9780578613281,279.9971301066982,273.43511283988533,279.72485872550436,2367700
2020-07-24,272.99945068359375,276.1669941185785,271.5835842503168,275.30475533639003,2415700
2020-07-27,271.0118103027344,274.21566609640115,269.89544226092835,270.85750472375156,2060500
2020-07-28,272.2190246582031,273.55321032925315,269.75032830421986,270.3675231662267,2257400
2020-07-29,278.34527587890625,281.1316396979289,272.28245975586333,273.6075599712341,2672700
2020-07-30,277.029296875,278.14563737941734,271.2750634626289,273.8072707272886,2205300
2020-07-31,274.80560302734375,275.6768991227841,270.5126063741159,275.4046277485851,3913500
2020-08-03,275.5589294433594,276.7388367955377,271.55640140669465,275.5407872495126,2628500
2020-08-04,276.36663818359375,280.32379579982046,272.34594135934543,274.0159367687804,3594900
2020-08-05,283.6003112792969,284.0450303961711,276.838619684281,278.48138817094093,2982200
2020-08-06,285.04345703125,287.0220364537744,281.72160736970545,283.17378617172596,3305300
2020-08-07,287.739013671875,289.5270028538455,284.3899373477881,284.3899373477881,2600800
2020-08-10,289.61785888671875,290.86127801845134,286.42305944961265,287.7118756221746,2563600
2020-08-11,286.39581298828125,294.5824582957037,285.58805593372745,293.0849100095685,3018200
2020-08-12,292.4949035644531,293.42068171506514,288.29270059293265,288.61942627102684,2915800
2020-08-13,291.8141784667969,292.1318468763695,288.47418693861454,291.0517909026251,2159500
2020-08-14,293.7928161621094,294.00154834322876,289.282001828171,290.92477062623243,1787200
2020-08-17,290.89764404296875,293.8836564230728,289.84481473309603,291.7507983510032,2772500
2020-08-18,287.53936767578125,292.8579664276123,286.540993060454,292.2317145188164,2520000
2020-08-19,286.2596130371094,289.9717271514553,286.0599381305625,287.50303180596813,2066700
2020-08-20,284.380859375,286.15070640845454,283.1828376256806,285.7422716475024,2245600
2020-08-21,285.1160583496094,286.15071731317846,281.44022845497096,282.5202844481556,2488500
2020-08-24,280.3057556152344,287.62107659926517,278.17287048261807,287.5393951726554,2922200
2020-08-25,283.37347412109375,283.50052488442844,279.3618331122476,283.3553319257625,1879300
2020-08-26,280.2875671386719,282.59287199258455,275.5589085387719,282.248004147624,3178900
2020-08-27,282.8742980957031,285.687861737395,277.26525761147303,281.7307027458491,2321000
2020-08-28,285.3248291015625,286.6408722723242,280.42374961053304,283.4823852813011,2883500
2020-08-31,283.6729431152344,290.03528571368804,283.6638858675169,285.79677076196333,4341600
2020-09-01,283.9271240234375,285.64251719713207,281.3586044345946,281.50382510258015,2487100
2020-09-02,290.6524353027344,291.5963555673333,283.6820111133966,283.6820111133966,2846500
2020-09-03,287.0129089355469,293.90165083880134,284.74388876854607,292.2497975097047,3872500
2020-09-04,283.1737976074219,288.4651419589242,278.2999453302831,287.23989287768313,2901000
2020-09-08,278.8626403808594,282.6836634342164,275.75860791675524,282.2933985264449,2594500
2020-09-09,283.1919250488281,286.1870489862859,279.92455740506557,281.06812500117985,2195600
2020-09-10,276.45745849609375,285.38831970644986,275.6587588621751,283.8363174666328,2421200
2020-09-11,274.7532653808594,279.2917616176265,270.9347141974367,278.02500208178947,3085900
2020-09-14,281.2147521972656,283.5386792422953,276.14765786358174,276.14765786358174,1795500
2020-09-15,279.99346923828125,283.8484536600609,278.9180574104145,282.5634495820893,1468300
2020-09-16,279.346435546875,284.56847065729585,279.05482526501265,281.6703901050189,3438200
2020-09-17,277.94305419921875,280.13028486883223,275.3274608428641,277.5055969404373,2394100
2020-09-18,280.71343994140625,282.8733583636319,276.84021040337774,277.97030099260905,3795400
2020-09-21,272.666259765625,273.88746296951155,265.8038091942938,273.83278430457176,4124700
2020-09-22,268.1732482910156,273.96940772216044,266.95204541361335,271.98267592812385,3163600
2020-09-23,266.2413024902344,269.8502339271653,265.95875893348176,268.8477452468671,3709900
2020-09-24,266.7151794433594,268.78392993724293,263.96291776899534,266.28684465777263,2869100
2020-09-25,275.68280029296875,276.3845283177089,265.402794835852,265.43013416637075,2455800
2020-09-28,276.3480529785156,282.52699105842714,275.98349154341736,279.22791588056947,2575700
2020-09-29,277.1865539550781,278.41687960742445,274.02417453739525,276.74912461176586,1797800
2020-09-30,284.13104248046875,286.6372502437407,277.04075399358857,277.0680933294295,3497300
2020-10-01,285.3157958984375,287.2296327362015,281.743298613802,285.16997684476456,2731200
2020-10-02,284.3224182128906,289.2528152562414,281.02331440423563,284.4317755457038,2338000
2020-10-05,289.94549560546875,290.19157747978403,285.36141414409155,287.1385546961934,1638600
2020-10-06,286.57342529296875,291.90478950496504,285.6985110796423,290.67449180197343,2434400
2020-10-07,294.5204772949219,295.95127315846554,287.82206093268695,287.82206093268695,2596600
2020-10-08,293.8277893066406,296.50715535639836,292.5336625688915,294.75735449878755,2056700
2020-10-09,298.7764587402344,299.07721928967527,295.20398855568857,295.8783774777194,2028900
2020-10-12,300.7175598144531,303.98929644044784,299.8426733497871,299.94290829967605,2424200
2020-10-13,302.0389709472656,304.1168433060814,298.65784979159594,299.3778225098391,2713500
2020-10-14,293.31732177734375,301.26427643152255,291.8136033324539,293.5178194241377,4455400
2020-10-15,295.7962646484375,297.98349456413945,288.2867372612732,290.58335231307694,3172200
2020-10-16,300.65380859375,302.88662312776984,295.942153301053,296.60741978237826,3293300
2020-10-19,295.47735595703125,301.45579876253356,293.50884023149115,299.41438740811145,2482100
2020-10-20,294.7391052246094,299.4872212454791,294.6206255164955,297.6645249659135,1988600
2020-10-21,294.17401123046875,297.5459819428591,293.61807452118745,294.73904250695875,2139000
2020-10-22,296.85345458984375,298.97688362553686,293.6819528907096,293.74575393863273,2100600
2020-10-23,301.2917175292969,305.8940147693312,299.0406863848749,299.9793739091887,2349500
2020-10-26,294.42010498046875,298.69432964954757,290.30082172047776,297.39110858563834,2408500
2020-10-27,292.0962829589844,294.8212057599392,291.112011117658,294.4202102411982,2427700
2020-10-28,280.6952209472656,289.635543779089,280.18486822505974,285.55269418930476,3301400
2020-10-29,276.75811767578125,282.043952069968,274.73492426858274,279.4101433454962,3279200
2020-10-30,278.0888366699219,279.93887262678066,273.03995924500026,276.3481580603228,3556800
2020-11-02,284.4317932128906,284.92392905325795,280.1119836134727,284.92392905325795,4519000
2020-11-03,292.8617248535156,297.50048346157536,287.0928756608173,289.32568968675577,4043900
2020-11-04,323.12762451171875,328.48635652599944,310.8973469039634,314.62475780768733,10344900
2020-11-05,322.9817199707031,328.9784052802833,318.68015637369075,326.32637930935834,4786500
2020-11-06,316.6570739746094,320.79460306287723,314.02329183791323,319.29997849423285,2994900
2020-11-09,318.971923828125,335.33063790359665,318.04235851962653,333.8360132535441,4635300
2020-11-10,322.3347473144531,324.3488190505003,317.3041152592108,318.50707374684833,3733200
2020-11-11,320.5212097167969,325.17818620149995,318.43421431274754,324.5858153661897,2048200
2020-11-12,322.9908142089844,328.5591365563062,318.74392963606317,320.24764811623743,2907300
2020-11-13,324.13922119140625,326.20797155895485,321.51453396870346,325.2236999443716,2442100
2020-11-16,325.187255859375,327.70255785892255,319.892325295372,327.1284318825555,2790100
2020-11-17,320.8857116699219,322.03399150715654,316.6935043236413,321.15001043934666,2557600
2020-11-18,313.96856689453125,322.66280841014975,312.6744402560047,322.0977769947857,2722500
2020-11-19,307.124267578125,312.65615646134324,304.69095624751174,311.9453061533213,3935600
2020-11-20,305.0282287597656,307.7258114241129,302.3032789519985,305.3016220725875,3702000
2020-11-23,305.3563232421875,306.4499521983589,302.1939439008144,305.8028749567567,2535700
2020-11-24,306.22210693359375,309.8583772252646,304.7821612528668,306.37702054740856,3759700
2020-11-25,303.65203857421875,308.7829322004447,299.96109034490644,308.7829322004447,3145100
2020-11-27,307.9810485839844,308.8559351698596,302.42181835803564,303.96199921929383,1558600
2020-11-30,306.5228271484375,307.98098972096625,301.0091820788475,305.4018589345526,5265700
2020-12-01,310.9428405761719,322.7083471321105,309.7945331437334,314.205454328156,3817700
2020-12-02,316.7481689453125,320.6396156336477,311.22540123907197,311.4714552335381,2864300
2020-12-03,317.76885986328125,321.4962703842084,315.77300523003146,317.05800943309214,4169200
2020-12-04,320.01885986328125,321.46395826645744,316.2322906211111,316.46094737499476,3255100
2020-12-07,318.1620788574219,320.0187981365378,315.74747851649465,318.9486724534045,2999400
2020-12-08,318.1620788574219,320.02792542463567,314.70479052204706,315.3176027856218,2471200
2020-12-09,315.00665283203125,319.5797873153878,312.4456807740329,319.10419137750995,2600400
2020-12-10,310.653076171875,315.9670571716165,310.2963861318728,315.69268021776867,2896900
2020-12-11,308.29339599609375,309.94886898971066,305.7872984959775,309.26289859195094,3071700
2020-12-14,307.4336242675781,313.92748252782695,307.1866570765826,311.0006645222428,2479000
2020-12-15,310.6714172363281,311.897014271471,308.26594335879474,310.1866659618895,2616500
2020-12-16,310.3695373535156,312.4914787917349,305.7232442574722,308.0738145441886,2365600
2020-12-17,312.50048828125,313.35108433550715,308.512701719733,310.79926826054646,2525700
2020-12-18,309.4915466308594,313.36040170090155,305.48547515538365,313.27808860496515,8742700
2020-12-21,307.3878479003906,308.18359688329315,301.27814588111477,303.72021239565845,2892700
2020-12-22,306.40924072265625,308.21105726742354,305.00070714097,306.5464292083584,2069700
2020-12-23,308.7689208984375,312.48230422915253,307.34210503304945,307.7628256312535,2348100
2020-12-24,311.69573974609375,312.26280401395724,307.7171067570441,307.7171067570441,1360600
2020-12-28,316.4153137207031,318.0982245400564,313.7720275250792,313.9092160324867,2308200
2020-12-29,317.6957092285156,321.2993420138613,315.54633009326596,318.28105602216954,2275700
2020-12-30,315.5372009277344,319.2140198108089,315.0616048741337,317.4487682574392,1866000
2020-12-31,320.7413635253906,321.1163639142977,314.67738254356334,315.5828821800751,1969000
2021-01-04,319.662109375,322.0218345533966,311.32071630876294,321.4456430385382,4203800
2021-01-05,315.3634338378906,321.36338577898084,315.0707743597492,318.9213468907981,3160500
2021-01-06,328.5980529785156,328.79927204770206,306.5006599145466,308.32991402998573,6561400
2021-01-07,333.8663024902344,335.16508514971326,327.3633177272721,327.93038201795946,3366700
2021-01-08,332.3663330078125,336.1162815369099,328.13160535246556,335.668123219829,2947800
2021-01-11,329.95172119140625,333.1895088904478,328.52490517058186,331.662069375843,2695100
2021-01-12,326.86029052734375,329.33892221561126,324.90300299819006,327.3816346864575,2372500
2021-01-13,324.72918701171875,326.34806679877414,321.24446027686616,325.6438140373956,1974500
2021-01-14,320.6042175292969,328.1773283586825,320.50362195202763,326.384667162757,2919900
2021-01-15,321.30853271484375,322.90913035728477,316.2232075809793,319.3146520649043,3777000
2021-01-19,322.12249755859375,326.4852584653764,321.54627806082584,325.7992881894054,3361300
2021-01-20,320.8877258300781,322.0218543516646,316.3054357352807,321.8389457032605,3036800
2021-01-21,324.6925964355469,330.07976305313724,320.7962763464157,320.86030693759903,3749800
2021-01-22,317.8785705566406,324.34498949199786,317.86944326785977,323.1468304760737,2585100
2021-01-25,318.1164245605469,320.476177924991,315.1804796143774,317.5127673722519,2506300
2021-01-26,313.81768798828125,321.5005778871724,313.323809455624,320.5859507956095,2467500
2021-01-27,304.56170654296875,309.1439978092669,300.9215081012168,308.2659635007297,4770900
2021-01-28,309.2810974121094,316.99139589799313,305.95186983004567,307.9000296985656,2769900
2021-01-29,305.10125732421875,310.07683035476776,302.4031244662375,307.79941809440044,3899200
2021-02-01,305.4853820800781,309.2810781013282,304.33294326368116,306.4274466628192,3020200
2021-02-02,309.8025207519531,315.2171259603491,308.3208291804432,308.3208291804432,2663700
2021-02-03,309.0433349609375,311.119528232999,306.034204271383,309.1439305345566,2537100
2021-02-04,301.20501708984375,306.66534224384486,300.3544205467484,303.94889851572964,5962200
2021-02-05,296.8056640625,305.0098706781144,295.86359921866494,303.7568080419173,7227900
2021-02-08,296.650146484375,299.10134038221094,296.16539524404027,299.0922130916259,4758200
2021-02-09,301.48858642578125,302.7782142043436,294.244726287352,296.24776220807564,4096900
2021-02-10,304.9366149902344,307.09514907431844,301.6165147454019,304.2597999892533,4122700
2021-02-11,304.6348876953125,307.9092407844853,303.1989162947756,306.4001114894414,2776700
2021-02-12,300.2171325683594,304.02198392123864,299.8878802736114,303.3634514195442,2760800
2021-02-16,296.9062194824219,301.68057365482304,294.94893216924675,299.4122885913606,4339000
2021-02-17,298.9549865722656,300.5464566323775,294.7294140331946,295.84526015966725,2620000
2021-02-18,300.37261962890625,301.44271745700485,297.436675133926,298.07689720818905,2383500
2021-02-19,296.86956787109375,300.7750423472937,296.43969213919013,300.68357408072353,2313800
2021-02-22,299.66839599609375,300.95799547029907,293.00075752159717,294.0525729621945,2688300
2021-02-23,301.3787841796875,305.4305755273965,298.7538088727618,301.81778732318764,3225700
2021-02-24,303.84814453125,305.11948911046954,298.20491311960836,300.44573190779505,3360500
2021-02-25,300.7933654785156,305.11956107085297,299.41226982962274,302.74152537969036,2780100
2021-02-26,303.85736083984375,309.0615903223107,301.68969947428525,302.32992158015463,5430000
2021-03-01,306.07989501953125,309.97621465385345,305.19270578535645,305.814645395735,4198900
2021-03-02,306.0707702636719,308.8420887542345,305.3848000639069,306.4000225617036,2568900
2021-03-03,304.4518737792969,309.29025824601024,304.36956070180116,304.8634670789753,3039700
2021-03-04,305.3116455078125,311.7414723881422,304.2689852118626,305.6409257517242,4991600
2021-03-05,317.467041015625,318.5554493914,306.4183310948676,306.4274862968795,4563100
2021-03-08,320.2748718261719,323.7778801121212,316.09502074274695,317.3846478519789,3419900
2021-03-09,321.93048095703125,330.4090647643194,321.34510617107776,322.7902327287716,4277600
2021-03-10,319.753662109375,324.21704713554374,318.7475666465573,323.69570295314645,3012300
2021-03-11,322.9548034667969,325.57977852485516,320.0005481701278,320.81457960853123,2520500
2021-03-12,326.7823791503906,327.516697152053,323.08333800182965,324.1664535528607,2088700
2021-03-15,324.81817626953125,328.5447530312725,322.67950810134664,327.6085289816951,2343400
2021-03-16,325.4789123535156,326.1764792311466,323.0098230873366,324.49677807798673,2904200
2021-03-17,323.2577209472656,328.6640266750096,322.9364585879804,326.00219057632603,2633100
2021-03-18,332.31719970703125,334.4007974403272,323.4046260892248,323.89109954903,3311600
2021-03-19,335.55718994140625,340.0364305604854,329.5267642173746,332.19778748845727,8572900
2021-03-22,336.7322082519531,338.31095718170735,330.53654097708664,335.0249711594484,3505200
2021-03-23,338.2374267578125,341.027778637205,337.0625461788097,338.5586890747804,3100100
2021-03-24,340.1650390625,343.10222707778587,335.49305100370077,335.9886841492463,3407800
2021-03-25,340.6147766113281,341.5510005286161,333.54714458420034,340.1650261037143,3021500
2021-03-26,345.5621337890625,346.09448980168594,339.88047635867764,341.15631005017775,2959800
2021-03-29,347.9303283691406,349.2520730151538,344.19456359865376,345.4520501550227,2740400
2021-03-30,342.88189697265625,348.6828823950028,341.26642558634103,346.5442147513426,3066000
2021-03-31,341.5143127441406,346.03943712224174,341.2664681642845,342.18434465532494,3356500
2021-04-01,336.9248962402344,342.0833571167629,335.72248039939365,341.6336066452413,2977700
2021-04-05,339.7794494628906,342.02825765175334,337.448063777942,339.26544096452693,2709400
2021-04-06,334.4466552734375,339.4215582202619,332.9321646532005,338.49449399314807,2698600
2021-04-07,335.6123046875,335.8325860364616,330.94028965783303,334.2813728443463,2158900
2021-04-08,334.9239807128906,336.77808122070286,333.2901335974267,333.2901335974267,2426700
2021-04-09,345.3968200683594,345.68135946363077,336.86058218749815,338.0997207215225,2483200
2021-04-12,345.3785400390625,348.6369901428938,343.3133180830486,343.7263736787976,3057300
2021-04-13,343.74468994140625,348.15967290375,343.58863863832903,345.3509735392633,2652300
2021-04-14,344.7819519042969,346.96650244171695,343.8181647788287,344.5157598778684,2805600
2021-04-15,357.98101806640625,360.1380054042201,348.7930654574295,348.7930654574295,4488300
2021-04-16,358.8988342285156,361.56985772113103,353.80460376931035,361.56985772113103,4532400
2021-04-19,357.82489013671875,361.0833677785402,356.56740409911225,357.9717537047302,2965400
2021-04-20,363.9656066894531,365.204745700406,357.4395175158698,357.84335744897805,3348100
2021-04-21,366.0582885742187,368.50903091219897,362.96504955650863,366.1041711901405,2473300
2021-04-22,363.9746398925781,366.0123261977545,360.89974898903665,365.7185990880414,2718600
2021-04-23,367.43511962890625,368.9771453428931,362.1022596928436,363.13027683550155,2263200
2021-04-26,363.3505859375,367.15060817759496,362.7539718014851,366.97620939780114,1642300
2021-04-27,362.1022033691406,363.78190468714655,360.0828642877591,362.24906693972855,1758500
2021-04-28,362.184814453125,364.38771202314473,361.0007461548365,362.7263581216167,1886500
2021-04-29,368.5732727050781,369.1331918985189,363.75442140256155,364.1674770044665,1996500
2021-04-30,366.049072265625,368.8577716180427,365.6360447204829,368.0684114130849,2328100
2021-05-03,372.5660400390625,373.3645880571404,367.63704805600304,368.0684511016891,2568500
2021-05-04,377.559326171875,378.59653112622897,370.3631775821997,372.1805831845396,3237200
2021-05-05,378.6239929199219,378.85346200654,373.3920865404831,376.7882402269768,2767600
2021-05-06,380.89117431640625,382.61678644602665,378.6790888107856,379.0829566713931,3058700
2021-05-07,383.3510437011719,384.6085297917128,380.0650587640947,380.9186770284435,1851000
2021-05-10,386.3250427246094,390.99703061756566,383.8743002131569,384.8380593066526,2489300
2021-05-11,377.88970947265625,387.6100167857141,376.8891995879897,386.4259484354497,3024000
2021-05-12,372.0795593261719,377.10953218419286,371.4462223564285,375.6776472120857,2888100
2021-05-13,375.0075378417969,379.24812185415885,371.1157513042806,372.9147810040847,2637500
2021-05-14,376.1457214355469,378.70660432525347,374.95249337110226,377.2379965457622,2072900
2021-05-17,375.0718688964844,378.63323410543745,375.0167985488298,375.6960181774809,1583900
2021-05-18,376.6781005859375,379.04620924136714,372.9056142256237,376.0447636642159,2694800
2021-05-19,375.8703918457031,376.99020219216936,371.0515406681941,375.86120411791865,2783100
2021-05-20,375.08099365234375,379.84474599287745,374.78726650658865,375.8978890129822,2105800
2021-05-21,377.8254089355469,384.2505427478932,375.83360512872093,377.0268610721158,4295400
2021-05-24,377.2013549804687,379.9090738206587,376.2559433156961,378.5047239106301,1883600
2021-05-25,379.12884521484375,379.8723228763669,375.3105039461801,378.02741031435573,2285600
2021-05-26,379.2757263183594,381.1940847691432,377.25641490186587,378.2568968875072,1903900
2021-05-27,378.8076171875,381.01967475319685,376.6781371284978,380.84530400042416,2041800
2021-05-28,378.0916748046875,381.3501249562367,376.3476871627549,378.8076173061356,2367900
2021-06-01,373.3187255859375,379.75304871780634,372.80471699457735,379.75304871780634,2199600
2021-06-02,372.5201110839844,375.53993202815104,371.3268550579327,375.53993202815104,2232900
2021-06-03,374.4568481445313,376.10904247066054,369.75732546031105,370.363127245422,2281200
2021-06-04,372.3274230957031,377.2472275077693,371.41870634667765,377.2105046059484,2990900
2021-06-07,367.380126953125,373.76854055552167,365.948241628646,373.5390713944017,3353800
2021-06-08,368.7477416992187,369.67480604238034,366.00329958882475,367.8115176376557,3051300
2021-06-09,368.1601867675781,372.4558410965932,367.6369905577803,370.2070329739359,1925700
2021-06-10,368.5181579589844,369.7664843309522,365.7461815325608,368.90367834173753,4033600
2021-06-11,365.2138366699219,370.234593445448,362.359226637356,370.2254337296168,3094300
2021-06-14,366.3795471191406,366.6640865621801,362.6805063482638,364.6722824495395,2674900
2021-06-15,367.4076232910156,368.5274337993539,363.9105158861579,367.11389607310446,2845800
2021-06-16,364.62646484375,370.0419309660276,364.0941087619323,368.1602952154347,3330800
2021-06-17,364.71820068359375,365.3790728257133,362.2032002478627,363.479061915699,3532000
2021-06-18,358.7024841308594,361.733365433154,356.74946380464866,356.7770998238325,5521400
2021-06-21,366.7173156738281,367.7583193910105,358.56435156634916,358.7025316805857,3839300
2021-06-22,367.2884216308594,369.094040441307,366.48694897927135,369.05718304526965,3964600
2021-06-23,364.4049682617187,367.57402981551047,364.1378013205211,366.4869755223032,2942100
2021-06-24,367.4542541503906,370.48513551730696,365.5841418418587,366.9475844165648,3309100
2021-06-25,373.0552978515625,377.6891233515954,367.59233575259026,368.5872884257376,16928900
2021-06-28,369.8402404785156,373.0922098533272,366.5882711037041,373.05538057130315,3193300
2021-06-29,366.7449645996094,371.4432854466713,366.17380136469666,370.31015224214497,2458800
2021-06-30,368.9005737304687,369.78495440271814,365.5472536725098,366.2289889594531,2875600
2021-07-01,373.0001831054687,373.294957990372,370.16275344082953,370.36542698830374,2678100
2021-07-02,377.1179809570313,377.5878213419328,372.0696146193098,373.18430474741905,1982400
2021-07-06,377.9471740722656,378.77628278810874,373.75552360301646,376.48240878101944,2615300
2021-07-07,379.23687744140625,379.7159111296307,375.12816341091354,378.0300577864545,2270400
2021-07-08,377.66156005859375,378.47222594880026,373.1751070180165,376.4270762979221,2032300
2021-07-09,379.6514587402344,380.7016837763866,378.29726558407793,380.03839115196376,2078900
2021-07-12,383.2719421386719,383.603574390381,377.9932372206357,378.6473084597008,2802600
2021-07-13,385.5750427246094,386.6344610280388,382.96792288409176,383.585164846032,2948900
2021-07-14,382.0743103027344,389.25076353159096,380.7938038634355,387.6293753530668,3538700
2021-07-15,386.9661254882813,388.5138271541723,375.1282361664988,379.4672605622162,3546500
2021-07-16,386.6437072753906,389.0297109846728,384.7459587172132,388.17293804001247,2625400
2021-07-19,376.8416137695313,386.4869767474,374.7688282709688,384.37733385695634,3611300
2021-07-20,380.4436950683594,384.8287973722626,378.2695585571798,378.6288549068995,3186700
2021-07-21,381.982177734375,384.3681810300539,378.47223472272617,384.21155818354663,1863700
2021-07-22,383.0231628417969,383.99967299939703,381.1438573199755,383.2534723716829,1421900
2021-07-23,384.80120849609375,386.3120245291953,383.2258709274971,384.98543926825016,1611700
2021-07-26,380.96881103515625,384.7735288792909,378.5367289609949,383.9996641364537,2232600
2021-07-27,382.4059753417969,382.5533768247347,377.2101784955787,379.550131352036,2630600
2021-07-28,376.9430541992187,381.8440201545802,374.7596960058481,381.8440201545802,2446600
2021-07-29,379.6238098144531,380.08442889592345,376.25210287837297,378.8868305296836,1597300
2021-07-30,379.7527770996094,381.1806849330656,377.9379368874987,378.4077773228742,1864200
2021-08-02,382.8389587402344,383.6404314618047,380.2963323568044,380.9964823728696,1806500
2021-08-03,388.6703186035156,388.8914348478452,382.38746850176193,383.06920376034407,2496500
2021-08-04,388.3387451171875,390.2917655346443,386.6528635263368,388.8085574652632,1995400
2021-08-05,378.8038635253906,388.99275377296834,375.7637893063164,388.8177163001295,3598600
2021-08-06,382.4244689941406,383.9445066871659,379.55943114811953,379.55943114811953,1944000
2021-08-09,378.5091247558594,383.4469759969248,378.0300910255149,382.2677922565739,1509800
2021-08-10,379.3474426269531,381.070153461702,376.3902760502663,378.1774803025835,1441800
2021-08-11,375.6256408691406,381.3281073667198,375.4137740838593,380.4989986399772,1542600
2021-08-12,373.98583984375,376.53768756910097,372.4565811069654,374.9439354130281,1939900
2021-08-13,377.4036254882813,377.7536723511995,373.9489826069547,375.0175940646307,1537800
2021-08-16,384.3497619628906,384.5432422170808,375.2479245125043,377.56024127313106,2377500
2021-08-17,388.5598754882813,389.2231681656901,383.8155040316573,384.2484871421042,2258000
2021-08-18,384.4510803222656,388.3847567826778,384.239185443928,388.1636686410768,3037000
2021-08-19,394.1886291503906,394.6123908529093,379.9186302331682,382.6639302059168,3204500
2021-08-20,395.865234375,397.3852716874612,393.28577882136625,394.61236399579417,2401900
2021-08-23,391.85784912109375,396.6482987849627,391.43408744061503,396.6482987849627,2375900
2021-08-24,390.06146240234375,392.3921938805641,388.50456762409823,392.0052614735976,1619300
2021-08-25,386.680419921875,390.25482777504885,386.4132811502779,388.624246674874,1939000
2021-08-26,384.0181579589844,388.2005873532783,383.8154844258523,386.70815781987307,1385400
2021-08-27,385.7777404785156,387.2425059296002,383.3456579917605,385.0868117875911,1621600
2021-08-30,385.3539123535156,387.4451409765464,384.9762294469524,385.7777021505629,1284200
2021-08-31,383.48382568359375,387.60176167265513,381.59529856849946,384.15633970866554,4249100
2021-09-01,384.4787292480469,386.80023915466296,378.8499497998685,383.7325286311361,2034400
2021-09-02,390.3377685546875,390.9734250619859,385.2985952674391,386.1461466484885,3137400
2021-09-03,389.55474853515625,390.6049735152504,387.4819627087191,388.69800380757863,1604800
2021-09-07,388.0623474121094,389.0020283134474,384.6906124259205,387.1963813062269,1920300
2021-09-08,382.6731567382813,389.56400061362046,381.57688101012104,388.0163271552623,2262500
2021-09-09,381.8992919921875,387.1227250579227,381.328128795312,382.62707805625104,3508500
2021-09-10,373.4033508300781,384.5802097916311,372.1830414702836,384.1734400050329,4215800
2021-09-13,383.2120666503906,385.32911511706334,375.7516001545482,377.166040977009,3068200
2021-09-14,381.381591796875,386.0501629491139,380.29994741269286,386.0501629491139,2879800
2021-09-15,385.98541259765625,389.59087478441046,378.5711597476701,381.3630541147787,3180600
2021-09-16,385.3567810058594,391.42131311600946,383.6187696914925,387.9730517224768,2262700
2021-09-17,388.4260559082031,389.2858078691912,383.62804524345984,383.62804524345984,4534200
2021-09-20,381.5295715332031,387.63106361692314,377.8501631460053,385.4308441524944,2799800
2021-09-21,381.1966857910156,387.1502862395601,381.07649994704,383.66503782746423,2382200
2021-09-22,377.83160400390625,380.882349400946,374.3555813017176,374.3555813017176,3629400
2021-09-23,377.2122497558594,383.51715457613335,376.7315345479523,378.8485547821755,2681600
2021-09-24,376.3338928222656,377.0827407864408,374.6236429037071,376.2044814666664,1950400
2021-09-27,374.6606750488281,381.02104552680794,374.3740910487424,377.0273205923592,2608600
2021-09-28,368.512939453125,373.4866021843549,367.03377895046094,372.19234732426384,3115400
2021-09-29,370.167724609375,371.4989661425339,365.9058953116911,367.0152726602028,2056300
2021-09-30,361.2281188964844,373.0151348944312,360.9692679089567,371.1661912084788,3779900
2021-10-01,362.7904052734375,363.9552485882991,354.1835764111812,362.0231062123474,3146600
2021-10-04,357.77978515625,365.30496977686965,355.6997239271126,362.04158595477287,3074800
2021-10-05,363.71490478515625,366.1000576399105,359.84136599198774,359.933818807216,3269400
2021-10-06,364.4729614257813,364.9629302898075,356.6981511776375,361.2373105317033,2809200
2021-10-07,374.1337585449219,377.3416769034541,366.74720948484696,366.7934500036424,2813700
2021-10-08,377.6096801757813,378.21983484693067,372.22927664407393,375.7145245887931,2012200
2021-10-11,374.4018249511719,380.16129441706465,373.68073807626064,377.1844940949664,2164200
2021-10-12,372.7839660644531,377.5357642309996,371.924214138839,374.51272366089376,2415700
2021-10-13,373.0706176757813,374.6976972204199,368.0414883674826,372.87648647959145,3021800
2021-10-14,388.6109313964844,400.7585037369442,386.2442859728344,393.5106486004363,6038800
2021-10-15,395.7386474609375,397.97585340239107,389.6648610058973,390.1733092073258,3312000
2021-10-18,392.5491943359375,395.6739133997051,391.828107491425,395.6739133997051,2232800
2021-10-19,392.3273620605469,395.5075474316542,391.4213695052128,394.5923011299199,1616800
2021-10-20,402.2284240722656,402.63519391318226,394.6015318740384,394.7494507446117,2764000
2021-10-21,408.8753967285156,409.0787816580716,402.21918831817527,402.60747889737894,2465100
2021-10-22,415.23577880859375,415.3559646629072,407.1928624425397,407.5441662589508,2736200
2021-10-25,415.5408020019531,418.45291061345466,412.7211744215357,416.0122916271751,3553500
2021-10-26,420.3018493652344,423.13995619209874,413.784306609406,416.4652690380713,3103900
2021-10-27,419.2294616699219,425.663777186042,419.2294616699219,420.30185229138175,3520400
2021-10-28,421.0414733886719,423.31566630369343,418.34200309766214,418.78575975461575,1672600
2021-10-29,425.6915283203125,426.54205478477104,418.8411889378984,420.0892315029381,2497800
2021-11-01,419.8118286132813,430.58194644909713,417.1031333131967,426.93952570737525,2203100
2021-11-02,417.8982238769531,421.9658939938727,416.3635973640085,421.7994958474742,2600000
2021-11-03,422.78863525390625,422.9642871360387,413.275841659109,416.40056055687154,2438200
2021-11-04,422.2617492675781,423.87957492091726,418.0091733362729,423.0383021956641,2517300
2021-11-05,421.3834228515625,426.6621481026134,420.2463125592475,423.2508454383042,2905000
2021-11-08,427.67913818359375,429.13056567581384,419.99677980808326,422.34494607183495,2279900
2021-11-09,429.2784423828125,429.38937447352583,425.52508951294607,427.6790961746625,2657800
2021-11-10,425.16461181640625,430.8038959249046,422.141598926446,430.23998162037617,2818200
2021-11-11,422.8441467285156,426.0428110798461,421.0414155332881,425.25700445083305,2246800
2021-11-12,424.3232421875,426.181439269626,422.5574979147711,425.87637603251574,2609500
2021-11-15,416.7518615722656,423.6022007560804,416.4745313270259,423.40806958441254,2849600
2021-11-16,415.6609802246094,423.7316286907724,415.42986228905346,418.7764454818812,3383800
2021-11-17,415.0416259765625,419.67321051087663,414.83824105201694,416.3728676258352,2281500
2021-11-18,415.5222778320313,418.6100097885617,413.3405100455232,414.83817783219615,2073800
2021-11-19,406.767578125,415.5038476220586,406.305342240767,414.2835381166501,3536100
2021-11-22,404.4933166503906,410.234277456212,404.3546515512422,409.3745256288571,2598700
2021-11-23,413.3590698242187,413.7195991463797,403.0696944406451,403.0789481864522,2857000
2021-11-24,416.1602478027344,416.9183214842493,411.98164523321947,412.90611707526944,2248800
2021-11-26,406.6844177246094,414.3297898203014,405.11280428371055,411.3160307531069,2480600
2021-11-29,417.8612365722656,418.8596536620186,407.2760236085541,410.058692641206,4079700
2021-11-30,410.6688232421875,417.2603110340235,407.9231411410161,413.294319507301,7435400
2021-12-01,410.7797546386719,421.4851527979237,410.5948772249733,418.6840046560208,4325500
2021-12-02,412.3328857421875,414.0616716383082,406.04648903632034,409.679656295335,4738700
2021-12-03,416.7384643554687,421.4871932521648,412.8893989782007,415.30084252708207,3038300
2021-12-06,426.74603271484375,428.2949484688055,418.7789227304148,419.3632440728995,4721500
2021-12-07,431.0310363769531,431.9770629112047,426.85734494785936,429.1946019584755,3105200
2021-12-08,434.861572265625,436.07660636261465,428.9534841827671,432.2924432819677,3228300
2021-12-09,438.9981384277344,440.07402670702817,433.4702957198468,434.5554679263092,2977400
2021-12-10,443.5521240234375,443.7839957764819,436.8556666633279,437.7738697478935,2572300
2021-12-13,443.4686279296875,445.4348957529904,439.6381022622835,442.429818760242,2724800
2021-12-14,444.69287109375,448.0132901206136,442.578202046644,444.9618502260685,3018000
2021-12-15,458.531005859375,459.4770323648672,445.32360066275226,445.7502367372304,4188600
2021-12-16,457.1212158203125,460.92391806966,454.5706266451552,458.1878484827395,4080800
2021-12-17,451.79742431640625,457.3716297677193,451.1110930525264,455.785635058507,5707200
2021-12-20,448.6532897949219,449.8404720044649,440.79747389363627,447.04872711993954,3145600
2021-12-21,451.8808898925781,453.54109938823905,447.2341997165629,451.70466511515104,2536000
2021-12-22,458.2991333007813,459.5234228736916,450.6659054764871,451.82526416947286,1687500
2021-12-23,459.4585876464844,462.0277168553208,457.0749388843467,459.1061380016968,1706500
2021-12-27,463.27972412109375,464.02170234737366,460.6271250727209,462.5191780411311,1349400
2021-12-28,466.4702453613281,468.6776686250524,464.1144208028956,465.5984054453252,1495500
2021-12-29,468.9188537597656,470.4399459895203,465.5984628334484,468.1768754994235,1573900
2021-12-30,467.8522033691406,472.30415740718087,467.1287647298489,471.0984074719257,1309800
2021-12-31,465.728271484375,470.11526627388224,465.63551713624594,467.58324522834334,1695400
2022-01-03,465.8581237792969,466.4331611344519,457.29740941479264,463.7434547577875,3033600
2022-01-04,455.3033752441406,467.22158918502777,455.2848356933039,466.71148264276826,3908100
2022-01-05,454.1811218261719,460.961049689016,454.1811218261719,458.89274344137846,3921100
2022-01-06,435.5942077636719,449.03351190921256,429.5377195662239,445.19370263772856,6555200
2022-01-07,425.3455505371094,434.03609933477014,422.5166981599138,433.7764041028803,5494200
2022-01-10,431.2814636230469,432.07908887275926,421.48720297159286,422.9340804561491,5831800
2022-01-11,434.9913635253906,436.33623087520937,427.26540997055474,433.3218983987541,3332800
2022-01-12,439.3691101074219,440.8530948580269,432.5242520275556,434.9635471849521,3502300
2022-01-13,433.5352478027344,441.993924834681,432.1904086163399,441.3818083140452,3005300
2022-01-14,434.7038269042969,438.85897830540574,431.35558455791386,435.8168224792208,3665400
2022-01-18,427.5622253417969,431.939965137218,425.1136743672228,431.4391425339129,3938800
2022-01-19,428.9812927246094,441.0108006863345,428.04455006754904,434.06393185999735,4030900
2022-01-20,429.4264526367187,437.4306694467916,428.4989656979785,430.706389140925,3228600
2022-01-21,427.7292175292969,436.6516384680014,427.6364631628823,429.89024991299743,4273200
2022-01-24,428.74945068359375,430.483875333095,415.634797833825,424.8540218540555,4780700
2022-01-25,423.7131652832031,426.1710002163557,414.8371077408836,421.1440364367995,3428900
2022-01-26,425.1878356933594,430.2426508926975,420.56896879736087,425.2064035473388,4435900
2022-01-27,428.1280517578125,434.6946479830642,423.8708893580444,424.8632790452109,3508100
2022-01-28,432.26458740234375,432.4686356737968,422.0807699892614,427.9424946013158,3364400
2022-01-31,438.3025512695313,438.86830476992947,430.7249698026958,431.2814676799886,3500500
2022-02-01,434.4442138671875,440.5563501495453,429.19463375095177,440.5563501495453,3148600
2022-02-02,444.98974609375,447.0302289731964,435.04708355370576,435.04708355370576,3026800
2022-02-03,453.3278198242187,463.9104501014343,448.5049043110085,462.49139609537303,4370900
2022-02-04,448.1338806152344,454.1254383672727,445.36995932362674,446.8168366965071,3066400
2022-02-07,448.62548828125,451.9273398477134,446.3994967628027,449.7477396636175,2937200
2022-02-08,457.63140869140625,459.7275385732957,446.4459166450519,446.4459166450519,3534700
2022-02-09,461.9812927246094,464.6060685508053,460.30254347405474,460.96105133637394,2818100
2022-02-10,451.4264831542969,458.3826357988683,449.8961352334227,456.54620131102473,2626100
2022-02-11,443.4592895507813,454.867366417846,441.89183451898754,449.5343170612345,2493800
2022-02-14,439.9998168945313,443.0976200058461,435.297451120899,440.6583247238953,2549500
2022-02-15,443.5521240234375,446.27893810361263,440.74183950872526,441.4281708402464,3001000
2022-02-16,445.2400817871094,446.7982813143181,437.2173256411605,441.02002764986094,2651800
2022-02-17,436.2341918945313,444.5352110997439,434.8893528515296,443.4964302844268,2403100
2022-02-18,433.8876953125,440.48214266334,432.9787478542201,436.1507658782931,2992300
2022-02-22,428.9720153808594,433.31264768655774,424.6220991478016,430.1962766920633,3029800
2022-02-23,426.2915344238281,433.80418415054345,425.5680957570869,433.3126172142277,2840300
2022-02-24,422.83209228515625,423.48131624883746,413.41807591751746,416.9239758963051,3933000
2022-02-25,441.25189208984375,441.27971556462074,423.1473580155281,423.5368866624053,3314400
2022-02-28,441.3631286621094,442.6987118872371,431.84710525923674,432.0697213331915,3918300
2022-03-01,441.7156677246094,442.3741755454148,433.813488960976,436.74435117120345,2917600
2022-03-02,450.18359375,451.8438032178183,443.2367259619925,443.51496070870894,3675900
2022-03-03,451.3058166503906,455.7484865252295,447.2527037011655,450.7586028130811,3139400
2022-03-04,462.491455078125,463.4282261437314,442.8658238679921,445.8337940274481,4170100
2022-03-07,451.5655517578125,463.7434595339178,447.9947214584704,463.7434595339178,4123300
2022-03-08,439.12799072265625,449.35817128498906,437.3286636634181,444.08076794701594,3849500
2022-03-09,450.3598327636719,452.3539239905979,439.2485292174724,447.58662761199867,3115500
2022-03-10,455.8042297363281,457.90961511144314,443.1811164994839,444.5723470489059,2834800
2022-03-11,449.1809387207031,459.3483635347597,448.8460689632618,453.79487961652944,2615000
2022-03-14,453.8786315917969,461.0134923308303,451.4228064503004,456.1855878767482,2704100
2022-03-15,463.1716918945313,465.0600612027102,453.31122971271606,455.81355537964936,3043000
2022-03-16,463.4972229003906,470.2320908442123,455.82281192222104,464.9576649901306,3497100
2022-03-17,471.6459655761719,471.7389944039857,460.6320280072288,461.39482465152497,2357200
2022-03-18,470.8088073730469,475.0506611486291,466.5669535974646,473.246009594549,5065600
2022-03-21,472.2413635253906,477.20879671617735,469.1715823029395,469.77625553582624,2617700
2022-03-22,470.0646362304687,476.1390474081092,469.618114845199,473.73903399635515,2752500
2022-03-23,468.1204223632813,471.6831966269636,466.3529597481876,467.2273796561561,2753200
2022-03-24,477.6366882324219,479.7948321337864,468.706431732621,469.7669092730616,2789200
2022-03-25,477.2367858886719,480.4925967676171,473.7111714854391,478.3158296553145,2551100
2022-03-28,477.3949279785156,481.06004321041377,473.3111971190745,478.43678295822735,2643000
2022-03-29,475.0971984863281,483.339065279791,471.90648250165145,481.02274088765864,3478400
2022-03-30,484.4833679199219,484.8368605716287,476.72520916515504,479.1717235181984,3041200
2022-03-31,474.39013671875,485.47850816439706,474.11107863733395,481.0226631533018,3979700
2022-04-01,476.8275146484375,478.8647244389124,471.255407197639,475.0507402223312,2344100
2022-04-04,474.4367370605469,476.72509897632426,469.32977437398966,476.4739750384641,2657500
2022-04-05,481.63671875,488.1204057013278,472.5576493166316,474.4181125029176,3268600
2022-04-06,494.6506652832031,496.29719342367713,481.8599804733413,482.0646041774195,3955600
2022-04-07,499.48785400390625,500.72507789233487,491.52507401765286,493.0227332223231,2867000
2022-04-08,507.8692932128906,510.6692427931307,500.5576292770955,501.3948604747072,3986700
2022-04-11,499.9435424804687,509.403979478036,499.1993687506736,505.67374265438906,3574000
2022-04-12,496.4739685058594,503.0041562666593,493.74839650692707,498.0553169344452,3575700
2022-04-13,499.5343933105469,500.7251170688973,491.73904758414994,496.1111476705401,3012000
2022-04-14,497.5064697265625,514.687820077381,496.8087960285239,500.92971519171886,4211300
2022-04-18,496.8180236816406,503.25520935293343,493.37615599613616,500.3715145978688,2087100
2022-04-19,500.185546875,504.6320244363812,497.8971566801272,498.50182993593654,2207600
2022-04-20,507.9157104492187,510.1017317637037,501.3947785492858,504.31571908601086,2986300
2022-04-21,499.9435424804687,509.7667833334866,498.63194124967623,507.4412049423667,2539900
2022-04-22,484.5948486328125,496.1389977273866,483.8878635373956,494.9390194113221,3453300
2022-04-25,487.6925659179687,489.5437178194675,476.0274530637677,484.0925739701578,3030400
2022-04-26,477.9344177246094,489.54368990030935,477.6832370245365,487.6646039035618,2895300
2022-04-27,477.9623107910156,484.5576780191976,474.2506956774191,478.98554287168065,3353700
2022-04-28,487.8321533203125,489.56242764943573,477.36704538449663,480.706602587604,2582700
2022-04-29,473.06927490234375,483.62743776408735,471.5902100459515,482.6506491500733,2873200
2022-05-02,466.1855773925781,477.68325514317775,458.9204706069244,475.17161837767503,3184300
2022-05-03,464.7622985839844,470.2506592416046,462.77161775993494,466.1669573574819,2763400
2022-05-04,472.20416259765625,474.2041548699171,458.6878985179899,464.6506865102468,4002600
2022-05-05,460.20416259765625,475.04136746717313,455.0972003720625,471.82274580124744,3359700
2022-05-06,464.7622985839844,466.5762615247472,451.1623173935659,451.1716287936813,3260300
2022-05-09,452.4832458496094,460.12043897374303,450.63206574950107,456.1855492729976,3862700
2022-05-10,453.96234130859375,461.72046960164295,447.5530318295579,459.3576733414795,4275500
2022-05-11,452.2321166992187,465.5995411369261,450.59492827860055,450.59492827860055,3936300
2022-05-12,445.3948669433594,452.9204653701032,438.52978176321886,452.1855744767856,3997600
2022-05-13,451.534423828125,453.0228001016247,442.61350597606025,447.4228159546952,2453400
2022-05-16,455.0879821777344,460.98564812194263,450.3717003473761,451.54380144776394,2338800
2022-05-17,458.1669616699219,460.2041711132362,454.3809123037243,459.5344032361409,2289000
2022-05-18,438.4925842285156,455.07860147117776,435.6832665761735,454.1948984679466,3240500
2022-05-19,445.1623229980469,447.9809236242715,431.00419684138615,431.925145434005,3813800
2022-05-20,451.8414001464844,453.459994027774,439.35767972562945,447.7948870548451,3068200
2022-05-23,457.7483520507813,461.1530031045675,452.362331540399,452.362331540399,2279800
2022-05-24,462.8460083007813,463.329718487531,454.56695317355707,456.5483509195743,2658100
2022-05-25,463.3390502929687,467.2646287470867,456.9855810099589,463.7390430643439,3161600
2022-05-26,467.1901550292969,471.8692181240765,464.5668955064378,466.73432231109086,2705800
2022-05-27,471.729736328125,471.729736328125,455.2460595144408,456.74371877441024,3349100
2022-05-31,462.1204223632813,468.9390070466744,461.078567582752,468.4832026772963,4003100
2022-06-01,458.185546875,466.3995075074104,453.7483525211639,463.5530011840568,1765900
2022-06-02,457.9158020019531,461.5343880494069,449.27394276281177,459.5343958504129,2093500
2022-06-03,451.729736328125,457.3669657253095,451.06927986620633,454.2599673186407,1756900
2022-06-06,455.9809265136719,459.1902369428026,452.362340291027,455.283252801984,1781500
2022-06-07,462.4181518554687,462.8925506856256,453.134429909921,455.3483857453751,2341900
2022-06-08,459.0972595214844,463.1623675947227,454.46469533720966,459.53446956531207,3268100
2022-06-09,455.28326416015625,461.8227914453189,453.590235764337,458.4925746693512,3148800
2022-06-10,450.8181457519531,455.9623253747068,447.37627746970185,450.9762692267567,2599900
2022-06-13,436.9298095703125,447.7576910212846,434.660042113707,441.98096052653506,3764600
2022-06-14,429.5343933105469,436.4460065131317,425.50650342346313,434.8832244129522,3814200
2022-06-15,431.9344482421875,436.29723693851486,424.6507469357052,431.8135419743249,2550700
2022-06-16,425.7824096679687,427.38811527489526,420.7319055699597,423.27116028580485,3135600
2022-06-17,422.0201416015625,430.7954961489066,419.8169797256549,420.7971947401699,5277400
2022-06-21,448.40228271484375,452.88330672082014,426.7252728188628,427.38808466161447,5726800
2022-06-22,457.1402587890625,462.9656238112468,443.00634201246703,444.1079229740012,5061000
2022-06-23,466.59710693359375,470.1165762830329,459.268741844454,462.060072628847,4687700
2022-06-24,462.7042236328125,466.55044081812474,454.2275830590911,466.2516983111976,15861100
2022-06-27,472.0583801269531,477.87440052223906,459.84754352776184,460.08093077250544,3907100
2022-06-28,474.6536254882813,484.14780225698627,471.51688623423416,478.05175730602787,4978200
2022-06-29,481.4406127929687,484.2319154036417,472.38517539194805,475.03645133964784,3823400
2022-06-30,479.4988403320313,482.0100897506452,475.848659844419,479.4241404480251,3568900
2022-07-01,483.0182800292969,483.13964595880685,468.9310004131456,478.27583510955697,2426600
2022-07-05,471.6662292480469,477.04347993899864,459.53943835610977,473.9067693623775,3029600
2022-07-06,481.0484313964844,483.0275506675313,470.7887372655261,472.03971796443307,2506700
2022-07-07,480.1990051269531,482.9249526271173,478.1918517095751,481.0111883101504,2385400
2022-07-08,484.16650390625,493.25926170171135,477.05286535673144,478.2664676144425,3092100
2022-07-11,482.5981140136719,486.8177162849285,477.79965900494045,480.6469717467805,1743600
2022-07-12,480.23626708984375,484.642648058395,476.6887922379561,479.14403069934866,2706500
2022-07-13,467.93212890625,477.84641551741174,467.8854628483956,474.30828503821033,3467700
2022-07-14,469.04290771484375,472.27300701319353,459.5673932752289,462.1066471019203,3765500
2022-07-15,494.5474853515625,496.6386255830343,481.1977486765824,491.1026879408243,5742500
2022-07-18,484.857421875,496.79749509924653,484.2786259550955,495.7146031463243,3212000
2022-07-19,498.0016784667969,498.3657762174838,485.9962531343647,486.4630275903314,2953500
2022-07-20,484.9507141113281,498.56187567646106,481.4592496625273,498.0017690191774,4327500
2022-07-21,487.7420043945313,487.751292021404,477.17422345460665,484.8760022836583,2667600
2022-07-22,486.7616882324219,492.54035798123874,483.95175401367254,491.0467025901752,1850300
2022-07-25,494.2861328125,497.47891123113703,489.3850008487372,491.13078979774355,2337200
2022-07-26,496.2653503417969,501.9133105366135,495.74256516794776,498.32845721642656,2637800
2022-07-27,499.0845947265625,502.11862883985106,492.9511712354132,498.0856905040553,2268100
2022-07-28,505.5075378417969,508.16818720018017,496.405433310143,501.7733411108619,2344500
2022-07-29,506.3010559082031,507.71066721983016,501.0264805770533,504.1258704996837,2945700
2022-08-01,499.8034057617187,507.52387326094754,495.7144570940116,506.235571243489,2335000
2022-08-02,499.8781433105469,504.6112433437941,496.3866223607438,501.8292287155627,2114200
2022-08-03,504.7232666015625,507.49587965492685,500.0928432603859,501.5585219609961,1802900
2022-08-04,498.2817687988281,504.5178691567701,497.3575644239749,503.45360964299016,2368000
2022-08-05,499.5047607421875,499.9155246102087,492.50314275044786,494.7810047495997,2373400
2022-08-08,500.9423828125,505.3300746152571,497.9737037576926,504.032427798609,1656400
2022-08-09,501.5585021972656,509.47497881056086,500.7369745887949,504.116417123016,2147200
2022-08-10,501.9879455566406,505.9648734499845,498.337794003894,504.3591965052537,2291400
2022-08-11,497.4508972167969,502.8374930800329,494.4728736829893,502.47339530176777,3006200
2022-08-12,507.570556640625,508.2240522771908,498.9352291741654,500.0181208450115,1981000
2022-08-15,508.4480895996094,510.84731712441675,502.77209629959543,505.6754197208564,1447300
2022-08-16,509.8297729492187,511.0620644610015,506.3476534288013,508.98026843406785,1773000
2022-08-17,508.7843017578125,511.3888834505863,505.58223491637807,509.00834444373027,1471700
2022-08-18,508.9894409179687,511.7060997891784,505.8154092383527,508.79343213997976,1486400
2022-08-19,511.8836059570313,516.3739744682091,508.61618438401126,509.2509908806808,2258000
2022-08-22,508.38275146484375,513.0038300989024,505.3766942584341,505.41407268266977,1672900
2022-08-23,500.195556640625,507.18782972735687,497.77769657215487,507.18782972735687,2039600
2022-08-24,500.8117980957031,503.98583102175104,499.46748503898925,501.0171515588658,1761200
2022-08-25,505.5821838378906,506.0022923212032,495.947950461525,499.4581041311288,1965800
2022-08-26,494.0808410644531,507.0945172679307,493.11925818052106,506.2263234777866,1906700
2022-08-29,494.5662841796875,497.48829718020903,488.12477312885176,491.0467861293733,1594000
2022-08-30,488.0968017578125,495.7985812843733,487.11652968916496,495.1637177997842,2013400
2022-08-31,484.8199768066406,492.0736131725375,484.66123246506663,486.2109555814085,2891300
2022-09-01,489.17962646484375,489.4223582969538,480.861730788024,484.8199690305166,2085300
2022-09-02,482.0379638671875,494.5848636784517,479.6667701139994,494.4261763156588,1944200
2022-09-06,483.2796020507813,492.4003933077229,482.5700957490455,485.3800871380913,2711900
2022-09-07,487.0138854980469,488.71295169005543,480.47904182692866,482.64488256687423,2504400
2022-09-08,492.4564514160156,493.3713112199311,484.3345635666189,486.3323721394193,1557500
2022-09-09,491.0330505371094,494.301350615986,489.3848396054115,494.301350615986,2495500
2022-09-12,497.5039978027344,501.0345385812591,489.3098143095128,491.6510095932904,2792000
2022-09-13,481.3124084472656,491.8946018232863,479.4487971934052,490.7146300180234,3172500
2022-09-14,477.3884582519531,482.64211555673063,473.95159943121246,481.3497711316288,2648100
2022-09-15,489.69378662109375,494.441737917305,481.4809117381835,483.5036794849617,3058100
2022-09-16,487.9239196777344,489.6095691084559,484.2341930593976,485.5827240355942,3981700
2022-09-19,490.2931823730469,490.71460902233815,480.3852263621836,485.6482867772236,2130800
2022-09-20,489.5908508300781,491.342060703546,482.1083982510609,490.9393818877427,2421700
2022-09-21,479.5517883300781,494.46987968456983,479.4956019225659,491.6791928479713,2427700
2022-09-22,484.5900268554687,487.87701730368747,473.96096505846486,478.5684503478329,2285600
2022-09-23,480.9845581054687,481.967848791049,474.2138389604884,480.9377456267447,2536900
2022-09-26,476.0680541992187,480.01064808231587,467.30263177799895,475.159697761708,2867400
2022-09-27,476.0774230957031,483.9625536204757,471.5916844671927,477.9503795159024,2583400
2022-09-28,481.2935791015625,483.4755891790259,468.9882425845544,474.3074601568887,3027300
2022-09-29,476.5082092285156,482.0709208271608,470.5522213532566,482.0709208271608,2392000
2022-09-30,472.9589538574219,483.73779840829405,472.77164678749534,478.6340094118297,3116000
2022-10-03,482.763916015625,484.9178045778016,473.2961059643993,474.86938257915693,2562400
2022-10-04,489.9372863769531,491.2671265815314,484.0000465673443,485.42345457106694,3189800
2022-10-05,493.589599609375,495.7247403037526,487.09043824799886,487.9051697553649,2281800
2022-10-06,486.1539001464844,495.0036299784505,483.91570367967176,494.7695104440498,2187300
2022-10-07,472.7810668945313,481.5090227721278,469.23180619978115,481.5090227721278,3273700
2022-10-10,467.1715087890625,474.1482829250015,463.5754358716233,473.4833913942398,2459100
2022-10-11,468.0611877441406,474.6352547130689,463.7252889119922,465.4015929669348,2844500
2022-10-12,468.20166015625,475.96507288882793,466.56282321074,470.2338305434636,2254300
2022-10-13,477.5195617675781,480.8533930105895,456.7578292650555,462.1051399090586,3999700
2022-10-14,480.53509521484375,496.2491707310252,479.41130986867904,486.9686963029679,5628900
2022-10-17,488.729248046875,491.0048832160374,482.5485147843173,484.8522145772976,3282300
2022-10-18,489.038330078125,498.2064316168664,485.4047898763918,498.2064316168664,2345500
2022-10-19,487.2682800292969,490.5459532997768,481.91159570505073,488.59806289477046,2500500
2022-10-20,487.7927856445313,495.7902891621376,486.76268245343994,489.82492740198705,2390800
2022-10-21,499.8264770507813,502.4486616620012,485.105067605159,485.1518800821968,2896000
2022-10-24,507.1966247558594,511.76664343556274,503.6380186451001,503.8908860768609,2627100
2022-10-25,505.90423583984375,509.3692166804445,499.9857437971383,503.6286006275107,2411900
2022-10-26,508.6668395996094,512.852926807594,505.89490075396543,506.9905642258425,2863500
2022-10-27,507.3839111328125,511.80411825351706,505.47351605444607,511.80411825351706,2212100
2022-10-28,516.2243041992188,517.8725152012132,509.15390425693454,510.3525667941389,2761900
2022-10-31,519.8859252929688,522.6484904143123,515.1847861698151,519.7454306917053,2770400
2022-11-01,512.5438842773438,520.3915762107256,509.6501414732875,519.7454039627186,3338900
2022-11-02,508.9103393554687,519.3520941074331,508.5732209227437,509.82806969725146,2696200
2022-11-03,509.0788879394531,513.0682941176584,503.9470058215097,507.3276783215975,2245300
2022-11-04,503.9844970703125,512.9653488738793,493.655171423007,512.3004287219544,3513100
2022-11-07,510.3994445800781,512.2068409223439,501.4560306816678,503.9845336383362,2540300
2022-11-08,517.9193115234375,519.5581485457163,507.5712377572391,512.3004417327669,2797000
2022-11-09,506.3162231445313,519.3801040388471,505.173747301238,518.6028683715916,2672600
2022-11-10,509.6033935546875,516.6551027701281,500.0326125195236,514.0610395221175,3426400
2022-11-11,488.9165954589844,511.5793812217489,477.2761487415463,511.5793812217489,7034300
2022-11-14,481.11566162109375,495.3782059124787,480.79723389255304,488.8416065522354,5238400
2022-11-15,471.0579833984375,483.82218786585975,468.9602524632671,480.2354597855101,5103800
2022-11-16,479.0273132324219,481.471536168263,473.3616316172361,473.75496503162935,3430800
2022-11-17,482.5766296386719,493.5053153761997,479.62670013561586,479.62670013561586,4246300
2022-11-18,496.33343505859375,499.1428695966612,486.4629756250963,488.9539824326223,3566000
2022-11-21,484.3371887207031,498.1596168450419,482.642165373418,495.4063685019167,3349600
2022-11-22,489.8624572753906,491.3326779017973,486.8844059933347,486.91252777811786,2567400
2022-11-23,496.0619812011719,496.7455921251596,489.7781907203659,491.6511474726427,2238300
2022-11-25,503.4693298339844,506.49413567593217,498.69331459321575,500.07928383084896,1419200
2022-11-28,498.4592895507813,505.3049431776443,497.9161161689976,501.79314978852653,2699900
2022-11-29,494.46051025390625,499.11477966643304,490.3868527769845,497.8973693871998,3751000
2022-11-30,512.9652099609375,513.2648897866464,493.9734082579679,496.07110987984834,9688900
2022-12-01,502.8045043945313,517.8724643569379,501.76502727081737,517.2731045681298,2997800
2022-12-02,503.64990234375,505.95135801112343,500.1554921393436,500.5218582416957,2346200
2022-12-05,502.5978088378906,507.6140429641504,498.69007582142615,499.2630746882563,2424800
2022-12-06,506.6182556152344,507.8112673166014,501.8462661440463,502.0153449362095,3097700
2022-12-07,509.9906005859375,512.8086954404052,506.90951335888184,508.046165590527,2849100
2022-12-08,514.6968383789062,517.8624937414944,510.8079109766352,511.82238386368624,2272300
2022-12-09,506.5056457519531,515.2323264144796,506.1956392322642,514.7062842805524,2852400
2022-12-12,512.7617797851562,512.9684699048902,506.5807991893049,508.9949168540816,2714100
2022-12-13,505.5849609375,517.5806693417119,502.6541469667963,517.1767493052549,3369700
2022-12-14,505.7166137695313,510.5261588019128,499.3383449735779,509.0701542707952,2654600
2022-12-15,495.6842041015625,501.6867612747965,493.60818644357227,501.6115960078842,2963800
2022-12-16,491.945556640625,493.9276034118358,484.4493835106872,493.30764761961416,7109100
2022-12-19,491.8515625,495.2427142165717,489.3434736393406,492.7909276364281,1808100
2022-12-20,488.6670837402344,495.03594858013474,488.18799842022855,495.03594858013474,2086100
2022-12-21,495.55267333984375,495.8720827197072,486.6850639812768,491.879780810059,2182000
2022-12-22,495.1299743652344,496.933539298456,490.0010202936063,494.55691808181416,1851600
2022-12-23,499.0940856933594,499.0940856933594,491.1940501650186,492.3212424553115,1292300
2022-12-27,499.7328796386719,503.34947003076906,497.722624366272,501.55525040569114,1596700
2022-12-28,496.407470703125,505.5193231286206,495.7310980552498,502.6260627293896,1694200
2022-12-29,497.7507629394531,501.32033870317554,496.7925922305865,500.2494487737709,1379700
2022-12-30,498.0326232910156,498.33322702815144,493.0164453467058,497.863544439058,1849600
2023-01-03,487.19232177734375,493.7584745524907,481.1051970350663,493.28879200967,3525600
2023-01-04,473.90966796875,487.192303542812,470.24615000529496,487.192303542812,5070400
2023-01-05,460.2512817382813,471.64578413066266,458.8798168222765,470.6312825125423,5497100
2023-01-06,460.2889099121094,462.9848832262794,457.97807973812775,461.78249701646024,4841300
2023-01-09,460.34521484375,469.6731025197541,458.91739034767846,462.5527283522928,3702800
2023-01-10,456.5314025878906,460.730365400354,453.4127038217843,459.2085986451376,3164000
2023-01-11,463.482666015625,465.54928039664526,455.5920060767958,455.8644299422811,4274200
2023-01-12,465.6150817871094,468.489536514883,455.7987056565358,460.28886939908995,3726800
2023-01-13,459.8849487304687,478.60648706570095,456.5314086632594,456.63472505725355,5390100
2023-01-17,455.6671447753906,463.050568309907,454.44598178730126,461.41608244369496,4495600
2023-01-18,447.3631591796875,459.819147717282,445.9635145633905,458.45705705902515,4398200
2023-01-19,454.9908142089844,456.8977526650644,448.4434677288126,448.89434457844015,4549600
2023-01-20,457.207763671875,457.46138191819176,449.9558642537097,456.08991695582705,3525900
2023-01-23,456.35296630859375,460.3828506971467,452.2009885349379,457.17020937563177,3418700
2023-01-24,461.7918701171875,469.9267749924838,450.8952296668102,469.9267749924838,3036300
2023-01-25,462.6372375488281,465.3238075437053,456.2777471619833,459.61248126527494,3037300
2023-01-26,462.6184997558594,466.3477800673025,460.8336832672212,462.63727673626505,3005000
2023-01-27,456.5783386230469,463.45449718026896,455.0941545631163,463.45449718026896,3177100
2023-01-30,456.3341674804687,465.22055305673,455.40417656323245,458.2316746104212,3606900
2023-01-31,468.9216918945313,474.84908370236985,463.2291413743792,467.8038450717709,5567000
2023-02-01,466.8644714355469,473.7969907087984,465.61512842130713,469.63561004674216,3451200
2023-02-02,442.28125,464.9857166996681,435.7620826891378,464.29059571081626,11169900
2023-02-03,443.3991088867187,449.74922620358694,441.26676040726574,446.41449153006135,5440100
2023-02-06,446.4238586425781,449.9277007676371,442.450362637095,443.38032490779995,4174200
2023-02-07,447.9643859863281,449.0916067865435,440.59036499961377,442.4784978239413,3394600
2023-02-08,453.9199523925781,455.6296035574234,446.3016874037041,446.6398737075989,3466400
2023-02-09,456.27777099609375,460.0070511864528,453.1496694977995,456.18382876282413,3664600
2023-02-10,464.2811279296875,465.60563595321634,459.1146206891953,459.4715839580086,3418100
2023-02-13,465.3144836425781,469.5604033519792,461.94216655029726,464.0463350905815,2589000
2023-02-14,462.9472351074219,467.75680793349886,459.4340192205903,464.31872863227494,2072600
2023-02-15,461.4630432128906,462.00786228395486,458.77647314902026,459.96005352192367,2242500
2023-02-16,457.799560546875,464.0463323645064,457.7243952896514,461.3691362520512,2611500
2023-02-17,468.8182678222656,469.17523110614275,457.7995348077089,457.8277146107968,3891500
2023-02-21,461.5194396972656,470.9976295968216,460.7585563013323,466.5826310690436,2877300
2023-02-22,459.24615478515625,463.9429796437638,459.0394933446918,462.928449420704,2982800
2023-02-23,461.8764343261719,463.4169782033135,456.4093224928726,457.1514289583365,2511800
2023-02-24,454.962646484375,462.6466741174628,453.7227064478363,459.894312828116,2940400
2023-02-27,454.0138854980469,461.171842003476,452.7363342282247,459.1334073991172,3006200
2023-02-28,447.0813903808594,454.0514627829649,445.1838833586425,453.4033272922592,3902100
2023-03-01,446.4050903320313,449.40166733711817,443.3803335202285,444.89269759255575,2996900
2023-03-02,448.7347412109375,451.2991897096839,444.5545548490367,446.3957025063429,2188800
2023-03-03,449.5425720214844,450.049837215893,445.4657308181819,448.9601702306052,2863300
2023-03-06,451.6278991699219,454.981439067488,449.9558306328363,452.18212107448534,3812700
2023-03-07,445.1463012695313,454.4835918827875,443.9063325602164,453.6945287042632,2589200
2023-03-08,442.0652465820313,446.5648136901438,438.4580878358193,443.145510774177,3036600
2023-03-09,436.7201843261719,445.2120519283966,435.630517489268,445.2120519283966,2780400
2023-03-10,433.9580383300781,441.99936008881286,431.37502001313806,436.2582549222619,3787500
2023-03-13,437.1161804199219,443.4229186022445,432.3743457739303,432.3743457739303,2971600
2023-03-14,437.964599609375,442.9232679496545,432.75140969328646,438.0305962743355,3258200
2023-03-15,438.7658996582031,442.0182635661397,432.9305172530515,434.5802612241857,3770200
2023-03-16,444.9783325195313,446.2698704557549,436.5693684632462,438.08711901151463,2940500
2023-03-17,442.6027221679687,444.96893549051146,439.5860360895816,444.384459395521,5290000
2023-03-20,449.6353759765625,452.33154406960705,443.07411626764946,443.07411626764946,3119400
2023-03-21,452.595458984375,453.8681243130245,448.4663810941679,450.98343157835245,3163300
2023-03-22,448.27783203125,457.9123376176004,447.6179517287195,454.339484377366,2632200
2023-03-23,442.9892272949219,453.1328045216528,439.9348535655196,450.05955816427894,3284900
2023-03-24,448.7208862304687,449.5599126175747,440.80212158647896,442.1125033544088,2533200
2023-03-27,454.2922973632813,458.4308112984475,451.1719271325163,457.7331857915804,2271800
2023-03-28,445.5062561035156,456.0740648592352,443.7245476559331,454.3866044760192,2369500
2023-03-29,439.8594665527344,448.6172586933968,438.313435667768,447.8913529026401,3733200
2023-03-30,443.1306457519531,443.46060029280653,434.6650922313407,439.8405941962816,3324600
2023-03-31,445.51568603515625,448.7303332614612,443.16834538875105,444.50697859148215,3996700
2023-04-03,465.8782653808594,467.7071266847546,455.79124803542703,457.4033042616731,4729100
2023-04-04,464.9921875,467.67891952729263,463.6629615755657,464.78478993513954,2624700
2023-04-05,480.0566101074219,482.4227945491509,467.67881324009215,468.8949181744524,4964800
2023-04-06,483.4314880371094,484.77955747886415,478.0957418432056,481.72518391421727,3472600
2023-04-10,485.6658325195313,485.86382253786974,478.9820151684,481.5461901675993,2714500
2023-04-11,491.1240234375,492.3024119508884,485.70343627591313,486.5707716494882,3065300
2023-04-12,491.3314208984375,496.5257663667452,490.2472805143503,494.9042739474711,3422400
2023-04-13,496.0827331542969,500.061003029494,490.68101816776914,493.89563698522034,4224400
2023-04-14,482.469970703125,497.0348353714824,479.3684441008483,492.09503996193274,4872000
2023-04-17,476.39892578125,480.3960105117991,473.9478718586627,479.57585668918654,3660900
2023-04-18,475.5787963867187,477.944981138832,469.60201284365,474.815202873392,3232000
2023-04-19,458.3460693359375,473.2126104638912,455.9232953218582,471.9682251217273,5809100
2023-04-20,459.5337829589844,461.59832184264695,455.5744149945456,457.65779773664013,3283000
2023-04-21,456.1024475097656,462.61658403756223,454.518699918466,461.96611113948256,3165300
2023-04-24,460.9290466308594,462.135715371572,454.9993873118548,455.7158567660833,2322400
2023-04-25,463.7383117675781,469.9413362048509,462.4750539721731,464.45475241615407,2937300
2023-04-26,455.2821960449219,459.7600723810888,450.9551281210326,458.03489549237463,2930000
2023-04-27,462.371337890625,462.8521295742803,454.5751304262023,454.5751304262023,2473200
2023-04-28,463.8986206054687,465.6614854510418,460.1560570423159,460.69340917994913,2398900
2023-05-01,467.3017578125,470.7803629864724,463.6345989697199,466.2553338583433,2105600
2023-05-02,465.1241149902344,468.253893113282,461.24012216465417,466.8775433427655,2152300
2023-05-03,461.4004211425781,467.0661228079469,460.07119533294946,466.0762591100941,1749700
2023-05-04,459.3641052246094,461.63604164433985,454.339469453058,459.1472713894609,2555700
2023-05-05,465.963134765625,472.1567521804236,463.8420352758381,465.75573722029793,2329400
2023-05-08,464.3981628417969,466.02906278842977,460.3445181438755,463.8514032678803,1738500
2023-05-09,462.2865295410156,470.78977065221255,462.21109656577295,464.60559006784194,2038600
2023-05-10,461.9942626953125,465.19947348132104,459.7034824846806,461.3626338363415,2018700
2023-05-11,460.7593994140625,462.0414724586603,457.8369898021944,460.0429299072259,2384200
2023-05-12,463.08782958984375,464.66214049109266,459.80718569886545,460.759332798528,1536500
2023-05-15,458.96820068359375,463.61578714061307,455.98925964922904,463.2481160918117,2169700
2023-05-16,452.2372131347656,461.18352916359305,451.5678965413841,459.68462248696414,2178900
2023-05-17,457.0356140136719,457.59180992529,450.1821169540643,452.50117743301854,2682000
2023-05-18,451.77532958984375,454.9051077374262,446.7412571188943,454.4337523139,3040100
2023-05-19,451.3887939453125,457.0261861392811,450.43664682738773,452.1052345930548,2317900
2023-05-22,453.0857238769531,454.5752232614206,450.5309853046949,452.9160428136861,2242800
2023-05-23,451.9732971191406,455.69701652465886,445.4685979375634,448.90005050870536,2874200
2023-05-24,453.28363037109375,455.5932833849865,451.454797850228,453.07623284017586,1904700
2023-05-25,450.3329772949219,454.1697885279545,447.12773744117743,450.26698063186507,2684100
2023-05-26,453.93414306640625,460.41059112778265,450.61581104908487,450.6723714016512,3135200
2023-05-30,452.3598327636719,458.0349420453758,448.75867020795687,449.3714265413342,3180800
2023-05-31,459.326416015625,459.4772532008707,449.77675069606687,450.7288978413826,4944100
2023-06-01,465.3503723144531,470.205327551048,458.2611681452092,459.84494427468553,3376600
2023-06-02,470.9595031738281,472.31700918408075,462.26770744366365,463.8137671433834,3064500
2023-06-05,469.6491394042969,474.08929962959,468.9232623777616,472.0153529383808,2688800
2023-06-06,459.6375122070313,471.261123726379,455.9609458365107,471.261123726379,3816600
2023-06-07,454.5091247558594,462.3430485499153,454.0094892242387,461.8811295025438,4381700
2023-06-08,462.1451721191406,463.64407898892784,454.7920098812607,456.6397439481491,2725900
2023-06-09,465.3409118652344,469.6773874050622,459.3170046660283,461.91886697452406,3174100
2023-06-12,464.3699340820313,466.1233912227887,460.7216476961392,464.0965398801802,2207700
2023-06-13,463.1632690429687,466.32135616907726,460.66509102473447,462.7484739641767,3016600
2023-06-14,433.5150146484375,434.2409204436856,420.1473811765744,428.5940914372134,14672400
2023-06-15,441.0024719238281,446.7860658166716,436.2884898977575,437.310784287074,6798100
2023-06-16,433.9977111816406,443.4919130313785,433.46762837967424,441.2390755666943,7699100
2023-06-20,444.3155212402344,445.3567368830158,432.3507275255426,432.3507275255426,4597700
2023-06-21,451.2823791503906,453.76241612961826,442.23306935927553,443.8990607475486,4886500
2023-06-22,453.4595031738281,457.36888634883616,452.4656049271509,452.63598253160654,3179000
2023-06-23,451.51898193359375,456.51692674164144,451.0930090749429,452.7779215207944,4862600
2023-06-26,453.4689331054687,455.59873961130734,447.7326565607314,452.59809506666386,2968300
2023-06-27,456.781982421875,457.3688578366495,452.2478527591661,452.58863683418554,3693200
2023-06-28,449.105224609375,456.3654824004796,448.66033052494095,456.214026022018,3670100
2023-06-29,450.9888916015625,454.08419995784715,447.8083655650785,449.701526883568,2979300
2023-06-30,454.9645080566406,456.34650762780075,449.7393647186787,452.4655214363376,3970400
2023-07-03,452.35198974609375,454.55751006767423,450.85637606248935,452.5602386556836,1915700
2023-07-05,446.0477294921875,451.79348089907785,445.4513790681403,450.60078005098336,5053100
2023-07-06,444.28704833984375,447.164661399124,441.7218230497053,444.27760217741456,3913600
2023-07-07,436.9226989746094,443.5771600209999,436.20331729888466,440.1600176210953,4131600
2023-07-10,438.314208984375,438.36155535474546,434.63202485257943,435.4271492238102,4339200
2023-07-11,438.1627197265625,441.5703868694401,436.5062036314727,437.6704793132616,3086800
2023-07-12,427.5704956054687,439.9896292406169,427.14452275360026,438.2668455067411,7287600
2023-07-13,423.8314208984375,430.59946572828034,423.2918630778989,427.85438804264373,7276800
2023-07-14,454.51959228515625,459.0915635998526,435.5311600060909,437.8408188432304,11379300
2023-07-17,458.2207336425781,458.7129740526911,452.7494988165805,455.4093880467676,4582000
2023-07-18,473.2903442382813,477.4742435917817,461.45808563232424,463.1903155818023,8816400
2023-07-19,476.7926940917969,487.16718123868947,475.6378645211848,480.4275603909324,4956500
2023-07-20,477.30377197265625,481.50659196689344,473.79196618614566,479.5945096365714,2963100
2023-07-21,479.4715270996094,483.1442648857215,477.56889062372073,478.0705772458019,2887300
2023-07-24,481.5067138671875,482.5479585234822,477.61628064951134,478.3356624132984,2279000
2023-07-25,483.6364135742187,485.1225520324326,480.18140020062793,482.7561005591037,2730600
2023-07-26,480.8630065917969,488.30311719793826,479.5661956251298,484.2139104348515,3697200
2023-07-27,478.2409057617187,483.22937490339245,476.25308081226694,481.4024813592477,3028300
2023-07-28,476.0448913574219,480.3707719808306,470.71563752818025,478.2220153578481,2930000
2023-07-31,479.3200378417969,480.7493838634413,472.40053561971575,476.1300656817696,2441600
2023-08-01,477.777099609375,482.7939942982897,475.64729318444336,480.3896714012426,2161200
2023-08-02,477.8339538574219,483.20107945194576,476.1206450008261,482.4627476180943,3220500
2023-08-03,477.8907165527344,478.9698324126357,474.2748002466142,476.0259803125494,2442900
2023-08-04,475.8744812011719,483.608028619925,474.9468218024911,482.75611184707617,2411200
2023-08-07,483.4565734863281,486.1637801760823,477.69190101431394,478.72367041695543,2430900
2023-08-08,478.8372192382813,481.0238468672442,473.309192338004,476.130012753363,2422600
2023-08-09,475.2876281738281,478.7142746219594,474.1233523841662,477.0766795882123,1916900
2023-08-10,476.58447265625,484.68717244408344,475.92185459543094,477.5215783277545,2179700
2023-08-11,480.87249755859375,483.3904058279676,477.3133446834861,478.61963074455656,2029600
2023-08-14,483.6364135742187,486.0691326217642,481.0995845277734,481.9515012807024,2127200
2023-08-15,479.6229248046875,486.2111465559471,479.2253482436807,484.25168890066453,1817500
2023-08-16,476.6601257324219,483.22939742267187,475.9691114933714,480.86294591717393,1454100
2023-08-17,467.572998046875,474.4546582762238,465.5473303548598,469.0118192097444,3009500
2023-08-18,471.8136901855469,474.1801419544386,467.13757917922874,468.3492013294073,2364400
2023-08-21,471.09423828125,473.52695741924595,469.7122386578992,470.9333357519955,1533500
2023-08-22,466.0394592285156,470.2517541831222,465.0834036399212,468.9549434663232,2079400
2023-08-23,463.2944641113281,467.6108698295358,461.8651179980589,466.6642891213788,2011400
2023-08-24,462.0260314941406,468.95500894184744,461.18356083065527,465.178132419512,2311100
2023-08-25,462.9914855957031,464.91304300485984,458.76026927568313,463.7487673870867,1923500
2023-08-28,465.0361633300781,466.72107581402463,463.0010206104712,464.28835649153126,1344500
2023-08-29,466.5032958984375,466.60743478396313,461.9029281320789,465.2159601717904,2113700
2023-08-30,465.2727355957031,470.1760159013038,464.09898496015205,467.60131565529,2283400
2023-08-31,451.1214294433594,467.4405007941975,450.8469418318603,466.0584721360899,4927700
2023-09-01,450.799560546875,454.9739846894394,448.0734036466412,453.412132390824,3165900
2023-09-05,455.12542724609375,458.7129758973959,452.0301190068842,452.4655380052099,3443300
2023-09-06,451.4621887207031,457.3499216652449,450.9321058545421,456.337073411657,2596100
2023-09-07,458.9117431640625,461.08886701184326,453.0334856651762,454.2640289030789,2928000
2023-09-08,456.8591918945313,458.9497878594009,454.9396657811912,456.3080505945958,1858400
2023-09-11,455.538330078125,459.7765065538119,454.2269589040816,458.0090264495307,2059200
2023-09-12,456.032470703125,459.5864838843838,448.63940525091886,453.6378117519574,2195200
2023-09-13,455.9754333496094,459.9665603936046,455.61432778851025,457.4863521448893,2197800
2023-09-14,459.5484619140625,461.1353892674522,454.9681746429637,458.6267030980929,2334300
2023-09-15,462.4942932128906,465.459117335265,460.0616155227473,461.5820173292327,5334300
2023-09-18,461.8861083984375,464.4328133191684,459.54846307566544,464.1192384221329,1997500
2023-09-19,456.7547302246094,461.5725844458194,452.8396400487258,459.7005597937809,3230700
2023-09-20,467.6541748046875,470.4859474932461,455.3102349849154,458.7406795907954,3724800
2023-09-21,476.2161560058594,480.0172187195597,468.5569879579306,469.6117979408821,4703900
2023-09-22,480.9294128417969,484.0937844435692,473.2607626990191,474.1825214658688,4558500
2023-09-25,484.9015197753906,485.5286985391669,481.43305620282234,482.9819937406602,2758500
2023-09-26,480.311767578125,484.08432323655126,479.2949764082664,483.62818530058905,2420200
2023-09-27,478.6773681640625,481.1765426822222,476.1306339595548,481.0530324967612,2593700
2023-09-28,484.7304992675781,488.5790924340637,479.8936507347138,480.8058976112963,2922000
2023-09-29,479.1144104003906,484.5214239303901,478.7437929001847,484.4929171226669,3006200
2023-10-02,488.9781494140625,489.234739671592,478.11662117326415,480.3877407503915,3550400
2023-10-03,484.13177490234375,488.4174526711979,483.07696509684155,487.7712790785275,3143200
2023-10-04,485.2246398925781,486.3649702685749,481.41406536925854,484.15083507180583,2801700
2023-10-05,490.5556335449219,492.43719903151367,485.80433414358225,486.174922678972,2790700
2023-10-06,498.7088623046875,499.7921789544803,490.31800123593416,490.7646562054199,3647200
2023-10-09,500.3244018554687,500.6664835867874,494.37572930698303,495.2309916348951,2341600
2023-10-10,498.1672058105469,501.8732646788866,497.06492328538496,500.31481524710017,2455700
2023-10-11,498.062744140625,499.4501528816479,494.3566848732917,495.0123704975241,2819300
2023-10-12,499.4025573730469,502.29140188688416,496.2762044612782,498.38576623162214,2377300
2023-10-13,512.5733642578125,517.381706590689,505.54137456959126,506.7292067466815,5245400
2023-10-16,511.2715148925781,519.5863402958302,509.4564748104815,516.1653487587207,3827600
2023-10-17,509.9601135253906,515.4526191376609,507.9835446201165,513.0864668133684,2586000
2023-10-18,509.3994445800781,516.9255329170022,508.7722947185083,516.0322808113852,2551400
2023-10-19,505.1897277832031,511.5660311194543,502.928090915781,510.12160878406223,2351200
2023-10-20,500.8184814453125,507.850411726627,500.57140312198624,504.5910078449448,2811100
2023-10-23,495.6300048828125,501.5311747687502,494.4136371512494,500.8184756134266,2357700
2023-10-24,498.8894348144531,504.2774244705588,496.1051635953465,496.8558525316843,1978200
2023-10-25,503.84039306640625,505.8834295029419,494.21419697352275,501.0466096139865,2380100
2023-10-26,502.0823059082031,504.0873523540276,496.5327874231183,499.5546249954036,2675800
2023-10-27,498.5662841796875,501.4931182327786,495.33541619864303,499.8301535661867,2585600
2023-10-30,503.6312561035156,505.3702583915425,496.9318952229127,498.8894400390817,2555400
2023-10-31,508.9242858886719,509.98857881161575,505.1802367848682,508.39213942719994,2464200
2023-11-01,505.1612243652344,509.18088772747166,500.59996059210937,503.6217985667999,2747400
2023-11-02,509.46588134765625,510.1405907777964,500.7424504321375,505.5412799292892,2350900
2023-11-03,504.4960632324219,509.32337103639503,502.50047054215025,507.9835219726009,2739500
2023-11-06,506.9286804199219,509.3613579042763,503.6882424195192,505.1896782261493,2684900
2023-11-07,511.0813598632813,512.8108502016152,505.0851862944836,508.73417368996775,2604800
2023-11-08,510.0361022949219,514.4738849753918,507.57494655527864,513.1434897650431,1769200
2023-11-09,512.1931762695312,514.0081581090246,507.8979570478035,510.8627811832723,1819600
2023-11-10,514.293212890625,515.6900753378682,509.36133261839336,515.6900753378682,2480800
2023-11-13,515.5856323242188,517.0870682667761,511.15736198720595,514.2362713629797,1507900
2023-11-14,513.5806274414062,515.680677544575,509.8270662801499,512.2217544335864,2454000
2023-11-15,511.63238525390625,513.5804757873983,505.2561413307795,513.1908344808603,2473700
2023-11-16,512.9723510742188,517.7616685188686,510.7391922540994,511.632444182226,2360300
2023-11-17,509.6180114746094,513.6376751416523,502.0634449648384,513.4001086979583,2676900
2023-11-20,508.487060546875,509.6654385206002,505.3511959061603,507.0711741908884,2518400
2023-11-21,512.7539672851562,514.7304784616786,507.62250857773114,511.0244765059815,2115700
2023-11-22,516.7163696289062,517.3245534594761,513.3904404299556,515.9656227756833,2234500
2023-11-24,519.8903198242188,520.3559987176861,515.8137010192445,517.8282595801729,1135000
2023-11-27,516.554931640625,523.4918593050043,514.5973867161626,519.8903153617312,2675800
2023-11-28,513.6471557617188,518.6740405239245,513.2100126521118,518.4934877177409,2859300
2023-11-29,508.37310791015625,514.9109403382928,502.3579679984971,503.6408034489462,4550000
2023-11-30,525.4683837890625,526.3901716559346,507.4513836654144,509.1428264113774,7121200
2023-12-01,521.7211303710938,528.9106140610686,519.8141153993196,524.8295740866822,3462200
2023-12-04,522.7890625,526.2121214576919,517.792634863992,522.7699737289074,2709200
2023-12-05,524.6770629882812,526.8415437054782,519.9953084234387,523.5709616624304,2645600
2023-12-06,523.9808959960938,526.2216148784886,521.6638220367237,522.1024563470611,2239700
2023-12-07,522.7794799804688,525.8688344035256,519.2038275098068,525.7162406408617,2511700
2023-12-08,524.209716796875,526.0785538223204,519.2228341401302,524.6387485155964,2039900
2023-12-11,518.4028930664062,524.4290667811151,513.9976935612427,524.2002343181153,3655300
2023-12-12,520.3479614257812,522.0356879232797,517.4207453095337,520.4242583029613,2706100
2023-12-13,523.4850463867188,523.8759587685784,513.5495167241528,518.7079655541202,2876600
2023-12-14,509.4017639160156,519.5852155615323,504.7868208731356,518.9940456527128,5386800
2023-12-15,506.42681884765625,508.6961709954297,498.6462244820544,505.3588952719358,9030100
2023-12-18,502.0693359375,506.76057629414635,500.8106991203557,504.5103126805289,3260300
2023-12-19,499.6759643554687,503.0895369201241,497.5210866578898,500.2004399492403,3645600
2023-12-20,491.9430236816406,500.42926209237345,491.8858155704489,499.4947853462849,3847800
2023-12-21,495.7094421386719,496.60574144132255,492.4865824034477,494.7559347187233,2491600
2023-12-22,496.1194152832031,498.693896810937,493.9359043661191,495.7094140995133,1759500
2023-12-26,495.8525390625,497.23507839597454,493.8882577195368,495.7094896568054,1390800
2023-12-27,498.4840698242187,498.83686287608,495.2135467071875,495.5854285285984,1851800
2023-12-28,500.4960632324219,503.3279523078491,498.6271677560718,499.13249642113414,2001000
2023-12-29,501.9930114746094,503.6807381908633,499.56157925121727,501.5258021615719,2080100
2024-01-02,514.2646484375,514.5697195571477,502.1836691465454,502.34580728834976,3415700
2024-01-03,516.8296508789062,521.3682972778169,514.3981604183617,517.7926444799266,2891400
2024-01-04,520.06201171875,523.475584649829,517.7545400088472,519.6615548891745,2994400
2024-01-05,512.3958129882812,521.5685495512829,508.915487687606,521.5685495512829,2815400
2024-01-08,511.57574462890625,515.1323081610913,503.4518439778921,514.3218502518556,2648900
2024-01-09,513.3397827148438,514.5221225986703,507.5806188753282,512.9869896268463,2677000
2024-01-10,512.6437377929688,516.0382218440949,511.2230210639051,513.0823139551112,2180000
2024-01-11,514.5888671875,515.0465321167882,509.6783389908385,511.2039275534478,2814100
2024-01-12,497.26361083984375,503.909528913097,489.2732148573091,494.7367931675565,6327300
2024-01-16,495.0133972167969,500.1146386022921,492.53424302211425,499.361388696384,3736700
2024-01-17,500.53411865234375,505.98815241104074,495.823790316439,497.0443075812325,3791300
2024-01-18,492.3340759277344,492.8108296658922,474.331821020357,481.7405927345228,7367000
2024-01-19,480.1482238769531,493.48778419877846,478.48913017481453,491.0563517664209,6143400
2024-01-22,489.1398010253906,489.692851668324,473.41647172910615,480.5105698267225,5922900
2024-01-23,491.55218505859375,493.99316183155327,488.272117063916,488.67257390235704,2672900
2024-01-24,489.3685302734375,497.4733422790126,489.1015784935836,493.821451242206,2918800
2024-01-25,470.4605407714844,472.4724564972891,456.73004016457224,464.92066515918253,14671000
2024-01-26,479.8049621582031,480.2721714987416,467.12329556959054,470.3461554176646,6212200
2024-01-29,481.0826416015625,482.9610523820027,477.8502374819334,479.7191038765823,4554100
2024-01-30,480.19580078125,482.52236093760064,476.0099188359914,481.0825846915582,4931200
2024-01-31,487.9478759765625,491.0563194657473,481.05403597890495,481.05403597890495,5358100
2024-02-01,483.561767578125,486.49855763211855,479.6142328867724,485.1731683491926,4242600
2024-02-02,486.508056640625,489.0634202087879,481.89308464408754,484.62010164710466,3804500
2024-02-05,479.5760803222656,490.2935234321398,476.8013702584285,486.25063221364746,3646300
2024-02-06,486.9276428222656,487.1850793479248,479.08981073275817,480.51052746484623,2745400
2024-02-07,495.2422180175781,496.77735095043465,488.85370685530455,490.11234359572785,4109100
2024-02-08,495.9096374511719,497.8833463491463,493.2302842650587,496.4245104422782,3343000
2024-02-09,494.1266174316406,496.1957705615758,492.2863549823612,494.8608368130678,2715400
2024-02-12,493.5736083984375,494.8608201717652,488.9681511381841,494.1266008150285,3194000
2024-02-13,492.8202209472656,502.4315907528603,490.3030059246416,497.7308067836001,3436000
2024-02-14,492.9060974121094,494.42219972264473,490.3792796270408,491.30421202968705,1918500
2024-02-15,496.6629028320313,497.492449553544,491.8190692991127,493.2875078340649,2292100
2024-02-16,497.3017272949219,499.43757436375665,494.7654234500475,498.0168577794407,2135500
2024-02-20,496.83453369140625,500.9441480108095,495.2612232968619,499.8381051000928,2600200
2024-02-21,497.70220947265625,499.3422723968749,493.47817884554183,499.3231836264571,2095900
2024-02-22,502.0216674804687,502.2504999546187,494.47944923214334,499.8286120065639,3186800
2024-02-23,502.7272033691406,505.8356466260723,499.79038445064776,502.25999408159015,2502000
2024-02-26,500.896484375,508.0382450619978,499.9334326470392,503.757006403809,2308900
2024-02-27,489.54974365234375,501.1539703906475,488.2434431951185,500.3625429684874,3780600
2024-02-28,475.1136474609375,475.37108397328853,461.8694453260849,472.40569004306695,9558600
2024-02-29,470.6512451171875,478.4223243871368,468.7442303712497,475.3234254249879,6833200
2024-03-01,466.7704162597656,467.2376255140151,455.0613480592976,466.66554442666177,7315000
2024-03-04,459.4666442871094,464.39629075738344,457.7789465246889,460.77294487764686,5239800
2024-03-05,451.1520080566406,460.4487049504266,448.7396355650744,459.9624359769688,5296200
2024-03-06,450.6275634765625,457.4927986942774,446.4225927200793,452.38201344660297,5577500
2024-03-07,456.5202941894531,458.81825062796133,451.58113259900216,451.9625297579532,5102000
2024-03-08,456.2043762207031,463.55617388775767,454.48127947116257,457.88914492766537,4673600
2024-03-11,468.2467651367187,469.357197456267,455.6587202007528,456.615986419662,4410100
2024-03-12,468.4382019042969,471.2429847458555,466.5236695815765,467.2703360188997,4153800
2024-03-13,467.14593505859375,474.8040651415216,464.59002128949953,472.4300342989727,3669000
2024-03-14,468.1031494140625,468.754083387706,464.4559677035561,467.8351160594184,3378500
2024-03-15,469.8453979492187,470.2282985821728,466.6194155660761,466.6194155660761,5713500
2024-03-18,466.2364501953125,471.070661610038,465.5950982570069,471.070661610038,2970500
2024-03-19,472.2385864257813,472.3534536999184,466.9449053106848,468.7445705080249,2511700
2024-03-20,473.1097106933594,473.46389453278505,468.5243971621473,471.4249127399317,3548200
2024-03-21,470.6781921386719,474.99547179144474,470.2857095144703,471.2429756573685,3693400
2024-03-22,469.12744140625,474.64127470925735,468.840244025675,474.038221558285,2847300
2024-03-25,465.1165161132813,470.477212793336,463.3838665904228,469.6348138447414,2786100
2024-03-26,471.2717590332031,472.25774213110583,464.4943266381887,467.2703930019823,3113300
2024-03-27,472.0279541015625,474.545568801917,470.3144394781082,472.60231964604696,2653100
2024-03-28,473.55963134765625,474.6796165143127,468.39037016372566,473.84679954078666,3820000
2024-04-01,468.7732849121094,474.5934507415061,467.8160186813013,473.3394343162232,2928700
2024-04-02,438.56195068359375,443.8651843954112,430.38688915968487,439.95955115516966,11867000
2024-04-03,440.0935668945313,443.0706800585415,436.0826190568302,442.25699792097583,4460400
2024-04-04,435.9198913574219,441.98895562283894,432.6077584507884,441.1274218765806,5182000
2024-04-05,436.2644958496094,438.1886102917109,430.7793791295652,431.4303131450958,5747400
2024-04-08,436.513427734375,437.66215896642393,434.20641247253343,436.48471091424625,4532300
2024-04-09,440.0744018554687,440.1127006817736,433.1246401601136,434.8668715889211,3521200
2024-04-10,430.8176574707031,439.13630339175035,430.5592061040375,436.0251881273191,4493500
2024-04-11,422.8436279296875,431.50687537268993,422.6138933895028,431.1431387552129,5844100
2024-04-12,420.4313354492187,423.34140372392073,417.7318376979778,421.5226037488703,6045700
2024-04-15,426.5865173339844,429.1902824197511,423.1020545399453,423.11163654970784,5376800
2024-04-16,448.8525695800781,459.2484666526691,445.7031555529191,456.3958028150886,11816500
2024-04-17,458.5209045410156,467.14588191400054,454.3089393172668,458.1475859329362,8759800
2024-04-18,472.1045227050781,480.54761733562816,465.20264179920554,465.35580789201754,8880400
2024-04-19,479.71484375,485.62116019253256,474.3828636905565,475.76132943686594,6618600
2024-04-22,470.2378845214844,478.07789701286254,469.673100970805,476.5079664271538,4697700
2024-04-23,465.4036865234375,473.1862656112564,464.24540257029514,470.01771674178366,3646700
2024-04-24,466.4757995605469,467.9691324698157,460.1674189165387,463.1062331112768,3724400
2024-04-25,472.7554931640625,475.8857724780501,466.6960106944248,468.0648944118994,4329700
2024-04-26,474.1818542480469,475.9815195157225,470.40064078372103,470.9750063903013,2727000
2024-04-29,468.1318664550781,476.0963278732502,466.92570175187785,474.52639735712,2192100
2024-04-30,463.02972412109375,468.7828747577854,461.9671433299272,468.0649250279389,3367500
2024-05-01,463.4221496582031,468.2850785613659,456.68301630071016,458.7794317225408,2729200
2024-05-02,471.9035034179687,472.5927362266055,463.2593911002653,463.5848580913653,3561400
2024-05-03,471.40576171875,471.7312287279325,465.0207831775097,469.88368272113513,2487600
2024-05-06,473.2532958984375,473.72234701516095,470.97499753701334,471.4344958563297,2029500
2024-05-07,479.5520935058594,480.2126095569305,473.8850936525609,474.804061074876,3752100
2024-05-08,481.7059631347656,485.3340105651067,478.7097149634367,482.6249598097555,3078900
2024-05-09,485.3626708984375,486.2625034462363,480.6816544613055,480.6816544613055,2342900
2024-05-10,490.8957214355469,491.6328351718469,485.3340066549399,487.2485392255708,2784600
2024-05-13,489.8714294433594,492.67621259053175,485.6307468976887,490.1681796486398,2454500
2024-05-14,491.91998291015625,494.11210157866225,485.62115465525534,492.59008096738313,2949700
2024-05-15,495.4331359863281,500.2577952793872,492.8293998313208,492.8293998313208,2981200
2024-05-16,498.9941711425781,505.58969086105674,497.3093732810195,497.7784243710664,3655800
2024-05-17,502.2106018066406,503.378438596951,497.7880363670891,500.5928194929071,2657200
2024-05-20,495.1268310546875,502.2106250655095,494.4663149687409,502.2106250655095,2476200
2024-05-21,501.17669677734375,502.29668184824385,493.87275115090415,496.1702133533108,2521900
2024-05-22,499.0707092285156,503.79008300289246,498.4006696310641,500.47792092232635,2299100
2024-05-23,494.7439270019531,497.99859716065345,493.2122659623637,496.17024435074035,3055400
2024-05-24,486.4540100097656,495.040689562482,485.8317635676899,494.05467726609993,2527800
2024-05-28,482.15582275390625,484.9989044783575,480.45189012125695,484.9989044783575,2912800
2024-05-29,464.006103515625,472.7938007863464,453.045393134351,471.3004677552479,7521600
2024-05-30,461.0672607421875,465.2600913846598,457.5732449446093,461.7086419519885,5169700
2024-05-31,474.200927734375,477.11102500819425,461.7947666184322,461.7947666184322,6694800
2024-06-03,476.1824951171875,477.3694958425568,471.9992465478339,473.01394637051,2795100
2024-06-04,483.8884887695313,486.54968767372986,473.45429288818167,477.2546409231814,3178400
2024-06-05,481.6197509765625,487.3442131923836,477.4843541092157,486.9613125669134,2464400
2024-06-06,480.4710998535156,483.13229891979375,476.0293703312235,482.1271518066324,2419600
2024-06-07,469.7209777832031,481.3708916671651,469.46252641296593,480.5859555456659,3416300
2024-06-10,473.8468322753906,474.2201801656999,465.4133182642925,470.0177669640743,3332800
2024-06-11,475.0146179199219,476.50795080136254,469.33803656845527,469.88365608069495,4599700
2024-06-12,471.9992980957031,478.6331464948946,466.59074938300057,478.6331464948946,4048200
2024-06-13,476.0485229492187,480.5476862790437,463.68065861806264,469.3285239886126,4951700
2024-06-14,475.8761901855469,476.5750050599828,470.7165403252565,475.5985747952302,3188400
2024-06-17,470.31011962890625,474.0496672054145,469.80061738313896,472.3288832919303,2407200
2024-06-18,462.4464721679687,472.64616977287113,460.5142243018901,471.73289713009706,3692700
2024-06-20,465.7822570800781,467.12813866667005,459.6201460396095,461.4755298825957,5258100
2024-06-21,463.9269104003906,469.41608074015926,462.0042559155448,465.70537166634887,6368600
2024-06-24,471.0311279296875,471.9059392317255,465.76304413426664,469.9544167859169,5139800
2024-06-25,465.7630615234375,471.66562503314856,462.0138910442852,471.66562503314856,2916100
2024-06-26,465.3208312988281,468.58933794785287,462.8502133262674,465.76303360130055,3153100
2024-06-27,467.62799072265625,470.069769947882,463.4077503662124,466.2917318749843,2991900
2024-06-28,489.5655212402344,489.7000917988397,470.4831695960087,477.1739989939445,22734200
2024-07-01,475.5204772949219,489.22901208447104,473.8285614303974,487.1525418832403,4523100
2024-07-02,478.9716491699219,479.1927649848065,474.3092357740449,475.1455857343383,3312000
2024-07-03,470.944580078125,478.8178225880521,467.7048828808752,477.89495672189474,2239200
2024-07-05,469.1372985839844,470.733105264375,465.7630307073079,470.089003128738,3499000
2024-07-08,470.4158935546875,474.78032767490737,467.3685024679296,470.2717003283613,3450600
2024-07-09,473.0787048339844,476.24147947309774,467.29152576736135,469.44488926426715,3056800
2024-07-10,481.5576477050781,482.1056112733189,471.1657025787592,471.95399795720607,3189800
2024-07-11,484.85498046875,489.0560050451055,478.45256702854965,478.45256702854965,3535100
2024-07-12,491.7477111816406,494.67015414198585,483.96095483994714,487.3160067838115,3570600
2024-07-15,495.4392395019531,510.3013804907288,493.9299486194938,503.966207848735,5128000
2024-07-16,527.6437377929688,528.65311977531,506.74449059619104,513.2526955302893,11062000
2024-07-17,551.1096801757812,551.4268759029618,529.9796686204769,532.575263770918,10330800
2024-07-18,542.515380859375,559.01172866925,539.7082633810271,542.6691673839925,6834800
2024-07-19,543.4671020507812,547.8603742312133,539.8236345473941,545.1878565514228,4290400
2024-07-22,536.9301147460938,542.4288782232152,535.536178556692,541.2752738363048,3377300
2024-07-23,533.2481689453125,537.2280773320138,531.4312465938074,537.179964035875,2785600
2024-07-24,538.1029052734375,539.429541515926,531.6331919323604,538.3432370757034,3156200
2024-07-25,538.03564453125,547.8508171738757,536.9782079941334,540.2659308597562,3102900
2024-07-26,547.687255859375,556.7333768704665,538.3431844643386,538.3431844643386,3201900
2024-07-29,544.8321533203125,549.254234667833,540.0351403085051,543.8323942236323,2965000
2024-07-30,554.041748046875,557.0218390391991,544.1015985075834,544.9764391591989,4139100
2024-07-31,553.8782348632812,558.4349749228182,540.5734997264656,543.5728357942912,4713200
2024-08-01,550.6194458007812,564.7797778813555,545.1686778688475,554.8781186168558,3680800
2024-08-02,567.0196533203125,568.66348532255,553.0034859565749,559.8096991357418,5094000
2024-08-05,547.9181518554688,564.126116726699,544.8418926323691,559.6078664935304,4587400
2024-08-06,546.370361328125,555.1857751383039,540.7754879341619,546.2358200955352,3216500
2024-08-07,544.1881713867188,549.5427714589134,535.4881711050516,544.6976443420093,4320700
2024-08-08,544.3418579101562,550.3117204358663,542.5441808934704,542.5441808934704,2860800
2024-08-09,537.1511840820312,544.0438835285322,536.0648796754654,542.7076246673929,2976700
2024-08-12,543.4285888671875,546.9951336205588,539.3525712489067,540.5734754724512,2532400
2024-08-13,552.0325317382812,553.464899903744,546.9951865088324,547.9468910657636,2369400
2024-08-14,557.2525024414062,558.6464385684457,551.1000437777296,552.9938301327544,2344400
2024-08-15,557.1948852539062,560.7806758722317,551.3308123729042,557.2525625431542,2751800
2024-08-16,555.3395385742188,559.1560384039082,551.8979704673629,558.4542295875054,2728900
2024-08-19,556.3970336914062,560.7421931169829,554.7531429125746,555.7240928575404,1847900
2024-08-20,558.1947021484375,561.2324705012221,553.2438432437716,557.4255933935208,1677500
2024-08-21,555.7144775390625,560.8287457993497,555.0992139871269,559.0214457872646,2844300
2024-08-22,556.3392944335938,560.4057487203687,548.5525669478725,556.8488260550691,2282000
2024-08-23,561.9053344726562,562.5782752037903,556.079694366971,558.5310668324038,2376400
2024-08-26,564.4241333007812,569.1923380932243,563.0878741985466,565.3085380363561,1800000
2024-08-27,564.6355590820312,569.4326315354846,561.2036722979946,566.6735682384124,1581900
2024-08-28,565.7794189453125,569.9131723320705,561.2900379074283,566.2312731841051,1657000
2024-08-29,568.6923217773438,569.6920809126026,561.770754408906,567.8367265129301,1953200
2024-08-30,567.3753051757812,570.3169639571017,563.9049281880485,567.1830280076076,2944700
2024-09-03,575.52734375,577.4307527728462,568.9326534382313,569.6055941929485,3175500
2024-09-04,580.8147583007812,584.4293585684236,574.7584076575473,576.7964169701941,2935000
2024-09-05,572.460693359375,582.5642510619579,566.8657623230572,580.8242512729378,2144800
2024-09-06,573.7969970703125,577.3827288331312,569.3556699978096,572.826047187947,2926400
2024-09-09,571.1244506835938,576.2963955744194,553.0227022404582,575.181281869315,3411400
2024-09-10,575.8638305664062,581.410648320551,568.2885679338722,572.1915538141066,2863500
2024-09-11,566.9428100585938,568.5290236710971,556.5796729630714,566.3564144514561,3563600
2024-09-12,565.6641845703125,567.6733844127136,560.6557069676677,565.7699751644733,3395800
2024-09-13,571.3359985351562,574.5660439016943,564.5201627510843,568.2213077406548,2241900
2024-09-16,568.3645629882812,577.6742297607511,567.0332226402496,574.0179016355399,2548600
2024-09-17,557.578857421875,566.0298955880409,556.0642147879537,565.3449706913425,3416000
2024-09-18,560.1740112304688,563.9075350349754,552.1280866615132,556.5176239143686,2988300
2024-09-19,556.72021484375,564.2065756822559,554.318031606628,563.135673963128,2945700
2024-09-20,554.7232055664062,558.4278177520179,549.5618914677397,551.5395885110225,5398700
2024-09-23,553.1892700195312,558.9969998567591,551.8290181036236,556.1606735272775,2386100
2024-09-24,554.906494140625,556.9517297203126,546.0405680740049,550.6906025924453,3188500
2024-09-25,555.987060546875,560.6177820595661,552.8709817801491,557.49204651057,2658800
2024-09-26,554.5399169921875,556.2667732941255,550.7774229088774,554.7232191938424,2751900
2024-09-27,561.3316040039062,566.0202655975463,556.2571422324178,557.3086714717364,2986200
2024-09-30,564.0618896484375,565.7405210226354,558.3313549224547,562.9235081289563,3009700
2024-10-01,562.73046875,567.9400664413776,560.2897174116939,564.3705316441603,2648400
2024-10-02,571.4227905273438,583.2022385474241,563.6470205495298,582.9513977605893,3667000
2024-10-03,571.8472290039062,572.3102834130681,563.7627371080387,569.7826799583781,2645800
2024-10-04,570.3519897460938,575.1081316168771,567.6893087091529,571.249187246312,2462600
2024-10-07,562.9813842773438,571.5482453751409,562.7595138215289,568.0269351313409,2591100
2024-10-08,561.0712280273438,568.4321690563628,559.122442295831,567.3226990070166,2231400
2024-10-09,570.3712158203125,571.8955152574226,560.1353805226494,561.6307096146805,2207700
2024-10-10,576.6227416992188,577.8286617467398,571.8569433161031,574.1915880409156,2143200
2024-10-11,576.9603271484375,580.3079915373669,575.1755891816028,575.4553414112443,1909700
2024-10-14,584.0512084960938,587.1672869898434,576.3140067939261,577.9829812615534,2447100
2024-10-15,536.6730346679688,549.6101790036165,523.8517128388442,532.5536514784117,11939400
2024-10-16,551.1923217773438,555.8616112939627,535.5442723971328,537.3676376670213,5103900
2024-10-17,546.0695190429688,549.3881541895533,539.0172427080478,540.8116963292714,5588700
2024-10-18,549.5233154296875,550.8160877112821,543.1849921908951,546.8606343741782,3687000
2024-10-21,551.3176879882812,558.8523331449838,548.6454091421838,549.5522633939685,3018000
2024-10-22,549.764404296875,552.8322574959213,545.5485129829785,547.8252756515324,2593800
2024-10-23,544.7285766601562,553.8935691226433,540.2521872623921,551.9544402435403,2911900
2024-10-24,541.0336303710938,551.5396202530287,540.5512623384923,545.0662200577036,2590200
2024-10-25,544.6513671875,551.3466375473242,543.7348561884176,546.1949212723022,2513700
2024-10-28,545.3074340820312,548.2884945959937,542.9631323805204,546.2818269827571,1826500
2024-10-29,542.3070678710938,547.661341047372,540.8888752915482,542.9727380854082,2600300
2024-10-30,543.1078491210938,550.1986358124531,541.1687201635956,541.4581292133375,2323600
2024-10-31,544.5934448242188,548.4041636106224,541.1011053891151,541.1011053891151,2490000
2024-11-01,547.5455932617188,550.2179309777472,544.0146852073021,545.191634931169,2548300
2024-11-04,538.1007690429688,548.539218687691,535.8336043177072,546.7544219189352,2656600
2024-11-05,547.0343017578125,548.6839626913584,534.8496809347594,538.5928614582286,2608100
2024-11-06,575.6483764648438,584.1476990117499,570.0142918243996,582.6041448300812,6591300
2024-11-07,584.0994873046875,586.2122617326844,575.1274532931407,577.5778618051969,5254300
2024-11-08,594.0941162109375,597.9434037044484,583.8582806521817,587.5242659372961,3875800
2024-11-11,603.2012329101562,608.4879677763275,592.2707566566786,595.1457102101048,3003200
2024-11-12,592.994384765625,602.4584445514448,592.1358142968361,597.731272491583,2809400
2024-11-13,584.5046997070312,591.392930105669,581.7937934195435,591.3832733226992,3409400
2024-11-14,572.2332763671875,584.6301124594446,568.2199409706433,582.1989584958229,3079200
2024-11-15,571.3455810546875,577.809324015606,569.1460135990735,571.0465152507238,3423900
2024-11-18,568.856689453125,573.1883453076999,564.6793654727662,568.6540736655714,2577100
2024-11-19,556.6526489257812,566.1456766807163,556.4307784974782,562.1709103532897,3198300
2024-11-20,579.3239135742188,581.3884625521355,561.0421563151737,562.16128294441,3928600
2024-11-21,576.420166015625,582.7006074810845,575.6869571544971,578.8416630606799,2722900
2024-11-22,570.0336303710938,580.0572528575987,567.9111991161676,577.4524535394085,3197900
2024-11-25,584.466064453125,588.3346654798481,574.0276132048398,576.5069919481006,5146200
2024-11-26,585.3922119140625,587.0129615376344,577.761175076059,586.7910910714538,2693600
2024-11-27,586.9261474609375,595.6763108678884,585.3053978948027,589.4827216539417,2269800
2024-11-29,588.6820068359375,594.0652510065612,585.2282349532828,587.3313526812306,2010800
2024-12-02,587.061279296875,592.3480147225795,579.584573899318,592.3480147225795,3364900
2024-12-03,583.8871459960938,594.0361874813939,583.4916301475398,589.3089575642272,2329900
2024-12-04,589.2511596679688,600.8666203586289,585.5658605852859,589.4730890181954,4147600
2024-12-05,558.5531616210938,587.514554559562,553.6523452423168,584.2827125823236,5943700
2024-12-06,530.23828125,561.5825495312715,524.9515459586211,561.5825495312715,13003600
2024-12-09,542.9247436523438,545.2102390916431,527.4491507817185,534.5768276307163,7684700
2024-12-10,547.3505249023438,549.8297195119304,539.4481105557431,544.2612106837603,5360600
2024-12-11,516.6898193359375,540.4842459138001,515.8569192407734,538.1212591063079,10363000
2024-12-12,499.4806823730469,517.1449498545126,497.9602303899863,514.7529407245319,9403800
2024-12-13,504.0516357421875,510.87915798555656,494.5997188781474,499.3644378091034,8202900
2024-12-16,482.7654724121094,505.2332053170124,480.421843674529,501.6499793570164,8880000
2024-12-17,470.1951293945313,479.9569827622712,460.8013160628446,471.6284255985363,14132700
2024-12-18,483.9469604492187,490.55170271835874,470.66001401541695,473.0133069924551,10147600
2024-12-19,473.8074340820313,487.75291013494933,470.8924315197162,484.35371900322065,7418100
2024-12-20,484.3440551757813,486.7748397648772,473.30388718166904,473.846209149497,10956900
2024-12-23,490.3580017089844,492.7209884964918,483.29809325145885,484.95414049926626,4286000
2024-12-24,490.1256103515625,490.1256103515625,484.7895169572707,488.4792568433077,1824400
2024-12-26,495.01617431640625,496.0523786238601,488.7988302543698,489.6897750378188,3387000
2024-12-27,493.8927917480469,496.982105737808,491.77191400449726,493.3408055489962,3471800
2024-12-30,491.77197265625,493.6410772956491,484.8573524018703,490.86164011189294,5408600
2024-12-31,489.8931884765625,494.87096540665374,487.4527395606917,493.27305137051223,4214000
2025-01-02,488.5857849121094,495.94587681334474,487.4042914977609,491.96561798775014,4234900
2025-01-03,496.8078308105469,499.9939650155742,489.42835080088435,490.367735210906,3019500
2025-01-06,497.4566345214844,503.87737162038894,493.728178583452,496.8077987811029,4444800
2025-01-07,498.0183715820313,503.1026622010019,495.08401074982714,502.4731549570934,3914500
2025-01-08,507.9642333984375,508.10946338007295,493.42799489468575,498.260482635259,4141700
2025-01-10,504.255126953125,518.5492569792381,502.1051675131933,510.0173350745817,5467500
2025-01-13,524.0595703125,530.1219902761333,516.3120808476455,518.1520741303561,6472500
2025-01-14,526.5775146484375,527.3619456429129,519.6144556792417,522.6166435053588,3978300
2025-01-15,526.267578125,529.0469852632218,517.4645262536341,520.147054307607,4103900
2025-01-16,494.473876953125,522.8006677143226,493.9025030941043,513.6101577603758,9059900
2025-01-17,493.6700744628906,505.3494133257226,486.9297368536609,489.6607341839008,7495700
2025-01-21,508.41937255859375,508.4290663791488,496.6335191321919,497.8246768872227,5682100
2025-01-22,503.315673828125,507.88672379495455,499.71311924756657,505.1944425710378,3756100
2025-01-23,513.0485229492188,514.7045112100521,502.92835168629506,511.2084703164466,4580800
2025-01-24,515.7020263671875,517.7551066056291,507.9545359251706,511.4408829806137,3671200
2025-01-27,526.364501953125,534.4896373600476,522.9361997175708,522.9361997175708,4263000
2025-01-28,525.3572387695312,529.2503711186959,520.863739827532,525.8705383158714,3162700
2025-01-29,521.1155395507812,526.3257314751347,517.1546682593905,524.6309679821225,2737600
2025-01-30,528.3497314453125,529.8411018767065,518.1133539755973,522.442235308623,2924700
2025-01-31,525.3670043945312,531.8264580322981,524.3210766292264,526.0933316270866,4120500
2025-02-03,530.8773803710938,536.4265012099979,523.9918127685804,524.8924513947243,4083600
2025-02-04,528.2335815429688,531.4875132625891,524.417940229678,527.9914724726043,2869900
2025-02-05,522.7716064453125,523.633528954395,505.43657270997664,513.978188127614,4621600
2025-02-06,513.3099365234375,522.0839667183153,508.6905357341578,520.9121966674306,3926800
2025-02-07,510.3950500488281,515.5858548221756,508.80680021098334,512.4965404278714,3349100
2025-02-10,516.5348510742188,517.2998944520642,506.8601821479848,511.0147524870584,3143100
2025-02-11,517.0674438476562,530.2575402776052,511.59581473529255,518.1133715031702,2631900
2025-02-12,510.7533264160156,525.2314017617182,508.9229676295576,522.8103110204755,3859200
2025-02-13,514.4139404296875,517.4645381435149,510.4627041309814,514.1428090266004,2835100
2025-02-14,506.9861145019531,516.3702649396542,506.4050172365477,512.3028205164677,3705300
2025-02-18,484.9251403808594,499.713152690094,481.3128621840634,494.8128671617819,8759300
2025-02-19,494.9096984863281,495.7037937965872,482.4265403059999,485.5061606684852,4380300
2025-02-20,486.561767578125,492.3820495093466,484.4505540317426,489.24432542742136,4144300
2025-02-21,451.6980590820313,454.87452887266426,424.6593053583859,425.6761516224609,19864900
2025-02-24,446.95269775390625,453.22817543799096,442.5753764426536,451.94983246551135,6919300
2025-02-25,455.5330810546875,455.90109158508096,435.8641417544629,446.2263926486939,9101000
2025-02-26,448.9573364257813,458.1187346436733,443.737480652612,449.98387643804074,5108400
2025-02-27,453.7705078125,460.3946085207388,450.3422350545616,451.4559604367645,4216800
2025-02-28,459.9684753417969,461.32428018776073,449.81928230544264,452.2597310281775,6146300
2025-03-03,452.30816650390625,462.2055867685931,450.5262472410497,459.3971273820728,5700200
2025-03-04,459.6295471191406,464.08436009687017,451.7367970311077,454.92296079544656,5864100
2025-03-05,460.9563293457031,463.9584582884584,456.14319966239634,456.201303477138,3637100
2025-03-06,472.32574462890625,472.7131132308318,457.10192509402526,460.97567022194073,4964000
2025-03-07,477.9039306640625,484.1406624702459,468.1130248211261,468.55849722033093,5434100
2025-03-10,467.0500183105469,484.19652216794935,464.6088452981466,478.7792717074242,5108900
2025-03-11,472.71038818359375,473.4203489783486,464.05447612764226,469.26746417729026,4101000
2025-03-12,467.9155578613281,474.2275899810994,465.6883824154231,469.8899136632099,3680800
2025-03-13,468.3143310546875,470.7846800115913,461.9731523641078,466.3011232427205,2876600
2025-03-14,475.248779296875,476.02685712405514,465.1242697405698,467.8085863032311,3915900
2025-03-17,485.3343811035156,486.88077184055254,472.6228480103705,474.14006268371367,5152300
2025-03-18,489.9833068847656,492.0938078396457,484.1673269796837,488.46609215468897,3617600
2025-03-19,489.3997802734375,492.4633857651,486.3458803495074,491.189314815613,3317600
2025-03-20,497.2776184082031,500.2829014752684,489.7012800288283,491.39355114257984,4965400
2025-03-21,502.6754150390625,504.7664752417021,491.2379520834706,497.647218409738,10244900
2025-03-24,502.3350524902344,504.0370589604336,497.102593564377,500.9540124327154,3840900
2025-03-25,499.34918212890625,504.76643207822315,497.50129553912046,504.06620656181224,3015100
2025-03-26,503.9883728027344,508.60810401543176,498.78506097798896,501.0706478262939,3253800
2025-03-27,501.5763549804687,506.7894021415302,498.882362572101,502.1307298587656,2822200
2025-03-28,501.8876037597656,506.69212684606305,500.9247639651137,502.6948576665149,2379100
2025-03-31,509.38623046875,513.636379089105,504.3677688565061,504.94155494779847,5238700
2025-04-01,508.7734375,513.6849294573781,506.662966336937,511.3215792924124,2962500
2025-04-02,508.8512573242187,510.601880470722,502.62675351302096,508.60811357161367,2378900
2025-04-03,525.6184692382812,533.457421868868,514.7742335451168,515.4550479612328,6457900
2025-04-04,510.6505432128906,536.608574946874,510.44634043357325,525.813015106115,9919000
2025-04-07,510.3100891113281,514.6866763946822,489.7790164437099,499.3200040276032,7356700
2025-04-08,537.9118041992188,568.9661172056265,532.4459373812787,566.203978052891,11762300
2025-04-09,562.6346435546875,573.235734913276,539.2539616731368,544.7781806092327,12691900
2025-04-10,578.0985717773438,585.3734133794608,564.0934688072782,564.3268772965687,8646000
2025-04-11,583.029541015625,589.7305974060856,570.4444767629383,572.7688860349585,6121500
2025-04-14,570.9598999023438,579.2948751081956,563.4029728552765,578.6821480848512,4839300
2025-04-15,567.5851440429688,576.6008750975722,566.0484587223483,575.9978832682036,3871300
2025-04-16,568.9953002929688,578.4973777677357,566.9723868778486,569.2676498072763,4192100
2025-04-17,441.6560668945313,476.35756921469056,434.83833558807737,468.7325839495469,29120200
2025-04-21,413.6653442382813,441.06279720342945,413.1596158835179,437.42537591503486,13029900
2025-04-22,415.464599609375,419.6661309171119,405.6804970544488,412.9942803710208,10156900
2025-04-23,416.2232360839844,426.81459328670655,412.128703178325,415.35765966935224,8345700
2025-04-24,412.614990234375,418.1100336673088,412.0314392325066,415.8439467214948,7629100
2025-04-25,407.1588439941406,411.9438967460912,400.7203720603808,411.9438967460912,9263800
2025-04-28,408.48150634765625,412.4885106610223,404.1535356581477,408.23836259387787,6614300
2025-04-29,398.00689697265625,410.1835258700657,397.880457467707,409.6388862184649,9909100
2025-04-30,400.15625,401.9263435774606,390.00256488879376,397.8123407490922,9192800
2025-05-01,389.69134521484375,400.6911661281663,388.89382658875303,400.0395574970835,9316800
2025-05-02,388.9522399902344,390.9751831020287,382.32897637329097,388.9911216234702,11392900
2025-05-05,393.7080993652344,398.4640055550903,386.6861063928245,388.174145016033,8157200
2025-05-06,383.6905822753906,393.62056496138894,382.63047906074274,391.75320785554106,7858600
2025-05-07,380.335205078125,384.6728815863433,375.12221694170273,384.50756044534785,8517200
2025-05-08,374.9762878417969,380.1990406414182,374.8012314611975,379.30425856174224,7218300
2025-05-09,370.2009887695313,375.948881312378,368.1585751870771,375.093040182794,8381100
2025-05-12,368.3628234863281,376.5908006191672,366.5052014616579,370.551117487237,11004800
2025-05-13,302.8404235839844,332.6206668430802,300.6229536589226,326.53233753697964,59478300
2025-05-14,299.5628356933594,314.08337334160456,298.6874944475506,312.63424608725194,40029600
2025-05-15,266.8259582519531,269.06286888863497,242.05447171577904,267.36086263183637,121849200
2025-05-16,283.9043884277344,286.4136190151132,261.75886506665245,271.6304959582822,71094300
2025-05-19,307.2267761230469,307.6158002440611,289.0979612135309,296.41171560276786,62524700
2025-05-20,312.7606506347656,315.73675739521883,304.0074757692634,312.1187772635859,41487000
2025-05-21,294.6707763671875,301.4593306914765,291.84057963059877,292.7450672332499,45506900
2025-05-22,288.53387451171875,297.2870506099766,284.4782231933789,285.8301168597046,27159600
2025-05-23,287.4640197753906,291.4807595523835,283.6418068841188,287.9794833738524,16873600
2025-05-27,286.9096374511719,291.72389578235226,281.20062670231624,291.286225141105,20144600
2025-05-28,289.934326171875,295.4488396176992,285.23680186520824,285.93705706974725,16114200
2025-05-29,289.9927062988281,295.05981383416736,286.909630430989,288.6602535918736,16221100
2025-05-30,293.630126953125,297.2578424516742,287.7265894764023,289.7981790115771,16309300
2025-06-02,296.3630676269531,304.9508921779451,292.71591122386513,294.8069416255086,19074400
2025-06-03,292.95904541015625,297.3356329508348,291.78223795979574,294.78749117605224,12805700
2025-06-04,292.1421203613281,299.2030252561166,291.9670639624418,295.2154613134276,11255600
2025-06-05,287.72662353515625,294.1261845258954,286.044057871498,292.14212294571996,13529000
2025-06-06,294.9041748046875,296.0421005451642,289.0006377893169,289.07846040575265,12589000
2025-06-09,294.87506103515625,298.96959409125054,292.8812938571313,296.67433099226844,12170300
2025-06-10,295.45855712890625,296.75206877375786,292.3463053665362,295.4682626957328,11384100
2025-06-11,302.0429382324219,303.034954207036,293.9414002381442,294.37904125019236,14711400
2025-06-12,309.76513671875,310.0568973457607,300.04912199105723,302.85984830003895,15957200
2025-06-13,304.93145751953125,308.7147887514347,303.3558906704839,307.2364556639253,13762400
2025-06-16,301.3465576171875,306.84142127789545,298.53545725104294,306.5769726693795,14240100
2025-06-17,302.5317687988281,303.5896231896356,299.2505071418034,301.1409249219061,11593900
2025-06-18,300.8960266113281,305.39183261833136,299.9459305777348,301.23882042329126,12205600
2025-06-20,295.8125,303.2369386126421,295.40110561546254,303.1487890783835,16177900
2025-06-23,294.5097961425781,296.2630722650332,289.45567992719884,295.7047619519275,12274700
2025-06-24,299.348388671875,299.54429644245965,293.18745695033397,295.26397768801286,8781400
2025-06-25,295.8222961425781,298.13388258962783,293.64785113086737,298.13388258962783,8722100
2025-06-26,296.4100036621094,300.416070178047,295.10730942142266,296.361041656505,6532700
2025-06-27,302.76678466796875,304.07931302882895,295.99861006910453,296.73321942907944,15304400
2025-06-30,305.568115234375,305.9697052775834,300.0536427720555,302.6590609288233,10074100
2025-07-01,319.4473571777344,319.8489173410143,304.6963730853915,305.5681239117944,17865500
2025-07-02,301.24859619140625,315.8036714791403,300.14178000159325,314.1581238377501,18177200
2025-07-03,302.21826171875,305.84234631374744,301.9048511268879,303.48179811632787,6161100
2025-07-07,297.4776306152344,302.2770728969049,295.0191580571696,301.6796049103449,9031200
2025-07-08,301.3857421875,301.9734057561985,297.5657496429734,297.9869483889821,9613800
2025-07-09,296.6940612792969,297.3699043487183,292.6194240387759,296.96831427186396,12816700
2025-07-10,293.36383056640625,298.6725911963836,290.513542451005,296.84096983872723,11355600
2025-07-11,297.8596496582031,297.8792284825695,291.8848201796152,293.86335752867694,9808200
2025-07-14,294.4118347167969,297.8008541546737,292.86427078590026,295.45011013332083,10681400
2025-07-15,285.7238464355469,294.5097753594299,285.0578078062114,293.55967941501603,16019000
2025-07-16,286.4878845214844,289.9160619952561,284.78360014260807,286.5466508868708,9714000
2025-07-17,282.1585998535156,286.98742546992537,278.0055874318703,286.3311612083016,14792700
2025-07-18,276.84979248046875,282.15858294610433,275.04755432264164,281.98228386238213,14979700
2025-07-21,276.35028076171875,280.62079580199986,275.4295679060006,278.79897880536623,10319200
2025-07-22,279.2789001464844,281.21824977000534,276.21312556592324,276.83020222480064,14600300
2025-07-23,286.5074768066406,286.63481388812033,279.1026162792605,281.6002763389507,13111100
2025-07-24,272.8633117675781,283.2751808042554,272.51071359129213,277.2905770342848,22585200
2025-07-25,275.29241943359375,280.268190470294,274.1954075206833,275.23365307335445,16486600
2025-07-28,276.3306579589844,279.1515627440638,273.9505307558231,277.6823439927793,15779400
2025-07-29,255.7126312255859,267.3096608817093,255.20328293243065,260.2476245145736,41706000
2025-07-30,260.58062744140625,261.1585165219116,252.8231398378269,259.3660530345281,22371800
2025-07-31,244.43882751464844,256.0358576914587,242.6659725484868,256.0358576914587,29606900
2025-08-01,232.89076232910156,246.3292175001933,229.78581520843133,245.46727106317897,39989200
2025-08-04,236.03488159179688,237.27882429818783,232.0875818094452,233.35111828363995,17427900
2025-08-05,245.84927368164065,246.8973235760359,235.12397967151503,236.2112021569378,23795900
2025-08-06,240.7364044189453,247.9649659329272,240.27604798430235,245.49667408377073,12946400
2025-08-07,239.649169921875,243.64544678217413,234.58526433901793,241.36325849220185,11369900
2025-08-08,245.7415313720703,245.92763480795531,239.3553229206979,239.7667023836545,10185700
2025-08-11,247.1911468505859,253.09740489473216,246.9658708321959,248.66036556695397,11779500
2025-08-12,256.202392578125,257.4855079942102,248.46449759668172,248.807321309748,12171800
2025-08-13,266.23223876953125,266.6044456478773,257.4953010509511,258.9645198498962,19480300
2025-08-14,265.9188232421875,268.2304099132577,261.52097078927324,266.51632115340294,25011100
2025-08-15,297.7714538574219,303.93235593882815,288.6622801977547,295.5186339691615,68198500
2025-08-18,302.1595153808594,309.9071990946419,301.1114954009642,306.7532750155033,39600500
2025-08-19,297.9967346191406,304.12828381950413,293.0699555648354,302.5611111613304,22348600
2025-08-20,293.6870422363281,300.8960247530718,289.63201385736807,300.11242345161423,16679000
2025-08-21,297.1250305175781,300.27895483509263,291.688902854104,296.08678492466964,13359000
2025-08-22,301.11151123046875,304.30459312196416,298.32976397579193,299.81859150218236,14930000
2025-08-25,298.6040344238281,302.53175584228103,296.5177686977937,302.15954893891285,8917100
2025-08-26,294.2649230957031,302.6198793117593,288.16278693014766,298.0653070995863,16303200
2025-08-27,297.6441650390625,299.6912731242623,294.33352032730977,294.37270786764265,9982800
2025-08-28,296.08673095703125,298.22198811617227,293.2560221493115,298.0065015291094,11235000
2025-08-29,303.5111999511719,303.63853702350445,294.7350751216137,296.09653559896867,12065400
2025-09-02,302.4631652832031,306.46926151928125,300.9939464818443,301.9832300399858,10957100
2025-09-03,301.56207275390625,303.23697388228936,297.46785671059894,301.7873338483237,9654600
2025-09-04,304.0107727050781,305.5093747535815,297.859644244977,299.8186027340708,7725700
2025-09-05,308.91796875,311.4156288303906,301.87551069379737,304.0695346041431,14126700
2025-09-08,313.67822265625,315.04948759669907,307.360569681347,313.14929550374325,18438600
2025-09-09,340.7804260253906,344.49263077630627,320.4464276947933,325.6768431833187,46408900
2025-09-10,339.6637878417969,341.4170639383929,334.3941850863436,338.46882205007205,17804300
2025-09-11,346.3536376953125,353.5724247608727,338.74309480563056,341.8382527729995,18943500
2025-09-12,345.2762145996094,354.8750985874098,345.2272227059103,348.5966334695135,14016200
2025-09-15,342.9007873535156,346.6659803729041,337.6176415765004,346.2224520475393,11035900
2025-09-16,334.9070739746094,344.03428212907227,333.46802085787266,342.5163594805096,12695800
2025-09-17,336.7108154296875,338.08089530382506,332.84705061382357,332.84705061382357,8467700
2025-09-18,330.0182189941406,339.98321298133885,329.3282459435908,338.6032969601525,11255600
2025-09-19,331.86138916015625,336.07014046105763,329.05225619579915,331.67411162387157,13656800
2025-09-22,336.4052734375,337.5683734645221,327.83006153061575,329.6633721170834,8903700
2025-09-23,342.7036437988281,347.6418030501478,335.08449193073244,336.1095853053592,12504100
2025-09-24,346.7645568847656,349.41598098040356,342.8514909580368,345.1776609440596,9016300
2025-09-25,340.60418701171875,345.167791190768,338.67230455766355,343.89628316094525,8104900
2025-09-26,339.1453857421875,344.9509291272339,336.4052561352322,342.94017723266074,6774700
2025-09-29,340.2296447753906,340.5943336622334,336.5531572708152,339.04687244616383,6878900
2025-09-30,340.347900390625,344.31026718865274,337.4204931639848,338.82014160227453,7429700
2025-10-01,343.3049011230469,343.69918865313474,336.73057466965435,338.96800901131803,8825500
2025-10-02,348.6471862792969,349.98766763338205,339.7072549149169,342.3094082444923,8564200
2025-10-03,355.03424072265625,362.7223657917109,351.4956998686579,352.126535812741,13494800
2025-10-06,353.6247253417969,357.320945094395,351.9885284550572,355.85232340493496,7181700
2025-10-07,358.4446105957031,359.4894063067969,352.9249164118652,354.25556153974156,7236200
2025-10-08,364.6148376464844,369.25728116771097,360.55389900193904,361.6676980177549,9438300
2025-10-09,362.4168090820313,370.8244756450051,360.8298831118089,367.1775268328722,8759800
2025-10-10,349.4159851074219,364.1022927109047,347.45453405495846,364.1022927109047,13141900
2025-10-13,353.51629638671875,354.0091256578629,348.25288338048847,349.65250166578744,5659400
2025-10-14,354.7680969238281,357.13367157615096,348.33174739200996,349.85953628823887,5974800
2025-10-15,355.9706115722656,358.9965908141391,350.74663281586726,354.2358728214149,6579600
2025-10-16,351.55487060546875,356.80841777567787,349.3174063036312,356.6507087880658,5872100
2025-10-17,351.4858703613281,353.25020771577965,345.7986008654478,345.96617606622607,8608400
2025-10-20,359.25286865234375,360.32723295053415,352.38282679114036,353.3980539778645,5996500
2025-10-21,360.13006591796875,365.7285993609971,356.31557207534235,359.90338369863593,6885300
2025-10-22,356.30572509765625,358.7797378606746,352.86578613769643,358.7403030934788,7833000
2025-10-23,355.2806701660156,357.0844122488871,348.5683372085778,350.480487303901,5756700
2025-10-24,357.3012390136719,360.1793753327506,354.86666109223046,356.1874399937535,5462100
2025-10-27,360.7313537597656,360.96790220376914,356.21702042060434,358.28690954537745,7766400
2025-10-28,362.5646667480469,375.535937924803,353.4867591906658,375.2205199441119,18858700
2025-10-29,350.16510009765625,360.8989071077951,348.8048863538012,359.0557302531188,11874900
2025-10-30,339.8058166503906,349.4554231728605,338.672315228671,342.53608025852225,11441900
2025-10-31,336.66156005859375,341.3138700064757,332.28523332457286,339.4509908328923,8390800
2025-11-03,329.00299072265625,335.8138952211129,321.9161030209008,334.2664040083706,11181400
2025-11-04,326.0854187011719,331.67411615203054,322.5075032799426,322.93132925525197,9646600
2025-11-05,323.03973388671875,325.47431178630677,319.57022650848404,321.62038312291526,9697100
2025-11-06,316.9483947753906,327.6033624322363,316.8399867616725,324.2028581195771,7922100
2025-11-07,319.56036376953125,319.89548408130514,309.6545069494294,315.0756292067795,9402900
2025-11-10,316.96807861328125,319.59980030430273,312.62135066774687,315.4008850525274,9283800
2025-11-11,322.7539367675781,323.15803034349403,315.2924935726814,318.6634293087683,7157800
2025-11-12,334.1974182128906,338.24849089079754,322.3892168012775,323.7395944138563,10403300
2025-11-13,327.7511901855469,334.16783736255434,326.5388493463283,333.49759672689856,7788700
2025-11-14,317.24407958984375,323.5030180518564,315.8937320481324,322.2611086035218,8676500
2025-11-17,315.92327880859375,323.1777416351322,314.84891456062456,316.00214834013826,6485400
2025-11-18,309.08282470703125,312.9466198311324,304.3418090303134,312.4636567205878,9182100
2025-11-19,304.6572265625,310.48247275618195,300.1626255537561,309.4278107882751,8181100
2025-11-20,307.07208251953125,310.2360381398207,305.55415988354065,306.35254092716593,7337600
2025-11-21,315.3811950683594,319.1956891781539,306.973528103697,307.43678886596666,8406300
2025-11-24,314.474365234375,321.1768617822795,313.0648806513575,319.8757852072264,10773800
2025-11-25,321.6007080078125,323.29604211478176,316.29785957741166,316.51470568690473,6149100
2025-11-26,324.9814758300781,330.38289557487406,321.21628298657316,321.9062259315491,5504200
2025-11-28,325.0406188964844,327.2977854656617,324.17326461374836,326.9133942612545,2464500
2025-12-01,318.5747375488281,325.3265056077641,318.39732620337566,322.4681014157819,6154600
2025-12-02,319.8856506347656,323.9859940225137,318.1705842155217,318.7324168369967,7978100
2025-12-03,334.8381042480469,336.513736048462,320.34893959235154,321.32473206722796,9770000
2025-12-04,328.707275390625,336.36586192887205,324.00569471881727,334.53252129967103,8061600
2025-12-05,326.1642761230469,330.8954251562194,323.7987016064606,330.1956160043765,5906000
2025-12-08,321.12347412109375,326.5612103323999,320.33955998612566,326.1643021326461,4782800
2025-12-09,321.1036376953125,323.8423254573514,319.99228262872805,320.66702959313227,4628400
2025-12-10,325.83685302734375,326.1940916288756,317.1345182714553,320.2602121946151,5910500
2025-12-11,334.1323547363281,336.6329036496296,326.22383696767264,327.8214023139655,7513200
2025-12-12,339.20294189453125,342.31873354487146,334.7674235801795,334.89642556702444,7979000
2025-12-15,338.4686584472656,342.29886671519796,334.4002810193819,338.35949127350534,6447200
2025-12-16,331.62188720703125,338.3594851881083,328.4763282693324,337.7939053635172,6334000
2025-12-17,329.07171630859375,332.93169199085276,327.9305937934756,331.0364226425074,4685600
2025-12-18,325.608642578125,327.6328835933034,322.0661753783285,326.39252647422813,6354900
2025-12-19,324.8941955566406,332.01879957848786,323.55460381206,325.5292426546717,10553000
2025-12-22,322.651611328125,327.2558010793172,319.1686789443709,320.409036028938,7872400
