Date,close,high,low,open,volume
2019-08-19,145.26922607421875,146.5776513614746,144.8388242289866,145.43278087697846,2630100
2019-08-20,144.23622131347656,145.32084204670542,144.15014885095903,145.21753670293916,2362000
2019-08-21,145.0712432861328,145.9320469670022,144.4342438337536,145.05402353476532,1724100
2019-08-22,142.95362854003906,146.4140487896363,142.85032319920884,145.54464207445608,4017700
2019-08-23,137.71133422851562,142.4285466592462,136.91079331324582,142.1272601934974,3590000
2019-08-26,136.96249389648438,139.81175238857932,136.25662847188784,138.98538809153675,3297700
2019-08-27,135.55075073242188,138.33975926465664,135.38719593865824,138.33975926465664,3994900
2019-08-28,136.35130310058594,137.4961736168625,134.8104702312046,135.55076195094648,5841100
2019-08-29,140.07554626464844,140.98496167885708,137.0268577284396,138.0921661312697,4395000
2019-08-30,140.27476501464844,142.11090853507358,139.8417113001519,140.6645107145452,2987200
2019-09-03,137.99688720703125,140.39600829381254,137.45123534137986,139.4865929229767,2682400
2019-09-04,138.64646911621094,139.356670286093,137.38194654344585,138.7850494669317,3890400
2019-09-05,143.8864288330078,144.34546470490028,140.39601701388193,140.6991466791551,3802900
2019-09-06,142.56130981445312,144.82185107709586,142.16289452149678,144.12896238520582,2055600
2019-09-09,143.8777313232422,144.17221783053685,142.05024450749866,143.01162407816463,3297600
2019-09-10,145.13363647460938,145.27220362715903,142.77782307649795,143.21087681562503,3006700
2019-09-11,144.8997344970703,145.49735056842906,143.53128356073722,145.37609609132343,2617900
2019-09-12,145.2548828125,146.0083920471047,143.90374412128557,145.2548828125,2357500
2019-09-13,148.494140625,149.15239083801785,146.38950556791036,146.65799680079806,3160000
2019-09-16,146.32882690429688,148.0090771947388,144.63992029845272,146.20757240992214,2652500
2019-09-17,144.55331420898438,146.96109163103472,144.06829619817563,146.27687262630442,3135800
2019-09-18,145.39344787597656,145.56667993199264,142.95968814850522,143.9210679100927,1610000
2019-09-19,144.7351837158203,145.58396512416232,144.20685776235536,145.39342047106032,2463500
2019-09-20,144.10299682617188,145.99977471775537,143.43609022697606,145.69663175018798,3620400
2019-09-23,143.81710815429688,144.80446986765858,143.20216620619775,143.77380014965652,2116800
2019-09-24,142.97703552246094,146.67531845057428,142.11958429279346,144.7179069352075,3738800
2019-09-25,141.69515991210938,143.47933883994392,141.65185190385398,143.1588701514528,4675000
2019-09-26,141.80776977539062,143.41873016882852,141.69518479305555,141.92036797347663,4211400
2019-09-27,140.90701293945312,142.74315637129493,140.18814222218015,142.32742852584488,3212600
2019-09-30,140.29200744628906,142.82970781557322,140.18807883585555,142.05887311812222,3296600
2019-10-01,135.0694580078125,141.34008088098773,134.68836860450472,141.06292014558161,6011600
2019-10-02,131.66566467285156,133.99549594153487,130.2105972136742,133.81360755323087,5432000
2019-10-03,133.09471130371094,133.16400147573452,129.12793816166584,132.03805930791185,3277800
2019-10-04,135.38990783691406,135.46785432694588,132.89551442990046,133.3805324333199,3538000
2019-10-07,135.03482055664062,135.9009280377827,134.1340613754321,134.63640530038467,3249600
2019-10-08,131.1893310546875,134.08212752766386,131.0247684813333,133.6837253965736,4147700
2019-10-09,132.71365356445312,133.8569218514301,132.064072914785,132.46248819484572,3682600
2019-10-10,134.91355895996094,135.06945195482726,132.13334827642205,132.41050899940754,3383500
2019-10-11,139.7810821533203,140.5172787791068,136.32530863735647,136.75836236646595,4844700
2019-10-14,138.18746948242188,139.21813963541766,137.5898531271048,139.02759490717878,2339200
2019-10-15,141.29676818847656,141.74714776073242,138.1441376141872,138.93229856169725,3840200
2019-10-16,141.44400024414062,142.82977739850676,140.74245535045227,141.1235447286905,3743700
2019-10-17,141.7644500732422,143.8690978856376,138.23939989743369,140.4046683544352,6315900
2019-10-18,139.87635803222656,141.98099286524987,138.45594229353244,141.3314122551931,5176700
2019-10-21,144.70059204101562,144.98639589735808,140.09289361682696,140.48263936395517,3144300
2019-10-22,147.90516662597656,148.05240330030404,143.54864739562402,144.66592014352096,4146500
2019-10-23,147.2642364501953,148.10436166426427,145.8351645625418,147.18628995794143,3150700
2019-10-24,147.57603454589844,148.92715993132722,147.04770852049364,147.98310606788655,1909100
2019-10-25,149.2562713623047,149.55940098535223,146.7185701220722,147.57602109966072,1868400
2019-10-28,147.88784790039062,149.8885540063677,147.73195490209417,149.72399147544303,2185200
2019-10-29,147.40283203125,147.7319570979915,146.45877806330859,146.99576046420165,2112300
2019-10-30,145.46275329589844,146.93513341604896,144.08564553023862,146.56271353124546,2891600
2019-10-31,143.30612182617188,145.4627205774967,141.72114385746698,144.94306411913777,3909500
2019-11-01,149.4295196533203,149.44684550300443,144.37145523714608,144.813165285958,3548300
2019-11-04,152.98057556152344,153.0411962157621,149.9491992400396,150.05312791344986,3683200
2019-11-05,153.96792602539062,155.4489623730975,152.82465784086165,152.9805640550024,5011400
2019-11-06,152.7293701171875,154.15845520398557,151.8112984215322,153.8986203504087,2855900
2019-11-07,153.30966186523438,155.89932767709604,153.0151885291798,153.8899522212536,2628100
2019-11-08,152.5215301513672,153.01520453512828,151.6987174855135,152.79002135148738,1441800
2019-11-11,153.12782287597656,153.39631411141184,151.0751389234739,151.49088007745712,1252100
2019-11-12,151.97586059570312,153.1537671422979,151.49084258517874,152.77267778667172,1775500
2019-11-13,152.03651428222656,152.7813673076298,150.40824106669,150.97120569074082,2273200
2019-11-14,151.36961364746094,152.60814104667216,150.78065366681892,152.0365069166892,2152000
2019-11-15,152.6687774658203,153.38764829903164,151.36961617548099,151.7247102175355,2160300
2019-11-18,152.6514129638672,152.8419576287983,151.19635903066458,152.2789931651601,2930100
2019-11-19,153.44825744628906,153.5521861126817,151.94989523754055,152.49554716760403,3594000
2019-11-20,150.78065490722656,153.9159731147203,150.5121636906854,153.00655757603909,2915100
2019-11-21,150.84988403320312,151.42151793650095,149.23026785627255,150.5640670815542,1704400
2019-11-22,152.3829345703125,152.42624258246775,150.52946530551637,151.29163081329946,1935000
2019-11-25,155.81272888183594,155.89068859826452,152.14909797673644,152.5908080296594,2655900
2019-11-26,154.24510192871094,155.85606262066813,154.21911975753045,155.25844625201015,2946700
2019-11-27,154.30601501464844,154.83723439521694,153.20873478927328,154.55855583381208,2113500
2019-11-29,153.2610321044922,154.13188287624493,152.78206152240253,153.74870641057322,975600
2019-12-02,150.65716552734375,153.76610878964811,150.47428104033253,153.14779896874282,2099700
2019-12-03,146.3029022216797,148.97641996795954,145.56267388923635,148.82836367097028,3921600
2019-12-04,149.31605529785156,150.56136532404793,147.1302117058374,147.32179990804087,3623000
2019-12-05,148.47132873535156,149.69051430245364,147.4872632709667,149.4466771890332,2647600
2019-12-06,149.78631591796875,151.6412321056651,149.60343142966525,150.0562775007904,2123900
2019-12-09,149.22897338867188,150.29141228368817,148.49746200499317,149.16800746263522,2078900
2019-12-10,149.6557159423828,150.22176364957903,148.15785149685556,148.7674444018658,1811600
2019-12-11,151.9198760986328,152.12016800486492,149.7949986262143,150.4655572717521,2015800
2019-12-12,152.59043884277344,153.54837979070072,150.8051925060682,151.60637344064136,3377700
2019-12-13,154.16671752929688,154.60214293344404,151.6673799616933,153.12169921696943,2842400
2019-12-16,156.8314971923828,157.48463520829793,155.02884317828315,155.2639632965612,3625600
2019-12-17,154.4801788330078,157.32786385771357,154.2015135662915,156.52668294473247,3516500
2019-12-18,155.20298767089844,156.14350786908963,153.73995182211493,154.79368684516362,3786000
2019-12-19,154.5498504638672,156.05641821703796,154.16667409008386,154.88077792997552,2479200
2019-12-20,157.1014404296875,157.2407797126247,153.89671665088474,155.71679118682843,6140100
2019-12-23,156.24803161621094,157.3452987188166,155.88227591534238,157.10146158490423,1888100
2019-12-24,156.65733337402344,157.17113210273533,156.19578356170567,156.54411852975133,666000
2019-12-26,157.45846557617188,157.55425965588137,156.3176536284373,157.06658553667788,1171700
2019-12-27,157.98104858398438,158.13779535143564,157.3279104766798,157.6239965628403,1363000
2019-12-30,156.8837432861328,157.95489918042114,156.4047860469103,157.75459395835807,1493000
2019-12-31,157.4410858154297,157.85038669086566,156.35252248461626,156.718291457321,1588800
2020-01-02,158.72998046875,158.8257745891394,156.7270209530534,157.5804510240771,2444800
2020-01-03,157.60653686523438,157.78942133684683,155.2639466400289,156.3525098831076,2344200
2020-01-06,156.2567138671875,156.8227747195119,154.95915500177344,156.49184724547996,3142500
2020-01-07,155.07235717773438,156.38733666821162,154.67176009511007,156.0825336735111,4096400
2020-01-08,156.7705535888672,157.6675287860338,154.55858527280617,154.9156372645674,2817500
2020-01-09,155.96937561035156,157.47594369654632,155.50782577303104,157.1972650765116,3311100
2020-01-10,154.9591522216797,156.69213634788656,154.85465440570243,155.969342069877,2944300
2020-01-13,156.66604614257812,156.74443280982226,154.697928212048,155.00273129278136,2035200
2020-01-14,157.4497833251953,159.13051852149937,156.88372249040705,157.18852550053342,2805900
2020-01-15,157.4497833251953,158.86055697499458,157.30174032511607,158.1725908819057,3450700
2020-01-16,160.1494598388672,160.38459327999794,157.54562440193845,158.11167211741108,3227400
2020-01-17,161.38604736328125,161.67341638160713,159.3656674954212,159.95783955371562,4008600
2020-01-21,158.89544677734375,160.6981010684718,157.72849657726434,160.37589051663764,3440900
2020-01-22,157.5630340576172,159.72275368023557,157.1363256559589,159.60083509574332,2993900
2020-01-23,163.01455688476562,163.44126525536626,157.56302258951345,159.80111543466558,4950500
2020-01-24,161.69955444335938,164.55595701470455,160.69808143598587,162.1001516191852,2734000
2020-01-27,155.42074584960938,160.20172160256425,155.2727028057934,158.5209726215877,4183900
2020-01-28,156.43963623046875,158.21616600490387,156.27417245337298,156.9882764833382,3264500
2020-01-29,158.30323791503906,160.47166092439713,157.13630117553603,158.14649116859553,2270800
2020-01-30,159.4266815185547,159.80114102931267,155.89101568307018,156.46578046938407,2994400
2020-01-31,156.24801635742188,158.90411340114443,155.4468353830758,158.2248509818483,3653700
2020-02-03,157.00564575195312,158.5383512823324,156.2305892646592,157.5107406846349,2493100
2020-02-04,159.57464599609375,161.12475878022798,159.10437929773357,159.10437929773357,1857900
2020-02-05,161.1857452392578,161.84760024431029,160.55873170190625,161.84760024431029,2133500
2020-02-06,162.073974609375,163.4324991586901,160.96799083884363,162.68356725482113,2932400
2020-02-07,160.0884552001953,161.67339626166046,159.56593956474,160.898339818214,2221400
2020-02-10,160.81997680664062,160.95061236797196,158.1290516735957,158.48610360452574,1782800
2020-02-11,159.62696838378906,161.69958443475804,159.45280086604552,161.6908807097163,1521700
2020-02-12,160.9854278564453,161.9433687448716,159.96653434136886,160.95059968237726,2612200
2020-02-13,160.79383850097656,161.58631565849498,159.63560572186293,160.2016665292865,1861500
2020-02-14,160.2365264892578,161.56892697799333,159.06087274596084,160.72420074812482,2134800
2020-02-18,158.58189392089844,160.66322624916202,158.19871754446078,159.76625122619436,3164400
2020-02-19,159.80108642578125,161.54278764023118,159.08698254955644,159.3482403893491,2807200
2020-02-20,159.7139892578125,160.68935093235174,158.19871777007995,159.6530366277242,2190900
2020-02-21,158.25099182128906,159.2176366393079,157.43239002914893,158.59932678945933,2890700
2020-02-24,153.96640014648438,154.84595453393385,151.87635057873703,153.43518070959618,6785100
2020-02-25,148.81968688964844,155.11593420797476,148.05333396326736,154.53246578925393,7631700
2020-02-26,144.34347534179688,150.5003949669534,144.1605908837293,147.7223796502632,4921400
2020-02-27,139.82345581054688,144.6588529855551,136.93274216902122,140.55928670869005,7914700
2020-02-28,139.9899444580078,140.13885901023968,133.84057944198952,135.78525031571877,7045800
2020-03-02,140.4541778564453,141.8820249373132,136.05678203589264,140.67317215148142,7064800
2020-03-03,137.8262176513672,146.8312601211054,136.959008977848,140.76950089917236,5654000
2020-03-04,142.05718994140625,142.7667291800597,138.5970834292273,140.02493023108696,4415000
2020-03-05,135.7414093017578,139.98113500810567,134.65519294985216,138.08902137563092,4901900
2020-03-06,136.73121643066406,137.4670337397276,130.41543114501718,130.97605576616257,4643300
2020-03-09,118.99272918701172,127.52475117739212,116.66262683177814,127.1918755934016,9400200
2020-03-10,128.61093139648438,128.7686008183749,121.90970027286316,124.23980197178544,8090300
2020-03-11,124.00330352783205,125.64137626102902,121.68196979542194,124.40625883405052,7074800
2020-03-12,115.67276000976562,124.5463975076898,109.49711978085584,114.00839576928804,8805200
2020-03-13,126.0093002319336,126.00930023193358,118.09046045088704,122.2425963559722,7886400
2020-03-16,109.584716796875,119.01898575314422,107.13198530898693,112.1688528490963,7102700
2020-03-17,112.67694854736328,116.25093703325132,105.45013015441108,111.53817554406766,8021700
2020-03-18,100.80743408203124,108.01672100068518,92.04766414128834,105.7917386337556,10869900
2020-03-19,106.56259155273438,108.34082359595176,97.82910076329088,100.10663937373272,8514300
2020-03-20,103.22512817382812,110.1541095659817,99.38835125651836,108.70874615551884,6668100
2020-03-23,99.89641571044922,104.53908969962306,96.0158374174776,96.69909839331714,6011000
2020-03-24,112.88715362548828,113.97336993577812,104.06607203652813,106.3085710559085,7018900
2020-03-25,116.42610168457033,123.59158684602362,111.24907461089572,111.58194345182038,6923200
2020-03-26,124.8179702758789,125.60634424660802,117.39844385405488,120.03512986992308,6068600
2020-03-27,121.80460357666016,125.80781148504796,117.5210766146037,118.7999955395095,4962400
2020-03-30,122.81198120117188,125.53627039381097,119.41319929576126,120.48187901246337,3309200
2020-03-31,123.54778289794922,126.76263006035948,120.47310862152752,120.63954638030788,4247100
2020-04-01,119.56207275390624,120.85851461580036,116.0669206705102,117.40716404366212,5125600
2020-04-02,124.21353912353516,124.7128390543928,118.08170022965746,118.49341048183994,6009000
2020-04-03,121.38412475585938,124.87050905537836,119.64968087999172,123.39886092127976,4088000
2020-04-06,129.51319885253906,130.77459444691485,127.6386086932272,127.6999201299122,4865900
2020-04-07,127.68241119384766,134.47123339503065,127.24442266473908,133.437586882182,4729000
2020-04-08,131.0636749267578,132.08856641642433,127.37581922885715,129.22413124005445,3625600
2020-04-09,130.28408813476562,134.19095241556334,128.81245282161598,132.50030943115158,4535900
2020-04-13,128.68101501464844,130.59065181121747,126.75386830197787,129.50443552725676,2525000
2020-04-14,130.49429321289062,132.56159944304602,129.47815669700873,130.59940617441353,2235900
2020-04-15,128.47079467773438,129.1365324099444,125.81658534097706,127.24441881353856,3457000
2020-04-16,126.13191986083984,128.78612882416166,123.74926160052468,128.40069684582437,5015300
2020-04-17,131.30020141601562,132.1411452775458,129.30297478202428,130.16142856104003,5081400
2020-04-20,128.42703247070312,130.67828718090252,126.6312763326696,129.04021390735164,4289200
2020-04-21,126.49987030029295,127.72623303026596,123.70550090162098,124.83550560521388,4049200
2020-04-22,128.8562469482422,129.95997336965394,126.90280823696588,128.3569335459018,3970600
2020-04-23,133.40252685546875,138.6321104347107,133.1484994154087,137.45830450305098,6233300
2020-04-24,136.73121643066406,138.46566013018642,134.40988324147116,137.07284685032536,4800200
2020-04-27,139.2452850341797,141.23374284672974,138.42186466202253,140.05993708343354,4633800
2020-04-28,141.34764099121094,142.3112209814176,139.2803348574155,141.48780051094053,3173000
2020-04-29,142.8280487060547,145.61364907575972,142.59153117979832,144.67636066131072,2778600
2020-04-30,139.9723663330078,141.7768902759375,138.60584427953307,140.62934911766675,3757000
2020-05-01,137.21302795410156,138.14156137599466,135.5486771072759,138.14156137599466,3089000
2020-05-04,135.61878967285156,135.95165190292744,133.49015823381728,135.89909541219706,2416100
2020-05-05,136.98529052734375,139.43801548780317,136.54730201778335,137.15172829959246,2269500
2020-05-06,135.16323852539062,137.6422547596925,134.80408478798347,137.16046479077397,2095200
2020-05-07,136.8451385498047,138.36934345909194,136.249467193422,137.14296754482135,2411500
2020-05-08,138.63214111328125,139.5957213398777,138.29927888019856,139.00881824416925,2309300
2020-05-11,137.39700317382812,138.36056989173014,136.4772246145612,137.24807531561308,2857400
2020-05-12,134.89169311523438,137.68604831186585,134.89169311523438,136.93272097899737,2683500
2020-05-13,133.79673767089844,134.85666240231637,131.86957749314064,133.97193040532673,3499700
2020-05-14,133.53392028808594,133.74414618885805,128.8124053489426,132.1060736690573,3930400
2020-05-15,132.4827880859375,133.91939006761146,131.18633228889357,132.2637937999119,5127700
2020-05-18,139.38548278808594,140.90968787331093,136.50352378463415,137.9313708466607,5423000
2020-05-19,139.5081024169922,142.7054267207739,139.0613589261859,139.3854661626719,3136400
2020-05-20,145.43846130371094,147.777318306844,143.79162025444265,144.53620605642416,4294300
2020-05-21,143.3011016845703,145.39468658113495,142.79303332324133,144.75522699116522,2277100
2020-05-22,144.67636108398438,144.91286524458377,142.0484301465408,143.37990553107502,1773900
2020-05-26,148.82850646972656,149.8008416018853,147.40942782087055,149.1964286203596,4150500
2020-05-27,152.2798309326172,152.4900702140935,149.87966262591374,150.54540030106733,3174400
2020-05-28,150.200927734375,152.95812468679594,149.16148136564613,152.42958397776013,4065700
2020-05-29,149.62835693359375,151.02016829049526,148.3070185690941,149.91905298674556,3677000
2020-06-01,149.3112335205078,150.1657000619803,147.79609780416587,149.18790914551946,2929800
2020-06-02,150.5797576904297,152.83484021386226,149.31127041066085,150.41238597416128,3000000
2020-06-03,156.84288024902344,157.54759679322495,152.41199295516216,152.95814189227704,3897900
2020-06-04,155.4158172607422,156.52575012709437,154.38517491437898,155.3717834001753,2933300
2020-06-05,162.81532287597656,165.45799973465233,160.7011733242262,161.30018706836114,5608600
2020-06-08,160.0229034423828,163.8371688334868,158.43729456458493,162.0489584839384,3436600
2020-06-09,156.9397430419922,158.93055439071568,155.91790495871237,156.8516484536123,3569700
2020-06-10,154.534912109375,157.46828474672756,154.11208761718447,156.666683060592,3321200
2020-06-11,143.84091186523438,149.87503008878986,143.77045230270932,149.75170569234433,6234700
2020-06-12,146.38665771484375,148.48318542874048,143.1097511333567,148.17488122698092,3373000
2020-06-15,147.9282684326172,148.99415425278627,142.18485911291162,142.45793363242078,2948600
2020-06-16,150.60614013671875,153.69806691218415,148.3070109627527,152.64980304616176,3554000
2020-06-17,150.78231811523438,152.87884587824718,150.34187200981813,151.68963601708396,3463800
2020-06-18,150.50045776367188,151.41657985932636,149.50504514404676,149.77811961175098,2714800
2020-06-19,147.85775756835938,152.8612186914277,146.93281809247338,152.8612186914277,7119600
2020-06-22,148.16610717773438,148.73869533418,146.1400518575269,147.16189032390662,2647600
2020-06-23,149.18788146972656,150.86157102570422,149.08217872258794,150.07757762128472,2881400
2020-06-24,145.8317413330078,148.82677015394296,145.37367351569782,147.7344721667403,3206300
2020-06-25,147.12661743164062,147.32041478887265,143.39162970476232,145.4793398951685,3441100
2020-06-26,143.26834106445312,148.11324932079592,142.81909077411515,147.14426229298675,8491200
2020-06-29,145.79644775390625,146.17523834932106,142.8806970310873,144.32535954854896,2658700
2020-06-30,148.93243408203125,149.93665054028682,144.78342636894962,144.97722370662586,4068600
2020-07-01,147.00332641601562,150.39475405435638,146.4307382974261,149.30245609268923,2914100
2020-07-02,148.9412384033203,150.35947522694815,147.89297465002844,149.02931954882118,2271400
2020-07-06,151.65440368652344,151.83057943745058,149.84857199648667,150.70303850189896,2498100
2020-07-07,149.557861328125,151.68961862090202,149.0909895852338,150.1040101349758,2380800
2020-07-08,148.90603637695312,151.76013241924275,148.68581329027074,149.39052985592443,3362600
2020-07-09,146.21932983398438,149.30245313950184,145.1005927566898,149.30245313950184,2977500
2020-07-10,146.5716552734375,147.33802720007813,145.05651958670418,146.2281078468729,2300300
2020-07-13,149.02052307128906,150.59732754343867,146.85353591426053,148.19248230151405,2975900
2020-07-14,151.41661071777344,152.03323277718337,147.99874352939727,148.21896665356886,3015300
2020-07-15,153.61880493164062,154.5789742956676,152.76433834050482,153.95354830092876,2493000
2020-07-16,155.8033905029297,157.13354625388695,153.24880864063755,153.4690316784678,3319700
2020-07-17,159.66172790527344,160.78046487955314,155.821036974974,156.65788196400064,6132900
2020-07-20,156.26148986816406,159.4767414958589,155.29250292870384,158.798464079587,2885700
2020-07-21,157.38018798828125,158.91293166101514,156.64904592220893,156.64904592220893,2230700
2020-07-22,158.01443481445312,158.9922256178539,156.0676572900796,156.21740733943955,2951300
2020-07-23,154.15614318847656,158.13777990755094,152.2534127094836,157.47711072245747,4010600
2020-07-24,155.1427459716797,155.97960440111228,153.9095021409627,154.71992143562667,2720300
2020-07-27,155.75936889648438,157.89112645734917,154.20898998578377,154.6582536207475,2738200
2020-07-28,153.63648986816406,156.1646474651199,153.35459776912873,155.35422784242596,1965800
2020-07-29,156.78118896484375,157.13355390734324,153.5306946175325,153.66283651147538,2736700
2020-07-30,152.21817016601562,155.4069955306954,151.83937954216617,154.92250214732886,2775500
2020-07-31,152.7026824951172,153.00218264513975,147.61112617933557,151.87464159923755,5089500
2020-08-03,151.5663299560547,153.6628579723505,151.21397840569324,153.15193881538136,1982800
2020-08-04,152.9933319091797,153.0109535145763,151.0289463098762,151.40773689849692,1719600
2020-08-05,156.3319549560547,156.79002270801362,153.52190641517797,153.68927810001006,3040300
2020-08-06,158.21705627441406,159.0627187417354,156.09410274324233,156.56097455664042,1971400
2020-08-07,161.14163208007812,161.16807121677593,157.81186005282956,158.27873192576357,2192500
2020-08-10,164.59475708007812,164.96473029031893,161.59971473219488,161.86398515132456,3368600
2020-08-11,167.6778106689453,170.79616267823664,166.18910092209052,167.07879707267438,4215200
2020-08-12,168.9815673828125,170.45265587481668,168.04782371830024,169.00799307585723,2869900
2020-08-13,167.12290954589844,168.84945114694293,166.56794302488694,167.36955834604765,2248800
2020-08-14,169.06085205078125,170.56718382869454,166.6207765664416,167.008371336962,2502700
2020-08-17,170.77857971191406,171.8532693542826,169.4484372259953,170.0122077399141,3563000
2020-08-18,167.98617553710938,171.23667059622923,167.8980943632072,170.89312310290322,1688500
2020-08-19,168.20640563964844,169.28989955736526,168.01260823110047,168.80541947734707,1702000
2020-08-20,167.299072265625,168.0302145236967,165.67823357949877,166.7705449243319,2082300
2020-08-21,168.7525634765625,168.9463474384696,166.2772445424623,167.77477237515924,2059300
2020-08-24,169.62461853027344,170.065064678697,168.33852330403244,169.1753682977673,2045100
2020-08-25,171.68588256835938,171.8532542351861,169.81839542555184,170.6288146279277,2062000
2020-08-26,171.1750030517578,172.0735035455167,169.4044008759826,170.6728879746424,1513300
2020-08-27,171.2806854248047,172.47869938178027,171.13973944366674,171.844455908008,1536000
2020-08-28,172.7502899169922,173.20179248813645,170.73178717380583,171.32494237819722,1849500
2020-08-31,170.36880493164062,173.68871248926072,170.01467335358475,172.63519299624446,2061600
2020-09-01,173.34347534179688,173.42314989611174,169.17366471902017,170.1917780006491,1888100
2020-09-02,173.76840209960938,174.90159623019406,172.12172726786292,173.6001912740361,3394400
2020-09-03,168.6956024169922,175.255744173338,167.58896636533092,175.06982337281295,4180800
2020-09-04,169.2178955078125,171.85611151307918,167.03118205273364,169.97041326686352,3624500
2020-09-08,167.02235412597656,169.50122135902345,166.88070148209053,168.7841099151278,2692700
2020-09-09,170.7406768798828,172.59096925921804,168.32378733864016,168.37690371182808,2750700
2020-09-10,170.9354248046875,172.3165043719325,170.014696087364,171.56398648808582,2084700
2020-09-11,173.4674072265625,174.6979859096516,171.6348115391168,171.75875422990492,1912900
2020-09-14,176.03477478027344,176.92894519312912,173.43196509832725,174.6094272643857,1663600
2020-09-15,179.15994262695312,179.5849005893282,176.63682058046163,176.63682058046163,2328200
2020-09-16,178.3189239501953,182.17887144462415,178.04448034192333,180.37284716225025,2994700
2020-09-17,178.52247619628906,180.000953465935,174.24644748825784,175.85770213746403,2611300
2020-09-18,176.88470458984375,181.07221151776025,176.78732007948568,178.13299326568628,4164700
2020-09-21,171.74990844726562,174.3261603160723,168.85494486779484,173.52052606012404,2980600
2020-09-22,174.68910217285156,175.2822573230954,171.9446400663623,172.05087277723064,1864500
2020-09-23,172.033203125,177.78771001139992,171.42233792489154,175.37966912593032,2199000
2020-09-24,173.22836303710938,175.5478676600089,170.81147391049134,172.015494361584,1704900
2020-09-25,175.42391967773438,176.6456500495448,172.334200851546,172.66176075928217,1712100
2020-09-28,176.57479858398438,179.0093972479892,176.2915068548981,178.46935845853318,2070900
2020-09-29,174.61830139160156,177.3981703052134,174.09595896641275,176.6987688331125,2294800
2020-09-30,174.29074096679688,179.0094385414879,173.80383192866665,175.406238712126,3606200
2020-10-01,171.95347595214844,175.29109296941635,170.06777792584245,175.29109296941635,3147100
2020-10-02,173.83035278320312,175.81343544461672,168.97885182370206,169.12050444487087,3231400
2020-10-05,178.23037719726562,179.05370791137716,174.80422289578672,175.4682045073246,3376200
2020-10-06,176.5394287109375,180.60299280699732,176.4331824704019,178.83237523045813,3403800
2020-10-07,181.15185546875,182.00175773455692,177.94704241081416,178.0178687253596,2214500
2020-10-08,180.4082489013672,181.9309813098178,178.4428620371749,181.39094233346333,1720300
2020-10-09,182.1788787841797,182.79859236149332,181.08995253341843,181.16962709862815,1724600
2020-10-12,182.68344116210935,184.87015455840705,181.89551702193953,184.7461983818473,2035500
2020-10-13,179.7176971435547,183.13498985619063,179.4963699303237,181.94867923537043,1882400
2020-10-14,181.3200836181641,181.815854358658,180.10721494883143,180.25771581585713,2053100
2020-10-15,184.86129760742188,185.41018464929536,178.04442368343356,178.97400047050877,2588200
2020-10-16,185.78204345703125,186.75587496035996,183.98486780554703,185.3570855379075,3329500
2020-10-19,182.07260131835935,186.49028334864153,181.63879516639972,184.48949043072992,2110300
2020-10-20,183.0641326904297,185.99450233859932,182.3824412060592,182.86051547100325,1569500
2020-10-21,176.6013641357422,179.07138281198365,175.8665563417836,177.10599654591073,4141200
2020-10-22,165.67672729492188,171.98898484773733,164.51697465529375,171.74109940607988,7578800
2020-10-23,166.56201171875,167.98735955227045,163.78214238297778,163.79985234298027,3897100
2020-10-26,163.5165252685547,165.4907600208871,161.12619431832744,165.13664192038664,4007100
2020-10-27,158.9749298095703,163.50770717316763,157.6469664248843,163.32178635546506,4542000
2020-10-28,153.48599243164062,157.77974579763938,153.22041058115914,155.6284382475516,4092200
2020-10-29,155.84979248046875,157.2840022654111,151.83049551107803,153.00795811772335,5987900
2020-10-30,156.86785888671875,157.0449179341952,153.2735075388626,155.1857641638437,3747900
2020-11-02,158.6827392578125,160.8517429121623,156.6111065939185,159.10768365941735,3726500
2020-11-03,164.11856079101562,165.51735041087665,160.08155455077932,160.68355809138876,3983600
2020-11-04,165.32257080078125,169.74025308390546,165.02155554099951,167.8722509684867,4391900
2020-11-05,170.041259765625,171.66136290633534,167.5889507216089,167.87224249984484,3998900
2020-11-06,168.2706298828125,169.8110583641393,167.3587495003321,169.31528765710362,1999600
2020-11-09,175.2911376953125,183.94945644623024,173.81267366004224,177.0617552477904,4487000
2020-11-10,178.17724609375,180.16034268969713,175.24687609641185,176.0525103549598,4279800
2020-11-11,177.061767578125,178.78811711026356,175.06097446763889,178.46055716304107,3134800
2020-11-12,177.49557495117188,178.20381121919746,175.06982385608745,176.64567251730392,2923200
2020-11-13,180.10726928710938,181.06340465027307,178.02678768549248,178.96521308579847,2292000
2020-11-16,183.002197265625,185.86174105208735,181.06336873397493,182.81627646435763,3066200
2020-11-17,182.2408142089844,182.9047957810228,178.46939023421254,181.5856808614268,2481000
2020-11-18,180.62953186035156,184.03797573771385,180.5587055437421,181.61222505160816,2244200
2020-11-19,181.08990478515625,181.31123196932077,177.6194961585053,179.38125189886176,1965000
2020-11-20,180.06295776367188,182.36476606598535,179.37241797472592,181.35551456608428,1911100
2020-11-23,183.6042022705078,183.74585492892143,181.16960292757972,181.63881553842657,2133300
2020-11-24,184.7639312744141,186.92408676068936,184.5780240039703,185.436774562182,2726100
2020-11-25,183.4713897705078,184.6754102079526,182.43558015655552,184.6754102079526,2046900
2020-11-27,182.9110107421875,184.87674971797168,182.3417492386744,184.6276986584513,1429300
2020-11-30,181.52345275878903,183.89834144037496,180.4649788759131,183.65818019303575,2537000
2020-12-01,180.02914428710938,185.26813431648813,179.7889965965757,182.96440487736737,4481200
2020-12-02,181.06089782714844,181.92368665609496,179.1663183366607,179.584371215522,2676300
2020-12-03,179.90463256835938,182.57304902422376,179.5043728144333,181.91484831802867,4152100
2020-12-04,183.27574157714844,183.60484193375183,179.76232925395271,179.76232925395271,2979900
2020-12-07,182.33287048339844,183.16896276415068,181.2921898702588,182.8754489472335,2071800
2020-12-08,182.5285491943359,183.8538537452656,180.74960525181325,181.14096151846547,2043600
2020-12-09,183.12451171875,184.11182624642277,181.30109128465404,181.30109128465404,1937700
2020-12-10,180.1359100341797,183.00001154497252,179.13080212575477,182.31511416484335,2206000
2020-12-11,180.61618041992188,181.22991826561085,177.89439829753212,178.49923273705627,1919600
2020-12-14,176.1154327392578,182.7508989546643,176.0353835271742,182.581897125423,2163000
2020-12-15,178.16123962402344,179.1574438946715,175.63514246787145,176.8359214928993,1959500
2020-12-16,176.8715057373047,178.7838650338855,176.65802757960702,178.64154626208705,2094900
2020-12-17,179.85125732421875,180.39383585238932,177.01383913127435,177.9211044806657,2705900
2020-12-18,181.0965118408203,181.8881414094552,178.54371787001827,179.7534003810828,5918600
2020-12-21,180.10919189453125,181.27439805415128,177.54750816682167,177.54750816682167,2035100
2020-12-22,179.24639892578125,181.01643949667627,179.1752395380282,179.52213307065844,1444200
2020-12-23,178.93508911132812,181.01645043285583,178.828356809383,180.41161595881172,1787600
2020-12-24,180.9097137451172,181.31887684643132,178.32134690756735,179.01513399792375,691700
2020-12-28,182.919921875,183.7115514575675,181.05203871109893,181.42561534387912,1790200
2020-12-29,181.82586669921875,183.9694975011776,180.9008217803934,183.4980784215456,1735200
2020-12-30,183.21343994140625,183.6759691846237,181.99486763667204,182.2261254721479,1279700
2020-12-31,185.2058563232422,185.58832275905004,182.92881023139145,183.54254806770192,1739900
2021-01-04,180.5716857910156,185.92631043690113,179.12185582108344,185.04572836862775,2642400
2021-01-05,182.78648376464844,183.62258956024377,180.4382783847231,180.47385129054504,2127300
2021-01-06,186.6112518310547,188.22119418237585,182.45741869626383,182.8309953546698,2512400
2021-01-07,189.20848083496097,189.7688525259703,186.00637627528644,187.33169441264775,2023000
2021-01-08,194.63427734375,196.8223709508465,193.00654188993784,193.90490375987372,3922900
2021-01-11,193.32676696777344,196.5644448789958,192.9709699833018,195.84396107504097,2969500
2021-01-12,194.47415161132812,196.07520387699591,190.2224766666613,193.0687842654789,3226000
2021-01-13,192.6685028076172,194.7943400395879,191.55666296720855,193.53129160955535,1466000
2021-01-14,192.2682647705078,194.01162223557316,191.86800509746584,193.8604136289691,1720000
2021-01-15,192.6596221923828,193.4779347254027,189.67988584862184,190.8006155753582,2325200
2021-01-19,191.4855194091797,194.63425769783152,191.3521040462134,194.09167926799407,2841900
2021-01-20,194.06500244140625,194.3140670981529,191.86801899736795,193.09548117880263,3239600
2021-01-21,184.9212188720703,192.9264666773074,184.9123290383022,186.78911545553177,6344000
2021-01-22,184.236328125,185.89963631734628,180.7762828053333,184.6632708579349,4290300
2021-01-25,183.64041137695312,184.25413571067483,178.89062016082173,182.48409495995833,4815200
2021-01-26,177.9388885498047,184.39645082782096,177.3607235666898,184.39645082782096,3867700
2021-01-27,172.8511199951172,176.82706148689874,171.79264599287427,174.35433006067112,3791000
2021-01-28,179.04183959960938,182.32399394047263,173.8384357672497,175.56401387605993,3406500
2021-01-29,175.64404296875,178.60598645932646,175.02141526178184,177.2628750068672,3508000
2021-02-01,176.64915466308594,178.52594123258345,176.35562725774088,176.84483959998266,2228700
2021-02-02,183.1689910888672,184.23636851359376,177.9300007324963,178.37473680204312,3714100
2021-02-03,181.7725067138672,183.16008092528915,181.32777069367984,182.46629381957817,1731600
2021-02-04,181.85255432128903,183.80939007824023,180.90082630413897,182.14608172067167,2552100
2021-02-05,181.6302032470703,184.7255624083737,181.32778598518377,183.72046814713093,2097000
2021-02-08,181.5590362548828,182.60862036471343,179.78009209852374,182.60862036471343,1995400
2021-02-09,182.0304412841797,182.87545055087296,180.14476496748676,181.8436597626854,1526600
2021-02-10,181.007568359375,183.40025042718693,180.2959879806096,183.1689790000347,1766800
2021-02-11,184.3252716064453,184.8945331214627,181.76360157499957,182.4395953827499,2658000
2021-02-12,189.59982299804688,190.08013182574425,183.41799634865131,183.41799634865131,3318300
2021-02-16,190.3380889892578,191.610027239596,187.19825439634153,189.78660720465336,2936300
2021-02-17,187.88316345214844,190.24027235401172,186.62011486305585,189.671010826924,3042700
2021-02-18,184.174072265625,186.60232705330483,181.59460886487884,186.0953350650548,3621400
2021-02-19,185.9530029296875,188.17668279553044,184.92121221459283,185.04573774418944,3120800
2021-02-22,183.969482421875,187.11820710814527,183.83605348792017,184.2452165508778,2775900
2021-02-23,184.08517456054688,185.08137909265955,182.0571654351808,184.4320681795696,2677500
2021-02-24,187.81198120117188,189.4130332925327,182.75978745983744,183.54252705389467,2355200
2021-02-25,186.4627227783203,188.4464649349113,185.77466462691436,187.4545938566158,4150200
2021-02-26,184.04112243652344,187.83882463528997,183.94282842245337,187.83882463528997,3707900
2021-03-01,186.91842651367188,189.08089480840587,185.65849333182285,186.38228850551772,4118200
2021-03-02,187.02569580078125,188.22308588109823,185.26534776610265,187.2490900830003,2315500
2021-03-03,184.28236389160156,187.4992462487953,184.06791415772312,187.0524577900129,2307400
2021-03-04,179.68048095703125,184.70237978554252,177.4554691183439,184.0590031968836,3208800
2021-03-05,187.3920440673828,187.7852065053898,179.2872938991635,181.39613622530703,3187200
2021-03-08,188.44647216796875,192.72670043432765,187.80309557168243,188.16053458901055,3068500
2021-03-09,189.1702423095703,192.0922428267739,188.75026004179568,189.48299970383735,2814500
2021-03-10,190.43917846679688,192.279945413542,188.8843627837709,189.8851649369745,2764600
2021-03-11,191.6901092529297,193.49512466878193,190.4837750541556,191.9581850343129,2573500
2021-03-12,191.305908203125,194.3530092293973,191.15400174014565,192.88754340635109,2321100
2021-03-15,190.0370330810547,192.0207752593172,187.61544686658104,191.4488864821994,2881100
2021-03-16,189.1702423095703,190.483801549648,186.677168556202,190.43911997405232,2786100
2021-03-17,189.70643615722656,191.43103355274684,187.49036859060536,188.92901474661036,2795200
2021-03-18,192.44073486328125,194.54064617555863,188.9379148124055,188.9379148124055,2866600
2021-03-19,188.36607360839844,192.59268988203425,186.9452891544881,192.50332670943743,7005200
2021-03-22,184.31814575195312,188.54476146852176,182.9867110112166,187.72267220162473,5863500
2021-03-23,185.90872192382812,188.12478935627436,184.5236746654599,185.2027883658325,3661700
2021-03-24,190.2425537109375,192.8339354079824,185.86403149976056,185.86403149976056,3245100
2021-03-25,193.09304809570312,193.486224152071,189.2774841734574,189.9119161994942,2689300
2021-03-26,199.1962127685547,199.4553577725627,193.68284349644765,194.04921339320103,3653800
2021-03-29,199.2497711181641,200.1165417922724,196.80137916585497,199.08893382271367,2279800
2021-03-30,197.5966796875,199.6429649489068,197.06945891281225,197.71283542183588,2601500
2021-03-31,196.9533538818359,198.88348390579648,195.85424410894103,197.58778605815155,3246500
2021-04-01,196.77459716796875,198.1864368292442,195.7112383563918,197.37329212177616,2551300
2021-04-05,199.6876678466797,200.71527601767568,198.43666540938855,198.58857187428077,1958400
2021-04-06,197.5699157714844,200.2417027568111,197.3018398961756,200.13447786064972,1590800
2021-04-07,197.78436279296875,198.32051453607517,196.56016646259215,197.3911866660114,1634200
2021-04-08,196.7477874755859,197.998803521132,196.65843795191356,197.5520149980592,1983900
2021-04-09,199.48211669921875,199.5893415665415,197.0069048109387,197.20349282429825,2383700
2021-04-12,199.75912475585935,201.3050090217816,198.8297971162435,198.87447868957344,2286500
2021-04-13,198.3651580810547,199.616160395198,196.7656476562901,199.24979056216225,1799100
2021-04-14,198.9102478027344,199.6250985025343,197.97198921561804,198.8030092898419,1515300
2021-04-15,199.35704040527344,200.6080427905404,198.70471935768825,199.61617174404185,2008800
2021-04-16,199.008544921875,201.7518192941299,198.4991994736782,200.97441164678037,2539800
2021-04-19,199.6876678466797,199.72340492992916,197.88263835724192,199.47320444247097,1911000
2021-04-20,197.18565368652344,201.35865703677197,196.712058922324,199.06217101875447,2766000
2021-04-21,199.6519012451172,202.1360578328023,196.3099320135527,196.65842649585227,3470200
2021-04-22,194.7819061279297,197.5788064362772,193.0662399638806,195.66655224599205,4831400
2021-04-23,199.7501983642578,200.1076373483912,195.30913317871324,196.15802860931265,2975600
2021-04-26,200.6884765625,202.8062635501113,199.955750434499,200.1433939889669,2767600
2021-04-27,201.7071075439453,202.66324136091268,200.1165417706792,201.6803013280398,2239600
2021-04-28,202.11817932128903,204.0215026521734,201.51948438077812,201.6624463350758,2172900
2021-04-29,200.5901641845703,203.39599546173017,199.6340438702184,203.3691892421158,2239700
2021-04-30,198.45452880859375,200.4740217192855,196.81928112932283,199.8485068604564,3674700
2021-05-03,199.9289398193359,201.64460616843695,199.4553450600223,200.1701958126363,2771400
2021-05-04,201.6535491943359,201.868012613999,198.9370807197951,199.41960637040583,2781500
2021-05-05,199.76808166503903,202.7883764352649,199.53575654229232,202.30583719622464,2649800
2021-05-06,203.02963256835935,203.15473280074443,200.25953846352945,200.59015758449655,1852100
2021-05-07,205.0580291748047,205.49588677713945,201.95731615057937,203.4942695541972,2073700
2021-05-10,204.1287384033203,206.64861853145675,203.95002572474877,205.63888576182103,1827200
2021-05-11,202.49349975585935,203.5657895095835,200.03616282091045,202.6722124423294,2085200
2021-05-12,198.3740997314453,202.2522207511157,198.28473657490224,201.52842554178815,2413100
2021-05-13,201.21568298339844,202.55604862107597,198.37411437627617,198.37411437627617,1915000
2021-05-14,203.61048889160156,204.95978547255896,201.79652837727332,202.6275485777219,1631800
2021-05-17,200.84034729003903,203.118971204537,200.24165237891876,202.58283322370937,3062200
2021-05-18,198.76727294921875,201.2603468160801,198.3562215238898,201.0548279208672,2937200
2021-05-19,198.64215087890625,198.67788795614007,194.8176427745106,196.81924633724375,2832300
2021-05-20,198.3294219970703,199.20512368157063,196.78353753021793,198.39197893484356,2456000
2021-05-21,197.94517517089844,200.50080586287245,197.6860302127979,199.27659613630945,2463200
2021-05-24,199.76808166503903,200.50975224733904,198.2936849972125,198.83876753914845,2021400
2021-05-25,198.32049560546875,201.4033337467965,198.17752000296736,200.5633691257307,2372400
2021-05-26,200.0272521972656,200.89402313099308,198.2222225210089,200.48297163910885,5997100
2021-05-27,201.0328369140625,202.4155626625977,200.33250028312872,200.8891883054444,3558900
2021-05-28,201.7780609130859,202.7477609059476,201.43688006958385,202.27189151598648,1663800
2021-06-01,202.0474548339844,204.15745241046457,201.96664991413448,203.2326484600226,2133100
2021-06-02,201.52667236328125,203.23263149773524,200.84429692973495,201.3381275660346,2244600
2021-06-03,201.9755859375,203.64562247102484,200.11700462621715,200.64674393567736,2260400
2021-06-04,203.07098388671875,203.90600899095284,201.59847960973343,203.376255989174,1842500
2021-06-07,200.17987060546875,203.5558664729764,200.06315696351652,203.5558664729764,1926800
2021-06-08,199.1742401123047,200.64674441524673,197.2079052229267,199.48848597611604,2511500
2021-06-09,198.87794494628903,199.79377498486,197.8094788513548,198.9497760964114,2117300
2021-06-10,197.1630401611328,200.37741265789748,196.99244286794809,199.6232060252424,3077100
2021-06-11,198.7253265380859,199.5154555592094,198.1506909864667,198.2763920852462,2029900
2021-06-14,199.8835601806641,200.0002875159771,197.71071919490785,198.0519137440435,1764200
2021-06-15,200.08108520507812,201.02385020919257,199.48848849387585,200.64674694762496,2030100
2021-06-16,199.38075256347656,200.7455170373796,197.8723394873663,200.7455170373796,2903500
2021-06-17,196.6961212158203,199.75784335896776,194.98118854916405,199.25503903166108,2962800
2021-06-18,192.87123107910156,195.09794228657643,192.60186764826668,194.25395696387048,4791300
2021-06-21,195.29544067382812,196.4985952961017,193.5535866841307,193.9665986660829,2962000
2021-06-22,196.6242828369141,196.96546364624285,193.96658530411617,194.58611693475697,2311100
2021-06-23,196.7320251464844,198.78813858492995,196.39981808840463,197.38746550715703,2625800
2021-06-24,196.15740966796875,197.39647307085755,194.81958014310484,197.1271096745263,3485900
2021-06-25,198.67140197753903,198.87790793296335,195.99574350991745,196.63323628586448,4337900
2021-06-28,196.74998474121097,198.89589051845175,195.8431285300706,198.65346211840145,2133400
2021-06-29,196.31900024414065,197.8723230739053,195.69049484789576,197.43236244633883,2203300
2021-06-30,197.46827697753903,198.186574751687,195.52889079784725,196.22023990385833,2828400
2021-07-01,200.71856689453125,200.8263067631397,198.70733591136872,198.89589438182375,2363900
2021-07-02,201.76907348632812,202.85548703871015,200.60184133138983,201.21239922644276,1706600
2021-07-06,200.95201110839844,202.46941155111003,198.7073391399826,202.2269831424118,2263600
2021-07-07,205.02833557128903,205.37850383753027,199.78477163268565,200.06312245490963,2610100
2021-07-08,196.0406951904297,200.42229987031047,195.20568367746793,199.41669107180368,5669000
2021-07-09,199.0485687255859,199.91051524107033,197.28873956418337,197.5311680155852,4229900
2021-07-12,198.6265563964844,199.44362037223513,197.22588312399276,198.42902414519537,3412700
2021-07-13,196.79489135742188,198.78816133479552,196.63328153782533,198.312291932128,3465700
2021-07-14,197.5760498046875,198.79715202963055,196.85775196053424,197.45932246614993,4597300
2021-07-15,197.47726440429688,198.3212632612657,195.6545918516474,196.48960325244175,2070200
2021-07-16,196.1125335693359,198.26742726028,195.56483296418185,197.43240201617624,2958100
2021-07-19,192.44918823242188,193.84088756136245,191.19217743876655,193.18544719755576,3682600
2021-07-20,193.4727478027344,195.41214752455673,192.1349321791984,192.1349321791984,3066400
2021-07-21,195.0081024169922,196.83077475646272,194.137168694145,194.34367465614713,2320000
2021-07-22,197.1181182861328,201.57155374219485,196.67817132461175,200.38636030213317,4194900
2021-07-23,197.66583251953125,199.0126358672466,197.05528824475516,197.980092114155,3946800
2021-07-26,197.7017059326172,199.32684604388575,196.28307178069065,197.46825130864133,2840900
2021-07-27,195.7623291015625,197.8902737270615,195.00812261409328,196.8577301097208,3199000
2021-07-28,194.4424743652344,196.70510768474065,193.52664430965473,196.45370550483895,2366200
2021-07-29,195.12489318847656,197.19896833892415,195.05306202607403,195.91500857411785,1908000
2021-07-30,196.41775512695312,197.17197525971727,194.5950827318526,194.5950827318526,2324100
2021-08-02,195.30438232421875,198.38406505574793,195.1786812678377,197.9710531706621,1990900
2021-08-03,197.5850067138672,198.1865771681888,194.96323145159164,195.65459426642303,2278400
2021-08-04,195.39419555664065,197.18993308022084,195.0081185652581,197.02832327928584,2396900
2021-08-05,196.7769317626953,197.16300877495487,195.3582973983077,196.0855689426224,2051800
2021-08-06,197.9800720214844,199.0575118502306,197.1899430868881,197.43237150098295,2480700
2021-08-09,197.48626708984375,198.05192889607824,197.02835887075403,197.42342338936908,1990000
2021-08-10,199.06651306152344,200.16190047782385,197.04630810538688,198.08782558158623,2061300
2021-08-11,203.2685546875,203.43915198312203,199.20120936709571,199.65911760766548,3076400
2021-08-12,204.4088592529297,204.5974040701787,202.10132935323364,202.28090041264963,2015900
2021-08-13,204.53453063964844,205.22589350333783,203.45709073934273,204.79490658290223,1794100
2021-08-16,204.25621032714844,204.77697595699323,202.0474467040408,204.22028789728728,1803200
2021-08-17,202.7926788330078,203.68157401354264,200.34150046900257,203.59178163960843,2265100
2021-08-18,201.85888671875,204.9655053488759,201.2932249443132,201.51769216269076,2277500
2021-08-19,200.9161071777344,202.4783901367687,199.6860175934344,200.3145367198959,2110400
2021-08-20,200.86224365234375,201.8139824279698,200.3414780825804,201.0777234050795,1608900
2021-08-23,200.9250946044922,202.99019574528197,200.6826661735164,201.45483394962417,1873200
2021-08-24,198.65347290039065,201.4278842168718,198.5277718158365,200.98793727112775,2390700
2021-08-25,198.6893768310547,199.35380466217768,197.93517034192504,198.9497664501718,1744000
2021-08-26,198.41107177734375,199.488511750344,197.11813832958643,198.7163576250144,3064500
2021-08-27,198.81507873535156,199.85660981534963,198.57266402737903,198.71632632125267,1944800
2021-08-30,197.6602478027344,199.04967382066135,197.3534933758684,198.70683630642372,3485300
2021-08-31,195.63926696777344,198.35498415121728,194.466366910602,198.12039587963255,5434800
2021-09-01,195.72042846679688,197.1910653765756,193.79869105879004,194.91744562551904,4309800
2021-09-02,196.2617950439453,197.67830061748663,195.6573035069101,196.08135206924945,2659400
2021-09-03,193.89796447753903,196.0994046089754,193.47391590630747,195.78361907144827,4355200
2021-09-07,192.17469787597656,195.55805523294796,191.9040265340356,193.708483791087,3840100
2021-09-08,194.20472717285156,194.81823607914487,191.5160895085404,192.45440129667057,3319700
2021-09-09,189.5131072998047,194.15056143786225,188.61087876114047,193.7535786781436,3887600
2021-09-10,187.4470367431641,191.2093289103767,187.30269060864063,190.37026279622015,2981900
2021-09-13,186.53578186035156,189.06202494848225,185.1553730645038,188.61091060299165,3209600
2021-09-14,183.5223388671875,187.21245085958867,182.80055317073095,187.21245085958867,4362800
2021-09-15,184.28024291992188,184.64112895375604,182.80058815413025,183.5404086535662,5225600
2021-09-16,183.5493621826172,185.77786760539377,183.2516251354176,184.95683639344156,3481900
2021-09-17,181.77198791503903,184.56890193980993,181.2035795204833,183.03510238414611,7702800
2021-09-20,178.52398681640625,180.37355838772436,176.54810377893023,179.41719817725516,4370600
2021-09-21,177.38717651367188,180.06679672193786,176.9901937025337,179.65176548295247,3730300
2021-09-22,178.70440673828125,180.59907834016792,178.3615555006908,179.0021300302878,2907200
2021-09-23,181.99755859375,183.43209879758675,179.70589018612756,179.81416698218885,3553500
2021-09-24,183.8741912841797,184.83956872660008,181.4381768195395,181.4923083327891,2908500
2021-09-27,184.0185546875,186.30119198599985,183.6486376506576,183.6847207378762,2449600
2021-09-28,181.45623779296875,182.9358923596615,180.18410574638065,181.8442033057105,3792800
2021-09-29,181.96145629882812,182.81858447698593,181.2847848530714,181.6186187944808,3448800
2021-09-30,176.84584045410156,182.52988395073388,176.77366050691913,182.47575243207635,4098900
2021-10-01,182.01560974121097,183.0802329221584,178.00068130280525,178.45179562020664,3468600
2021-10-04,185.41700744628903,186.41848181218953,183.69376116403103,184.00953293570825,5531900
2021-10-05,189.44094848632812,191.24540576484387,185.07416517638,185.07416517638,4177300
2021-10-06,191.66943359375,192.12956519390912,186.3553080340272,187.5191767953308,3074400
2021-10-07,191.16419982910156,194.38514876650396,190.64090559001417,193.57314853473284,2655200
2021-10-08,195.31443786621097,195.53097768008428,193.50096338836155,194.13252063684777,3352100
2021-10-11,193.89796447753903,196.74901034503583,193.86186762169305,195.6573076098208,2312000
2021-10-12,192.5446014404297,194.30394438952504,192.17468442456683,193.66335605066703,1975500
2021-10-13,194.74603271484375,195.40465568365127,192.40023304203197,192.86036463389783,2206100
2021-10-14,199.69927978515625,199.92483694053848,196.24374251267045,196.4873480952198,2559400
2021-10-15,203.1457977294922,203.63299512288287,200.24062049538932,201.1428491080445,2747400
2021-10-18,203.84051513671875,204.39990626904415,201.10676339034555,202.09922042598993,2287000
2021-10-19,203.6871032714844,205.24796850450664,202.88412044901008,205.07654288506023,1933300
2021-10-20,205.7171173095703,206.0780169731937,202.29767731909,204.03897173273643,3454200
2021-10-21,208.6674346923828,209.39823767383797,204.7517657751317,207.06146884582515,3361500
2021-10-22,214.36050415039065,216.21909298836815,209.732080483394,210.30950627545417,3809000
2021-10-25,216.7874755859375,217.59947577676823,213.99056156522687,215.0010669059608,3158000
2021-10-26,217.18446350097656,220.06257485562224,216.32734910879785,218.258117707071,2409700
2021-10-27,215.9754943847656,219.48516321340088,215.92136286953945,217.0401175626581,2886300
2021-10-28,218.6099853515625,218.73629680073623,216.62508525015403,216.85064239274396,1998200
2021-10-29,217.79800415039065,219.1423298785984,215.99354673815236,216.9138238731308,2387000
2021-11-01,216.04763793945312,218.5828977662652,214.41459282598265,218.4836520827605,2547300
2021-11-02,216.93182373046875,218.73628073868505,215.3980380268678,216.787463865752,1933200
2021-11-03,216.04763793945312,217.2566207989363,213.86423290235015,216.3724407430217,2535600
2021-11-04,214.00860595703125,216.4356029212512,212.92593446735987,216.3183088061742,3007800
2021-11-05,215.4792633056641,216.7874920533392,214.68529771340167,215.63264051927544,2313900
2021-11-08,216.03863525390625,216.534863736686,214.3604895092703,216.534863736686,1612900
2021-11-09,217.4370880126953,217.5273163775581,215.0552051096229,215.6506792771199,1778800
2021-11-10,217.9242401123047,218.7903854275212,216.9588628900377,218.00545113057476,1613800
2021-11-11,217.04006958007812,217.55434639486504,215.64161275593008,217.43705229319505,1443600
2021-11-12,218.7362823486328,220.1798397056821,216.4085311388713,217.44608841946655,1803800
2021-11-15,217.8521423339844,219.26863419761017,217.31981695187304,218.8085025285821,1633800
2021-11-16,217.87013244628903,220.45050648471172,217.4190182001796,218.34831244581193,1986100
2021-11-17,216.3093109130859,218.30324221398232,215.3439196848327,217.76189953704753,3023200
2021-11-18,216.75140380859375,217.91527264508903,214.75747254525652,216.11983277509455,2754200
2021-11-19,217.71676635742188,219.24153478973588,214.93790080764563,217.60850333824712,2589000
2021-11-22,220.0625915527344,222.95873778642968,217.27470835075357,218.06866019485415,2381400
2021-11-23,223.1843109130859,223.5361795582463,219.0340671197736,219.5844271818878,3004500
2021-11-24,222.48956298828125,222.9857776706732,221.2444832003685,222.51662874306936,2145700
2021-11-26,216.34539794921875,218.0506095156971,214.4236603215473,216.87772330579028,2566700
2021-11-29,216.04763793945312,219.25053803082935,215.93936116032089,217.8881779817324,3749000
2021-11-30,212.6011505126953,216.0205909097174,212.29439608733085,214.58605071441065,4488300
2021-12-01,210.44482421875,216.27322712272309,210.40874113163252,214.39658995354415,3934700
2021-12-02,216.60704040527344,217.83407183192645,211.202686223376,212.3124372954457,3783200
2021-12-03,216.92283630371097,219.26863639339493,214.77554139315976,217.59049048724677,2961100
2021-12-06,222.0023651123047,223.3918048532541,218.1318105106344,219.521236484668,2623700
2021-12-07,223.2745056152344,225.5030112874418,222.6790314541853,223.0850315578404,2270700
2021-12-08,223.391845703125,224.3662406456362,221.22648842653115,223.121174322686,1814500
2021-12-09,223.0760040283203,225.006772531721,222.0023498749822,222.90457840492485,1983000
2021-12-10,224.16769409179688,225.28644859564065,222.91359705586893,224.330088610001,1937800
2021-12-13,221.71365356445312,224.17673370377895,220.4956394891947,223.36473349821696,2548300
2021-12-14,220.6941680908203,222.85049418427485,219.4942022393364,221.5061684333077,2682200
2021-12-15,222.958740234375,223.175280067098,220.1528085739956,222.02042849307531,2517600
2021-12-16,224.0684814453125,225.4669247813055,222.2098789391525,223.6714986530631,2297200
2021-12-17,220.00718688964844,224.20445228709244,219.59017431372783,223.54267115937844,4937100
2021-12-20,218.14877319335935,218.38446752035043,215.81898339277697,217.55045624872227,2769900
2021-12-21,219.5811004638672,221.54828147096916,218.26662633307828,220.01623377052977,2746200
2021-12-22,220.1885223388672,220.84122934725443,218.55675481789905,219.38170587469975,1623000
2021-12-23,222.68148803710935,223.74213342836816,220.4242085638311,220.53300228296783,1655700
2021-12-27,224.77554321289065,225.0475067126057,222.48200880295428,223.19817981329192,1176500
2021-12-28,225.9359588623047,226.93315397530336,224.22260641007333,224.69400899373105,1119700
2021-12-29,227.56773376464844,228.2385753926277,226.1263448268029,226.64306316016712,1106200
2021-12-30,226.2169647216797,228.13883025560224,225.34669799502512,227.7852818042788,1163300
2021-12-31,228.38360595703125,229.65276464615044,225.85437662425016,226.2169854882033,1516700
2022-01-03,224.61241149902344,229.80685851056063,223.46110699350373,229.5802245278086,2450200
2022-01-04,228.4742126464844,230.62269802916933,226.05376376193897,226.63394611067676,2647500
2022-01-05,229.16319274902344,230.90375376372535,228.138816638845,229.21759651975236,3651300
2022-01-06,229.7978057861328,230.8947065529144,228.33828233528376,230.26013414659764,2342300
2022-01-07,230.96722412109375,232.17290474039785,228.0572515196963,229.1632126329707,2346800
2022-01-10,226.8878173828125,230.74059518599313,225.18352536343104,230.74059518599313,3341400
2022-01-11,223.3885498046875,227.7127294366371,222.16473477630527,227.31385147207808,3087200
2022-01-12,223.9143524169922,225.69116874925345,223.04407192447584,224.46733983254217,2480800
2022-01-13,224.4764404296875,225.51896513176237,223.6333685873419,224.367660535873,2615100
2022-01-14,223.25257873535156,225.02938118410344,221.67520143960596,222.34604292156095,2525500
2022-01-18,215.7917633056641,222.59078141371393,214.66766783135463,221.9199538132745,5752100
2022-01-19,217.10629272460935,219.1097293639675,214.87620827233525,217.56862106462117,4910900
2022-01-20,219.44515991210935,222.6996205913175,214.84901609273652,215.0484551045815,4256100
2022-01-21,223.30699157714844,227.11443961909836,219.59926303825,221.7930782727419,4932400
2022-01-24,222.1919708251953,222.9353231244274,216.77995000094197,220.2157152261148,5093200
2022-01-25,221.3035430908203,222.7086765252648,216.8343276705986,219.9618738100781,3325400
2022-01-26,221.9925079345703,226.7699420027071,219.7080336725041,223.54267652363555,3529100
2022-01-27,221.7296142578125,225.42828241969912,220.0343965375212,224.21352762368977,3045500
2022-01-28,222.9443359375,223.08032460298608,217.20597666910635,222.10126430856644,2659900
2022-01-31,221.69334411621097,222.45483090774013,220.1159667629239,222.1012824807702,3522000
2022-02-01,223.65150451660156,225.16541798934435,221.0316160079989,221.92907780261316,2438500
2022-02-02,227.7761993408203,228.2657364603896,223.035020580048,223.035020580048,2640200
2022-02-03,221.5120849609375,228.16605611624416,220.7777791555694,226.90597158502047,3666700
2022-02-04,219.73519897460935,223.08937846912104,218.62016387988896,221.77490440361967,3603500
2022-02-07,218.6111297607422,222.08316396544544,217.7045938482653,221.33981171018735,3067400
2022-02-08,220.2428741455078,222.25538476742955,219.4269974426266,220.46950809993467,3027700
2022-02-09,223.45201110839844,223.56985135450964,220.94090310537064,222.25537722994017,3135200
2022-02-10,219.490478515625,223.09850153521825,218.4207727404915,220.786832109586,2034800
2022-02-11,216.4898223876953,221.63895316734,215.49264126028245,218.7833569631759,2379100
2022-02-14,219.8802947998047,220.96813516021916,216.10004159359596,217.68647948705396,2429400
2022-02-15,226.0175323486328,226.6158355169108,221.6298881745423,222.10129070550536,3248500
2022-02-16,230.087890625,231.03069577308253,225.22885730855316,225.22885730855316,3493100
2022-02-17,227.53143310546875,229.625528660964,226.23507967471895,228.7280532089065,2697500
2022-02-18,227.7127685546875,230.69526575772167,226.93314708074945,227.95753713546736,3319300
2022-02-22,223.25257873535156,228.70085399648315,222.34604292156095,227.54048926144227,4360300
2022-02-23,221.93812561035156,228.0753636919892,221.47578344860213,224.85715848143732,3346900
2022-02-24,219.46327209472656,220.1069186682803,214.67676366278235,217.9402984266716,3944100
2022-02-25,224.47364807128903,226.2409441177873,220.0554079550434,220.6930885129568,2548100
2022-02-28,224.05458068847656,224.54651559232667,218.30632342204711,219.11709163727355,3358100
2022-03-01,220.84793090820312,224.60116192063657,219.52701833336852,223.06161007601995,3327000
2022-03-02,229.903076171875,230.8231710982667,221.3216814004073,221.5676488847332,3528900
2022-03-03,232.7179718017578,240.12419839828033,230.77758816741783,231.32416551343968,7218000
2022-03-04,241.07167053222656,241.21743008104664,231.05093090737265,232.00744493306487,5924800
2022-03-07,238.1838226318359,246.09111694949272,238.01985359273087,240.4977098976472,5794000
2022-03-08,230.90513610839844,239.8144821390839,230.5680793660535,238.2202738057757,6229800
2022-03-09,231.0873260498047,236.2616779834825,229.14694233712635,234.43972562240037,6204400
2022-03-10,236.5349578857422,236.7718205871005,227.34321163135272,229.5659957187239,4501100
2022-03-11,238.23849487304688,239.95113464228385,235.95196342865313,235.95196342865313,3873800
2022-03-14,234.72215270996097,240.3793076503059,232.8910814825684,239.91470084913703,3839200
2022-03-15,236.9722442626953,238.93995619833416,233.93867793662344,238.26581490321405,2913800
2022-03-16,240.6343688964844,241.3449292536036,237.0906857695655,238.76687871967275,3958600
2022-03-17,240.0969085693359,240.88036263449743,235.4327144165282,237.6919456221401,3761500
2022-03-18,238.0563507080078,240.6435202521428,236.53500794397456,240.4977606974432,6342900
2022-03-21,240.96234130859375,241.80954256481337,237.07245485554375,237.6281648348892,5158400
2022-03-22,242.1921234130859,243.4128560070766,240.306423774785,242.3196734276892,3704700
2022-03-23,243.8500518798828,245.75398840621364,240.97136434988383,241.46329917989655,2877100
2022-03-24,246.1548767089844,248.4869736089456,244.38758061749667,245.0526032666154,3400200
2022-03-25,249.0426483154297,249.2248268532395,246.22773552909356,247.2115774754621,2814300
2022-03-28,250.82818603515625,250.88284238363,247.46668160008173,248.4414328158432,2548400
2022-03-29,249.252197265625,252.17645103117175,245.39878553844736,250.70067396112177,2759500
2022-03-30,252.0580139160156,252.22198296432433,249.479935630858,249.7259170041092,2770400
2022-03-31,248.8878631591797,254.10776812191716,248.8878631591797,251.0377819947386,3793000
2022-04-01,236.8173828125,250.00832917961063,234.12090084381177,249.7897037715733,6367000
2022-04-04,234.7950134277344,237.4824045273151,230.78672342559867,236.63520327383793,4633400
2022-04-05,229.66619873046875,236.38010243740945,229.2744717560623,233.53783348439904,5042600
2022-04-06,221.303466796875,228.1904593295283,218.9622649244528,227.6803009230984,6794200
2022-04-07,223.06166076660156,224.0910684493845,218.65253874363728,221.92294037428255,4793100
2022-04-08,220.43800354003903,223.51710735637977,218.34275562774317,219.74566667440433,3530700
2022-04-11,221.46742248535156,222.54236771919952,218.24257288341423,219.46327764400567,2912100
2022-04-12,223.2438201904297,226.05873324730345,220.90261863872217,221.91380275337696,3097700
2022-04-13,222.85215759277344,224.38259124794692,221.0575330016306,222.97057507059745,3062000
2022-04-14,224.29147338867188,225.8310116075132,222.76102602798704,224.4645472035136,3180200
2022-04-18,220.56556701660156,224.85627130557737,218.83471768751855,223.18918308631388,3173200
2022-04-19,223.7539520263672,224.1821119183962,221.93199977105823,222.97963065809645,2269000
2022-04-20,225.07492065429688,227.05173755321903,224.18215387383256,224.18215387383256,2937700
2022-04-21,222.642578125,228.21776193141324,220.9481618339008,223.6173293329628,4179600
2022-04-22,213.4417266845703,221.0574882813097,213.02267151591707,220.6930894606561,5105300
2022-04-25,215.3730010986328,215.86493605269547,209.57919165336875,213.01357597196753,4129900
2022-04-26,212.794921875,216.6847940433693,212.649162350568,214.62599288724255,2316200
2022-04-27,215.71002197265625,216.83963732702392,211.6106295726405,211.8383735948636,3489800
2022-04-28,217.9510498046875,218.52496924289463,215.3820903197538,215.71004229867316,4531800
2022-04-29,213.43258666992188,218.52495368850433,213.02265020054992,216.90341732493175,4407100
2022-05-02,212.13902282714844,215.3001113469405,208.2673739847904,214.51667126047113,3665800
2022-05-03,211.4375915527344,212.66740114050285,209.16925570360527,212.24835985295897,2285000
2022-05-04,215.9833526611328,216.4843923714849,210.8090143079551,212.5034306645312,2598400
2022-05-05,210.87274169921875,215.30008605847385,209.12366927215888,214.48021313654928,3005500
2022-05-06,209.15101623535156,210.06199240840547,205.67109448249013,210.00733606208516,2774900
2022-05-09,205.19737243652344,207.48391750925524,204.4412605836936,206.7915806574509,3288900
2022-05-10,202.7832794189453,207.91206525789627,198.8478561112228,207.6934398966173,3845200
2022-05-11,203.9493408203125,207.8118707226054,202.6557563813,203.0201412738358,2457500
2022-05-12,205.81686401367188,207.68436816544127,202.10919778686255,203.5029903815073,3230900
2022-05-13,210.2168426513672,211.66530523409256,206.5274005171967,206.67314613085347,3263800
2022-05-16,207.60235595703125,210.82720543810345,207.08310677550972,209.6247241385215,3091900
2022-05-17,211.51956176757812,212.3394347706197,208.8777225014788,210.8636578049875,2916400
2022-05-18,204.9605407714844,211.66532617681628,204.13154909124887,211.6379980027772,2620700
2022-05-19,197.2263336181641,200.68804571809952,193.78284493307467,199.89548702681265,5428100
2022-05-20,194.56629943847656,198.0917729020069,191.52364225133277,196.77086018547024,3796000
2022-05-23,197.5816650390625,197.77297619362025,195.24956774759545,196.3063036766653,3079300
2022-05-24,197.7637939453125,198.23750539919996,194.2838725466105,196.5430893337485,2159700
2022-05-25,198.064453125,200.00483697110792,196.45202128245404,198.30130194408585,2006700
2022-05-26,201.5899353027344,202.76510249059055,198.8023501042215,198.8023501042215,2045300
2022-05-27,203.8899688720703,205.49359784072703,202.35965033417065,203.12023032292348,1537400
2022-05-31,201.3975067138672,203.2302258678618,200.93016836331205,203.18440509250445,4405400
2022-06-01,202.8086700439453,203.97243641982428,201.5257584885774,202.6712077437979,2796200
2022-06-02,206.53823852539065,206.9964182119,202.15804184096385,204.2748297554316,2091900
2022-06-03,205.26449584960935,206.47409691176807,203.3218184883008,205.09038533467432,1964400
2022-06-06,206.3366546630859,207.41796607968263,205.3653158880722,206.492434090915,2151300
2022-06-07,209.61720275878903,209.9012719220436,199.0332493967565,200.60938860823407,3772300
2022-06-08,203.1385498046875,206.95978089618683,201.59907268850125,206.71235993732293,2409300
2022-06-09,198.65757751464844,203.78003794394263,198.55677740645925,202.1214294221781,2198300
2022-06-10,193.46180725097656,197.1639073480144,192.44464767777225,195.94514757237064,2752200
2022-06-13,190.6669464111328,192.1606030332048,187.1297978379892,190.14461473374013,3374500
2022-06-14,191.05178833007812,194.50645341746707,190.21789786793505,192.01395457443564,2631600
2022-06-15,192.2888641357422,195.19372192194493,189.73222741586272,193.4892927811801,2236000
2022-06-16,190.77688598632812,192.05062512831532,188.1469387034028,188.531808014377,3124500
2022-06-17,189.1823883056641,191.739038766908,188.4859602212478,190.740196431287,6079700
2022-06-21,191.94984436035156,193.791722101813,190.68526365223724,192.48133460024687,2956000
2022-06-22,191.5099945068359,193.55347246418373,189.23741267093504,189.68643390083895,2098400
2022-06-23,192.20639038085935,193.6725710614033,190.1262505603166,192.178900716571,2504700
2022-06-24,197.7320556640625,199.62892657783092,192.4904781028011,192.4904781028011,5516500
2022-06-27,195.9634704589844,198.6850590952488,194.6622277587037,198.6850590952488,1827600
2022-06-28,195.51446533203125,200.54528406841723,195.32202368289165,198.05278508619497,2156400
2022-06-29,195.322021484375,196.1284223173515,192.8570261790924,196.1284223173515,2179000
2022-06-30,195.441162109375,195.56945188602583,191.53747549196683,192.43550392852293,2314100
2022-07-01,197.2555389404297,198.12609164265035,193.62676318736644,194.72639177973295,1765900
2022-07-05,192.59127807617188,195.3770188390297,190.30037928288456,195.35868773357316,2236000
2022-07-06,192.1789093017578,194.79969794709697,189.85134841610565,191.9773090996136,2655800
2022-07-07,194.84556579589844,195.386214658401,191.31757538847404,192.46302500354184,2007200
2022-07-08,192.16058349609375,195.25788306668557,188.44932474114572,194.32319246574588,1850900
2022-07-11,192.3163604736328,193.4618098288768,190.8227040225192,191.34502165759167,1818500
2022-07-12,189.2282257080078,191.21672402906904,187.94532807588297,189.2098946039673,2653900
2022-07-13,189.42068481445312,191.1617623304223,187.2030824446939,187.84454530245424,1902500
2022-07-14,188.3302001953125,188.74255915593892,185.4528320492819,186.47915017040293,2306600
2022-07-15,191.6382598876953,193.21439929019263,190.47447944901205,191.6565770096171,3997500
2022-07-18,192.6370849609375,194.98296291893865,192.0231258065025,192.82035405468093,1990100
2022-07-19,198.7583770751953,199.1065981720779,193.91084129890464,194.3690210653136,2387700
2022-07-20,196.5132598876953,199.62889006843184,196.1833699622652,198.7583374995648,3152100
2022-07-21,194.17657470703125,196.43082525546865,192.26138668564747,194.7263960064169,4130900
2022-07-22,195.5511016845703,196.3391713734815,193.1685754962017,194.46064568078904,2612600
2022-07-25,199.1798858642578,199.372327496487,194.8180200199267,195.541937815858,2534200
2022-07-26,197.90614318847656,199.42730316713067,196.51327296811047,198.2635227996028,1927900
2022-07-27,201.498291015625,202.69871973009117,197.64041134686696,198.3001913091369,2041500
2022-07-28,205.0262451171875,205.35613504106405,200.7834968706014,201.9289460531541,2337200
2022-07-29,208.28854370117188,209.14075143320224,204.60477412641868,204.73306391347285,2337000
2022-08-01,208.0869140625,208.91163200808927,206.4832849596594,207.17971313632287,2245100
2022-08-02,203.8899688720703,206.7673368622444,203.01943022844935,206.7673368622444,2954300
2022-08-03,206.75819396972656,207.5279325772032,204.2290328558232,204.84299202958692,1922300
2022-08-04,208.33432006835935,209.82797641726128,205.6585382529829,207.07889815279665,1891900
2022-08-05,209.49807739257812,209.88294665502977,207.09722028667463,207.09722028667463,1482200
2022-08-08,208.80169677734375,211.9814656738657,208.7375448944132,210.76270574102395,1662500
2022-08-09,209.3789520263672,210.90927045646663,209.131531087808,209.54388999705063,1778700
2022-08-10,216.04090881347656,216.67319910020117,211.5965736665253,212.6962022604856,2411500
2022-08-11,219.2389984130859,221.65818680179095,217.1771896505804,217.35130018328655,2746600
2022-08-12,219.8804626464844,221.007580933895,218.64338569177607,219.91712485727464,2186700
2022-08-15,218.24932861328125,218.73499800336683,216.7006789049747,218.64337044785265,2070500
2022-08-16,221.16339111328125,222.0889092590807,217.86449101903168,217.86449101903168,2486800
2022-08-17,220.7418212890625,221.22749066562193,217.79114282249287,218.20350176716133,1686800
2022-08-18,221.6764984130859,222.0155469053617,219.97206942665656,221.33743593827583,1457500
2022-08-19,218.570068359375,220.84263596791817,218.3592956103199,220.84263596791817,2082500
2022-08-22,217.64454650878903,217.9927676039164,215.1245578062423,215.7843377851484,2891100
2022-08-23,217.76365661621097,219.05572678155264,216.61820731697935,217.397118433471,1638900
2022-08-24,218.3592834472656,219.02823590173077,217.03973760720183,217.47958622055648,1779700
2022-08-25,219.07406616210935,220.04540496734944,217.3421333330045,218.6342035471609,1624100
2022-08-26,211.9264373779297,219.11985010953643,211.63319566519712,218.5883599921095,1728800
2022-08-29,212.97108459472656,214.52889272763824,209.69967493133117,210.4144341215205,2139900
2022-08-30,207.56179809570312,213.32126003168463,206.8983069557831,212.8420688614788,3159400
2022-08-31,206.88909912109375,209.05466260415113,206.3822776797372,208.40038148974205,2420700
2022-09-01,208.31744384765625,208.52017804404304,205.31331339575956,206.10581596494777,2263200
2022-09-02,206.3638458251953,210.21576756624765,205.43310769318197,210.21576756624765,1571800
2022-09-06,210.08676147460935,211.67176670735685,205.95838261919616,206.3638510361113,2956400
2022-09-07,210.8331756591797,211.9574238309397,208.99014771349937,208.99014771349937,2858500
2022-09-08,212.2615203857422,212.4734787188135,209.39561143180853,209.86559254661387,2181800
2022-09-09,213.68064880371097,214.9707626463133,212.86050199065951,212.9710791596865,2016400
2022-09-12,215.78170776367188,216.82300895522317,214.30727983384023,215.99365203293465,2635500
2022-09-13,208.52940368652344,213.6806778013378,207.847492303403,212.0864484051931,2378300
2022-09-14,200.84393310546875,206.3085173385604,197.21316642569172,205.8477604312016,5915000
2022-09-15,201.2218017578125,207.0549871856142,200.92691052235267,203.96790959738888,4148500
2022-09-16,195.3609619140625,197.84904682431545,191.28787184829105,197.0749784631145,7984100
2022-09-19,199.23133850097656,199.5907284247092,193.99714534905644,194.3196668358382,2863800
2022-09-20,196.5312957763672,198.3190351957925,194.0892752264929,197.08419574263448,2094100
2022-09-21,195.25958251953125,199.93166480916045,195.139781211227,198.02412425932988,1917600
2022-09-22,192.75306701660156,195.83092016757135,192.44896573241303,194.77118477273385,2508400
2022-09-23,187.96121215820312,190.87319977991103,186.25640562961652,190.2926414589309,2585500
2022-09-26,185.0953063964844,187.85063837499007,183.46422264591828,187.012057243116,3708100
2022-09-27,181.76861572265625,186.5328408707316,181.06827022473792,185.08607136792443,5466100
2022-09-28,185.98915100097656,187.58336610121543,181.9621397818791,182.70856378658095,3284900
2022-09-29,183.56558227539065,184.78198748016055,181.87921000215275,184.44101774544856,2072400
2022-09-30,179.52938842773438,183.6854120658879,179.44644147005144,182.47823081296468,3267600
2022-10-03,184.5423889160156,185.88780554540276,180.65359870399715,181.5566925497066,2489900
2022-10-04,189.2605438232422,189.2789639786034,186.30247779003992,186.9198904631359,2896500
2022-10-05,184.8741455078125,187.50967627174117,183.82362004589345,186.67110916686417,3065800
2022-10-06,182.65328979492188,185.6021316804575,182.3031099874814,184.4502392203899,2586800
2022-10-07,180.2665557861328,181.68569515431437,178.41431779441166,180.6351698056806,2875700
2022-10-10,178.81976318359375,182.52425275171177,178.50645185316995,181.65802749368157,2859500
2022-10-11,177.52041625976562,180.43240321604353,176.60811254401207,177.7784389965311,3094700
2022-10-12,177.04127502441406,180.47853255959043,176.856975026404,177.686346109232,2381300
2022-10-13,181.29867553710935,182.6348680699407,172.22175670647593,173.55794923930728,3482900
2022-10-14,178.5802001953125,183.5563844639264,178.2392444990033,183.1877704100355,2719400
2022-10-17,183.01266479492188,184.03554577871472,180.70888006216197,180.7641686459584,3002200
2022-10-18,185.81407165527344,187.7308223518048,183.3904854758057,186.3577615091566,2551300
2022-10-19,184.3580780029297,185.93387303935785,183.13246276597155,184.2935793384513,2386900
2022-10-20,171.8162841796875,179.49249756261997,171.24494999364148,177.4375252595166,6103200
2022-10-21,175.5760498046875,176.1750282410128,169.28210790924638,170.89475730370796,6711600
2022-10-24,178.30377197265625,179.6952532305156,176.87542227576552,177.70477935850744,2994300
2022-10-25,179.33584594726562,179.7228801525371,177.54810647921053,178.38668762122617,2770000
2022-10-26,180.4140167236328,182.68094743761347,179.1331127768891,181.7225649665431,4134600
2022-10-27,180.6536102294922,184.2382993623102,180.22972163593724,181.7686484295955,3148200
2022-10-28,183.0587158203125,183.23380569695593,179.80577314102862,181.18804387934816,3724100
2022-10-31,181.6672515869141,183.02187815900163,179.7320667521643,182.98502378953745,3130300
2022-11-01,181.3723907470703,182.46898058671053,178.37747027154683,181.72255650260084,3042400
2022-11-02,177.41908264160156,183.335200612395,177.07812697396804,180.93927273895883,3020000
2022-11-03,178.0272979736328,179.88876025416923,175.2904001755155,175.34568876760864,3238800
2022-11-04,181.2618103027344,182.25704716122175,178.9395909662639,180.2112848511958,3334000
2022-11-07,180.89317321777344,182.92050089403443,180.12831502795234,182.92050089403443,3757800
2022-11-08,187.9980926513672,189.02097389839824,182.2478534777352,182.5980192856232,6285100
2022-11-09,187.44517517089844,188.48647647960013,186.0905484005561,187.53731813863757,4682700
2022-11-10,196.27328491210935,196.45758491206948,192.67937163753845,194.3288896809747,4923400
2022-11-11,200.42930603027344,202.32762272495393,197.9043524692895,199.14840206222863,5176500
2022-11-14,199.9224548339844,204.07849187640065,199.31425223345695,199.83031187284192,3999000
2022-11-15,194.12612915039065,201.8760647275519,192.35682408044948,200.71494816892505,6235200
2022-11-16,195.6097717285156,196.45756288221557,193.96025387004877,194.577666534335,3864600
2022-11-17,193.35206604003903,195.6834952363975,190.76259999831692,194.09849009863456,4561400
2022-11-18,194.0524444580078,195.5360827489233,192.87290751306512,195.00160287368527,2499500
2022-11-21,195.6097717285156,196.59578435138897,191.8592031714908,193.42577408726652,2365400
2022-11-22,196.46676635742188,200.64122332041887,196.11660062688773,196.80773607190295,2962500
2022-11-23,195.8401336669922,196.4944006473686,194.0431844136674,195.9967893392117,2405000
2022-11-25,196.5865936279297,198.5125546143555,195.80330106233257,196.28249230462217,1101900
2022-11-28,192.1540985107422,195.7572074759893,191.38001608319897,194.65139351531133,2755400
2022-11-29,196.0705413818359,196.50365409482615,191.776282686888,192.55957522600343,2280600
2022-11-30,200.36477661132812,201.7654817888978,194.1722156425297,196.02445366818569,5173000
2022-12-01,198.9825439453125,201.95904477813528,198.02417541486255,201.95904477813528,2638400
2022-12-02,197.8766937255859,198.89957480964483,196.46677845582735,196.96440388114655,1760000
2022-12-05,194.4947509765625,196.7893259975291,193.8957724752105,196.22720187084352,2504500
2022-12-06,194.56846618652344,196.4944270796481,192.3199697676158,194.92785608553325,3097600
2022-12-07,195.56369018554688,197.9319737081745,194.0616179582842,194.43944204974815,2828600
2022-12-08,196.31011962890625,197.72003487613404,194.93705875350437,196.0336626260565,1585400
2022-12-09,194.7619781494141,196.32854904568103,194.48552115332296,195.7295565439525,2334400
2022-12-12,198.8903656005859,198.95486426789057,194.22750707383415,195.9507337308022,3017500
2022-12-13,200.90850830078125,204.06929491884145,198.90882438832068,203.56245935089305,3585000
2022-12-14,200.5030212402344,204.30887862497605,199.37877301609063,202.10646068971508,2749800
2022-12-15,195.64663696289065,198.22687899982563,194.21828743698129,197.9043434722633,3373200
2022-12-16,194.90489196777344,195.4055690513354,191.60407901208785,193.3657509940046,5194100
2022-12-19,191.3630218505859,195.09033503293665,189.84242860496192,194.89561862471248,2355300
2022-12-20,190.45437622070312,191.94715484147497,188.841058198635,191.42792995560944,4081900
2022-12-21,193.2452087402344,193.9220544267669,191.6689863623101,192.3551130164304,2756400
2022-12-22,193.46774291992188,193.4862765597686,190.20402553417756,191.9564165512286,2399300
2022-12-23,194.62673950195312,195.4055768397886,193.04123606981491,193.04123606981491,1639500
2022-12-27,195.0068817138672,196.05459826615004,193.64390936610096,195.1366879304251,1139700
2022-12-28,191.80807495117188,195.8506299064409,191.7246311230146,194.92343853273533,1631200
2022-12-29,193.98695373535156,195.04395119050776,192.0583942447863,192.89286070755657,1484800
2022-12-30,191.9934844970703,193.77368986552153,189.77748399423513,192.5497907165656,1554200
2023-01-03,192.46633911132812,192.73521831768957,190.1947236411352,192.19744575715256,1766300
2023-01-04,194.00550842285156,194.90488509582457,192.45710068376815,192.93922996269808,1830900
2023-01-05,188.29400634765625,193.48626901338625,187.99729834788053,192.60544012925328,2317500
2023-01-06,196.5738220214844,197.0745132452471,191.00140741298924,191.74316328104956,3375200
2023-01-09,196.0638732910156,200.1620570299164,195.73008386601023,196.7407189605652,2259500
2023-01-10,196.8241729736328,196.91689776508736,194.5896384890567,195.98970644180932,1225300
2023-01-11,198.6599884033203,199.04014020416136,196.6850806984002,197.71426353249703,1840500
2023-01-12,199.0586853027344,200.50510134240952,196.62944883342433,199.6335393318834,2034600
2023-01-13,197.7050018310547,198.53020154256672,196.71291447236385,197.4083079645757,1693500
2023-01-17,198.70635986328125,201.1634252304944,196.9817835260276,198.85471386274344,2186200
2023-01-18,194.22802734375,200.0971499034391,193.9684149145411,199.02160461225017,2719400
2023-01-19,190.5377960205078,193.9869484963539,190.5285292015062,192.49417006380855,3065600
2023-01-20,193.46774291992188,193.52337213509543,188.71124695314768,190.87160441189383,5344000
2023-01-23,194.83071899414065,197.46393897983728,192.8743447189764,194.07969627935827,3155600
2023-01-24,188.38671875,191.92859625443953,186.36544853691953,190.0742136819329,4462600
2023-01-25,185.5495147705078,187.00521187376,182.6844971054689,186.32836619949293,4163900
2023-01-26,186.81048583984375,186.92175840842333,180.3386949887812,184.01964531909212,4207000
2023-01-27,187.6542510986328,189.007956653828,186.05021407291903,186.9681244271206,3429400
2023-01-30,185.62367248535156,189.0913726119204,185.43823707783667,186.22635524454336,2617500
2023-01-31,189.3231964111328,189.3417441987762,185.1044731086225,185.54025415743357,2958700
2023-02-01,192.79086303710935,193.87568921151143,187.86747993651704,188.4145335071058,3080100
2023-02-02,197.87185668945312,199.2440955605244,191.882195938952,192.85574942667824,3446000
2023-02-03,194.9790496826172,197.3804858703127,194.3300186107331,195.2386762591871,2142100
2023-02-06,193.74588012695312,195.06248993831144,192.9206805216717,193.80150933551803,1665600
2023-02-07,193.8200531005859,195.06250013065423,191.52062275692484,191.96567059651375,2067500
2023-02-08,192.05841064453125,194.3207597429482,191.48355654988384,193.1988520137829,1805100
2023-02-09,188.0436553955078,193.44918208783616,187.70986597915737,192.98558646222807,2989900
2023-02-10,190.5377960205078,191.0941164125405,187.0700957588432,187.49660994577695,2599900
2023-02-13,191.0477752685547,193.7273576308084,189.63844049373589,190.000044544427,4095400
2023-02-14,189.17483520507812,190.9364929730953,186.9217671918409,190.8715969405386,2174600
2023-02-15,188.32180786132812,188.33107468024585,184.90047002129012,186.93102104165837,2880000
2023-02-16,185.92039489746097,188.2569066797095,184.92829346107948,185.1415434888956,3375000
2023-02-17,186.91249084472656,186.9681200590977,184.1031023364516,184.34418112914855,7063800
2023-02-21,179.643310546875,185.5958768682903,179.5784003663063,184.89121658852025,4462300
2023-02-22,177.44589233398438,180.32945811610975,176.24054070021617,179.55988756645635,5816000
2023-02-23,179.24462890625,179.55987055277282,176.8524736545214,178.60486464560185,3125400
2023-02-24,179.89364624023438,180.4221378839834,176.46304152195842,177.37168496513286,3371400
2023-02-27,198.04916381835935,200.5041304600825,195.8088999334089,199.69202305110636,12140400
2023-02-28,193.4846343994141,197.33042634109185,192.8592274545564,196.51833309442245,6091200
2023-03-01,194.1473846435547,196.1636166176378,192.27114958995773,192.373829191116,2775200
2023-03-02,197.2930603027344,198.0398196227431,192.5324821005221,192.89652531057953,2812900
2023-03-03,195.4261932373047,198.7119261048087,194.1567065096271,197.89981865659323,3665800
2023-03-06,194.93145751953125,196.77967592525576,194.00734119504384,195.61286885844095,2300400
2023-03-07,191.72976684570312,193.87669509283916,191.0296824766318,193.62466073186263,3898000
2023-03-08,190.02154541015625,191.49637706210507,188.0519744401223,190.88031373332615,2980800
2023-03-09,186.28775024414065,191.18833977607804,186.14772485442103,191.18833977607804,3342100
2023-03-10,183.01136779785156,189.5734901493621,182.18993099647565,185.64369159685089,3909500
2023-03-13,182.1152801513672,185.8957242233924,180.83644972786183,181.66721591499552,2774700
2023-03-14,182.1619110107422,186.40909152283876,179.8096382522811,183.767438651549,3168900
2023-03-15,179.25892639160156,180.220388675973,176.79463003246897,178.4468330978854,5749600
2023-03-16,180.07102966308594,180.7151095331568,176.55193506825432,178.36282216867036,6357200
2023-03-17,177.36402893066406,180.4724051117975,175.2357736749199,180.4724051117975,11852800
2023-03-20,177.06532287597656,179.08156907199222,176.41191371335617,177.46669770328214,2956800
2023-03-21,176.92527770996094,179.87496930691688,175.84249160851817,178.67083071623702,3338900
2023-03-22,173.35955810546875,177.52271846905117,173.3128829660132,176.0105408048108,3325400
2023-03-23,173.80760192871094,175.34779601645957,171.46465814118417,173.63024495103815,3854900
2023-03-24,175.96383666992188,176.01051180168625,171.6139907085405,171.88468368357317,4263600
2023-03-27,180.3697204589844,180.82711400956953,177.5133787084677,177.93342645238158,3666800
2023-03-28,183.49673461914065,184.3275006192034,180.3696862153177,180.3696862153177,5635300
2023-03-29,185.83970642089844,186.56779294869753,184.33685823028716,185.26097462784057,3152100
2023-03-30,185.1583251953125,188.04266954408752,184.35556116935123,187.02521695398949,3050700
2023-03-31,187.8652801513672,187.98663265259557,185.42898625669417,185.63434545419543,3422600
2023-04-03,186.25973510742188,188.49066959775473,184.8129057726924,187.547894637181,1908400
2023-04-04,182.8433380126953,186.4370952100635,182.0779057448908,186.11039777934835,3556700
2023-04-05,181.2844696044922,183.2353674186715,181.15378779500767,182.14323781585463,2382200
2023-04-06,185.4196624755859,185.46633761155135,181.17248148126407,181.64854792755892,3280000
2023-04-10,185.1676025390625,186.03571436960905,183.972793288423,184.0567999755969,2402000
2023-04-11,185.6623382568359,186.7451386535308,185.2982950148912,186.1664068953752,3598000
2023-04-12,185.503662109375,187.33322196947688,185.0369392539997,186.46511005198812,2315400
2023-04-13,184.74754333496097,186.4090752905828,183.6367408407898,185.6529866666845,2894400
2023-04-14,185.3169860839844,186.3531114500577,184.23418558113707,184.9436134762966,1947800
2023-04-17,186.7264709472656,189.19076701743631,185.24229570752385,186.36242769519217,2740800
2023-04-18,186.1944274902344,188.53737122785864,185.78370907558264,187.34256179064565,2388100
2023-04-19,188.5560607910156,188.75209068560207,184.90628411672955,184.90628411672955,2619800
2023-04-20,189.1161346435547,193.98872311321952,188.0146611355991,188.9201047482966,2989200
2023-04-21,185.61569213867188,190.17089769004164,184.9716122955346,189.48015695424368,6029400
2023-04-24,186.9505157470703,188.27600701760284,184.20618293266767,184.74758318287144,2723700
2023-04-25,181.78855895996097,186.25975781446144,181.2191564854012,184.9062643319593,2594400
2023-04-26,178.75485229492188,181.4338369072456,177.7000540916859,180.69642106820305,2377500
2023-04-27,180.65904235839844,180.88307441409697,177.77469907711614,178.52145835286277,2287500
2023-04-28,182.67532348632812,184.00081469178113,180.033670404997,180.033670404997,1814900
2023-05-01,185.4103240966797,186.5677876499219,182.51663672707195,182.51663672707195,2195000
2023-05-02,183.02069091796875,184.74755678192463,180.14567667769228,184.30883619778584,2693800
2023-05-03,182.3299560546875,184.88760248111976,182.26460801686096,184.05682210833305,2017400
2023-05-04,183.94483947753903,184.2622076525673,181.11649965220653,182.40465950094335,1866300
2023-05-05,187.8372802734375,189.0227603387341,184.9529363859083,185.47566371582604,2065000
2023-05-08,186.6331329345703,189.33079040022503,186.22241455337704,189.01342228503057,1973000
2023-05-09,187.23985290527344,187.3425324928787,184.66354812979097,185.6996733344442,1606700
2023-05-10,185.81170654296875,189.11611243554395,183.80480390124063,188.66804822564288,1703500
2023-05-11,184.89694213867188,185.65303094288905,183.93549412303128,185.5036761994443,1397200
2023-05-12,185.7464141845703,186.22246649013124,184.23422206450033,186.1571184370566,1459500
2023-05-15,186.3531036376953,186.75449270522188,184.3742032620568,185.59701488071084,1630500
2023-05-16,183.76747131347656,186.0264084553483,183.42210092301457,185.86772437748056,1893900
2023-05-17,185.60633850097656,186.80114785063728,183.75812001372813,183.9261334020003,2273000
2023-05-18,185.5783233642578,185.97036881954716,182.17125251310657,184.8035617824063,1947800
2023-05-19,185.72767639160156,186.7451287003404,184.1221487836605,185.8490288801988,1798800
2023-05-22,185.09295654296875,188.5093714994228,183.0300493554899,187.63193019159831,1744000
2023-05-23,183.31005859375,184.99959291634235,181.89121723862408,184.99959291634235,2434100
2023-05-24,179.13758850097656,182.94604910828053,178.57751531865878,182.7406898909809,2970800
2023-05-25,180.35107421875,180.9298060727411,178.0174596549112,178.34415714789685,2467500
2023-05-26,180.2483673095703,181.04178759516017,179.3055780528831,180.6964172498593,2287400
2023-05-30,182.5037841796875,182.96427778512825,179.70326664280964,180.5396634454921,2453400
2023-05-31,180.92501831054688,182.2313016028944,179.59993555174927,181.44189608948827,3569300
2023-06-01,183.8946990966797,184.25181728042705,180.6712858984704,180.86864445785503,2713800
2023-06-02,186.6952209472656,188.63115013413216,185.0224269310533,185.30434722833184,2522700
2023-06-05,186.7609710693359,188.16123715288924,186.23470080270337,186.77037797110464,2140600
2023-06-06,184.5337371826172,185.82122097825135,183.4060129985748,185.1727756289845,2341900
2023-06-07,189.3265838623047,189.50512860103103,182.43804936349937,184.4773540722369,2582800
2023-06-08,188.8848876953125,189.72128468107388,185.6332684022524,189.3359744986985,2180700
2023-06-09,187.64437866210935,189.62729926679177,186.74220506687223,189.62729926679177,1806800
2023-06-12,186.97715759277344,187.6068034964445,184.07324944148965,187.54101253317864,2096400
2023-06-13,186.9489288330078,187.5221906079608,182.87972669481803,185.50168555219307,3577800
2023-06-14,190.52947998046875,192.69094523785495,187.3060528797696,188.08606576804496,3259400
2023-06-15,193.51795959472656,194.3825486102097,190.5294898024994,190.91478564541677,2288600
2023-06-16,192.34326171875,194.43895066041736,192.16470262537257,193.9408723156237,4139800
2023-06-20,189.25140380859375,191.93915391922383,188.9130851114588,190.7174467162481,2412600
2023-06-21,191.38465881347656,191.8733445156577,188.07667002585495,188.39618922583148,2191200
2023-06-22,191.1215362548828,191.38467141805117,189.7118774494276,191.36588629196123,1809300
2023-06-23,187.8511505126953,189.82467877240632,187.07113750870636,189.72130320947304,7413900
2023-06-26,189.2044219970703,189.65550883640933,187.7853705130079,188.1330817912701,1764800
2023-06-27,190.75502014160156,191.1309377496275,188.5747553742132,189.4957284192433,2433900
2023-06-28,190.85841369628903,191.16854037474533,189.49574629564796,190.81142219837895,2498200
2023-06-29,192.32443237304688,192.52179090343347,189.50511493191868,190.18175226497263,1957400
2023-06-30,192.2962646484375,194.17580984672867,191.11215633583913,193.1890600894593,2298700
2023-07-03,193.71531677246097,194.6362898394524,189.89043568091145,191.00876728929651,1057400
2023-07-05,191.62901306152344,193.39577560258292,191.22490343163557,192.31504296832117,1818100
2023-07-06,190.31333923339844,190.7832255214724,188.51838451119735,189.86225241198903,1518500
2023-07-07,190.60467529296875,192.0989102044989,188.42439609594092,188.9600733320316,2074800
2023-07-10,192.5218048095703,193.0480751422278,190.23815006061383,190.4543080713626,2025200
2023-07-11,194.3355255126953,194.71144307120304,192.68153127462716,193.59311163679905,2101000
2023-07-12,196.33726501464844,197.93487536443033,193.5931310908347,195.53846700965252,3261500
2023-07-13,197.92547607421875,198.21680323906708,196.00834658760405,196.8165371276144,2214300
2023-07-14,198.2825927734375,198.91223858903624,197.23003788695033,197.69992410812455,1603000
2023-07-17,197.22067260742188,198.13225314978683,196.50645061475913,197.8785105401101,1471700
2023-07-18,199.81442260742188,200.17154074302024,196.50643376110636,196.84475243172844,1893600
2023-07-19,201.34625244140625,202.05108179651037,199.70165061283,200.03996927687157,2036600
2023-07-20,203.7238922119141,204.51329771224832,201.69398006266215,202.07929024965543,3137600
2023-07-21,203.7238922119141,204.18438592367127,199.2693651632431,200.66963142486236,6040100
2023-07-24,203.87423706054688,205.90414898875144,202.7747050177168,203.29158273181375,2165200
2023-07-25,202.56797790527344,204.35354003097095,201.81615699031985,203.26340042127777,2766100
2023-07-26,223.66586303710935,225.99649490571596,219.324118519828,222.5663308933741,14540700
2023-07-27,218.1211853027344,222.1528026913816,216.53296761212545,221.26941431863185,5806700
2023-07-28,218.75083923339844,221.08147091590425,216.38260862226124,217.89564285440588,3595800
2023-07-31,218.04600524902344,220.41422146997192,216.5423636111414,218.7132356502389,2988700
2023-08-01,217.5573272705078,218.17758054358455,215.3300711005749,217.54793470811208,3486300
2023-08-02,216.3356475830078,218.45013591278487,216.02552090719885,217.2284286765109,2740200
2023-08-03,216.04429626464844,217.77347419759252,214.7850045747733,215.76236165084904,1914100
2023-08-04,214.7662048339844,218.79783682461868,214.49367712286215,216.6363572413205,3176300
2023-08-07,215.86575317382812,217.8674733061791,214.83201196644484,216.43901500639012,2211300
2023-08-08,214.86019897460935,216.49539400582725,212.73630387092143,216.4390099481702,2513700
2023-08-09,215.44285583496097,215.96912616553476,213.10281703674065,213.56331074588823,2562500
2023-08-10,216.4295959472656,217.4069529760235,215.6965745907499,216.11946932107983,2737700
2023-08-11,215.6684112548828,217.07807010336788,215.47105270658673,215.9127469596287,2346200
2023-08-14,215.959716796875,216.13827586080836,214.50306659823897,214.89776931545433,1682100
2023-08-15,211.9562530517578,215.32063984175883,211.88108388151505,215.0575047265443,2146200
2023-08-16,211.0917053222656,212.5389630776975,210.1895317057026,211.77774960753771,2169200
2023-08-17,210.8661651611328,213.01823794829477,210.57483797079732,211.721347266372,2075400
2023-08-18,211.6931304931641,212.09724009107725,209.71021011031615,209.81358565026707,1660100
2023-08-21,210.48085021972656,212.1912287312992,209.94517300590715,211.67436532261237,2000600
2023-08-22,209.01483154296875,211.07293587205564,208.2254259849002,210.76280918714468,1636200
2023-08-23,209.6914520263672,210.1989228898808,208.0374431738674,209.40951739561916,2026500
2023-08-24,209.11817932128903,210.7345891576983,209.0805803912571,209.84179381681685,1738900
2023-08-25,210.67819213867188,211.89989925646623,208.8926301248273,209.7854111317496,1609900
2023-08-28,211.0165100097656,213.5632997842472,210.38686415801925,210.42446308815383,1731300
2023-08-29,209.98275756835935,211.6743508386319,209.5692553978717,210.9131231121671,2362100
2023-08-30,210.69171142578125,211.84494461630285,209.5195687533979,210.6160879220428,2690700
2023-08-31,208.4987030029297,211.58028528475307,208.4703315661749,210.70117460922356,2410300
2023-09-01,208.93353271484375,210.22855113413937,207.68578079470203,209.51014938761597,2303700
2023-09-05,203.90467834472656,207.7897477729706,203.4036707948197,207.4588967241794,2679700
2023-09-06,201.18226623535156,204.35838112294755,200.11410412838651,204.0180825841441,2344800
2023-09-07,199.0459747314453,202.02357640174608,198.41262966250017,200.79471965296625,2882100
2023-09-08,200.2086639404297,200.5584100547321,197.59970331872805,198.80966505951025,3188200
2023-09-11,200.0290679931641,201.1633918458137,198.5544455423485,200.8798072767237,1943900
2023-09-12,202.16537475585935,203.14846598900888,195.5390213689129,199.4902525143245,2828200
2023-09-13,200.5205993652344,202.29770131937732,199.24447610688992,202.19372079889217,2919700
2023-09-14,203.89520263671875,204.70813727369705,200.15193294920655,202.42058037050435,2798700
2023-09-15,201.64549255371097,202.48678431789787,200.5773302465697,201.39971252624943,4222800
2023-09-18,201.4847717285156,202.6947190390685,200.2748244179628,202.45840097960567,2206800
2023-09-19,200.18031311035156,201.82507763270576,198.4126441533213,201.0121429017144,2156000
2023-09-20,201.32408142089844,203.13900242496877,201.24845790943175,201.45641896003764,2116800
2023-09-21,199.83053588867188,201.6170997570117,199.3200952507358,200.45441899792297,2370300
2023-09-22,197.78875732421875,201.37133256151407,197.32556876070035,199.17830859106508,2416500
2023-09-25,197.07037353515625,198.04400289210457,195.79426452953737,196.56938034852115,1427400
2023-09-26,193.62953186035156,196.84346562732227,193.4215708462185,196.0116215707898,1990200
2023-09-27,191.3230743408203,194.30069022008203,190.43453064989873,193.97930115589497,2760800
2023-09-28,192.9394989013672,193.61064847356113,190.55740904734728,191.3514341907845,2112600
2023-09-29,192.48577880859375,194.61264121557832,192.20219426958735,194.61264121557832,2246700
2023-10-02,191.5499725341797,191.97534217164457,189.1773443250724,190.8410183305015,1888000
2023-10-03,192.62759399414065,193.9131649381581,190.56690724089657,190.88829637097317,2087500
2023-10-04,191.20018005371097,193.7807686908092,190.3305315055531,192.3628606272179,1911900
2023-10-05,189.6594085693359,191.3419918865337,188.59124639625665,191.10567384284064,2037200
2023-10-06,191.3798065185547,193.0340327869594,188.42110006290704,188.8937361395941,1760500
2023-10-09,193.11911010742188,193.4594086706657,189.791747980561,190.4345405661144,1557700
2023-10-10,195.05691528320312,195.70914095533973,193.00566201052496,193.79970158408457,1972900
2023-10-11,198.015625,198.450456577279,195.67135388103023,195.8982244113988,2851100
2023-10-12,196.6071929931641,198.6111656752223,194.54649185657613,198.50718514415075,1851200
2023-10-13,196.3802795410156,198.9230638077274,195.6902349439621,197.45788916227073,1874600
2023-10-16,199.29177856445312,201.6360500394852,197.306700787424,197.76044191707817,2358900
2023-10-17,199.77381896972656,201.70218229333685,198.10069759694883,198.41262472334492,2479900
2023-10-18,194.65045166015625,198.88526712031177,194.2250820505996,198.63950153836353,3487200
2023-10-19,198.8191070556641,208.05442065082568,198.63950302670997,206.60815531327103,6031000
2023-10-20,199.77381896972656,203.19571406791067,198.51660524004657,200.8608906304633,5485700
2023-10-23,196.3897705078125,200.0574316969336,196.12509541413476,198.78130830521465,2576500
2023-10-24,194.1967315673828,197.6280744190111,193.08130282228,197.04199582126165,2937500
2023-10-25,193.98876953125,195.74697646811396,191.25693334467363,192.69375118281323,2457300
2023-10-26,191.171875,195.00021627313703,190.8693809408476,193.1569381742728,2626300
2023-10-27,190.68031311035156,192.8638896277584,189.02608672762403,191.47433831237052,2427600
2023-10-30,194.5370330810547,195.70916144678716,191.3325607116207,192.117138414589,2230100
2023-10-31,196.24794006347656,196.531524576492,193.44048078966767,195.09470695459916,2057800
2023-11-01,196.20068359375,196.98526120288696,194.215620748682,195.72804752248976,2444200
2023-11-02,199.8211212158203,200.31266687578616,196.38033044348225,197.15546069280188,1776600
2023-11-03,200.5205993652344,201.7305466452204,199.99124923320417,201.34298157580207,1634800
2023-11-06,201.43751525878903,201.52258629664848,197.89274444421892,200.3977100503647,1547200
2023-11-07,199.8400115966797,201.22010101657384,199.35791351375352,201.0877634773551,2324200
2023-11-08,200.3977203369141,201.3146355885788,199.4808050852493,200.48279137914025,2483100
2023-11-09,198.72457885742188,201.2012019328597,198.04398169113313,201.1539354361461,1496400
2023-11-10,199.9156494140625,200.32210959085265,197.0892799668461,199.66986937813263,2673600
2023-11-13,197.94000244140625,199.5564243276696,196.74896460459257,199.5564243276696,2185100
2023-11-14,203.88577270507812,205.4076615955303,200.8419949241738,200.8514424540824,2610400
2023-11-15,206.14498901367188,208.33801329294673,203.99921681136803,204.5191194714475,2709700
2023-11-16,207.3549041748047,207.6857552044051,204.9255477699945,206.409632003042,1438200
2023-11-17,207.213134765625,209.17928833849612,205.90865445450171,208.70665221692505,2002600
2023-11-20,208.9996795654297,209.54792472332,205.0484344510486,207.01460226735523,2548000
2023-11-21,209.85044860839844,210.79572089942727,207.10916473389904,208.9997093159567,2422300
2023-11-22,211.2588653564453,212.0056239638352,209.96383278030527,210.54991128636195,1716200
2023-11-24,212.0056610107422,212.67681066079905,210.9186036828063,211.09820771973884,1045600
2023-11-27,207.8180999755859,211.82604489239415,207.3643589322532,211.49520827497025,2369200
2023-11-28,209.12258911132812,210.4932310761428,207.46836256875957,207.6857855851403,1827600
2023-11-29,209.3494415283203,211.62755105991783,208.76337736243744,210.6350123355898,1228900
2023-11-30,212.94146728515625,213.2912133749506,208.57430002065345,210.08674127286625,4430100
2023-12-01,218.70762634277344,219.63400349250327,213.8583897195676,214.9643564730605,3239000
2023-12-04,221.09918212890625,221.864864797186,217.9325286221252,218.13102772508964,3881900
2023-12-05,219.46385192871097,220.37131961602773,218.26335215786037,220.0499160957785,2632400
2023-12-06,220.22007751464844,221.18425924950543,219.15191525521163,220.36186258284363,1804900
2023-12-07,220.04896545410156,221.389267333623,219.14590614974568,220.9329946619699,2075100
2023-12-08,218.4139709472656,221.40828118183816,218.16681176922128,220.19154439724736,2544800
2023-12-11,220.56228637695312,220.856962800926,218.1953454315893,218.55656917950327,1810200
2023-12-12,221.3988037109375,222.94823373603663,221.03757995439565,221.56990054004797,2427500
2023-12-13,224.9919586181641,225.10602315896492,220.1154964338753,221.417781623507,3926700
2023-12-14,230.8570251464844,232.9578057370918,227.2258157061047,227.81518303954036,4863600
2023-12-15,230.02052307128903,230.85703512610263,225.66688047501071,225.89502408213664,4768500
2023-12-18,229.18402099609375,231.83612329257187,229.03192526101284,231.03764244036853,2457600
2023-12-19,230.6573944091797,231.3988429589444,228.1383723496775,229.40264090367296,2314200
2023-12-20,226.08514404296875,230.1536108921961,225.9520638938687,228.34752108231748,2724800
2023-12-21,230.14410400390625,230.3627325632626,225.85700870746388,226.3512981021262,2603100
2023-12-22,231.54144287109375,232.84372813168736,230.3532221575164,230.99010671943617,1824800
2023-12-26,233.1669158935547,234.25057258188437,231.57945479339216,231.57945479339216,1454100
2023-12-27,233.66123962402344,234.50725224643645,232.235374675823,232.55856724963283,2206000
2023-12-28,233.86083984375,234.78290022983091,233.08136013401287,233.87984093083145,1208500
2023-12-29,233.48062133789065,234.35515007490403,232.63460873868704,233.83234454529176,1228700
2024-01-02,231.3988494873047,233.8323377115931,230.75246437630835,232.87224608456077,2622200
2024-01-03,229.75433349609375,231.90264563491033,229.0699172666039,230.79997343132715,1748200
2024-01-04,229.14596557617188,232.01671062746985,229.0223859914071,229.31707688620355,2305400
2024-01-05,228.0528106689453,230.0395120647531,226.6269459247423,229.94444861328105,2316900
2024-01-08,228.7277374267578,228.77526915780712,225.78095866212257,227.34940425421487,2567800
2024-01-09,225.6763916015625,227.4634657267195,224.38360685961504,227.4634657267195,2055200
2024-01-10,227.1877899169922,227.30185445872715,225.09652445885297,225.1440561861248,1683400
2024-01-11,224.6973114013672,226.66499750897515,223.19539856562108,226.66499750897515,2219300
2024-01-12,225.9615478515625,226.23720865653655,223.1953667351931,225.54329186775655,3018700
2024-01-16,224.5357208251953,226.4748908432346,223.66117752773275,226.04713424414567,2578700
2024-01-17,224.15545654296875,226.44634953624023,222.8816874322628,223.26191225482816,2311100
2024-01-18,226.22772216796875,226.9691707290899,223.45204033575789,223.91781357013176,2326500
2024-01-19,227.4444580078125,228.33800229666625,224.82085741421693,226.7030094499652,2272100
2024-01-22,231.09466552734375,231.94067807620632,229.19351242835847,230.7619579331625,3005300
2024-01-23,231.30377197265625,232.44446082481352,230.2866481972576,231.94065646090533,2398300
2024-01-24,230.3532257080078,233.29050387612864,230.3532257080078,231.71254326306104,2843400
2024-01-25,229.6307830810547,233.31901021479433,225.4197214416627,232.03574058103243,4154600
2024-01-26,228.50909423828125,230.2391505060969,226.4843615633347,229.5357186436916,2493400
2024-01-29,233.05284118652344,233.40454985369183,227.35888267067435,227.83417092561396,2844600
2024-01-30,234.5072326660156,234.77339294041784,230.3342021795664,231.81709928113509,2435400
2024-01-31,231.8741149902344,235.74296824585412,231.7505499103616,235.0680525595576,2798900
2024-02-01,236.9501953125,237.11179156814228,232.6155690292979,233.21442232852615,2116300
2024-02-02,236.05667114257812,237.3969875293304,233.727761547897,235.85704368948123,1994200
2024-02-05,234.45021057128903,236.80763646318127,234.29811483512887,235.12512633509513,2701300
2024-02-06,237.5205535888672,238.42361289866713,234.45019544948775,234.45019544948775,2357300
2024-02-07,236.84567260742188,239.2125990931279,236.65556018556583,238.3475853979859,2337200
2024-02-08,236.52247619628903,236.9217166270934,234.23158311283424,236.76012034590937,1871500
2024-02-09,237.1213226318359,237.2163860907535,234.31712464953569,235.8760696451114,2012500
2024-02-12,235.17263793945312,236.76011357762525,234.79241311278935,236.49393879338373,2259600
2024-02-13,233.4711151123047,234.09849913815032,231.69354154372283,233.8418393994594,2664100
2024-02-14,237.7487030029297,237.98634714193128,232.9387879502812,234.18404091790595,2579500
2024-02-15,238.16696166992188,238.9654425047752,236.49393762967983,237.64414165734624,2252300
2024-02-16,234.40264892578125,237.37795792686725,233.88934401255912,237.08328154106877,2202400
2024-02-20,234.9254913330078,235.0966026568615,232.76767847247152,234.4026713221315,1907200
2024-02-21,238.89891052246097,239.03199066206827,235.09660424265465,237.1118219294648,1721700
2024-02-22,241.9312438964844,242.35901496781943,237.74871268164517,239.53580132117625,2507600
2024-02-23,244.2126312255859,245.33430462121777,242.34949475759984,242.65368622365776,1943500
2024-02-26,240.15365600585935,245.8761308265335,239.91601187133392,244.2886552438142,2806400
2024-02-27,240.77151489257812,243.06240773478856,239.73538999045925,240.18216210506944,2206300
2024-02-28,242.6824951171875,244.4596894133298,240.11225026411057,241.26837349352135,1885800
2024-02-29,242.39585876464844,244.35459677331613,242.16653818810275,242.9978161659084,3022100
2024-03-01,241.7174530029297,242.19519325331547,239.60584926073085,241.60280000826924,2811400
2024-03-04,242.1856231689453,243.49462667861732,241.22059319357444,242.08051973959013,1834900
2024-03-05,242.40542602539065,244.2399470333121,241.1537487683825,242.54875686350329,1368800
2024-03-06,239.82562255859375,243.6284311368312,239.6727421686454,242.15699747713853,1911000
2024-03-07,237.9528656005859,242.0709989459124,237.65666896797595,242.0709989459124,2395600
2024-03-08,239.78741455078125,240.045383812072,236.586548752243,237.19805574480077,2409100
2024-03-11,238.7458953857422,240.2842194934835,236.28075407510536,239.0803193750456,1539600
2024-03-12,239.9976043701172,240.95308494726612,238.12487060341215,238.31596380294664,1633900
2024-03-13,238.15353393554688,239.61541805272492,237.39871069431163,239.11856407018468,2129000
2024-03-14,235.10552978515625,236.94005059786545,232.75505591678447,236.4145334063269,2519700
2024-03-15,233.2614593505859,235.41129047761495,232.4015181520891,232.6117250286455,3258900
2024-03-18,233.48123168945312,234.68513195399396,233.00349140645616,234.1500651697536,2280700
2024-03-19,231.90467834472656,234.26470176431695,230.53833364972647,233.4238888391769,3244300
2024-03-20,235.34437561035156,236.52917655807877,231.8473138380789,232.0670848278782,2564800
2024-03-21,237.06427001953125,239.2141011679404,235.6501629463864,236.51008957395985,3215400
2024-03-22,234.0640563964844,238.00063134303792,233.96850251585968,237.3031346687984,1676900
2024-03-25,232.9939117431641,234.28380159289725,231.8473235485463,233.58630495210193,1974700
2024-03-26,229.97459411621097,233.3569885276726,229.7930504962007,233.1181184128117,2801900
2024-03-27,233.7392120361328,233.87297873019656,231.21674396273397,231.39827302080343,2150500
2024-03-28,234.9813232421875,235.77437384342824,233.34745967607577,234.9239967422504,2265900
2024-04-01,232.46841430664065,235.000431862378,231.82824410536887,234.5704685426552,2493800
2024-04-02,231.73269653320312,233.02260110698185,230.14659532175813,231.4842768389131,2019400
2024-04-03,230.7962951660156,234.09269965340343,230.0796848609542,232.05752172159728,2097200
2024-04-04,229.97459411621097,234.02582193338824,229.08598970760144,232.43973545111257,2062500
2024-04-05,231.23582458496097,232.00021188111648,230.0032611867598,230.81542542257665,1503700
2024-04-08,229.59239196777344,232.65949064129907,229.35352185417867,231.2262699597305,2139200
2024-04-09,230.0701446533203,231.0829662365654,227.4139100126687,230.29946522339995,1736900
2024-04-10,226.3055419921875,228.0253950746024,225.3787248238216,227.5763181134571,2181000
2024-04-11,225.6462860107422,227.14638286515031,224.5665883437932,226.315119467468,1692400
2024-04-12,223.96463012695312,224.99655084763117,222.8658333505841,224.35638064284936,2595000
2024-04-15,223.52511596679688,227.3279243675036,222.1396721238247,227.12728162210507,2298000
2024-04-16,220.96441650390625,223.9932879574976,220.66821987984952,223.9932879574976,2025400
2024-04-17,219.0248260498047,221.79572869175897,217.72537177827937,221.48041832666703,1997000
2024-04-18,219.57899475097656,221.1077695455362,218.900611688255,220.44848559762585,1570200
2024-04-19,221.74790954589844,222.4454062077481,220.1713580204472,220.41979227386827,2971900
2024-04-22,224.031494140625,225.15895403252577,221.70966915013113,222.61738720824084,2200000
2024-04-23,225.7704620361328,226.75462028188963,224.35635509672733,224.92008504547675,1980800
2024-04-24,221.65235900878903,223.7066508008993,219.11079199701777,223.45821654373265,2951100
2024-04-25,232.7072906494141,232.76461714964393,225.60806258826693,229.54465236460635,3897500
2024-04-26,231.98110961914065,233.9302980493482,230.01282207570753,233.04169358218647,2255500
2024-04-29,230.2230224609375,233.51942725431851,228.8089154099359,232.55439720253287,1625800
2024-04-30,226.60177612304688,229.38222808870816,226.2291392828689,229.04780405646895,1737000
2024-05-01,224.49972534179688,226.52533952265676,223.7448875128696,225.3214392305474,1651700
2024-05-02,227.1081390380859,227.4521125659152,222.82759092024585,225.49337482631725,2440900
2024-05-03,229.6593017578125,232.54485705302713,229.08600760556624,231.48427307700467,2174700
2024-05-06,228.5605010986328,231.04474169745265,228.39805658065347,231.04474169745265,1527700
2024-05-07,231.58937072753903,232.31553066667936,229.1242292616878,230.6243260813734,1585300
2024-05-08,234.95265197753903,235.43039223335307,230.4523469322774,230.7198803091752,1739000
2024-05-09,235.63104248046875,237.8190863714273,234.044941379718,234.64689874940083,1765100
2024-05-10,236.38587951660156,237.4273643845124,235.6406058625403,236.95917367179143,1299500
2024-05-13,234.7424468994141,237.34135507733745,234.42715115809656,236.3954386944336,1317200
2024-05-14,234.0354156494141,236.0037033119309,232.33466138299795,235.83172380564184,1357500
2024-05-15,235.56414794921875,235.88902238844108,234.4558016877585,234.9048786736637,1769200
2024-05-16,234.95265197753903,236.26167019251284,234.03539885088247,235.181972548941,1526000
2024-05-17,234.0640563964844,235.9272404328641,232.4970689787759,235.344396751794,2105700
2024-05-20,232.78369140625,234.02580424606992,231.07337334860324,234.02580424606992,1130300
2024-05-21,224.49972534179688,229.36311803500007,224.0984106649503,229.31534108971104,2967600
2024-05-22,224.2608337402344,224.77678679335625,222.1683291202603,224.31816023730624,2634200
2024-05-23,222.3498687744141,224.42325966515895,221.4803780390928,223.8021886058687,2815700
2024-05-24,221.71925354003903,223.7066547349466,220.754208901567,221.67147659901488,2305500
2024-05-28,218.81460571289065,221.92948178204017,218.0788961522983,221.814814196648,2480900
2024-05-29,215.8239288330078,218.17440257682605,215.62327152342596,216.69340496259687,3279100
2024-05-30,219.0343475341797,219.20632702011568,215.45129578243095,215.98636251130944,2840400
2024-05-31,223.7236785888672,224.18492077808523,218.20793636890127,219.24574229161044,5524500
2024-06-03,219.3995056152344,224.37711509184544,218.4577838256386,223.8966501773019,2593900
2024-06-04,218.7268524169922,220.82168715911203,217.40077916637395,219.1977133320521,1820800
2024-06-05,218.5250701904297,220.13942537042425,217.1701555241029,219.79349002290732,2920800
2024-06-06,219.3899078369141,219.97607567501385,217.57375087339616,218.75569057025652,2023200
2024-06-07,219.06317138671875,221.70572838144483,217.83318239491084,218.64996394116005,2555600
2024-06-10,220.00486755371097,220.04331295551867,217.4103601114255,218.4673887217685,1884800
2024-06-11,218.5250701904297,219.98567306872192,217.48726414787896,218.88060955831804,1619900
2024-06-12,217.6217803955078,222.2342465252246,216.94913244510917,219.99527825540608,1931900
2024-06-13,213.44174194335935,217.36233764431356,212.7306632106107,216.83382327360408,3283900
2024-06-14,213.4225311279297,213.50901129765967,210.0112271387488,212.69221503876204,2130500
2024-06-17,212.73065185546875,213.81649259991931,210.7222973539747,210.9529257932356,3134500
2024-06-18,213.88375854492188,215.0849208056001,212.50962129414089,212.73064570719583,2057100
2024-06-20,216.37255859375,216.62239506007268,212.81712131085072,213.62429881370085,2267800
2024-06-21,217.27586364746097,217.7467245843139,214.42190062715943,217.2950863512947,3322600
2024-06-24,217.5160675048828,220.4180795716013,217.12208277257955,217.8043493739492,2407600
2024-06-25,215.30593872070312,216.33414069289452,211.00097712071783,216.06508150930955,3079500
2024-06-26,214.87353515625,216.34375672771333,214.1624417529264,215.24829723010092,1921500
2024-06-27,214.73898315429688,216.52631316526688,214.07593924758825,215.8056158166923,1815000
2024-06-28,217.4199676513672,218.55387242106295,215.54615750507432,216.11310255860977,3492600
2024-07-01,216.07467651367188,218.97668862996937,215.39240990064616,217.3046654909188,1697300
2024-07-02,216.6896820068359,216.72811274942808,215.07532689069913,216.0746874869801,1530500
2024-07-03,216.7569580078125,219.18810940807663,216.21882496352524,217.1317200709426,1219800
2024-07-05,216.37255859375,217.8235572950133,214.11438238963655,216.36295457441545,1659400
2024-07-08,214.66212463378903,215.9017177235477,213.45135826732997,215.73836140397495,1781600
2024-07-09,213.1150360107422,214.20089150996847,212.00997247025,213.5955009696739,1514200
2024-07-10,215.6422882080078,215.75759510708463,213.25917143448808,213.65315622317004,1832700
2024-07-11,219.78387451171875,220.02410697208373,215.49812096725225,216.06508071730917,1517900
2024-07-12,221.2252655029297,223.34891220528624,219.78387076530967,220.6967511666106,1912300
2024-07-15,226.7698516845703,227.21187122614475,221.2829355208302,221.5904401259486,2569500
2024-07-16,233.56361389160156,234.29392998324676,226.6833524434123,226.77945129630024,3417400
2024-07-17,234.36117553710935,236.4463915076703,233.2753201377024,233.92876004634684,2933000
2024-07-18,233.51556396484375,236.26382399761064,232.7179904079869,233.16002460264747,2491300
2024-07-19,232.85252380371097,235.23562568026068,232.06455430383227,235.23562568026068,3870100
2024-07-22,233.76541137695312,233.86149556547173,231.4495668930521,233.29455046654604,2187000
2024-07-23,230.14268493652344,233.4098403607602,229.94088322886543,232.76601916032752,2538300
2024-07-24,228.1055450439453,231.33427010421565,227.58663468530497,228.89349993976265,3288800
2024-07-25,226.1548614501953,230.3348977845307,221.87871159664408,226.64493042849443,3017600
2024-07-26,230.9691162109375,233.6501042367995,226.67375829453735,227.95179684794715,2818600
2024-07-29,232.6891632080078,234.36118646791655,230.63277386341088,231.5744956973616,2023000
2024-07-30,235.8409881591797,237.5994914108144,233.32335683517937,233.65006944036836,1914400
2024-07-31,237.09022521972656,239.4445004935276,234.9281329894269,235.92750827583615,2285700
2024-08-01,234.91851806640625,239.59824167342455,234.26507815367663,237.70520872440932,2166100
2024-08-02,230.5943145751953,234.37076147583872,226.49114041412295,234.0152221583823,2114600
2024-08-05,225.693603515625,228.67249210492216,222.2246459502394,227.749992938761,2494400
2024-08-06,229.22982788085935,232.0741721403275,225.5590686679815,226.18368189320952,2514600
2024-08-07,227.5866241455078,232.4873722884215,227.23108478993845,230.4790324033862,1939200
2024-08-08,231.14205932617188,231.47839063822565,227.64427526384125,227.97100255595453,1444800
2024-08-09,228.24008178710935,231.074822156877,227.69234468724937,231.074822156877,1621100
2024-08-12,227.50015258789065,229.03764628458063,225.72242641750697,229.03764628458063,1782100
2024-08-13,227.9998321533203,229.66223670679233,226.03952702642604,228.7301335689053,1486200
2024-08-14,231.79551696777344,232.78527361446567,228.03827745356213,228.67249472113977,1903100
2024-08-15,234.188232421875,235.6872807201192,233.26573326615653,234.39962351029575,2128000
2024-08-16,234.97618103027344,235.8121853290189,233.89032558008591,234.4668893698163,1951400
2024-08-19,236.4560089111328,237.02295398845783,234.63023344732903,235.42780696103864,1686500
2024-08-20,236.86920166015625,237.580295008594,235.725692823363,236.45600887381943,1552000
2024-08-21,236.1293029785156,238.5988998884115,235.42782824886064,238.0511628009553,1482900
2024-08-22,234.7744140625,237.34969930843312,233.34262314844975,236.41759607741005,2722300
2024-08-23,237.20553588867188,237.34006547921084,234.49570671301137,235.427809826969,2449200
2024-08-26,238.15684509277344,239.8000415504866,237.34966755614704,238.07996894700537,1680600
2024-08-27,240.5688018798828,240.7129354971659,238.35866021824185,238.78147171244072,1466200
2024-08-28,242.79815673828125,244.45095734381684,240.04989663025128,240.6841138850182,2359700
2024-08-29,243.30743408203125,244.7007794262482,241.5681534067388,243.893601874614,1287700
2024-08-30,247.3937835693359,247.59664420946987,243.36538871110247,243.36538871110247,2386600
2024-09-03,246.5436859130859,248.22460498564664,245.42307319804547,247.1812626903826,2585800
2024-09-04,247.01702880859375,249.30655922825105,243.5296152950662,246.7658631013131,2880300
2024-09-05,242.98863220214844,247.41309321316095,241.3849983562292,247.11363718246105,2562500
2024-09-06,241.15316772460935,245.0559725136188,240.77641178027275,242.86305215010185,2406200
2024-09-09,242.58290100097656,243.57792346643785,241.3367128250327,242.19648994782847,2162500
2024-09-10,244.0029754638672,244.0416106715014,241.14348365794143,243.29776868461244,1694700
2024-09-11,239.09548950195312,242.95965902925744,235.16368993241528,242.12886199126152,2372100
2024-09-12,240.43829345703125,241.0469048888465,237.0764700168804,239.5012311454517,1867900
2024-09-13,240.66046142578125,243.4426680635107,240.10982496076844,241.45262321482664,2267800
2024-09-16,243.8580780029297,244.9786907340867,241.00825584714167,242.3607240628738,1651000
2024-09-17,244.9400634765625,246.39878225353743,244.40873718672464,244.669572772761,1640400
2024-09-18,242.6698455810547,245.91574860323612,242.02259894820125,245.3844223402558,1568200
2024-09-19,240.00357055664065,245.38441893266076,237.6947298646949,241.510594306612,3406700
2024-09-20,237.05712890625,237.27931451677497,234.303902344674,235.21198450156257,6802600
2024-09-23,235.71434020996097,237.02815843354355,234.61305248876937,236.7673228641296,2740600
2024-09-24,240.50592041015625,240.57353571246833,233.35719786461863,234.93185168066077,2772700
2024-09-25,237.1634063720703,240.82470053853277,236.75767033778476,239.13412635869113,2347200
2024-09-26,234.970458984375,239.86830040587589,234.1203518039683,238.61244249723703,2398600
2024-09-27,235.92686462402344,239.07615738810907,235.65637394443996,236.3712358516378,1954500
2024-09-30,238.110107421875,238.62210867333292,235.19267022241488,236.6803689125568,2923200
2024-10-01,237.2117156982422,238.95059497685307,235.38589614086007,237.8106572728492,1925000
2024-10-02,235.08641052246097,237.8299672441634,233.9851228389248,236.72867956062728,2568300
2024-10-03,232.4587860107422,234.7483017677696,231.46376352406392,234.19765052762335,1990200
2024-10-04,230.74888610839844,234.9221815724688,229.13559708427337,233.511767936338,2137900
2024-10-07,228.8264617919922,230.06299490214684,227.3001130096306,229.6282787641551,1684100
2024-10-08,229.49302673339844,230.82616994234883,229.2515161370313,229.60894710265083,1783200
2024-10-09,229.60894775390625,230.55567990760932,227.87008324764045,229.05831125775865,2046700
2024-10-10,230.71026611328125,230.82618649084424,228.2661651414363,229.38677792667212,1900700
2024-10-11,234.08172607421875,234.3039116936091,231.41545441962353,231.92745570031784,1663800
2024-10-14,236.9412384033203,237.8106707214751,233.74364021771444,234.41019713329277,1735800
2024-10-15,237.44354248046875,240.25472925387825,237.02815134589437,238.33231441332993,1858000
2024-10-16,239.67510986328125,241.7327700188093,237.163393889178,237.5787850188553,1500100
2024-10-17,233.51174926757812,238.496531144466,232.33317646550847,238.496531144466,2177900
2024-10-18,235.8109436035156,236.40023002682165,233.26059238835956,234.29425003804536,2866100
2024-10-21,232.18829345703125,235.45350669928297,231.28986637258848,235.45350669928297,1547900
2024-10-22,233.2509307861328,233.7242968611605,230.52669892701215,232.89349982087663,1818400
2024-10-23,233.1543426513672,233.96581474184828,231.95644475067783,233.10603758251148,2156100
2024-10-24,222.91427612304688,226.0539138149208,219.83259861467496,221.629438006419,5181100
2024-10-25,222.47955322265625,224.00590188442777,221.4941859112572,222.3732879759305,2952000
2024-10-28,224.10252380371097,225.5322772453952,222.24772406544164,222.24772406544164,2493000
2024-10-29,224.11216735839844,226.42100795720236,223.60016609837425,224.22808772198545,3682100
2024-10-30,224.28607177734375,226.68185290385077,223.42629459440545,223.6388251106947,3079400
2024-10-31,224.189453125,225.8993374551107,222.4698841968369,222.9046150427448,2594700
2024-11-01,224.7884063720703,226.8653916169439,224.41165042911905,225.6192034181472,2653300
2024-11-04,222.10281372070312,225.31006685243744,221.64877260936572,224.07353374855947,2195600
2024-11-05,225.9283142089844,225.9476391828948,221.70671395867032,222.76936641420377,1483700
2024-11-06,240.05186462402344,243.17217723210825,234.12036528927044,239.65578372975688,5318700
2024-11-07,234.3232421875,241.40433474843695,233.9754663338715,240.83437327018504,2921300
2024-11-08,233.28958129882812,235.83993261039691,232.632664810662,233.7436223998826,2209300
2024-11-11,233.73394775390625,237.58846210497072,233.62768250390783,235.57909221267943,3299100
2024-11-12,230.79718017578125,234.40051399516065,230.48803954988372,234.1203682009978,2362900
2024-11-13,232.24624633789065,232.74857774973972,230.21755149408688,231.28020398191484,2563900
2024-11-14,227.58026123046875,232.90314933428772,226.84607434255335,232.10133240557977,2766000
2024-11-15,227.57061767578125,229.75386821648647,226.05392401606497,226.90404605415495,2068500
2024-11-18,226.4499969482422,227.46434439140396,225.93799566809483,227.09724357143537,1401400
2024-11-19,225.36801147460935,226.14084829632057,223.98657800108356,225.22311101956691,1773900
2024-11-20,225.6288604736328,226.36306213127665,223.96726636720564,225.54192019542884,1158000
2024-11-21,230.90345764160156,231.78254501916223,225.7351249262475,226.1215507290671,3490700
2024-11-22,234.15899658203125,234.42948725148725,231.3381547858214,231.85015603448,2664900
2024-11-25,240.85369873046875,242.07090685030033,234.796608742844,235.19268966539772,4224400
2024-11-26,237.2889862060547,238.77668493327215,234.226633737581,238.38060403359088,3305300
2024-11-27,236.9025726318359,239.47224894282013,236.54514166233773,237.6850646140548,2040800
2024-11-29,236.35191345214844,238.25501796881187,235.8109321208273,236.76730456704297,1484900
2024-12-02,232.6036834716797,236.2649923528465,232.24625250747724,235.743321212005,3100000
2024-12-03,228.94236755371097,233.5213985731038,227.12620333198367,233.5213985731038,4196800
2024-12-04,227.0199737548828,229.77320060944183,225.6771753508092,228.6622429573225,3264900
2024-12-05,226.6625213623047,227.54160869817233,225.63851882951377,227.33874805937072,2011400
2024-12-06,225.63851928710935,228.633241734657,225.44529902415312,227.6865243568446,2585100
2024-12-09,226.91134643554688,228.3007659575784,225.1138645243608,225.6579674774916,3095700
2024-12-10,230.3605804443359,232.2358082267691,225.21100940288343,226.72674378081456,3092600
2024-12-11,227.14453125,231.66254258308004,226.6878702545299,229.79704045987376,2862600
2024-12-12,227.07650756835935,227.8926619019303,225.30815835326388,227.60117397545733,2242700
2024-12-13,228.3104705810547,230.797806771011,226.56155768946255,226.56155768946255,2715600
2024-12-16,226.27980041503903,228.40764324490976,224.99727414985955,227.39715362924736,2839500
2024-12-17,223.355224609375,225.91056613850685,222.8208325241485,224.1325060144036,3642400
2024-12-18,218.16677856445312,224.5503065591437,218.0404784915576,223.27749122187103,3582400
2024-12-19,216.8162384033203,220.16832753454855,216.72879646746895,218.0501956367624,2785300
2024-12-20,219.89627075195312,221.441137550718,215.562854296628,216.78708584600335,5949400
2024-12-23,220.6833038330078,221.0622337495764,218.3805621932193,219.22587879609864,1939300
2024-12-24,223.2289123535156,223.48152733057273,220.207184154745,221.26624268347905,669000
2024-12-26,223.69529724121097,224.24912584819955,222.0532627301382,222.228161436548,1021700
2024-12-27,223.40379333496097,225.15270614575823,221.82006838952967,222.0921198461323,1455900
2024-12-30,221.3245391845703,223.1123249992784,220.3432117540733,221.70346906621697,1659700
2024-12-31,221.5674591064453,222.98602596924997,220.50840049334175,221.528600962915,1784700
2025-01-02,222.6167755126953,224.0742003136091,221.84920497418503,223.4523663249136,3177200
2025-01-03,224.92922973632812,225.77453138463633,222.35445182729052,223.28719540631505,1994500
2025-01-06,223.4815216064453,225.70653185092704,222.41275227640065,225.6190899179192,2798800
2025-01-07,223.9964904785156,225.93001290188303,223.24835635084847,224.44344064986797,2752700
2025-01-08,225.2401580810547,225.51220953183017,222.5099030935639,223.12202627065477,2062800
2025-01-10,218.8177795410156,223.4815273291672,218.36111855602445,222.32531603650745,2711300
2025-01-13,220.3237762451172,220.5764060511273,216.18469484069752,217.379779114915,2278100
2025-01-14,222.86941528320312,223.0637356335577,221.16908627263896,222.33502320045875,1823400
2025-01-15,224.30740356445312,226.6781503844989,223.8993263811867,226.3866624462537,1892300
2025-01-16,228.22300720214844,228.4562005076841,223.05401494782157,223.753565213045,2296900
2025-01-17,227.61090087890625,232.4689839109253,225.60937304182525,232.4689839109253,3643700
2025-01-21,230.0107879638672,230.60347466845735,228.3201846094927,228.9031456598765,2630500
2025-01-22,229.10720825195312,230.27314526282876,227.51375754442796,230.01080461703137,2757500
2025-01-23,241.0095062255859,242.58352041013623,235.18951731837035,239.6492340583917,5226200
2025-01-24,241.71878051757812,243.38996228298177,238.73592521612508,240.45567595176936,4048500
2025-01-27,247.19869995117188,249.55001040456733,242.90415624779405,243.51627946576028,4537400
2025-01-28,242.0879821777344,249.00588724155327,241.747910456332,246.790602702562,3167200
2025-01-29,242.46693420410156,245.80929780026392,241.99083671575164,242.61267076905904,3026900
2025-01-30,242.826416015625,244.48788690524273,240.05731763385216,242.30174958114665,2490500
2025-01-31,240.75686645507812,244.88623693071528,240.63056638082364,241.61189379190225,2987200
2025-02-03,236.12228393554688,239.68811528463652,230.34116779642713,235.35469847477793,3962300
2025-02-04,236.588623046875,238.56100339997843,235.4615443234755,235.8016160363657,2895100
2025-02-05,237.5408172607422,238.2695296955383,236.1028288739384,237.29791311581016,2436900
2025-02-06,236.59835815429688,238.76507389465004,235.87937134286057,238.3958548342737,1574500
2025-02-07,235.20895385742188,237.1910452448894,233.955560111457,237.06474516538012,2185500
2025-02-10,237.3950958251953,237.5602688751869,234.72315006075047,236.8509928780011,2315000
2025-02-11,240.69857788085935,240.95120768710177,236.9384263563044,237.84202268440657,2584800
2025-02-12,241.4564514160156,242.15601659894187,236.4429207059691,236.4429207059691,2656900
2025-02-13,243.8466339111328,244.69193565960248,240.32938635243104,242.09772096111487,2279800
2025-02-14,242.14630126953125,246.01333136250784,242.0297120164415,244.3518752032047,1696300
2025-02-18,244.04095458984375,244.6336413451721,241.38844526057784,242.9041648773012,1709300
2025-02-19,240.047607421875,243.15677773990944,237.46310357207088,242.5640909897768,2488500
2025-02-20,240.6208343505859,240.69856545420953,238.37640247658808,239.58121234421583,1425400
2025-02-21,238.5804443359375,240.70828693041452,234.9465931394875,239.76581770066267,3292500
2025-02-24,235.45184326171875,239.01767426537523,235.34496484686508,238.2792510154631,5576700
2025-02-25,238.9108123779297,239.8532816943761,235.87937323883224,235.99596249012265,2911600
2025-02-26,238.5124359130859,240.9220557262493,237.8323072665046,238.9496604126245,2477000
2025-02-27,238.11410522460935,240.28080625471617,236.85100058427264,238.03637411166775,3012400
2025-02-28,241.00587463378903,241.41619538067584,236.902652257719,239.2766540591072,3252600
2025-03-03,240.1461639404297,243.94653186863815,238.1531751808401,242.61786772651055,2218000
2025-03-04,235.9550018310547,238.39739788166165,235.3004414783563,238.0554564716957,3037800
2025-03-05,237.99685668945312,239.40367929041847,235.63261894896544,236.24810756368865,3051700
2025-03-06,239.6186065673828,239.8237594967275,236.27741041036992,237.69399720130417,2311100
2025-03-07,243.5655212402344,244.5620230842121,239.31576070972432,240.41971367778223,2835800
2025-03-10,242.56900024414065,245.47056795250816,240.44900225547389,241.91443988971193,2420700
2025-03-11,232.3011932373047,242.37363308687355,231.95925179603788,241.74838023697143,3357900
2025-03-12,232.01788330078125,232.90690422074883,228.6278360581328,231.2363135066437,1927500
2025-03-13,228.89158630371097,232.60403135642616,228.1393390382439,231.68568803785317,2399900
2025-03-14,232.0569305419922,232.2620983677981,229.49730427139863,230.21047973854832,2116800
2025-03-17,232.37933349609375,233.991308947846,230.53288265380183,231.98855608573035,2139000
2025-03-18,231.62709045410156,234.47004330692695,230.10303755775917,232.985062191966,2184200
2025-03-19,230.94320678710935,232.6431198521969,229.4875333338745,231.54891625419904,2058300
2025-03-20,229.38006591796875,230.50357707000245,227.88532069506724,228.8818224794025,2869500
2025-03-21,228.49105834960935,228.8525282236703,226.00957541592695,227.70948856953925,4167700
2025-03-24,229.78062438964844,232.3500298826828,228.4910469877807,231.50008080174263,3291100
2025-03-25,230.3570251464844,231.0897439801043,228.94043838292643,229.7806232417654,1849000
2025-03-26,232.54541015625,233.24882140710105,230.25933104458545,230.42541218614713,1709900
2025-03-27,230.5328826904297,232.8385051892263,229.25306952800324,232.8385051892263,1913900
2025-03-28,226.80088806152344,231.24605179166537,226.6641144809284,230.18117070651817,1918000
2025-03-31,230.79666137695312,232.6138046255409,224.97398266310347,225.24752982678743,3478100
2025-04-01,231.7052459716797,232.1937252223449,228.4519723733848,229.2530854999336,2367300
2025-04-02,232.96551513671875,233.01435113274172,229.20421919638417,229.7220059747301,2023600
2025-04-03,218.80938720703125,227.61177755410623,217.9398947749992,226.019345403182,5754800
2025-04-04,208.3461456298828,216.64052791647975,207.65251350521848,214.93085069504195,6784500
2025-04-07,205.13197326660156,211.25750711106733,200.07132058775457,206.24570533766777,5055900
2025-04-08,203.47113037109375,212.7131484974656,199.944309946835,212.5177597986861,5126200
2025-04-09,218.3795166015625,219.52255617546444,201.62468549483555,201.8591459773574,5361000
2025-04-10,214.2665252685547,216.5819119259722,209.26448808105044,216.27905720454484,5088800
2025-04-11,213.55332946777344,215.1946273037695,210.14375425002777,213.71941060410128,2965000
2025-04-14,217.14857482910156,218.1255333509673,214.23722770075497,216.05437114771328,3197700
2025-04-15,215.0090179443359,219.1415480230347,214.53030293617536,217.6565670017064,2807000
2025-04-16,211.6092071533203,215.4584109410128,210.44662420761097,214.6377694171719,3293600
2025-04-17,215.18487548828125,217.11926406625437,212.29308665421047,212.4884753742633,4545800
2025-04-21,211.0718688964844,213.93434990178204,208.44384837057075,213.1332517518826,3379600
2025-04-22,211.9022979736328,213.5826678281308,210.00701095840049,213.00626587647963,3353300
2025-04-23,214.71592712402344,219.4053306692991,213.29934035180548,216.21067236116963,3879500
2025-04-24,210.48570251464844,210.8569515090822,201.86893643267177,203.4516044073361,5205100
2025-04-25,208.37545776367188,209.81158785378,206.69510297234265,209.06910481076463,3454900
2025-04-28,207.7111358642578,209.75297543929736,205.9428434616062,208.1507641836525,3053300
2025-04-29,209.59666442871097,210.00700010608267,206.4215493885757,206.4215493885757,2886400
2025-04-30,210.69085693359375,211.0034758769884,205.679055456827,208.55131560357748,3139100
2025-05-01,209.1472625732422,210.5345417555747,207.67206070990048,210.5345417555747,4458500
2025-05-02,213.26025390625,214.54984621821643,210.86670868053372,211.8241386965826,2926800
2025-05-05,211.5408172607422,213.74873804620412,211.27703429864783,211.80460022283648,1895600
2025-05-06,208.2875518798828,211.2379707615978,208.09216315882705,209.8116047742033,2265100
2025-05-07,208.9225616455078,209.9581351734889,207.79905053127752,208.81509562427192,3277100
2025-05-08,211.8436584472656,213.87573373277252,208.9420907715026,209.9581358678572,3335500
2025-05-09,211.33566284179688,212.70339873339452,210.16330075505243,211.74598360927615,2172900
2025-05-12,225.55039978027344,226.20496017380125,221.3006393314521,221.82819035212103,4965900
2025-05-13,222.99075317382812,226.6445829297751,222.78558535215535,225.6871529715717,3028100
2025-05-14,223.0786895751953,223.48901033658157,217.9985086011519,222.1017311222176,3253000
2025-05-15,225.53086853027344,226.11703466734824,222.4436761905219,223.9677290170009,2607600
2025-05-16,226.08773803710935,226.6250682024767,224.81768898456943,225.9998153483776,2006800
2025-05-19,224.2119598388672,224.7688332998066,222.90283911949743,223.80163908684992,2509400
2025-05-20,223.0689392089844,224.59299210511492,222.56091660787288,223.3815581816041,1982900
2025-05-21,218.46742248535156,221.66208047891004,218.3306489119956,220.43111831870652,2183600
2025-05-22,217.73472595214844,219.18063519778232,216.81638261990076,218.21344096137625,2848900
2025-05-23,216.99224853515625,217.87150520405635,214.9406297647848,215.04809579384624,3227900
2025-05-27,219.18064880371097,219.77659409415068,217.60774499826863,218.50654504320653,2613300
2025-05-28,217.0606231689453,220.25528150247607,216.84570602268735,219.81565317756153,3073200
2025-05-29,217.38302612304688,218.43814307082016,214.70616942716603,217.31464678115967,2980600
2025-05-30,217.8646545410156,218.7590767651474,216.52794039207305,217.13731971081145,4179600
2025-06-02,215.14205932617188,216.23305397110877,213.66774304909612,215.0339421992855,4587000
2025-06-03,217.9825897216797,218.5624838977442,213.8348451108911,214.11004963504112,6229300
2025-06-04,217.08816528320312,218.36590913074988,215.60402554343085,218.0513961053276,3976800
2025-06-05,216.87191772460935,217.9629123663557,215.64332083063917,217.16678397866636,3084600
2025-06-06,219.6043243408203,220.32183575231016,218.34624227351048,219.152209065314,2953400
2025-06-09,220.3021697998047,221.40298783832293,219.42740939472768,220.1350824187811,3128500
2025-06-10,222.7200469970703,225.27551949279885,219.53551850513983,220.65599825271383,3122200
2025-06-11,221.85511779785156,223.13286158938777,220.7837848870144,223.13286158938777,2655100
2025-06-12,221.6290740966797,221.6290740966797,219.68296566211112,220.72482850979415,1939200
2025-06-13,219.54534912109375,221.60939793351767,218.95563160148757,219.85003875585176,1670100
2025-06-16,220.8034210205078,222.31706074611697,219.93849903196568,220.20386515471827,2659500
2025-06-17,216.81295776367188,220.17439722541235,215.8890504559525,219.93851620898795,2767900
2025-06-18,218.20863342285156,218.3364123000135,216.4787743819489,217.1962707742382,2414500
2025-06-20,218.70008850097656,219.94834724728332,217.4223596241116,218.79838225959168,4274300
2025-06-23,222.0123748779297,222.10083025367567,218.02189462072573,218.62143549912884,2665300
2025-06-24,224.0076141357422,224.12555463627837,221.9730505163707,223.65377763661328,2777100
2025-06-25,222.92645263671875,223.1132017690804,221.60940033140764,223.02474638981047,2005400
2025-06-26,225.46229553222656,226.29774750408652,222.9854397428207,223.52602543064057,2960200
2025-06-27,227.4477081298828,227.71307428263384,225.1477781542424,225.1477781542424,7430700
2025-06-30,226.14047241210935,228.02759554102215,225.8750912697168,226.9857477196192,3579000
2025-07-01,231.53648376464844,233.0501086719212,225.50160089432603,225.6883500381988,2687500
2025-07-02,233.0992431640625,233.3449625513587,230.4946086602102,232.2146443712835,1752100
2025-07-03,232.23431396484375,235.0944913289735,232.23431396484375,233.62017495540417,1327600
2025-07-07,231.3202362060547,233.44324030505877,229.826258138405,231.69371947482628,2580900
2025-07-08,232.4898376464844,234.77012064917227,230.2980250170625,231.02535976740683,2574300
2025-07-09,232.4407196044922,234.3966363508234,232.15567671342995,233.26633315563265,2432800
2025-07-10,232.9419708251953,236.6179381267763,231.5561099310075,233.10905820287795,2630100
2025-07-11,231.07452392578125,232.2441356423372,230.062161223139,231.58560946666364,3211700
2025-07-14,229.31515502929688,230.8386182063108,227.4378553401863,230.07197492968825,1973400
2025-07-15,227.1823272705078,230.0031811759303,227.08403351175585,229.04978870661964,2419300
2025-07-16,227.22161865234375,228.95149269187667,225.76696411707172,228.02758542031177,2356500
2025-07-17,223.5948028564453,226.39599467007187,222.86746812366,223.6046262321175,5211300
2025-07-18,221.01966857910156,224.50888686073765,218.53298959191912,224.50888686073765,5794500
2025-07-21,221.98289489746097,223.42772605821335,221.06881100100577,222.10083540118904,2814100
2025-07-22,225.3148498535156,226.58275526536457,222.1303212645971,222.8969645364166,3806300
2025-07-23,227.0447235107422,227.20198752470031,223.41790280051256,225.51143686845495,3740100
2025-07-24,216.74415588378903,226.71053338147877,215.45658872640587,222.13032051828955,9784100
2025-07-25,220.89190673828125,222.40553157152607,217.38302667402272,219.26032640032037,8254700
2025-07-28,225.3148498535156,227.0152237771645,220.97053298069815,221.3636779927776,6858400
2025-07-29,219.93850708007812,226.43532809398397,215.37795598240209,222.5136413859688,19091000
2025-07-30,221.42263793945312,222.69055828981175,218.70006311507765,221.9828853029884,8361200
2025-07-31,218.1693420410156,219.94834809716107,217.01937704888053,218.67060421783697,5546800
2025-08-01,215.64334106445312,217.04886384174597,214.88653610497136,216.77365931147585,4637300
2025-08-04,218.25778198242188,219.57483427364065,215.86939678256343,216.10527779142595,4181100
2025-08-05,219.15220642089844,219.57483656453385,217.79583061570384,218.91631041205383,2430000
2025-08-06,221.59957885742188,222.4153540254977,218.6116227090279,220.03679215596577,3135700
2025-08-07,218.84751892089844,224.4990648343925,218.29710989240505,223.28029127307047,3113700
2025-08-08,218.43472290039065,220.6167123689687,218.3069440133724,219.0637639635604,2345500
2025-08-11,215.88905334472656,219.93851915194716,214.94549927136055,218.88683294791124,4419600
2025-08-12,215.0536193847656,217.42235797269225,214.44422508152,216.5377591444409,3224200
2025-08-13,219.3585968017578,219.6731248056586,214.77839897573764,215.68264449067144,3096800
2025-08-14,217.72705078125,218.58214949651705,215.54506130313516,218.36591522408963,6245600
2025-08-15,216.9997100830078,219.830402301793,216.63605017900505,219.4470806469593,3739200
2025-08-18,216.3116912841797,217.59925846484103,215.1617263595236,216.92107056112877,3188400
2025-08-19,219.93850708007812,221.167103981365,216.29202487814953,217.13730014613571,4899200
2025-08-20,221.81581115722656,222.99527628368824,220.5970525229152,221.14746158325224,4521500
2025-08-21,221.44232177734375,222.30724384944403,219.70262426140752,221.61923254293643,3435500
2025-08-22,223.9486541748047,227.35924044886585,218.37572530809535,222.8085126255031,5317300
2025-08-25,219.4962158203125,225.02980608115587,217.34371164352356,224.3221330641973,5993000
2025-08-26,218.9261474609375,219.17186684459315,216.5868941293291,218.74922170599453,3758000
2025-08-27,217.1667938232422,219.1816958201967,216.6360465398964,218.6902570403308,3464900
2025-08-28,218.54283142089844,221.0098486968928,217.05867670718433,220.42995453601495,6299300
2025-08-29,221.11427307128903,221.25273468178423,218.7702953270136,218.96809547183767,5012800
2025-09-02,219.55162048339844,220.32305159170107,216.93071958723607,219.76920516432313,3955400
2025-09-03,219.3241424560547,220.05601959449848,216.34721027549008,218.987880699682,5881000
2025-09-04,220.60987854003903,221.02526339636557,218.0878850419568,220.21427822673328,3601000
2025-09-05,217.89007568359375,220.71866156871175,216.46589046994217,219.72964573602977,4001800
2025-09-08,214.87356567382812,217.68238199419488,213.8944496974824,216.91095088323863,4131200
2025-09-09,213.67686462402344,216.2285271752706,213.28124925298707,215.09114996112223,3111200
2025-09-10,212.82630920410156,213.69664792414304,208.52408450256772,212.6383937903487,5004700
2025-09-11,213.66697692871097,214.39885408825884,211.80763739850457,212.41093766877376,4126700
2025-09-12,212.5493927001953,213.90433953933015,211.5405923420508,212.81641610494063,6207200
2025-09-15,213.87466430664065,214.67576468089928,211.96587107821523,213.63729508452633,4484400
2025-09-16,213.62741088867188,216.61424280348,213.07356446021652,216.04061183367028,4425900
2025-09-17,214.7845764160156,217.25711611103517,213.7560065430087,213.9340221572815,4797500
2025-09-18,217.9395294189453,218.1274448416801,214.39885092821217,215.09115899261607,4349300
2025-09-19,218.1867828369141,219.2252524765412,216.81205143700657,219.2252524765412,8632100
2025-09-22,223.3692321777344,226.48462601881212,216.84172163591512,218.22633776724211,8136000
2025-09-23,225.4758148193359,226.48461514726992,222.97360608635725,223.36922145573493,5183000
2025-09-24,227.8296813964844,229.51100524640108,225.8813190537413,226.81099632483904,5925900
2025-09-25,229.45167541503903,229.94618333619215,227.94836710920208,228.512113383085,6034400
2025-09-26,232.6165313720703,232.91323915356017,229.2439836078775,229.47146812535777,4940900
2025-09-29,233.58575439453125,234.7528009358804,232.50773074829053,233.16048482610356,5097300
2025-09-30,233.7736663818359,234.3967511825126,232.2407039217329,234.3967511825126,3797500
2025-10-01,232.1615753173828,234.64399955316983,231.42969818942777,233.32860672260412,3950800
2025-10-02,231.94400024414065,234.38687058910364,230.9549843989308,232.8538930107916,3873400
2025-10-03,234.1989593505859,235.12863667629205,231.94400439049153,232.28026616198983,3176600
2025-10-06,234.80224609375,235.61323120714889,232.9132222826521,234.3967459914588,3261100
2025-10-07,229.3132171630859,235.6033586160304,228.71980161252756,235.1681892244455,3024100
2025-10-08,230.0945281982422,231.172566928732,226.70221112468803,227.6516578761409,3580300
2025-10-09,228.99671936035156,230.91541249119268,227.59231868826404,230.1835504330421,2331300
2025-10-10,222.97361755371097,231.29124436925255,222.74614813660975,229.99563603667303,2762700
2025-10-13,223.3692321777344,224.91209446440843,222.35054707586153,224.23955584977537,2079700
2025-10-14,224.5857086181641,225.347255006112,220.8768993856157,221.46041508298595,2306200
2025-10-15,223.24066162109375,225.49561657959492,222.12306886763864,224.64506233446312,2483700
2025-10-16,221.5791015625,225.00110299989407,220.7681164232787,223.78461774547017,2971200
2025-10-17,223.55712890625,226.15824533729997,222.35054349193263,222.63735143909037,3237300
2025-10-20,224.8033142089844,226.6923381756744,223.31979037798516,224.1703446447388,2922100
2025-10-21,224.0516357421875,225.64395180551313,222.94394286028572,223.8043817888213,2727700
2025-10-22,222.76593017578125,226.33627791280665,222.73626090828333,224.4967078720171,3756800
2025-10-23,217.623046875,223.4582496024031,216.6933846274713,220.8274637484236,5148500
2025-10-24,214.230712890625,218.83953013726008,213.62741264940297,218.0878684714325,4128600
2025-10-27,215.8329315185547,216.52523961712504,214.02303064510195,215.80326224941484,4692000
2025-10-28,215.199951171875,218.483490976493,215.1702819042223,215.96149758772407,2782500
2025-10-29,213.99334716796875,215.76369392875523,213.1625775048429,214.26038566368197,3587900
2025-10-30,216.4263458251953,217.88020036933125,213.3307213060075,213.6768828988721,2806900
2025-10-31,217.9494171142578,218.5626172006717,213.9636844628964,215.11094646593227,2586300
2025-11-03,216.4164581298828,218.5725054649084,215.63512714797213,217.5241510659558,3552700
2025-11-04,218.4834899902344,218.70107467949475,215.07138840491857,216.2087505696292,2737800
2025-11-05,214.9922637939453,218.90875799032224,214.89335617546575,217.33622645831005,2707600
2025-11-06,215.59556579589844,216.1592969704882,213.9439111739476,214.5471963415396,3429800
2025-11-07,219.04722595214844,219.2450261036585,215.8032551755946,216.81205556683517,3735400
2025-11-10,221.42086791992188,222.1725145147398,218.315358830408,218.6318360472636,4095300
2025-11-11,222.33074951171875,222.42964203463055,220.98568745241693,222.0340417606172,2698000
2025-11-12,221.0944976806641,224.56593790323973,221.05492859535124,222.33076750096393,1945700
2025-11-13,219.04722595214844,221.16371926479255,218.523048759614,219.9472339963809,2682200
2025-11-14,220.5703125,221.76701319166915,217.9988653303832,219.2845889151916,2886400
2025-11-17,218.572509765625,221.2329649008912,218.44393287187788,220.40219518248983,2921100
2025-11-18,218.39447021484375,219.53183231720183,217.4746776986345,219.2746936490746,3863100
2025-11-19,218.7406311035156,219.55163133453297,217.55381511602224,218.87909271720343,3396500
2025-11-20,218.7801971435547,221.02525219916623,218.0285354586946,219.1263436273653,3955100
2025-11-21,223.7351531982422,224.94175366921365,219.2549128772945,219.8779976541095,3595600
2025-11-24,222.0340576171875,224.10109711521383,220.0560259234932,224.10109711521383,4483200
2025-11-25,226.6132049560547,226.92968217842727,222.78570338129688,223.26044185163192,2582500
2025-11-26,228.1263885498047,229.2835352273985,225.92087244531936,226.48461869632283,3233700
2025-11-28,229.28353881835935,229.9066236126621,227.93847670269855,228.39341552775787,1207600
2025-12-01,228.81869506835935,231.54837323132608,228.60111038603776,228.9176026843905,3463000
2025-12-02,229.6890411376953,231.24178813895625,226.85055545167643,229.04617179531635,5190100
2025-12-03,232.64617919921875,233.26926397380228,229.78792418029445,230.22309354088085,3576500
2025-12-04,234.68356323242188,235.10884789321028,231.74620005650493,233.13081620310496,3162200
2025-12-05,234.0866851806641,235.83754513644712,233.7583989389547,234.53434271773577,2494700
2025-12-08,234.2160186767578,236.126035336348,232.9128314126205,233.5495036324839,2461800
2025-12-09,230.3561859130859,233.54950475553727,230.29650026397783,232.9426753571664,3785200
2025-12-10,234.2359161376953,235.53910338617032,230.64468290864465,230.80383957710035,4938300
2025-12-11,234.89247131347656,234.97205723671323,231.52009561106945,232.58454025746423,2888600
2025-12-12,238.7025604248047,238.7423609758911,234.0070972411437,234.5840837961954,2928000
2025-12-15,239.21986389160156,239.91622174843604,236.9019750985603,238.7523060778421,3289100
2025-12-16,234.6537322998047,240.26441094807387,233.93747415922027,240.26441094807387,2755700
2025-12-17,235.50926208496097,236.7030205931438,233.3107445623249,234.06678807563267,2530100
2025-12-18,233.20130920410156,236.7726420791691,232.8630804192709,235.56894105684148,3053400
2025-12-19,233.0122985839844,234.2757004545195,230.83368136123465,233.20131325510337,4721900
2025-12-22,233.3903350830078,233.99716448704177,231.30124626794964,233.5196641102577,2095600
