Date,close,high,low,open,volume
2019-08-19,134.733154296875,135.08559811759991,134.31745840033864,134.733154296875,2875000
2019-08-20,133.70294189453125,134.67894341559926,133.6577539576497,134.48012752485826,1739000
2019-08-21,134.8325958251953,135.01333381608123,134.4891977793395,134.79645374278806,1439700
2019-08-22,134.71510314941406,135.4651650076134,133.86561955356686,135.20309702925036,1730700
2019-08-23,131.3172149658203,134.92299858610667,130.7117349915837,134.1187026454727,3808300
2019-08-26,132.64564514160156,132.73602103906205,131.63350127928854,132.41971918737627,3623000
2019-08-27,132.03111267089844,133.5945161704236,131.6515449920224,133.42281026555676,1984700
2019-08-28,132.97093200683594,133.06130787231103,131.31715295247312,131.66056469397324,1981000
2019-08-29,134.733154296875,134.9952360393805,133.8384966385694,134.28130253751377,2576000
2019-08-30,134.68798828125,135.4561419129367,134.14577435543316,135.44710984047134,2267900
2019-09-03,133.81143188476562,134.24520585939598,133.17882817620657,133.73913392408957,4307800
2019-09-04,135.23927307128906,135.23927307128906,134.48921102471272,134.92298500344478,2071700
2019-09-05,137.046630859375,137.46234053854073,136.23330322158176,136.45922909757113,2991800
2019-09-06,137.07376098632812,137.41717278086597,136.82072507122334,137.19124687170648,1568700
2019-09-09,137.1550750732422,137.60692679364874,136.59476956313233,137.56173886372403,2575200
2019-09-10,137.29066467285156,137.29066467285156,136.1248929652997,136.78459280633527,3435200
2019-09-11,138.4112091064453,138.42024117580095,137.09179614132356,137.44423989805722,3848100
2019-09-12,138.82691955566406,139.28781714032428,138.31181575973952,138.8359654153917,3486800
2019-09-13,138.69142150878906,139.24268137128965,138.51971558268514,139.05289750837858,3002500
2019-09-16,138.40997314453125,138.61877349262375,138.02866627916976,138.1920854861257,1690800
2019-09-17,138.745849609375,138.78215728716526,137.9923371586304,138.31008821286665,2104500
2019-09-18,138.7277069091797,138.75494113422008,137.4022617818586,138.58244847389312,1716700
2019-09-19,138.6369171142578,139.4539714901641,138.4916586932861,139.01821007985444,2061400
2019-09-20,138.02862548828125,139.10896229812235,137.6291856781596,138.90016201173555,2106100
2019-09-23,138.1012725830078,138.40995017768083,137.6019692924996,137.72906694232796,2051800
2019-09-24,136.82122802734375,138.72769284999598,136.3582185433668,138.53705329403346,4234600
2019-09-25,137.68368530273438,137.91064640318623,136.10403105665128,136.83938280569828,6144100
2019-09-26,137.26608276367188,137.6836973201004,136.6033601712382,137.6836973201004,1723000
2019-09-27,136.44900512695312,137.72906895272652,135.66825845158124,137.66551320058218,1940200
2019-09-30,137.08448791503906,137.420385869812,136.67596075468734,136.76673687220742,1702000
2019-10-01,135.2960968017578,137.88345978119318,135.19623332897862,137.53847435657218,2823000
2019-10-02,133.0990447998047,134.57883534627607,132.38185394416865,134.52435305559914,3811500
2019-10-03,134.17941284179688,134.17941284179688,131.54665561814403,132.98105151531897,4380400
2019-10-04,135.9315185546875,136.00414775853926,134.39725952325398,134.68777633866102,2509200
2019-10-07,135.39585876464844,136.34909777148806,135.16889775600094,135.61374631988627,2237400
2019-10-08,133.20802307128906,134.687814077616,133.1898761546946,134.39729718080733,2213900
2019-10-09,134.43357849121094,134.89657407276852,133.92518792653502,134.22477819199133,3294600
2019-10-10,135.2960968017578,135.7227849261224,134.35194439307276,134.36101785328503,3508900
2019-10-11,136.7486114501953,137.9015639068572,136.6033530162105,136.63966069840333,3377100
2019-10-14,136.62152099609375,136.85755557432472,136.40363333361384,136.6487552223278,1213500
2019-10-15,137.96510314941406,138.29192766044946,137.01186383784372,137.1117272676769,2153200
2019-10-16,137.7108917236328,138.03771619640395,137.42037492445692,137.66549674218615,1578400
2019-10-17,138.1648406982422,138.57336790549098,137.84708961893415,138.29193835944417,1640400
2019-10-18,137.6110382080078,138.17389723116023,136.9936968916368,137.93786270429732,1720000
2019-10-21,138.5098114013672,138.61874828445593,138.04680194303074,138.3100845473014,1710100
2019-10-22,138.09219360351562,138.90924791221732,138.02863785484107,138.83661870770538,1711800
2019-10-23,138.3736114501953,138.43716719351303,137.78351826060327,137.9650843302775,1804000
2019-10-24,138.75489807128906,138.97278565659695,138.24650755817322,138.9092299161562,1582200
2019-10-25,139.3087158203125,139.59014535862454,138.37363722732474,138.43719298248203,2461600
2019-10-28,140.15301513671875,140.40721044642123,139.8080298510059,139.916966740134,2725500
2019-10-29,140.1258087158203,140.5343359837091,139.90792104172914,140.01685795247064,1561500
2019-10-30,140.46168518066406,140.661412054746,139.48121157679077,140.17116832650632,2246000
2019-10-31,139.97145080566406,140.42537303116322,139.28149400984387,140.42537303116322,2224400
2019-11-01,141.46939086914062,141.46939086914062,140.64324916180192,140.71587837424326,2341400
2019-11-04,141.9868621826172,142.32277403882028,141.78713530139584,142.25921827997416,2150600
2019-11-05,141.85977172851562,142.33185473109077,141.68729291560845,142.16844937593433,2377100
2019-11-06,141.7962188720703,141.89608231004755,141.28782822513392,141.84161386253382,2288400
2019-11-07,142.27737426757812,142.84023335796272,141.99594472238584,142.53156958921028,2407300
2019-11-08,142.6768341064453,142.6768341064453,141.69636045861225,142.13212190678027,2132400
2019-11-11,142.39541625976562,142.46803162992657,141.85070401530373,141.98687515011528,1738900
2019-11-12,142.64048767089844,143.15796555550443,142.29551626709872,142.55878501099357,1730700
2019-11-13,142.70404052734375,142.88560660765435,141.9777623534974,142.14118152259974,2189400
2019-11-14,142.84934997558594,142.9310526630291,142.27740345826578,142.52252537320425,2096200
2019-11-15,143.93873596191406,143.93873596191406,143.24876533512662,143.57558988134,2615300
2019-11-18,144.0204315185547,144.11122149736346,143.54834856343962,143.82070464726007,3128400
2019-11-19,144.06582641601562,144.4834270720154,143.67544613051408,144.3926509458704,2225200
2019-11-20,143.61192321777344,144.09307969304493,142.75854717405187,143.7299474352351,3336200
2019-11-21,143.248779296875,143.74809654845123,142.9310420295868,143.68455463603675,2220300
2019-11-22,143.56654357910156,143.74810972742785,143.0853870523628,143.72087549780937,1886000
2019-11-25,144.9282684326172,144.9282684326172,143.98411642361543,144.12936098858137,2525300
2019-11-26,145.2369384765625,145.30956768849654,144.78301629142908,144.9555089381967,1884900
2019-11-27,145.92691040039062,145.92691040039062,145.2732613396023,145.60008586999646,2343200
2019-11-29,145.2732696533203,145.7544260932966,145.1824796692239,145.67272341917382,1171000
2019-12-02,143.95689392089844,145.58192931037203,143.84794317254827,145.49113932884794,3766700
2019-12-03,143.10353088378906,143.1761601050443,141.96872527531548,142.61328710346825,4040300
2019-12-04,144.02951049804688,144.31095390210336,143.53020715327096,143.70268595545178,2132100
2019-12-05,144.23831176757812,144.3472486544837,143.60280965368182,144.3472486544837,1858100
2019-12-06,145.51837158203125,145.74533268016148,145.1552393660653,145.23694203676675,2021000
2019-12-09,145.0553741455078,145.64546745234952,145.02813992227547,145.3368036873125,1934300
2019-12-10,144.9282684326172,145.34588291998276,144.61051737575607,145.04629262846933,2150800
2019-12-11,145.2732696533203,145.38220655215065,144.86474243009982,145.1552454445163,1781300
2019-12-12,146.46255493164062,146.8710821863543,145.109861638923,145.27328085237312,3012200
2019-12-13,146.46255493164062,147.1525117650991,145.86337423666978,146.38992570928588,3023500
2019-12-16,147.53375244140625,147.86966420717633,147.27048372482164,147.39758135569056,2466000
2019-12-17,147.5882568359375,147.85152559195785,147.4702326422362,147.76982292828998,4421500
2019-12-18,147.65174865722656,147.9059438708285,147.30676350193812,147.82424123487078,2139800
2019-12-19,148.29640197753906,148.29640197753906,147.70629475147368,147.74261628828776,3018600
2019-12-20,149.05897521972656,149.19514633956774,148.75938490346965,148.88648256619018,3142900
2019-12-23,149.14974975585938,149.42210584523934,149.0680470848272,149.39487162156195,3822900
2019-12-24,149.18263244628906,149.43820607791716,149.00920449745894,149.40168760041695,1624900
2019-12-26,149.90365600585938,149.90365600585938,149.35600439814837,149.41989081824374,2515000
2019-12-27,149.76681518554688,150.31446704410612,149.5112415326753,150.250580594748,2356700
2019-12-30,148.9544219970703,150.04061675889963,148.69884839754772,149.96759374079082,4503500
2019-12-31,149.346923828125,149.47471064395293,148.5254391446194,148.7810127762753,3262400
2020-01-02,150.58828735351562,150.58828735351562,149.4929698002065,150.31445448325877,3291100
2020-01-03,149.6298370361328,150.12273884900964,148.79009335136922,149.04566691074447,3625400
2020-01-06,150.14100646972656,150.16838835778103,148.62581033470732,148.7079559988708,6813800
2020-01-07,149.78501892089844,150.11361548535578,149.49292689573,149.9401875863763,2498400
2020-01-08,150.5243682861328,151.1085384498042,149.7302517417261,149.87629776457277,4244800
2020-01-09,151.46458435058594,151.50108890869006,150.9351777278863,151.3459201632349,2216900
2020-01-10,151.02638244628906,151.793103122175,150.78905419348075,151.75658465510557,4023000
2020-01-13,152.0578155517578,152.0943340227222,151.08116233305583,151.51928649061765,3997100
2020-01-14,151.97572326660156,152.54163441588884,151.67450845006198,152.02136440748103,3062000
2020-01-15,152.3498992919922,152.79714607902247,151.90263857724682,151.9756615874735,2479200
2020-01-16,153.65516662597656,153.68254851698114,152.98885073200373,153.08013298716347,2205600
2020-01-17,154.03846740722656,154.26665902908778,153.6824890342315,154.26665902908778,2272000
2020-01-21,153.70993041992188,154.120686640456,153.49999794629815,153.70993041992188,3174200
2020-01-22,153.80123901367188,154.54971463661033,153.66432953519242,154.19372213712563,2113600
2020-01-23,153.97467041015625,154.0476934428824,152.7880705018651,153.44526386868114,2370000
2020-01-24,152.51419067382812,154.33972414700403,151.82049296799872,154.33972414700403,3292500
2020-01-27,150.22320556640625,150.89865821000245,149.54775292281005,149.90373152185072,4692800
2020-01-28,151.67445373535156,152.13083712406998,150.66128205528807,150.9077329849564,4010700
2020-01-29,151.57408142089844,152.42296194883477,151.44629460169196,152.39558005384183,1751700
2020-01-30,151.93914794921875,152.07605738037475,150.12273723883504,150.6065024658719,2835900
2020-01-31,149.255615234375,151.71095989486727,148.81747718880422,151.665318774156,4525300
2020-02-03,150.57003784179688,151.36414060844092,149.97673098483972,150.01324946130495,2783200
2020-02-04,152.9431915283203,153.36307035362705,152.25861647868098,152.40466249858898,2732700
2020-02-05,154.44927978515625,154.57706658288464,153.49999449255998,154.37625676820912,4133700
2020-02-06,154.8782501220703,155.01517348648505,154.4310033437073,154.95127313088187,2202300
2020-02-07,153.99290466308594,154.62270210368308,153.71907181672532,154.30324205602662,2579200
2020-02-10,155.124755859375,155.124755859375,153.58217733138167,153.60043657196636,2494100
2020-02-11,155.55372619628906,156.3113243594008,155.2707706988761,155.8458182760166,2921700
2020-02-12,156.5303497314453,156.58511349918038,156.0009434304846,156.30215808074053,2154100
2020-02-13,156.46646118164062,156.93196717020126,155.6723586341801,155.80926806384085,2827500
2020-02-14,156.7220916748047,156.78599205033834,156.0648983182374,156.63082333110984,2527800
2020-02-18,156.35699462890625,156.57604980181142,155.65416011782318,156.3296127322931,2459400
2020-02-19,157.1510772705078,157.50705580840588,156.7859760774854,156.92288554293938,2488100
2020-02-20,156.67640686035156,157.38836381019797,155.0790650499524,156.95937625176023,7061600
2020-02-21,155.0699462890625,156.1104998517057,154.62268555694595,156.03747683864285,2983500
2020-02-24,149.9676055908203,151.40064239225546,149.31953495871858,150.15015618665873,8710900
2020-02-25,145.385498046875,150.9625038769261,144.91999198242397,150.64302991868246,10112300
2020-02-26,144.58230590820312,147.6948451229798,144.21720463212156,146.05186152517092,8210300
2020-02-27,138.24769592285156,143.78818436942188,138.19291820357753,141.51538952585966,14384200
2020-02-28,137.31663513183594,137.45354457627425,132.625014490304,133.64730881601818,22272400
2020-03-02,143.003173828125,143.14009720565798,136.53166051608162,138.20202544242764,12071600
2020-03-03,139.31558227539062,145.40373433563502,137.90079114143197,143.61470552170204,8623100
2020-03-04,144.88343811035156,144.9016973420598,140.61169711968,141.95346513211956,5226600
2020-03-05,140.05490112304688,142.72017776749482,138.84091994487943,141.30538683488086,5343100
2020-03-06,137.4535369873047,138.13811202713114,134.2862353554904,135.98398201136862,9947700
2020-03-09,126.41822814941406,131.10072726625882,126.18091374592828,127.78737863478678,18537100
2020-03-10,132.6889190673828,132.7254375427041,125.87054924761291,131.75790686245273,11693300
2020-03-11,125.970947265625,129.79544257464468,124.4101237601821,129.11086744088843,10760200
2020-03-12,113.72161102294922,122.00953514743875,113.55731968605356,117.91120724637902,20969500
2020-03-13,124.07237243652344,124.07237243652344,114.09583896290968,120.4852059448326,15351600
2020-03-16,109.95188903808594,116.82502199948983,109.53201714137364,110.49954773102118,14652900
2020-03-17,115.46499633789062,116.25910593431789,107.70647879739995,111.54922606120356,16645800
2020-03-18,108.81092834472656,111.68614512981614,103.14264740696264,108.16286475862896,15388000
2020-03-19,109.61414337158205,112.0877471148612,104.59392680960116,107.1679354412285,11083500
2020-03-20,105.1416015625,111.95997013071036,104.78562309590616,110.58169042239254,12264900
2020-03-23,102.14772033691406,104.87689070240222,99.93881972558984,103.73593237657944,16443000
2020-03-24,111.84131622314452,111.88695734923186,106.7937168731848,107.36875745705149,10986900
2020-03-25,113.3838882446289,117.77429413966313,110.07054044302164,112.76320656816218,14428100
2020-03-26,120.2673110961914,120.74431144182692,114.3507236052866,114.51583103441058,10549100
2020-03-27,116.4330062866211,119.7169382679162,115.13044065726406,116.6072957012712,9731500
2020-03-30,119.9646224975586,120.32236932421525,116.16699695424104,117.21271952422984,10416300
2020-03-31,118.24925994873048,120.72596952846428,117.43286272438004,120.1388975244022,8662400
2020-04-01,112.79132843017578,115.23135241287224,111.69973801702724,113.86456890446657,7911500
2020-04-02,115.13961029052734,115.6991644207954,111.92905701778626,112.25928591428712,6244300
2020-04-03,113.17656707763672,115.6165904979091,111.78227297923074,114.5250003363715,6584400
2020-04-06,121.09288024902344,121.81755575926276,117.21270157011104,117.80894152424194,9369400
2020-04-07,121.23047637939452,125.92705196896355,121.1570906361951,125.68855880123988,10469900
2020-04-08,125.48675537109376,126.08299530721406,121.46897328781604,122.67063512630143,6610400
2020-04-09,127.83504486083984,129.13761036625326,126.41322576792876,127.43143025413993,9311600
2020-04-13,126.31231689453124,128.47714733441907,124.41351152392548,127.27548553035706,7291600
2020-04-14,130.14666748046875,130.4493784834018,128.39461924996337,128.9633413783758,5609300
2020-04-15,127.0920181274414,127.9542830476263,126.0646317985262,127.26630750452962,5164100
2020-04-16,127.6882781982422,128.0093391012349,126.0646517405627,127.75249597760092,5301200
2020-04-17,131.3024444580078,131.61432339095575,129.4128069270994,130.90801180696786,6411200
2020-04-20,129.17428588867188,131.21986244496642,128.8899109261741,129.33939328925385,5414000
2020-04-21,125.16569519042967,127.48646516568846,124.63365903052257,126.67924995488096,6367500
2020-04-22,127.9909896850586,128.6973152763738,126.91774934331758,127.74331453022587,6340900
2020-04-23,128.0093231201172,130.23835723556778,127.90841947722238,128.62391294614963,6198300
2020-04-24,129.91737365722656,130.22925270650268,127.74336029161228,128.88081882044384,4403600
2020-04-27,132.2197265625,132.69672686087142,129.33940283235054,130.8529434369485,4968200
2020-04-28,131.80697631835938,134.36623982135532,131.51343329456964,134.08187876512264,3594500
2020-04-29,135.54037475585938,136.25586833182942,133.95344813191562,134.66894170788566,4990900
2020-04-30,133.77915954589844,134.88909979062396,133.11870177987845,134.64142462914123,4228800
2020-05-01,130.0824432373047,131.7244197477611,128.2386733984769,131.28410522158313,4232500
2020-05-04,130.5777587890625,130.66948045990196,128.33954286649362,129.03668635184383,4741200
2020-05-05,131.7886199951172,133.32051083443403,131.59599464237675,132.1647167272881,3665900
2020-05-06,131.06394958496094,132.88936931368087,130.89882815400378,132.65087613218736,3927300
2020-05-07,132.7793426513672,133.7058117822768,132.45828164723062,132.73347479407556,3796300
2020-05-08,135.27438354492188,135.4211550684698,133.8158782715345,134.3387325784325,4248400
2020-05-11,135.29270935058594,135.95316709183382,133.95344393169427,134.12773333520417,4240900
2020-05-12,132.41238403320312,136.04488758115576,132.2747805067972,135.83391230361363,4864400
2020-05-13,129.752197265625,132.37567815201857,128.44046382087802,131.99958145924091,5862100
2020-05-14,131.14654541015625,131.25661706820244,126.9269545575939,128.28457032571845,7561000
2020-05-15,131.93539428710938,131.96291219522504,129.51372039461978,130.04575661302525,3845600
2020-05-18,136.31092834472656,137.0539398833127,135.0725664491485,135.32940959836588,4557800
2020-05-19,134.86155700683594,136.9530015478103,134.86155700683594,136.09073662362118,3180900
2020-05-20,137.35671997070312,137.76950281122595,136.5953581108055,136.833851441641,3894000
2020-05-21,136.53111267089844,137.7144391041598,135.77893293541746,137.2282705686047,3419200
2020-05-22,136.9163055419922,136.93465547620903,135.73299372763196,136.4576551648621,3003000
2020-05-26,138.82431030273438,140.24612945057547,138.61333502177231,140.20026160769663,4197500
2020-05-27,141.01663208007812,141.01663208007812,137.61345433610538,140.34700649111466,5077700
2020-05-28,140.53050231933594,142.3559362432483,140.09936975437626,141.6404426241453,4601500
2020-05-29,140.9983673095703,141.38363211672456,138.88857184447374,140.16361989561696,4776100
2020-06-01,141.95230102539062,142.26417994302412,140.5946997392393,140.91574662613272,3478900
2020-06-02,143.02552795410156,143.09891369203297,141.6587448293135,142.36507030961724,4157200
2020-06-03,145.2545928955078,145.66737547208953,144.02539913833343,144.1996885365768,9496400
2020-06-04,144.79595947265625,145.52978902964315,143.66766923483075,144.6675379004934,5629200
2020-06-05,148.51101684570312,149.59343923517574,147.68545159702694,148.0523663749049,4373400
2020-06-08,150.529052734375,150.62077440761678,148.8962585835516,149.42828068028894,5851300
2020-06-09,149.1531219482422,149.96033716828097,148.49266422472866,149.1989757926501,3200400
2020-06-10,148.0431671142578,149.74934706488838,147.6945883511176,149.34573249638888,4292900
2020-06-11,139.31048583984375,144.65835186765725,139.09034257769508,143.93369030158254,12504600
2020-06-12,141.23683166503906,143.54843403175312,138.3565071751509,143.54843403175312,6882100
2020-06-15,142.7503662109375,143.2457165512751,137.45754992396556,138.10882574583354,4859200
2020-06-16,145.49307250976562,146.87819160330966,143.0163632842749,146.87819160330966,4581200
2020-06-17,144.7867431640625,146.04345467597858,144.39231057058035,145.97923690667778,3702200
2020-06-18,144.906005859375,145.2087167974955,143.49335481481268,143.9611871723167,2797800
2020-06-19,144.08963012695312,146.658075501152,143.36495456222175,146.6397255636281,3824900
2020-06-22,145.08949279785156,145.2087464030034,143.14481921975545,143.97038449429382,2561300
2020-06-23,145.65826416015625,146.7498549233679,145.4381208108744,146.42880787336296,2555100
2020-06-24,141.70462036132812,144.85096931036543,140.7231158065975,144.59412621210512,3729100
2020-06-25,143.4185791015625,143.53837552691814,140.44221441662032,141.38211017358313,4029200
2020-06-26,140.08285522460938,142.98550044601566,139.8156191775732,142.8104176691192,3508500
2020-06-29,142.13772583007812,142.16536899550397,139.46545006108366,140.709434687086,3161600
2020-06-30,144.23867797851562,144.87449884816704,141.97185425088497,142.3496488317488,4317400
2020-07-01,145.0772705078125,145.63014800230442,144.31244328284652,144.57966529609183,3640900
2020-07-02,145.65780639648438,147.50075951405745,145.46429013246797,146.79121862681922,3181600
2020-07-06,147.9522247314453,148.38531969461724,147.30719416734195,147.89693840603817,3307600
2020-07-07,146.4502410888672,148.24713136135682,146.26594861647743,147.24271137469609,2357400
2020-07-08,147.64813232421875,147.69420894781865,145.9341859748267,146.80037588030385,2434900
2020-07-09,146.73590087890625,148.08124849286116,144.9298010235508,147.9522423646653,2465200
2020-07-10,148.31161499023438,148.36690132126407,145.98949066269455,146.67138822015832,2391800
2020-07-13,146.7082977294922,150.70750285501214,146.40420875995486,149.35293110917195,4694700
2020-07-14,148.6341552734375,148.74472794884147,145.3537013373809,146.05401838263083,3221300
2020-07-15,150.47708129882812,150.7903798635676,148.97507044344115,150.5047244627397,3747800
2020-07-16,149.80442810058594,150.0163637398632,148.98430058995342,149.42661939446373,2190700
2020-07-17,150.37570190429688,150.6705669739881,149.34365306946137,150.2835486609248,2141100
2020-07-20,151.52760314941406,151.91462160552302,149.83208970533215,150.2191081614411,3113200
2020-07-21,151.96066284179688,152.87291539701948,151.46305775657294,152.63333661637157,2345600
2020-07-22,152.75315856933594,152.9098078821677,151.66580902178913,151.66580902178913,2723200
2020-07-23,151.08531188964844,153.1494105071907,150.27440796954696,152.60574267922144,3114900
2020-07-24,149.9149932861328,150.5692336366398,149.18701907794136,150.04399941585345,2360800
2020-07-27,151.2050323486328,151.2142561097938,149.85968491660998,150.25591294941034,2423500
2020-07-28,150.09927368164062,151.33404854693063,149.99791072639368,150.77194744249078,1904900
2020-07-29,152.08966064453125,152.43981206469235,150.62451675489436,150.62451675489436,2153300
2020-07-30,151.74871826171875,151.92380101756245,149.65697707509463,150.60609658882424,2473300
2020-07-31,152.52281188964844,152.6149511139552,150.16383402601437,152.5412312981395,3159700
2020-08-03,153.84967041015625,154.16296893927515,153.1032628875696,153.39814201658322,4341600
2020-08-04,154.45790100097656,154.45790100097656,153.45349489577632,153.52721471000436,2811700
2020-08-05,155.5820770263672,155.65579682802183,155.0844859409664,155.25034494922852,2683000
2020-08-06,156.33770751953125,156.44828020095116,155.0660654407397,155.37936407850654,2150900
2020-08-07,156.46669006347656,156.6049058944002,155.36092123424694,155.93223208288265,2194200
2020-08-10,156.8997802734375,157.01035293478822,155.77557801432823,156.67862089012297,2496700
2020-08-11,155.63735961914062,157.87655460112433,155.25034121522296,157.57246569934313,3124600
2020-08-12,157.7199249267578,158.05165703720067,156.9643074293985,156.99195060021742,3364900
2020-08-13,157.60011291503906,158.26357707040168,157.09329806571836,157.37895350971334,2247200
2020-08-14,157.5540313720703,157.848910569983,157.00115396690506,157.31445256922677,2213900
2020-08-17,158.22671508789062,158.36493092037557,157.93183589777112,157.9686887662292,3422400
2020-08-18,158.46627807617188,158.7427237741779,157.5540114909357,158.49392123991126,3551400
2020-08-19,157.8489227294922,158.95469168561695,157.56326727239326,158.65060276207498,2291000
2020-08-20,158.30043029785156,158.54923287182706,156.82607644086656,156.89057247968125,2184400
2020-08-21,158.69667053222656,158.77039033326517,157.9502768800553,158.0700592537055,2284500
2020-08-24,160.21705627441406,160.21705627441406,159.2955801096139,159.88532429266158,2467500
2020-08-25,160.75157165527344,160.77000512213598,159.80245199077663,160.53963599850832,5162700
2020-08-26,162.20750427246094,162.34572012074565,160.77921291085295,161.0095820317376,2441100
2020-08-27,162.59454345703125,163.36858042743123,161.74678667126693,162.65905356820645,3435300
2020-08-28,163.7279052734375,163.75556249871426,162.6774228343667,163.26716711488692,4163100
2020-08-31,163.3593292236328,164.15179946170997,163.05524033523668,163.70949474250355,3189600
2020-09-01,164.80604553222656,164.93505165466152,163.2579580023942,163.73712962598668,2877700
2020-09-02,167.0083770751953,167.4046051526611,164.95347471148642,165.8657413507362,4021900
2020-09-03,161.20306396484375,166.3172601719534,159.8853455623647,165.8657317293143,5341400
2020-09-04,159.83009338378906,162.30886737616265,155.91381832565918,161.5716833766269,4379900
2020-09-08,155.3424835205078,157.60930744932728,155.13975760028973,156.92742395460567,3976000
2020-09-09,158.3833770751953,159.54443234293825,156.9550857624179,157.41582398843548,4290400
2020-09-10,155.7847900390625,159.8669375956968,155.3609187904883,159.47069545225924,3507600
2020-09-11,155.840087890625,157.1670161871636,154.34730058732626,156.87215104382963,3407700
2020-09-14,158.27279663085938,158.83489785136817,157.2038945900785,157.57247956129737,3080800
2020-09-15,159.17584228515625,160.00516544116408,158.59530763958216,159.59971356556403,2129700
2020-09-16,158.65057373046875,160.68704255100718,158.55843453634446,159.83928603775607,2826900
2020-09-17,157.34210205078125,158.0700622513443,155.93224422314026,156.24554283803502,2780400
2020-09-18,155.81239318847656,157.76593211697252,154.37489269621236,157.76593211697252,3178000
2020-09-21,153.93264770507812,153.94185740799136,151.3709442336842,153.39818966319245,4175300
2020-09-22,155.4622802734375,155.66499213347143,153.3060149411559,154.5868664976372,2090900
2020-09-23,151.71188354492188,155.84931790486027,151.44466155866283,155.72952146587437,2071400
2020-09-24,152.0343780517578,153.60088493163423,150.06241935484255,151.04839167299403,3792200
2020-09-25,154.4807586669922,154.9248776246191,151.3071230257676,151.53843704178183,2986000
2020-09-28,157.2843017578125,157.57112891220075,156.26651432131675,156.66438181677918,3291300
2020-09-29,156.40528869628906,157.50634574071515,156.08145752446777,157.1454964177618,2120600
2020-09-30,157.5803680419922,159.11629659449102,156.59959881058316,156.84016031996845,4786400
2020-10-01,158.8942413330078,159.3753785042548,157.85795891951187,158.88499385370483,3234100
2020-10-02,157.6543731689453,158.50560701577436,155.65581677119718,156.04442260660048,2325600
2020-10-05,160.4949188232422,160.5596794044979,158.52411894126126,158.78318950285754,2574200
2020-10-06,158.51487731933594,161.90130381910004,158.2280360771344,160.74473372700223,2803300
2020-10-07,161.28138732910156,161.6699931940085,160.01379099940843,160.06005662772083,1952400
2020-10-08,162.69703674316406,162.7433023739565,161.80879875241797,162.41020959785465,2335200
2020-10-09,164.0664520263672,164.35327921717774,163.2522219737768,163.6778319606923,2489200
2020-10-12,166.4998321533203,167.13826112041033,165.07494397323268,165.2969964012378,2895800
2020-10-13,165.62088012695312,166.37959708085066,165.0934772514452,166.24080016284233,2448900
2020-10-14,164.51979064941406,166.4720816535843,164.22371602854457,165.80589610876774,2155600
2020-10-15,164.57530212402344,164.76036464330318,162.0678659362664,162.48422836806978,2865300
2020-10-16,164.2792510986328,165.9076970268282,164.2792510986328,165.13973264004974,1910200
2020-10-19,161.92909240722656,165.8521840183339,161.56824303183458,164.98244087808402,2713800
2020-10-20,162.4934539794922,164.10340449986916,162.1418663004085,162.7525245296743,2622900
2020-10-21,161.9383544921875,163.51128730969285,161.9383544921875,162.53051793354092,3237200
2020-10-22,163.08567810058594,163.36325782742674,161.10563008928227,162.22519647749996,3762200
2020-10-23,163.62228393554688,163.7240626704075,162.34544012890802,163.59452738224738,2412700
2020-10-26,160.65223693847656,162.3732140182249,158.77396800047515,161.9568374377025,3873600
2020-10-27,160.0045623779297,161.01310245715464,159.90279774027232,160.83730150430927,2525200
2020-10-28,154.70286560058594,157.50639133311694,154.52706462754074,157.20105503018985,4617500
2020-10-29,156.16470336914062,157.72838823621092,154.05512086158004,154.98037684273066,3101000
2020-10-30,154.50852966308594,156.13697540547176,152.6857739170375,155.34125455126642,3990400
2020-11-02,156.1184844970703,157.1177629501474,154.66583951316895,156.17399761363737,3741600
2020-11-03,159.1162872314453,160.03229582185543,157.60811532191912,157.94120807131486,4096000
2020-11-04,162.58604431152344,164.55684482287646,160.70777508098456,161.14264668788678,3632100
2020-11-05,165.94468688964844,166.62011988833666,165.07494389825632,165.31550540124852,3678100
2020-11-06,165.86141967773438,166.36106592700074,164.76962414938552,165.7873974882768,3222100
2020-11-09,167.8322296142578,173.50405491052837,167.58240647513782,173.50405491052837,5549800
2020-11-10,167.55465698242188,168.10981639981088,165.70414441551247,167.48063478555065,5609200
2020-11-11,168.91477966308594,169.22936340141348,168.01727996622378,168.79449183207657,2878800
2020-11-12,167.24929809570312,168.76671763061967,166.26852882680794,168.3503551830325,3325700
2020-11-13,169.61793518066406,169.91400975650885,168.00798467247145,168.28556429364755,4769900
2020-11-16,171.6905517578125,171.73681739512026,170.3304239070483,171.67204267923134,6214800
2020-11-17,171.30194091796875,171.81083467721862,169.8862999902399,170.9503390264343,5733100
2020-11-18,169.48843383789062,171.86634918754734,169.47918635793465,171.58876948767795,3281900
2020-11-19,170.43214416503906,170.5709410293236,168.59089384945236,169.32183984218997,3038500
2020-11-20,169.53468322753906,170.4044262819126,169.4699226374733,170.4044262819126,2785700
2020-11-23,170.92254638671875,171.35741786024994,169.66419759234302,170.5154314652609,4390900
2020-11-24,173.5688018798828,173.7816209645651,171.72755113370232,172.3659660328829,5378100
2020-11-25,173.5040283203125,173.65205856683636,172.62503784646134,173.43925361634953,3459400
2020-11-27,174.11471557617188,174.2905165238381,173.65208744790917,174.06846405797762,1742500
2020-11-30,172.74533081054688,174.0684545264382,171.67203022335897,174.0036798152491,3721800
2020-12-01,174.93820190429688,175.61363499800018,174.54958186422084,175.03071905617574,3867300
2020-12-02,175.086181640625,175.141694739389,173.76307239246384,174.3552356430894,3831400
2020-12-03,175.4378204345703,176.07624944161202,174.89192269051293,175.1695023611774,4408600
2020-12-04,177.19581604003906,177.19581604003906,175.78943673151755,175.79868421126017,4401400
2020-12-07,177.00146484375,177.1865132088228,176.3722834605602,177.00146484375,4319700
2020-12-08,177.76951599121094,178.01007757173443,176.35387483391932,176.39087887773363,3449000
2020-12-09,176.02076721191406,178.2413767302326,175.34531993386392,178.14884545101472,4470500
2020-12-10,176.27980041503906,176.64064973808914,174.60508909220957,175.17874337031787,3223500
2020-12-11,175.9652099609375,176.14101089049237,174.50331765032965,175.39155565884357,3463000
2020-12-14,175.465576171875,177.8249821840918,175.41006306165858,177.36235410790374,3530500
2020-12-15,177.87124633789062,177.89900289276827,176.1502693440347,176.8997245623079,3226100
2020-12-16,178.1210479736328,178.5651810699048,177.54739370547455,178.0840439414207,2983900
2020-12-17,179.51817321777344,179.51817321777344,178.76871811609533,178.96301397001164,4132800
2020-12-18,179.0093231201172,179.93457934584032,177.8435053582903,179.85130967391473,4542100
2020-12-21,178.4912109375,178.89832600199202,175.63217212316988,177.27912734349354,5011900
2020-12-22,178.52818298339844,179.0185676454758,177.84350242336782,178.86127578389338,4336000
2020-12-23,178.83352661132812,179.70326974399387,178.72250037934182,179.17586690547913,3451400
2020-12-24,179.13265991210938,179.29987578988485,178.59382956876215,179.18839853803453,1744000
2020-12-28,180.26605224609375,180.78631251866523,180.0430977334918,180.77701329687815,3780500
2020-12-29,179.51351928710938,181.1114258188774,179.13263400648913,181.0278178920808,4606200
2020-12-30,179.99667358398438,180.58195762655427,179.866612038485,180.13602017714612,4314000
2020-12-31,180.823486328125,181.03715581756495,179.5321559930533,179.99666351179337,3746400
2021-01-04,178.25009155273438,181.5573824627033,176.28986946724478,181.5202281024797,8825800
2021-01-05,179.69007873535156,180.18245554893377,177.83204874428105,177.89708659827758,3894000
2021-01-06,181.30657958984375,182.91377164856192,178.7982418033967,178.8353961679142,6175700
2021-01-07,184.21437072753903,184.52094736632563,182.45853301495657,182.47711728339183,4830900
2021-01-08,185.1062164306641,185.30131579442312,182.99734866576225,185.0040242259602,7538700
2021-01-11,184.00070190429688,184.92971687032937,183.22033273498397,183.4061328930618,3858600
2021-01-12,184.6510009765625,184.8646846152971,183.3318014870917,184.288685723649,3874100
2021-01-13,184.85536193847656,185.41277649175936,183.9913849740933,184.6231082372156,3465800
2021-01-14,184.67889404296875,185.8308777987865,184.4280701879827,185.3849545476112,4289000
2021-01-15,183.0717010498047,184.17723121270285,182.06836310807304,183.90782308907,3444800
2021-01-19,184.7439117431641,184.91112762824343,183.78702748793953,184.55811159008377,4153700
2021-01-20,187.0757598876953,187.4380751975396,185.77514446149672,185.87733668610124,5224900
2021-01-21,186.9364013671875,187.6610319406295,186.52763249485733,187.52168535944605,2960600
2021-01-22,186.62985229492188,187.02003695554484,185.76587501260943,186.04456821616432,3045900
2021-01-25,187.1593475341797,187.6145557616568,184.27011063521044,186.982832435508,5323200
2021-01-26,186.48114013671875,187.976854558228,186.43468656076809,187.55880072595397,4046900
2021-01-27,182.0033264160156,184.9483021737406,180.8327584798527,184.92043285865515,6727700
2021-01-28,183.4340057373047,185.50570518223705,182.7744130370912,182.86730603009568,5310100
2021-01-29,180.21966552734375,183.2482500059583,179.13271943370924,182.77445735252184,8315700
2021-02-01,183.2946624755859,183.69413212158295,180.72128695443368,181.9754628756523,3900700
2021-02-02,185.92376708984375,186.69485120195137,184.92042923947395,185.059775812174,3278700
2021-02-03,186.2024688720703,186.97355301994395,185.4220996774671,186.5647983291831,2905600
2021-02-04,188.56214904785156,188.56214904785156,186.75985793433932,186.88063440348455,2746400
2021-02-05,189.62127685546875,189.78849277288688,188.7387153259219,189.6305619034434,3127200
2021-02-08,191.3213653564453,191.3585197218785,190.24370447549828,190.62460405550203,3676700
2021-02-09,191.3956756591797,191.79514530777172,190.68033013480425,191.00549105742328,3384800
2021-02-10,191.31207275390625,192.51051017136305,189.93713437497763,192.37116357661012,3682400
2021-02-11,191.76724243164065,192.2503341197865,190.28082718636017,192.02736545395572,2630000
2021-02-12,192.7612762451172,192.77984633372031,191.19123904410336,191.2748469697379,2416700
2021-02-16,192.4175567626953,193.5974096255097,191.8601563419539,193.5230867342825,4955700
2021-02-17,192.01808166503903,192.21316684523097,190.48519865675144,191.39564341645257,4484000
2021-02-18,190.9125518798828,191.46066723981704,189.52831464866628,190.66171390093396,3658900
2021-02-19,191.3492126464844,192.33396623701708,191.05192105466296,191.7765515901735,4921800
2021-02-22,189.52833557128903,190.94044226987103,189.4354425813196,190.1879424255953,4400300
2021-02-23,189.50048828125,190.15079598919047,185.20844323319815,188.1720035475749,5707900
2021-02-24,191.6279296875,191.82301490083785,188.3856622060409,189.14746131698223,3722800
2021-02-25,186.62054443359375,191.73012711696504,185.8030066680481,191.1355580626531,7581100
2021-02-26,185.87728881835935,188.3020180907834,184.4558972630392,187.6517105451535,6324600
2021-03-01,190.65245056152344,191.2377345204917,188.65507407473433,188.7293827967095,4691800
2021-03-02,188.85939025878903,190.95897253244323,188.7479130320956,190.9125189627746,4859000
2021-03-03,186.1374359130859,189.0916966492068,185.9702058507838,188.79441923659863,4334000
2021-03-04,183.19248962402344,186.95500360977616,180.71202101098604,185.84017415055652,7198800
2021-03-05,186.4997406005859,186.9270936905523,180.33108225061093,185.21769550632905,6614800
2021-03-08,185.58932495117188,188.48784712800503,185.403524791875,187.14077825354823,4281400
2021-03-09,188.4692840576172,189.8442365774787,187.3916373422287,187.8747149756064,4116100
2021-03-10,189.8163299560547,190.69889127027116,189.15672314399848,190.0299994125057,4133800
2021-03-11,192.2968292236328,193.07719845909892,191.1076911003574,191.4514221307222,4102700
2021-03-12,192.677734375,192.73348719094537,190.95906487130503,191.52576467375815,4069000
2021-03-15,194.02476501464844,194.0712044185312,191.73938215305557,192.984258700729,3421900
2021-03-16,193.244384765625,194.4428219282087,192.6405307492575,194.29417614165465,4599900
2021-03-17,193.9783477783203,194.43355608628195,191.71154875896528,192.59411023272537,3347000
2021-03-18,190.4480438232422,193.64385716818364,190.23437437740063,192.7241273655136,3641900
2021-03-19,190.68959045410156,191.5164131358629,189.1195672038319,190.57811320395376,3871000
2021-03-22,191.7207946777344,192.5476173471307,190.80107902648484,191.26558646267696,3603900
2021-03-23,189.53761291503903,191.78582714205237,189.1845827372328,191.5535734304728,4764800
2021-03-24,187.9676055908203,191.23774234155496,187.9676055908203,190.60600477378352,4014500
2021-03-25,189.3583221435547,189.83370780142863,185.95612307469975,187.27971883545288,4976800
2021-03-26,192.452880859375,192.61133795803784,189.4421675390225,190.25309922714388,3554900
2021-03-29,191.5487518310547,192.3503676144454,190.37429745101377,191.63263838186887,4562900
2021-03-30,191.4928436279297,191.9122906402873,190.42090768203585,191.24116973136233,3960500
2021-03-31,192.657958984375,193.52481509096015,192.01480033864783,192.06140871728667,5494800
2021-04-01,195.0721435546875,195.09078975275693,193.468911869881,193.86972690252352,4543300
2021-04-05,197.3465118408203,197.570223566805,196.26525983288545,196.5355799463106,5941400
2021-04-06,197.42105102539065,198.06420969030916,197.05752841776896,197.31851827847785,4029900
2021-04-07,197.25331115722656,197.7193666238851,196.75929350039928,197.4117683091444,3299100
2021-04-08,198.3997802734375,198.3997802734375,197.39309894935073,198.11081399160997,3628900
2021-04-09,199.6021728515625,199.7047055913764,198.18536068946472,198.3997563781809,3559100
2021-04-12,199.6581115722656,199.81656868648568,198.84717980452743,199.527616641562,3882800
2021-04-13,200.2174072265625,200.6648164383051,199.47171572506983,199.80727618959745,4056900
2021-04-14,199.76995849609375,201.21471860475873,199.5089544327534,200.45971126464875,3765600
2021-04-15,201.8951873779297,201.96042773234657,200.8325817274303,201.08424138102797,5439600
2021-04-16,202.40785217285156,202.7061344523601,201.63421273400047,202.69681846470613,4306000
2021-04-19,201.084228515625,202.18412648931735,200.4037917168532,202.01633917477315,3986900
2021-04-20,199.2387237548828,200.90719616591863,198.46506992782523,200.60892804555425,5210300
2021-04-21,201.61557006835935,201.643532254693,198.77262926709068,199.14546790012696,3167900
2021-04-22,200.0403289794922,202.3053517319202,199.359891977138,201.7554096919748,4394800
2021-04-23,202.4637756347656,203.07895790022823,200.37584250290936,200.4783752509666,4374300
2021-04-26,203.20016479492188,203.45183870620352,202.6875009841196,202.95782109476207,3202500
2021-04-27,203.10696411132812,203.50777920348384,202.59431448279605,203.4798170136688,2670000
2021-04-28,203.07894897460935,203.7966781794649,202.84592130498308,203.2653824886146,2603900
2021-04-29,203.8526153564453,204.73811771210217,202.21210557940864,204.69152355355268,4178800
2021-04-30,202.3612518310547,203.35860294907545,202.03500737566688,202.74340643354031,3256600
2021-05-03,202.7154235839844,203.73143501893583,202.5476504911491,203.73143501893583,3846300
2021-05-04,201.1960906982422,201.83923510338013,199.2945769960259,201.7833107397055,4900000
2021-05-05,201.15882873535156,202.2121184868149,200.66481115099208,202.2121184868149,2032600
2021-05-06,202.18414306640625,202.22142123776143,199.54626797799185,201.13085338388797,4131200
2021-05-07,203.89920043945312,204.12291211102905,202.36122358814737,202.64084539901785,3868100
2021-05-10,201.5036773681641,204.03901952278977,201.3825126528904,204.02970353634717,4443800
2021-05-11,199.8818359375,200.319929137544,197.62612957923156,198.8099000175039,5959900
2021-05-12,195.37973022460935,199.1268193328015,195.0068916226388,198.4836606549535,5788400
2021-05-13,197.53286743164065,198.46497798816375,196.0508150602596,196.09742343266143,4970900
2021-05-14,200.90716552734375,201.29866459887575,199.0056656592071,199.0522740460926,4292600
2021-05-17,200.47837829589844,200.7580143605637,199.2293533263256,200.3105909679469,4063200
2021-05-18,198.91238403320312,200.99100078295777,198.8564596763269,200.63679422557067,3173100
2021-05-19,198.3345184326172,198.3345184326172,195.51022408074724,196.27456170032227,6015000
2021-05-20,200.4877166748047,201.019026679297,198.7073815612401,198.73535797142415,3478300
2021-05-21,200.3758850097656,202.02572531562907,200.1335412915301,201.4105286967805,3623300
2021-05-24,202.39849853515625,202.92047820431583,201.26132244611023,201.55960467013247,2873700
2021-05-25,201.8392639160156,203.21879812369133,201.52234966136655,203.05101078583587,3700600
2021-05-26,202.5663299560547,202.7900274499081,201.7833460589206,202.24940146829172,3258100
2021-05-27,202.93914794921875,203.4238495080627,202.8179690037875,203.20013781408528,2617200
2021-05-28,203.28402709960935,203.88057740202424,203.22810273108317,203.7594126778445,2635700
2021-06-01,203.367919921875,204.6262751440323,203.0230434900773,204.6262751440323,3805700
2021-06-02,203.63824462890625,203.964489093277,203.09761866608488,203.77805555770408,3599400
2021-06-03,202.73410034179688,203.2467641297664,201.4105047037825,202.54768102513947,2967000
2021-06-04,204.49578857421875,204.57967513302697,203.6289323541029,203.73146511138475,2287100
2021-06-07,204.66357421875,204.7660927523002,204.16022642430747,204.64492802043085,2762800
2021-06-08,205.0830078125,205.32535148326284,203.81533664450777,205.09232379960895,2831700
2021-06-09,204.5050811767578,205.5304086323298,204.45848702022496,205.44652208311405,2688600
2021-06-10,205.4092712402344,205.90328887160788,204.3093872225751,205.2601443079792,2936700
2021-06-11,206.01513671875,206.01513671875,205.18555866068428,205.79142500247252,2837200
2021-06-14,206.33201599121097,206.3599781731432,205.41855152803612,206.1828748723187,3189400
2021-06-15,205.7914581298828,206.49054135504264,205.2228698711708,206.4532631744367,3094000
2021-06-16,204.76608276367188,205.96851359616545,203.55435016679553,205.96851359616545,3459600
2021-06-17,204.57032775878903,205.12026963488807,203.1535155726926,204.54236557680977,3002900
2021-06-18,202.03500366210935,203.3399530139117,201.82993816070027,203.19082610433512,4538300
2021-06-21,204.8220367431641,204.87796111671275,202.34261854803495,202.8925605184402,3870000
2021-06-22,205.98716735839844,206.32272780968728,204.30003489146603,204.92456163313068,2684300
2021-06-23,205.90325927734375,206.54641797141528,205.8193727232165,206.08969280591273,2662200
2021-06-24,207.30105590820312,207.4412953676556,206.89901234697925,207.1047063984936,2931600
2021-06-25,208.0770721435547,208.2173115971242,207.47869336419905,207.80592351135303,2801300
2021-06-28,208.3108062744141,208.4884524199316,207.431934354364,208.4884524199316,3094900
2021-06-29,208.3201904296875,208.87181805326335,208.0023047754042,208.7876743682727,4068000
2021-06-30,208.3295440673828,208.63807090468976,207.99295506929795,208.2079936810952,3041700
2021-07-01,209.4608612060547,209.4889091022333,208.5913478915616,208.8718268533476,3836000
2021-07-02,210.6202087402344,210.7511036668203,209.7226333390186,210.0966290338906,3026400
2021-07-06,210.16204833984375,210.85392960628508,208.6474051599452,210.72303469279353,4147200
2021-07-07,210.44252014160156,210.70430994199455,208.98397289184797,210.44252014160156,4042200
2021-07-08,208.6660919189453,209.170982484272,206.75876401981495,207.4973822520461,4486100
2021-07-09,211.1905212402344,211.28400945592665,209.45148064382968,209.58237555897944,3886600
2021-07-12,211.7795257568359,211.8730282321746,210.80716563909797,211.25594613447896,3294600
2021-07-13,210.60153198242188,211.78894528055503,210.47998158293015,211.3962604512112,4668400
2021-07-14,210.3116455078125,211.7328004658037,209.8254582888858,211.5551543127454,2830200
2021-07-15,209.572998046875,210.14332889765717,208.3668960268141,209.85349120186984,3276500
2021-07-16,207.9275054931641,210.36777222159367,207.7405147711515,210.36777222159367,3203300
2021-07-19,204.9729766845703,205.5152596937874,203.65468299414636,205.5152596937874,6966200
2021-07-20,208.5165100097656,209.16164003498292,205.12257253787072,205.64615219124255,5362900
2021-07-21,210.38644409179688,210.38644409179688,209.01204037762815,209.1990310716597,2542500
2021-07-22,210.56410217285156,210.69499709273637,209.6010722244064,210.55474336441077,2236200
2021-07-23,212.66778564453125,212.80802511030095,211.14378353960925,211.5364683102411,2982700
2021-07-26,213.09783935546875,213.09783935546875,212.35922113972345,212.4714126999695,2849700
2021-07-27,211.9478759765625,212.63974309346244,210.34907458697103,212.59300611154717,4169600
2021-07-28,212.2750701904297,212.9949993474817,211.48035616840204,212.34986932188093,3306700
2021-07-29,213.21006774902344,213.87390121693596,212.77999051613156,212.77999051613156,2960900
2021-07-30,211.9478759765625,213.09788250135193,211.6767272957682,211.835684393601,2846800
2021-08-02,211.6486358642578,213.26614027378423,211.48034852443195,213.03239834637608,3558100
2021-08-03,213.1632843017578,213.17262884253063,210.6295156378281,212.07871838018409,3245400
2021-08-04,212.2096710205078,212.8828490676419,212.0039769357458,212.4153651052698,3374500
2021-08-05,213.72430419921875,213.73366300856156,212.46210612149528,212.7238959864962,2461700
2021-08-06,213.9860382080078,214.3974262503336,213.53725773750415,214.04213398351152,2343100
2021-08-09,213.9019012451172,214.14498770207248,213.1913309556887,213.97670037028985,3295500
2021-08-10,214.04214477539065,214.39743706012635,213.6494600605918,214.10759936109443,2946700
2021-08-11,214.46287536621097,214.5657223741709,213.55595564142055,214.5189711402848,3051400
2021-08-12,215.061279296875,215.061279296875,213.8925696449846,214.43485263543877,2746000
2021-08-13,215.1828155517578,215.2763180305653,214.81817871076896,215.2576146815088,2516000
2021-08-16,215.26695251464844,215.2762970550286,213.43440968049285,214.55636798448813,3193200
2021-08-17,213.66815185546875,214.14498021198273,212.03195849904125,213.845797988231,3735100
2021-08-18,211.53643798828125,213.9486563190859,211.35879184611923,213.27547844693228,3194100
2021-08-19,211.3774871826172,212.06936837679396,209.8067341183028,210.1059306130195,3964500
2021-08-20,213.2755126953125,213.3503118338382,211.3214333506881,211.60192655354024,2655100
2021-08-23,215.34176635742188,215.73445107733968,213.90190811791527,214.17305673868756,3180600
2021-08-24,216.1084442138672,216.36088949987007,215.66900823198185,215.8466543863366,2772300
2021-08-25,216.7255401611328,216.93123421965424,215.95885971273907,216.3421999369359,2897000
2021-08-26,215.27633666992188,216.71618080948733,215.1921929915948,216.55723799493296,3352000
2021-08-27,217.59503173828125,217.7913812351578,215.66900053314276,215.79055090104137,3749800
2021-08-30,218.41783142089844,218.75442040432276,217.66050977481297,218.0531945443952,3194000
2021-08-31,218.00637817382812,218.43646951668248,217.6323968668462,218.37101494140083,3099400
2021-09-01,218.38975524902344,218.97878946036244,218.0812141986304,218.61415263107511,3533100
2021-09-02,219.12835693359375,219.3901467263531,218.4832269919819,219.0722611589273,3274600
2021-09-03,219.05357360839844,219.24992310036407,218.43650577609515,218.78243925580037,2484200
2021-09-07,218.1092834472656,219.06295458128375,217.8661969594272,219.0535957729017,3256800
2021-09-08,217.59503173828125,218.09056348459455,216.52916911667668,217.85682155646657,3027600
2021-09-09,216.83770751953125,218.45519764776455,216.6787647223268,217.53893329533165,3265900
2021-09-10,215.11740112304688,218.02515165966747,215.0052095481538,217.87555338215873,3385600
2021-09-13,215.60357666015625,216.66943936307513,214.41616358006576,216.454386500929,3312700
2021-09-14,214.3039703369141,216.43569572609653,213.7523285062364,216.36089659199655,3158900
2021-09-15,216.0710296630859,216.2954127685856,213.84580209038683,214.50027659221772,2598900
2021-09-16,215.87469482421875,216.46372904906363,214.38809958353656,215.92144606319417,2537200
2021-09-17,214.14500427246097,215.81860451144263,213.7803674255755,215.54745587840125,3078200
2021-09-20,210.4331817626953,211.5925325508184,207.85266184544165,210.84455555644817,7749300
2021-09-21,210.4144744873047,212.2657064573013,209.8628469925113,211.77951928006377,4564400
2021-09-22,212.5368804931641,213.57468102287163,211.14377337882593,211.61125726419732,4187300
2021-09-23,215.1267547607422,215.9308277032507,213.2194265745355,213.58406347483137,3778100
2021-09-24,215.38372802734375,215.6744806402455,214.0237482800404,214.36139970729928,3122800
2021-09-27,214.91476440429688,215.59944128401276,214.3238708399962,214.93352679198333,2856700
2021-09-28,210.41273498535156,213.64855251865225,210.1407447853932,213.51724443737797,5078600
2021-09-29,210.553466796875,211.96034546615692,210.3564974861112,211.2381437420361,4585500
2021-09-30,208.27427673339844,214.2206793555913,208.16173104070936,211.3600380486911,5080200
2021-10-01,211.14431762695312,211.62266546935567,207.2988583698316,209.24973157881615,5148600
2021-10-04,207.9647521972656,210.4689939249125,206.8486264244347,210.3189377787345,4984000
2021-10-05,209.9062957763672,211.02242178635052,208.31183618132368,208.62133688773872,3568200
2021-10-06,210.7785186767578,210.8535539090887,207.2613226634755,208.11483233079375,3076000
2021-10-07,212.80447387695312,214.1832161626939,212.0728980900103,212.43868598348172,3081300
2021-10-08,212.33547973632812,213.42346920032367,211.9884542894448,213.28277276481103,1922600
2021-10-11,210.80665588378903,213.46096820239651,210.73162065117916,212.03534171733037,2354900
2021-10-12,210.6566162109375,211.68831853914807,210.2439295550499,211.32253069624923,2898400
2021-10-13,211.61325073242188,211.99780090363387,209.76554941480015,211.19119010349695,3179500
2021-10-14,215.13050842285156,215.1867812813735,213.37660421187027,213.5735735282073,2688800
2021-10-15,216.4060516357422,216.80936425662173,215.9746169006712,216.36854117197848,2717900
2021-10-18,217.19390869140625,217.2783179662525,215.20551068880997,215.78703019793636,3078300
2021-10-19,218.7789764404297,218.79773882727915,217.70037533646615,218.06616316673717,2683100
2021-10-20,219.6324920654297,219.8013249286076,218.90091638517808,219.05098686100104,2838400
2021-10-21,220.23277282714844,220.3640809234687,219.16354566810944,219.38865139530523,2839800
2021-10-22,219.81069946289065,220.70171965890057,218.83526999085527,220.0358051771334,2144500
2021-10-25,221.16128540039065,221.311355863168,219.56682609002556,220.47660859229111,2170100
2021-10-26,221.0769195556641,222.46503583023983,220.84243977833324,221.95855149675972,2759900
2021-10-27,219.5668029785156,221.42387824751256,219.4636313351544,221.3957418276418,3409600
2021-10-28,221.91162109375,221.91162109375,220.20460179831016,220.354672259526,2104900
2021-10-29,222.2023773193359,222.40872062902204,220.7579741515331,220.86114580637616,3565900
2021-11-01,223.30914306640625,223.33727949297125,222.02419854824123,222.99025402433023,3967500
2021-11-02,224.0031890869141,224.0969723969108,223.1403053528024,223.52485556485988,4004800
2021-11-03,225.5882568359375,225.78521178962137,223.50607574224037,223.8718635391598,3704400
2021-11-04,226.44178771972656,226.78882749752043,225.59766630548933,226.06662582706753,3557000
2021-11-05,227.31402587890625,228.39262689263668,226.40424339817432,227.67981367857635,3919400
2021-11-08,227.6891937255859,228.439531730012,227.37967876207864,228.07374392068652,3401400
2021-11-09,227.03269958496097,228.0456539505483,226.21671453136693,227.95185631407335,2764100
2021-11-10,224.8004150390625,226.9388834874905,223.9093948672638,226.16978305169064,3356500
2021-11-11,225.07241821289065,225.81336790817497,225.0630441752569,225.72895863494784,2277100
2021-11-12,226.7419281005859,227.0139183253387,225.29753907489945,225.70083739289643,2419900
2021-11-15,226.7419281005859,227.60481190069217,226.16979691326992,227.3890945285428,3630500
2021-11-16,227.71734619140625,228.22383046246665,226.42302771188,226.6575074603133,2947400
2021-11-17,226.7794189453125,227.5391453242572,226.4417675473952,227.5391453242572,2809000
2021-11-18,227.13584899902344,227.38909114347769,225.58828832943243,227.25778305218816,3507700
2021-11-19,226.4886932373047,227.5579204056873,226.34801110127117,227.06082444302317,3353800
2021-11-22,225.4007110595703,228.47708437263623,225.33504985710124,227.2952972202635,3902900
2021-11-23,225.4757080078125,226.1322627166385,223.44981396915864,225.194343774324,3826200
2021-11-24,226.2354278564453,226.2354278564453,223.81559533759187,224.2939288322521,2195400
2021-11-26,221.3395233154297,223.31853309728257,220.35470544371455,222.51192213615985,5730300
2021-11-29,223.42169189453125,224.4252577852756,221.8366064903802,223.67491972093387,4789200
2021-11-30,218.95718383789065,222.9714759423888,218.6289207805672,222.27742505395716,7231400
2021-12-01,215.87144470214844,223.10279231931457,215.6088285219263,221.7334385669432,5274700
2021-12-02,219.37924194335935,220.11081759698945,215.80577294797217,215.91833295649752,4257400
2021-12-03,216.8374786376953,220.6641895704369,214.80219628710245,220.251502953449,5821900
2021-12-06,219.62310791015625,220.57977494856337,216.61238174050143,218.16933065454737,4210600
2021-12-07,224.32211303710935,224.81920902318276,222.6057193391256,222.81206268936475,4284700
2021-12-08,225.28814697265625,225.45697983916315,223.82499558330304,224.6972677186535,3417400
2021-12-09,223.1403350830078,225.00678492065737,223.0184010211076,224.65038539677235,2853800
2021-12-10,224.6597442626953,224.9786332983486,222.82143097709871,224.5565725968653,2610800
2021-12-13,222.61505126953125,224.72536874362473,222.41808200821973,224.63157113128472,5839100
2021-12-14,220.94558715820312,222.15549637912733,219.5199462615688,220.83302714563445,3360400
2021-12-15,224.3502197265625,224.3971185384019,219.33236171292208,220.93619517267055,3720700
2021-12-16,221.8365936279297,225.56013299707743,221.02998276004487,225.3725377582379,3876100
2021-12-17,220.8236541748047,222.4368760181714,218.85401852768,220.41096752024455,4455100
2021-12-20,217.71913146972656,217.9254747846201,215.78702071345785,217.6909950460145,5839800
2021-12-21,221.9866485595703,222.13671902521196,218.74145703123656,219.6512395508665,4158800
2021-12-22,224.181396484375,224.25643171944552,221.86473548078743,221.93977071585803,3202900
2021-12-23,225.72898864746097,226.37615511793052,224.6316250150816,224.97865050327147,2925100
2021-12-27,228.6930694580078,228.6930694580078,226.22690960314924,226.35868804098348,4395100
2021-12-28,228.222412109375,229.46489237331852,227.82706246431377,228.78717064288705,3960900
2021-12-29,228.35415649414065,228.88127012527912,227.5164192526306,228.3070896993384,3044300
2021-12-30,227.98709106445312,229.38017934056245,227.7894162431352,228.83423604091,4501500
2021-12-31,227.26231384277344,228.43891212570463,227.26231384277344,227.8741392047889,3499900
2022-01-03,228.7024688720703,228.7024688720703,226.7163703970136,228.1847627552978,4204000
2022-01-04,228.2694854736328,229.7284702871323,227.1776131303103,229.41784660197905,4217000
2022-01-05,223.3183135986328,228.4106334906652,223.27124680329737,227.8646902628665,4878300
2022-01-06,223.26185607910156,224.74907787504043,221.70873789215412,223.2712636937726,4519200
2022-01-07,222.24530029296875,224.09021274722144,221.50169648689464,223.26188294782975,3580200
2022-01-10,221.859375,221.99115343652923,217.40713100572057,220.45687900324725,5819600
2022-01-11,224.0713653564453,224.1278397723235,220.34389591800135,221.86877696056857,3524800
2022-01-12,224.41961669921875,225.765652413579,223.3747969969114,225.0032047691088,4033100
2022-01-13,221.1345672607422,225.3420836120466,220.71099477736192,225.13500117790136,4049300
2022-01-14,221.21929931640625,221.32284053631935,218.66842800551373,219.78855183109036,3829900
2022-01-18,216.9176788330078,219.03555595966225,216.43763185489792,218.84730308762545,6511600
2022-01-19,214.6397247314453,218.5272093428204,214.51735393633064,217.64240529795612,4868100
2022-01-20,212.13595581054688,218.29192596515747,211.91946575175055,215.67517257750424,5175100
2022-01-21,207.9378662109375,212.81368263452387,207.86256219678373,211.43000189533916,8582600
2022-01-24,209.27444458007812,209.50035658414603,199.64516982495925,205.1892994552119,22004300
2022-01-25,206.34710693359375,208.9826900278287,202.9773276409124,206.2341580916089,6600400
2022-01-26,205.54698181152344,210.99699237928917,203.36322315631148,209.6415490388548,7096400
2022-01-27,204.0221405029297,209.3403589508615,203.22204793231924,207.8437293949295,5789200
2022-01-28,209.048583984375,209.12388800424944,202.3090250147325,204.72811817883888,4961200
2022-01-31,213.49139404296875,213.6231724706524,208.22965018812368,209.0485579628171,5306400
2022-02-01,215.11978149414065,215.4868795336465,211.91944034782145,214.5550230133155,4697600
2022-02-02,216.5411071777344,216.90820519343887,214.60207589669173,216.3904991808379,4048200
2022-02-03,211.392333984375,214.54560844211483,210.96876151844225,213.49138108463413,4217700
2022-02-04,212.79489135742188,214.60214481223872,210.20637482593145,211.62770055080583,3585300
2022-02-07,212.25833129882812,214.0279397212646,211.63708395527843,213.18078033566812,2757300
2022-02-08,214.2068023681641,214.65861212620496,211.29824024616929,212.04185846827593,3075500
2022-02-09,217.6894989013672,217.71773610944496,216.11756541302935,216.36229267062717,3698700
2022-02-10,213.9996795654297,218.19777376656512,212.86072622437857,214.76211287677484,3511200
2022-02-11,209.84864807128903,215.0821546567984,208.973251526802,214.02792724756523,4839800
2022-02-14,209.07676696777344,210.42280263439807,207.36364763897873,209.45328696948673,4402100
2022-02-15,212.79489135742188,212.88901061363003,211.22294322451225,211.39238086612485,4406200
2022-02-16,212.9925079345703,213.55728080646912,210.6675487802611,211.7876725464389,4812400
2022-02-17,208.15432739257812,211.50527656221527,207.7589921452044,211.23231211620848,5784600
2022-02-18,206.48829650878903,208.95445638211973,205.3964241711724,208.15436377035095,7007900
2022-02-22,204.11627197265625,207.1565978561527,202.43137522050105,205.30227784861924,7748900
2022-02-23,200.3605804443359,205.98001531422057,200.08761594669463,205.7352880279638,7684500
2022-02-24,203.8715362548828,204.1162778923338,194.8446775857762,195.44709533810055,10471000
2022-02-25,208.40847778320312,208.43671498940523,203.46676561905187,204.52099295131768,4615100
2022-02-28,208.18258666992188,209.0203240511472,205.4340548757582,206.37533347770895,4219800
2022-03-01,204.93519592285156,208.48382057779807,203.62681912856024,207.66489835725787,4765000
2022-03-02,208.82264709472656,209.5380136051105,205.5940542763938,206.13999754593831,3884900
2022-03-03,207.23187255859375,209.9898115969533,206.3188312885775,209.47210556301064,4161700
2022-03-04,205.16110229492188,205.7729276765515,203.1750037551518,205.3964219590521,4518100
2022-03-07,198.8356781005859,205.1234116683589,198.81684850876505,204.897499654819,7953400
2022-03-08,197.7155914306641,202.8361497951496,196.9908028188008,198.6756997146983,6132200
2022-03-09,203.2032165527344,204.1727323034503,201.02886541544393,202.06426319555948,4558400
2022-03-10,202.2902069091797,202.70437183122095,199.8334689514101,201.2171497760604,5271300
2022-03-11,199.54164123535156,203.82444706715327,199.2686624178297,203.6173790037936,5511000
2022-03-14,197.57432556152344,201.25472746217963,196.98132995077287,199.8145726945782,6284200
2022-03-15,201.6971893310547,202.0360502218472,198.13915715911935,198.6097964872883,6491000
2022-03-16,206.7424468994141,206.7424468994141,201.424228148859,203.65505400493527,4863500
2022-03-17,209.50975036621097,209.5285799559992,205.4622503278583,205.697569930521,6570100
2022-03-18,211.9571075439453,212.2112567866701,208.4273128057679,208.95444088473053,3425100
2022-03-21,211.7594451904297,212.9172138326352,209.97102161750175,212.20184727601833,2802200
2022-03-22,214.3573455810547,214.7526808216162,212.35243217269056,212.52185540602983,3269300
2022-03-23,211.43785095214844,213.86448804113743,211.43785095214844,213.13743916908737,2695400
2022-03-24,214.4499053955078,214.5160072992524,211.81555435144156,212.45761303463095,2375100
2022-03-25,215.36578369140625,215.5168614003674,213.2979525736362,214.87480274862756,3851100
2022-03-28,216.7632293701172,216.7632293701172,213.84559696554336,215.30913164478417,6799400
2022-03-29,220.0490875244141,220.34179157509027,217.594125228149,218.5100140104628,4470500
2022-03-30,218.2645263671875,219.8224738088709,217.19755986505768,219.42590563112535,3436400
2022-03-31,214.96920776367188,218.41559763827024,214.91255722674396,217.8112868242048,4087000
2022-04-01,215.82847595214844,215.98899063157887,213.9872612086053,215.90401481439184,3456400
2022-04-04,217.66021728515625,217.67909119188235,215.63959988316088,216.0928185731476,3241100
2022-04-05,214.4782257080078,218.00015465238457,213.94003116631345,217.06537751251912,3268800
2022-04-06,212.0138397216797,213.24132100294017,210.50310572037537,212.4765098436924,4122000
2022-04-07,212.81642150878903,213.80784922365453,210.21983265953224,211.69280439244585,4347500
2022-04-08,212.1554412841797,213.7228399474113,211.4189555330346,212.4292569988108,2954800
2022-04-11,208.84124755859375,211.09793287097037,208.67129595263333,210.72023862289876,2942200
2022-04-12,208.19920349121097,211.9760597903712,207.4816059810933,210.42754928401803,3164200
2022-04-13,210.927978515625,211.3056583770089,207.98203525565347,208.20863740945853,2404600
2022-04-14,208.35972595214844,211.70225197022307,208.30307541075123,211.10739247042451,2465500
2022-04-18,208.00091552734375,208.94512961725556,206.92451204114684,208.11423101527643,3674400
2022-04-19,211.6644592285156,212.0704787569014,207.94425361254923,207.94425361254923,2631200
2022-04-20,211.39064025878903,212.93915068151873,210.9374071539199,212.4481553550251,2933200
2022-04-21,207.9347991943359,214.0344133009701,207.4438039015605,213.1090876553085,3172100
2022-04-22,202.26953125,207.47214538377335,202.08069132496095,207.47214538377335,6361400
2022-04-25,203.3742828369141,203.66698691481392,199.0308920341892,201.18371352621665,9271800
2022-04-26,197.57681274414065,202.44896126174,197.57681274414065,202.30732049337024,6891100
2022-04-27,197.9639129638672,200.5510501326418,196.9158348355676,198.14331593113076,4955900
2022-04-28,202.7888336181641,203.71415925295943,197.765608499866,200.06005588512213,3767700
2022-04-29,195.33900451660156,202.35450789342565,195.1784898592753,201.0231626439066,7330500
2022-05-02,196.81198120117188,197.46349120854188,192.34585272628024,195.59393699411575,10630500
2022-05-03,197.7467498779297,198.8609299956394,196.2832295650367,196.85920073602037,3901800
2022-05-04,203.54425048828125,203.86527984029416,196.10383840301492,198.0205919679144,3870600
2022-05-05,196.03773498535156,201.4858546030723,193.99824339427173,201.39142742611935,5186700
2022-05-06,194.46090698242188,196.22659729156192,191.77934217602976,194.9046887984699,5193900
2022-05-09,187.5681610107422,192.03430492982275,186.82223806866557,191.67549889290245,9551400
2022-05-10,187.94578552246097,191.40161196176703,185.58525069903783,190.62734962405492,7605000
2022-05-11,184.5466156005859,190.3818653653211,184.26334853107343,187.51144685868505,6365500
2022-05-12,184.74490356445312,186.56722955900364,181.40237813765032,183.2341554924711,7964900
2022-05-13,189.6925811767578,190.4951688158344,186.7088759755356,186.86939062183856,4543200
2022-05-16,188.75782775878903,190.59904221201168,187.76640015857305,189.21104645322177,4479400
2022-05-17,192.78961181640625,192.86515066696407,189.9380958475516,192.0342521259531,3954500
2022-05-18,185.245361328125,190.75013110384228,184.53720077321807,190.56129117071313,4712200
2022-05-19,184.42388916015625,186.63334650744153,183.0642186671922,183.6401897952516,5710900
2022-05-20,184.42388916015625,186.52003102798616,180.0238483725261,186.0479240183493,5153300
2022-05-23,187.57757568359375,188.04023136958187,184.55609345928505,185.67969613065887,5018000
2022-05-24,185.69857788085935,186.2934373504557,182.53546941708024,185.60416511917887,4788700
2022-05-25,187.7664031982422,188.71061723134056,184.85822224739172,185.0187369041109,4921900
2022-05-26,191.60935974121097,192.4308358025412,188.24795986193212,188.27628513223,4216700
2022-05-27,196.462646484375,196.48152039406096,192.7896395838458,192.8746298076911,4381100
2022-05-31,194.84799194335935,196.72698289680204,193.74326334710943,195.6128029401815,4100900
2022-06-01,193.5638885498047,196.6986862458516,192.10980518978295,196.0849384424969,3087800
2022-06-02,197.5106964111328,197.52958472704876,192.61967434104463,193.56388843095175,2977800
2022-06-03,194.3570098876953,196.02827273264433,193.84714065761665,195.1501462045122,2694100
2022-06-06,194.9329833984375,197.142440768402,194.42311416212368,196.50981909790255,2745500
2022-06-07,197.0480499267578,197.22745291742547,192.9501640430738,193.21454284798477,3350500
2022-06-08,194.83856201171875,197.05745623698732,194.42310555216216,196.33040743276337,2187200
2022-06-09,190.17416381835935,194.81969542431037,190.14583854819097,193.96045714236473,3061100
2022-06-10,184.52777099609375,187.3226513190416,184.4616834951717,187.3226513190416,5703800
2022-06-13,176.992919921875,180.51483427696323,176.26587107282748,180.0144019855256,10468300
2022-06-14,176.4924774169922,178.50365782765155,174.93453009532445,177.99377420442647,7045900
2022-06-15,179.06076049804688,181.4118587826138,175.7937733882208,178.0882211322667,5011700
2022-06-16,172.81007385253906,175.32167248489603,171.53537901588825,175.03841977236405,8225100
2022-06-17,173.4615478515625,175.06670865504728,171.65809578295705,173.0366400559555,5252700
2022-06-21,177.663330078125,178.48479174193747,176.27533418629872,176.27533418629872,6103400
2022-06-22,177.63499450683594,179.35345659238402,175.26500801155768,175.53883815532566,7321300
2022-06-23,179.24562072753906,179.71014017926075,176.76189613194165,178.34503477964444,6675800
2022-06-24,185.037841796875,185.06628028915537,180.67708975527137,180.98992763550913,3856400
2022-06-27,184.4690399169922,185.8151815678424,183.81492567524273,185.4549558499679,5950400
2022-06-28,180.6676025390625,186.61149292069547,180.64863872380732,185.27482601568397,6012700
2022-06-29,180.3642578125,181.23640535650048,179.34042866124182,180.8666904795312,4155800
2022-06-30,178.80955505371094,180.41165765370195,176.44907335811945,178.22180691507435,4250300
2022-07-01,180.69601440429688,180.94248610568627,177.17897214805456,178.40188491164756,3223100
2022-07-05,181.34068298339844,181.35964680041957,176.66710741589836,178.56308409369714,3986100
2022-07-06,181.7009124755859,182.86693401348947,180.00401981360125,181.34067229917943,2981000
2022-07-07,184.696533203125,185.0662480034249,182.57303453733883,182.61096216386517,2919300
2022-07-08,184.50697326660156,185.52131325765575,182.9712223359478,183.96661297531597,2799200
2022-07-11,182.1748962402344,183.6727193779477,181.83361989917117,183.3219683620489,3033800
2022-07-12,180.6011962890625,183.1892140531145,179.7385381661947,182.01370367608595,2640300
2022-07-13,179.81442260742188,181.1510896475241,177.64353565876678,178.0227252112768,3322400
2022-07-14,179.01808166503906,179.34988330895726,175.927645453591,177.53922244158352,3355600
2022-07-15,182.49720764160156,182.53513527101504,180.0987985941069,181.2458707088511,2914600
2022-07-18,181.2364044189453,184.63969356284625,180.6296924582073,184.1846487434271,3974200
2022-07-19,186.2986602783203,186.4882550407223,182.9522628171471,183.2176983775405,3287500
2022-07-20,187.80593872070312,188.41265057665836,185.7962084100673,186.2133110581008,3332400
2022-07-21,189.6640167236328,189.6640167236328,186.2417785516489,187.35092307185604,2929300
2022-07-22,187.6068572998047,190.35603173407017,186.49771285163877,189.59763828788823,2717400
2022-07-25,187.8628387451172,188.27048123397887,186.74421949992887,188.02399501950092,2997100
2022-07-26,185.5402374267578,187.0664988902707,185.1231203363343,187.02857126469536,2918500
2022-07-27,190.41294860839844,191.22821920246625,187.0475869306131,187.23718171559645,2902200
2022-07-28,192.8966522216797,193.133649292979,188.96250662417268,190.56460914058044,2670700
2022-07-29,195.52259826660156,196.02503093766217,193.0104349112985,193.55078075190045,3342400
2022-08-01,195.06756591796875,196.2715007019303,193.66453275161567,194.30917234848275,3531500
2022-08-02,194.01528930664065,196.27149162848784,193.2758595884923,194.3376018575969,3020900
2022-08-03,197.1341552734375,197.6839901986598,195.0391093246425,195.2097402677359,2827100
2022-08-04,196.944580078125,197.41857425400497,196.15774801034576,197.1247001793841,2261800
2022-08-05,196.87820434570312,197.2574083470005,194.8115967829581,194.9917168754302,2758900
2022-08-08,197.05828857421875,199.23866417310865,196.48950437351985,197.7692796739556,3024200
2022-08-09,195.8164520263672,196.77392942351216,195.25714242644565,196.65068632126903,1829500
2022-08-10,200.281494140625,200.4236866009476,198.6414639507517,199.35245518267195,2878200
2022-08-11,200.29095458984375,202.90739693001225,199.94967824415633,201.75086458284372,2835000
2022-08-12,203.7606201171875,203.80802242814963,200.850288912936,201.38116007934104,2366500
2022-08-15,204.5569000244141,204.84129938771284,202.57560808651505,202.71780053558817,4479200
2022-08-16,204.99298095703125,205.90304156131643,203.4287916916153,204.20614898688004,2835600
2022-08-17,203.15391540527344,204.55693417592656,202.07320921643233,203.23923088896103,4007900
2022-08-18,203.68472290039065,204.0828761649223,202.5850532373123,203.18229036668512,1640200
2022-08-19,200.77444458007812,202.3670725164593,200.24357342300243,202.262793220237,2555000
2022-08-22,196.4800567626953,198.5466788512787,196.0629540467506,198.2054024726665,3142900
2022-08-23,196.11033630371097,197.73140267221996,195.90177771910385,196.57485578127284,2856400
2022-08-24,196.93508911132812,197.6745188073219,195.69321232252273,196.08189098622933,1790900
2022-08-25,199.7885284423828,199.8548945647356,197.3048037971201,197.75035944243635,1874100
2022-08-26,193.1715850830078,199.94969582236348,193.10521895696763,199.89281883727412,3550200
2022-08-29,191.75906372070312,193.3422023761549,191.13338799862436,191.6832229242251,3529100
2022-08-30,189.6260986328125,192.56486815105947,188.5548672241667,192.38474805950096,4799400
2022-08-31,188.2325439453125,191.07650868533673,188.17566696493645,190.49823527625904,2911400
2022-09-01,188.3463134765625,188.54539738948955,185.360156038734,187.1328895777179,4555800
2022-09-02,186.47879028320312,190.88693022039504,185.64455592608223,190.2138521431445,3810400
2022-09-06,185.7203826904297,187.38883681340735,184.60174902655555,187.19924205525243,5382900
2022-09-07,189.152099609375,189.54077827428745,185.46442579324335,185.549741266472,3032400
2022-09-08,190.64991760253903,190.71626925818276,187.42676333747704,188.02398609888127,2971300
2022-09-09,193.816162109375,194.1953660244689,191.79695731395736,191.85383428493387,2953400
2022-09-12,195.9017639160156,196.22409091097705,194.6409522867544,194.84002171657352,2736900
2022-09-13,187.4836578369141,192.01504093970215,186.8958952304837,191.4652059673146,5190300
2022-09-14,188.2135467529297,188.8392223564163,186.51665445697068,188.09979281235036,2793400
2022-09-15,186.20382690429688,189.00038899695215,185.51179961909833,187.56893212698785,2491000
2022-09-16,184.50697326660156,184.72500653222284,182.79111670400655,184.3552916621894,4966100
2022-09-19,185.8152008056641,185.88156693684172,182.8290431360793,182.8669563073558,3346700
2022-09-20,183.65377807617188,184.620730238576,182.2886725445788,184.31736702482013,3244200
2022-09-21,180.5159149169922,186.19436955596856,180.4969511023705,184.51642635818115,3060200
2022-09-22,178.49671936035156,180.60125464635215,178.19337061141542,180.22206509389343,5279700
2022-09-23,175.4178924560547,176.9506338125099,173.09499317268032,176.62695291153526,8249900
2022-09-26,173.4948272705078,176.57933961207547,172.90456942457064,174.69435823372154,6603500
2022-09-27,173.23782348632812,176.50322141862634,172.0002035616079,175.3703380416394,6910700
2022-09-28,176.8839874267578,177.74079316655943,172.9807289975216,173.78994571688324,6929100
2022-09-29,173.20924377441406,175.46550988680627,171.65745796968713,175.3988765320706,8241100
2022-09-30,170.85775756835938,174.89429752329403,170.67687279179293,172.84746105746194,8431700
2022-10-03,175.19891357421875,176.1414114712212,171.58126204640934,172.80936668734248,7321600
2022-10-04,180.82534790039065,180.94911423639755,178.15970864879353,178.20731220314735,6212800
2022-10-05,180.4826202392578,181.53935521493293,177.41713731978825,178.89276032568628,4548100
2022-10-06,178.75949096679688,181.3204083454186,178.44532492325857,179.81622601267438,3784100
2022-10-07,173.6471405029297,176.9125521787575,172.7522606134955,176.77927095892144,4780100
2022-10-10,172.26673889160156,174.40876801038056,171.0672078146486,174.12316122256374,4304000
2022-10-11,171.16236877441406,173.7137705406138,169.95332302095207,171.3908570677723,4419100
2022-10-12,170.69589233398438,172.05726362048168,170.36268205431307,171.52413879425723,5016700
2022-10-13,174.93238830566406,175.69400160904263,166.4499490108341,167.90652773500906,5626900
2022-10-14,170.81015014648438,177.0648817759909,170.5435877007112,176.20806146323673,3798800
2022-10-17,175.3703155517578,175.94151461767666,173.81852976254305,173.9898851243492,4025800
2022-10-18,177.51231384277344,179.64481322694058,175.8462914356116,179.11168838089878,3906800
2022-10-19,175.9986114501953,177.68367826710397,174.54203294752347,176.3603809827628,2589100
2022-10-20,174.4754180908203,178.0169074406848,174.03748574043283,175.68446408288418,2636200
2022-10-21,178.49290466308594,178.76898201365452,173.5424259392995,174.20884659358435,3381200
2022-10-24,180.4159698486328,180.99669833216865,177.7313008697015,179.34020508768916,4527800
2022-10-25,183.6813812255859,183.89082523708552,180.4350135739074,180.47310222685175,3287100
2022-10-26,182.5485076904297,185.2998249045448,182.08201605268673,182.08201605268673,4091100
2022-10-27,181.6916961669922,184.1859657062493,181.4632078057253,183.2244377565628,3556300
2022-10-28,185.91860961914065,186.1470979653133,181.5869621546779,181.68215473732587,3178800
2022-10-31,184.71905517578125,185.80434926165276,184.22400441816305,184.6809810528399,5053900
2022-11-01,184.1478729248047,187.01344143439877,183.51002593960837,186.594553378075,9873800
2022-11-02,179.30210876464844,185.89956581352183,179.25450521362808,183.8051403077045,4686000
2022-11-03,177.58848571777344,179.06410866580995,176.24615852554933,177.55041159223023,3935600
2022-11-04,179.87332153320312,181.1680596718193,176.8363980261617,180.2350910874907,3586200
2022-11-07,181.51077270507812,181.80589436308856,179.4258622480841,180.49211198710583,3420000
2022-11-08,182.4628143310547,184.0336299640981,180.33029999008505,182.07248551625196,4847500
2022-11-09,178.53102111816406,181.87258197511292,178.22638447035973,181.32042714305712,13959600
2022-11-10,188.6318817138672,188.793722203394,184.3573375143612,185.0237583291474,3981600
2022-11-11,190.554931640625,191.0690122853233,188.32722463598893,189.05074930948885,4550200
2022-11-14,188.8317718505859,191.27843754468108,188.6984906204784,189.69809258300268,4248200
2022-11-15,190.7452850341797,192.4398666546787,188.8222151123037,191.83057904423595,4606200
2022-11-16,188.80322265625,190.1360350281415,188.52713075499472,189.8789874540748,2905000
2022-11-17,188.0130615234375,188.4033758317736,186.07094677638003,186.28039080844636,3704700
2022-11-18,188.89840698242188,189.8409050284268,187.45134323721473,189.52673901309183,3039000
2022-11-21,188.0987091064453,188.698481877422,187.21332956231,188.23199033037747,2961700
2022-11-22,190.56442260742188,190.6786595082148,188.29862723126757,188.6223226611212,3390300
2022-11-23,191.7258758544922,192.07811597624428,190.2407380663264,190.40257851487635,2685700
2022-11-25,191.86868286132812,192.14477475071155,191.38316148813743,191.5640462722373,1289100
2022-11-28,188.7555999755859,191.12610277729533,188.30815275466813,190.3359303345376,3365800
2022-11-29,188.4604949951172,189.50770055208056,187.6417632552399,188.9650607099359,2640700
2022-11-30,194.2677764892578,194.30586514531743,187.5846409542567,188.63186109740715,4201300
2022-12-01,194.38197326660156,195.6100779560305,193.0586760098117,195.0007903239811,4354300
2022-12-02,194.2010955810547,194.667572554324,191.5449717440342,191.87818203342297,2917100
2022-12-05,190.3835601806641,193.22056944696897,189.6885947416463,192.792151965572,3840500
2022-12-06,187.52748107910156,190.45016740711557,186.4421870461573,190.31688619347548,3901000
2022-12-07,187.22286987304688,188.47000451089627,186.61358216728212,187.02294076224317,3438100
2022-12-08,188.84127807617188,189.37440297211353,187.37518461233233,188.0701499569303,3982600
2022-12-09,187.2609405517578,189.2887327425236,187.1847777741188,188.0511130273775,3784900
2022-12-12,189.9551239013672,189.9551239013672,187.26092577703548,187.5465325390065,3931600
2022-12-13,191.37364196777344,195.76242212659216,190.0408151588069,195.76242212659216,4191900
2022-12-14,190.307373046875,192.99205639970657,188.7556018967358,191.27843027306557,3331200
2022-12-15,185.56634521484375,188.22246923322484,184.757142998531,187.74646280248908,5537100
2022-12-16,183.44338989257812,184.89996864108417,182.2343292980144,184.22403300982123,4755400
2022-12-19,181.59646606445312,183.6623323755766,180.83485281653705,183.54809547268673,6433800
2022-12-20,181.9772491455078,182.7579066495897,180.62539265151145,181.28228383749175,5637800
2022-12-21,184.7285614013672,185.3092898032592,182.9768612970433,183.23390882615956,4973400
2022-12-22,182.1084747314453,183.36162209403557,179.24824163269062,183.2946674866624,5153500
2022-12-23,183.11289978027344,183.1320359226481,180.80748361022188,181.7545256036696,4214400
2022-12-27,182.34762573242188,183.2085770324188,181.51538594603215,183.08421399432353,6037700
2022-12-28,180.0517578125,183.1894134389218,179.89869788033346,182.37629532131064,5711900
2022-12-29,183.36160278320312,183.8207825994062,181.1518528303978,181.26665508274812,5425700
2022-12-30,182.8928680419922,182.96939800769837,181.0657534268284,181.92668999697548,5979800
2023-01-03,182.146728515625,184.96870363730457,180.73094597194503,184.0312370531051,4092500
2023-01-04,183.76336669921875,184.68169702812347,181.88841916642576,183.1989600675031,3852500
2023-01-05,181.6110382080078,182.96941236352413,181.23796371879277,182.92157930662995,4150000
2023-01-06,185.61915588378903,186.19312326326357,181.6110033847605,182.82587813664657,3184300
2023-01-09,185.6957244873047,188.3455182393447,185.59049759905471,186.97758328869503,3888300
2023-01-10,187.15928649902344,187.15928649902344,184.90170385578372,185.2460813639592,2963500
2023-01-11,189.6273498535156,189.6464859946359,187.63761447837348,188.0202643177848,3435300
2023-01-12,190.54568481445312,191.12921301673256,188.0967843578699,190.16303499523815,3552700
2023-01-13,191.3587951660156,191.5788242936698,188.73771314434873,189.0438184140871,2798600
2023-01-17,191.10052490234375,192.16235448007555,190.68917815232575,191.35879712103076,5426700
2023-01-18,188.0872039794922,192.3632188928578,188.02981015728824,191.70316074431713,3890200
2023-01-19,186.55667114257812,187.7237276574897,185.88705214138284,186.92974562871547,2282400
2023-01-20,190.1343536376953,190.182186693585,186.47056342485283,187.35065078274545,2429300
2023-01-23,192.54498291015625,193.3867979248104,190.07694628713688,190.5552476188089,3438100
2023-01-24,192.22930908203125,192.71718579942396,191.07182799252053,191.7031746792542,2679400
2023-01-25,192.3249664306641,192.4684509900686,189.01511482661772,190.3160950194119,2802000
2023-01-26,194.3051300048828,194.45818993553848,192.13365244967363,193.5685564572243,2806200
2023-01-27,195.08956909179688,196.1513987386183,193.78858875512017,193.8077248973565,4521900
2023-01-30,192.47805786132812,194.77389876714983,192.36325559841669,193.5016152780018,2992300
2023-01-31,195.5582733154297,195.61568173574295,192.70760149698893,192.898919108239,4827600
2023-02-01,197.94021606445312,199.27946851534855,193.72159492851904,195.06084737941444,4385600
2023-02-02,200.8961181640625,201.72837239894585,199.06901818786145,199.9299547380463,3730800
2023-02-03,198.82034301757812,201.0587902979704,198.05505777908624,198.50466230932764,2854200
2023-02-06,197.32801818847656,198.08374255072164,196.5818691957535,197.45238121946372,2841700
2023-02-07,199.8152008056641,200.4656837139436,196.1322741267385,197.06018002565537,3028100
2023-02-08,197.6819305419922,199.65254424975484,197.30885609469985,198.8872592152429,2945400
2023-02-09,195.7591857910156,199.55689986877223,195.2426267295357,199.41341529519437,2705900
2023-02-10,196.11309814453125,196.275718838566,194.63993653018267,195.16607089123488,2159800
2023-02-13,198.44723510742188,198.49506816364865,196.0940005456979,196.49577194412396,3467200
2023-02-14,198.52377319335935,199.6047390025551,196.40011386015357,197.6819580784742,2743400
2023-02-15,199.4134063720703,199.4516640577793,197.0984149802056,197.5002009614441,2001600
2023-02-16,196.75401306152344,198.9924742082183,196.6200892832252,197.03143598581076,2458800
2023-02-17,196.1800842285156,196.32356879543264,194.69734711844475,195.88353972582124,2324000
2023-02-21,192.1144866943359,194.6686136824602,191.9422906497431,194.3337969603384,3110800
2023-02-22,191.9518890380859,193.19547538806123,191.25355860209032,192.27713043215087,3011700
2023-02-23,192.97544860839844,193.6737790528505,190.7274411375648,193.31982614646031,3440100
2023-02-24,190.8231201171875,191.25358845258927,189.56041202690227,190.64136325196003,3020600
2023-02-27,191.50228881835935,193.26243420936905,191.0526844004843,192.57367912652208,2850300
2023-02-28,190.86138916015625,192.35368714904897,190.86138916015625,191.5597050966817,2299100
2023-03-01,191.3205413818359,191.3205413818359,189.59865359007964,190.7274523744639,4176000
2023-03-02,191.6170959472656,192.08583655304017,188.92904453515808,189.39778514093257,3364000
2023-03-03,194.7356414794922,194.85998991938573,192.1910744959401,192.35369522241663,2484700
2023-03-06,194.47732543945312,196.0844109162823,194.2190386318919,195.01302059839617,3812700
2023-03-07,191.5788421630859,194.6399681289875,191.2727222681958,194.28602977254576,3346700
2023-03-08,191.8275451660156,192.27714961892215,190.7465794052064,191.7031821396289,1985900
2023-03-09,188.0393829345703,192.99457747120647,187.6089000807766,192.0858079067706,2974300
2023-03-10,184.873046875,188.45074650504952,183.9164441008627,187.73329442444657,6310500
2023-03-13,184.10777282714844,186.69059734881645,181.9267051147758,182.61546026676723,6253700
2023-03-14,187.3889312744141,188.40292795764069,185.1696202577182,187.01585674763064,4473800
2023-03-15,185.9444580078125,185.9635795543706,183.21813417344143,184.2704030981532,3855400
2023-03-16,189.1586151123047,189.3212358128004,184.43299563971843,184.93999388143985,3224900
2023-03-17,186.7192840576172,188.86206477193224,185.94443820313012,188.6898832916457,2902400
2023-03-20,188.34548950195312,188.81423004111068,186.8149194694124,187.25496309766208,2898100
2023-03-21,191.0335693359375,191.36838614247597,189.6273621030356,190.13436040098256,2421700
2023-03-22,187.61846923828125,192.66932970781303,187.60889387063105,191.17703201407824,2187900
2023-03-23,187.9604034423828,191.08187161158932,186.56775134411063,189.0649317416081,2629700
2023-03-24,189.14173889160156,189.1801651650921,185.99145861052764,187.17282470742737,2324800
2023-03-27,189.6219787597656,190.74572018494428,189.13215365147192,190.428769354167,2425400
2023-03-28,189.3530731201172,189.8332990368868,188.38302204416212,189.40109864286055,3678600
2023-03-29,192.08071899414065,192.17675536006075,190.75529110862007,191.21630376889007,3486500
2023-03-30,193.11802673339844,193.61745105619875,192.20558591123896,193.3101141387316,2259200
2023-03-31,196.0281982421875,196.11463537808913,193.59825660853087,193.59825660853087,2986300
2023-04-03,196.54684448242188,196.88300845525592,195.28865504150505,195.66323063578815,3068200
2023-04-04,195.2310333251953,196.95023552695477,194.52029374699816,196.8926107662176,2881800
2023-04-05,194.5202789306641,195.1253681829773,193.607852759385,194.67395471781185,3119400
2023-04-06,195.163818359375,195.2982810358618,193.48302757562365,194.24179276498907,1989800
2023-04-10,195.60560607910156,195.6248045621807,193.6750886905116,194.0112526636948,2545300
2023-04-11,195.8072967529297,196.5468487158957,195.3558832506948,195.8072967529297,3389300
2023-04-12,194.98129272460935,197.1423090316937,194.69316894126197,196.89259686768267,2431200
2023-04-13,197.51687622070312,197.6609527615905,195.29823525113153,195.48072340972473,2197600
2023-04-14,196.96945190429688,198.333291667048,195.74967404575744,197.2095648482037,4142000
2023-04-17,197.75701904296875,197.76663294034608,196.36436686906953,196.92143066969547,2780400
2023-04-18,197.8530731201172,198.65024988210504,197.18075978329964,198.50617331721668,2784500
2023-04-19,197.94911193847656,198.31407363859168,196.86379676907023,196.9214215293342,2531400
2023-04-20,196.71969604492188,197.63212209813443,195.99935737312333,196.37393289624544,2563100
2023-04-21,196.89259338378903,197.12310706171797,195.8553038161032,196.85418176513232,2341600
2023-04-24,196.96945190429688,197.315215129736,196.02821326767477,196.7965629639118,3704400
2023-04-25,193.6846923828125,196.15304561885156,193.64626610801753,195.95135896983228,2606400
2023-04-26,192.8107147216797,194.5011047529089,192.4841646000785,194.1649553884368,2762300
2023-04-27,196.4315948486328,196.5948698865249,193.84797731160103,193.87678969150372,2254600
2023-04-28,198.1412048339844,198.1412048339844,195.9321628123863,195.9321628123863,2309100
2023-05-01,198.04513549804688,198.98637405052224,197.84344885018132,197.85304809116025,2838500
2023-05-02,195.62481689453125,197.75702107718257,194.07850355533336,197.48809574381497,2700600
2023-05-03,194.4818572998047,197.3632122115122,194.3473946568048,195.7880721126586,2154000
2023-05-04,193.03158569335935,194.03046370524405,192.2824345121111,193.85757477208577,2577600
2023-05-05,196.59487915039065,197.1519429469766,194.77001195702323,194.8276513748752,1942300
2023-05-08,196.80616760253903,196.98865577617624,196.04740252850337,196.8253660853101,2632600
2023-05-09,195.99937438964844,196.5372249664347,195.7400483417947,195.9609481168328,1802500
2023-05-10,196.86380004882812,197.79543943616463,195.01973441300672,197.48808783586227,2677600
2023-05-11,196.6044464111328,196.6044464111328,195.44230814179036,196.38354663895953,2108300
2023-05-12,196.14344787597656,197.16152433587237,194.9044569726468,196.9310106513313,2252400
2023-05-15,196.97906494140625,197.25760418283085,195.65365136384133,196.0954510045856,3240000
2023-05-16,195.45193481445312,196.71012428585047,195.4231224338357,196.32594944073085,1884400
2023-05-17,197.9875030517578,198.28524071916755,195.5959731612155,196.37395131018408,2650100
2023-05-18,199.9564666748047,200.12934096777988,197.68020055197428,197.85307484494948,2370200
2023-05-19,199.47621154785156,200.5807251165226,198.88073619660244,200.38863771179672,2683900
2023-05-22,199.82196044921875,200.55189839711107,199.00557071835175,199.4665833877928,2229400
2023-05-23,197.70901489257812,199.76438122074495,197.50731356011067,199.10166711377863,2386700
2023-05-24,196.1818695068359,197.0174724963568,195.63441962919327,196.89260907894237,2083700
2023-05-25,197.51687622070312,198.1699909643351,196.44117506099064,197.72817675640795,2230400
2023-05-26,200.1197204589844,200.46548366352255,197.82424144020655,197.8530538193073,2347000
2023-05-30,200.18695068359375,201.38751536788916,199.47622576990247,201.33950450478184,2772300
2023-05-31,198.9863739013672,199.7547381836675,198.14118638063357,199.28412623544747,2325400
2023-06-01,200.9745330810547,201.50278448616905,198.47735261433093,199.10165505867735,2696700
2023-06-02,204.29769897460935,204.66266067538464,202.17509415062077,202.3479684317253,3018700
2023-06-05,203.75982666015625,204.9219796904104,199.26491964237297,204.32650431335284,2249400
2023-06-06,204.69142150878903,204.93153438674335,203.2699573747911,203.6157205052584,2227700
2023-06-07,204.28810119628903,205.65194103549055,203.9903634740078,204.90278978093383,2272800
2023-06-08,205.24851989746097,205.50784595305288,203.7021921153941,204.220844226578,1943100
2023-06-09,205.46942138671875,206.57394961470575,204.96999706369485,205.63271106942113,2084600
2023-06-12,207.31350708007812,207.32310632124145,205.5846910742273,206.0168914118575,2479900
2023-06-13,208.8405914306641,209.15754220695572,207.89935299688537,208.2066898780807,4295700
2023-06-14,208.8405914306641,209.8874801232066,207.16940042530655,208.94624168942795,4131000
2023-06-15,211.3858184814453,211.9813085217631,208.33158900386823,208.40842690117796,2895100
2023-06-16,210.5886383056641,212.66321753276824,210.46378954801207,212.66321753276824,4763700
2023-06-20,209.5513458251953,210.02197243625608,208.4852585024598,209.74344789033356,3156500
2023-06-21,208.39881896972656,209.4553217688141,208.12989364910987,209.20560958690743,2713400
2023-06-22,208.95587158203125,208.98468396089095,207.6208442919879,207.94739435595133,2669100
2023-06-23,207.22720336914065,208.14311110412407,206.88012083984424,207.4103878583874,3338400
2023-06-26,206.5041351318359,208.07564988392127,206.45592636000015,207.09224684122816,2846800
2023-06-27,209.02049255371097,209.3193663612553,206.85123009233735,207.0440504799867,2653000
2023-06-28,209.19398498535156,209.704965531308,208.21059679006729,208.71192675624172,4362100
2023-06-29,210.1966857910156,210.27381687722504,208.88548674795717,209.1168652953348,2857900
2023-06-30,212.3755798339844,212.9347691650976,211.6042836975782,211.72962354922865,3444100
2023-07-03,213.01193237304688,213.01193237304688,212.1538691535983,212.37561186120791,2423600
2023-07-05,212.3659515380859,212.69374762659143,211.7489175492076,212.18276704414143,3341400
2023-07-06,210.4762725830078,210.69801526077703,209.0493842698073,210.69801526077703,3404300
2023-07-07,210.21597290039065,212.18277896441896,209.9942302058561,210.09064774848065,2771700
2023-07-10,211.1319122314453,211.1704704248141,209.98461105462505,210.08101389367337,2080500
2023-07-11,212.79017639160156,213.0022685043985,211.15116644009072,211.50789957758207,2155700
2023-07-12,214.4195098876953,215.0944032261228,213.8988934356592,214.58342264331392,3030200
2023-07-13,216.2320556640625,216.57913820570832,215.1233275314097,215.4414877538559,4113300
2023-07-14,215.91392517089844,216.7912748707573,215.48007561191696,216.78163900011427,2914100
2023-07-17,216.7333984375,217.273301339382,215.73070901007569,215.9138935041965,2688200
2023-07-18,218.4591827392578,218.77734299116568,216.473104843638,216.6370029046962,2916500
2023-07-19,219.02801513671875,219.58720456328444,218.5459568080848,218.9316122977436,3106700
2023-07-20,217.44683837890625,218.86409087234543,217.0611976466613,218.47845014010048,2651700
2023-07-21,217.42755126953125,218.4109394806123,217.3697066349088,218.2952502113675,2296800
2023-07-24,218.1988983154297,218.57490323947988,217.5432913104492,217.9385826876247,2291700
2023-07-25,218.74842834472656,219.4329576461081,217.90965155833536,217.90965155833536,2084400
2023-07-26,218.91229248046875,219.5968216757493,217.93854010109123,218.3048943713642,1985600
2023-07-27,217.22509765625,220.7537677620547,216.76232583112431,220.59950558326244,4730600
2023-07-28,219.49078369140625,219.84750211768727,218.6327205253846,219.01836127210728,2257600
2023-07-31,220.1560211181641,220.35847735632092,219.39436080176145,219.93426371851456,2658500
2023-08-01,219.55825805664065,219.81857364458057,218.92195231348344,219.4811269672047,2809500
2023-08-02,216.4441680908203,218.0253186634791,216.02960503071063,217.88070706373188,4239000
2023-08-03,215.81748962402344,216.7044750601045,214.98834882553993,215.4607565067539,2925200
2023-08-04,214.90158081054688,217.736085922909,214.6219934739796,216.67556650666063,3024600
2023-08-07,216.55023193359375,216.64664947890444,215.21011043678604,215.69216874083563,2376600
2023-08-08,215.5475616455078,215.74038202891296,213.74465354697648,215.19082848939345,2796400
2023-08-09,214.00494384765625,215.6632254290871,213.60965254610863,215.63430311055927,2203400
2023-08-10,214.0435333251953,216.81055812927497,213.3975769315607,215.22940740319487,3033300
2023-08-11,213.841064453125,214.4291761665599,212.8480255337393,213.16618577654037,2220400
2023-08-14,214.90158081054688,214.92086726138825,213.11797395588985,213.3782895528674,2435100
2023-08-15,212.4623565673828,214.2652644953617,212.1441963447983,214.0338712304136,2997300
2023-08-16,210.70767211914065,213.03119650418225,210.70767211914065,212.2309780130631,2933500
2023-08-17,208.9818878173828,211.62357233068155,208.77943159012747,211.4114655231995,3135900
2023-08-18,209.2229156494141,209.7531826648405,207.3139691051292,207.506789462216,2933300
2023-08-21,210.42807006835935,210.83299724854697,208.59625453257027,209.6085798386646,2755400
2023-08-22,209.8688812255859,211.35362893449448,209.5796580327799,211.35362893449448,2891900
2023-08-23,212.16346740722656,212.4912634753576,210.25452092141953,210.25452092141953,2560200
2023-08-24,209.31935119628903,213.20473983537897,209.29042887579968,212.78052618653263,3099400
2023-08-25,210.74623107910156,211.37291565724223,208.2973815389274,210.1581194008854,3631000
2023-08-28,212.0959930419922,212.41415325070855,211.23792994984817,211.69106587942144,2364700
2023-08-29,215.18115234375,215.30649218956705,211.91279817407496,212.0477738883204,3160300
2023-08-30,216.13563537597656,216.44415972518115,215.0461937070682,215.23901406969577,2420800
2023-08-31,215.90428161621097,217.09977682852295,215.84643697190583,216.44418457806185,3044000
2023-09-01,216.61766052246097,217.67819442165785,215.92351026537108,217.2539808619791,3047600
2023-09-05,215.32579040527344,216.57914488382156,215.26794576509067,216.2127758809956,2531500
2023-09-06,213.97601318359375,215.17150819945147,212.82871222256904,214.98833842633613,2473700
2023-09-07,213.24331665039065,213.55184104422608,212.1827971469001,212.47203508830765,2964700
2023-09-08,213.4747009277344,214.20742426526115,213.05048725975757,213.27224467517863,2244400
2023-09-11,214.81480407714844,215.0365467623567,213.98566326370573,214.67019248054544,2087900
2023-09-12,213.7735595703125,214.96906939427944,213.5036081118766,214.16885088846905,2448500
2023-09-13,213.8025054931641,214.32313672851728,213.1661996773197,213.83142781610005,1990000
2023-09-14,215.63430786132812,215.9428175028387,214.3616669730636,214.85337582137075,2002400
2023-09-15,213.0986785888672,214.9208582689658,212.83836300278145,214.8919359495397,2639200
2023-09-18,213.1179656982422,213.73499969999273,212.635907424648,212.98298997008587,2259600
2023-09-19,212.5780792236328,212.94443353624277,211.3054382215342,212.69376851064095,2977800
2023-09-20,210.69802856445312,213.5421842126541,210.6112616039236,213.19510165928477,2448400
2023-09-21,207.1641387939453,209.4187645633668,207.0576967270571,209.36070793873031,4190400
2023-09-22,206.728759765625,208.33506242081447,206.4965184340369,207.73510933883713,3261300
2023-09-25,207.5609130859375,207.5609130859375,205.86752568313847,206.25457975485455,3440000
2023-09-26,204.5708923339844,206.52553472494785,204.1838234705505,206.16750894579295,4371900
2023-09-27,204.7837677001953,205.586918946426,203.0516659868885,205.2579067353816,4407300
2023-09-28,206.1384735107422,206.95129594814352,204.3096156440058,204.5805564564729,2952400
2023-09-29,205.53851318359375,207.7253965823487,204.93856022168268,207.6092833223761,4441400
2023-10-02,205.267578125,205.9642872345973,203.9225453538652,205.33530594015116,4358100
2023-10-03,202.2872314453125,204.84182680409407,201.59052227790232,204.17414595489544,4389100
2023-10-04,203.7483367919922,204.06766299352765,201.65820970839488,202.4613608034391,3045400
2023-10-05,203.6419219970703,204.03866200651933,202.02594840815527,203.57419418079408,2679700
2023-10-06,206.07073974609375,206.8642050268122,201.822757058315,202.29689608387244,3666300
2023-10-09,207.36737060546875,207.70603920170487,204.90953166111436,205.05468800107153,2869700
2023-10-10,208.65435791015625,209.93164813239787,207.62865135278307,207.65767966929997,3494600
2023-10-11,209.4768524169922,209.62200876538736,207.9286213902734,209.20591161818723,3033000
2023-10-12,207.79315185546875,209.70909458789453,206.6222889402736,209.62200963759477,3244200
2023-10-13,206.62228393554688,209.0220515761778,205.86751818756483,208.55758375399637,3267700
2023-10-16,209.0220642089844,209.45751850658604,207.61897470884225,207.78347343153243,3361600
2023-10-17,209.29299926757812,210.34774892492237,207.2415861172628,207.43511315245297,3627700
2023-10-18,206.196533203125,208.6543724507203,205.71270820723885,208.1511903207519,3255000
2023-10-19,204.2515563964844,207.41577591647413,203.874173500718,206.49649663753468,4322700
2023-10-20,201.7259826660156,204.2225212643851,201.63889771570612,204.03866541473204,4447600
2023-10-23,201.17442321777344,203.1774657465463,199.974546702528,200.95186785852096,5473000
2023-10-24,202.6936187744141,203.40968499128647,201.38728554820275,202.30656473377044,3180900
2023-10-25,199.68421936035156,201.7936889008979,199.42294977220047,201.7066039599024,3454500
2023-10-26,197.61346435546875,199.68423455711024,197.04255445638591,199.25846623739903,4133400
2023-10-27,196.5490570068359,198.4746857608843,195.89106211510088,198.36824367367225,4290700
2023-10-30,198.8133544921875,199.31652180810784,197.16833785384853,197.91343240937667,3562700
2023-10-31,200.1003265380859,200.3035395241315,198.19406972173695,198.9778638183178,3325300
2023-11-01,202.1033935546875,202.45174816936333,200.1777646061784,200.4390342584773,5789300
2023-11-02,206.11911010742188,206.21588100828816,204.02899744127444,204.02899744127444,4111600
2023-11-03,208.44146728515625,209.20590420501836,207.33834699620607,207.38673244395665,4217100
2023-11-06,208.528564453125,209.0801320125083,207.531886184748,208.8478907087943,2915000
2023-11-07,209.14784240722656,209.49619695119313,207.94795125241612,208.41243382114837,3194300
2023-11-08,209.1188201904297,209.70908721922007,208.0447282123083,209.34137553287553,2813800
2023-11-09,207.33834838867188,209.7671443243375,207.1351354128211,209.62200274527677,2771200
2023-11-10,210.42518615722656,210.5703277585128,207.5125500599597,208.14153145092544,3303400
2023-11-13,210.29934692382812,210.8122001710443,209.34136824205711,209.79616485980208,2829400
2023-11-14,214.9634246826172,215.5730488595112,213.37647939806993,213.37647939806993,4055100
2023-11-15,215.4956512451172,216.56007214722345,215.0989112029533,215.65047878818123,2819200
2023-11-16,215.35047912597656,215.6698053513442,214.43121471273548,215.10856666116757,2754500
2023-11-17,215.89236450195312,216.21169073296684,215.22468372484855,215.6601232161708,3123700
2023-11-20,217.5180206298828,217.96314609305009,215.78593375693745,215.89237583953184,2875600
2023-11-21,216.92774963378903,217.1696621111745,216.37619686323652,216.9954922147366,2513800
2023-11-22,217.8567047119141,218.4566429438325,217.26643766383856,217.5760927288069,2880400
2023-11-24,218.0889587402344,218.1470153770131,217.73091820482057,217.75994652320992,1219500
2023-11-27,217.80831909179688,218.23408742321183,217.4986787922372,217.83734740846916,2410000
2023-11-28,217.94378662109375,218.6017962423874,217.18902086722215,217.49867592787,2761900
2023-11-29,218.04055786132812,219.84038729996425,217.82767369808985,219.0565932285715,2653700
2023-11-30,218.94046020507812,219.06625941644077,217.547056757249,218.42760694129055,3148000
2023-12-01,220.7886962890625,220.9435238309922,218.29215754482243,218.6792263996467,4078700
2023-12-04,219.9952087402344,220.07260773820923,218.76628924377383,219.25011418952744,3837800
2023-12-05,219.5694580078125,220.09198249439527,218.89210598255085,219.25013174622484,3019000
2023-12-06,218.64051818847656,220.7790312207676,218.5727903652355,220.51776158216927,3172900
2023-12-07,220.3919219970703,220.67254871884953,219.3759014783356,219.64684225202015,2724300
2023-12-08,221.4467010498047,221.6789275923833,219.91781232877295,220.0048972822399,2741500
2023-12-11,222.35626220703125,222.39497647120763,221.1176715263674,221.29185618482995,3076600
2023-12-12,223.1981506347656,223.31426390891903,221.55314860186775,222.16275805634044,3214900
2023-12-13,226.662353515625,226.84619462277985,223.09172246100803,223.30460665367997,4231100
2023-12-14,228.0073699951172,228.92663452503055,226.61395165853955,228.0363983133653,5014500
2023-12-15,227.69769287109375,228.30731702562295,227.0396980342782,227.1945107948924,4298600
2023-12-18,228.68470764160156,229.158861418434,228.19121149726536,228.22991099743905,3855100
2023-12-19,230.35873413085935,230.3974483955705,229.0620868011857,229.0620868011857,3731700
2023-12-20,226.923583984375,230.96836844480092,226.85585616590325,230.0491039472571,5149700
2023-12-21,229.43280029296875,229.51054625600045,227.4600428201836,228.4512853131801,4427000
2023-12-22,229.95758056640625,230.82248401113415,228.9954909612938,229.918700170842,3662400
2023-12-26,231.0945587158203,231.59017248365987,230.18106230454697,230.29767381967997,3829400
2023-12-27,231.53189086914065,231.716535673038,230.77388628468637,231.28894030159697,5103700
2023-12-28,231.4152679443359,232.0080678930874,231.4152679443359,231.53187946588537,4099400
2023-12-29,230.53091430664065,231.74566703153928,229.81177535523184,231.4249705327431,4188800
2024-01-02,228.98577880859375,229.84095474215408,228.1500282443345,229.00520417789485,4847600
2024-01-03,226.78948974609375,228.1208689320022,226.53682649556532,227.9167839318835,3925500
2024-01-04,226.2064208984375,227.93622777079133,226.0995220544819,226.6825945254458,3681900
2024-01-05,226.54652404785156,227.7807169934516,225.84682527778892,226.1383689034025,3305500
2024-01-08,229.7826385498047,229.88953739021449,226.6825870064456,226.6923145191809,4156600
2024-01-09,229.3550262451172,229.88952040768177,228.12084815799685,228.51927578052283,4524800
2024-01-10,230.5406188964844,230.95850153001143,229.14122143396648,229.46191792150384,3343400
2024-01-11,230.38514709472656,231.15286428292677,228.29576353632785,230.8224551046393,3375600
2024-01-12,230.42401123046875,231.6484766163493,229.75346536610888,231.2694743663012,3053400
2024-01-16,229.3550262451172,230.22965710072955,228.47069753453692,229.6271296681456,3646700
2024-01-17,227.97506713867188,228.2471705595569,226.84777306441993,227.8001498660419,3336600
2024-01-18,229.98670959472656,230.2782532171152,228.0042248253036,228.99546721001508,3509900
2024-01-19,232.78546142578125,232.9798337026851,230.08385285627315,230.68638022333403,3850800
2024-01-22,233.7961578369141,234.59302787139367,233.2811038951285,233.75727744780363,3952700
2024-01-23,234.22378540039065,234.3695498083184,233.2908487040757,234.22378540039065,3015300
2024-01-24,234.18490600585935,236.0216116962204,234.05858179462447,235.81754152425015,3003000
2024-01-25,235.48709106445312,235.7203140772819,234.2723384442259,235.36075204682209,2993900
2024-01-26,235.2927703857422,236.16740136123977,234.91376807825117,235.47741519707589,2858200
2024-01-29,237.4307556152344,237.4501809855595,235.30250611100007,235.5065762991029,3463400
2024-01-30,237.1003265380859,237.44046328243832,236.701898855463,237.18780001680835,3098900
2024-01-31,233.106201171875,236.38118484071575,233.09648848763547,235.99245504325103,3884500
2024-02-01,236.24513244628903,236.24513244628903,233.27140511111935,234.10715563763264,3986800
2024-02-02,238.26644897460935,239.07304655530731,235.84667106103987,236.1090617989836,3876600
2024-02-05,237.13919067382812,238.08184004848076,235.89528497236344,237.92634812866623,3324800
2024-02-06,237.94577026367188,238.11097485523723,237.02254632768236,237.58619337283008,2568400
2024-02-07,239.8213653564453,240.12262169053585,238.4705607810379,239.06336076469304,2305700
2024-02-08,240.41412353515625,240.49186948342285,239.55893293274713,239.850476531616,2668200
2024-02-09,241.88156127929688,242.12451182892593,240.5307568165002,240.76399468241303,2367700
2024-02-12,242.1147918701172,243.2809515075909,241.7066367384276,242.0176057217759,2769700
2024-02-13,238.23727416992188,239.37429565352568,236.48804228735008,238.68430965162725,5832600
2024-02-14,240.8708953857422,241.03609998134843,238.68434042212016,239.90880586347956,2606900
2024-02-15,242.72705078125,242.8922553834059,241.02639685323135,241.3373658606644,3181900
2024-02-16,241.45399475097656,243.17407406542569,241.10414534610925,242.57156141258085,2909200
2024-02-20,239.93795776367188,240.76399556685507,238.8301038464346,240.5696380921428,3445100
2024-02-21,239.9865570068359,240.02543739989244,238.21788466441927,239.11194093389173,2169900
2024-02-22,244.72894287109375,245.09823244175797,242.57154086194117,242.91167755371345,3873000
2024-02-23,244.8941650390625,245.78822132248047,244.43741679893776,245.3412005950342,2856000
2024-02-26,244.1555938720703,245.32175356454297,244.11671347949036,244.91359841360375,2585800
2024-02-27,244.8358612060547,244.9913531248808,243.8737716404093,244.6900819714581,2024600
2024-02-28,244.42767333984375,244.8552686451471,243.89317920821455,244.01951822892423,2192200
2024-02-29,245.4578094482422,246.1575082413084,244.03897166548975,245.5549807742915,2610400
2024-03-01,247.71237182617188,247.87759124725775,245.55496978221305,245.90481916308545,3693800
2024-03-04,247.4694366455078,248.3732204474329,247.35282512081767,247.59577568293912,4966800
2024-03-05,244.8455810546875,246.70172696510727,243.83491320979576,246.52679484417783,3134800
2024-03-06,246.2935485839844,247.33336921298044,245.55496943179415,246.71141640659764,2501700
2024-03-07,248.6939239501953,249.1409446930733,247.4694435924732,247.80958032040175,2940900
2024-03-08,247.2556304931641,250.44314057270608,246.87662822238087,249.1895370681867,3673500
2024-03-11,246.85720825195312,247.1779047694007,245.5744221821629,246.7308692160881,3038700
2024-03-12,249.2964324951172,249.50050266568027,246.4976372420467,247.7998635397271,4380100
2024-03-13,248.9854431152344,249.62683615121512,248.2663189493093,249.33530734261055,2667400
2024-03-14,248.0233612060547,249.6268289210385,246.56565789115123,249.4519116409421,3664100
2024-03-15,246.55593872070312,247.46942031804895,245.5744090242351,246.4490398872816,3216800
2024-03-18,247.80955505371097,248.9854273835215,247.6249102675776,248.37320209560897,3455400
2024-03-19,249.23812866210935,249.3158597943849,247.0029804817811,247.2556437329909,2900200
2024-03-20,251.7648468017578,251.8911858548301,248.96605123449564,249.22842719753095,2480800
2024-03-21,252.8046417236328,253.7084106633102,252.7074555710003,253.30024068507367,3723200
2024-03-22,252.0937042236328,253.02017268138204,251.93766586436587,252.76660662741403,2465300
2024-03-25,251.528076171875,252.08392745201257,251.4012931524722,251.70360815507632,2714400
2024-03-26,251.0794677734375,252.41551087252876,250.9039357811351,252.38625554047832,2591500
2024-03-27,253.2932586669922,253.4102800082732,251.6158833323181,252.70812219931017,4030200
2024-03-28,253.45899963378903,254.12214033178563,253.32248467185968,253.3614719402546,2669100
2024-04-01,253.26397705078125,253.92711775674496,252.2692362305617,253.8686070921761,3292300
2024-04-02,250.92340087890625,251.1184562445752,249.84092395487335,251.1184562445752,3213400
2024-04-03,251.31350708007812,252.03515834975823,250.29927276716865,250.36754512004913,3241600
2024-04-04,248.30007934570312,253.5467383430786,248.13429418904565,253.21516802976367,3121300
2024-04-05,250.8063812255859,251.80112193130927,248.68041462755335,248.7876891271279,4178500
2024-04-08,251.09898376464844,251.74263081205132,250.728396395422,251.4110307102266,3223800
2024-04-09,251.4597930908203,252.09367839953205,249.07049874113264,251.9474017531018,2940600
2024-04-10,248.6511993408203,249.69468917568977,247.62721802191564,248.4073949734924,3348900
2024-04-11,250.33831787109375,251.05020752413452,247.5881976671269,249.41184943885463,3434200
2024-04-12,246.72998046875,249.3045535827637,245.91080149625364,248.94372793834788,3574400
2024-04-15,243.69705200195312,248.88521521259588,243.08266033736777,248.6804130308557,4804300
2024-04-16,242.9656524658203,244.43822532233463,242.31225862032176,243.69706548579217,3466800
2024-04-17,241.54183959960935,244.7112961641787,240.85919039259872,244.23344915958955,2861400
2024-04-18,241.0444793701172,243.3459929949485,240.53736216311736,242.16598829173913,2991700
2024-04-19,239.1525726318359,241.55161412171375,238.5089404199894,240.9469840606371,3469000
2024-04-22,241.5028381347656,242.71211307677785,239.2988521514226,240.4788568810317,3112000
2024-04-23,244.37969970703125,244.7307785303592,242.11720330830065,242.4097714745131,2399000
2024-04-24,244.4382171630859,245.276904659884,243.1216826994636,244.9843513661694,2285900
2024-04-25,243.2777557373047,243.697092105188,240.3228331236628,241.1810292559753,2473300
2024-04-26,245.5402374267578,246.28139729869463,244.23344967335464,244.64303919842263,3238100
2024-04-29,246.5056915283203,246.84700866939573,245.12088468934303,246.4861830149162,2086000
2024-04-30,242.44879150390625,246.0766013190315,242.4000276591678,245.69626713908949,2502700
2024-05-01,241.8441619873047,245.7352697867944,241.4638278065883,242.30251534363416,3509500
2024-05-02,244.35044860839844,244.7015274378039,241.4735604988836,243.9311123047217,2580200
2024-05-03,247.2468719482422,248.09530634405544,245.9498309905764,247.3151443105263,2350200
2024-05-06,249.89947509765625,249.89947509765625,248.3098658698652,248.48541275127997,2811500
2024-05-07,250.123779296875,250.79668171022448,249.7922089391958,250.2310389296796,1829900
2024-05-08,249.9481964111328,250.1920007501063,249.00224926610065,249.1485259172304,2600100
2024-05-09,251.4207763671875,251.4890487226941,249.65563538850637,249.9481886817189,2418700
2024-05-10,251.6548309326172,252.61055467120684,251.06972431845244,252.259490702708,1922500
2024-05-13,251.7913818359375,252.65930984245276,251.1769901146982,252.65930984245276,1948400
2024-05-14,253.0201416015625,253.23469059904107,251.68406889469532,251.8303752994123,2466800
2024-05-15,256.1310729980469,256.2188389792538,253.9855831420933,254.38542578621505,2508700
2024-05-16,255.4386749267578,256.755224309676,255.37040256912923,256.17008794379325,2445000
2024-05-17,255.7994842529297,255.7994842529297,254.7657563024287,255.65320761111727,2208700
2024-05-20,256.06280517578125,256.8332053893102,255.7117114834765,255.92626047286575,2366100
2024-05-21,256.58941650390625,256.63819522699646,255.63372257109788,255.7019949266616,2241900
2024-05-22,255.7214508056641,256.5503913631074,254.65846764800764,256.3455743266544,2356600
2024-05-23,253.54676818847656,257.37939527801854,253.00064881270023,257.3208548522882,6603000
2024-05-24,255.3801727294922,255.71174307018373,253.99538070432584,254.5707553921088,3123700
2024-05-28,255.3801727294922,255.96530911476611,254.034367971744,255.96530911476611,3078100
2024-05-29,253.28347778320312,253.9173631746463,253.0006563890116,253.18595008576384,3179000
2024-05-30,252.04495239257812,253.18594009991955,251.36228829870268,252.8543697507232,3030200
2024-05-31,253.98562622070312,254.1416645786263,249.8994628664916,252.58131076066857,3407400
2024-06-03,254.06365966796875,255.17542193524693,251.68412651886396,255.17542193524693,6203400
2024-06-04,254.03439331054688,254.4245041138232,252.5325798107811,253.40050789713655,2489800
2024-06-05,257.145263671875,257.145263671875,254.2391354685267,255.3118505775047,2384000
2024-06-06,256.9210205078125,257.41836111428415,256.0920798153312,257.11604611933836,2190200
2024-06-07,256.43341064453125,257.74993024034035,255.750746604187,256.37489998521846,1838900
2024-06-10,257.29156494140625,257.4573649759328,255.70198575560488,255.828739004043,1958400
2024-06-11,257.73040771484375,257.7986800634788,255.38989232090125,256.4821308539899,3017300
2024-06-12,260.15869140625,261.5630066073833,259.61257213483907,260.4707680645614,2762600
2024-06-13,260.2757263183594,261.16314775836736,258.9201601586745,260.84133918533075,2285200
2024-06-14,260.0807189941406,260.0807189941406,258.6666419237494,259.27127192253016,2205600
2024-06-17,262.0603942871094,262.7235349090135,259.44681906341407,259.8076447029422,2452000
2024-06-18,262.7235412597656,262.86008597060135,262.00188996326506,262.1969155713964,2024300
2024-06-20,262.0603942871094,263.49396490987664,261.11443231478984,263.25016058465275,3168600
2024-06-21,261.66058349609375,262.1481922059387,260.8316427371026,261.767872888122,2676000
2024-06-24,261.2216796875,263.0941099124067,261.14367540204375,261.6897946840439,2226500
2024-06-25,262.0798645019531,262.0798645019531,260.8608429847545,261.7190388946652,2073800
2024-06-26,262.0701599121094,262.43098555704626,260.99741491278996,261.33874692547397,1857500
2024-06-27,262.70404052734375,262.90882782679176,261.836082846614,261.96286585717183,2655400
2024-06-28,261.8056335449219,264.6437880499092,261.25757735913766,263.6259566191004,2822800
2024-07-01,262.3341064453125,262.764726301894,261.0422767423914,262.764726301894,2881000
2024-07-02,263.85107421875,263.8804333061518,261.5511794828606,261.75669309467355,4207800
2024-07-03,264.9373779296875,265.1233287634777,263.8608283305921,263.8608283305921,1948500
2024-07-05,266.3172912597656,266.45432022705086,264.63396745306085,265.0450244880971,4237500
2024-07-08,266.679443359375,267.1002967849928,266.1118243576103,266.8360351208195,2335000
2024-07-09,266.61090087890625,267.35467425084613,266.50323099954056,267.00236526416165,2702100
2024-07-10,269.19464111328125,269.3414365524279,267.03177533165683,267.38408438560884,1992600
2024-07-11,267.9908447265625,270.3690501833329,267.6091766047939,269.8699158495824,3598000
2024-07-12,269.7622985839844,271.44559282906664,268.49000171481725,268.4997980333479,2729500
2024-07-15,270.9170837402344,272.365505031968,269.99712595757234,270.897491106463,3386100
2024-07-16,273.1484680175781,273.2561080377383,271.48470692905437,271.6804540689349,3261100
2024-07-17,269.2925109863281,271.357503157808,269.1261229130375,270.3494680004517,3346100
2024-07-18,266.94366455078125,270.6528249370689,265.8573187038496,270.1145651055069,2904200
2024-07-19,265.2798767089844,267.50146016320633,264.7318206157242,266.74789050167783,2414200
2024-07-22,268.0495910644531,268.304026521743,266.10200546351217,266.96324514497843,2527300
2024-07-23,267.8538513183594,269.27294354185085,267.7266186527856,268.030005839851,2229500
2024-07-24,261.8251953125,265.8181803460666,261.38477915529677,265.55394857183785,3050700
2024-07-25,260.8171691894531,265.2897259379627,260.2789093048345,261.9915924045776,3237800
2024-07-26,263.9391784667969,265.21144554005474,262.52988239377123,262.9115804358445,2757900
2024-07-29,263.9587097167969,265.2994911298257,263.0387518382414,264.95697840496126,2814400
2024-07-30,262.8625793457031,265.3679874790876,261.179255456071,264.7318540619148,2174100
2024-07-31,266.75775146484375,268.44107554974863,265.3190964046819,266.1411807437995,2541500
2024-08-01,262.5787658691406,268.65636549563993,260.9248009956024,267.4232241453087,3767300
2024-08-02,257.2939147949219,259.12403413885005,255.13104919453596,258.8598023705275,4744200
2024-08-05,249.738525390625,252.8213487046651,245.6476670280748,245.85319555126884,8463400
2024-08-06,252.2733154296875,255.78675887593784,250.08109062835143,251.09892208618157,5255200
2024-08-07,250.34532165527344,256.7556523873788,250.1104340412454,255.50294831271705,3398500
2024-08-08,256.2076110839844,256.57951276108344,252.00908247346368,253.16391304258616,2922800
2024-08-09,257.31353759765625,258.018185595952,255.23871914330073,256.1586770818209,2667400
2024-08-12,257.1471252441406,258.36067395622564,256.17824553799676,258.008364923745,2548500
2024-08-13,261.4239196777344,261.51199693079695,258.6640462811593,258.7717161683382,2316200
2024-08-14,262.1676940917969,262.74510926503854,260.45501133721297,261.94258789199745,2335300
2024-08-15,266.70880126953125,266.95347029567756,264.8101672372898,265.16250616568925,3031600
2024-08-16,267.344970703125,267.70707609135405,265.93567469116715,266.1020329073034,2571900
2024-08-19,269.86993408203125,269.90908948867053,267.198137581855,267.78534921414723,2660000
2024-08-20,269.21417236328125,270.4179545569927,268.57803895690836,269.801383917941,2041900
2024-08-21,270.56475830078125,270.995378129655,269.0869778518392,269.88946947217556,1983700
2024-08-22,268.274658203125,271.67066509073123,267.7755238897204,271.2596378994271,2554300
2024-08-23,271.670654296875,271.9055269682884,269.4588370849993,269.86009780987706,2281800
2024-08-26,270.9856262207031,272.59063941432515,270.3690555296011,272.19917496711173,2263800
2024-08-27,271.23028564453125,271.4651583311911,269.73288266660927,270.21245422430223,1787900
2024-08-28,269.5763244628906,271.1715413039716,268.078951331371,270.897513210191,1856400
2024-08-29,269.840576171875,272.37534369329256,269.37080089062533,270.5843795671475,3018000
2024-08-30,272.4438171386719,272.5906125585617,269.214168566996,270.81921146931126,2029300
2024-09-03,266.5815734863281,271.0932555696622,265.3777912384215,270.89750842035613,3818900
2024-09-04,265.9845886230469,267.7070681122843,265.2016596916613,265.23101877991763,2946700
2024-09-05,265.1625061035156,267.198139259173,264.0761600969319,266.0041532171859,3997800
2024-09-06,260.7583923339844,266.238982993168,260.3375688922162,265.3973062428154,3599900
2024-09-09,263.5476379394531,264.2914113040425,261.8740806687869,262.6668356146286,2969800
2024-09-10,264.5753173828125,264.72211283781513,261.962268683284,264.3698037458088,1874700
2024-09-11,267.2079162597656,267.5308662094526,260.2495439969279,264.4578389946889,2640200
2024-09-12,269.4294738769531,269.6741428615369,266.3466506445611,267.5993546509574,2420700
2024-09-13,271.30859375,271.77836903717906,269.8797349850478,270.11460769522495,2474700
2024-09-16,271.8468322753906,271.95450217029935,270.3592554499483,271.21069882416697,2065700
2024-09-17,272.1208801269531,273.8140005473699,271.0639230707671,273.0310716069969,2133600
2024-09-18,271.435791015625,275.0666705653247,271.1813257015775,272.4340297704853,3389900
2024-09-19,276.0355529785156,276.96530712229776,274.6164907031054,276.08450469845326,2660200
2024-09-20,275.4581604003906,276.0062166144247,274.1075826347981,275.6734703321057,2293600
2024-09-23,276.1431884765625,276.5346528532026,275.4581034173292,276.18234387427174,1920800
2024-09-24,276.838134765625,276.85772740459623,275.14504403696253,276.7304947185939,1952100
2024-09-25,275.9278869628906,277.1120764448789,275.4972671754734,276.9163591840282,1744200
2024-09-26,277.1610412597656,278.2865126300104,276.07469542344916,278.2082018285142,2616800
2024-09-27,276.8871154785156,278.2516861685922,276.30791891332615,277.99643583313394,2644100
2024-09-30,277.9768371582031,278.2026378562686,275.2378989574281,276.46501804894496,2828300
2024-10-01,275.44403076171875,277.8688191456957,274.0500403308102,277.8197463684374,4874900
2024-10-02,275.5029602050781,276.0232574719675,273.7653404964594,275.1102581509303,3637500
2024-10-03,274.9139709472656,275.80731730026326,273.7948238812144,274.7077933557525,2369200
2024-10-04,277.5743103027344,277.7117620073226,275.2182478781635,277.2896103139153,2335400
2024-10-07,275.0415954589844,276.9657099289639,274.4231226038928,276.87736094380284,11465600
2024-10-08,277.3583984375,277.70199781715485,275.738607029374,276.131279195137,2164600
2024-10-09,279.29229736328125,279.52789463534924,277.093309600083,277.3779796508447,2123800
2024-10-10,278.71307373046875,279.40024236033753,277.84917720472885,278.5854485674901,2547200
2024-10-11,280.8728332519531,281.1477367017932,278.75239772745664,278.7720208486037,1799500
2024-10-14,283.0619812011719,283.44485669706677,281.36363777497587,281.6090615670237,1997000
2024-10-15,281.1182556152344,283.4056224728853,280.67651069950335,283.0424000002964,3260800
2024-10-16,282.55157470703125,282.83624480004573,280.9906826299793,281.47170378483514,2215300
2024-10-17,282.4926452636719,284.3971365164252,282.46319560343187,284.1713358152768,2810600
2024-10-18,283.6019592285156,283.96518168280176,282.63988708446334,283.4154347316181,1822100
2024-10-21,282.7086181640625,283.51358552668603,281.3931500809394,283.22891546529,2320100
2024-10-22,282.3846130371094,282.9736361379482,281.22621991280073,281.6483416508008,2029000
2024-10-23,279.8322448730469,281.65821378534565,278.1535542290193,281.5207620573497,2637300
2024-10-24,280.57830810546875,280.941530543013,279.26284010727255,280.88263122659833,2235600
2024-10-25,280.31329345703125,282.9736794179494,279.83224237230854,281.7760099146823,2813700
2024-10-28,281.45208740234375,282.2178086275171,281.31463566396997,281.8054833713623,1874300
2024-10-29,281.8250427246094,282.38461617457136,280.2249047261127,281.029872015278,2503400
2024-10-30,281.1280822753906,282.82642595382924,280.79430946370786,281.7269319955887,2204100
2024-10-31,275.88580322265625,279.56716025421446,275.81707736791674,279.56716025421446,3027400
2024-11-01,277.0638732910156,279.2824842807998,276.7987963882054,277.34854335549375,2449400
2024-11-04,276.5632019042969,277.88849655487485,275.72875490512087,277.00497677414387,2383900
2024-11-05,280.0776672363281,280.0776672363281,276.84791115296696,276.9460567193463,2060300
2024-11-06,287.9115905761719,288.23553683669155,284.8977788758333,286.9495184163578,5676800
2024-11-07,289.9240417480469,290.4836152244201,288.6282268013947,288.63802338169097,4109000
2024-11-08,291.2787780761719,291.92670051141664,290.1007617966945,290.198907350764,4142400
2024-11-11,292.0936584472656,292.6630285987684,291.32793723167714,292.47650407557677,3200900
2024-11-12,290.9450378417969,292.32923184114986,289.6884690277618,291.97583590546674,3474800
2024-11-13,290.8075866699219,292.1034015953622,290.20873700528296,291.3671301781744,2829100
2024-11-14,288.6576843261719,291.180618390308,288.34353465098474,291.0726462913785,3280800
2024-11-15,284.9959716796875,287.25385897747594,284.0535525420587,287.15571341067454,4025800
2024-11-18,286.15435791015625,286.89062939673477,284.819266661463,285.31994085920473,2990100
2024-11-19,287.4698486328125,287.7250990217573,284.15174337135926,284.5934883226493,2342200
2024-11-20,287.6366882324219,287.7937630565659,284.8290543931158,287.55816579982957,2670800
2024-11-21,289.649169921875,290.35599169631183,286.60593863092873,289.1386991799333,2560700
2024-11-22,291.0824890136719,291.3769856261811,289.72774467820204,289.72774467820204,2639800
2024-11-25,292.50592041015625,293.98828988588855,291.4653257987964,293.2029456369628,3384600
2024-11-26,293.5759582519531,293.90976100734645,292.4175650245219,292.9673119785219,3292800
2024-11-27,292.7415466308594,293.98828886039485,291.95617242571046,293.65451605781755,2730500
2024-11-29,294.3711242675781,294.881624973018,293.242180718101,293.46798141158104,1811900
2024-12-02,294.93072509765625,295.2448747979834,294.31225223731343,294.80309990946307,3583700
2024-12-03,294.93072509765625,295.06817682616105,294.15520734611425,294.881652314027,2101200
2024-12-04,296.91375732421875,297.06100562834644,295.65718853072406,295.96151167890895,3258100
2024-12-05,296.089111328125,297.20825837414685,296.00076234432805,297.06101006781864,2183400
2024-12-06,296.91375732421875,297.4046049772864,296.49160557376854,296.77630560105746,2332900
2024-12-09,295.01904296875,297.11005862500815,294.8325184762882,296.9922599895504,2953900
2024-12-10,293.9097595214844,295.4902745165035,293.5956098467977,295.4902745165035,2557100
2024-12-11,296.275634765625,296.7566858431778,295.3528387706831,295.490290495402,2235300
2024-12-12,294.58709716796875,296.03019038250414,294.547850928457,295.96149448387786,2120000
2024-12-13,294.4398498535156,295.7553178966175,293.6250559759907,295.4902709637035,2279200
2024-12-16,295.63751220703125,296.2265353361945,294.93069044382753,295.068142156182,2545400
2024-12-17,294.1748046875,294.68527543657285,293.5268822219681,294.46930128139553,3059900
2024-12-18,285.0744934082031,295.0288675032337,284.6425451084859,294.27297295820904,3890900
2024-12-19,284.6720275878906,288.3239354781104,284.5640255210289,287.62691021109106,4826200
2024-12-20,287.9115905761719,290.29710291688593,282.8362127956389,283.3270604357346,3837000
2024-12-23,289.5474548339844,289.73457974324094,286.13986395110953,288.09971635759854,3704500
2024-12-24,292.6201477050781,292.6694084941893,289.7936183266934,290.10877917759024,2642200
2024-12-26,292.78759765625,293.2701670648213,291.0641011337592,291.9504647628185,4307800
2024-12-27,289.6163635253906,291.4481796926753,287.5678479657367,290.8572605867984,3636800
2024-12-30,286.4156188964844,288.0898548342979,284.40650571571024,286.4747078086779,4968500
2024-12-31,285.4208679199219,287.71559724483757,284.69208472842803,287.3905782151108,3893200
2025-01-02,284.87921142578125,288.1193632421255,282.99813447524474,287.0360466171852,3796400
2025-01-03,288.62164306640625,288.90725947067824,285.7951136416607,286.25799675669737,2726800
2025-01-06,290.23687744140625,292.40354113168996,289.4785196027174,290.72930510584337,3678600
2025-01-07,286.9966735839844,291.3891196075759,286.001960158299,291.35957515212965,3317000
2025-01-08,287.2625427246094,287.82391737298553,285.1254238817228,287.0065008234681,2971300
2025-01-10,282.94891357421875,285.6572656291788,281.88528308246424,285.6572656291788,4403700
2025-01-13,283.41180419921875,283.5201539130668,280.319374127779,280.6837657867787,3633300
2025-01-14,284.0519714355469,285.3618157259796,282.1807223700747,285.0269685393682,3803700
2025-01-15,289.26177978515625,289.84284068104023,287.74512458792367,288.2769246961206,2815300
2025-01-16,289.0451354980469,290.1974292763933,288.4936190048505,289.7739487647237,3130300
2025-01-17,291.714111328125,292.6201612471429,290.9656117864537,291.69439498941085,2603200
2025-01-21,294.609619140625,294.6883943376485,292.41338107420097,293.24065589223665,3893500
2025-01-22,296.0474548339844,296.72700727064404,295.72243581363773,296.03759666506687,3515700
2025-01-23,297.60357666015625,297.60357666015625,295.47628553889234,295.69295491389323,2647800
2025-01-24,296.73687744140625,298.08615439243744,296.2444498120276,297.6823601296993,2359000
2025-01-27,292.6004943847656,293.07320565896987,289.9807758704304,290.53229239393295,5321300
2025-01-28,295.1118469238281,295.56487188842794,291.71411460623756,293.3883503690606,2717300
2025-01-29,293.85125732421875,295.06264010656975,292.4724659797118,294.7868818376684,2620200
2025-01-30,295.6929016113281,296.5497207858426,293.7625939263557,294.96411841560666,2891200
2025-01-31,294.0777893066406,298.0172103822677,293.71339766600875,296.6581053023127,3335000
2025-02-03,291.9308166503906,293.19143021231105,288.2671537899034,288.87775925741823,5037700
2025-02-04,294.0482177734375,294.2156263227132,291.74366026305796,292.1277381537571,2601900
2025-02-05,295.4073181152344,295.4270043985491,292.59061672071437,293.7231941468985,2226200
2025-02-06,296.1361083984375,296.30351694910166,294.37320919929834,296.1755110214035,2899800
2025-02-07,293.48681640625,297.09138963721546,293.1618274513807,296.38229277119945,3632000
2025-02-10,295.367919921875,295.68308079200307,294.38306474427094,295.02321459863464,2623900
2025-02-11,295.2103271484375,295.52548800539336,294.1565249391503,294.2057857292085,2719900
2025-02-12,294.2353515625,294.7966961889644,291.753497202864,292.38381896257977,3283500
2025-02-13,297.30810546875,297.39673883394346,294.2550482053662,294.9838314672216,3066800
2025-02-14,297.2686767578125,297.9679155032442,296.9338296113326,297.42625718946084,2377000
2025-02-18,298.1058349609375,298.11569313106315,296.6580965561115,297.7906740708836,2851500
2025-02-19,298.5293273925781,298.79525755339034,297.1111333862392,297.27857200806164,2566600
2025-02-20,296.9239807128906,298.13536341285095,295.33837828839967,297.9482385228881,2863900
2025-02-21,291.4383544921875,297.2194495185571,291.1625962474075,297.1701887269283,3595000
2025-02-24,289.9512023925781,292.83682070981183,289.43908854498574,292.4625709515971,4465400
2025-02-25,288.51336669921875,290.36486938165825,286.1398618644716,289.94138882396504,3509200
2025-02-26,288.6117858886719,291.22167604615413,287.44966404025405,289.44891876623825,2807300
2025-02-27,284.14056396484375,290.3254529962418,284.0322142714377,289.8822561643509,2747300
2025-02-28,288.523193359375,288.76940717847566,282.99816968534776,284.25878323692706,3485800
2025-03-03,283.3526611328125,290.25650521417793,281.44203977553354,289.4587749630391,7835600
2025-03-04,279.81707763671875,284.08151783459147,277.23676160928994,280.8807381712515,6449600
2025-03-05,282.9981384277344,283.7761824256675,278.0443181368032,279.77764279415254,3662300
2025-03-06,277.7390441894531,281.49134036208693,276.3996253940298,279.23601337925794,4836300
2025-03-07,279.048828125,279.748066799663,273.89802535914083,276.96094021391093,3868700
2025-03-10,271.44580078125,276.03522987969774,269.0033789824415,275.19809690122986,6442900
2025-03-11,269.5450134277344,272.80488163051217,267.4669533937293,270.8351712938298,5282400
2025-03-12,270.8746032714844,273.0905276403978,268.3533761717303,272.6079281179417,3996100
2025-03-13,267.0730285644531,270.8351826789613,266.1078896943596,270.76623560098443,3932500
2025-03-14,272.7950744628906,273.1791824769459,269.2200447245611,269.456430446826,3610100
2025-03-17,275.0503845214844,276.35040071915154,272.4897547533093,272.53901555110775,3981100
2025-03-18,272.0859680175781,274.28220619774066,271.1602016137714,273.9867616243552,3120900
2025-03-19,275.1783752441406,277.1185410507938,272.4404791873025,272.80487077622735,2867800
2025-03-20,274.5185241699219,276.94128956067664,273.0609577341193,273.49429641919437,2256400
2025-03-21,274.6268615722656,274.84353090510166,271.5048575566822,272.22381262822756,3382500
2025-03-24,279.7087097167969,280.22082355461936,277.6306498036046,277.9753551035627,3251600
2025-03-25,280.1814270019531,280.7723460924786,279.36401046642493,280.21097145370976,2517200
2025-03-26,276.9018859863281,280.60495108046507,276.06475307233717,279.84659335649206,2327500
2025-03-27,275.730712890625,277.7962930202248,274.80169194951475,276.1952233611801,2345300
2025-03-28,270.2356872558594,275.49354438191045,269.860121723847,275.0586822039026,3912900
2025-03-31,271.6291809082031,272.360526214278,265.59057539765126,267.11256264753376,6064000
2025-04-01,272.5483703613281,273.5564737520315,268.8817200171318,270.7002210264568,3269900
2025-04-02,274.702880859375,275.98768163694984,269.4252384897425,269.6624552162467,2594700
2025-04-03,260.87628173828125,266.2230830917044,260.61933969495976,264.8789857541557,8137500
2025-04-04,245.56727600097656,254.7191066554431,245.28065545103655,253.967975625694,16633700
2025-04-07,244.76675415039065,254.02728575551828,233.65805827494415,237.1962372908632,16346700
2025-04-08,240.9024200439453,254.69932558372423,237.24564786348685,253.50346970778247,11064300
2025-04-09,265.343505859375,265.343505859375,238.7972808649222,239.02460475869836,12138000
2025-04-10,254.4226226806641,258.60321748208275,246.97071372898043,258.0596246410265,7255700
2025-04-11,258.6822204589844,259.6804308150831,251.6948233689368,253.71098449321025,5007900
2025-04-14,261.0640869140625,263.6139632015732,258.4055101683158,263.31744982617965,4039900
2025-04-15,260.6094665527344,263.2877987645417,260.07576661142815,261.16292198777074,4680400
2025-04-16,255.1934814453125,259.5223173996983,252.4657302727095,257.7235721121669,4295500
2025-04-17,255.7271728515625,257.9014835837095,254.32374862243876,256.1027383563023,3401000
2025-04-21,249.64903259277344,253.5034652129217,247.02010414901596,253.23663031804747,5523200
2025-04-22,256.0038757324219,257.17008312059875,252.28780743524072,252.6337095050516,3802300
2025-04-23,260.3623962402344,265.24468769619205,259.50256473655594,262.82329746263264,6842700
2025-04-24,265.8475646972656,266.1045369471575,260.3130097846889,260.8170312950108,3487600
2025-04-25,267.4783020019531,267.7352440802103,264.2860251496444,265.71906763869634,3220900
2025-04-28,267.86370849609375,269.0793499592998,264.94815961426093,267.8538156689028,2507700
2025-04-29,269.47467041015625,270.0775296464197,266.90503871354144,266.9742281816217,2209100
2025-04-30,269.6328430175781,270.3246473131597,263.1395884690941,265.96616262285113,4039500
2025-05-01,271.31292724609375,274.0406933786439,271.0460923613672,272.06405824747617,3238000
2025-05-02,275.54290771484375,276.33357981371375,273.38838279740406,274.27786251770834,3170800
2025-05-05,273.98138427734375,275.58245383500605,273.1610940060805,273.4180360519271,2820800
2025-05-06,271.7576904296875,273.8628117337838,270.74961734030114,271.36236942371596,2444000
2025-05-07,272.88433837890625,273.9912793463663,270.3838962376747,272.5384513726985,2694800
2025-05-08,275.0290222167969,277.5887611972476,273.26981808439575,274.8511322863547,2781500
2025-05-09,274.7226257324219,276.35334362893605,274.0110359025357,275.7998882235865,2151200
2025-05-12,283.91400146484375,283.91400146484375,281.047886301887,283.42973546616514,4184800
2025-05-13,285.8412170410156,286.9580207530761,283.6669062599192,284.2500100236997,3286800
2025-05-14,286.0290222167969,286.8295571214336,285.0703528646803,286.33539828345727,3198800
2025-05-15,287.1951904296875,287.4620253076,284.68485543211364,285.00112428367805,2347000
2025-05-16,289.16192626953125,289.3299535185284,286.80975591097086,287.67944999189575,5440100
2025-05-19,289.3892822265625,289.7055511061603,285.94006335656337,286.0784121407247,3083600
2025-05-20,288.44049072265625,289.08289111514483,286.96787702420784,288.57883949961035,2827200
2025-05-21,283.4197998046875,288.0846596306778,282.8070477778888,286.1574585942358,3166700
2025-05-22,283.3704528808594,285.1593055095853,282.540269630047,283.03442848132073,2738700
2025-05-23,281.7100524902344,282.88615282766904,279.6938761744808,279.7334173229236,2855800
2025-05-27,287.5015869140625,287.6300730292203,284.1610685642008,285.09008953112306,2980600
2025-05-28,285.81158447265625,288.242837453843,285.4261261106921,287.69927480913896,2413800
2025-05-29,286.7306823730469,288.41083427008414,284.9517228499964,288.1242137358949,3850800
2025-05-30,286.4934997558594,287.3533312092027,283.5087614149426,286.088285936031,3178000
2025-06-02,287.9561462402344,288.01547303303266,284.220307635061,285.9597559290435,2845900
2025-06-03,289.9427490234375,290.41715236138566,287.6201964747251,288.1341409644343,3493700
2025-06-04,289.9131164550781,290.91132700412686,289.6067403746685,290.3875198188075,2718900
2025-06-05,288.31201171875,291.45485445071523,287.6696113104265,290.54561914815076,3034300
2025-06-06,291.67230224609375,292.4234333173088,290.585146790667,291.26708838720464,2308800
2025-06-09,291.9094543457031,292.8088269270728,291.3757845896833,292.0082921319853,3119700
2025-06-10,293.4512939453125,293.7181288565008,291.7711418527774,292.28505617986434,2823100
2025-06-11,292.67047119140625,294.5878095876405,291.71180199328916,294.12329914811863,2706600
2025-06-12,293.609375,293.62916065478584,291.6525254839843,291.850170904429,3092300
2025-06-13,290.1404113769531,292.6705020750607,289.41892865529,291.0101357096264,3383100
2025-06-16,293.0065002441406,293.8959799917177,291.87980377910077,291.9984272183609,3113100
2025-06-17,290.5653991699219,292.5914383582125,290.15029247166893,291.6525546548109,2720400
2025-06-18,290.6741027832031,292.4926338836384,290.2491334130314,290.88167121510673,2409300
2025-06-20,290.00201416015625,292.5321046988476,289.3003171382139,292.16643202770945,2686100
2025-06-23,292.7890625,293.00649355876294,288.5590647612946,290.0612965193479,3340000
2025-06-24,296.2086486816406,296.66329647707386,294.4593374512218,294.94360340607625,3225300
2025-06-25,295.8627624511719,296.9202695940005,295.2796586467025,296.84121745147144,3025900
2025-06-26,298.4126281738281,298.6597075817907,296.5941273505504,296.8609622531683,2286100
2025-06-27,299.7666320800781,300.7055459372836,297.8690790311791,299.1439871180431,3189900
2025-06-30,301.2862548828125,301.88104182780444,299.96783721078697,301.097905179363,3100000
2025-07-01,301.2862548828125,302.03965369661034,300.16607935770384,300.404012286973,3970600
2025-07-02,302.8525390625,302.9020920379797,300.8699360093638,301.3061111012235,4474700
2025-07-03,305.3506164550781,305.71739318970236,303.88347926445863,303.88347926445863,2238100
2025-07-07,302.9417724609375,304.676550246338,301.5737714241104,304.319665942237,4255800
2025-07-08,302.9219055175781,303.8339162279561,302.52539095954836,303.42747897403603,3497900
2025-07-09,304.8252258300781,305.01357554425675,303.1400010986238,304.1015648097012,2838800
2025-07-10,305.6380920410156,306.2427714474626,304.2899062421209,304.9739067113907,2598100
2025-07-11,304.3493957519531,304.9640281343523,303.48696823029957,304.2106292638857,2909500
2025-07-14,305.04327392578125,305.27128414295953,303.57613693460513,304.0717876442043,2364500
2025-07-15,303.43743896484375,306.59969362610167,303.38785573141985,306.40142119665666,3447800
2025-07-16,304.5873107910156,304.874766446584,301.3556581967793,304.1907659864282,3069700
2025-07-17,306.56988525390625,306.88707871506557,304.63683539399597,304.8251850829972,4953000
2025-07-18,306.4013671875,307.5017275483468,305.8660559240578,307.3530081264151,2609100
2025-07-21,306.74835205078125,308.3344405708573,306.57981747744697,307.2440028225474,3205000
2025-07-22,307.1051940917969,307.49181619969403,305.5488737208445,307.04571842167746,2117300
2025-07-23,309.6925048828125,309.73216541335995,307.62068838049174,308.39390233950195,3970900
2025-07-24,309.58343505859375,310.41615491009077,309.48432911390495,309.7817074522111,3661700
2025-07-25,310.96136474609375,311.1992674214298,309.692500057434,310.0790919048551,3233200
2025-07-28,310.8721618652344,311.5065791051818,310.2079765377323,311.46694882601867,4797900
2025-07-29,309.8907470703125,311.7643214243737,309.5239703560349,311.60570955428483,3745600
2025-07-30,309.5339050292969,311.27860541566554,308.066767863294,310.46573089455086,5966800
2025-07-31,308.18572998046875,312.1013526541342,307.6900792431349,311.6354397509555,4685900
2025-08-01,303.08050537109375,305.30104126181334,301.75216501570884,305.30104126181334,5607300
2025-08-04,307.828857421875,307.85859525716086,304.9045058595758,304.9045058595758,4118100
2025-08-05,306.4707946777344,308.63182482336896,305.76697903898827,308.15598918262805,4491800
2025-08-06,308.5426025390625,308.86971873443525,306.3617270628372,306.8573778299682,3226400
2025-08-07,308.3641662597656,310.6738854542757,306.669018905574,310.3269238772827,2974400
2025-08-08,310.3070983886719,310.5747388951922,308.9787580472228,309.1869228856275,2881400
2025-08-11,309.5933532714844,311.1992567793265,309.1076252419103,310.6044698592059,4275200
2025-08-12,313.380126953125,313.48915558977217,310.25753348861736,310.99108686858983,3340100
2025-08-13,314.8968200683594,315.164460567253,313.64777056928415,314.59941148413617,2893600
2025-08-14,314.4309387207031,314.79771545112936,313.2612101609324,313.5685112189718,3487000
2025-08-15,313.7171936035156,315.17440804966816,313.2612033743878,315.17440804966816,3434100
2025-08-18,313.8361511230469,314.054238672074,313.2413641482345,313.5685105978363,3788600
2025-08-19,311.932861328125,314.2227654097499,311.36781220353663,313.82622060168137,4135700
2025-08-20,311.11004638671875,311.83370734284125,308.5326565418641,311.83370734284125,6190300
2025-08-21,310.03948974609375,311.11008213432393,309.1472941284249,310.17825623525175,2697000
2025-08-22,315.4123229980469,316.05666296141345,310.9514659794929,311.2587670428235,3548300
2025-08-25,313.8956298828125,315.20415518984606,313.84607690614166,314.8175330641724,2792700
2025-08-26,315.3230895996094,315.4420409389286,313.57838928393886,313.9848265280267,2832000
2025-08-27,316.16571044921875,316.4730115014545,314.8869230128083,314.8869230128083,5481300
2025-08-28,317.3156433105469,317.61302168510525,315.7295547246139,316.65145793786843,3236900
2025-08-29,315.4321594238281,316.9191117210766,314.53007139990945,316.78031498564826,3418800
2025-09-02,313.2413330078125,313.36028434052514,310.5747297083998,311.78411867784394,4816300
2025-09-03,314.5697021484375,314.98606210322123,313.11248768487746,314.2822464854022,3161400
2025-09-04,317.35528564453125,317.44449915178245,314.55980807550606,315.0752739792203,3042000
2025-09-05,316.7703857421875,319.2585622154998,314.72830704967794,318.81246443469706,3872100
2025-09-08,317.7815246582031,318.1284862287607,316.92898964905817,317.6526506246714,4149800
2025-09-09,318.18798828125,318.48536665088847,316.6712980918476,317.9203174964523,3110500
2025-09-10,319.00079345703125,320.2300278224182,318.1780265671774,319.69471657059034,3702700
2025-09-11,321.95489501953125,322.2324582251872,319.7046515398247,320.101166083316,3577800
2025-09-12,321.4889831542969,322.37125599963804,321.24115778229594,321.9747112027401,3055600
2025-09-15,323.0552673339844,323.2832473225513,322.38115930781174,322.6389073840578,3200800
2025-09-16,322.6191101074219,323.5608284536321,322.09372148206825,323.47161494202,3709300
2025-09-17,322.3315734863281,324.05642827713984,319.96234857056396,322.8272241965263,3643200
2025-09-18,324.36376953125,325.4145467470386,323.0850123218475,324.08620630919495,3112500
2025-09-19,325.58306884765625,325.9895060951172,323.98705769288915,325.4541948116173,3610400
2025-09-22,326.9906921386719,327.22862506565343,324.6908956933996,324.9089832293958,3434800
2025-09-23,325.236083984375,327.4863273497163,324.7305105721493,327.1195506593247,3455200
2025-09-24,324.04656982421875,326.048988012694,323.4319374673235,326.0390653167713,2957000
2025-09-25,322.311767578125,323.00566044100106,320.5670673475898,322.39105838309507,4108100
2025-09-26,324.3340148925781,324.49262676155286,322.39107243884877,323.05525774942294,3169300
2025-09-29,325.1561279296875,325.8619000730341,324.340993715558,325.7426180585214,3711800
2025-09-30,326.2197570800781,326.40860003436256,323.94335765091387,324.957285050279,4210900
2025-10-01,327.35296630859375,327.7008923875509,324.7087705792239,324.9871053751461,5983100
2025-10-02,327.8301086425781,328.29731670605184,326.49807573178873,328.23767570528634,4010500
2025-10-03,328.0090637207031,329.7685340877748,327.47226432510433,328.3967302635885,4894000
2025-10-06,329.2416687011719,329.7884183495901,328.17805057859573,329.440492270818,4899400
2025-10-07,327.6611328125,330.0170435471679,326.8459986193436,329.74865902141966,4956100
2025-10-08,329.838134765625,329.8977757739209,327.8698904832007,328.5458724709207,3149300
2025-10-09,328.6949462890625,330.22580281949143,327.7903506272735,329.9573879693788,3803200
2025-10-10,319.8876037597656,330.17610213436035,319.7086807394608,329.19199518646474,7886700
2025-10-13,324.98712158203125,325.6332527116209,323.22765121323124,323.8539121193418,4476800
2025-10-14,324.8876953125,326.6670661616946,320.1659236999275,321.97511505112124,6307300
2025-10-15,326.42852783203125,329.02300271876425,323.36681448351607,327.43253537203543,4245600
2025-10-16,323.8340148925781,327.97924691517096,322.1540557366232,327.412627009885,5328500
2025-10-17,325.3548889160156,325.99110004529535,322.31307650266075,323.07851991358893,5646800
2025-10-20,328.9832458496094,329.3907826099183,326.9056395844226,326.9951314292128,3919600
2025-10-21,328.9434814453125,329.88781761158054,328.15816773988735,328.8241994315708,4099800
2025-10-22,326.9454040527344,329.261574296047,324.70877537298384,329.2118532347662,7357900
2025-10-23,329.0428771972656,329.609466734922,327.0348622764244,327.36291813444313,2955700
2025-10-24,331.726806640625,332.551891072381,331.22977806021873,331.37888056709716,3780100
2025-10-27,335.4246826171875,335.6930974514817,334.2318322895108,334.6990403436434,5496100
2025-10-28,335.9416198730469,336.79649444513007,335.1065851863484,336.3292863796704,3765000
2025-10-29,335.70306396484375,337.04504731383724,333.69507924948726,336.33927516350303,4818800
2025-10-30,332.0946044921875,335.17618777238704,332.0647839906721,334.00320759782494,5025800
2025-10-31,333.4266662597656,334.6195166511252,331.86598923644766,334.6195166511252,4243100
2025-11-03,333.80438232421875,335.1364456150113,331.90575984374635,334.9972630511727,3344400
2025-11-04,329.7685241699219,332.14433542741574,329.4206284206377,330.23573226503225,3288700
2025-11-05,331.1800842285156,332.69104017773213,329.331122151924,329.85797122876147,3147000
2025-11-06,327.41259765625,331.08067095560705,326.67700507505333,330.8122864469529,2968100
2025-11-07,328.12835693359375,328.16812771808935,323.0387886220747,326.0905516874384,4707100
2025-11-10,332.92962646484375,333.45647552892996,330.06673708406754,331.33912899372183,3658900
2025-11-11,333.7447509765625,334.0529062783006,331.76658687775006,332.35307697900055,2506400
2025-11-12,333.8640441894531,334.927692698227,332.88988752657747,334.81836096513643,2730900
2025-11-13,327.94940185546875,332.6413528721225,327.2833702091969,332.51212058730727,4213800
2025-11-14,327.8996887207031,329.87788314891696,323.6848959608337,324.62926242175627,3669200
2025-11-17,324.4900817871094,328.8042863584909,322.86976371093755,326.7565309706052,4336700
2025-11-18,322.293212890625,324.6093527201857,320.0068935623473,322.8101116916032,5563300
2025-11-19,323.346923828125,325.66306374920913,321.42840071859894,322.7206629402173,3538300
2025-11-20,318.1977233886719,329.6293814617628,317.9492090827351,328.34703914898785,4176000
2025-11-21,321.8757019042969,324.38074540649814,317.5416271722622,319.4701005232956,4695300
2025-11-24,326.6869812011719,327.2337005407954,323.0089573317548,323.57557723107163,4167600
2025-11-25,330.18603515625,330.6830637441533,324.8181324741381,326.68696481844927,3654300
2025-11-26,332.4524841308594,333.49623203042677,330.98126859039195,331.3391449483294,2745500
2025-11-28,334.3113708496094,334.4207329152471,332.86997579088285,333.40677516715436,2288300
2025-12-01,332.6711730957031,334.10261783424727,331.7665774389692,331.97532094861026,4270600
2025-12-02,333.06878662109375,334.3610487830387,332.19401147432995,333.65527669989746,2920000
2025-12-03,334.5599060058594,335.0668849115146,332.42268898322214,332.77061508835374,3779900
2025-12-04,335.08673095703125,335.3352452518764,333.5956451879605,335.2358334666948,3587800
2025-12-05,335.5539245605469,336.9455984843642,335.0270754916654,335.5638748395008,3340500
2025-12-08,334.56982421875,336.1901422365493,333.6055875641452,336.1901422365493,3532800
2025-12-09,334.2318420410156,335.54397440612104,334.0727892587751,334.2815327633711,3035700
2025-12-10,336.71697998046875,337.5718545443209,333.50616455418503,334.12247511625816,5697100
2025-12-11,337.8502197265625,337.91981101208216,334.4406107707215,335.872055582636,3819000
2025-12-12,333.9932556152344,337.73092024592813,332.86004622721117,337.48240595582814,4258900
2025-12-15,333.337158203125,335.9913040415657,332.69102714721123,335.97143382035233,3571900
2025-12-16,332.3729553222656,333.5161453866892,330.44451223752566,332.6015994023941,4129200
2025-12-17,328.74462890625,333.20796610204405,328.6651176828326,332.92963131575846,3980300
2025-12-18,331.2695617675781,333.35708795398733,330.4941983653368,331.7964108699188,3347700
2025-12-19,334.2218933105469,334.5896895990874,332.2238287486504,332.3828815316278,4022600
2025-12-22,336.5456237792969,336.85465316271166,335.5586950307875,335.9474915970447,3782100
