Date,close,high,low,open,volume
2019-08-19,19.58921241760254,19.6358793527516,19.53320995914831,19.57521091287425,106000
2019-08-20,19.447343826293945,19.59854584683689,19.447343826293945,19.581745820135406,273000
2019-08-21,19.595748901367188,19.632149258851843,19.56028138426606,19.591081138990077,255000
2019-08-22,19.573347091674805,19.6909490611867,19.45947826370191,19.646147802259417,480000
2019-08-23,19.071203231811523,19.61068046399527,18.978800411912708,19.494944174095224,1061000
2019-08-26,19.298004150390625,19.298004150390625,19.15240097709835,19.241068857279895,408000
2019-08-27,19.266273498535156,19.422143284194313,19.179471281908597,19.415609841444883,579000
2019-08-28,19.362407684326172,19.363340524567832,19.1384014102648,19.172003241488742,197000
2019-08-29,19.604145050048828,19.64801346463321,19.478142188435818,19.5490772118726,327000
2019-08-30,19.59387969970703,19.69094849786263,19.510810626979588,19.69094849786263,304000
2019-09-03,19.450145721435547,19.5276141989024,19.370809782968998,19.459479465974535,454000
2019-09-04,19.66667938232422,19.67508028528064,19.58081179317397,19.60694556206574,127000
2019-09-05,19.94855499267578,19.99522371567606,19.878554578519992,19.878554578519992,329000
2019-09-06,19.937355041503906,19.98215630231077,19.911221269404855,19.914954411100474,147000
2019-09-09,19.925220489501953,20.02042361135476,19.878553549147984,20.02042361135476,387000
2019-09-10,19.902816772460938,19.902816772460938,19.77961421759806,19.83374921298611,268000
2019-09-11,20.07082176208496,20.0736220630735,19.90561824559716,19.943886058724694,243000
2019-09-12,20.15762710571289,20.251895612578604,20.096025815076395,20.142692758195345,368000
2019-09-13,20.137086868286133,20.173487213562268,20.110953104474635,20.15015375019188,217000
2019-09-16,20.017620086669922,20.053087596510302,19.986818558021714,20.04188639328209,187000
2019-09-17,20.06522560119629,20.068025902804624,19.991492039839613,20.004558927191926,181000
2019-09-18,20.102556228637695,20.105356529639558,19.92241836609703,20.03442150502404,190000
2019-09-19,20.133359909057617,20.216428994152412,20.110961057129654,20.199628965091517,885000
2019-09-20,20.01202392578125,20.185628372506866,19.97189042584296,20.180027769649968,478000
2019-09-23,19.998985290527344,20.049606942032142,19.938052284677102,19.938052284677102,292000
2019-09-24,19.80963134765625,20.125542934723452,19.75807277434969,20.084295718479556,1115000
2019-09-25,19.965240478515625,19.988675701915053,19.711198866320807,19.823688653835234,624000
2019-09-26,19.885562896728516,19.94930843470723,19.806819670750098,19.94930843470723,419000
2019-09-27,19.795570373535156,19.947431790584492,19.705577098251677,19.92212274640509,575000
2019-09-30,19.914621353149414,19.953992962581825,19.849002004095397,19.849002004095397,190000
2019-10-01,19.722455978393555,20.027119383252757,19.71589404137797,20.009307389642608,747000
2019-10-02,19.361539840698242,19.59964687058913,19.26686024654181,19.59964687058913,768000
2019-10-03,19.520906448364258,19.526531475710637,19.159998185524504,19.349359206240624,919000
2019-10-04,19.8433780670166,19.849940002282256,19.62777111171844,19.62777111171844,345000
2019-10-07,19.774944305419922,19.90055975988811,19.755258501509953,19.782444936428305,369000
2019-10-08,19.48996925354004,19.68307787757853,19.48996925354004,19.636207425178643,789000
2019-10-09,19.674644470214844,19.725264350279105,19.6034000867229,19.639959186990424,232000
2019-10-10,19.786191940307617,19.849935674135107,19.649328238039537,19.649328238039537,432000
2019-10-11,19.972742080688477,20.131167216587688,19.9661801457102,20.028050073790112,525000
2019-10-14,19.957746505737305,20.024302770990232,19.957746505737305,20.023365862463674,121000
2019-10-15,20.190227508544922,20.233348546262267,20.053363762925162,20.053363762925162,273000
2019-10-16,20.144296646118164,20.18554387221955,20.118985807647004,20.13210968122558,266000
2019-10-17,20.190227508544922,20.254909959117654,20.148980287949435,20.217412160759313,358000
2019-10-18,20.060863494873047,20.155543115524928,19.983057169031504,20.155543115524928,444000
2019-10-21,20.190227508544922,20.19116441710585,20.11148427758453,20.150855893064726,96000
2019-10-22,20.083362579345703,20.23709963166406,20.07773755153098,20.231476391842918,247000
2019-10-23,20.15928840637207,20.15928840637207,20.07960827965586,20.07960827965586,151000
2019-10-24,20.22772789001465,20.24741549000257,20.18554553973629,20.20991768354115,209000
2019-10-25,20.341154098510742,20.36459111885951,20.151794846370315,20.151794846370315,215000
2019-10-28,20.518327713012695,20.52488964944441,20.428334420238578,20.428334420238578,271000
2019-10-29,20.42551612854004,20.52019572570024,20.41426786412188,20.49113547429532,429000
2019-10-30,20.52019691467285,20.557694707558877,20.396457058938044,20.472389553134295,478000
2019-10-31,20.514575958251953,20.55394757236622,20.438643455608688,20.55394757236622,530000
2019-11-01,20.691747665405273,20.691747665405273,20.60737941228795,20.627065218815773,325000
2019-11-04,20.76392936706543,20.827674906413655,20.750805495787073,20.819237365737557,234000
2019-11-05,20.77236557006836,20.80611215461286,20.737680289069168,20.80611215461286,289000
2019-11-06,20.7789249420166,20.792985719176745,20.72361695372887,20.760176047141062,153000
2019-11-07,20.86892318725586,20.963604600686583,20.844551046407688,20.876423820434503,307000
2019-11-08,20.928918838500977,20.929855747129476,20.817365919928335,20.869861411021343,138000
2019-11-11,20.90641975402832,20.915794203952583,20.83798787877536,20.845486723517368,100000
2019-11-12,20.95235252380371,21.003911102462997,20.91298090838973,20.92891729386588,101000
2019-11-13,20.971101760864258,20.984225632880385,20.88110847390026,20.88110847390026,320000
2019-11-14,20.96265983581543,20.972034283579834,20.875479080800257,20.920475714872158,204000
2019-11-15,21.102333068847656,21.108895002550845,21.004840971545168,21.06577397935743,586000
2019-11-18,21.153898239135742,21.17920907361076,21.068593074343205,21.070466891419347,378000
2019-11-19,21.153898239135742,21.21108184383905,21.123901073976985,21.21108184383905,247000
2019-11-20,21.03297233581543,21.11640190130527,20.92048072370267,21.106090542693586,424000
2019-11-21,21.028278350830078,21.06483923206376,20.9617220987251,21.036715889882394,274000
2019-11-22,21.0714054107666,21.08452928216279,21.00765987084604,21.08452928216279,169000
2019-11-25,21.217641830444336,21.22326506914957,21.128585463693856,21.128585463693856,221000
2019-11-26,21.28420066833496,21.301073962480807,21.2326420893385,21.2326420893385,298000
2019-11-27,21.38637924194336,21.393879874486867,21.317947368442123,21.328260514690264,59000
2019-11-29,21.339509963989258,21.368570223222832,21.3254491826804,21.35075823143763,41000
2019-12-02,21.139842987060547,21.282330005822683,21.08640879053012,21.282330005822683,314000
2019-12-03,21.00484848022461,21.005787176798364,20.83517505153326,20.913918284120165,244000
2019-12-04,21.114524841308594,21.153896452502945,21.096712852629295,21.096712852629295,93000
2019-12-05,21.15483283996582,21.177331158378973,21.07327710621559,21.172644828206447,820000
2019-12-06,21.357315063476562,21.37418835320066,21.305756497991343,21.317004761809745,270000
2019-12-09,21.27951431274414,21.37700644324381,21.27857561618631,21.37700644324381,237000
2019-12-10,21.25139045715332,21.305761548479946,21.195145548742598,21.263577420173554,79000
2019-12-11,21.324508666992188,21.32825987714854,21.267326850018758,21.274825694344656,55000
2019-12-12,21.48949432373047,21.53542787114907,21.304821437582934,21.304821437582934,248000
2019-12-13,21.514802932739258,21.563548988552018,21.451057402832916,21.47636823311885,203000
2019-12-16,21.683542251586914,21.71541502070619,21.637608702912274,21.637608702912274,473000
2019-12-17,21.679794311523438,21.72385225820545,21.678855614960472,21.72385225820545,316000
2019-12-18,21.697599411010742,21.730409083161362,21.694786897970253,21.71916081899245,171000
2019-12-19,21.785720825195312,21.785720825195312,21.695727544366562,21.70228947992727,145000
2019-12-20,21.85040283203125,21.91039715937937,21.85040283203125,21.88227560068201,115000
2019-12-23,21.901506423950195,21.93068095667423,21.893037498496927,21.93068095667423,89000
2019-12-24,21.884565353393555,21.905269164292086,21.87609642849159,21.905269164292086,36000
2019-12-26,22.052085876464844,22.052085876464844,21.926918808594593,21.926918808594593,65000
2019-12-27,22.06525421142578,22.115134339857974,22.06525421142578,22.068077784263835,45000
2019-12-30,21.9146785736084,21.992790846610816,21.895857744891824,21.967380484063195,116000
2019-12-31,21.96455955505371,21.9843227722382,21.868565247279687,21.87891715223,189000
2020-01-02,22.24500846862793,22.25253859533068,22.06902249674127,22.09913761847955,694000
2020-01-03,22.07655143737793,22.168779785568532,21.17496817562243,22.016319397215693,382000
2020-01-06,22.17536735534668,22.1781909285385,21.90338707152507,21.90338707152507,207000
2020-01-07,22.07748794555664,22.165952111437424,22.07372378030996,22.162187946190745,238000
2020-01-08,22.227134704589844,22.32218665105068,22.08502618387503,22.08502618387503,298000
2020-01-09,22.405942916870117,22.408766490427112,22.32877122306061,22.39182504908514,510000
2020-01-10,22.343826293945312,22.470876314588505,22.312768784554553,22.470876314588505,225000
2020-01-13,22.495344161987305,22.495344161987305,22.373941288292222,22.42005546074098,79000
2020-01-14,22.436994552612305,22.522635156482455,22.42099550205069,22.50099075485877,222000
2020-01-15,22.495344161987305,22.55557440497467,22.428526180078684,22.435113918999935,263000
2020-01-16,22.688268661499023,22.689209254074513,22.59227616310324,22.628038426235783,205000
2020-01-17,22.758852005004883,22.77579164604439,22.683563315366225,22.770144500689906,201000
2020-01-21,22.740034103393555,22.804970903375523,22.715564331794862,22.715564331794862,188000
2020-01-22,22.773914337158203,22.844498286594487,22.772973744372877,22.82191149457585,184000
2020-01-23,22.781444549560547,22.783325735138224,22.667569996256937,22.72027191282236,185000
2020-01-24,22.596982955932617,22.859553705083098,22.53863390056584,22.852965966413436,256000
2020-01-27,22.245954513549805,22.34383002155794,22.140548877600978,22.140548877600978,388000
2020-01-28,22.4821720123291,22.53205035797036,22.34006530813716,22.341005900972515,405000
2020-01-29,22.52358055114746,22.658158917342067,22.510405071870007,22.62427962634988,615000
2020-01-30,22.62898063659668,22.62898063659668,22.343824898749503,22.40029097272365,425000
2020-01-31,22.257240295410156,22.636507325718014,22.18853934196759,22.636507325718014,585000
2020-02-03,22.442646026611328,22.553697014260894,22.37582623843599,22.37582623843599,459000
2020-02-04,22.792736053466797,22.83226248916601,22.663804841070476,22.697684130234272,210000
2020-02-05,23.016721725463867,23.057188755214263,22.87367264212157,23.057188755214263,317000
2020-02-06,23.14847755432129,23.1607124410831,23.04213132981962,23.1042445614245,169000
2020-02-07,23.090124130249023,23.18705902317565,23.030834483321755,23.07977222610644,354000
2020-02-10,23.285877227783203,23.285877227783203,22.962135621726983,23.002602649349903,721000
2020-02-11,23.22282600402832,23.40916570150164,23.195532656629908,23.40916570150164,232000
2020-02-12,23.36493492126465,23.371522661773735,23.288705608948742,23.348935866453346,175000
2020-02-13,23.313175201416016,23.37905261106003,23.23035814286709,23.23035814286709,156000
2020-02-14,23.330108642578125,23.33763697394797,23.245408632082807,23.33763697394797,132000
2020-02-18,23.27081298828125,23.309398820861755,23.17011574060256,23.239757280732157,157000
2020-02-19,23.403514862060547,23.447747848609772,23.34328461976395,23.369635575146734,390000
2020-02-20,23.27646827697754,23.400694740684393,23.090128581417257,23.345169248648386,244000
2020-02-21,22.968725204467773,23.173887522308565,22.89343649457498,23.173887522308565,708000
2020-02-24,22.15372085571289,22.422877540866747,22.04925763262449,22.14807370986376,844000
2020-02-25,21.5485897064209,22.31935883444671,21.46671325730997,22.28453895064486,975000
2020-02-26,21.531646728515625,21.92691284081534,21.429066483559463,21.602230668042917,786000
2020-02-27,20.488893508911133,21.335891644948635,20.488893508911133,20.993327507611987,2120000
2020-02-28,20.423019409179688,20.448429770189545,19.645662686966485,19.790592931946403,1291000
2020-03-02,21.459190368652344,21.459190368652344,20.406088761718216,20.67148139529848,1782000
2020-03-03,20.76652717590332,21.765045369502555,20.590539398858255,21.55141234184868,1223000
2020-03-04,21.62482261657715,21.62482261657715,20.996160134526235,21.224849855529165,348000
2020-03-05,20.929338455200195,21.340603643452965,20.775937476984573,21.119442294455315,423000
2020-03-06,20.60936164855957,20.649828676704622,20.130336074931417,20.32702945423635,493000
2020-03-09,19.152524948120117,19.8084789377522,17.421823404543638,19.198639126233097,1324000
2020-03-10,20.166095733642575,20.166095733642575,19.213693651201964,19.903526791013707,818000
2020-03-11,19.26828384399414,19.75860198711593,19.03771114214047,19.68331327131108,1132000
2020-03-12,17.46887969970703,19.103586900422417,17.410530635849316,17.90273171740278,1467000
2020-03-13,19.308746337890625,19.31062752320428,17.775679033587636,18.500333874708307,900000
2020-03-16,17.518756866455078,18.231176881299906,16.54188489642157,17.07643595325081,1129000
2020-03-17,18.129539489746097,18.272588584272015,17.048204150112543,17.522523225887074,541000
2020-03-18,17.563928604125977,17.711682423927208,16.608702932423277,17.128195475851587,780000
2020-03-19,17.430294036865234,17.94884608235034,16.878803292894403,17.29571566947721,636000
2020-03-20,16.62846565246582,17.690037496105266,16.613407195631762,17.631688444031372,1110000
2020-03-23,16.27408790588379,16.733979040701975,15.935320592381256,16.538098814804627,1445000
2020-03-24,17.670787811279297,17.684035640006332,17.0803100653635,17.216574993596975,693000
2020-03-25,17.726621627807617,18.39090831780829,17.385015288334593,17.771097521341094,1898000
2020-03-26,18.732515335083008,18.801593572839632,17.87897233450795,17.87897233450795,1104000
2020-03-27,18.078638076782227,18.570702997008343,18.011453157329132,18.228150873839375,836000
2020-03-30,18.765636444091797,18.794971188945155,18.234775567330946,18.265056070278387,633000
2020-03-31,18.501623153686523,18.966244806165083,18.44011459276658,18.75427950805075,554000
2020-04-01,17.790969848632812,18.19029812106969,17.671737558292733,17.942374155371553,666000
2020-04-02,18.24897003173828,18.266002702656355,17.707698570507645,17.73040940002572,772000
2020-04-03,17.978330612182617,18.318043600293223,17.79380674874441,18.193134972284454,320000
2020-04-06,19.175371170043945,19.29460163990956,18.54420412021038,18.68993025004613,577000
2020-04-07,19.119544982910156,19.862372993345527,19.102512312732156,19.862372993345527,1430000
2020-04-08,19.612552642822266,19.70718077954717,19.1479310002884,19.33623971090503,1159000
2020-04-09,19.824522018432617,19.95794610019593,19.66081562992421,19.89170693834438,3558000
2020-04-13,19.816001892089844,19.861423540703264,19.473449816526056,19.794236825705465,945000
2020-04-14,20.466093063354492,20.518138622386296,20.098936876626595,20.185995329251753,2534000
2020-04-15,20.159503936767575,20.308069167976036,19.993904231634644,20.123545277729928,819000
2020-04-16,20.334564208984375,20.354435956405663,20.06487517690589,20.34591871970439,596000
2020-04-17,20.686580657958984,20.707398164743363,20.40837437104628,20.67995674172015,513000
2020-04-20,20.41878318786621,20.68752648028942,20.39891143908799,20.44906549495077,814000
2020-04-21,19.76869201660156,20.132061656200634,19.675009625140003,20.132061656200634,518000
2020-04-22,20.200191497802734,20.32510013348931,20.06771318870533,20.125435107005657,538000
2020-04-23,20.228580474853516,20.548421737392843,20.20208481304132,20.328884964604946,706000
2020-04-24,20.492589950561523,20.50110718623214,20.20208344820939,20.308066088298094,706000
2020-04-27,20.681846618652344,20.73956853417198,20.611820825890053,20.65345763740697,348000
2020-04-28,20.415000915527344,20.91842222425293,20.413109399148052,20.91842222425293,571000
2020-04-29,21.02818489074707,21.143630534158095,20.789722125506103,20.894759016582945,554000
2020-04-30,21.004526138305664,21.068871966491404,20.84555037626735,21.01966548381693,556000
2020-05-01,20.496376037597656,20.79445403591585,20.41594329473172,20.670491159030515,608000
2020-05-04,20.592893600463867,20.592893600463867,20.288193522535295,20.36200234250219,228000
2020-05-05,20.765127182006836,20.972361959194625,20.75660994258175,20.798246771633952,1256000
2020-05-06,20.7301082611084,20.922203630138444,20.71875375004895,20.91368639318255,597000
2020-05-07,20.91463279724121,21.013993345268773,20.867319625709456,20.978034685147193,230000
2020-05-08,21.209871292114254,21.218388529148367,21.047112469477092,21.135114894420735,563000
2020-05-11,21.298818588256836,21.386822806960343,21.07549698632442,21.08495998020581,556000
2020-05-12,20.967628479003903,21.406700323194137,20.937346168467737,21.406700323194137,1268000
2020-05-13,20.60519790649414,20.950589073037015,20.404587122024285,20.923147653257445,496000
2020-05-14,20.813377380371097,20.813377380371097,20.329828007122625,20.438651523466213,424000
2020-05-15,20.92787742614746,20.92787742614746,20.57870143660965,20.66481233415464,356000
2020-05-18,21.403854370117188,21.497536741294283,21.255289164092712,21.38114354694945,872000
2020-05-19,21.24110221862793,21.465369637047107,21.237317381063345,21.39061322928005,361000
2020-05-20,21.60824966430664,21.622445056634096,21.483341041113547,21.492804034371375,495000
2020-05-21,21.436031341552734,21.682063791345485,21.402911762242336,21.613931311814788,540000
2020-05-22,21.461584091186523,21.467262249787005,21.32815819336684,21.397236440066234,223000
2020-05-26,21.60258102416992,21.98393094467978,21.576085355541863,21.939455040978658,2465000
2020-05-27,21.788991928100582,21.795617648760732,21.3622222393908,21.795617648760732,517000
2020-05-28,21.74262809753418,22.014210494048378,21.71707999309772,21.82874082171418,429000
2020-05-29,21.820219039916992,21.90443842536185,21.53160403225087,21.774797389449688,1118000
2020-06-01,21.891189575195312,21.91484615728852,21.755870388054383,21.815487429568133,611000
2020-06-02,22.053001403808594,22.053001403808594,21.82778649516256,21.98676225564253,640000
2020-06-03,22.22995948791504,22.299037726675344,22.112620516361073,22.146685854284986,1815000
2020-06-04,22.124921798706055,22.28200426051177,22.02745457857516,22.148578382800267,270000
2020-06-05,22.665245056152344,22.71634486483057,22.40407326980148,22.444762521244048,303000
2020-06-08,22.879104614257812,22.885728530107773,22.61509373827175,22.695526486483644,778000
2020-06-09,22.89424705505371,23.000229714616403,22.737164581840833,22.737164581840833,274000
2020-06-10,22.97089385986328,23.133654483362772,22.876265716308815,23.014422192238552,486000
2020-06-11,21.681116104125977,22.54222869933717,21.671653110181932,22.450439643449624,866000
2020-06-12,21.92241668701172,22.25834485855372,21.54485170203927,22.254560021856697,1228000
2020-06-15,22.02556037902832,22.14100782578478,21.47293451076367,21.526873397423618,380000
2020-06-16,22.527090072631836,22.731485711061257,22.155203212873523,22.731485711061257,810000
2020-06-17,22.46653175354004,22.636862074200273,22.399345022448433,22.633075431840833,453000
2020-06-18,22.501541137695312,22.5062735378427,22.350136820851905,22.359599816264847,321000
2020-06-19,22.402179718017575,22.789207701245203,22.302820985369394,22.789207701245203,1154000
2020-06-22,22.65848159790039,22.6603815722247,22.38499577988396,22.406837334104036,279000
2020-06-23,22.82276153564453,23.019328263813858,22.80091998308163,22.8284596469608,258000
2020-06-24,22.314720153808594,22.787621653045026,22.217859523094997,22.73539320120956,549000
2020-06-25,22.578712463378903,22.59675406670107,22.225460369820148,22.30997389784099,409000
2020-06-26,21.99945640563965,22.49419956892441,21.974767607164303,22.49419956892441,719000
2020-06-29,22.21216583251953,22.220711187794112,21.858911930159756,22.00989919306771,486000
2020-06-30,22.591054916381836,22.678417488898504,22.21596131865478,22.249197276810456,459000
2020-07-01,22.806617736816406,22.89588029740024,22.622394504421813,22.622394504421813,948000
2020-07-02,22.91676902770996,23.13992631599537,22.87308773817049,23.03831846004833,510000
2020-07-06,23.3649845123291,23.384926091063473,23.17696313659464,23.19405565962064,585000
2020-07-07,23.159866333007812,23.487478699331376,23.159866333007812,23.286162974982513,353000
2020-07-08,23.456144332885746,23.456144332885746,23.18930575461971,23.298509884260937,475000
2020-07-09,23.46279525756836,23.582444735148364,23.166518808225607,23.582444735148364,725000
2020-07-10,23.6830997467041,23.684997909472713,23.303258902219778,23.466589650297227,250000
2020-07-13,23.3687801361084,24.118018313977956,23.33839323052774,23.867323173295468,552000
2020-07-14,23.65746307373047,23.678353734190978,23.107642407753904,23.27097498786556,558000
2020-07-15,23.68880271911621,23.881573156648688,23.551111619421043,23.873976880986415,349000
2020-07-16,23.56155014038086,23.60048421153834,23.412462859064068,23.5055235483119,283000
2020-07-17,23.578641891479492,23.66125724920769,23.463739655737072,23.66125724920769,370000
2020-07-20,23.989824295043945,24.028758371061127,23.51692089386316,23.61947784335706,316000
2020-07-21,23.921451568603516,24.205382691352575,23.837887119245423,24.205382691352575,647000
2020-07-22,24.02210998535156,24.025908122370264,23.827439614931787,23.890115215024885,668000
2020-07-23,23.553955078125,24.02685663337252,23.455196273086887,23.974628175351043,512000
2020-07-24,23.395366668701172,23.45234414884588,23.178858402312404,23.29565879528372,567000
2020-07-27,23.597637176513672,23.633722195404687,23.41341394500019,23.44380085269153,427000
2020-07-28,23.472288131713867,23.648913266856848,23.432404978254997,23.589088536668545,338000
2020-07-29,23.654617309570312,23.72298922317002,23.49318468122974,23.516924400733604,291000
2020-07-30,23.65271377563477,23.683100682148943,23.32225050721781,23.4542452738106,379000
2020-07-31,24.007862091064453,24.007862091064453,23.628021262228017,24.005963928374037,329000
2020-08-03,24.28325080871582,24.33073023894724,24.193988248248317,24.226273318969117,702000
2020-08-04,24.32503318786621,24.32503318786621,24.189240272710993,24.250015902178045,306000
2020-08-05,24.519699096679688,24.531095318378323,24.441832763709883,24.46652155868351,293000
2020-08-06,24.826417922973633,24.82736881548643,24.483613021602,24.500705540922556,239000
2020-08-07,24.674484252929688,24.80078271566867,24.569078259360715,24.758050507161684,297000
2020-08-10,24.682083129882812,24.7333606950025,24.517801482767354,24.7333606950025,435000
2020-08-11,24.379161834716797,24.757102755825315,24.332631483517854,24.71437054189629,347000
2020-08-12,24.816925048828125,24.86915169136426,24.5709771377262,24.5709771377262,434000
2020-08-13,24.809324264526367,24.9223283255589,24.755197653959197,24.835913029187257,236000
2020-08-14,24.77324485778809,24.796035491399227,24.70962198670341,24.777993887536827,259000
2020-08-17,24.885297775268555,24.925180930838977,24.85775992343873,24.911886545648837,155000
2020-08-18,25.05527687072754,25.090412806889823,24.85775926103789,24.96031620280381,317000
2020-08-19,24.9774112701416,25.16448356955775,24.945124386185633,25.10465883169925,228000
2020-08-20,25.20531463623047,25.2319034073742,24.887198463982507,24.887198463982507,245000
2020-08-21,25.35820198059082,25.37624358484132,25.164482496341044,25.20911468306334,226000
2020-08-24,25.560466766357425,25.636434942792757,25.429421073358604,25.636434942792757,376000
2020-08-25,25.69625473022461,25.707650950668903,25.543369325313147,25.580403419309413,315000
2020-08-26,26.176759719848633,26.1967012985277,25.82825482248677,25.82825482248677,652000
2020-08-27,26.193851470947266,26.34768779566984,26.065654835549147,26.226138352968867,678000
2020-08-28,26.32679748535156,26.35718439362386,26.214744289477807,26.321099374042948,292000
2020-08-31,26.32489585876465,26.485379368239737,26.29165989692426,26.373326179399537,385000
2020-09-01,26.65061378479004,26.65061378479004,26.44454898163369,26.483483059813977,473000
2020-09-02,26.986770629882812,27.02285564849214,26.63541669197348,26.86522118884214,371000
2020-09-03,25.88142967224121,26.723728541464254,25.63168542399683,26.708534183051047,694000
2020-09-04,25.583253860473633,26.000128786094702,24.81027781748085,25.788367727345157,513000
2020-09-08,24.731456756591797,25.20910722752821,24.720060537299403,24.910930909434008,533000
2020-09-09,25.34110450744629,25.53197308752006,25.04957535092913,25.163528499175413,634000
2020-09-10,24.841609954833984,25.567106460949567,24.758045528629772,25.548113969604717,1081000
2020-09-11,24.7666015625,25.056230841129064,24.53869700174872,24.985960766317472,582000
2020-09-14,25.033435821533203,25.221457187079487,24.970762033017778,25.07901708794881,217000
2020-09-15,25.199621200561523,25.381944482160776,25.10086237902351,25.31357257235191,281000
2020-09-16,24.9299259185791,25.28412704281347,24.925176889653084,25.28412704281347,279000
2020-09-17,24.649789810180664,24.75804483434213,24.432330680684203,24.502600723221175,338000
2020-09-18,24.36301040649414,24.72290960478639,24.12276064349132,24.72290960478639,315000
2020-09-21,24.173095703125,24.173095703125,23.677403497933675,23.887266418705927,578000
2020-09-22,24.544387817382812,24.567178447805265,24.125612926609097,24.36396274788169,323000
2020-09-23,23.900556564331055,24.602313428750733,23.858773441635428,24.602313428750733,482000
2020-09-24,23.967981338500977,24.187340503200694,23.721084322242813,23.73532959996625,502000
2020-09-25,24.38010597229004,24.43138534309584,23.836932605906,23.97082733205813,716000
2020-09-28,24.776092529296875,24.78653785844676,24.63839965386206,24.773243473851625,418000
2020-09-29,24.675432205200195,24.78653448510011,24.619405618999384,24.782736348764704,601000
2020-09-30,24.8739013671875,25.11889839208585,24.70012348099384,24.70012348099384,641000
2020-10-01,25.07331657409668,25.1416884671681,24.930876488615855,25.1416884671681,467000
2020-10-02,24.623205184936523,24.87579847253257,24.574774868594695,24.623205184936523,672000
2020-10-05,25.070466995239254,25.070466995239254,24.79223402200256,24.802679350332003,275000
2020-10-06,24.64219856262207,25.13599074585403,24.594717325910548,25.059073496972545,434000
2020-10-07,25.07996940612793,25.113205373173603,24.85396483021734,24.879604522288105,313000
2020-10-08,25.21575927734375,25.22810276899083,25.156883629584406,25.227153687608133,265000
2020-10-09,25.52437973022461,25.52437973022461,25.317365877145026,25.317365877145026,326000
2020-10-12,26.107437133789062,26.25177720559758,25.765579450289756,25.77222664277504,347000
2020-10-13,25.97069549560547,26.172960328403743,25.8909273734876,26.172960328403743,598000
2020-10-14,25.731388092041016,26.072294799225087,25.625982119576577,25.97733596486593,462000
2020-10-15,25.63643455505371,25.68961209663174,25.357250650544884,25.42182441458916,257000
2020-10-16,25.57280921936035,25.8415459569701,25.57280921936035,25.79501561257325,195000
2020-10-19,25.152137756347656,25.772228487172,25.09706204965614,25.72284908071545,331000
2020-10-20,25.267032623291016,25.501584282574917,25.13218882926923,25.228098558410466,365000
2020-10-21,25.24045181274414,25.44841477348939,25.19771959827735,25.24045181274414,304000
2020-10-22,25.29647445678711,25.36009732216216,25.050526538885112,25.28223099126744,407000
2020-10-23,25.334457397460938,25.3629443261963,25.15688138861861,25.3629443261963,878000
2020-10-26,24.920434951782227,25.249947353575383,24.65834356074249,25.123650687987695,400000
2020-10-27,25.013492584228516,25.08281356069575,24.89004498949914,24.963164102711648,395000
2020-10-28,24.042997360229492,24.574774505912742,24.008812320506788,24.574774505912742,603000
2020-10-29,24.359216690063477,24.578574027893012,24.02780435743995,24.146504733065388,600000
2020-10-30,23.989824295043945,24.30984044786753,23.71158946272484,24.237670407256225,689000
2020-11-02,24.08572578430176,24.30128493942597,23.901502608799976,24.19682986279427,544000
2020-11-03,24.45227432250977,24.65453911423305,24.256656722011083,24.33642301670625,258000
2020-11-04,25.294574737548828,25.555717016199303,24.96886232272212,25.018241723074787,598000
2020-11-05,25.795015335083008,25.946002588017368,25.682013071334843,25.81020969300228,739000
2020-11-06,25.777929306030273,25.887133460605224,25.50254530997701,25.768433056342307,399000
2020-11-09,25.79881477355957,26.471133901798876,25.76557881195656,26.47018482038852,855000
2020-11-10,25.614595413208008,25.73614304753007,25.38573998930729,25.68486547890499,723000
2020-11-11,25.947900772094727,25.99158205766656,25.772222926062707,25.810207912628716,424000
2020-11-12,25.76653289794922,25.98114305285083,25.65637785907805,25.92131831455107,740000
2020-11-13,25.992536544799805,26.042865032365444,25.78552267189827,25.89662678836466,311000
2020-11-16,26.21284294128418,26.22139010779908,26.044763156283896,26.11218416207976,255000
2020-11-17,26.090341567993164,26.198596609219827,26.0248187322185,26.127375663058523,590000
2020-11-18,25.772226333618164,26.113134931594153,25.772226333618164,26.069451829022775,591000
2020-11-19,25.870040893554688,25.898529642572218,25.647834447136113,25.749440515060677,251000
2020-11-20,25.66777229309082,25.872886184741944,25.66777229309082,25.872886184741944,376000
2020-11-23,25.674415588378903,25.84629349053354,25.51013395921403,25.775072544776876,325000
2020-11-24,26.09319496154785,26.135927174104687,25.814011052094923,25.870986731762635,235000
2020-11-25,26.134021759033203,26.172006745052983,26.053306380576895,26.12737456760212,262000
2020-11-27,26.2109432220459,26.28216417669024,26.16726193006793,26.192901618637823,101000
2020-11-30,26.196701049804688,26.196701049804688,25.931762418091314,26.19385199413127,177000
2020-12-01,26.500572204589844,26.62876883503864,26.37807368515408,26.409411484501703,403000
2020-12-02,26.57274055480957,26.58888399417333,26.340088834145984,26.447392987816624,326000
2020-12-03,26.445497512817383,26.625920797033537,26.43125223474041,26.5594488700882,226000
2020-12-04,26.613569259643555,26.613569259643555,26.547097348267357,26.54994640321544,699000
2020-12-07,26.62022399902344,26.646812769304155,26.53191052149499,26.57654089537014,426000
2020-12-08,26.713285446166992,26.75126862854003,26.531911267555895,26.563247257171835,489000
2020-12-09,26.468290328979492,26.756021443634783,26.339144592681706,26.748423357105896,309000
2020-12-10,26.40276527404785,26.49107694191401,26.30685370958285,26.30685370958285,206000
2020-12-11,26.444543838500977,26.444543838500977,26.19764684208573,26.33059249321639,652000
2020-12-14,26.34483528137207,26.67909484649837,26.34483528137207,26.545201928669517,446000
2020-12-15,26.665802001953125,26.665802001953125,26.442646522283585,26.580337584641715,666000
2020-12-16,26.769306182861328,26.856668751048645,26.62591521801799,26.71612865244752,490000
2020-12-17,26.89655113220215,26.96397393578626,26.83672641219185,26.900349268377187,299000
2020-12-18,26.778806686401367,26.96018085413587,26.618323177158057,26.96018085413587,380000
2020-12-21,26.808439254760746,26.81415664691128,26.35299426764895,26.61978166996894,339000
2020-12-22,26.786529541015625,26.87418775252889,26.69886951214922,26.86275478390448,435000
2020-12-23,26.727447509765625,26.90467028882983,26.727447509765625,26.80176632932582,468000
2020-12-24,26.830352783203125,26.88180385679846,26.75698625284236,26.75698625284236,205000
2020-12-28,27.21814727783203,27.25530668762827,26.991376195825644,27.00471556433469,496000
2020-12-29,27.196229934692383,27.380124202678356,27.18860795817409,27.3505867719793,355000
2020-12-30,27.119054794311523,27.305807774147937,27.11524380571938,27.26960065649357,234000
2020-12-31,27.180992126464844,27.261028350058325,27.01329588368354,27.123821837595543,345000
2021-01-04,26.82272720336914,27.257212599584747,26.50448695047003,27.23815583995719,964000
2021-01-05,26.96088600158691,27.033300234335034,26.732210337970415,26.732210337970415,566000
2021-01-06,26.774133682250977,27.089515225964192,26.591193522777868,26.68742779221728,498000
2021-01-07,27.225772857666016,27.285800023900105,26.96470102704664,26.96470102704664,410000
2021-01-08,27.385845184326172,27.385845184326172,27.092377241664607,27.3267703151827,441000
2021-01-11,27.16383934020996,27.322005370031196,27.12096253606463,27.12096253606463,450000
2021-01-12,27.054262161254883,27.165742208455327,26.8427386671773,27.165742208455327,944000
2021-01-13,27.223865509033203,27.27341199607404,27.01900987640961,27.01900987640961,742000
2021-01-14,27.03044319152832,27.278175629932853,26.981850814034573,27.278175629932853,673000
2021-01-15,26.82082176208496,27.014242595810813,26.75984049669296,26.95040445218319,388000
2021-01-19,27.07427215576172,27.111431564509093,26.872273413536913,26.97232049188345,377000
2021-01-20,27.67073631286621,27.721235092962115,27.28198639202862,27.28865607651964,365000
2021-01-21,27.8260440826416,27.86796677316687,27.70694206052161,27.7412427741064,204000
2021-01-22,27.77173614501953,27.85463106152552,27.685030239543007,27.719330957630703,183000
2021-01-25,27.944190979003903,28.001361256037555,27.526857770362117,27.931805721263924,1152000
2021-01-26,28.001365661621097,28.07092120733822,27.963252137602083,27.98611988854292,166000
2021-01-27,27.361068725585938,27.852722581094973,27.148591127027924,27.852722581094973,357000
2021-01-28,27.557348251342773,27.907984607305742,27.48397991370798,27.48397991370798,351000
2021-01-29,26.969463348388672,27.43348438143492,26.85036132110722,27.363928841119016,554000
2021-02-01,27.44111061096191,27.525911936312863,27.100956651295864,27.28961424812748,307000
2021-02-02,27.76982879638672,27.87845014932816,27.67835780078283,27.727904287176155,290000
2021-02-03,27.832717895507812,28.021375482914884,27.79841535948195,27.874640592251893,633000
2021-02-04,28.16525077819824,28.16525077819824,27.935622779482692,28.00231963316136,281000
2021-02-05,28.25100326538086,28.308171735197636,28.141429607668336,28.269107734857123,228000
2021-02-08,28.389158248901367,28.389158248901367,28.250999466183615,28.368196903503108,295000
2021-02-09,28.361526489257812,28.431082025219073,28.309121309758456,28.309121309758456,217000
2021-02-10,28.34342384338379,28.503498087800327,28.15286168983439,28.473960654136977,316000
2021-02-11,28.408220291137695,28.480634538063864,28.251957012321768,28.44728611084168,319000
2021-02-12,28.509214401245117,28.509214401245117,28.33389619771667,28.37010331677976,189000
2021-02-16,28.510162353515625,28.639745029464912,28.454898485334176,28.544463062123494,227000
2021-02-17,28.516836166381836,28.520647154851005,28.29959346746563,28.29959346746563,174000
2021-02-18,28.375822067260746,28.424416265071542,28.157627049587653,28.313888499543385,190000
2021-02-19,28.121417999267575,28.464432421732297,28.121417999267575,28.464432421732297,322000
2021-02-22,27.852725982666016,28.015657116727656,27.82795182876678,27.8851221143714,318000
2021-02-23,27.894643783569336,27.99278445435332,27.389652404137312,27.616421651580477,414000
2021-02-24,28.065200805664062,28.100455629865777,27.61928243616557,27.790789641153655,476000
2021-02-25,27.416336059570312,28.06806241578412,27.312479796471788,27.922281639877927,1213000
2021-02-26,27.312480926513672,27.676456734892795,27.19814216746788,27.607853479465323,896000
2021-03-01,27.98516845703125,28.040432341618697,27.665021751358303,27.702181166273604,828000
2021-03-02,27.71837615966797,28.027089863968595,27.71837615966797,28.027089863968595,471000
2021-03-03,27.297231674194336,27.744102344426704,27.297231674194336,27.68788617367504,576000
2021-03-04,26.999956130981445,27.554495930636342,26.756034657179335,27.245782190640483,1344000
2021-03-05,27.49732208251953,27.56878402466623,26.89895507739048,27.27627020644325,763000
2021-03-08,27.189563751220703,27.684076342896205,27.17908307782066,27.53448458468953,760000
2021-03-09,27.699321746826172,27.878452766257457,27.5487776878954,27.5487776878954,337000
2021-03-10,27.7764949798584,27.909888650507447,27.754579526529284,27.889879599910092,529000
2021-03-11,28.130950927734375,28.281494999639474,27.98231144179154,28.042338611957355,340000
2021-03-12,28.021371841430664,28.028993818511285,27.856534319931797,27.983258321322243,688000
2021-03-15,28.12904167175293,28.14714614067656,27.883215623426924,28.020422127622485,329000
2021-03-16,28.273868560791016,28.42155573045459,28.206219422741956,28.216700095940137,240000
2021-03-17,28.264341354370117,28.386302083842917,28.043287645785213,28.15476770162453,465000
2021-03-18,27.810800552368164,28.14809759342389,27.790791498272625,28.08616402807223,319000
2021-03-19,27.792699813842773,27.864159947378763,27.65930429334037,27.85177468733838,298000
2021-03-22,28.106555938720703,28.204993139110336,27.80359372126627,27.80359372126627,429000
2021-03-23,28.048255920410156,28.326368666193176,28.012895746306157,28.106555182612144,544000
2021-03-24,27.843732833862305,28.17536523703961,27.831308102869514,28.17536523703961,188000
2021-03-25,27.832263946533203,27.88960619595405,27.599070552394807,27.70610990408099,672000
2021-03-26,28.23557472229004,28.27284709219498,27.85711260584633,27.890562402283734,637000
2021-03-29,28.3244571685791,28.38084423387538,28.07692865221853,28.198303118183272,497000
2021-03-30,28.127580642700195,28.22697485242001,28.04538892641701,28.22697485242001,310000
2021-03-31,28.33783721923828,28.44965616261191,28.20595021894443,28.233665246414233,369000
2021-04-01,28.65226936340332,28.66660629498849,28.4687730450107,28.4687730450107,616000
2021-04-05,29.144460678100582,29.193200773483092,28.809960856020204,28.809960856020204,567000
2021-04-06,29.11769676208496,29.21231320516456,29.067044472250593,29.1253437321017,357000
2021-04-07,29.29546165466309,29.308841574303756,29.11005315514102,29.11005315514102,350000
2021-04-08,29.458887100219727,29.494249096474284,29.41110219533716,29.47226701941703,390000
2021-04-09,29.747509002685547,29.7580215347383,29.436903510390646,29.436903510390646,248000
2021-04-12,29.700681686401367,29.73508849384028,29.597464909839054,29.67774442240116,273000
2021-04-13,29.82588005065918,29.88800188226186,29.715016305994965,29.715016305994965,241000
2021-04-14,29.608932495117188,29.823966368722544,29.58026046129383,29.823966368722544,334000
2021-04-15,29.995996475219727,30.023713322877025,29.842127411704254,29.842127411704254,406000
2021-04-16,30.099214553833008,30.142221697213408,29.968282748315097,30.142221697213408,293000
2021-04-19,29.98165702819824,30.11736839238645,29.909977861753983,30.0294419239098,276000
2021-04-20,29.81345558166504,29.961591697441317,29.693991501390457,29.919539743280943,353000
2021-04-21,29.95298767089844,29.958722442216377,29.69207927333448,29.739864173311712,231000
2021-04-22,29.644290924072266,29.96636594464398,29.564011421533973,29.94725125655096,355000
2021-04-23,29.955856323242188,30.060985295089992,29.695903102280052,29.697813477548753,387000
2021-04-26,30.013198852539062,30.04473827354095,29.924319006902135,30.008421091445204,416000
2021-04-27,29.9635009765625,30.071497332411784,29.91762827346608,30.071497332411784,397000
2021-04-28,29.988351821899418,30.130753167363416,29.974971903112618,30.04856145644,251000
2021-04-29,30.211984634399418,30.30373368076241,29.95011923554231,30.30373368076241,444000
2021-04-30,29.977840423583984,30.107817042843276,29.949168386722572,30.024670141110192,352000
2021-05-03,30.00841903686523,30.227277302098532,29.98548177485535,30.12692792010345,1009000
2021-05-04,29.712146759033203,29.860281030768014,29.46843904928086,29.860281030768014,606000
2021-05-05,29.70928382873535,29.860285508542223,29.653851955523535,29.85933032088189,347000
2021-05-06,29.988351821899418,29.99217439542747,29.61562447119452,29.672966719869763,421000
2021-05-07,30.14031410217285,30.25213122697481,30.06576752942744,30.141269289949317,316000
2021-05-10,29.747509002685547,30.11928113500648,29.72743912616382,30.11928113500648,307000
2021-05-11,29.547767639160156,29.56592714187508,29.276344869109295,29.36427135108624,406000
2021-05-12,28.9561824798584,29.361404443345155,28.91699791082444,29.27347795993647,250000
2021-05-13,29.29258918762207,29.410142880826648,29.10144777203541,29.10144777203541,368000
2021-05-14,29.729351043701172,29.776180755143347,29.531517843101845,29.5382078018793,173000
2021-05-17,29.63186836242676,29.689212430901172,29.48086669034922,29.672965127121135,214000
2021-05-18,29.386249542236328,29.683476941141343,29.386249542236328,29.66340706452413,179000
2021-05-19,29.33369255065918,29.33369255065918,29.001103095063225,29.013527827620877,256000
2021-05-20,29.696857452392575,29.775226585251065,29.403454443731196,29.403454443731196,1085000
2021-05-21,29.60415267944336,29.84786040783986,29.589817574082534,29.843080824134866,279000
2021-05-24,29.97592544555664,30.043782046306266,29.79816393755661,29.79816393755661,139000
2021-05-25,29.95489501953125,30.10780886215551,29.909020502168616,30.08869417610828,250000
2021-05-26,29.961593627929688,30.01320110770527,29.939611550340985,30.00937853396752,153000
2021-05-27,29.84403610229492,30.02179942996777,29.83256838254687,30.01224208540586,190000
2021-05-28,29.8966007232666,30.029444714396337,29.887043378660792,29.947253009088023,240000
2021-06-01,29.76471519470215,30.039005364149723,29.76471519470215,30.021802871117337,264000
2021-06-02,29.865066528320312,29.926231353311746,29.77331746795587,29.81823681043184,307000
2021-06-03,29.74846839904785,29.81441098228153,29.619446972684443,29.743688814991497,286000
2021-06-04,30.064809799194336,30.087747064031873,29.87271134547827,29.90902852956459,368000
2021-06-07,30.11067771911621,30.11832286475807,30.01988386739239,30.064803199511296,172000
2021-06-08,30.09156608581543,30.182358123875908,30.015109153007376,30.156555298996953,136000
2021-06-09,30.1536865234375,30.250213328300376,30.142216981462592,30.18713631606934,141000
2021-06-10,30.360122680664062,30.386882517088047,30.19669627637799,30.19669627637799,184000
2021-06-11,30.4002628326416,30.402175030787085,30.307558591567652,30.402175030787085,185000
2021-06-14,30.58376121520996,30.591406362562143,30.382107237935823,30.419379609874323,198000
2021-06-15,30.488187789916992,30.58280423006783,30.45282761833341,30.58280423006783,242000
2021-06-16,30.366809844970703,30.556996068177035,30.167066277795826,30.556996068177035,258000
2021-06-17,30.560821533203125,30.619118967187987,30.31711561901225,30.31711561901225,380000
2021-06-18,30.233013153076172,30.39834993093995,30.233013153076172,30.39834993093995,528000
2021-06-21,30.529111862182617,30.546365568208,30.213745855398248,30.31439399746641,247000
2021-06-22,30.775463104248047,30.82243224288449,30.527197657169705,30.527197657169705,185000
2021-06-23,30.75149726867676,30.845435533489855,30.74190964196053,30.76683308349288,215000
2021-06-24,30.916364669799805,31.000718959730957,30.87802513492928,30.965253518747723,196000
2021-06-25,30.96908950805664,31.000722827803827,30.91445246451688,31.000722827803827,218000
2021-06-28,31.155057907104492,31.155057907104492,31.02181837433989,31.02181837433989,181000
2021-06-29,31.17805290222168,31.193388715886744,31.12820602289832,31.193388715886744,457000
2021-06-30,31.189550399780273,31.222141743626192,31.134913368506215,31.140665212315216,165000
2021-07-01,31.345808029174805,31.345808029174805,31.20490060549888,31.20490060549888,235000
2021-07-02,31.69759178161621,31.70046587551493,31.43878072301917,31.456994287535085,107000
2021-07-06,31.792495727539062,31.794411790599543,31.53752038935732,31.72252285974262,391000
2021-07-07,31.92382049560547,31.953534100703592,31.77236740557849,31.897939016786303,321000
2021-07-08,31.707185745239254,31.736903007932867,31.44070669564415,31.479049899360795,547000
2021-07-09,31.96024513244629,31.97941673436055,31.734983380715196,31.75990682886465,557000
2021-07-12,32.077186584472656,32.094438464298015,31.999542155432454,32.02733969473563,567000
2021-07-13,32.07622146606445,32.2708078548034,32.05800790217629,32.05896593344284,310000
2021-07-14,32.18645477294922,32.299564628972924,32.10306217034111,32.264099187742715,354000
2021-07-15,32.04267120361328,32.186452678390296,31.92764163586232,32.186452678390296,303000
2021-07-16,31.77811622619629,32.13757548751524,31.75223474984115,32.13278167351389,333000
2021-07-19,31.345808029174805,31.46083397510899,31.155053713075095,31.41770061661201,744000
2021-07-20,31.698556900024418,31.818376658204283,31.337181562457264,31.445497629254263,372000
2021-07-21,31.921897888183594,31.932443547714858,31.748399117920258,31.75319293194435,282000
2021-07-22,32.096351623535156,32.10210346783753,31.973654143836455,31.989951645461165,357000
2021-07-23,32.459651947021484,32.49128527116179,32.192214880673795,32.281359350586705,435000
2021-07-26,32.58234786987305,32.58234786987305,32.413639253768295,32.45581823609887,242000
2021-07-27,32.34844207763672,32.53631853172493,32.1337224735006,32.53631853172493,289000
2021-07-28,32.33024215698242,32.49511496764179,32.21042241691974,32.39829895025777,374000
2021-07-29,32.352294921875,32.45198505516223,32.348462795561495,32.35133689029662,367000
2021-07-30,32.09443664550781,32.17687488387604,32.02925759920426,32.09923045923595,1055000
2021-08-02,32.05417251586914,32.25163665745122,32.03116879536447,32.25163665745122,659000
2021-08-03,32.28806686401367,32.289986583578774,31.951614984729115,32.107858217676444,681000
2021-08-04,32.22096633911133,32.29094285590371,32.157703355518024,32.23247002944047,326000
2021-08-05,32.44144058227539,32.447188771308184,32.25164430253796,32.33216282830269,247000
2021-08-06,32.43280792236328,32.462525179270045,32.36954493949827,32.451979520488315,132000
2021-08-09,32.43185043334961,32.4989491996052,32.39446526788928,32.476903506866506,205000
2021-08-10,32.41842269897461,32.504693042436884,32.32064866795533,32.47018563637349,447000
2021-08-11,32.392547607421875,32.51045128657388,32.37050191577048,32.51045128657388,160000
2021-08-12,32.597679138183594,32.61205692191833,32.34749400005273,32.39829891541651,150000
2021-08-13,32.68873977661133,32.70503362132027,32.62067933415903,32.66381633730789,237000
2021-08-16,32.812400817871094,32.82774029221948,32.39063657716418,32.61494028049636,254000
2021-08-17,32.59576416015625,32.688744398450524,32.39159011714708,32.633145667788874,292000
2021-08-18,32.21425247192383,32.6379363326806,32.204668502242434,32.53249438314508,187000
2021-08-19,32.352294921875,32.45677886966319,31.985167713857845,31.985167713857845,370000
2021-08-20,32.671485900878906,32.68394762116259,32.3973390244621,32.45964396927244,271000
2021-08-23,33.00602722167969,33.07216795949574,32.75105189837622,32.75105189837622,564000
2021-08-24,33.016571044921875,33.091337718457545,32.998357478096366,33.05970439852029,235000
2021-08-25,33.02231216430664,33.0481936307027,32.98205291804773,33.039564037499154,364000
2021-08-26,32.83732223510742,33.04916420220803,32.83732223510742,33.01273706656651,434000
2021-08-27,33.084632873535156,33.09709459712107,32.859371130639985,32.884294577811815,500000
2021-08-30,33.406707763671875,33.44696702564692,33.152686812705085,33.16898431775711,215000
2021-08-31,33.321388244628906,33.4201203153211,33.29071296071213,33.4201203153211,365000
2021-09-01,33.321388244628906,33.49871910275596,33.321388244628906,33.40957465805373,151000
2021-09-02,33.34823226928711,33.46996807696991,33.2888014125567,33.46613229473216,416000
2021-09-03,33.399993896484375,33.43354327745554,33.24087293056162,33.30413591041799,126000
2021-09-07,33.44888687133789,33.51790171206891,33.35207083138689,33.44217699358323,221000
2021-09-08,33.37506103515625,33.43065609175862,33.24853145454511,33.41532028095947,199000
2021-09-09,33.19390869140625,33.473807470094265,33.17665315438761,33.39520500691294,294000
2021-09-10,32.88236999511719,33.385610682956774,32.86415643024068,33.383694620319694,333000
2021-09-13,32.96001052856445,33.1363870183844,32.78747347720851,33.09612776363333,295000
2021-09-14,32.83539962768555,33.09900083807211,32.75775521451089,33.088458837357095,365000
2021-09-15,33.091339111328125,33.1133848047658,32.7510514554974,32.90058846547147,154000
2021-09-16,33.042457580566406,33.096136601234974,32.779810666630325,33.062587213317116,201000
2021-09-17,32.72995376586914,33.01081047556894,32.6829846423912,33.01081047556894,293000
2021-09-20,32.05129623413086,32.283267768938934,31.652535853073623,32.184535704887594,530000
2021-09-21,32.06184387207031,32.2688919817057,32.045546370619576,32.21425128972044,305000
2021-09-22,32.329280853271484,32.45485242544565,32.10881299266472,32.208503094064916,398000
2021-09-23,32.68681716918945,32.770213417717294,32.439509830359995,32.48743698559542,333000
2021-09-24,32.77117919921875,32.815274240163966,32.453895286554626,32.54591749406996,169000
2021-09-27,32.62931442260742,32.67340580783645,32.517162583466636,32.62164651459405,171000
2021-09-28,31.86343002319336,32.36379672355823,31.82988063686455,32.32928930570701,325000
2021-09-29,31.92476463317871,32.14906824758612,31.88162763505077,32.01390906628553,391000
2021-09-30,31.63336753845215,32.13181806644853,31.61515397369442,32.05417365085615,590000
2021-10-01,32.044593811035156,32.133738270472044,31.510677772632523,31.767569148541263,944000
2021-10-04,31.503971099853516,31.97941435954927,31.315132846156335,31.97078841914163,1047000
2021-10-05,31.910390853881836,32.08868339905883,31.618030424892694,31.618030424892694,399000
2021-10-06,32.09922790527344,32.11648343935669,31.553808226557987,31.61803289293609,449000
2021-10-07,32.35419845581055,32.57275023914519,32.347488580751246,32.37337004978106,398000
2021-10-08,32.336952209472656,32.4692336712689,32.296692952109304,32.467313951912345,294000
2021-10-11,32.10018539428711,32.48169394750293,32.09635326896104,32.24972238399096,250000
2021-10-12,31.94394874572754,32.16729075990829,31.888350007607755,32.117447524175915,288000
2021-10-13,32.048423767089844,32.079099054000196,31.824123758224893,32.012958323324966,407000
2021-10-14,32.57276153564453,32.5804294445705,32.312034349117035,32.34846148727654,274000
2021-10-15,32.90154266357422,32.90154266357422,32.677239003051035,32.752005671022694,252000
2021-10-18,33.08079147338867,33.08941741168032,32.694492776956515,32.777885379194515,444000
2021-10-19,33.330970764160156,33.34055838973307,33.15843006992543,33.20252510302374,175000
2021-10-20,33.34823226928711,33.429708818211424,33.25621006166529,33.38082362017852,310000
2021-10-21,33.479557037353516,33.48339282016294,33.3060582549496,33.35206936561788,268000
2021-10-22,33.30413818359375,33.42491596333364,33.14501720681019,33.37890485820294,400000
2021-10-25,33.533233642578125,33.561031178934684,33.26962874966253,33.423955903296914,205000
2021-10-26,33.66838836669922,33.86393280434699,33.604163699966875,33.70193774709487,328000
2021-10-27,33.7421989440918,33.94445326945039,33.69331374602051,33.761370542078765,247000
2021-10-28,34.049896240234375,34.07194193309962,33.86297772507666,33.89077526316948,246000
2021-10-29,34.230098724365234,34.255980194931716,33.867765449650264,33.87255926257943,278000
2021-11-01,34.213809967041016,34.34704946474235,34.086322314388376,34.34704946474235,502000
2021-11-02,34.34895706176758,34.41318171627239,34.1984620660118,34.20613362859157,308000
2021-11-03,34.600101470947266,34.63460887741409,34.27994353085941,34.37579784400144,470000
2021-11-04,34.89438247680664,34.90492813466227,34.6346133784288,34.68925041715238,435000
2021-11-05,34.99407196044922,35.1483991039519,34.92984729634588,35.056376905316945,194000
2021-11-08,34.94998550415039,35.05734719998771,34.92218796279433,35.03338178482754,362000
2021-11-09,34.70267105102539,35.018038884081385,34.62119450653459,35.018038884081385,323000
2021-11-10,34.44194030761719,34.694999510000194,34.327872425954645,34.55121437639755,291000
2021-11-11,34.40934753417969,34.60297588125619,34.40455372149641,34.60297588125619,227000
2021-11-12,34.70937728881836,34.723755070855724,34.397845270446766,34.511916808706566,192000
2021-11-15,34.672950744628906,34.80523217821953,34.57421868502086,34.79468652213607,205000
2021-11-16,34.84358215332031,34.92314264355898,34.652831508325804,34.652831508325804,191000
2021-11-17,34.84550857543945,34.939446868820326,34.79757774049836,34.855092548462075,148000
2021-11-18,35.116764068603516,35.14456525838235,34.81865545385807,34.96147890138821,210000
2021-11-19,35.165653228759766,35.26630136179497,35.103344629779926,35.1867408866422,398000
2021-11-22,34.97490310668945,35.58742157215818,34.96531913619221,35.31998455032395,309000
2021-11-23,34.954769134521484,34.99982220045985,34.68637411464681,34.9403913522579,425000
2021-11-24,35.08802032470703,35.08897835629665,34.706515325318485,34.83304497072159,325000
2021-11-26,34.36333465576172,34.80139623443715,34.244472972319116,34.67582467622936,299000
2021-11-29,34.83974838256836,34.93752243570055,34.65187184081541,34.72568048221835,491000
2021-11-30,34.39401626586914,34.85412361584776,34.26460890257655,34.68541868450472,948000
2021-12-01,33.9569091796875,34.96147807131337,33.93869561622563,34.75826574932385,432000
2021-12-02,34.230098724365234,34.36429623351893,33.80258275760193,33.85913951166406,466000
2021-12-03,33.854347229003906,34.447694046501006,33.549525069229006,34.37867922627606,749000
2021-12-06,34.2435188293457,34.3566286820316,33.79970901328543,34.03934846971135,214000
2021-12-07,34.99120330810547,34.9950354339565,34.72951445442718,34.76018974427861,413000
2021-12-08,35.123477935791016,35.131149500013656,34.88000632845055,35.047753234415104,330000
2021-12-09,34.88383483886719,35.1273100775841,34.86370521223752,35.044875508512476,225000
2021-12-10,35.3218879699707,35.32668178180761,34.950928841792404,35.14838927886676,296000
2021-12-13,34.97010803222656,35.305605493266846,34.93655865178336,35.290269678380874,409000
2021-12-14,34.657623291015625,34.82345415607823,34.36909857474112,34.60778005665104,453000
2021-12-15,35.31711196899414,35.359287291562005,34.4476984463353,34.684460190825185,448000
2021-12-16,34.842620849609375,35.480062743110274,34.76114430410849,35.47814668037612,438000
2021-12-17,34.46495056152344,34.745807320176716,34.26077653234779,34.53588144638382,462000
2021-12-20,34.13570785522461,34.1702971378624,33.893604866132414,34.07038109499802,2780000
2021-12-21,34.69389343261719,34.70830380127729,34.09632124514639,34.422969706058396,768000
2021-12-22,35.128143310546875,35.14447774932607,34.66411258000428,34.66411258000428,573000
2021-12-23,35.34623336791992,35.441344741646844,35.1848313604086,35.247277518582656,518000
2021-12-27,35.84387969970703,35.85060844639847,35.443255399147255,35.443255399147255,766000
2021-12-28,35.76029968261719,35.93803608928223,35.718028785149826,35.91978124791888,1099000
2021-12-29,35.76222229003906,35.86598280007914,35.66423032488465,35.80161258256204,450000
2021-12-30,35.64501190185547,35.89095932373953,35.61138649250968,35.790079430807424,430000
2021-12-31,35.459598541259766,35.67096040099226,35.4403834935663,35.636371116206654,409000
2022-01-03,35.89961624145508,35.90442092000429,35.50091221447667,35.59122257970144,1975000
2022-01-04,35.70650100708008,36.00528890798501,35.52588398302304,35.996639755604384,1408000
2022-01-05,34.894691467285156,35.61235872986005,34.86395031972013,35.568163749115335,1471000
2022-01-06,34.77940368652344,34.9888414907594,34.59206153948275,34.77363880532122,1100000
2022-01-07,34.65930938720703,34.90621706549866,34.52288365025187,34.82935687596411,590000
2022-01-10,34.69485092163086,34.71887064411597,33.940677813276686,34.34802723874166,1971000
2022-01-11,35.008056640625,35.00901684334549,34.45083487638264,34.66219308666277,1259000
2022-01-12,35.14543533325195,35.309717922024674,35.02918485995809,35.13678984565737,554000
2022-01-13,34.43354034423828,35.26457381213859,34.39030923230094,35.24151428718863,726000
2022-01-14,34.5344123840332,34.55458763345134,34.20103883488306,34.20103883488306,613000
2022-01-18,33.902252197265625,34.19143444818548,33.83884583877369,34.105928769324414,1036000
2022-01-19,33.61499786376953,34.18182900408157,33.57849183468313,34.04060223660396,920000
2022-01-20,33.229740142822266,34.12417979938225,33.20764082492368,33.765826349278846,864000
2022-01-21,32.48613357543945,33.24511139208106,32.463077719429656,33.085629810437084,1807000
2022-01-24,32.502464294433594,32.5399305142743,31.02774359914622,31.9942350039699,4447000
2022-01-25,32.06724166870117,32.512060823499084,31.659892388081648,31.96732566911926,1707000
2022-01-26,32.130672454833984,32.966506999517144,31.82035470155331,32.78973439772271,2502000
2022-01-27,32.05284881591797,32.74073143287878,31.939482594172855,32.52744915697025,1162000
2022-01-28,33.011653900146484,33.02029938803833,31.887601208186965,32.27477540184795,1143000
2022-01-31,33.66399002075195,33.71394620703599,32.93575702276431,33.0789041638448,1325000
2022-02-01,33.8897590637207,33.924344676368555,33.444939781755274,33.7744688017014,2096000
2022-02-02,34.15972137451172,34.267322683451525,33.880148545793595,34.24042235621658,690000
2022-02-03,33.14519500732422,33.684165491669376,33.04719937429004,33.541014684746344,1028000
2022-02-04,33.49970626831055,33.78408383154609,33.1048467665313,33.219173180412774,1010000
2022-02-07,33.247032165527344,33.59770034149706,33.14519572012251,33.58521037835099,512000
2022-02-08,33.51796340942383,33.564078792159805,33.085633986833855,33.18362963325977,463000
2022-02-09,33.93875503540039,33.9839102047699,33.75237314322802,33.8561336460435,569000
2022-02-10,33.33830261230469,33.88495839193228,33.182665504544936,33.57272030895473,928000
2022-02-11,32.609100341796875,33.4141896533492,32.48035993621679,33.38440872258901,758000
2022-02-14,32.584129333496094,32.76955104441624,32.30647686839528,32.512073827736494,896000
2022-02-15,33.148075103759766,33.16921421900806,32.907892534946946,32.95977279074703,1129000
2022-02-16,33.179786682128906,33.25376260546148,32.81567194668485,33.0087789754843,855000
2022-02-17,32.411190032958984,32.961686492295605,32.38621011266953,32.9520808040505,562000
2022-02-18,32.11433029174805,32.52264360551404,31.965418266428152,32.42272756529214,1330000
2022-02-22,31.730039596557617,32.17677932657098,31.46007242154942,31.843405799733276,1257000
2022-02-23,31.106521606445312,32.05284146337748,31.087310227074724,31.926985305619873,973000
2022-02-24,31.67719459533691,31.712740408770333,30.152515951239124,30.234177134342893,2153000
2022-02-25,32.29206466674805,32.30263422408551,31.603221986971075,31.79632897229287,1321000
2022-02-28,32.27285385131836,32.33914448175327,31.82515387767293,31.95293046049653,1486000
2022-03-01,31.84148406982422,32.27861442643944,31.636847325139044,32.14795725315343,1072000
2022-03-02,32.33433532714844,32.44482091754218,31.868384238248357,32.00961096813269,1299000
2022-03-03,32.105682373046875,32.56203143479541,31.975985403538456,32.56106756740778,647000
2022-03-04,31.80978012084961,31.91930184804812,31.514836687524696,31.89336172004949,611000
2022-03-07,30.86826515197754,31.76366501729378,30.846165833925426,31.72235431860664,1057000
2022-03-08,30.61751365661621,31.41780217829509,30.458032073817705,30.78276011968271,1768000
2022-03-09,31.493696212768555,31.618592169805403,31.145912335924496,31.311158787018556,813000
2022-03-10,31.369770050048828,31.42933559989627,30.984516213836272,31.221818210552055,652000
2022-03-11,30.9191837310791,31.572480665800835,30.880757302191995,31.572480665800835,566000
2022-03-14,30.59061050415039,31.188186283253735,30.5300847642612,30.887477988754927,569000
2022-03-15,31.374570846557617,31.41684174835661,30.71358683152307,30.7587401734352,425000
2022-03-16,32.11241149902344,32.13258674859391,31.282341993898186,31.667595805859605,1082000
2022-03-17,32.500545501708984,32.514959535413304,31.9711843417076,32.038435172746055,439000
2022-03-18,32.989559173583984,33.00877421991316,32.36700340018389,32.44962846588887,552000
2022-03-21,33.010459899902344,33.120281773904175,32.69352540021059,32.96518616767204,702000
2022-03-22,33.495975494384766,33.56533396034799,33.10582769241465,33.10582769241465,366000
2022-03-23,33.13569641113281,33.505614434325516,33.13569641113281,33.28694082149752,396000
2022-03-24,33.66938400268555,33.66938400268555,33.239739174120125,33.272492812262065,284000
2022-03-25,33.79845428466797,33.897677956965225,33.501749744047984,33.7368019180841,445000
2022-03-28,34.16260528564453,34.17801746306909,33.72043675049125,33.80617020287919,482000
2022-03-29,34.540225982666016,34.60862164747497,34.25219027433856,34.46797543646954,988000
2022-03-30,34.32829284667969,34.49398660362131,34.19728199860752,34.458344567901364,626000
2022-03-31,33.859153747558594,34.38898868899754,33.8042446499377,34.38898868899754,402000
2022-04-01,33.89190673828125,33.90828539197267,33.604833808570724,33.90828539197267,487000
2022-04-04,34.34852600097656,34.3697223389241,33.91984403028799,33.91984403028799,877000
2022-04-05,33.87071228027344,34.35623258308641,33.790755643943065,34.24737352260224,492000
2022-04-06,33.369781494140625,33.54992463544083,33.16844569059611,33.48249176701998,453000
2022-04-07,33.49790954589844,33.67612711356535,33.125103103804285,33.296573708685116,399000
2022-04-08,33.292720794677734,33.554746210188085,33.22721352209611,33.43143775447865,344000
2022-04-11,32.580810546875,33.01431014693714,32.5239758517149,33.01431014693714,962000
2022-04-12,32.461360931396484,33.01623975176396,32.3342012782876,32.933394703077816,862000
2022-04-13,32.82454299926758,32.904499651682,32.367921353939025,32.416090845613276,1137000
2022-04-14,32.27447509765625,32.86788804816238,32.26869828702097,32.79563749224619,313000
2022-04-18,32.32071304321289,32.47195743167821,32.126120529122836,32.15791135947037,372000
2022-04-19,32.8486213684082,32.907385350556936,32.24461391659819,32.292779729494406,300000
2022-04-20,32.57984924316406,32.93820990897592,32.514341980620095,32.93820990897592,433000
2022-04-21,32.132869720458984,33.0817513981961,32.061585633024066,32.92858137817472,512000
2022-04-22,31.255266189575195,32.16465066148647,31.239854014571172,32.13575191465012,476000
2022-04-25,31.542341232299805,31.560645488126045,30.813099827175034,31.06453070122268,1805000
2022-04-26,30.521215438842773,31.366057472295353,30.494242289477977,31.366057472295353,782000
2022-04-27,30.582868576049805,31.029852992507703,30.443185142040697,30.631036227815727,559000
2022-04-28,31.54041862487793,31.704183116771368,30.78420216501001,31.02118184975506,1044000
2022-04-29,30.233179092407227,31.295731903468504,30.20331570085356,31.15508567385754,1064000
2022-05-02,30.529884338378903,30.556857487751316,29.81220379982525,30.212949833253074,865000
2022-05-03,30.585752487182617,30.78323522502087,30.43258250986916,30.516392185443145,565000
2022-05-04,31.54619789123535,31.59628930364776,30.33528916797366,30.594426144650765,1467000
2022-05-05,30.243776321411133,31.19458352085432,29.94225399161739,31.19458352085432,823000
2022-05-06,30.132991790771484,30.429696420120777,29.718759201850126,30.04532722196492,1229000
2022-05-09,29.169662475585938,29.681191353694945,29.048281464954503,29.60701335487262,1396000
2022-05-10,29.3729248046875,29.779451339706412,29.102228661086773,29.702384933115233,1131000
2022-05-11,28.74483299255371,29.61086768128849,28.682215966113084,29.219755181943498,1551000
2022-05-12,28.600330352783203,28.930753249015403,28.055085077006417,28.354681781257877,1712000
2022-05-13,29.32475471496582,29.421088168514412,28.90955934920511,28.968321488058372,813000
2022-05-16,29.19856071472168,29.50971656890928,29.05020839450492,29.224571062071053,782000
2022-05-17,29.769811630249023,29.79582197345931,29.38640528052726,29.690817798990427,611000
2022-05-18,28.484731674194336,29.43553880401742,28.418261606773335,29.43553880401742,661000
2022-05-19,28.208253860473633,28.537713940820417,28.126371619286317,28.23522700697372,748000
2022-05-20,28.20536231994629,28.5935845212697,27.54740866603552,28.49628827052816,1828000
2022-05-23,28.823823928833008,28.868136695363912,28.299773144414896,28.42018950911072,985000
2022-05-24,28.47317123413086,28.580101025033088,28.017516120613404,28.418262136060164,754000
2022-05-25,28.72171401977539,28.894149252966997,28.292067383410963,28.292067383410963,619000
2022-05-26,29.297780990600582,29.40856381690369,28.721709558861345,28.722672360529575,369000
2022-05-27,30.0395450592041,30.04436090477341,29.513565057540507,29.513565057540507,400000
2022-05-31,29.943214416503903,30.212947728848437,29.69178536133457,29.99619790976871,469000
2022-06-01,29.81123733520508,30.310244242855138,29.66384782447146,30.148403519122617,712000
2022-06-02,30.356483459472656,30.369007231951944,29.571370073650193,29.696602286219296,787000
2022-06-03,29.725500106811523,30.05977602632249,29.674444057300448,30.05977602632249,350000
2022-06-06,29.830503463745117,30.240882989362944,29.753437067317183,30.04725327788861,253000
2022-06-07,30.098312377929688,30.137809300548984,29.532837200475903,29.532837200475903,490000
2022-06-08,29.88734245300293,30.17441540041588,29.82954311029009,30.004868579395833,244000
2022-06-09,29.152318954467773,29.97307803052789,29.150393351008336,29.76885198194652,388000
2022-06-10,28.248716354370117,28.707261727310502,28.228486492508395,28.707261727310502,729000
2022-06-13,27.137033462524418,27.61966174868293,27.04069999817015,27.473235029857097,1177000
2022-06-14,27.085973739624023,27.323916206801684,26.87596721999012,27.264189430239107,682000
2022-06-15,27.597501754760746,27.92695998065353,27.091751609236105,27.327768466308115,928000
2022-06-16,26.76711082458496,26.973264306522314,26.546507967596757,26.973264306522314,844000
2022-06-17,26.859590530395508,27.07441289676732,26.588894431266837,26.743990020796456,1275000
2022-06-21,27.611299514770508,27.756286016085113,27.2575323040746,27.2575323040746,1390000
2022-06-22,27.60550308227539,27.94574013137686,27.32133001942792,27.33776205854275,666000
2022-06-23,27.94283866882324,27.981500878415837,27.539775316631676,27.79881820479369,843000
2022-06-24,28.79149055480957,28.810820734508816,28.181578677920452,28.181578677920452,613000
2022-06-27,28.644575119018555,28.923916083084553,28.557582842601615,28.923916083084553,439000
2022-06-28,27.93317222595215,28.929715505433364,27.91674018795685,28.721900831708925,556000
2022-06-29,28.013397216796875,28.160317660313737,27.83458059056048,27.9602350686609,428000
2022-06-30,27.69926071166992,27.942839460335957,27.340659535613288,27.71279276195117,877000
2022-07-01,27.92930793762207,27.95637203869579,27.411220293232734,27.60936896620973,685000
2022-07-05,28.175779342651367,28.190279282259404,27.42861487669992,27.58519947564068,372000
2022-07-06,28.325603485107425,28.50925404759263,28.09072471221438,28.215413147616296,509000
2022-07-07,28.80792808532715,28.871722299511344,28.424194908349964,28.464791058866854,644000
2022-07-08,28.845624923706055,28.95774736439038,28.59141410927785,28.628144223978573,470000
2022-07-11,28.429027557373047,28.65134032694173,28.36813333433842,28.63780827737848,436000
2022-07-12,28.124555587768555,28.592379205983015,27.99116718389453,28.5324510290656,269000
2022-07-13,28.01629638671875,28.2221771051054,27.666393373593316,27.68475935029823,654000
2022-07-14,28.065593719482425,28.088791783136752,27.460515655141197,27.69732837662751,431000
2022-07-15,28.56338119506836,28.576913244248004,28.341066588198345,28.378764591144584,476000
2022-07-18,28.280176162719727,28.86109015082194,28.193183879573297,28.808895887096288,318000
2022-07-19,29.0147705078125,29.04086855596086,28.470586750808828,28.603975135919743,1572000
2022-07-20,29.23902130126953,29.374341801636323,28.96547846855261,29.04763866063498,1285000
2022-07-21,29.595684051513672,29.595684051513672,29.014770192511097,29.25448286385659,603000
2022-07-22,29.1800594329834,29.61212083335703,29.05150495648791,29.561858669400387,673000
2022-07-25,29.139461517333984,29.216787776921283,28.994475011058235,29.212921740482436,501000
2022-07-26,28.69386863708496,28.981907696562303,28.625240501694215,28.97610956396851,521000
2022-07-27,29.633384704589844,29.770637292991346,29.068900987368245,29.068900987368245,836000
2022-07-28,29.891460418701172,29.97652059598672,29.31924645828819,29.657549540174607,371000
2022-07-29,30.45014190673828,30.50620404073959,30.03741258314966,30.132136922818415,561000
2022-08-01,30.338022232055664,30.60963113541479,30.222033753888777,30.2587638688158,529000
2022-08-02,30.124406814575195,30.47334195450094,30.02774852869926,30.187234976935073,590000
2022-08-03,30.702423095703125,30.790381423575894,30.286793725152933,30.286793725152933,466000
2022-08-04,30.68406105041504,30.76041942962274,30.50137651340045,30.714023298203045,489000
2022-08-05,30.541004180908203,30.651194523332045,30.314825362798747,30.314825362798747,306000
2022-08-08,30.425981521606445,30.864807104197396,30.36121941551192,30.636694347670197,587000
2022-08-09,30.30419158935547,30.374751829512725,30.22009929885582,30.350587717273257,192000
2022-08-10,30.972095489501953,30.972095489501953,30.684056417337032,30.893803181805136,1119000
2022-08-11,30.86094093322754,31.22244024984318,30.805846684477057,31.19441010133554,327000
2022-08-12,31.398365020751953,31.406097095168903,30.92377346403798,31.07262603638532,424000
2022-08-15,31.587814331054688,31.611980290359497,31.28624129999261,31.28624129999261,293000
2022-08-16,31.62067222595215,31.788856798134148,31.455385798459936,31.493083802669013,306000
2022-08-17,31.43412208557129,31.654502762698236,31.29106951433044,31.368393933009507,590000
2022-08-18,31.48921775817871,31.54237991157964,31.30363693262578,31.41865936121102,235000
2022-08-19,31.039756774902344,31.316197747017,30.991428552455503,31.316197747017,730000
2022-08-22,30.341886520385746,30.645391574048645,30.2761583718965,30.645391574048645,895000
2022-08-23,30.255861282348633,30.451109950593633,30.2162311823298,30.27519330825101,267000
2022-08-24,30.303224563598633,30.419214879651665,30.201734189304435,30.201734189304435,238000
2022-08-25,30.718852996826172,30.72948505806158,30.34671979196601,30.403747978231817,275000
2022-08-26,29.631450653076172,30.767180420638574,29.620818592116407,30.711120127650094,708000
2022-08-29,29.366607666015625,29.581188355015524,29.27091727422022,29.396571752364476,533000
2022-08-30,29.041837692260746,29.53286120066115,28.857221082948143,29.467133049239497,464000
2022-08-31,28.801156997680664,29.27671261026011,28.795357021882445,29.19068823940165,449000
2022-09-01,28.908447265625,28.940343445235563,28.42612378665176,28.589474407899925,688000
2022-09-02,28.54211807250977,29.279618513467945,28.41259754420434,29.207124332154056,675000
2022-09-06,28.415496826171875,28.68420573345397,28.2608442972442,28.618477579038103,564000
2022-09-07,28.845624923706055,28.887187123465782,28.402931450715236,28.427095563217488,755000
2022-09-08,28.972244262695312,29.047636580757533,28.557580982542852,28.635873288777223,907000
2022-09-09,29.50482940673828,29.530927457836093,29.15106217538001,29.180058371174468,316000
2022-09-12,29.86922836303711,29.90789056914243,29.659479764934563,29.659479764934563,736000
2022-09-13,28.440628051757812,29.26028685449848,28.360401795875926,29.200358674663555,850000
2022-09-14,28.61944580078125,28.719004088235668,28.37586887884358,28.544053470734937,471000
2022-09-15,28.237646102905273,28.670673550620094,28.12648971347799,28.46962489522355,599000
2022-09-16,28.090721130371097,28.125517298361544,27.799780255795444,27.951532771202768,719000
2022-09-19,28.28278160095215,28.297323281845195,27.79900813258511,27.79900813258511,513000
2022-09-20,28.072397232055664,28.227514629854532,27.8697752929811,28.047191533257337,499000
2022-09-21,27.56148147583008,28.419473811541163,27.5556640646391,28.192615115691556,1768000
2022-09-22,27.444171905517575,27.696238135367683,27.351100728605168,27.475195014773313,902000
2022-09-23,26.991424560546875,27.206650293555,26.67828103043947,27.206650293555,1659000
2022-09-26,26.82855224609375,27.215376830324605,26.754871196797833,26.818857176539503,1352000
2022-09-27,26.774261474609375,27.306508406620324,26.596845214223908,27.107764102592288,1200000
2022-09-28,27.20568084716797,27.32008007526278,26.619143027423583,26.744206276926324,1182000
2022-09-29,26.565824508666992,26.89157185014735,26.31181846978717,26.89157185014735,1482000
2022-09-30,26.097558975219727,26.77522819655978,26.080106741898103,26.46499339163979,2388000
2022-10-03,26.65791893005371,26.806249961825714,26.19159779394213,26.292424285395207,1089000
2022-10-04,27.42963600158691,27.46841628579321,27.114554513566517,27.116492418289393,1052000
2022-10-05,27.414119720458984,27.5605110101489,26.93131526692559,27.080617111391767,723000
2022-10-06,27.197925567626953,27.56536000089921,27.16980931208278,27.308445288861027,1348000
2022-10-07,26.34477996826172,26.853759122686206,26.21680800317857,26.853759122686206,808000
2022-10-10,26.1004695892334,26.393254031385396,25.901723438082374,26.369015433048148,971000
2022-10-11,25.862945556640625,26.269160286548928,25.734973595087823,25.93080919547234,898000
2022-10-12,25.841615676879883,26.07235203251535,25.841615676879883,25.877485398202342,688000
2022-10-13,26.56000518798828,26.656954036707535,25.25120035314207,25.29676699622395,2252000
2022-10-14,25.97346305847168,26.810127287618077,25.944377853900573,26.736446248687415,1208000
2022-10-17,26.72191047668457,26.799469190203304,26.43591237386943,26.43591237386943,711000
2022-10-18,26.97494125366211,27.349162030793575,26.723845815358555,27.30747489947967,643000
2022-10-19,26.82855224609375,27.0321431592966,26.611386756198605,26.815948470758688,312000
2022-10-20,26.6530704498291,27.138781688471745,26.58811368162346,26.715116663686196,746000
2022-10-21,27.29390335083008,27.326866216109863,26.509590193332308,26.546430716442885,819000
2022-10-24,27.635162353515625,27.723386931464866,27.1707790633162,27.360799097577523,761000
2022-10-25,28.05301094055176,28.06367496192322,27.651642842267645,27.651642842267645,583000
2022-10-26,27.555667877197266,28.001630015108,27.499437209243577,27.499437209243577,643000
2022-10-27,27.1552677154541,27.599291902684623,27.13006016552021,27.533366171299413,508000
2022-10-28,27.875593185424805,27.917280316488185,27.078676292294464,27.078676292294464,503000
2022-10-31,27.62837600708008,27.735019922795072,27.555665759302485,27.650674851919984,663000
2022-11-01,27.36467933654785,27.90177477428263,27.295846740305254,27.90177477428263,538000
2022-11-02,26.60072326660156,27.617712599040587,26.594905854923542,27.32299024510619,983000
2022-11-03,26.146032333374023,26.39615881993274,26.146032333374023,26.307936098230936,631000
2022-11-04,26.503772735595703,26.68022003517798,26.017092469494337,26.589088604305186,726000
2022-11-07,26.790740966796875,26.83533680442972,26.473717946052677,26.588117170292573,389000
2022-11-08,26.89253807067871,27.11067251152712,26.62205062436851,26.9109574083237,327000
2022-11-09,26.265277862548828,26.781045158684066,26.2264994371566,26.746142541771263,539000
2022-11-10,27.839723587036133,27.854267115647893,27.097099395733228,27.28420887184743,831000
2022-11-11,28.190677642822266,28.221702605587137,27.734051508587314,27.864932176100407,452000
2022-11-14,27.992904663085938,28.307986113771207,27.957033089360237,28.036531553075655,598000
2022-11-15,28.20425033569336,28.554234400856867,27.93861319208219,28.498974537576512,797000
2022-11-16,28.02004623413086,28.16449961210609,27.975450398077804,28.057855707107468,313000
2022-11-17,27.995811462402344,28.07821677724567,27.72823272891592,27.764104300198696,241000
2022-11-18,28.06270217895508,28.25369114541493,27.88334803436641,28.25369114541493,415000
2022-11-21,27.858144760131836,28.014231123708036,27.788341370265258,27.95024514528336,251000
2022-11-22,28.24399757385254,28.248846032937585,27.845540037405573,27.93182485732412,683000
2022-11-23,28.497034072875977,28.53096774058288,28.240121204011807,28.240121204011807,428000
2022-11-25,28.425291061401367,28.465040289071915,28.392328197033336,28.410749382651776,61000
2022-11-28,27.986112594604492,28.31573750752858,27.929881940288222,28.20036749360356,335000
2022-11-29,27.83196449279785,28.013258382000675,27.699144094665822,27.995807999180993,398000
2022-11-30,28.891613006591797,28.891613006591797,27.765071192563507,27.82711741213812,813000
2022-12-01,28.854774475097656,28.990501745489887,28.65990783738003,28.94784381087574,592000
2022-12-02,28.76267433166504,28.81599629151968,28.42626298777427,28.42626298777427,411000
2022-12-05,28.275026321411133,28.678330521814427,28.16353393726641,28.568779740538183,393000
2022-12-06,27.762163162231445,28.25660057407066,27.638068870919163,28.22266875798667,220000
2022-12-07,27.67491149902344,27.81645618521756,27.56438992573239,27.633224364417316,503000
2022-12-08,27.91631126403809,27.969633216975613,27.640008279857515,27.76604047386372,148000
2022-12-09,27.76410484313965,28.06755330469756,27.734050682643733,27.79028134569181,182000
2022-12-12,28.138324737548828,28.138324737548828,27.77767667240379,27.779614576740304,264000
2022-12-13,28.3593692779541,29.006015442068925,28.16741133786089,28.88579879802708,782000
2022-12-14,28.2071590423584,28.622099889668895,27.945399556793895,28.284717750885928,447000
2022-12-15,27.451932907104492,27.817429478384614,27.309419255938288,27.74665712894794,886000
2022-12-16,27.09903907775879,27.38794587652538,26.986579594274698,27.28711936754839,383000
2022-12-19,26.820329666137695,27.08006972490882,26.719157494515347,27.08006972490882,508000
2022-12-20,26.83686637878418,26.955548756332337,26.679270772933105,26.70650929055121,310000
2022-12-21,27.239606857299805,27.333969388714408,26.987650585851227,26.998351166287517,824000
2022-12-22,26.776552200317383,26.96041405118092,26.36894670687905,26.96041405118092,356000
2022-12-23,26.89912223815918,26.917606576132496,26.551831178285138,26.68413279949686,490000
2022-12-27,26.68024444580078,26.843675548712007,26.650087251027667,26.843675548712007,408000
2022-12-28,26.362138748168945,26.823249032428915,26.362138748168945,26.63452394377062,361000
2022-12-29,26.892314910888672,26.95262929972419,26.597554451403592,26.597554451403592,1175000
2022-12-30,26.84756851196289,26.859243223322615,26.54988934907932,26.6510615219338,546000
2023-01-03,26.68802833557129,27.135519353793747,26.48082076388819,26.998354483779497,364000
2023-01-04,26.758068084716797,26.90885219768295,26.48081784195703,26.78433432687998,445000
2023-01-05,26.42050552368164,26.616040233233345,26.37964774622127,26.593664940844853,309000
2023-01-06,26.999324798583984,27.06839522112262,26.33976117498315,26.57809820050599,422000
2023-01-09,27.014888763427734,27.475026704819925,26.983759296507007,27.162756050657062,284000
2023-01-10,27.172483444213867,27.190967783501183,26.91177113454496,26.93706510294134,371000
2023-01-11,27.603437423706055,27.603437423706055,27.267819204942978,27.269763752918497,256000
2023-01-12,27.69780158996582,27.789245448303134,27.361209221850608,27.54312466448005,282000
2023-01-13,27.844696044921875,27.868043611480218,27.49059530567097,27.49059530567097,271000
2023-01-17,27.831077575683594,27.98283583487791,27.779519215167724,27.827186623727577,294000
2023-01-18,27.41082191467285,28.010071122926167,27.39233943114261,27.93224652632853,488000
2023-01-19,27.27657890319824,27.415690186480127,27.159842914557043,27.238639799664107,200000
2023-01-20,27.862207412719727,27.864151960851295,27.313542395585568,27.406932659476876,492000
2023-01-23,28.236736297607425,28.38265904501679,27.89041747973233,27.92835657764545,329000
2023-01-24,28.189069747924805,28.241602235463272,27.819403353470108,28.027585044514225,248000
2023-01-25,28.162803649902344,28.20074274666306,27.6929355347309,27.865122664397745,332000
2023-01-26,28.58889389038086,28.58889389038086,28.251329254985773,28.40892299944867,447000
2023-01-27,28.73870849609375,28.928405856499783,28.534419601959545,28.534419601959545,257000
2023-01-30,28.2814884185791,28.635591014493546,28.26981370751862,28.48675143686676,390000
2023-01-31,28.69979476928711,28.69979476928711,28.30775309510978,28.30775309510978,235000
2023-02-01,29.06654357910156,29.27958849740225,28.42351787240862,28.6929862303892,984000
2023-02-02,29.761127471923828,29.868135133079345,29.43037247093096,29.539326535591737,434000
2023-02-03,29.48193359375,29.90996984501385,29.326284385196768,29.326284385196768,466000
2023-02-06,29.274723052978516,29.40216145576751,29.169659940647467,29.240674908032563,192000
2023-02-07,29.781558990478516,29.82727999430215,29.223167504269064,29.223167504269064,434000
2023-02-08,29.376869201660156,29.713461574745203,29.32920179595491,29.6424466032171,217000
2023-02-09,29.101564407348633,29.65606490286713,29.019847001869085,29.65606490286713,216000
2023-02-10,29.064594268798828,29.090858652955113,28.88170472071457,29.04027257699236,199000
2023-02-13,29.44399642944336,29.45956209351612,29.12977931388709,29.13756121818095,285000
2023-02-14,29.509166717529297,29.624930400935995,29.186195503796004,29.298068236022964,418000
2023-02-15,29.55975914001465,29.574350673942465,29.286399814491283,29.366170824997987,497000
2023-02-16,29.083080291748047,29.482903867576734,29.083080291748047,29.163823568336166,320000
2023-02-17,28.97218132019043,29.003310790303253,28.7387075111169,28.928404865021335,176000
2023-02-21,28.377796173095703,28.75232766666691,28.377796173095703,28.614188667281805,276000
2023-02-22,28.377796173095703,28.529554432047583,28.28440775984567,28.395306384612276,338000
2023-02-23,28.56749153137207,28.672556504080177,28.260084083056597,28.6297523246615,446000
2023-02-24,28.20755386352539,28.2523025916928,28.016882384684276,28.16474968348252,247000
2023-02-27,28.346668243408203,28.5003729144354,28.297054428509288,28.41768322293721,256000
2023-02-28,28.26592445373535,28.446867642163713,28.210475139321673,28.312619589812673,174000
2023-03-01,28.084009170532227,28.241604791928513,28.02564117780528,28.237713839811388,206000
2023-03-02,28.28441047668457,28.299002011769137,27.90890481744327,27.90890481744327,145000
2023-03-03,28.830154418945312,28.830154418945312,28.426439827945668,28.426439827945668,153000
2023-03-06,28.936189651489254,29.165772516885216,28.912842084204502,28.963428170740645,204000
2023-03-07,28.510095596313477,28.926458965757835,28.49745046733273,28.905055948473475,244000
2023-03-08,28.523717880249023,28.58597867965533,28.37196147250523,28.550958255635223,3716000
2023-03-09,28.071359634399418,28.77080872964569,28.006180166340716,28.549980068419945,343000
2023-03-10,27.78729820251465,28.236735577247988,27.67737186322655,28.000344962980844,1480000
2023-03-13,27.90792465209961,28.263973593563087,27.522692648718692,27.522692648718692,628000
2023-03-14,28.46048355102539,28.48285698679276,28.113190604764497,28.25619281861347,403000
2023-03-15,28.486751556396484,28.503287637993367,28.053850225462075,28.146268218300673,1086000
2023-03-16,29.08502960205078,29.089892828199496,28.35542321773439,28.367096073782303,752000
2023-03-17,28.904081344604492,29.19592310491983,28.76886104448407,29.11809851180343,429000
2023-03-20,29.057907104492188,29.070595771324157,28.798288343285265,28.918337354141073,697000
2023-03-21,29.484424591064453,29.499066075901425,29.16038889174109,29.227732275590743,342000
2023-03-22,29.08523178100586,29.825052078506257,29.08523178100586,29.51858246363249,531000
2023-03-23,29.313617706298828,29.67669482019524,29.092061269591223,29.378034643628833,472000
2023-03-24,29.450260162353516,29.451235640674575,29.05692645338383,29.208209365141347,446000
2023-03-27,29.392681121826172,29.617164045767677,29.349735866386844,29.54396406357817,511000
2023-03-28,29.256038665771484,29.26872733242669,29.125251946895084,29.23554244806699,401000
2023-03-29,29.65815162658691,29.67181576995305,29.48051776282718,29.51858189626142,229000
2023-03-30,29.859209060668945,29.86018453893212,29.74403933122295,29.77331857191617,532000
2023-03-31,30.307201385498047,30.307201385498047,29.90801107981319,29.91289219466207,366000
2023-04-03,30.4233455657959,30.43213045526501,30.157870264326935,30.157870264326935,223000
2023-04-04,30.359909057617188,30.522903306534374,30.28573174432793,30.50533352580798,405000
2023-04-05,30.27402114868164,30.37357580158663,30.126643849483298,30.37357580158663,398000
2023-04-06,30.476049423217773,30.500449410426175,30.11297232661362,30.22130998249064,166000
2023-04-10,30.393091201782227,30.396994976853396,30.107119665619717,30.264257316433937,208000
2023-04-11,30.250591278076172,30.448723208727113,30.250591278076172,30.448723208727113,211000
2023-04-12,30.120784759521484,30.472150589411964,30.080767805979512,30.38333179194076,221000
2023-04-13,30.68687438964844,30.69468194036068,30.210578425800115,30.210578425800115,475000
2023-04-14,30.6585636138916,30.773733337770956,30.4584807452266,30.681010782458134,338000
2023-04-17,30.69272804260254,30.69272804260254,30.49264514737201,30.617575254797885,223000
2023-04-18,30.708343505859375,30.82253776803567,30.60976620539605,30.807898146279705,1180000
2023-04-19,30.700536727905273,30.737625384006407,30.53266322786854,30.56487076886165,237000
2023-04-20,30.470195770263672,30.627333415717747,30.356978850661964,30.356978850661964,261000
2023-04-21,30.550230026245117,30.558037576211643,30.39601881400696,30.550230026245117,184000
2023-04-24,30.53168296813965,30.618548937395826,30.37942458316916,30.618548937395826,444000
2023-04-25,30.085647583007812,30.478003965787423,30.068077803014766,30.38040400547006,138000
2023-04-26,30.135427474975582,30.404808468633995,30.11590859700049,30.31013492945407,168000
2023-04-27,30.848894119262695,30.866462039707393,30.369669843709367,30.369669843709367,322000
2023-04-28,31.072397232055664,31.072397232055664,30.778616294506715,30.868410564378102,388000
2023-05-01,31.059709548950195,31.186590615500364,31.021645415145137,31.021645415145137,1051000
2023-05-02,30.78057098388672,31.07142178091612,30.59219940449252,31.07142178091612,433000
2023-05-03,30.59708023071289,30.98358189297853,30.596102890729412,30.753242405672747,442000
2023-05-04,30.407733917236328,30.53071121416019,30.32477171261308,30.507286701184213,674000
2023-05-05,31.025548934936523,31.096797948539244,30.66149631687329,30.764952870630704,902000
2023-05-08,31.0850887298584,31.104607606305137,30.95820579415437,31.047022732187163,264000
2023-05-09,30.910381317138672,31.00212655212183,30.910381317138672,31.00212655212183,232000
2023-05-10,31.15047836303711,31.232463221566544,30.90647474411862,31.08801237920525,312000
2023-05-11,31.18659210205078,31.236371286599308,31.016765778579433,31.094846868239824,433000
2023-05-12,31.10851287841797,31.307620320555323,30.910382776350005,31.307620320555323,556000
2023-05-15,31.159259796142575,31.18463712435012,31.05580324994203,31.18463712435012,335000
2023-05-16,31.151456832885746,31.278339769404017,31.032383308596323,31.032383308596323,291000
2023-05-17,31.50379943847656,31.522344698977324,31.180739213417116,31.318358003069697,483000
2023-05-18,31.86101722717285,31.88248891993818,31.493057122386208,31.548692895750573,554000
2023-05-19,31.828811645507812,31.952764425343975,31.742921140940936,31.940075759187497,347000
2023-05-22,31.828811645507812,31.94788703313007,31.77805698088188,31.839549354778732,378000
2023-05-23,31.49110412597656,31.77610015301947,31.465726798352332,31.69606625709657,230000
2023-05-24,31.354467391967773,31.47646921061356,31.23441653013871,31.40229189637772,449000
2023-05-25,31.868824005126953,31.955689975609857,31.66288638739303,31.861016455510452,552000
2023-05-26,32.4095458984375,32.46224780387818,31.913730988820408,31.97131401033546,418000
2023-05-30,32.469078063964844,32.67404397243542,32.37342904417212,32.67404397243542,392000
2023-05-31,32.32462692260742,32.445653268742255,32.20848169195228,32.367570313868086,365000
2023-06-01,32.667205810546875,32.75309258272702,32.2875362377058,32.295343787613106,346000
2023-06-02,33.01759338378906,33.07029900120599,32.79506517371736,32.92487453732581,1072000
2023-06-05,32.96976852416992,33.2069400767764,32.89754589379582,33.067372207810344,735000
2023-06-06,32.993194580078125,33.021498344941584,32.835077731061915,32.95903422193261,1361000
2023-06-07,32.619380950927734,33.13471647114175,32.576433842110085,33.01759205422058,1374000
2023-06-08,32.91413879394531,32.940491604227105,32.58619932946095,32.58619932946095,927000
2023-06-09,33.02150344848633,33.24696184709182,32.982461969371855,33.049807217724194,219000
2023-06-12,33.422645568847656,33.422645568847656,33.070304216403294,33.21182678913363,698000
2023-06-13,33.57685089111328,33.61784332096642,33.41775856344526,33.61296220602206,790000
2023-06-14,33.701778411865234,33.731061377701245,33.39628615124087,33.6461463615764,384000
2023-06-15,34.11170959472656,34.21809259035097,33.60125141861283,33.64712496668578,594000
2023-06-16,33.9555549621582,34.38207368748575,33.932128582104944,34.38207368748575,262000
2023-06-20,33.893497467041016,33.96396244471936,33.68993861284821,33.768232202881066,238000
2023-06-21,33.5822868347168,33.834781049614406,33.52846092481359,33.834781049614406,301000
2023-06-22,33.875885009765625,33.899370847513595,33.42668243036256,33.42668243036256,547000
2023-06-23,33.64687728881836,33.79856644353237,33.560755091779136,33.6175190610011,366000
2023-06-26,33.23976516723633,33.69092026755115,33.233892774041614,33.5969731761684,270000
2023-06-27,33.64002990722656,33.68015481336207,33.32588489406219,33.32686300398102,240000
2023-06-28,33.68406677246094,33.81031388182317,33.53531193555502,33.57445873121319,448000
2023-06-29,33.75257110595703,33.76138156140796,33.58718093757279,33.673303139605565,329000
2023-06-30,34.22624588012695,34.28104991285748,34.008007859325765,34.109787310574575,318000
2023-07-03,34.253639221191406,34.277128791123786,34.18513419762827,34.249726781698534,632000
2023-07-05,34.263427734375,34.376948211396474,34.11075672977774,34.11075672977774,590000
2023-07-06,34.01387023925781,34.05399514187158,33.82596862050491,33.927748041788796,367000
2023-07-07,33.82402038574219,34.189057034772915,33.82402038574219,33.96885907333112,523000
2023-07-10,33.715389251708984,33.80346768654101,33.517702761662754,33.80346768654101,323000
2023-07-11,33.84946060180664,33.88566933442535,33.61653978143199,33.75061550297733,710000
2023-07-12,34.22330856323242,34.33585094923518,34.083360430011254,34.13131395446576,595000
2023-07-13,34.606937408447266,34.66761383099209,34.41512330702887,34.499285570601785,480000
2023-07-14,34.678382873535156,34.91130001257367,34.60889598927608,34.727314512281396,569000
2023-07-17,34.84963607788086,34.908352535244404,34.66369067424636,34.68326407111545,215800
2023-07-18,35.11387252807617,35.23130918003468,34.722412043889356,34.8104904661692,533900
2023-07-19,35.18238067626953,35.3585375364682,35.113875645441624,35.23131230782601,469000
2023-07-20,34.722412109375,35.1921624513388,34.653907084499686,35.016005606446896,542700
2023-07-21,34.69305419921875,34.927927505742275,34.673480801467804,34.927927505742275,403700
2023-07-24,34.87899398803711,34.95728757479847,34.722410547758074,34.79091556955242,372100
2023-07-25,35.025794982910156,35.1432316378095,34.898569762376894,34.92792799279075,281700
2023-07-26,34.97686004638672,35.09429669017899,34.80070321407651,34.90835129316066,384300
2023-07-27,34.79090881347656,35.446604408919974,34.72240380498526,35.33895261464994,462900
2023-07-28,35.29003143310547,35.37810986052792,35.0551543822309,35.06494294819122,297000
2023-07-31,35.338958740234375,35.36831696803584,35.21173353102201,35.329170175471475,350100
2023-08-01,35.23130798339844,35.29002817400518,35.1334447322976,35.280239608948854,577200
2023-08-02,34.624542236328125,34.96706729523146,34.53646383071825,34.96706729523146,578200
2023-08-03,34.59518814086914,34.751771593843955,34.4092464571003,34.45817808617168,390900
2023-08-04,34.448394775390625,34.96707678629889,34.39946314415772,34.80070849345819,463200
2023-08-07,34.73220443725586,34.73220443725586,34.448395741602894,34.58540580619556,362900
2023-08-08,34.60498046875,34.63433870273575,34.350529996725555,34.55604883435896,358400
2023-08-09,34.233097076416016,34.65391589810288,34.16459203411767,34.61476909300531,508800
2023-08-10,34.272239685058594,34.741990088976564,34.16458785084408,34.467969953335505,317100
2023-08-11,34.22330856323242,34.30159843176768,34.02757829202767,34.09608332696267,445300
2023-08-14,34.546260833740234,34.546260833740234,34.10586865051414,34.12544205124024,221800
2023-08-15,34.193946838378906,34.526687181812804,34.1254418029582,34.44839731272247,240800
2023-08-16,33.91013717651367,34.311382499914615,33.91013717651367,34.10586368881156,341900
2023-08-17,33.675262451171875,34.0667229691775,33.60675742050752,34.01778760449366,319500
2023-08-18,33.62633514404297,33.733986987000634,33.303379615169966,33.401246623879054,544400
2023-08-21,34.037357330322266,34.076504124546844,33.65568541974206,33.77312206917202,408500
2023-08-22,33.949283599853516,34.25266569713897,33.89056713364905,34.25266569713897,374800
2023-08-23,34.39946365356445,34.47775351804763,34.00800313141594,34.00800313141594,381600
2023-08-24,33.851417541503906,34.66369303402752,33.83184414330233,34.64412336906992,497400
2023-08-25,34.096073150634766,34.21350978500967,33.645896274494895,33.949274557733666,421100
2023-08-28,34.291812896728516,34.3309596968176,34.066724396082776,34.28202433008408,257100
2023-08-29,34.88877868652344,34.908348347801315,34.26244126157623,34.272229825458446,304200
2023-08-30,35.04536437988281,35.104080834006986,34.83006075944479,34.9377125696638,329200
2023-08-31,35.07472610473633,35.260667783411584,35.03557930925399,35.11387290021867,357900
2023-09-01,35.06494903564453,35.31939579612482,34.93772378878202,35.31939579612482,439400
2023-09-05,35.09430694580078,35.172596820126444,34.9866551020139,35.08451837823215,506000
2023-09-06,34.74198913574219,35.02579783029448,34.54625887283564,35.02579783029448,504200
2023-09-07,34.60498046875,34.65391210314104,34.321171762739816,34.40925019794145,655700
2023-09-08,34.69305419921875,34.82027941797793,34.59518721046403,34.61476060821498,237900
2023-09-11,35.055152893066406,35.064941458610896,34.800706187568416,34.986647867230644,360100
2023-09-12,34.73220443725586,34.94750436736822,34.67348423818289,34.89857273476288,226600
2023-09-13,34.87899398803711,34.97686097148881,34.68326375437739,34.71262571603475,247200
2023-09-14,35.11387252807617,35.18237755282229,34.89856888844904,35.08451056515366,267700
2023-09-15,34.614768981933594,35.0649497726215,34.57562591020643,35.0649497726215,306300
2023-09-18,34.67068099975586,34.739354940866555,34.54314207664352,34.56276373731074,245900
2023-09-19,34.611820220947266,34.66087624979713,34.366555046496224,34.57258063729677,185400
2023-09-20,34.14091110229492,34.67068477058119,34.11148047931774,34.6510631077799,1009700
2023-09-21,33.591514587402344,33.915262620021615,33.581701886215996,33.84658868151301,373400
2023-09-22,33.552276611328125,33.87602469550981,33.493411622181654,33.728867836317974,444000
2023-09-25,33.70924377441406,33.70924377441406,33.36587030916952,33.44435695577946,629300
2023-09-26,33.17947006225586,33.47378750148024,33.10098715827236,33.43454792071313,793700
2023-09-27,33.15985107421875,33.307011676920666,32.84591194807428,33.22852502415975,851900
2023-09-28,33.33643341064453,33.483593974103094,33.02249436821828,33.06173768413371,395200
2023-09-29,33.31681442260742,33.6699968092522,33.20889716641609,33.65037514972205,475200
2023-10-02,33.56208419799805,33.611136482387714,33.26776674921065,33.2873884114564,571300
2023-10-03,33.071556091308594,33.51303416537768,32.95382985237339,33.39530792644248,676800
2023-10-04,33.40511703491211,33.44436036221416,33.08136894079438,33.12060852564675,733500
2023-10-05,33.40511703491211,33.454169322814835,33.11079956504608,33.37568641066041,530300
2023-10-06,33.85639953613281,33.944695139509506,33.0911734685009,33.169660112590925,424300
2023-10-09,33.983943939208984,34.05261789263229,33.56208751535167,33.63076146877498,358200
2023-10-10,34.10166931152344,34.35674719697111,33.993755774933696,34.02318639923548,482400
2023-10-11,34.31749725341797,34.33711891331946,34.06242315959657,34.25863227371351,1060700
2023-10-12,34.239017486572266,34.51371326540929,34.0329919099952,34.36655267391842,801900
2023-10-13,33.9741325378418,34.43522851449733,33.836784640861445,34.37636726861976,440000
2023-10-16,34.30768585205078,34.36654708511547,34.07222969244593,34.101660308978275,507100
2023-10-17,34.199771881103516,34.337119761357094,33.817158859697386,34.03298963904627,548500
2023-10-18,33.787723541259766,34.19977091280323,33.669997324725465,34.062423036438396,410700
2023-10-19,33.552276611328125,34.03299425745084,33.51303328523048,33.83678511186172,901300
2023-10-20,33.14022445678711,33.56208079618834,33.120602796530186,33.56208079618834,697500
2023-10-23,33.17947006225586,33.45416583987204,32.83610034023563,32.98325718862318,997600
2023-10-24,33.42473602294922,33.49340996900569,33.179470860619126,33.33644041481241,377100
2023-10-25,32.88515090942383,33.29719455437698,32.826285927666625,33.287385595308656,524400
2023-10-26,32.24746322631836,32.73799356209877,32.13954595365475,32.72818460206093,703000
2023-10-27,32.25727844238281,32.54178321504327,32.11993053645368,32.44367863722238,527900
2023-10-30,32.72817611694336,32.79685004675223,32.46328935520263,32.4730983126974,619400
2023-10-31,32.8557243347168,32.885154957994125,32.551594171869354,32.708563733431035,459200
2023-11-01,33.34625244140625,33.41492638607124,32.95382669264979,32.96363565226652,672700
2023-11-02,33.93488693237305,33.944695891877124,33.620947833952975,33.67981281832521,793400
2023-11-03,34.14091110229492,34.258637336653145,33.96431987953283,34.0231848679367,506500
2023-11-06,34.36655044555664,34.36655044555664,34.17034132622362,34.19977194563376,526900
2023-11-07,34.611820220947266,34.67068521009736,34.327315462845725,34.44504169869635,872000
2023-11-08,34.70011520385742,34.739358529245465,34.48428439912219,34.651062918347115,989200
2023-11-09,34.405792236328125,34.79821794244055,34.35673995867629,34.76878358189033,542500
2023-11-10,35.01405334472656,35.02386604702442,34.48428343657329,34.57257904500707,481800
2023-11-13,34.97481155395508,35.0532944551342,34.75897702642648,34.896324910326804,822200
2023-11-14,35.52420425415039,35.632121521452554,35.367234704197045,35.46534301194868,1291800
2023-11-15,35.563446044921875,35.68117226670207,35.43590712156468,35.67136330757419,874300
2023-11-16,35.681175231933594,35.681175231933594,35.44572276880627,35.50458401336339,651400
2023-11-17,35.6517448425293,35.710609829920344,35.49477528526929,35.70079712746377,473200
2023-11-20,35.995113372802734,36.06378731789864,35.62231302583907,35.6713653091291,606500
2023-11-21,35.8871955871582,35.916626205149285,35.749843970819086,35.90681350418634,702900
2023-11-22,36.03435516357422,36.2207553291269,35.91662894019616,36.03435516357422,965500
2023-11-24,35.98530960083008,36.04417459473379,35.91663564583402,36.014740226557,443100
2023-11-27,35.94606399536133,36.06379023326414,35.90682066857718,35.9656856587534,448800
2023-11-28,36.03435516357422,36.09322014648783,35.847954998021535,35.89700727922496,1017600
2023-11-29,35.90681457519531,36.2403753113561,35.87738395632639,36.1913230324249,593100
2023-11-30,35.90681457519531,35.9754885141888,35.66154943809029,35.96567955538215,481600
2023-12-01,35.92643737792969,35.99511131910741,35.700793893710156,35.84795447763334,885000
2023-12-04,35.622310638427734,35.65174125793944,35.37704549596597,35.632119597448614,1797000
2023-12-05,35.808712005615234,35.88719865022234,35.50458187143652,35.514394573237006,1110700
2023-12-06,35.563446044921875,36.01473301378689,35.53401542508911,35.975489692377124,695800
2023-12-07,35.93624496459961,36.0049188960028,35.740032128112546,35.749841085835044,591600
2023-12-08,36.14227294921875,36.16189461047309,35.828333854047735,35.85776447470464,787300
2023-12-11,36.11284637451172,36.11284637451172,35.847959531575,36.0049290967468,627500
2023-12-12,36.31886291503906,36.31886291503906,35.9656805094471,36.024545491195454,409300
2023-12-13,36.662235260009766,36.68185692200596,36.27962220720735,36.30905282897697,687200
2023-12-14,36.56413650512695,36.789780040280014,36.299249639742946,36.7112933798181,837000
2023-12-15,36.67204666137695,36.77015122542854,36.48564275025002,36.49545545212472,918100
2023-12-18,36.98476028442383,37.07326424653513,36.72908050442203,36.72908050442203,1120500
2023-12-19,37.15193557739258,37.171603543045386,36.97492763779819,37.01426356910381,811500
2023-12-20,36.699581146240234,37.299440928713864,36.67991318191381,37.18143689403597,699300
2023-12-21,37.03392791748047,37.03392791748047,36.71924800033357,36.96509192005962,590000
2023-12-22,37.00442886352539,37.19126889718613,36.88642107789487,37.08309696933179,1041800
2023-12-26,37.1421012878418,37.20110518133332,37.02409725213942,37.08309739435028,647500
2023-12-27,37.2109375,37.22076960666429,37.07326549901588,37.14210149950794,664700
2023-12-28,37.2109375,37.3092735717656,37.17160157078148,37.2601055358828,803900
2023-12-29,37.09293365478515,37.24043776319373,36.915925723670306,37.22076979848311,517300
2024-01-02,36.77824783325195,36.876583889779326,36.55206815093482,36.807747899954144,1885500
2024-01-03,36.59141159057617,36.73891945694803,36.542243552212504,36.57174362497453,973800
2024-01-04,36.39473342895508,36.72908132088786,36.3849013224044,36.5324091796291,825800
2024-01-05,36.47340774536133,36.67991575837328,36.34556784390022,36.47340774536133,1137300
2024-01-08,37.10276412963867,37.12243209348425,36.5324081832391,36.5324081832391,750000
2024-01-09,37.161766052246094,37.230602046418234,36.896254181319144,36.96509017549128,693900
2024-01-10,37.476444244384766,37.52561227350971,37.18143231835494,37.20110028026095,644200
2024-01-11,37.505950927734375,37.69279472316104,37.132267088161875,37.61412286165911,1003200
2024-01-12,37.53544998168945,37.63378980589856,37.407613837138705,37.545285839750726,541800
2024-01-16,37.476444244384766,37.60428412113375,37.29943633851084,37.44694417716583,814900
2024-01-17,37.26994323730469,37.309275417188005,37.04376350875109,37.2502752717226,809100
2024-01-18,37.71245193481445,37.73211989653799,37.378104088074565,37.496111858415794,947500
2024-01-19,38.26314926147461,38.282817226103504,37.771461399594294,37.84029740015509,1224000
2024-01-22,38.272979736328125,38.469655622950846,38.26314763007323,38.44015555290562,1309600
2024-01-23,38.49915313720703,38.49915313720703,38.253309257023794,38.35164530858512,806200
2024-01-24,38.70567321777344,38.98101724939904,38.66633728431804,38.735173292224445,1198100
2024-01-25,38.80400466918945,38.91217659764181,38.56799659918489,38.80400466918945,981000
2024-01-26,38.73517227172851,38.882680142659545,38.65650415817135,38.69583633930944,695400
2024-01-29,39.07935333251953,39.08918543929923,38.7351695747384,38.80400557603848,1418400
2024-01-30,38.9711799621582,39.10885195967352,38.90234396340055,39.06951603144612,931700
2024-01-31,38.17464828491211,38.764672264848166,38.17464828491211,38.65650407784197,1548000
2024-02-01,38.70567321777344,38.70567321777344,38.331989352509346,38.361489426960354,1179200
2024-02-02,39.423526763916016,39.53169867685531,38.82366706582002,38.90233891205954,1312200
2024-02-05,39.39403533935547,39.521871490618835,39.16785935871922,39.45303548569827,1338700
2024-02-06,39.44320297241211,39.56120701516403,39.22685910129952,39.50220311814763,1149400
2024-02-07,39.86605072021485,39.86605072021485,39.60053883810818,39.63003890791542,865600
2024-02-08,39.86605072021485,39.91521875365375,39.777546759512624,39.90538664747817,1083700
2024-02-09,40.20039367675781,40.22006163798108,39.92504597091205,39.98404985458186,1139100
2024-02-12,40.02338790893555,40.33806780270972,39.974219878898374,40.19055996131797,1156500
2024-02-13,39.541534423828125,39.75787826963229,39.29569050860719,39.53170231778269,1442600
2024-02-14,39.92505645751953,39.95456028274385,39.52187252474335,39.84638834324373,1369600
2024-02-15,40.07255935668945,40.07255935668945,39.767711542410694,39.925051502717025,1039100
2024-02-16,39.836551666259766,40.11189943877264,39.74804769496651,40.10206358013953,985300
2024-02-20,39.52186965942383,39.77754945266581,39.28586158242589,39.70871345093468,1187400
2024-02-21,39.551368713378906,39.56120081903461,39.22685295753613,39.423528832172934,1264900
2024-02-22,40.67242431640625,40.69209228286375,40.20040437526944,40.30857631514515,1781300
2024-02-23,40.62324905395508,40.937928958769575,40.54457720211127,40.888760927007375,1204600
2024-02-26,40.45608139038086,40.77076135855711,40.44624928256084,40.711761209074766,992800
2024-02-27,40.48556900024414,40.51507281718267,40.26922893328141,40.49540485631697,1314300
2024-02-28,40.377410888671875,40.42657892742959,40.249570986877096,40.377410888671875,836400
2024-02-29,40.593753814697266,40.70192575820801,40.27907384336482,40.53475366462315,1142000
2024-03-01,41.02643585205078,41.046103816419055,40.62325196070285,40.62325196070285,890200
2024-03-04,40.83959197998047,41.02643576544428,40.81992401565372,40.87892790863397,966400
2024-03-05,40.29873275756836,40.6330806209096,40.11189273883778,40.6330806209096,1105500
2024-03-06,40.505245208740234,40.72158907103461,40.37740906400331,40.63308510475789,1025500
2024-03-07,41.01659393310547,41.08542992258203,40.623245957707965,40.770750041752,1062900
2024-03-08,40.58391571044922,41.360783416078434,40.54457978202431,41.065767704172224,1870800
2024-03-11,40.544578552246094,40.62325040670967,40.35773852481582,40.505242625014304,1050700
2024-03-12,41.22311019897461,41.23294605732536,40.54458227272491,40.83959425147344,1477100
2024-03-13,41.06576156616211,41.2034372950712,40.94775754980579,41.2034372950712,2017400
2024-03-14,41.1051025390625,41.252610391091395,40.87892658355723,41.22310656991731,1565100
2024-03-15,40.66258239746094,40.829758211794385,40.53474626146059,40.74125425156621,1351400
2024-03-18,41.01737594604492,41.34259962491637,40.98781152413429,41.12578383900207,798100
2024-03-19,41.2538948059082,41.273605669945994,40.751277171601785,40.93852850022935,888200
2024-03-20,41.648101806640625,41.648101806640625,41.16519878425902,41.26374934734747,1155800
2024-03-21,41.59882354736328,41.914189838027326,41.57911268426394,41.914189838027326,967200
2024-03-22,41.67766952514648,41.7860773990303,41.51998637025993,41.60868337985005,822500
2024-03-25,41.529842376708984,41.61853939154029,41.39187007796322,41.49042064579214,1212900
2024-03-26,41.4017219543457,41.687523852724134,41.36230398448832,41.687523852724134,728500
2024-03-27,41.57911682128906,41.62839586367194,41.283461364307335,41.62839586367194,943500
2024-03-28,41.519989013671875,41.62839689445759,41.44114555147747,41.519989013671875,979100
2024-04-01,41.54955291748047,41.74665781106124,41.38201620158787,41.608685513393645,1403000
2024-04-02,41.31302261352539,41.33273347707413,41.03707804276869,41.145485912555344,1111400
2024-04-03,41.2933235168457,41.490424671628375,41.175058312619846,41.204626493408085,861400
2024-04-04,40.76113510131836,41.697380480261586,40.741424236981736,41.588972606141645,1726500
2024-04-05,41.244041442871094,41.42143547673205,40.859688955993434,40.93853241969309,1631400
2024-04-08,41.224327087402344,41.38201022761093,41.13563008606861,41.31302032927348,862700
2024-04-09,41.26374816894531,41.382013352629656,40.83997399273364,41.382013352629656,1297100
2024-04-10,41.03708267211914,41.10606882259057,40.82026690808708,40.87939950540398,1457400
2024-04-11,41.57911682128906,41.64810296926936,40.91881975934531,41.1849107984678,1111100
2024-04-12,40.9582405090332,41.372157387006915,40.85968618608969,41.244038646911854,1168000
2024-04-15,40.34721755981445,41.31302742951318,40.337364006622835,41.27360945728344,1617200
2024-04-16,40.33736038208008,40.58374054382771,40.21909895709083,40.40634652661239,1184700
2024-04-17,40.05155563354492,40.59359119880993,39.93329421699646,40.583737647207,1108400
2024-04-18,39.9530143737793,40.32750957321058,39.89388177201795,40.110697552346025,1035400
2024-04-19,39.26314926147461,39.90373929242399,39.17445223810414,39.87417111165814,1837100
2024-04-22,39.67706680297851,39.89388258773989,39.27300341467279,39.489819199434166,2249700
2024-04-23,40.21910095214844,40.22895450494344,39.82489117001238,39.91358818301984,1033200
2024-04-24,40.17967987060547,40.42606004855169,40.01213939468119,40.396495630226354,981400
2024-04-25,39.94314956665039,39.99242860527132,39.34198138631808,39.44053570409713,1688100
2024-04-26,40.583740234375,40.71185897015648,40.31764921058095,40.45562149859352,939600
2024-04-29,40.62316131591797,40.761133601735416,40.40634557565464,40.731569186049626,692700
2024-04-30,39.97271728515625,40.70200043107738,39.97271728515625,40.56402814722542,1120200
2024-05-01,39.92344665527344,40.59360111180484,39.86431781229121,40.051565414174206,2023100
2024-05-02,40.34721755981445,40.42606102320043,39.90373623638971,40.20924525835225,885200
2024-05-03,41.02722930908203,41.0765045940095,40.71186297419032,40.98780757735475,1582700
2024-05-06,41.5101318359375,41.5101318359375,41.096214936462594,41.16520108637508,1162200
2024-05-07,41.490421295166016,41.61854004291938,41.4017242789465,41.52984302669986,877500
2024-05-08,41.500274658203125,41.55940349041336,41.303169778755624,41.36230237042874,895800
2024-05-09,41.60868835449219,41.638252774735896,41.38201902720912,41.5101340212408,1207900
2024-05-10,41.67766952514648,41.82549536815472,41.51998637025993,41.71709125373386,1021000
2024-05-13,41.70723342895508,41.78607688516025,41.58897200411023,41.75650870935185,1099400
2024-05-14,41.98318099975586,42.02260273066885,41.65796111838168,41.69738284929466,884400
2024-05-15,42.564640045166016,42.5744973580132,42.052168801549335,42.16057668608831,1334500
2024-05-16,42.47594451904297,42.74203558331463,42.44638009838949,42.604063274313795,1250400
2024-05-17,42.49565124511719,42.56463739289548,42.30840366678513,42.56463739289548,986600
2024-05-20,42.574493408203125,42.73217656395909,42.49564995059365,42.535071679398385,794500
2024-05-21,42.781455993652344,42.79130954707752,42.50551138418744,42.54492935735147,862000
2024-05-22,42.68290328979492,42.80116472230724,42.46608753063636,42.781453856978,1077800
2024-05-23,42.54492950439453,43.09682248469512,42.397103645726,43.09682248469512,1534300
2024-05-24,42.89972305297851,42.939144790771095,42.60406753846186,42.712475437659535,760700
2024-05-28,43.215084075927734,43.215084075927734,42.88986417813933,43.04754735028654,1304400
2024-05-29,42.98841094970703,43.09681882587172,42.81101692679446,42.86029596829698,1906800
2024-05-30,42.44637680053711,42.801164858667555,42.32811536764802,42.801164858667555,1753500
2024-05-31,42.64348220825195,42.68290393951053,41.9141952178213,42.584349611364104,1753500
2024-06-03,42.93913650512695,42.99826910040544,42.47594057410322,42.8701503570336,1619900
2024-06-04,43.037689208984375,43.0869682538959,42.73218018352741,42.85044162049581,993900
2024-06-05,43.688140869140625,43.688140869140625,43.1953804465758,43.32349544962881,3921600
2024-06-06,43.75712203979492,43.845819056124824,43.57972800713512,43.77682914612313,2119100
2024-06-07,43.737403869628906,43.98378401168039,43.59943159159409,43.737403869628906,1746200
2024-06-10,43.85567092895508,43.8753817939913,43.56986902512445,43.717698633164595,1609700
2024-06-11,44.17103576660156,44.17103576660156,43.61914284251839,43.78668330996593,1500000
2024-06-12,44.59481430053711,44.87075890975525,44.43713112963197,44.54553901452863,2486100
2024-06-13,44.89046478271485,44.93974006324225,44.5849557877672,44.92988651092193,1701100
2024-06-14,45.03829574584961,45.03829574584961,44.732782982199446,44.80176912891673,1805700
2024-06-17,45.35365676879883,45.54090432239699,44.929882625873304,45.04814404080569,2354700
2024-06-18,45.45222091674805,45.45222091674805,45.25511599326207,45.40294562574248,2418100
2024-06-20,45.22554397583008,45.63946462158733,45.028439085443914,45.60004289161748,2778800
2024-06-21,45.0678596496582,45.324097128371136,45.00872705623299,45.16641397203356,1194200
2024-06-24,44.726173400878906,45.21994876516185,44.69654431732113,45.022437866007266,2442200
2024-06-25,45.180442810058594,45.21006812442786,44.815050119745976,44.86442689943035,2195400
2024-06-26,45.417457580566406,45.45695674481946,45.111315512562214,45.14094082755373,2404600
2024-06-27,45.476707458496094,45.57546478551278,45.289074187974634,45.41745682949291,1513100
2024-06-28,45.180442810058594,45.90135434162968,45.13106603037421,45.585338431001446,2279700
2024-07-01,45.55570983886719,45.595208999448616,45.071808391480914,45.31869603934591,1878500
2024-07-02,45.921104431152344,45.921104431152344,45.32857555827822,45.34832325579488,1612400
2024-07-03,46.256874084472656,46.276625550172746,45.832226989937965,45.86185230488466,1003200
2024-07-05,46.70126724243164,46.72101870584694,46.28649404512339,46.31612312384956,1461100
2024-07-08,46.75064849853515,46.80002527820305,46.632143473890835,46.76052234758601,1904600
2024-07-09,46.85927963256836,47.00740997144067,46.74077460802915,46.908656412192464,1495500
2024-07-10,47.372806549072266,47.39255801441353,46.94815946225203,46.9975362420018,1472900
2024-07-11,46.405006408691406,47.32342504157459,46.29637523512277,47.32342504157459,2130200
2024-07-12,46.61239242553711,46.987662735342234,46.375378606921544,46.42475538703112,1325700
2024-07-15,46.77040100097656,47.165419014286066,46.59264157646487,46.928408959741745,2246900
2024-07-16,46.77040100097656,47.00741105552088,46.57289011071836,46.95803427475806,1874600
2024-07-17,45.921104431152344,46.21736886758941,45.851976188223915,46.13836677590265,2311900
2024-07-18,45.614959716796875,46.20749232229926,45.348320609401775,46.20749232229926,2417100
2024-07-19,45.23969268798828,45.80259620802898,45.17056444989251,45.48658032896074,1555200
2024-07-22,45.8026008605957,45.91123203641123,45.476707333149136,45.72359499920012,1029100
2024-07-23,45.792724609375,46.118618146536285,45.75322544470657,45.87173047312571,1196600
2024-07-24,44.43977737426758,45.2298171074799,44.34102382031852,45.19031417901763,1743200
2024-07-25,44.0250129699707,44.86442957631029,43.72874473977364,44.41015714857845,1998000
2024-07-26,44.45953369140625,44.726172836821206,44.222519861968394,44.41015690904207,981300
2024-07-29,44.4990348815918,44.775547865768495,44.31139784186601,44.66691668849712,854700
2024-07-30,44.015132904052734,44.65704234415352,43.6694916776642,44.5780364825751,1168800
2024-07-31,44.9928092956543,45.16069109910944,44.60766137491461,44.775546945576544,1336800
2024-08-01,44.27189636230469,45.545833806493256,43.96575431211622,45.298946150046426,1039700
2024-08-02,43.50160598754883,43.87687629461591,43.09671036607352,43.53123506916387,2130300
2024-08-05,42.01041030883789,42.61281687625658,40.82534864130031,40.98335661249151,4833400
2024-08-06,42.34617614746094,43.02758479159111,41.88202610115379,42.188168182131896,1864700
2024-08-07,42.05978012084961,43.2152125122873,42.000525728773354,42.96832486277943,1743500
2024-08-08,43.116458892822266,43.225090061191125,42.336293017451894,42.70168945054833,1679500
2024-08-09,43.392974853515625,43.5213574947528,43.027582162371026,43.076958942167835,1276300
2024-08-12,43.55098342895508,43.77812340022508,43.33372484131597,43.55098342895508,6012100
2024-08-13,44.429908752441406,44.429908752441406,43.88675284020547,43.90650430676015,8418900
2024-08-14,44.57803726196289,44.65704312492263,44.16326778304496,44.50890901547657,8952000
2024-08-15,45.417457580566406,45.43720527908948,44.97305901965932,45.111315512562214,2107600
2024-08-16,45.54583740234375,45.62484326690346,45.239699095192286,45.28907587693862,1353300
2024-08-19,46.05936050415039,46.06923812002688,45.45695402071098,45.60508812120504,698400
2024-08-20,46.04948806762695,46.24699895194032,45.90135396259023,46.05936191659957,884000
2024-08-21,46.13836669921875,46.31612611422688,45.89147904139708,46.09886376983768,1304900
2024-08-22,45.595211029052734,46.43463132948322,45.46683215883705,46.385254551153594,1248900
2024-08-23,46.108741760253906,46.24700202550676,45.62484401709353,45.90135701318518,1363000
2024-08-26,45.940860748291016,46.21737374921087,45.68409544697364,46.12849403217133,1955900
2024-08-27,45.9803581237793,46.059360214260685,45.63471314720414,45.75322193373618,788900
2024-08-28,45.62483978271485,46.00998392501408,45.29894626710369,45.98035861167005,1108300
2024-08-29,45.45695495605469,46.0593614518895,45.34832378241802,45.792722325837694,1589400
2024-08-30,45.93097686767578,45.98035741156924,45.407576253823024,45.71371829681219,1029600
2024-09-03,44.82492446899414,45.70384396568707,44.56816295144609,45.70384396568707,1613900
2024-09-04,44.63728713989258,45.00267980107004,44.48915304544431,44.518782124657875,981900
2024-09-05,44.686668395996094,45.14094080594728,44.50890897171834,44.60766253311403,1939600
2024-09-06,43.74849319458008,44.80517209239954,43.65961348508093,44.736043848034285,1767300
2024-09-09,44.25214385986328,44.31139448500863,43.86699596038563,44.17313800339405,1093600
2024-09-10,44.58790969848633,44.6076573947252,44.09413441397245,44.49902999658557,974300
2024-09-11,45.3088264465332,45.3779546930516,43.946005447500646,44.666916994911674,1790400
2024-09-12,45.74334335327149,45.83222305769287,45.2001912783437,45.39770215119196,1690100
2024-09-13,45.87173080444336,46.000113450362065,45.70384522636398,45.792724940122014,960000
2024-09-16,45.8026008605957,45.8223523259446,45.51621026384693,45.70384353385122,1551500
2024-09-17,45.82234954833984,46.148239288825195,45.60508720987855,46.02973427112203,1265600
2024-09-18,45.64459228515625,46.27662409891065,45.64459228515625,45.851977017693144,1652300
2024-09-19,46.62226104736328,46.800020449592765,46.355621944019056,46.58275812082197,1540200
2024-09-20,46.55313873291016,46.69139522619,46.2963772121343,46.563016349405515,1230300
2024-09-23,46.608543395996094,46.68768988227674,46.46013854484318,46.618435291496624,955800
2024-09-24,46.80641174316406,46.80641174316406,46.33152153901523,46.71736959400542,718300
2024-09-25,46.826202392578125,46.94492400791603,46.69758510774165,46.75694402836456,936500
2024-09-26,46.91523742675781,47.22193899976828,46.68768610772108,47.21204710506748,834200
2024-09-27,46.75694274902344,47.00428164243025,46.64811680616173,47.00428164243025,573700
2024-09-30,47.024070739746094,47.05375397430512,46.52939293680631,46.63822265730781,958100
2024-10-01,46.44034957885742,46.994390062477656,46.202906353085915,46.994390062477656,1143800
2024-10-02,46.49971008300781,46.57886033726638,46.15343715585619,46.42055982874924,1020300
2024-10-03,46.48982238769531,46.687690493031454,46.262267273192805,46.40078023065717,750600
2024-10-04,46.974605560302734,47.004285021936,46.509607199556115,46.88556340131066,1169900
2024-10-07,46.46013641357422,46.93502663174986,46.440348849388734,46.87566771328538,1192800
2024-10-08,47.09332656860352,47.13290169966148,46.68769091048992,46.727266041547885,781200
2024-10-09,47.39013671875,47.42970807608424,46.99439295266957,47.13290213857004,796000
2024-10-10,47.350563049316406,47.47918034337757,47.13290359384251,47.261520887903664,770300
2024-10-11,47.44948959350586,47.55831930401029,47.221938277947416,47.241725841138376,653700
2024-10-14,47.89470672607422,47.99364078114922,47.657259710165015,47.69683484183193,645400
2024-10-15,47.45938873291016,47.92438329258227,47.28130442525971,47.91449139730927,964900
2024-10-16,47.58800506591797,47.60779263173027,47.182369401996475,47.419816417651816,763500
2024-10-17,47.64736557006836,48.04310931991311,47.62757800516691,48.04310931991311,1167700
2024-10-18,47.865020751953125,47.94416723042616,47.7561910417224,47.884808315094325,827600
2024-10-21,48.013427734375,48.013427734375,47.64736720635735,47.805663956913,927500
2024-10-22,48.10246658325195,48.23108386363407,47.70672662113373,47.785873103920586,1438900
2024-10-23,47.429710388183594,47.95407146991552,47.132904436200725,47.95407146991552,1153500
2024-10-24,47.65726089477539,47.70673169763486,47.37035061828928,47.66715656498423,857500
2024-10-25,47.77598571777344,48.21130084941447,47.706731123514466,47.845240312032416,802000
2024-10-28,47.93428039550781,48.14204416928286,47.8749176998183,48.112364708484186,1139100
2024-10-29,48.122257232666016,48.231086955805665,47.726517245176275,47.914493456176984,806000
2024-10-30,47.95406723022461,48.290448285823224,47.855129405582595,48.12225587097786,1097800
2024-10-31,46.717376708984375,47.498964832753906,46.707481038630846,47.498964832753906,1287700
2024-11-01,47.014183044433594,47.36045602778987,46.9350327773279,47.014183044433594,750100
2024-11-04,46.826202392578125,47.06364562325395,46.667901873338096,46.98449913772604,770500
2024-11-05,47.36045455932617,47.40002969165195,46.89545996382149,46.94492699218254,720300
2024-11-06,48.57735824584961,48.62682904491501,48.082680447932226,48.290447991367515,1851900
2024-11-07,49.161075592041016,49.210546388483685,48.75543997021755,48.78512320290153,1813000
2024-11-08,49.28969192504883,49.39852163659054,49.12150329746023,49.200649776886685,1145500
2024-11-11,49.14128875732422,49.3787357518593,48.91373743186123,49.3787357518593,1052700
2024-11-12,49.15119171142578,49.26002144279759,48.88406521826567,49.190766845395984,1129200
2024-11-13,49.14128875732422,49.3490562928269,48.88405797282882,49.16107632137647,933500
2024-11-14,48.93352508544922,49.230330998592194,48.834591039098875,49.200651539505486,837600
2024-11-15,48.04310989379883,48.52789203035277,47.86502558165064,48.52789203035277,1794600
2024-11-18,48.260765075683594,48.38938236073691,47.99363861015384,48.13215156472239,837600
2024-11-19,48.66640090942383,48.68618847443853,48.043109594875446,48.053001490336726,1026900
2024-11-20,48.61693572998047,48.67629842727864,48.043111419133915,48.67629842727864,1825100
2024-11-21,48.59714126586914,48.923630393525656,48.01342136795224,48.893947162043965,1669200
2024-11-22,48.59714126586914,48.69607908065524,48.40916507891316,48.517994788132,906900
2024-11-25,48.61693572998047,49.02257139295395,48.41906384641218,48.87417031084693,1880600
2024-11-26,49.081932067871094,49.13139909320185,48.83459316712519,48.86427262750522,1662500
2024-11-27,48.834598541259766,48.99289530419365,48.64661854058716,48.99289530419365,986300
2024-11-29,49.2402229309082,49.30947751291619,48.844479227355386,48.933521371950185,450500
2024-12-02,49.57660675048828,49.61618187790005,49.29958840678963,49.33915976010952,1131100
2024-12-03,49.74479675292969,49.75469242210151,49.47767029667006,49.52714109434524,821900
2024-12-04,50.19001007080078,50.249372766580635,49.962458731449594,50.0020338619695,1940600
2024-12-05,50.269161224365234,50.41756230531146,50.2097985275314,50.28894878997651,1146800
2024-12-06,50.496707916259766,50.53628304383687,50.27904848867762,50.308727947314495,804900
2024-12-09,50.24937438964844,50.427458708648,50.170224126052055,50.39777547275321,792000
2024-12-10,50.180118560791016,50.56596665109442,50.091076403483136,50.397774232138566,803000
2024-12-11,50.83309173583984,50.89245065636379,50.437347986583745,50.45713555145576,1244200
2024-12-12,50.496707916259766,50.75393869732713,50.48681224731955,50.694579780053374,1150600
2024-12-13,50.60554122924805,50.88255959380622,50.397773681737256,50.73415474188311,1189000
2024-12-16,51.04085540771485,51.11010999758768,50.69458245835065,50.84298353346727,1179700
2024-12-17,50.951812744140625,50.99138787341331,50.69458195205226,50.80340789641407,961600
2024-12-18,49.46778106689453,51.20904529984866,49.398526475328254,50.95181449890137,1721000
2024-12-19,49.52714920043945,50.07129409709859,49.497465962157705,50.03171896211799,1606900
2024-12-20,50.04160690307617,50.48681389351352,49.07203511628243,49.27980265579082,1750100
2024-12-23,50.537166595458984,50.5569856511313,49.83346913286874,50.180363100245785,1473700
2024-12-24,51.16157150268555,51.16157150268555,50.626370013785554,50.685834745430185,884400
2024-12-26,51.11201095581055,51.23094418748546,50.82458551351185,51.04263292226524,915000
2024-12-27,50.46779251098633,50.83450937105066,50.03170138379908,50.83450937105066,1043700
2024-12-30,49.86320877075195,50.21009898160792,49.555960454836864,49.803740257111045,1212700
2024-12-31,49.51631164550781,50.031694055321246,49.41720124319809,50.02178452741808,1333700
2025-01-02,49.367645263671875,49.97222475754006,48.97119609904475,49.7046259193591,2066400
2025-01-03,50.07133865356445,50.13080716216522,49.575779091016294,49.66497996350774,838300
2025-01-06,50.59663009643555,50.93361074698045,50.38849598955118,50.59663009643555,1443000
2025-01-07,49.81364440917969,50.824586347044246,49.65506550407266,50.824586347044246,2435400
2025-01-08,49.81364440917969,49.94249095108519,49.42710856428251,49.82355771745975,1247700
2025-01-10,49.060401916503906,49.575784370133235,48.78288974178805,49.56587106056777,1699400
2025-01-13,48.991024017333984,49.01084685570356,48.43599588544527,48.564842444437616,1317700
2025-01-14,48.78289031982422,49.27844994101441,48.475641993591154,49.27844994101441,1857000
2025-01-15,49.85329055786133,49.95240473751403,49.32799863856978,49.44693187333366,2991400
2025-01-16,49.40728759765625,50.02178418640976,49.37755523332992,50.02178418640976,1639900
2025-01-17,50.03169631958008,50.210098076467006,49.83347172517019,50.10107436050058,1021000
2025-01-21,50.33894348144531,50.36867584664155,49.892939099403826,50.22991976796633,2405300
2025-01-22,50.90388107299805,51.032727623466485,50.70565648323574,50.75521168547142,1318400
2025-01-23,51.171485900878906,51.171485900878906,50.76512717577386,50.83450521804889,3421300
2025-01-24,51.01290512084961,51.33997248240503,50.85432620416403,51.25077160546817,1286500
2025-01-27,49.892940521240234,50.06142896991324,49.39738092280949,49.456849435716265,2349000
2025-01-28,50.75521469116211,50.80476989633242,49.813650669647025,50.12089899101463,1061600
2025-01-29,50.43805694580078,50.61645870944011,50.08125341852213,50.606549180713394,9025100
2025-01-30,50.5173454284668,50.72547954727976,50.021785842253294,50.4975225913199,2000600
2025-01-31,50.33894348144531,51.13183806017486,50.22000645902119,50.90388110509134,2608600
2025-02-03,49.85329055786133,50.101070335764035,49.26853013077816,49.39737667391699,2958800
2025-02-04,50.38850021362305,50.41823257972203,49.81364926357809,49.87311777659575,1636600
2025-02-05,50.46779251098633,50.46779251098633,49.98214617538554,50.13081558144622,1019200
2025-02-06,50.7651252746582,50.7651252746582,50.43805413262187,50.60654635813684,1051300
2025-02-07,50.15062713623047,50.87414743792568,50.07133957079643,50.74530089067344,1259900
2025-02-10,50.547080993652344,50.66601424324315,50.388502067258,50.42814774406154,4526900
2025-02-11,50.606544494628906,50.68583205956014,50.31911903751181,50.36867423819627,783800
2025-02-12,50.48760986328125,50.606546887531174,50.051518783490465,50.091164458240435,1092700
2025-02-13,51.12192916870117,51.141748225199095,50.50743255431595,50.61645626915267,990400
2025-02-14,51.15166091918945,51.23094848668663,51.052546733793505,51.112015245031074,992300
2025-02-18,51.09218978881836,51.2705915325661,50.794854809511925,51.22103633281826,3939100
2025-02-19,51.27059555053711,51.2904183881536,50.90388250668128,51.032729060778614,3309900
2025-02-20,51.07236862182617,51.22103800674768,50.79485646951351,51.17148280538035,2150800
2025-02-21,50.13080978393555,51.07236997736378,50.120896474907255,51.042637611918146,8266600
2025-02-24,49.783912658691406,50.49751963086538,49.744266986721875,50.33894072380665,1654500
2025-02-25,49.377559661865234,49.8037412325898,48.96129140068486,49.734363189059735,1729000
2025-02-26,49.38747024536133,49.843384157913675,49.10995430573936,49.50640348758811,1123600
2025-02-27,48.336883544921875,49.77400713238116,48.30715117896427,49.71453861964627,4535700
2025-02-28,49.1793327331543,49.23880124514632,48.009811796381896,48.28732773819171,1963400
2025-03-03,48.09901428222656,49.40729134323836,47.72239170280966,49.31809046267757,3280000
2025-03-04,47.68274688720703,48.39635394456966,47.1277187558339,47.623278372153536,4120600
2025-03-05,48.247684478759766,48.41617293327541,47.33585282000153,47.74221155357318,4041300
2025-03-06,47.29620742797851,48.00981065075643,47.04842763848713,47.55389674548896,3198100
2025-03-07,47.50434494018555,47.64310102729028,46.63215896018747,47.12771857460141,7645700
2025-03-10,45.94828414916992,46.77091107317222,45.492370250044814,46.7015330355149,8979400
2025-03-11,45.66086196899414,46.26544529555739,45.2545032417529,45.73024001163388,3850100
2025-03-12,46.10686492919922,46.453755131540866,45.59148249942046,46.31499905060421,2124400
2025-03-13,45.31397247314453,46.0473985871809,45.195035443176614,46.0473985871809,2245100
2025-03-14,46.324913024902344,46.39429106636689,45.68068403322333,45.72032970858013,1173800
2025-03-17,46.42401885986328,46.68170816266153,46.03748301525624,46.285262790601195,1770800
2025-03-18,45.77979278564453,46.205974328272426,45.6212138707704,46.19606480020136,2201400
2025-03-19,46.33481979370117,46.72135565335922,45.87890589671063,46.01766197137562,2268900
2025-03-20,46.25553512573242,46.75109476726366,45.95820009697768,46.017668615056635,1833500
2025-03-21,46.49340057373047,46.53304624831964,45.85908490358217,45.908640106408825,1316300
2025-03-24,47.33848190307617,47.427856158545126,47.020707614335066,47.11008186980403,1262600
2025-03-25,47.53709411621094,47.58674564098469,47.31862664957273,47.47751380174984,3163500
2025-03-26,46.73272705078125,47.47751124681355,46.60363006278185,47.40799835823734,1404000
2025-03-27,46.603633880615234,46.96113093010432,46.44474672397215,46.57384372254735,1083800
2025-03-28,45.53113555908203,46.56390380864199,45.4516938873602,46.42487804200277,1496000
2025-03-31,45.69995880126953,45.80919442298133,44.56788742747151,44.85586777142186,2909300
2025-04-01,45.918434143066406,46.09717888125853,45.31267566908472,45.53114314383894,1703900
2025-04-02,46.15675735473633,46.434808900409955,45.322598929547254,45.34246029540511,1344400
2025-04-03,43.83303451538086,44.61754149037673,43.78338299036676,44.28983460658028,3216200
2025-04-04,41.280906677246094,42.90950090990968,41.23125515320995,42.58179782073638,8529900
2025-04-07,41.280906677246094,42.83998801862539,39.225302519168466,39.69203517907881,15453600
2025-04-08,40.65528869628906,43.15776425959609,39.98994991030566,42.86978010379643,8076100
2025-04-09,44.85586166381836,45.10412302911689,40.46660254366085,40.53611542289101,8521400
2025-04-10,43.24713516235352,43.99191936304216,41.916453905596406,43.882683740834224,8896400
2025-04-11,44.081295013427734,44.260043530302255,42.92936223144106,43.09818195878631,3760400
2025-04-14,44.3394889831543,45.03461789500522,43.942269215095095,45.03461789500522,3697700
2025-04-15,44.23025131225586,44.687051372682895,44.14087705798376,44.37920587726383,1955700
2025-04-16,42.98894119262695,43.76351548101619,42.44276691778408,43.49539273776576,3500900
2025-04-17,42.8896369934082,43.2769279494748,42.67116954300065,43.18755369625455,2506800
2025-04-21,41.82707595825195,42.3931115977625,41.360347142969225,42.36332144457816,1680300
2025-04-22,42.89957427978515,43.147835700630935,42.25409307031865,42.32360596510198,2229300
2025-04-23,43.78338241577149,44.53809543531951,43.6244952649104,44.220321133597345,3741600
2025-04-24,44.76649856567383,44.80621751164129,43.79331052018664,43.91247872259431,1382500
2025-04-25,45.37224960327149,45.41197233424581,44.677120752061434,44.89558819608397,1700100
2025-04-28,45.302738189697266,45.54107079511673,44.75656387964763,45.451696541605465,1481900
2025-04-29,45.521209716796875,45.62051275991803,45.06440965737034,45.11406117893092,1219700
2025-04-30,45.46162796020508,45.63044768801055,44.37920806647789,44.885663461725834,2441600
2025-05-01,46.017730712890625,46.51425348545605,45.968079193267705,46.236201945033216,1646100
2025-05-02,46.613555908203125,46.78237561849003,46.22626875683115,46.44473998608429,2056600
2025-05-05,46.21634292602539,46.50432705789508,46.10710730440803,46.17662019304302,1427900
2025-05-06,45.84891128540039,46.236202232470326,45.70988551432469,45.73967945681816,1087000
2025-05-07,46.03759002685547,46.24612867287974,45.501344547220526,45.99786729766,1296800
2025-05-08,46.29578399658203,46.73272647732029,45.98794229042728,46.414952193966066,1574900
2025-05-09,46.27592468261719,46.59369898006421,46.13689890100517,46.484467143203645,1086300
2025-05-12,48.043548583984375,48.043548583984375,47.47751287859884,47.88466143489666,3791600
2025-05-13,48.49041748046875,48.67909477689218,48.03361363474803,48.12298788845771,7327500
2025-05-14,48.788330078125,48.89756569729762,48.58972020582643,48.67909445895238,1963900
2025-05-15,48.83798599243164,48.996873146929715,48.42090484426884,48.55993441910216,1269900
2025-05-16,49.08624649047851,49.08624649047851,48.6393751930038,48.99687223098358,960200
2025-05-19,49.1259651184082,49.15575527302652,48.45069383382631,48.51027414306294,1281200
2025-05-20,48.90749740600586,49.01673303169983,48.599651896156345,48.93728756277023,3426300
2025-05-21,48.26201629638672,49.096174780460565,48.1130617241901,48.56986180666261,2414500
2025-05-22,48.32159805297851,48.64930491460974,48.15278212171512,48.262013954090584,2347700
2025-05-23,47.844940185546875,48.12299175803817,47.596678770631485,47.64633029598085,1914400
2025-05-27,48.94721603393555,48.96707739950163,48.381180373890565,48.44076068242068,1227400
2025-05-28,48.74860763549805,49.185546326614826,48.708884903168816,49.02665918546616,1221700
2025-05-29,49.01673126220703,49.41394722801025,48.73867970732794,49.41394722801025,1262800
2025-05-30,48.89756393432617,49.06637985738405,48.34145706957392,48.967076818899194,2139700
2025-06-02,49.235198974609375,49.24512776307084,48.659230751475334,48.75853378876214,1162900
2025-06-03,49.5231819152832,49.63241753497257,49.195478844383345,49.24513036565081,959900
2025-06-04,49.60262680053711,49.77144272850853,49.52318133690241,49.622488166445784,1070300
2025-06-05,49.22526931762695,49.880679251830486,49.076310964693675,49.77144363143518,2171400
2025-06-06,49.79130554199219,49.97998662952599,49.6224896091128,49.741654019861095,1070100
2025-06-09,49.93033218383789,50.03956780731885,49.801238981695285,49.831029137856135,1422400
2025-06-10,50.30769348144531,50.3275548494219,49.89061611844275,49.99984796006108,1624200
2025-06-11,50.11901092529297,50.506298089903325,49.94026242037,50.41692383744184,1565100
2025-06-12,50.347412109375,50.377202264824895,49.99984388039692,50.01970524675294,1439300
2025-06-13,49.771446228027344,50.16866599779365,49.66221060193318,49.91047201099501,2727400
2025-06-16,50.2878303527832,50.406994768301935,50.05943031130211,50.06935910085848,1471900
2025-06-17,49.850887298583984,50.218313090887975,49.81116456747865,50.09914868574011,1606700
2025-06-18,49.82109451293945,50.21831425687934,49.74165283705241,49.920401343008535,1816500
2025-06-20,49.57283401489258,50.13887348608377,49.453669604826786,50.059428020594375,1776300
2025-06-23,50.12312316894531,50.15297871284139,49.4365063953435,49.67532797050913,1667500
2025-06-24,50.720184326171875,50.80974336520104,50.46145652630965,50.56096867856453,1863000
2025-06-25,50.94905853271485,51.07842243759808,50.80974531022549,50.91920298789526,824400
2025-06-26,51.34709548950195,51.4466076450246,51.0187148662787,51.12817633935332,1082400
2025-06-27,51.6058235168457,51.70533187679002,51.217735598662046,51.46651029452343,1636800
2025-06-30,51.84464645385742,52.00386211152913,51.62572729705927,51.8944044311304,1920400
2025-07-01,51.52621078491211,51.81479032630936,51.37694825370692,51.7351844022,1120300
2025-07-02,51.86454772949219,51.88445016075761,51.516264672348875,51.52621398998128,1141100
2025-07-03,52.35214614868164,52.43175207522338,52.08346902910234,52.08346902910234,753000
2025-07-07,51.94415283203125,52.232732365698155,51.705327474099946,52.16307196446797,1185800
2025-07-08,51.824745178222656,51.99391014513136,51.77498720348432,51.99391014513136,879300
2025-07-09,52.26258850097656,52.342194429638816,52.01381380540603,52.06356798532002,943400
2025-07-10,52.372047424316406,52.421801601807786,52.063565450269174,52.322293246825026,1350100
2025-07-11,52.29243850708008,52.4018999768434,52.04366381979997,52.13322285906082,772400
2025-07-14,52.362091064453125,52.44170078030339,52.08346465097757,52.29243446108424,965100
2025-07-15,52.44170379638672,52.770084403154776,52.431750683332915,52.75018197304756,1361000
2025-07-16,52.62082290649414,52.67057708474073,52.17302771027388,52.55116629774882,1551900
2025-07-17,52.88949966430664,52.93925384221465,52.600920118039575,52.660623613129,1053700
2025-07-18,52.859642028808594,53.02881078220141,52.74023124735505,53.02881078220141,1171000
2025-07-21,53.06861877441406,53.257686172544354,52.899450011033885,52.899450011033885,1636400
2025-07-22,52.80989074707031,53.09847029773202,52.60092091907411,53.09847029773202,935100
2025-07-23,53.2178840637207,53.22783717761111,52.78004195256096,52.9691093604707,1387200
2025-07-24,53.35719299316406,53.49650620840463,53.20793046083506,53.36714610625291,926500
2025-07-25,53.55621337890625,53.66567484663578,53.39699773384523,53.43680259411059,557800
2025-07-28,53.72538375854492,53.75523550664471,53.56616810867854,53.645774035611474,924800
2025-07-29,53.53630828857422,53.914446850304735,53.49650343028675,53.88459510458924,1043900
2025-07-30,53.59601974487305,53.78508714244445,53.29749087649695,53.615922175564855,1269300
2025-07-31,53.62586975097656,54.53140944003628,53.51640828372752,54.53140944003628,2386800
2025-08-01,52.56111526489258,53.10841881396048,52.36209475723141,53.0686177492286,1561900
2025-08-04,53.38705062866211,53.406949263618806,52.929302308646314,52.929302308646314,1566000
2025-08-05,53.148223876953125,53.5860659586736,53.08851658562742,53.49650691968527,1233600
2025-08-06,53.804988861083984,53.854743039154805,53.19797801901879,53.22783356266165,1008400
2025-08-07,53.77513885498047,54.2129809505841,53.44675443627731,54.08361704661007,2108300
2025-08-08,54.352291107177734,54.42194771400492,53.88459728933812,53.924398353239106,2419800
2025-08-11,54.242828369140625,54.561263444887814,54.1234175882356,54.33238740381946,1295600
2025-08-12,54.790138244628906,54.80008756183478,54.21297915067655,54.45180451962246,2203700
2025-08-13,54.76028060913086,55.078711891560815,54.6408698272197,54.98915285612737,2313100
2025-08-14,54.92945098876953,55.019010026853415,54.65082076139722,54.67072319163813,1900700
2025-08-15,54.85979843139648,55.11852245162986,54.75033695498981,55.11852245162986,2563600
2025-08-18,54.83989334106445,54.87969820255546,54.67072457772793,54.81004159294646,1249800
2025-08-19,54.19308090209961,54.81004490448469,54.09357253836047,54.81004490448469,1329600
2025-08-20,53.93435287475586,54.14332270069483,53.37709620958478,54.10351783975394,1715300
2025-08-21,53.73533630371094,53.994060326784776,53.58606996224478,53.79504359949755,2183300
2025-08-22,54.54136276245117,54.63092179999873,53.79503871488835,53.87464463937484,1225500
2025-08-25,54.45180130004883,54.720478400726726,54.3423398372541,54.47170372928426,1036000
2025-08-26,54.730430603027344,54.74037992016952,54.29258852476328,54.441851057898546,918100
2025-08-27,54.8498420715332,54.91949868039686,54.581164953344576,54.680677106007295,947500
2025-08-28,55.09861755371094,55.198129707808626,54.68067789450226,54.8796984066971,1181700
2025-08-29,54.65082550048828,54.959307501972006,54.4717112047889,54.93940507000524,1110800
2025-09-02,54.252784729003906,54.27268715967932,53.67562562741851,53.90449788618498,1332200
2025-09-03,54.800086975097656,54.869743582794314,54.491605001012154,54.65082064660458,1240300
2025-09-04,55.27773666381836,55.30759220860355,54.80008970326194,54.859796996831726,1117400
2025-09-05,55.078712463378906,55.65587154127537,54.76028117764304,55.59616425169976,1782400
2025-09-08,55.28768539428711,55.5066045280195,55.21802878864494,55.3075878238992,1438900
2025-09-09,55.566314697265625,55.59616644523104,55.24788339896615,55.38719661747211,1366200
2025-09-10,55.89469528198242,56.13352065357523,55.735479632920715,56.103668905626314,1194800
2025-09-11,56.14347076416016,56.20317805690211,55.864844323365496,56.12357212924673,1017200
2025-09-12,56.372344970703125,56.47185332600517,56.09371474305664,56.193226894359114,958800
2025-09-15,56.869895935058594,56.869895935058594,56.601218813003136,56.601218813003136,1664000
2025-09-16,56.85993957519531,56.98930347013232,56.82013471583003,56.969401040449675,6492800
2025-09-17,56.7106819152832,56.85994445671697,56.242984267589314,56.83009270763034,3567500
2025-09-18,56.84999465942383,57.09876935571537,56.71068143686066,56.9594561331522,2848100
2025-09-19,57.327640533447266,57.38734402998445,56.98930680106793,57.10871759014283,1794700
2025-09-22,57.69540023803711,57.73526668916114,57.236947455732775,57.236947455732775,1346200
2025-09-23,57.16718292236328,57.69540009185937,57.0276541456567,57.64556892901759,1618600
2025-09-24,56.957889556884766,57.36651117374796,56.74859259068731,57.34657794830658,3129100
2025-09-25,56.75856018066406,56.92798689134752,56.39976973230622,56.68879579369159,2364900
2025-09-26,56.957889556884766,57.02765394499258,56.54926794002158,56.87815665511926,1264200
2025-09-29,57.077484130859375,57.326643741801554,56.89808890683109,57.14724851777327,2840000
2025-09-30,57.32664108276367,57.366507531115005,56.82832188399334,57.03761503502717,3546900
2025-10-01,57.54590606689453,57.64556839164904,56.98778716339691,57.02765361404831,1759900
2025-10-02,57.555870056152344,57.834927603461296,57.3864433458216,57.78509644170955,1456500
2025-10-03,57.436275482177734,57.75519948504931,57.28677819251181,57.64556864621083,1814700
2025-10-06,57.77513122558594,57.824962386902534,57.42630549262193,57.61566922824848,1526000
2025-10-07,57.58576965332031,57.89472894808834,57.44624087564251,57.824964559249445,2157500
2025-10-08,58.00436019897461,58.01432491093328,57.68543619006007,57.725298839768826,1118800
2025-10-09,58.0242919921875,58.09405637979799,57.77513237875746,58.074123154498714,1621400
2025-10-10,56.3100700378418,58.28341362896078,56.28017210220894,58.10401841141598,4541700
2025-10-13,57.33660888671875,57.446239724661645,56.94792049901139,57.11735101270694,2157400
2025-10-14,56.94791793823242,57.336606308461626,56.23033706896387,56.77849123402946,2505300
2025-10-15,57.30670928955078,57.72529560207065,56.73862569291732,57.436273348990966,1838100
2025-10-16,57.02765274047851,57.745229831841655,56.67882700543319,57.4861055103249,3926600
2025-10-17,57.35654067993164,57.49606945133022,56.70872798388483,56.84825675528341,2903800
2025-10-20,57.994388580322266,58.094054703943584,57.575802266734385,57.575802266734385,1279600
2025-10-21,57.86483001708984,58.05418995470524,57.7950656294487,58.014323504089155,1098900
2025-10-22,57.54590606689453,57.96449239311225,57.06751626282572,57.914661230735,3262300
2025-10-23,57.874794006347656,57.974456329769765,57.47613710891134,57.58576794580002,2027200
2025-10-24,58.492706298828125,58.612305644118976,58.20368405239301,58.26347992316466,1335000
2025-10-27,59.40961837768555,59.439516314467554,59.020929992023625,59.09069437909761,1126300
2025-10-28,59.957767486572266,60.13716270719419,59.54914588446096,59.74847432980464,1815600
2025-10-29,60.316558837890625,60.426189674577486,59.808271104501344,60.29662561286811,3129400
2025-10-30,59.4793815612793,59.99763399896709,59.469413047971024,59.967732260916144,2689800
2025-10-31,59.69864273071289,60.26672632455429,59.499314286832394,60.26672632455429,2060100
2025-11-03,59.9278678894043,60.2368233593435,59.81823705741022,60.17702748870947,1984900
2025-11-04,59.10065841674805,59.598977634093096,59.03089403046965,59.22025396438616,1992000
2025-11-05,59.21028900146485,59.589012669563765,58.91129823270207,59.09069345433451,2104700
2025-11-06,58.422943115234375,59.170421930226176,58.283414344735725,59.110626058226096,2154200
2025-11-07,58.253517150878906,58.253517150878906,57.35654104071183,58.15385102648595,3444900
2025-11-10,59.459449768066406,59.52921415540844,58.891366155781846,58.971095254798186,2214300
2025-11-11,59.52921295166016,59.589012626118674,59.08072489790604,59.28005334422719,1713600
2025-11-12,59.48934555053711,59.788340116173615,59.14052362645964,59.788340116173615,1533700
2025-11-13,58.39304733276367,59.20032585140175,58.21365210639966,59.20032585140175,3034400
2025-11-14,58.45284652709961,58.75183730128415,57.44623956503376,57.63560330345401,4957600
2025-11-17,58.0242919921875,58.70200644486713,57.67546625226105,58.15385225382185,6092100
2025-11-18,57.33660888671875,57.86482985118232,56.8881246251327,57.62563495004565,16810600
2025-11-19,57.67546463012695,58.18375235627798,57.28677625240787,57.39640708753353,7355600
2025-11-20,56.79842758178711,59.07076205693044,56.73862790543502,58.73190482801661,15905900
2025-11-21,57.14725112915039,57.75520121592978,56.439638714189584,57.01768706101525,9774000
2025-11-24,58.333248138427734,58.442878977874905,57.57580457787078,57.58576928969596,4057600
2025-11-25,58.7219352722168,58.83156610931301,57.72529682861333,58.263482500608944,4652000
2025-11-26,59.10065841674805,59.29002215253847,58.79170293519342,59.070760480306994,2471500
2025-11-28,59.389686584472656,59.389686584472656,59.12059374132467,59.18039341820447,1048300
2025-12-01,59.20032501220703,59.35978701095081,58.90133043792274,58.97109482475602,2385100
2025-12-02,59.29998779296875,59.608947081237,59.09069463085508,59.32988572987814,2568000
2025-12-03,59.31991958618164,59.4793815823055,58.951164432996585,59.12059114055835,2068300
2025-12-04,59.389686584472656,59.59897975074085,59.07076257819521,59.59897975074085,1963400
2025-12-05,59.5391845703125,59.76841096488142,59.38968727730603,59.5391845703125,2574700
2025-12-08,59.41958236694336,59.68867520033187,59.18039127184728,59.589012877687495,1678600
2025-12-09,59.389686584472656,59.549148587611384,59.270091032587125,59.36975335884606,1353800
2025-12-10,59.54914474487305,59.64880706470072,59.11062521500797,59.28005191908977,4003100
2025-12-11,59.4793815612793,59.51924801076464,58.791702416089635,59.21028873006407,3537000
2025-12-12,58.8116340637207,59.40961942300012,58.50267857320665,59.28005535820848,4164600
2025-12-15,58.5824089050293,59.160461050965694,58.44288012549268,59.12059459913406,2295600
2025-12-16,58.56247329711914,58.71197058447001,58.14388697553504,58.38308187492163,3407400
2025-12-17,57.73526382446289,58.68207108137309,57.73526382446289,58.68207108137309,3780600
2025-12-18,58.303348541259766,58.65217047332115,58.064153643650585,58.303348541259766,2777700
2025-12-19,58.951168060302734,58.961132772353785,58.572444370502744,58.61231082245519,2568600
2025-12-22,59.2376708984375,59.30754988182687,59.04799991611191,59.267617946141804,1651000
