Date,close,high,low,open,volume
2019-08-19,51.5940055847168,51.742587841721765,51.15570067917768,51.23741950357201,10032800
2019-08-20,51.28199005126953,51.48257467620067,51.044264113900596,51.48257467620067,9743500
2019-08-21,51.794586181640625,51.98774026679002,51.53457433692016,51.97287920832992,10134200
2019-08-22,51.68315124511719,51.97287954077799,51.44542531873312,51.935738230056415,8972000
2019-08-23,50.13793182373047,51.6534367883256,49.796201145610986,51.125982545934654,15371900
2019-08-26,50.405364990234375,50.70995430048821,50.16763909816187,50.605949576946,7343900
2019-08-27,49.91505813598633,50.843675793418235,49.75162052142513,50.6133747602491,9490900
2019-08-28,50.27907943725586,50.501949963301,49.89277694898824,50.16764417423328,9647400
2019-08-29,50.83625793457031,51.01455098223834,50.5836709215263,50.73968371454884,9004100
2019-08-30,50.87339401245117,51.31912936999393,50.561374161121925,50.969968211771786,9180800
2019-09-03,50.93282699584961,51.02197634457101,50.24193512980012,50.43508921811321,9849700
2019-09-04,51.47513198852539,51.712857869745186,51.32654977036796,51.63113906671663,6959200
2019-09-05,52.20317840576172,52.411193564520325,51.7797288941404,51.88373363960293,9901500
2019-09-06,52.693485260009766,52.70834065000181,52.091742778256396,52.26260526841291,10418500
2019-09-09,53.1095085144043,53.540388541054575,52.73063652653941,52.86435771867801,12840200
2019-09-10,53.54037857055664,54.11983507263743,53.2060784863815,53.5923809318246,13810800
2019-09-11,53.43639373779297,54.11242468590463,53.1540959098106,54.067852836179625,10525700
2019-09-12,53.4735221862793,53.607243356930326,52.522612935076175,52.730628053291895,9100700
2019-09-13,53.96382141113281,54.02325429328967,53.53294151724304,53.68152372263517,7337200
2019-09-16,54.77360153198242,55.85079604506445,54.677021641514884,55.74679129212552,19830200
2019-09-17,54.35757064819336,55.0336071329697,53.9564070750019,54.84045304191456,14452200
2019-09-18,54.097564697265625,54.20899997994799,53.73354806381488,53.971274021881435,7292200
2019-09-19,53.73355484008789,54.37244449568022,53.62955007455748,54.209006816179674,8050200
2019-09-20,53.54782485961914,53.859839119063224,53.38438719957683,53.85240858874295,19736600
2019-09-23,53.5849609375,53.755829111159834,53.08722314354175,53.13179498543848,7495200
2019-09-24,52.84950256347656,53.39181792213009,52.611776602877455,53.34724040788189,13307100
2019-09-25,53.00550079345703,53.094650139150126,52.61176776868702,52.73063356294447,8035200
2019-09-26,52.723201751708984,53.005499504455905,52.50776175573124,52.90892529984501,8420200
2019-09-27,53.10208511352539,53.243231171230434,52.47062044737936,52.522622819761956,8224000
2019-09-30,52.45576858520508,53.07979709578338,52.43348266237498,52.9237899681388,9768900
2019-10-01,51.22255325317383,52.67863088509895,51.19284247261723,52.619197988319755,10279100
2019-10-02,49.88535690307617,50.95512091653041,49.7813521471547,50.7173949504479,14503700
2019-10-03,50.501953125,50.51680851601101,49.26131543183291,49.77391427312849,10788400
2019-10-04,51.23741912841797,51.31170742245973,50.38308957735381,50.59852959755841,10534800
2019-10-07,50.53165817260742,51.281982859764014,50.53165817260742,51.03682642715355,10993000
2019-10-08,49.55104446411133,50.4573763606516,49.5064726225875,50.17507858461175,9748700
2019-10-09,50.10078811645508,50.2939365332237,49.9224894224382,49.996783378861785,8580900
2019-10-10,50.70253372192383,50.78425254471917,50.05621366922432,50.093360649707094,7100100
2019-10-11,51.24484634399414,51.623718319454284,51.177982916197365,51.24484634399414,10101900
2019-10-14,51.3934211730957,51.53457288532513,50.95511064619889,50.96254117521964,6234600
2019-10-15,51.571720123291016,52.002600170699736,51.26713641242183,51.3042777261293,6645700
2019-10-16,50.687679290771484,51.65343845545317,50.672818231163426,51.41571251222637,9765800
2019-10-17,50.62080001831055,51.17054002728309,50.576228189100604,50.87338694210774,9757200
2019-10-18,50.227081298828125,50.6282448787835,50.227081298828125,50.42023539313998,13472700
2019-10-21,51.066558837890625,51.08884476276168,50.38309735861758,50.38309735861758,10199300
2019-10-22,51.326560974121094,51.82430442880767,50.999691358488604,51.09626557049745,9536000
2019-10-23,51.81687545776367,51.82430598747501,51.0962671072683,51.2299883029049,8641800
2019-10-24,51.326560974121094,52.03974444128893,51.274558603372746,51.972881011564866,9003600
2019-10-25,51.44542694091797,51.61629511269115,51.18541508633559,51.18541508633559,7607200
2019-10-28,50.99225997924805,51.75744013657968,50.947688138730314,51.60143302693439,11209600
2019-10-29,50.84367752075195,51.28198234939099,50.695095289815576,50.87339396693923,13894400
2019-10-30,50.308799743652344,50.791682141895905,49.97449392894525,50.791682141895905,12840600
2019-10-31,50.19736099243164,50.30879625627605,49.877916258921935,50.11564217680128,16169100
2019-11-01,51.70542907714844,51.7128596052637,50.747094992241,50.80652788149858,14108700
2019-11-04,53.24321365356445,53.391795859939016,51.9580101584564,52.05458434172614,15858200
2019-11-05,54.29813003540039,54.32042162060569,53.37694288771856,53.51809458818967,14930400
2019-11-06,53.1095085144043,54.134706210077944,52.89406850107916,54.03070146817385,13996500
2019-11-07,54.23871612548828,54.25357151810582,53.488391272039784,53.51067719488305,13073800
2019-11-08,53.20866394042969,53.98307778042129,53.125965341628465,53.84022379522703,12106000
2019-11-11,52.885372161865234,53.08837581807524,52.6071900394702,52.78763327240035,8674000
2019-11-12,52.15606689453125,52.93799503598992,51.86284455850745,52.83273029385657,13918600
2019-11-13,51.72752380371094,51.990671385081555,51.57714965993697,51.89292675758171,11773700
2019-11-14,51.50196075439453,51.85533278976927,51.26136788250759,51.77262845229065,11279800
2019-11-15,52.020748138427734,52.10345248651644,51.62978108633802,51.65985591620548,11252800
2019-11-18,51.517005920410156,51.74256429388845,51.351602947538815,51.652339797259586,10095600
2019-11-19,50.990699768066406,51.54706970422497,50.96062494230291,51.42677613735745,12605500
2019-11-20,51.14857864379883,51.532025429651604,50.61476349370616,50.877910999218685,16930700
2019-11-21,52.381622314453125,52.4417719600525,51.06587893194285,51.141063120849104,14080900
2019-11-22,52.15606689453125,52.76506624839828,52.12599207337681,52.411694270065595,12143600
2019-11-25,51.810211181640625,52.20869249381738,51.65983708711201,52.156062994778665,10670000
2019-11-26,51.68240737915039,51.907965720986006,51.45685477350169,51.81774123701438,15457000
2019-11-27,51.6523323059082,51.9455547071901,51.43429984233911,51.69744741577326,8393900
2019-11-29,51.223777770996094,51.524520323406115,51.12603887934235,51.37415191529465,7980800
2019-12-02,51.44180679321289,51.78765865906748,51.40421756599008,51.501956440192664,11116900
2019-12-03,51.035804748535156,51.313992560778054,50.76513707613287,51.12602921806458,12245800
2019-12-04,51.614742279052734,51.69744662031475,51.23129540012763,51.31399974138965,11049700
2019-12-05,51.43428421020508,51.85532019973661,51.283910116668714,51.79517056232206,13109000
2019-12-06,52.26133346557617,52.53200115896109,51.69744339372201,51.69744339372201,13710800
2019-12-09,52.37412643432617,52.60719922322344,51.89293483553151,51.93804995378011,12397700
2019-12-10,51.92299270629883,52.742515875195046,51.6523250299832,52.37410932428226,14281800
2019-12-11,51.84780502319336,52.44928998253464,51.62976686883679,51.68239637256522,13748400
2019-12-12,52.885372161865234,52.91544699005142,51.80270702809735,51.84781640228315,17068500
2019-12-13,52.05081558227539,53.03574174187762,51.96811124592245,52.990632371571095,12274500
2019-12-16,52.629737854003906,52.817701203482486,52.40417954015512,52.40417954015512,15208700
2019-12-17,52.38914108276367,52.91543612751613,52.11095328128835,52.61469937976374,14450700
2019-12-18,52.53200912475586,52.84778623619293,52.088412551481326,52.351560144345555,13652300
2019-12-19,52.171112060546875,52.667338106362585,52.058332892299056,52.622222997351386,13273200
2019-12-20,52.584632873535156,52.80267106546645,52.17111117570224,52.52448321999824,35092000
2019-12-23,52.847782135009766,52.8553022759901,52.27637188042863,52.52448490709783,14172500
2019-12-24,52.6447868347168,53.00567908860438,52.56208821555924,52.892899900752774,3979400
2019-12-26,52.72746658325195,53.005654351969774,52.63724786402408,52.77258167905098,8840200
2019-12-27,52.54705047607422,52.86282762840163,52.5395303335365,52.78012326905092,10516100
2019-12-30,52.2387809753418,52.960559609298805,52.17863132179871,52.69740630909447,12689400
2019-12-31,52.46432876586914,52.47936904597049,51.885404178062515,51.892918581927034,13151800
2020-01-02,53.30641555786133,53.39663430883521,52.810189482756506,52.810189482756506,12456400
2020-01-03,52.87784957885742,53.65977778220415,52.750035880974046,53.6372173624135,17386900
2020-01-06,53.28385925292969,53.652265859328345,52.80267347504945,52.87033753622623,20081900
2020-01-07,52.847782135009766,53.02070522424936,52.261337334654826,53.00567067847557,17387700
2020-01-08,52.05082321166992,52.84778613022854,52.00570809856415,52.712452263285826,15137700
2020-01-09,52.44930648803711,52.55456552861841,51.59970828538984,51.98315521104315,14811800
2020-01-10,51.983154296875,52.59967398208951,51.96811974970814,52.57711929324552,11995600
2020-01-13,52.47938537597656,52.53201490033571,51.96060453858789,52.028268611540526,9953900
2020-01-14,52.028263092041016,52.313971110699114,51.79519032834611,52.16359695977713,16261000
2020-01-15,51.945560455322266,52.32148724073761,51.79519203563114,52.02826480700864,11390300
2020-01-16,51.742549896240234,52.313960076849575,51.72751535241273,52.10344204614775,13340300
2020-01-17,51.54707717895508,51.93804423438739,51.344079245848256,51.68993118800004,18144100
2020-01-21,50.81025314331055,51.441807233444706,50.75762363579937,51.41173240969745,17982600
2020-01-22,50.517032623291016,50.90047373362581,50.374178639331205,50.79521471476689,17033100
2020-01-23,50.20124816894531,50.3215474643374,49.659918548239304,50.156138801266344,19605900
2020-01-24,49.862918853759766,50.133586545313825,49.6524008128147,50.02832752484129,18238600
2020-01-27,48.67499923706055,49.41933841244711,48.64492440547232,49.18625990168524,21231000
2020-01-28,48.60732650756836,49.02084246180664,48.59228622636023,48.953178404929794,19664700
2020-01-29,48.20132827758789,48.968216322610665,48.04343973114752,48.893032119951485,14202800
2020-01-30,48.71258163452149,48.78024568598555,47.69006056925519,47.95320810748119,18544700
2020-01-31,46.705135345458984,47.517138445266866,46.50965471111262,47.517138445266866,34282900
2020-02-03,45.66006088256836,46.17883874428248,45.38939317451113,46.14876678523763,27389300
2020-02-04,45.088653564453125,46.54724826538167,45.02850391010058,46.201396357134705,31922100
2020-02-05,47.163761138916016,47.314132385205056,45.56231267190967,45.675091823649694,32099200
2020-02-06,46.52468490600586,47.37427710465584,46.44949785208141,47.31413032960912,16055400
2020-02-07,46.2164192199707,46.35927030194276,45.9081595086997,46.1713069934094,15112500
2020-02-10,45.72834014892578,46.15542376588249,45.46903990100013,46.12491716982791,20934500
2020-02-11,46.16304397583008,46.43759749213824,45.88849045952191,46.201178671415285,14908700
2020-02-12,46.72740936279297,46.92569641866293,46.1859303743893,46.78079445126831,17862100
2020-02-13,46.46810150146485,46.841797059565955,46.18592280728889,46.56724646779048,16949400
2020-02-14,46.25457000732422,46.64351893516406,45.972388350043,46.63589374057744,10855300
2020-02-18,45.66732025146485,46.05626908683097,45.339381686093866,45.873235367576974,18948500
2020-02-19,46.01814270019531,46.23168303411942,45.629193819223715,45.84273415314782,12804900
2020-02-20,45.65207290649414,46.17067336075065,45.54530273813584,45.93425162419378,14817200
2020-02-21,45.09532928466797,45.38513312300061,44.83602912297634,45.38513312300061,20315700
2020-02-24,42.98280334472656,44.08101443624916,42.98280334472656,43.94373768615026,32096600
2020-02-25,41.335487365722656,43.280237545840585,41.16007882257864,43.280237545840585,36414500
2020-02-26,40.42793273925781,41.80832542166333,40.36692246710208,41.602410298259066,29801000
2020-02-27,37.995094299316406,39.99322972867916,37.97984100177696,39.43649746020007,48141300
2020-02-28,39.23058319091797,39.23058319091797,36.614702244000426,37.19431592647794,62446700
2020-03-02,41.0914306640625,41.09905585574576,38.99415092972628,40.10761510864044,38127600
2020-03-03,39.123802185058594,41.29734852878136,38.879755305024,41.144818501442664,50580700
2020-03-04,39.97798156738281,40.023741465880235,38.98654037409397,39.833079586045095,24079600
2020-03-05,38.21626663208008,38.666228772763205,37.40023404106871,38.4526854947864,40788200
2020-03-06,36.37065887451172,37.37735335967413,35.9969632220564,37.24770467881763,55640500
2020-03-09,31.924415588378903,33.991189017795364,31.11600842469562,31.810017332735665,72896300
2020-03-10,33.10652542114258,35.28006947240644,31.611737129421854,35.211431086089206,60445900
2020-03-11,32.015933990478516,33.15990496497557,31.840525456834538,32.32861927380363,51986100
2020-03-12,28.355224609375,31.00161146252802,28.217947873465324,30.429626032660483,65725300
2020-03-13,29.07211685180664,30.61266488418574,26.69265787838581,30.51351991175646,79891500
2020-03-16,26.303709030151367,28.889083144916185,25.358025012755288,26.23507065058819,48924700
2020-03-17,28.07304954528809,28.507758294992456,26.082539528605608,26.852812059527945,41204400
2020-03-18,25.258878707885746,27.996782733849084,23.81747572235759,26.34946462049281,54036400
2020-03-19,26.257946014404297,26.61639116603189,24.671638279708,25.7240923379481,49412400
2020-03-20,24.969072341918945,26.829930591799545,24.069146896052988,26.57063040942313,76534600
2020-03-23,23.98526382446289,24.938573174328113,22.9633160850366,24.80892158992643,56952500
2020-03-24,27.02821922302246,27.584951402052507,25.41903586628724,26.2503186291087,61835600
2020-03-25,28.43912124633789,29.430562249695907,26.82993482331883,27.844254316908007,56607700
2020-03-26,29.605966567993164,30.17032682366488,28.004408476637614,28.599272411837944,46722000
2020-03-27,28.179819107055664,28.736551302554997,27.607833616016386,28.317095857646585,51558600
2020-03-30,28.599281311035156,29.095003350800837,27.34853987384898,27.63071863485578,45835000
2020-03-31,28.95772171020508,30.086439474162972,28.50013154042614,29.23990042387734,41491600
2020-04-01,28.622156143188477,29.51445511875177,27.71460677970079,28.11118377892126,36045900
2020-04-02,30.810955047607425,32.000683088122976,28.904336614197774,29.54496052419417,62000200
2020-04-03,29.90339469909668,32.1684577144808,29.37716920156831,31.61172563206927,48425700
2020-04-06,30.86433982849121,31.138893345694235,29.91865581471065,30.414377766245984,41301900
2020-04-07,31.451574325561523,33.037879115714915,31.390561148229104,32.71756866252499,48921800
2020-04-08,33.44208908081055,33.58699395634502,31.626990268256176,31.993060690349555,33355600
2020-04-09,32.892982482910156,35.623258604511086,31.832903084749365,34.66994937461558,60107300
2020-04-13,32.610809326171875,34.08271939217031,32.00831994743809,33.8996856016817,29651900
2020-04-14,32.35912322998047,33.36581737283069,31.962546308665473,32.79383193215359,30769000
2020-04-15,30.871959686279297,31.3142964784921,30.03304889250316,31.268536597110952,33125000
2020-04-16,29.857646942138672,30.87196647364355,29.689863582788064,30.87196647364355,30934000
2020-04-17,32.96162414550781,33.037887727784735,30.406753409462393,30.414381513251595,40829100
2020-04-20,31.40581512451172,32.59554592491204,30.917721332327535,31.077876562400128,39260800
2020-04-21,31.238035202026367,32.13033412703593,30.223715724921007,30.81095454188466,44381600
2020-04-22,32.130332946777344,32.74045023118863,31.924417817800652,32.48877521490534,27074200
2020-04-23,33.13702392578125,34.059826409286465,32.64893014638241,32.89297703608183,35271000
2020-04-24,33.35057067871094,34.23524155233046,32.89298339932011,33.8615459529907,28653800
2020-04-27,33.51071548461914,33.80052222279507,32.206589526729594,33.243790139765046,28274400
2020-04-28,34.29625701904297,34.616567554036784,33.640379741557545,33.83866679999145,26545100
2020-04-29,36.19524002075195,36.302010176858886,35.20379911641373,35.28006268241338,29502500
2020-04-30,35.44022750854492,36.363030213782146,34.90637371807683,36.363030213782146,37076300
2020-05-01,32.900604248046875,35.37920798747599,32.793834090908284,34.79959731617998,35399300
2020-05-04,34.22761535644531,34.273372337483615,32.19897343446221,32.4201389644414,27465600
2020-05-05,34.189483642578125,35.95882534182456,34.059832074397114,35.28006672585366,29276200
2020-05-06,33.548866271972656,34.52505418368941,33.48022787760073,34.265753905980965,22659000
2020-05-07,33.739524841308594,34.52505079253204,33.53360967841844,34.28862903307983,22160300
2020-05-08,35.21906280517578,35.24956940428605,34.30388519675366,34.55556027550925,19977400
2020-05-11,34.88349533081055,35.23431245644553,34.70808385872394,35.1656740701892,22258000
2020-05-12,34.300418853759766,35.505442070924055,34.300418853759766,35.311083391843425,25439100
2020-05-13,32.59783172607422,34.10605372278306,32.341276894695184,34.00498936406786,30827900
2020-05-14,32.88548278808594,33.079841436911124,31.252871324225424,31.929238591747335,24856500
2020-05-15,32.652252197265625,33.437459814254126,32.5356358245758,32.94767816658298,22445600
2020-05-18,35.24888229370117,35.435467888895175,34.25376702780628,34.518094891019295,32026100
2020-05-19,34.16047286987305,36.25177369580648,34.152699829314244,35.41214296293861,21771600
2020-05-20,35.2722053527832,35.43546886520519,34.65025829446315,34.68912942954362,19352400
2020-05-21,34.642486572265625,35.59873076689339,34.510321149148595,35.32662687961838,19130700
2020-05-22,34.673587799072266,34.72800799296093,33.7795396382741,34.2459992903707,15406400
2020-05-26,35.6920280456543,35.99522711338212,35.34995783487795,35.5598655661537,20356500
2020-05-27,35.94858169555664,36.648271143476656,35.303309473496455,36.27510284478371,20788300
2020-05-28,35.015655517578125,36.11961123935164,34.930137236039506,36.096289150087536,19698000
2020-05-29,35.34995651245117,35.520990128601994,34.494776568985046,34.84462277469037,25874700
2020-06-01,35.97967529296875,36.11184072797211,34.82907234638383,35.23333872745603,19031000
2020-06-02,36.78042984008789,36.889270203206685,36.34506542193526,36.43058369743645,22319000
2020-06-03,38.280879974365234,38.40526938837653,37.277988655705535,37.31685979151952,23418000
2020-06-04,38.17203521728515,38.21090931732565,37.441247807956685,38.001001632952295,18731400
2020-06-05,41.26622772216797,41.55387767795947,40.11562196764701,40.15449606805131,41328900
2020-06-08,42.5567741394043,43.03878279307358,41.56165576855689,42.541225090488794,33579400
2020-06-09,41.60830307006836,41.95814925777389,40.77644822690069,41.11074536563287,27276900
2020-06-10,39.3770637512207,41.59275117916695,39.3381896486046,41.59275117916695,31156800
2020-06-11,35.90192794799805,37.96990374341552,35.839731760140694,36.951463409832385,39183000
2020-06-12,36.67158889770508,37.79886966819453,35.69202260021296,37.34795913940534,30978100
2020-06-15,36.64826202392578,37.13027058575145,34.790194034894526,35.25665355076745,27929300
2020-06-16,37.47235107421875,38.6773741998732,36.72601451498891,38.53743572430787,26203400
2020-06-17,36.25177764892578,37.41792959462177,36.22845259335099,37.31686226227168,19279400
2020-06-18,36.477237701416016,36.795988801690214,35.583189502270486,35.84751744064357,21478700
2020-06-19,35.74644470214844,37.51899474774458,35.74644470214844,37.48789961578932,48899900
2020-06-22,36.08851623535156,36.104065284752465,35.295535475651064,35.52098927776932,17565400
2020-06-23,36.30619812011719,36.7104644870056,36.15071059967122,36.46168564056316,18916600
2020-06-24,34.59584045410156,35.73089428308022,34.40148179986504,35.69202314536846,27626900
2020-06-25,35.11671829223633,35.171141440852345,33.96611547832956,34.24599239954318,19353600
2020-06-26,33.91170883178711,34.9379226420815,33.81841747603636,34.891278447045494,31518600
2020-06-29,34.455902099609375,34.658036761462554,33.84950404540527,34.0594117485554,17052100
2020-06-30,34.766868591308594,34.96122719843232,33.554069815212834,33.76397746678769,22153600
2020-07-01,33.98166275024414,35.27997996344537,33.950564657139076,34.588063703083336,17290100
2020-07-02,34.26932144165039,35.13227142825135,34.152705055680535,34.68913390665052,18216600
2020-07-06,34.51032257080078,35.04675436073054,34.08273411967141,34.72800331704605,22692000
2020-07-07,33.616268157958984,34.20711705676885,33.5152008453562,34.12937479518343,17407600
2020-07-08,33.53852844238281,34.15270249314277,33.30529865362063,33.546304449225566,18291400
2020-07-09,32.154693603515625,33.507428065668364,32.10027342203117,33.35194352752848,25882000
2020-07-10,33.157588958740234,33.20423313963604,31.952562880516208,31.96811192937409,18951000
2020-07-13,33.16535949707031,33.65514411925304,32.83106238605263,33.41413832866334,20028300
2020-07-14,34.26153564453125,34.354826947243886,32.85437823592923,33.06428589129044,21444100
2020-07-15,34.696903228759766,35.054522393834546,34.37037919036477,35.007875255298885,17332400
2020-07-16,34.4247932434082,34.83683547962545,34.04385205969109,34.4481182913641,14673700
2020-07-17,33.83395767211914,34.743554825340006,33.73289033320195,34.46368083135678,17958900
2020-07-20,33.04096984863281,33.826177474255125,33.025420801058026,33.59294769198853,18553900
2020-07-21,34.712459564208984,35.1322720364771,33.515209448145626,33.546307547033024,28821800
2020-07-22,33.9039192199707,34.32373456421547,33.717333633969496,34.32373456421547,21345400
2020-07-23,33.973899841308594,34.0671911827672,33.44524396357933,33.740670004822924,17934400
2020-07-24,33.76398468017578,34.53364326803763,33.5773990725767,34.113830840875536,16415300
2020-07-27,34.26153564453125,34.277084689262864,33.40635894403184,33.60849059418872,18547900
2020-07-28,33.85727310180664,34.40147786455083,33.787303875658424,34.1371500063995,19190500
2020-07-29,34.230445861816406,34.27709300733117,33.694017033946544,33.98166701709319,14143200
2020-07-30,32.551185607910156,33.56962599330363,32.520090478077066,33.53075485675406,29901100
2020-07-31,32.71445846557617,32.78442475193228,31.804858189126815,31.999216893036337,32116200
2020-08-03,32.84661865234375,33.0409773425943,32.24022048777906,32.69113110700766,23033600
2020-08-04,33.795074462890625,33.89613880003951,32.83883050264429,32.91657275670911,17724000
2020-08-05,34.090511322021484,34.448133547517564,33.841732448610884,34.323744110812264,17175100
2020-08-06,33.92723846435547,34.129373079399144,33.62403950746698,33.74065585965965,14434900
2020-08-07,33.77175521850586,33.83395140498893,33.281973595499984,33.6084946775039,18757900
2020-08-10,34.603614807128906,34.673584043933566,33.89614939751642,34.19935140078847,24367800
2020-08-11,34.961238861083984,36.08851678590645,34.774653231104594,35.37327829662108,28987500
2020-08-12,34.95330810546875,35.62716291273368,34.58863381034148,35.24663281901161,22503200
2020-08-13,34.09710693359375,34.77889102841972,34.02575736496816,34.48556636815174,17338700
2020-08-14,34.24773406982422,34.31115422588757,33.621443773711334,33.772069290522516,13595700
2020-08-17,33.80378341674805,34.22395143276452,33.66901368488763,34.22395143276452,15554600
2020-08-18,33.63730239868164,34.23980754079884,33.52631484809562,33.76414574566336,13014000
2020-08-19,33.26469802856445,33.819638793745796,33.19334845840994,33.57387849117272,14473100
2020-08-20,32.757328033447266,33.20920768301707,32.74147223575553,33.05065273028391,15678500
2020-08-21,32.51156234741211,32.77317842993365,32.27373146960032,32.74146683977643,25517700
2020-08-24,33.470829010009766,33.70073055180608,32.574995958411776,32.725621523614144,18208900
2020-08-25,32.408504486083984,33.3519016197551,32.26580535336954,33.02686537839079,31285600
2020-08-26,31.71879196166992,32.37679387397842,31.710865575916817,32.21823894126208,26795000
2020-08-27,31.50475311279297,31.94870339165827,31.16386099198742,31.710872453096933,32034300
2020-08-28,32.25788497924805,32.44022213897135,31.520606928436468,31.584030127045217,33477100
2020-08-31,31.663293838500977,32.28165768871688,31.63158527566132,32.218234514670776,25259600
2020-09-01,31.258983612060547,31.51267027548828,30.95772956517127,31.51267027548828,22464100
2020-09-02,31.06872940063477,31.488900560406535,30.87846583984188,31.10044100216184,26413400
2020-09-03,31.005306243896484,31.734654863861056,30.822969088905342,31.076655828387324,28817200
2020-09-04,30.981525421142575,31.54439271013789,30.640633282920717,31.282776547425225,24632500
2020-09-08,30.26802444458008,30.66441030370325,29.61002246682724,30.32351822292259,38496400
2020-09-09,30.085683822631836,30.79125008616264,30.06189861739811,30.40279065863853,25886100
2020-09-10,29.332555770874023,30.41865225940234,29.253279802788636,30.339376291316952,34381200
2020-09-11,29.25328254699707,29.57831888533328,28.928246208660862,29.435619710045714,26838600
2020-09-14,29.063016891479492,29.34048583877114,28.928247123990612,29.26120986074059,26129900
2020-09-15,28.753828048706055,29.633805062248545,28.706260661098625,29.173996054594912,23724200
2020-09-16,29.974706649780273,30.24424921694616,28.75383719707686,28.904462769481253,30890900
2020-09-17,29.966773986816406,30.109473155378087,29.30877495327931,29.61002606541221,24696200
2020-09-18,29.483182907104492,29.982630000645734,29.094726408715907,29.752725446963392,46853800
2020-09-21,28.880680084228516,29.102655244840815,28.286101169001498,28.880680084228516,35351800
2020-09-22,28.167177200317383,29.205709203747904,28.11961283435739,28.90445511453728,27303200
2020-09-23,27.263418197631836,28.373299783987676,27.231706603922465,28.262312230188897,31251400
2020-09-24,27.20792579650879,27.60431166536723,26.76397253468103,27.271348987134548,26796000
2020-09-25,27.46161842346191,27.699449391148026,26.85911310371144,26.95424488594892,23486000
2020-09-28,27.992774963378903,28.46051047335951,27.82629057738374,27.858002177019447,23396500
2020-09-29,27.17621803283691,27.83422011952365,26.946316494864615,27.747014732210022,20770500
2020-09-30,27.21585273742676,27.683585117013383,27.05729779943636,27.461610018337165,22223700
2020-10-01,26.264528274536133,27.03351479656757,26.113899710284496,26.787757495625048,36890200
2020-10-02,26.14560890197754,26.438933568487,25.535174362788112,25.56688595489288,32694300
2020-10-05,26.748123168945312,26.75604955669127,26.296240438626945,26.41515742410829,22965200
2020-10-06,26.47064781188965,27.28720173317832,26.40722764551182,27.049370816939152,26731800
2020-10-07,26.557849884033203,26.74811640787312,26.32794538311358,26.668837429529905,23779300
2020-10-08,27.953126907348633,28.016550090636937,26.763969438347377,26.859104213279835,34413700
2020-10-09,27.54088973999023,28.500142755559494,27.469540167185183,28.28609403714434,29228600
2020-10-12,27.45368766784668,27.532963636403014,27.13657774525264,27.38233808647224,17912800
2020-10-13,27.128650665283203,27.643950496108808,27.03351587642385,27.532962933290506,20995100
2020-10-14,27.073156356811523,27.612241386449153,26.978021569804262,27.001806778648184,17743000
2020-10-15,27.310989379882812,27.318915767318593,26.37551840486956,26.716410524112582,23251600
2020-10-16,27.03351593017578,27.46161340834126,26.85910819862206,27.24756466925852,22627200
2020-10-19,26.49443244934082,27.24756627398327,26.4706502627702,27.033517522294296,23645800
2020-10-20,26.71640968322754,26.89874683035598,26.42308497038478,26.68469808611363,23040600
2020-10-21,26.288312911987305,26.65298721619387,26.272457112997746,26.565781833843513,28619300
2020-10-22,27.63601875305176,27.71529470421931,26.177318872609497,26.30416220898779,31831500
2020-10-23,27.08108139038086,27.81043293340272,26.843250483115668,27.723227561762535,27429100
2020-10-26,26.43893814086914,26.771903867185,26.121831237532188,26.645060501013337,30888700
2020-10-27,26.018768310546875,26.32002241904737,25.923636548351425,26.28038443681461,27100700
2020-10-28,25.02780532836914,25.669951571080787,24.98816734345261,25.447973412016292,42136400
2020-10-29,26.137685775756836,26.264529135811085,24.663129825011005,24.900960747089695,38622800
2020-10-30,25.86021614074707,26.272457853542218,25.37662484257999,25.69373478294072,47885700
2020-11-02,26.94631004333496,27.31891066694189,25.820572714006605,26.27245231809236,40130300
2020-11-03,26.486501693725582,27.34269655927787,26.26452659118268,27.34269655927787,36773000
2020-11-04,26.34380531311035,27.065227496240823,25.78886447435208,26.375516909424373,35410100
2020-11-05,26.29623794555664,26.890816768223925,26.27245576038892,26.454792903104774,30824100
2020-11-06,25.9870548248291,26.684694753280297,25.860211476400156,26.240741521686996,33985600
2020-11-09,29.27705955505371,30.1332514311151,28.58734901264536,28.8727442885431,76879400
2020-11-10,29.92658233642578,30.389364282069703,29.212110714477483,30.080841952591317,49055400
2020-11-11,29.618059158325195,30.13767374225502,29.382607832123483,30.11331777649182,34124500
2020-11-12,28.60318374633789,29.463797270197414,28.310899791172503,29.114680667877316,30933700
2020-11-13,29.293298721313477,29.43131997664238,28.724969164404104,28.74120750570402,29241500
2020-11-16,30.9820499420166,30.990167565138105,30.12143632521294,30.51926799540777,38596800
2020-11-17,31.396108627319336,31.428585305585568,30.34876207897858,30.697878627474335,26521100
2020-11-18,30.21074676513672,31.76959371873933,30.202629141719683,31.680284375414775,31068000
2020-11-19,30.365007400512695,30.44619601770101,29.683012485830304,29.926581434542467,26954400
2020-11-20,29.991531372070312,30.37312468229413,29.86162772773945,30.32440965423986,18351000
2020-11-23,31.95633125305176,32.01316391059056,30.267580580048552,30.44619927354054,29367600
2020-11-24,34.083499908447266,34.16469161971339,32.65455985878169,32.89000807858568,46979300
2020-11-25,33.133575439453125,33.86428215484884,33.00367181690633,33.831805474925474,28178200
2020-11-27,32.63019561767578,33.23911941835969,32.370388377155706,33.044265536542945,14971900
2020-11-30,30.95769500732422,32.378517581287376,30.827791353019197,32.31356420556116,45614300
2020-12-01,31.258092880249023,32.19177741293346,31.233736915844975,31.631565454463978,32472900
2020-12-02,32.42723083496094,32.81694181372808,31.12819423907047,31.168788551976885,29369500
2020-12-03,32.64643859863281,32.995555208429884,32.25672768244826,32.53277330188903,27038900
2020-12-04,33.83992004394531,33.90487029484234,33.00366581933967,33.10109274425827,28723600
2020-12-07,33.20664596557617,33.7262604486415,33.019906607149615,33.62883041020678,24899400
2020-12-08,34.294593811035156,34.578757045587864,32.83317404148702,32.906245029964424,32573800
2020-12-09,34.7492561340332,35.50432200752273,34.40826024130739,34.676185143142376,37824800
2020-12-10,35.731658935546875,36.10513467581884,34.71678560283011,35.07402299812089,38058700
2020-12-11,35.561153411865234,35.666701083268855,35.0821331765989,35.4799648013375,25478800
2020-12-14,34.278350830078125,36.09700147936484,34.24587415133994,35.999574540296834,30595000
2020-12-15,34.94411087036133,35.0902528426421,34.14845074191428,34.45696993037647,27138400
2020-12-16,35.47996520996094,35.812843472393546,34.87915895483655,35.52055951569233,34273000
2020-12-17,35.30134963989258,35.7560139564863,35.236399364463345,35.723537270198044,21204600
2020-12-18,34.69242477416992,35.544917634804115,34.44073510794006,35.13085073580369,46596800
2020-12-21,34.05913543701172,34.16468308672248,32.906238202157915,33.377140718447215,27869500
2020-12-22,33.48269271850586,34.01854556006137,33.47457199977882,33.758738309437284,21792900
2020-12-23,33.91300582885742,34.41638210753748,33.66131614094366,33.70191045263363,19085900
2020-12-24,33.77497100830078,33.97794560113227,33.59635547266869,33.815568404584276,8039000
2020-12-28,33.88864517211914,34.546280983083356,33.710026508821684,33.84804776889916,23877500
2020-12-29,33.507049560546875,34.19716200742975,33.45021691655167,34.132211741641,20287700
2020-12-30,33.77497100830078,34.44072742501634,33.5070461562794,33.55576117353169,23807300
2020-12-31,33.46645736694336,33.839929935925355,33.26348274069483,33.66943199319188,22786500
2021-01-04,33.69378662109375,34.30271047569183,33.28783738469503,33.653192316883256,27764700
2021-01-05,35.31759262084961,36.373060286640865,33.961723310312244,33.969840934376656,44035100
2021-01-06,36.21879196166992,36.61662048546988,35.47996446318021,36.05641164501513,36484800
2021-01-07,36.502952575683594,36.99821111225441,36.15383600390898,36.53542925611535,29528100
2021-01-08,36.908905029296875,37.20118898454432,36.49483815746099,36.69781278225538,28628200
2021-01-11,38.029327392578125,38.272896332939645,36.33245933548202,36.567910653261904,38246200
2021-01-12,38.87369537353515,39.10914355033948,38.086152952390954,38.53269644278796,36915100
2021-01-13,39.312129974365234,39.54758131916119,38.71944434919255,39.40143931874629,29000300
2021-01-14,40.846622467041016,41.4717848033398,39.37708478583368,39.37708478583368,35474800
2021-01-15,38.88181686401367,39.84797801632491,38.39467902549229,39.70995366721751,42411300
2021-01-19,39.65312194824219,40.14025979813472,39.25529032968397,39.336482036097344,24932600
2021-01-20,40.21333694458008,40.38383800558936,39.77491405138483,39.87234101685629,22342400
2021-01-21,39.06043243408203,40.09966139272136,38.71131587507415,40.050949471001765,29044500
2021-01-22,38.50835037231445,38.678848332902824,37.86694974288506,38.16735135399038,23264800
2021-01-25,38.078033447265625,38.19981634017739,37.477227311936545,38.078033447265625,26395800
2021-01-26,37.24178314208984,38.85746251177781,37.22554480051318,38.370321555918785,23976800
2021-01-27,36.81960678100586,37.88319525002593,36.153850059069,36.535443459623515,32410300
2021-01-28,37.39604187011719,37.826347036221456,37.09563722854756,37.29861183099624,24967200
2021-01-29,36.405540466308594,37.37981959624013,36.13761238928953,36.98198784170673,38961100
2021-02-01,36.47047424316406,37.00633015457402,35.9589804866944,37.00633015457402,24412400
2021-02-02,37.046932220458984,38.15111475940448,36.76276586570692,37.193074209269255,31940400
2021-02-03,38.500221252441406,38.703195855663,36.87642442666866,37.046925447206256,28459300
2021-02-04,39.23905944824219,39.279653757388786,38.36220750436878,38.87370447162827,25280300
2021-02-05,40.5543327331543,40.692353998462266,39.81550518489825,39.929170485068845,34980100
2021-02-08,42.29991149902344,42.51100684785668,41.171373055878746,41.34187100114225,36998700
2021-02-09,41.80449676513672,42.07697159658607,41.09440606841543,41.837521822158074,28977000
2021-02-10,42.20908737182617,42.45679265885958,41.6063366851389,41.804502804611786,25723800
2021-02-11,41.15221405029297,42.05221243425806,40.27698525266602,42.01918421931124,26972200
2021-02-12,41.71367645263672,41.87055573151974,40.797164063426735,40.81367816905815,19756700
2021-02-16,42.968727111816406,43.37331174139514,42.6219371367191,42.902670678562025,28060100
2021-02-17,43.63751983642578,43.984309721415386,42.770549848566695,43.22467668508876,25509700
2021-02-18,42.952205657958984,43.71183561201038,42.82009596378728,43.60449865094457,20627600
2021-02-19,43.24119567871094,43.398078109794554,42.869636170544005,43.02651860162762,22607200
2021-02-22,44.83477020263672,45.255872024036755,43.42284723622304,43.42284723622304,36435100
2021-02-23,45.454044342041016,45.62743776310726,44.37239696798984,45.39624653501893,33527900
2021-02-24,46.8164176940918,47.06412297453538,45.305410128821926,45.56962951459422,28728600
2021-02-25,46.0402717590332,47.27054586704972,45.70174046483971,47.047610163593966,29670900
2021-02-26,44.89256286621094,45.46228842418779,43.86045500001315,44.92559107386764,35291000
2021-03-01,46.5687141418457,47.56779392823271,46.345778436250114,46.62651193776934,36998300
2021-03-02,46.29623794555664,47.03109836536805,46.25495425394526,46.775137587531226,30302600
2021-03-03,46.66778945922851,47.85677658216832,46.13935073792193,46.58521894043484,35358900
2021-03-04,48.47604751586914,49.10357094020205,47.14669191537447,47.163206021250986,52137500
2021-03-05,50.3090705871582,50.408152069257945,48.806321651380834,49.40081684346631,51429800
2021-03-08,50.25952911376953,50.870538421404966,49.39255904394032,50.845768837900685,38154600
2021-03-09,49.48337936401367,50.68888058544172,49.10356442845303,50.04484629038297,35645900
2021-03-10,51.00265121459961,51.12650228938819,49.56595543894811,49.97054317597588,31579100
2021-03-11,50.62282943725586,51.646678710687986,50.58154260144149,51.0108998660155,24802600
2021-03-12,51.16778564453125,51.49805830454223,50.77971204053121,50.82099572931463,20422700
2021-03-15,49.86319351196289,51.07695334093394,49.43383627212454,50.77145030191665,31243600
2021-03-16,48.80632019042969,49.26044704868197,48.253108703300114,49.1613655695481,30624800
2021-03-17,49.020999908447266,49.318247511690984,48.401735118270715,48.459532913374375,25575500
2021-03-18,46.9072380065918,48.69072021901077,46.66778823299672,48.55861054215541,38622800
2021-03-19,46.643028259277344,47.45220059038797,46.08156122956895,46.824677133775616,84439400
2021-03-22,46.16411590576172,46.94851843573112,46.155860429543125,46.65127089597489,29315100
2021-03-23,45.59440612792969,46.47789036487471,44.95862719251007,45.36321178339468,33493300
2021-03-24,46.51917266845703,47.29531676333736,46.30449558680714,46.30449558680714,29781800
2021-03-25,46.387062072753906,46.65128146802696,44.99990867269857,45.58614525910167,31495900
2021-03-26,47.65036392211914,47.70816172121335,46.667798187773776,47.31183260610571,34226500
2021-03-29,47.39440155029297,47.74118833322376,46.84944864158479,47.34485923141269,21144400
2021-03-30,46.80815887451172,47.36137037665143,46.6430241213892,46.948527194358086,20303400
2021-03-31,46.09807586669922,46.758624394620014,46.0733031314533,46.52743004753986,23686500
2021-04-01,47.38614654541016,47.43568886807843,46.35403844623414,46.50266226449501,23194500
2021-04-05,46.65127944946289,47.328342014272074,46.354031855206465,47.31182790906411,23264800
2021-04-06,46.51917266845703,47.509996994730955,46.453116243491706,46.93201587525919,18926300
2021-04-07,46.7255973815918,46.874221197911446,46.43660837749465,46.56045945793175,22385000
2021-04-08,46.23843765258789,46.30449407539709,45.67697065768411,46.18063985750164,21999300
2021-04-09,46.13108825683594,46.601729150535675,45.85035481587969,46.23842834742763,20020700
2021-04-12,45.82559967041016,46.890735986255535,45.66872037301387,46.8659632500132,20238800
2021-04-13,45.99898910522461,46.2219248137003,45.487064413397306,45.66045780340828,19370600
2021-04-14,47.328338623046875,47.898061038053605,46.44485453105777,46.576964213511935,28051100
2021-04-15,47.04761505126953,47.41091596700834,46.88247712602682,47.41091596700834,23250300
2021-04-16,46.78337860107422,47.625578878471615,46.60172663445631,47.36135955415982,22752000
2021-04-19,46.634765625,47.1797185011696,46.20540833623856,46.85770132203441,21123300
2021-04-20,45.652198791503906,46.62650893102122,45.23109699150834,46.62650893102122,21782100
2021-04-21,46.23843765258789,46.34577776478103,44.834770165328464,44.99990807260785,16625600
2021-04-22,45.63568878173828,46.230184011670275,45.42926717687231,46.230184011670275,21600100
2021-04-23,45.883392333984375,46.188895415648155,45.56137514658964,45.63568704750716,15337900
2021-04-26,45.974212646484375,46.47788178479401,45.77604655200035,45.80081928240037,16083800
2021-04-27,46.57696914672851,46.75862116049646,46.08155857248962,46.24669333074017,19278600
2021-04-28,47.98062896728515,48.26961789775385,46.89072335845596,46.98980482751049,24729800
2021-04-29,48.665958404541016,49.11182984508698,48.01366850049472,48.64944429751222,27318400
2021-04-30,47.26229476928711,48.62467555034589,47.196238340032814,48.162293144541465,30518400
2021-05-03,48.56686782836914,48.707236136988094,47.6751282638083,47.873291211602584,20509600
2021-05-04,48.872371673583984,49.12833556421268,48.310904729442086,48.7154924082109,23522200
2021-05-05,50.34210586547851,50.40815914623729,49.04577833942999,49.35128145614523,31526200
2021-05-06,50.82100296020508,50.89531487048588,49.56595911420925,50.25128041454823,26836800
2021-05-07,51.54759979248047,51.58062800287382,50.243013829634634,50.42466583705456,33610600
2021-05-10,51.67145919799805,52.860443394180486,51.63017235598653,52.21641212526556,31956600
2021-05-11,50.02833557128906,51.514570356450776,49.86319767299478,50.88705012262461,34563800
2021-05-12,50.29640197753906,51.67025386439578,50.05346389627988,50.27126835820383,34426500
2021-05-13,49.67649841308594,50.639871932653655,49.21575580636494,49.42518455447713,24268200
2021-05-14,50.90794372558594,51.00009289194063,50.20426295916651,50.20426295916651,20735400
2021-05-17,52.09749603271485,52.14776008442755,50.6231190010633,50.715268164722,25282500
2021-05-18,50.62311935424805,52.18964556048755,50.597988926030965,51.938331691429056,25170800
2021-05-19,49.4084358215332,50.14562599844591,48.93931421883794,49.50896073795738,28889800
2021-05-20,49.29114532470703,49.55083809666693,48.78851765805492,49.38329447590664,20692500
2021-05-21,49.35816192626953,50.120485577046,49.29952213707578,49.777019389441385,20792700
2021-05-24,49.936187744140625,50.09535243122874,49.1654883428697,49.49219985156982,18400300
2021-05-25,48.80527877807617,49.87755624522905,48.68799917908196,49.844046875336595,25616100
2021-05-26,49.37491989135742,49.525708843776,48.50369873870779,48.796897704172224,21698700
2021-05-27,49.05659866333008,50.01159339049775,48.60423173078867,49.617866260808434,33556000
2021-05-28,48.89742660522461,49.257644332607015,48.67962209816119,49.199004534719585,19246800
2021-06-01,50.64824295043945,50.8492959359434,49.80215229309296,49.80215229309296,28474200
2021-06-02,51.05035400390625,51.360310873303874,50.40531303183808,50.89118929480994,22978300
2021-06-03,51.25140380859375,51.44407787456541,50.55609882668682,50.723642465331906,20272800
2021-06-04,51.47758865356445,51.68701740870863,50.91631792805087,51.48596439769337,20427800
2021-06-07,51.14249801635742,51.71214444867815,51.11736758998794,51.37706037977883,15477900
2021-06-08,52.04723358154297,52.34043255180844,50.8241672590506,51.51947223943601,28953400
2021-06-09,52.48284530639648,53.127883035370935,52.09749398301852,52.499596794012454,29133000
2021-06-10,52.566612243652344,53.59700123164608,52.14775477557543,53.28704760004525,27488700
2021-06-11,52.08074188232422,52.935211596418206,52.055611454025026,52.784422635364606,17631700
2021-06-14,51.996971130371094,52.59174802870243,51.57811361960888,52.18964520184621,16997200
2021-06-15,53.89021301269531,53.94885281306105,52.231534330371794,52.3404381863208,30717100
2021-06-16,53.69752502441406,54.28392930241148,53.24516139687606,53.88182332917732,24803200
2021-06-17,51.929962158203125,53.99911635003628,51.32680624382022,53.4964885518036,28491800
2021-06-18,50.59798812866211,51.56135847747619,50.46395385423453,51.10061585885822,39590700
2021-06-21,52.43258285522461,52.52473201806728,51.01684563196035,51.04197605977956,33145400
2021-06-22,53.437843322753906,53.6221416546871,52.1310067061563,52.65038913767886,25140400
2021-06-23,53.83156204223633,54.200152257512975,53.26191564634598,53.65564267764252,20701600
2021-06-24,54.04936218261719,54.08287154534909,53.45458857008386,53.739411762047595,19568400
2021-06-25,54.16666030883789,54.39284056898648,53.9153432275538,54.12477199820425,18438300
2021-06-28,52.784423828125,54.082881514868255,52.566619321475464,54.082881514868255,20570000
2021-06-29,52.45770263671875,53.421075985574106,52.43257221399978,52.951954522505915,19579300
2021-06-30,52.84306335449219,52.96871868621252,52.31530201350533,52.52473076200164,17875500
2021-07-01,52.99384307861328,53.96559223315045,52.58336456785715,53.8902009600811,22530300
2021-07-02,52.918460845947266,53.0441193880423,52.29017452673107,52.78442655900633,14555300
2021-07-06,51.41056823730469,52.57499156653837,51.01684436353309,52.56661582268327,22110800
2021-07-07,50.60636138916016,51.779163629566696,49.94456579356463,51.25140230182085,21671400
2021-07-08,50.38018798828125,50.85768536224115,49.684886084084944,49.8021656923376,18935900
2021-07-09,51.29328918457031,51.47758750759577,50.463953122213994,50.84930125614984,20086000
2021-07-12,51.24301528930664,51.51946272073422,50.39692470598576,50.61472915856598,21809400
2021-07-13,51.00008773803711,51.527845862796184,50.6901309015074,51.10061263861565,17147300
2021-07-14,49.869171142578125,51.71214471574381,49.72676113157696,51.243023182107216,21573600
2021-07-15,49.383304595947266,50.011590905830495,49.23251562592494,49.56759974048501,15851100
2021-07-16,48.0178108215332,49.64297634050227,47.87540084316818,49.57596081998587,27049500
2021-07-19,46.367523193359375,47.07958284878323,45.739236953906655,46.61046130623207,37969100
2021-07-20,46.878536224365234,47.41467337701095,46.09946092579271,46.49318804535481,26756100
2021-07-21,48.38641357421875,48.83878040919876,47.60734161925837,47.63247204488096,20908700
2021-07-22,47.84189987182617,48.36966116928358,47.46492751649945,48.36128223048252,13493800
2021-07-23,47.783260345458984,47.992689077833234,47.305763091296015,47.992689077833234,14088200
2021-07-26,48.98957061767578,49.13198382301085,47.74975285679928,47.88378712295812,18387600
2021-07-27,48.44505310058594,48.595838839182754,47.92566757352987,48.595838839182754,16861400
2021-07-28,48.77177429199219,49.11523735620497,48.26914331309551,48.58747594683379,16855300
2021-07-29,49.36655044555664,49.701637759375416,49.05659675743343,49.42519024613051,18607800
2021-07-30,48.22725296020508,49.32466077578305,48.01782420731357,49.32466077578305,28652800
2021-08-02,48.23562240600586,49.475439995623766,48.08483347795233,48.21048878757792,20873800
2021-08-03,48.755008697509766,48.930928062728285,47.69111037186683,48.22724740622542,18208200
2021-08-04,47.61571502685547,48.48693928949587,47.590584602465626,47.90891396349948,20868300
2021-08-05,47.917293548583984,48.33615100408624,47.60733992628837,47.858653760463966,15180200
2021-08-06,48.470184326171875,48.64610368713531,48.193736876976146,48.302640708080105,14888500
2021-08-09,47.917293548583984,48.18536206445513,47.60733992628837,47.858653760463966,17828200
2021-08-10,48.73825454711914,48.88904348913013,48.00106451902419,48.10158941515524,16340200
2021-08-11,48.88066864013672,49.006327167535886,48.35291049457005,48.746634368871185,18278600
2021-08-12,48.77011489868164,49.144290490556614,48.36192599808832,48.812637211574355,19225500
2021-08-13,48.27689743041992,48.53201513836413,47.87721096677548,48.49799857890552,20063000
2021-08-16,47.571067810058594,47.69862828439494,47.0013050444175,47.639100928104014,16959500
2021-08-17,47.247920989990234,47.877211122026694,46.77169888801852,47.19689615063687,16243700
2021-08-18,46.25294876098633,47.46051044009933,46.184918899006504,47.12885391445768,21890500
2021-08-19,44.8412971496582,45.67468328774738,44.305547759459,45.47059044462204,30923500
2021-08-20,44.84980010986328,45.18995590849732,44.31405075311828,44.45011372137131,16918300
2021-08-23,46.69515228271485,46.82271272913661,45.87877450880687,45.87877450880687,21632600
2021-08-24,47.07783889770508,47.494530375964345,46.78019888352239,47.018311543668034,17915600
2021-08-25,47.16286849975586,47.426491908421966,46.66113571809901,46.97578395411895,13270300
2021-08-26,46.52507781982422,47.23090674372518,46.45704795327799,46.941772511909896,11842600
2021-08-27,47.42649459838867,47.80066695488194,47.1118495885194,47.1118495885194,15822500
2021-08-30,46.907745361328125,47.91121080720542,46.87372881373989,47.82617268223136,14086100
2021-08-31,46.36350631713867,47.035318718643914,46.31248148173409,46.71216791574308,27104100
2021-09-01,45.7257080078125,46.56759666062443,45.58113927062427,46.33799302367372,21644100
2021-09-02,46.8397216796875,47.31594043266232,46.1509010982814,46.167909374315784,23293300
2021-09-03,46.66114044189453,47.04381857579688,46.43153356155312,46.87373904472947,13840000
2021-09-07,46.38901901245117,47.00130408638925,46.32098913979003,46.49106544344167,14354400
2021-09-08,45.96382141113281,46.92476809054784,45.92980485306559,46.59311475938626,18756700
2021-09-09,45.997833251953125,46.77169202663391,45.32602089701124,45.598146845646426,19110800
2021-09-10,45.90428161621094,46.96727443775342,45.87877082657285,46.93325788890486,15123700
2021-09-13,47.08633804321289,47.56256008540368,46.4485422293489,46.474056267821595,22052300
2021-09-14,46.414527893066406,47.42649606087743,46.26995915823787,47.358462951782315,19940300
2021-09-15,47.979244232177734,48.07278812301485,47.035309296267975,47.08633087745421,23240900
2021-09-16,47.46901321411133,48.013265088893434,47.19688727672027,48.013265088893434,17907200
2021-09-17,46.907745361328125,48.25987230999353,46.85672053994577,47.06081658147866,30000400
2021-09-20,45.657676696777344,46.06586564210403,45.03688913967651,45.73421232677593,27555100
2021-09-21,45.61515426635742,46.35499647256648,45.28350097543603,46.23594177777389,19696800
2021-09-22,46.95027160644531,47.54554830432103,46.23594021779385,46.28696504698218,25690600
2021-09-23,48.54051208496094,48.67657505408779,47.00979962728753,47.128854319773886,23069400
2021-09-24,48.974212646484375,49.169802965293734,48.20035388771814,48.21736216465771,22328600
2021-09-27,50.42838668823242,50.85358388331701,50.02019777023088,50.04570856385686,32972200
2021-09-28,50.95563507080078,51.43185714170453,50.60697346795976,50.93863003612338,37619300
2021-09-29,50.92161560058594,51.18523577817869,50.21578671890854,50.887599047349106,23422800
2021-09-30,50.02019500732422,51.168226073041296,50.01169249125092,51.12570700468084,31289600
2021-10-01,51.81452941894531,51.86555424917661,50.52192958239294,50.52192958239294,24407300
2021-10-04,52.486351013183594,52.78398779872268,51.83154684099995,52.14619190628379,33946700
2021-10-05,52.40129470825195,53.319722089224605,51.89105943704275,53.16665085906249,29641600
2021-10-06,51.44035720825195,51.976103329210886,50.81106394293885,51.42334893146002,25284900
2021-10-07,51.58492660522461,51.942093956934976,51.14272110710563,51.5424075320203,19513600
2021-10-08,52.87752532958984,53.08161817388442,52.08665825895451,52.08665825895451,22186900
2021-10-11,52.35027313232422,53.6258645544608,52.29924830759993,53.600350520100285,22121500
2021-10-12,52.078163146972656,52.707453291021615,51.74650655084132,52.35879165877888,20198600
2021-10-13,51.9335823059082,52.20570823634975,51.202242651347674,51.686967167696494,14991700
2021-10-14,52.72444915771485,52.91153695086964,52.01862029735592,52.47783402019207,18594500
2021-10-15,53.2261848449707,53.63437376170321,53.09862438924304,53.34523954018471,16092600
2021-10-18,53.20067596435547,53.69390303997657,52.95406080454629,53.65138396787088,18282800
2021-10-19,54.00004196166992,54.093585860485575,53.29421308442243,53.464292605542056,18933200
2021-10-20,54.29767227172851,54.31468054622952,53.33672909239688,53.4812945596604,14305200
2021-10-21,53.311222076416016,54.11909737957885,53.02208785983133,53.97453189328505,16564600
2021-10-22,53.6768913269043,53.76193270967012,53.02208727759419,53.379254597216544,14266800
2021-10-25,54.72287368774414,54.78240103116104,54.06807291015818,54.18712759699199,17939800
2021-10-26,55.989959716796875,56.07500434041043,54.73137973844024,54.84192866594645,25585100
2021-10-27,54.53579330444336,55.48823741646538,54.40823608436714,55.41170503081806,21764500
2021-10-28,54.68885803222656,54.824924241119874,54.11059286441484,54.27216662148019,16626400
2021-10-29,54.82493591308594,55.581786519201515,54.70588119895508,55.31816629333967,23966300
2021-11-01,55.81137466430664,56.19405598586998,55.29263363071603,55.335155940220915,19656400
2021-11-02,55.12255859375,55.658304670253095,54.98649887869888,55.30114061925103,16300000
2021-11-03,54.3657112121582,54.80791342071898,54.136104347714905,54.459255109968105,17372800
2021-11-04,54.7739143371582,55.18210007489467,54.280683956730925,55.00351800363555,17720100
2021-11-05,55.29264068603515,55.55626736021571,54.901460043051166,55.318157967790185,18565100
2021-11-08,55.88792037963867,56.44917730359054,55.5987829131225,55.74335489037774,17696000
2021-11-09,56.43217849731445,56.44068425879608,55.539261693599435,55.93044237781891,18781300
2021-11-10,55.32042694091797,56.57868787898387,54.95845952905583,56.29428467769261,20177200
2021-11-11,55.42383575439453,55.87198740238984,55.173906292087096,55.32042120115543,13319300
2021-11-12,55.00154876708984,55.475554091721,54.79471306870003,55.12220347241627,18158900
2021-11-15,55.475555419921875,55.820279400428895,54.48445753799305,54.949839514309446,18849200
2021-11-16,56.03573226928711,56.337375599367306,55.44969232755901,55.44969232755901,17028700
2021-11-17,55.42383575439453,56.22533141793637,55.31180112998958,55.48416310217993,15497000
2021-11-18,54.82056427001953,55.61343989122742,54.38965274868637,55.29456957356121,16948200
2021-11-19,52.28680038452149,53.458880202923034,52.06272784869478,53.33822550766297,32035500
2021-11-22,53.01073455810547,53.89841453850418,51.98516630828654,51.98516630828654,21994400
2021-11-23,54.406890869140625,54.62234663481706,53.36408246469516,53.596775086137,21185900
2021-11-24,54.70853042602539,55.027404055020085,53.932891602449565,53.932891602449565,15869700
2021-11-26,52.786659240722656,52.9331675740396,51.31294268604501,52.15752883938531,24979600
2021-11-29,53.07967758178711,54.41550254608909,52.82113134475991,53.92426370945929,18946400
2021-11-30,51.57148742675781,52.73494713860187,51.416359026832765,52.1058167556142,34979800
2021-12-01,51.52839660644531,53.45887823471923,51.493922898327696,52.48502063734975,30630600
2021-12-02,52.81251525878906,53.07106480291855,50.9682144645503,51.485310265215254,29216000
2021-12-03,52.47640609741211,53.63124914031992,52.01102085155506,53.36408280564034,22014700
2021-12-06,53.07106018066406,53.57091579475155,52.93316534908822,53.19171487069919,19210500
2021-12-07,53.66571807861328,54.32070210565346,53.51920646050022,53.72604542501459,19800400
2021-12-08,53.82085418701172,54.45860145103217,53.726053118350606,53.95874575390216,18214400
2021-12-09,53.958744049072266,54.09663561160602,53.2692862364035,53.47612193640704,16910300
2021-12-10,54.303466796875,54.59648675384712,53.631245896359985,54.52754262210927,17942400
2021-12-13,53.114158630371094,54.05354594188023,52.87284592654876,53.83809016664964,17793700
2021-12-14,53.03659439086914,53.8380901372975,52.76081126173188,52.795281687178374,22551100
2021-12-15,52.80390548706055,53.002124419647075,51.718006462775854,52.7349580561116,19961900
2021-12-16,52.890079498291016,53.82084996752602,52.82975214798068,52.95040684860136,21187800
2021-12-17,51.73523712158203,52.81251594412102,51.442217150347666,52.528116044519635,44338100
2021-12-20,50.98545455932617,51.06301876997421,49.951266179883795,50.66658093225947,21819300
2021-12-21,52.140289306640625,52.295417703122425,51.46806844694863,51.49392208383103,19798900
2021-12-22,52.562591552734375,52.890081958913875,51.683531608980296,52.002405230826305,14058300
2021-12-23,52.58843994140625,53.295134539566455,52.57120308686651,52.71771141906355,13543300
2021-12-27,53.33823013305664,53.38994070162115,52.07134914777663,52.51088076158952,12593700
2021-12-28,53.165863037109375,53.700195697851896,52.915936849929736,53.355465161088595,12781000
2021-12-29,52.70048522949219,53.08830300434731,52.50226301833357,52.984885150225566,12733600
2021-12-30,52.39022064208984,53.08829516380681,52.372983787682855,52.76080479285552,11940300
2021-12-31,52.73495101928711,52.97626370781378,52.312659567654975,52.347133278529355,14072000
2022-01-03,54.76023483276367,54.81194210929258,52.75218564184614,52.77804256770447,24282400
2022-01-04,56.81999206542969,57.04406789205227,55.24285435818041,55.26870799679304,38584000
2022-01-05,57.52668380737305,58.2678520948014,57.29399449629091,57.311228062776145,34033300
2022-01-06,58.87974166870117,59.017636492078346,57.80246301801856,58.60395859713391,30668500
2022-01-07,59.36236572265625,59.620915252076806,58.58673028476993,59.05210891742666,23985400
2022-01-10,59.009029388427734,59.61230293529812,58.56087768916243,59.43994094338902,22760300
2022-01-11,61.49105453491211,61.53414830433478,59.10380830810106,59.37097126800066,32936100
2022-01-12,61.31010437011719,61.88752435912835,60.87919275291075,61.31010437011719,23045100
2022-01-13,60.87057113647461,61.68930713352598,60.59478797146104,61.29286924476829,21043200
2022-01-14,61.93922424316406,62.18053364230008,60.84470530041259,60.887799082481735,23012900
2022-01-18,62.98204040527344,63.67149501327684,62.05988985348716,62.757964534457486,32841200
2022-01-19,63.00788497924805,63.65425227975311,62.52526616559783,63.55945121633064,26431600
2022-01-20,63.14577102661133,64.09378162744224,62.27533449339453,62.482170181217654,26774600
2022-01-21,62.1977653503418,63.06820843564643,61.22390771146404,63.06820843564643,35995200
2022-01-24,62.73210144042969,62.98203091730648,60.16386582387948,61.086016236747845,41507000
2022-01-25,64.57640075683594,64.84356379561693,61.525546401175816,62.55973142080827,39278400
2022-01-26,63.9213981628418,65.49853553063741,63.33535837140232,65.0072967771651,35252400
2022-01-27,64.74016571044922,65.50718788645227,63.76630121774289,65.03318246299436,29174700
2022-01-28,64.87804412841797,65.17106741150853,63.73181778828454,64.61088106236757,30595700
2022-01-31,65.46406555175781,65.86050328981226,64.00758277213302,64.6108627367099,36085500
2022-02-01,69.6611557006836,70.24719561237839,65.7312382912999,65.886366696607,61033100
2022-02-02,69.48017120361328,69.64391309913104,68.2132903675381,68.9975458623733,30299300
2022-02-03,68.67007446289062,69.21302072466189,68.10126798134888,69.02341856414797,28529400
2022-02-04,70.16101837158203,71.12625598929814,69.69563313081684,69.69563313081684,32197500
2022-02-07,71.00559997558594,71.60025997922256,69.49740965057318,69.92832117200538,34949200
2022-02-08,69.1699447631836,71.10042724988472,68.87692140147898,70.90220498386185,34356300
2022-02-09,68.83878326416016,69.73630051391163,68.58608313542098,69.3441835216385,40106100
2022-02-10,68.17655181884766,69.43133714280357,67.78443472915173,68.5948158095265,28527700
2022-02-11,69.89315032958984,69.98900233412049,68.16782754419633,68.50766405186715,42002100
2022-02-14,68.82137298583984,69.57075124859035,67.13961475312604,69.34419796714313,34652800
2022-02-15,67.95870971679688,68.13298915526265,66.59064770322443,67.00891170746146,25075100
2022-02-16,68.27239227294922,69.47489688728025,68.00226750796968,68.65580031207847,21733800
2022-02-17,68.16783905029297,68.94336420106667,67.92384785789025,68.38568334316379,23738800
2022-02-18,67.40974426269531,68.11555770436307,67.00019589350214,67.23547147277858,23394800
2022-02-22,66.62549591064453,69.52718340781884,65.62341086124464,69.42261575679343,35947800
2022-02-23,66.89562225341797,67.50559025978596,66.33794139781763,66.62549745875911,25385000
2022-02-24,66.05040740966797,68.8649525962924,64.50806573940352,68.83881233884414,46199900
2022-02-25,67.82799530029297,67.9587032045969,66.45122443278808,66.82591687948324,28310300
2022-02-28,68.33338165283203,68.77778577719475,66.39892368004246,66.66905506642077,32204600
2022-03-01,68.9869384765625,70.27657979134446,68.25498474379951,68.63838623083107,40002300
2022-03-02,70.17198181152344,71.58361480532646,69.55330500043398,70.23297792957231,44321400
2022-03-03,70.61640167236328,71.25250323865941,69.38775675826949,69.58817641838456,30196600
2022-03-04,73.27409362792969,73.43965739636171,70.28527670066505,70.62511322149338,42802200
2022-03-07,75.91438293457031,76.01023495699914,73.10854732837446,73.99734913407408,55207900
2022-03-08,76.4894790649414,79.73971850046101,74.44174425531955,77.59613168013486,72082300
2022-03-09,72.14131164550781,75.43511605354414,71.10437075850388,73.22181739911005,65466700
2022-03-10,74.3807601928711,74.65960063795453,72.23717302477712,73.20440227292791,44644200
2022-03-11,73.99735260009766,75.13886128937804,73.16954689279841,73.25668328597507,35303400
2022-03-14,71.34834289550781,72.7164044530268,70.1458450873192,72.37656797140656,37462600
2022-03-15,67.2877426147461,68.98692534821751,66.5470733885683,68.68194468427134,47957900
2022-03-16,67.0350341796875,68.50766346571392,66.44249754224009,67.80184356129276,37812300
2022-03-17,68.82137298583984,68.96950551172772,67.157039371668,68.12426857871525,34041900
2022-03-18,68.5512466430664,69.1786393265864,68.05456187662654,68.89108323862627,41461500
2022-03-21,71.627197265625,71.90603768067447,69.48361032841711,69.81473789184331,33089300
2022-03-22,71.31351470947266,71.62721106786117,70.39857253757381,71.13052627509289,23132200
2022-03-23,72.43759155273438,73.43096112913388,72.36788642224121,72.62057998543101,27716300
2022-03-24,72.65543365478516,73.76208649957518,72.10646837346849,72.72514543122944,19871600
2022-03-25,74.24132537841797,74.49402553218422,72.14131004937786,72.2545866777229,22398300
2022-03-28,72.15873718261719,72.59442574263412,71.47034846002087,72.47243347767576,21552400
2022-03-29,71.77532958984375,71.87989058047286,69.50103497055105,70.41597687895202,27036300
2022-03-30,73.00398254394531,73.20440223001934,72.07160918298655,72.37658988085519,22079000
2022-03-31,71.96702575683594,73.54422270271107,71.93217652592611,72.21101690975875,27861500
2022-04-01,72.42887115478516,73.31767292328615,71.44421071978691,71.44421071978691,18671100
2022-04-04,72.46372985839844,72.89941845067429,71.49650065169962,72.81227541375486,20869400
2022-04-05,72.08903503417969,74.12805438794733,71.94089586513289,72.75999251908063,21753100
2022-04-06,72.89070129394531,73.80564332975405,72.27202430361363,72.69028162053186,24768200
2022-04-07,74.11062622070312,74.45046276338905,72.07160031650771,73.04754507770413,26122000
2022-04-08,75.67040252685547,75.99281452536552,74.2152040124347,74.2152040124347,24866500
2022-04-11,73.06498718261719,74.87745360946793,72.76000644927244,74.74674568143979,21800100
2022-04-12,74.58988952636719,75.65297081020378,74.39818547215657,74.6857415534725,22444200
2022-04-13,75.64423370361328,75.90564945752628,74.23260724710369,75.46996096639047,19306800
2022-04-14,76.53306579589844,77.08203107247691,75.13886351945091,75.52226499042345,24566400
2022-04-18,77.16044616699219,77.45671119491601,76.46334181599056,77.11687465202466,19032300
2022-04-19,76.4720687866211,77.25630963575232,76.04508915048918,76.6899130975975,20382600
2022-04-20,76.6463394165039,77.11688391272409,76.07123390873295,76.65505505016,20689400
2022-04-21,75.8359603881836,78.2496790740147,75.6268317113439,77.50900309906272,29010900
2022-04-22,74.18033599853516,76.78575852028287,74.06705935988185,75.5135486514004,23591600
2022-04-25,71.67949676513672,72.02804900602779,69.09150518522796,71.77534879758379,37698300
2022-04-26,71.70562744140625,73.82307421047732,71.60977542176302,72.08903551997916,28941500
2022-04-27,73.75337219238281,74.48533256205452,71.69692128684562,72.66415059614833,32773000
2022-04-28,75.98409271240234,76.80318944585856,73.25668434294518,73.96249778036466,33683800
2022-04-29,74.2848892211914,76.80316821836847,73.8056292121457,76.80316821836847,34656500
2022-05-02,75.29570770263672,75.84467295013646,73.74465068866255,74.07577828233457,36335200
2022-05-03,76.84676361083984,77.36087300934298,75.04301292687364,75.16500521289407,33908100
2022-05-04,79.90528869628906,80.0621368623649,77.47415209423464,77.98826146476725,46188400
2022-05-05,78.69405364990234,80.21025439546584,77.02101142867244,80.20153876412476,41013400
2022-05-06,79.89657592773438,80.00985256806104,77.85754986529237,79.27789892641745,29619300
2022-05-09,73.59652709960938,78.04055006879294,73.21311895428768,77.93598904594616,45851600
2022-05-10,74.08448791503906,75.71396570085764,72.77742209217043,74.62474418180044,34483200
2022-05-11,75.6268310546875,77.50029344032822,75.18242680319116,75.31313471811134,33020600
2022-05-12,75.97013854980469,76.04055767342463,73.41725894464948,75.66202717973427,29491500
2022-05-13,78.22370147705078,78.30292549934236,76.01413973427965,76.90324737610959,25798400
2022-05-16,80.06354522705078,80.97026284611069,78.32054926442964,78.32935417386697,26101200
2022-05-17,81.08470916748047,81.38400896113146,80.21321108553215,80.75019644819193,23120700
2022-05-18,79.79946899414062,81.7977538665735,79.07762079644755,81.43683312581643,25451200
2022-05-19,80.2308120727539,81.25196674075552,78.34696425602688,78.34696425602688,24387400
2022-05-20,80.8646240234375,82.38754426228012,79.57938260980812,80.92624495709856,28795000
2022-05-23,82.65164947509766,83.42631370985501,81.47204665970493,81.56888052857198,27239300
2022-05-24,83.10060119628906,83.44391881516734,81.26956941815247,81.709720900425,24293300
2022-05-25,84.77317810058594,84.97564402120032,83.16222206494575,83.25905592825825,29947800
2022-05-26,85.07247161865234,85.76791171477582,84.68513619393089,85.03725869675239,24314800
2022-05-27,85.90875244140625,86.208058904678,83.89286481261983,84.46505629573213,25588800
2022-05-31,84.50907897949219,87.83662288972118,84.25379033080026,86.7626522697683,44888100
2022-06-01,86.12883758544922,86.89470357138487,85.05487362577955,85.40698943357759,25815400
2022-06-02,85.97917175292969,86.35770222068469,85.20450771676524,85.64465911107675,19089100
2022-06-03,87.22920989990234,87.73098899331569,86.18165403076289,86.18165403076289,21038200
2022-06-06,87.0091323852539,87.83661923164328,86.85948250934285,87.30843885325389,20682100
2022-06-07,90.99693298339844,91.04974901970937,87.5813526901279,87.7662155333957,37810200
2022-06-08,92.07086944580078,92.93356917131928,90.65358807331212,91.10253767940324,31613200
2022-06-09,90.08140563964844,92.05328243616516,89.93175574479118,91.04093266498128,26607000
2022-06-10,88.43524169921875,90.979316921828,87.84544028025906,89.73809314037815,30950500
2022-06-13,84.37703704833984,86.06721711315835,82.67805207342519,85.84714137400452,33421000
2022-06-14,84.59710693359375,86.85948510689721,83.86645391827949,85.75030829396268,31264000
2022-06-15,83.53194427490234,85.01085346213405,82.1058511141573,84.50027615216848,29620800
2022-06-16,80.45088195800781,81.98260713231791,79.47374519607426,81.34879468224965,35696700
2022-06-17,75.81169128417969,80.41567187949506,75.40675273946476,80.07235427166766,64610200
2022-06-21,80.53011322021484,81.45442724667704,77.92441069449173,77.97723343613114,35951500
2022-06-22,77.34341430664062,79.01599118096844,77.05291273409448,77.06171764373539,29727200
2022-06-23,75.01061248779297,78.39097925972622,73.52289837445191,78.0476616514442,35757200
2022-06-24,76.4983139038086,77.81876809069996,75.538780368922,76.54232501366526,26639000
2022-06-27,78.37335968017578,79.26246741673506,77.1761472971388,77.29938915572988,25478700
2022-06-28,80.5477066040039,82.07943160315693,79.53535703569078,80.21319395614994,33096900
2022-06-29,77.57231140136719,82.04424603420634,77.25540174884273,81.85058499426775,25400900
2022-06-30,75.3891372680664,77.11453008774984,74.53524240936771,75.82928870317477,39948100
2022-07-01,77.07051086425781,77.36100567656702,74.57044748349713,76.35746104741143,26327900
2022-07-05,74.65849304199219,76.32226512480531,73.07395171921615,76.00535551701437,34591100
2022-07-06,73.3116226196289,75.02821726177233,71.31333804129532,73.73417095627008,33375700
2022-07-07,75.65323638916016,76.37508452727106,75.08984304800913,75.1602621785192,23817400
2022-07-08,75.77647399902344,76.8504445939687,74.76412433741874,76.54233321108786,17673800
2022-07-11,75.3891372680664,75.81168560088871,74.26235066877746,74.97539384447607,15603800
2022-07-12,74.38560485839844,74.86977420371169,72.94190844932858,73.75178561223528,21013000
2022-07-13,74.68489837646484,75.97894477580986,73.32923775600463,73.3996568870699,19928600
2022-07-14,73.18838500976562,73.33803489587416,71.03164551930293,72.05279342494875,26343000
2022-07-15,74.42080688476562,74.7201066426278,72.9771106871501,74.6496875159519,17243700
2022-07-18,75.79408264160156,77.41384356179721,75.48597795237858,76.21663101266346,19395800
2022-07-19,77.70433807373047,77.92441381018921,75.92612907826245,76.07577896717156,18248900
2022-07-20,78.5582275390625,78.91915494550425,76.80642667928544,77.09692824307835,16584400
2022-07-21,77.24657440185547,77.29059223043586,75.01060437676072,76.52472633990973,21375700
2022-07-22,76.65677642822266,77.88039689454247,76.26063610238181,77.07051985655113,15479500
2022-07-25,79.20966339111328,79.34170346232911,76.95608324380348,77.60751227063496,17536400
2022-07-26,78.90153503417969,80.35403595117174,78.34694670566003,80.22198919214026,15141200
2022-07-27,80.60934448242188,80.98787503656602,78.69908860702927,79.47375281998944,18047000
2022-07-28,81.55126190185547,82.08824721989112,80.11637056130515,81.14632336494272,20353100
2022-07-29,85.3277587890625,85.84713426670059,82.83650001621027,83.14460468228185,29825800
2022-08-01,83.1710205078125,83.93687972841326,82.07064188862465,83.4439122561941,20793200
2022-08-02,82.81009674072266,83.80483663841441,82.59002100720143,83.35588697767953,16722500
2022-08-03,80.12517547607422,83.11820699582127,79.92270954872332,83.11820699582127,23580800
2022-08-04,76.75361633300781,79.5265652516015,76.08458421071029,79.50015723769923,31821500
2022-08-05,77.86280059814453,78.95438119493454,75.95254462803072,76.02297048256798,17408000
2022-08-08,78.30294799804688,78.87514628276591,77.66033057867195,78.0036482062676,14458500
2022-08-09,79.74662780761719,80.64454042894819,79.18323455023112,79.27127020359183,19083400
2022-08-10,80.50370788574219,80.8030144026993,78.51422791118654,79.82587752057002,18302000
2022-08-11,82.83250427246094,83.81913511150604,81.27700605721034,81.63254308126324,18797900
2022-08-12,83.552490234375,83.57026437612528,81.87255240941143,82.20143167399107,15058200
2022-08-15,82.05918884277344,82.42362307204638,79.69483531708974,80.46813572707211,20755200
2022-08-16,81.2947769165039,82.56584139237852,81.14367300923337,81.80142461491917,14038200
2022-08-17,81.9525375366211,82.85028418218727,80.81480270495898,81.12590101339245,13678000
2022-08-18,83.89022827148438,84.71686463686021,82.74360319812865,82.79693917041412,17770400
2022-08-19,83.62358093261719,84.61909539375051,83.37470231733386,83.6946910459649,16128600
2022-08-22,83.56135559082031,83.98800267899763,81.6503138086445,83.03692701737057,16019900
2022-08-23,87.10789489746094,87.47232914140581,84.84130920541273,84.93020023759787,23764700
2022-08-24,87.62345123291016,87.97010462979576,86.53904551693567,87.11680343889003,17050300
2022-08-25,88.07674407958984,88.76116704610679,87.19677847550165,87.92564017633468,15305700
2022-08-26,86.99234771728516,88.80561494939764,86.5923584090851,87.79231277081774,15531400
2022-08-29,88.9922866821289,90.27223502028154,87.23234839269625,87.26790345506643,23059200
2022-08-30,85.6057357788086,87.65899814806879,85.17019815321044,87.42789364448359,17086800
2022-08-31,84.96575164794922,86.07682177692502,83.18803944158793,83.57913829704626,18340900
2022-09-01,83.43694305419922,84.50356789819755,82.03254847716762,83.92580994876705,16423000
2022-09-02,84.96575164794922,86.03238304062633,84.53910451602549,85.64128418516799,18206800
2022-09-06,84.39688873291016,85.85461227644696,84.00579663827162,85.47241064211032,19201500
2022-09-07,83.67691802978516,84.07690058763352,82.04142595692555,82.83250739369004,16274700
2022-09-08,84.36133575439453,84.81464748302172,83.30359482473001,84.13912172926729,18759200
2022-09-09,85.77462005615234,86.21904813934485,84.72576950856067,85.79239419564892,17158000
2022-09-12,86.76124572753906,88.16564001354381,86.1123777812548,86.79680078582913,16118900
2022-09-13,84.73466491699219,86.91235993922524,84.36134693285534,85.87239979137198,18229100
2022-09-14,86.81458282470703,87.60566429470894,85.46352439390303,85.49907945542873,22655700
2022-09-15,84.29023742675781,85.81018075741942,83.59693065643162,85.52574703673598,21092300
2022-09-16,82.85028076171875,84.74354191610885,81.7747656361459,84.50355373992079,37874700
2022-09-19,82.84138488769531,83.09915396760555,80.88590420197922,80.894794661682,15342100
2022-09-20,82.1658706665039,82.60140831295594,81.45478298208712,82.42363978256911,14712500
2022-09-21,80.84146118164062,83.44580987741747,80.77035784612379,83.17026665102549,17332400
2022-09-22,80.50370025634766,82.36141311362745,80.45925473681385,81.95253332193205,16139400
2022-09-23,76.21939849853516,77.7748964270767,75.41942677899867,77.7748964270767,27738800
2022-09-26,74.64613342285156,76.63716905898002,74.56613285269204,75.46387935429658,22043400
2022-09-27,76.21053314208984,77.29493885447994,75.38389655653306,76.09498427065493,17307300
2022-09-28,78.98374938964844,79.37484822291601,76.37051042451236,76.54828570392195,19543300
2022-09-29,78.82376861572266,79.42819110703233,77.44603878391197,78.37934051274304,17896000
2022-09-30,77.60603332519531,79.14375754836675,77.60603332519531,78.37045020634162,21357600
2022-10-03,81.70365142822266,82.09475028392704,79.74817071256855,80.03260439450794,23881300
2022-10-04,84.68132019042969,84.76132076816286,82.40585067657857,82.87694333860861,22133700
2022-10-05,88.10343170166016,88.87673227938386,85.02798996861243,85.10798377399013,34857700
2022-10-06,90.71665954589844,90.8233247287974,87.4012297926442,87.52566911530907,29124700
2022-10-07,89.80113983154297,91.83662132134155,89.045613425986,90.83221626750084,24507600
2022-10-10,87.85453033447266,90.68998335591444,87.74787194663845,90.2100002663597,16786100
2022-10-11,87.10789489746094,88.67228348013512,85.99682480948312,86.41458824759216,17804100
2022-10-12,87.49011993408203,87.91677391291651,86.42349515914823,86.66348336000611,12635800
2022-10-13,90.54778289794922,91.06331433643008,86.574594626887,86.70792441223543,22019100
2022-10-14,88.16563415527344,90.8766410507737,88.03230439090345,89.88112661053587,15222000
2022-10-17,89.43671417236328,90.63666869797768,89.3300489859889,89.83669675375651,14283200
2022-10-18,89.59669494628906,90.974417791737,88.20119118176335,90.25444654206056,14065400
2022-10-19,92.25438690185548,92.43215543138214,89.97891717302747,89.99669131340625,20921700
2022-10-20,92.37881469726562,93.32989045252448,91.91661250933164,92.7254680335746,17649000
2022-10-21,94.09430694580078,94.57429005182463,92.36104026968732,92.8410165942773,22814100
2022-10-24,94.75205993652344,95.71202616253132,93.43655669178725,93.9165398047912,17024200
2022-10-25,94.11209106445312,95.40093661030068,93.3921197197816,94.58319054210162,15719800
2022-10-26,95.23204040527344,95.84535327398795,94.21874501087868,94.44984949178227,17383800
2022-10-27,95.5964813232422,97.40085821663816,95.4809256840133,96.36089815218348,18214000
2022-10-28,98.39637756347656,98.84969611937656,96.1031337461635,97.29419778619602,28169400
2022-10-31,98.49415588378906,100.36075937691886,97.27642719860482,97.3297564019166,26401800
2022-11-01,99.47190856933594,100.05855018200674,98.35194776877418,99.8807816403332,22213100
2022-11-02,97.42752838134766,99.64077841502196,97.16086880943936,99.1785761760068,20654200
2022-11-03,98.75192260742188,99.39190015738276,96.27201299204084,96.51200796399348,17103700
2022-11-04,99.8274383544922,100.88517940999527,98.4852703656794,100.44075130686755,17541500
2022-11-07,101.00961303710938,101.3207113354588,99.6674383425912,99.91632376270503,16008000
2022-11-08,101.32960510253906,101.91625343980024,100.08520508709816,100.86740287011304,14661000
2022-11-09,96.7964324951172,100.68961984616162,96.50310834897051,100.52962547384834,19522800
2022-11-10,98.21861267089844,98.39638120297772,95.61426366547153,97.9430694117451,20146700
2022-11-11,101.28515625,101.77402984830796,99.9874270761867,100.06742765656178,20518900
2022-11-14,101.58084869384766,102.71878054279888,100.79235402431289,100.91779511518854,20858300
2022-11-15,102.2618179321289,102.6202239971109,101.13284805607223,101.96613925184384,19373800
2022-11-16,101.1686782836914,102.37829263921432,100.22786332049228,101.6435633625538,13591000
2022-11-17,101.30306243896484,101.42850350757642,99.23327797084823,99.717125022361,12425900
2022-11-18,100.4250030517578,100.78340913492016,98.21185283695984,99.367708866244,15415000
2022-11-21,99.43041229248048,99.63649114048584,96.30333359844384,98.5523178817746,20973000
2022-11-22,102.30661010742188,102.56645430532302,99.84257807866511,100.541466069421,17719100
2022-11-23,101.79589080810548,102.10053150787778,100.44291121340493,100.64003488315257,11546700
2022-11-25,101.4374771118164,102.691894777096,101.30307399838888,102.0378032709628,7136000
2022-11-28,98.39102935791016,99.8694498312985,98.2207918063018,99.15264466931004,23015500
2022-11-29,99.0451431274414,100.17411988599233,98.37313429145136,99.10786367869272,14453200
2022-11-30,99.76193237304688,100.26370353821828,98.36415640698476,99.94113880204604,23158100
2022-12-01,99.27808380126952,100.4160154771268,98.7225541718756,100.03073023203642,14398300
2022-12-02,98.43582916259766,100.09344915839156,97.84445825991112,98.12222648815433,15248400
2022-12-05,95.73884582519533,99.77986038165736,94.92347875807526,99.18848939660248,19287700
2022-12-06,93.0776824951172,95.90908243083048,92.42359785565657,94.88762975428226,21197000
2022-12-07,92.87161254882812,93.94682383678068,91.72471868540497,92.98809160694788,20061700
2022-12-08,93.56153106689452,95.6940430826709,92.92536364145676,95.22811321534743,21128800
2022-12-09,92.77306365966795,94.93244856777716,92.55802273928164,93.71387195887536,21298200
2022-12-12,95.05787658691406,95.19227970716145,92.81784736954656,93.03289509635304,20413200
2022-12-13,96.09725189208984,97.25310777013608,95.89116619952785,96.5900610464599,24305300
2022-12-14,95.38939666748048,97.03806161031817,94.7532292347852,96.76029335838976,17597300
2022-12-15,94.4754638671875,95.12954849715176,92.91639878475372,94.37690204579135,15365100
2022-12-16,93.81241607666016,94.6009106957833,92.40567807375564,92.90744924120482,54596600
2022-12-19,94.23353576660156,95.15642659571913,93.525685801544,94.31418036314018,13611100
2022-12-20,95.5954818725586,96.33021112711197,94.14394058799044,94.23354038273575,14680000
2022-12-21,96.82302856445312,97.29791370332389,96.0166234495549,97.02911427703356,13565400
2022-12-22,94.86971282958984,96.93950442860914,93.27481315628576,96.67069819413084,13213000
2022-12-23,97.37854766845705,97.43230618063136,95.78364800437136,95.82844448584116,11539400
2022-12-27,98.73152923583984,98.98241141254957,97.5129528037984,97.90719329461656,11962100
2022-12-28,97.1097412109375,98.56128256052568,96.67965944248456,98.48064479245068,10702100
2022-12-29,97.8444595336914,98.31038937266628,96.76028636734414,96.76028636734414,10534000
2022-12-30,98.83009338378906,99.00929298963108,97.31583142112495,97.31583142112495,11799600
2023-01-03,95.43419647216795,98.5791922346614,94.52026082116704,98.36415136690717,15146200
2023-01-04,95.7119598388672,96.01660734078465,93.8661781111048,93.90201939580253,18058400
2023-01-05,97.85343933105467,98.5164860911913,95.25500397026816,95.2818832281616,15946600
2023-01-06,99.03617095947266,100.34434720598856,98.26560035952092,98.6329684335562,16348100
2023-01-09,97.1903839111328,100.03073917590788,96.5990129460616,100.03073917590788,17964600
2023-01-10,98.64192962646484,98.85697736698788,96.77823039412142,98.37313020485168,15104600
2023-01-11,99.788818359375,99.86049409487292,97.7459060870926,99.44832956264813,16710400
2023-01-12,101.4464340209961,101.91235704319378,100.1203338506972,100.19201641904328,15357300
2023-01-13,101.38371276855467,101.68835342784077,100.49666320860452,101.34787148463413,12011400
2023-01-17,101.18659210205078,102.2170068279995,100.9536271677258,101.61668068572564,16542200
2023-01-18,99.10785675048828,102.25285979715566,98.91969510988794,101.48228917220553,16399700
2023-01-19,99.74401092529295,100.46977813294048,98.18495265715066,98.62399642656482,12928000
2023-01-20,101.56291961669922,101.64356422029532,99.107849598754,99.77985833927389,16515600
2023-01-23,101.03427124023438,102.67396729411712,100.92674738587073,101.8227589974896,16584400
2023-01-24,101.9750747680664,102.16323637776418,93.96473596710418,97.80862642928211,13583000
2023-01-25,101.4374771118164,101.83172442159676,99.8067361977608,101.45540117282076,11914700
2023-01-26,105.51434326171876,105.53226048847075,102.44997794907518,102.79046678160611,21019700
2023-01-27,103.5879135131836,105.43369543352269,103.39078984479266,104.78856591370756,15179200
2023-01-30,101.75108337402344,103.48038617594104,101.38372214291508,103.1219801396214,18672100
2023-01-31,103.94631958007812,104.2957635973692,98.94657263664548,100.44291054002288,27861800
2023-02-01,102.80836486816406,105.17383484860588,101.55394731222655,103.78502102698192,19464900
2023-02-02,99.5916976928711,103.1040617705928,98.40896257135148,102.90693811100178,24562100
2023-02-03,100.28163146972656,102.2438993516058,99.95906669911554,100.26371424292684,20226600
2023-02-06,100.11139678955078,101.32996649202045,98.84801692871602,100.67588173646132,13855200
2023-02-07,102.96965789794922,103.31910189701256,100.37122272755974,100.7027495013493,16013300
2023-02-08,102.07363891601562,103.78502433796136,102.0109183780191,103.08613638999276,18459700
2023-02-09,102.45893096923828,104.15239244348322,102.30661062914832,102.70085794328836,17439300
2023-02-10,106.77770233154295,107.18986685339662,104.08071229706412,104.39431499455864,24918600
2023-02-13,106.36236572265624,106.70546763941842,104.64684236158855,106.29013156482364,14536200
2023-02-14,105.1163558959961,106.37139517477593,104.75519197730053,105.64907422601355,12079000
2023-02-15,104.8003387451172,104.81839384094414,103.0577292310963,104.48432290343024,13663400
2023-02-16,104.4933624267578,105.44141002921968,103.6536591853606,104.1141364971438,11360600
2023-02-17,100.47543334960938,103.1028945484478,100.2045655351279,103.1028945484478,20758300
2023-02-21,100.3760986328125,101.4686145044424,100.0510517913292,100.0510517913292,14469400
2023-02-22,99.075927734375,100.19552980293582,98.0917561223352,99.75310757149823,13973800
2023-02-23,99.98786163330078,100.97203327826264,99.229423496894,99.9788375283172,11289400
2023-02-24,99.99688720703124,100.186496730856,98.43485605081388,98.71476172861848,14351000
2023-02-27,99.81629180908205,100.4573544399598,99.28357352286471,100.04201837862892,11710500
2023-02-28,99.23843383789062,100.54764520554416,98.61542629219,100.4392939706224,18107000
2023-03-01,100.12328338623048,100.99910363729016,98.63348654907124,98.69668971725964,13200000
2023-03-02,100.58377075195312,100.8546385291193,99.47319288854796,99.8795048872406,10339900
2023-03-03,101.85685729980467,102.36248951108496,99.27454473575531,99.36484087648178,13006700
2023-03-06,102.759765625,102.78685171230087,101.00813205613532,101.11647640533876,14347400
2023-03-07,100.77338409423828,102.18191587721958,100.37610307293416,101.85686902135788,11525300
2023-03-08,99.30165100097656,101.50473797925412,98.48000285307532,100.43028402482156,13509800
2023-03-09,98.53417205810548,101.33318738361368,98.44388279665048,100.1052341396644,12961200
2023-03-10,97.31523895263672,100.25871539044044,96.74641046914957,98.92241104861516,15795700
2023-03-13,96.19564819335938,97.38748435975222,93.64945243385516,95.1121563856928,20745600
2023-03-14,96.55681610107422,98.42583214090398,94.76905833363168,96.02409772378344,18263500
2023-03-15,91.75334930419922,94.08284254164845,90.4892789877408,92.83683421051845,25733800
2023-03-16,91.22062683105467,91.80751733237344,88.50287680683095,89.48704830386619,27465200
2023-03-17,90.14617156982422,91.7443197536902,89.51413984597443,90.83238236188195,43199500
2023-03-20,92.50276184082033,92.52985482041582,89.83919060350486,89.95656596056766,32042100
2023-03-21,96.64710235595705,96.86379796420212,94.01964141254726,94.05575849535964,31592300
2023-03-22,94.43498992919922,96.7735214057373,94.4079038356914,96.43041940692169,14952700
2023-03-23,93.36955261230467,96.01506170820336,92.49373231636532,95.1302173082237,14385900
2023-03-24,93.4778823852539,93.76681210793132,91.1122724335288,91.6178977260573,13401600
2023-03-27,95.5274887084961,96.14146526426872,93.82099636307166,94.57040335210948,14805900
2023-03-28,96.71932983398438,97.19786909305904,94.97672031839656,95.20244690389433,11047600
2023-03-29,98.38066864013672,98.56125403151265,97.05339529019412,97.56805160051591,14219100
2023-03-30,98.85921478271484,98.93144894431458,97.9833945170473,98.91339384822903,11578200
2023-03-31,99.01271057128906,99.47318783566966,98.4619371638109,99.03076566673144,14418000
2023-04-03,104.8545150756836,105.50460876927065,102.13677184086694,102.3805535316476,28087700
2023-04-04,103.85228729248048,105.36917026445616,103.08481825832176,104.97189614727772,16365500
2023-04-05,105.63101959228516,105.64005058525392,103.211230123847,104.1502536223514,16479500
2023-04-06,103.87938690185548,105.80257510627608,103.62656731652812,105.51364532595989,15778000
2023-04-10,103.4188995361328,104.8996654760812,103.08482168934565,103.63559514259062,13006600
2023-04-11,104.1502456665039,104.91771468312228,103.2744254084247,103.7981127425422,11758500
2023-04-12,104.04190063476562,105.26984692016504,103.7710259771955,104.88160380687856,10919000
2023-04-13,104.52947235107422,104.63782360048796,103.04870638556616,103.47307350165003,12399700
2023-04-14,104.78227996826172,105.33305336812248,103.94257682491896,104.64684264411706,11530800
2023-04-17,103.56336212158205,105.19762740242732,103.31054942981704,104.27665900970712,13260400
2023-04-18,105.58587646484376,105.82965816148786,103.202204123445,103.2834623927833,17436100
2023-04-19,105.25178527832033,105.54974600539032,104.52945749547696,104.8093631278586,10682600
2023-04-20,104.41210174560548,104.44821883038584,102.236100774467,103.95161752544264,17038700
2023-04-21,104.74617767333984,105.53170186471816,104.06899784566644,105.17956890541834,14315300
2023-04-24,106.72351837158205,107.34652590231912,104.62877610047134,104.66489317791114,15831300
2023-04-25,105.20664978027344,106.30819668085564,104.40306364236592,106.13664915061828,12179800
2023-04-26,104.2405242919922,105.7212899977907,103.54528950725415,104.76421157269918,15566100
2023-04-27,105.4865493774414,105.6490727942204,103.72587788089749,104.3940335324493,16279200
2023-04-28,106.84994506835938,108.2765389003726,105.48656130038738,105.8657803528579,24381900
2023-05-01,103.5362777709961,105.9109260698891,103.33763725594945,104.72811397264664,17355000
2023-05-02,99.40998077392578,102.87714449645156,98.67862888616295,102.87714449645156,24324100
2023-05-03,97.45068359375,99.14814506861268,97.29719116600457,98.48902728423344,16212300
2023-05-04,95.74419403076172,98.19106951102158,95.62681868044812,97.42360046038536,17177200
2023-05-05,98.12786102294922,98.80504077599076,97.08951735722648,98.010485678995,14968200
2023-05-08,98.51611328125,100.19551965836996,98.45291011172952,99.77115256789156,11187800
2023-05-09,98.5431900024414,99.52736142128222,97.70348689370236,97.82086222918892,11370800
2023-05-10,97.27913665771484,99.32873810761969,96.34914413873231,99.08494951434248,14884800
2023-05-11,95.51847839355467,96.4484709759748,94.74197826114708,96.1505101810354,17165900
2023-05-12,95.5094223022461,96.62000002399157,94.60651604960452,95.98796151396564,12613300
2023-05-15,95.69157409667967,96.4748120558276,95.24531287059894,96.09230243347268,13715600
2023-05-16,93.3691864013672,95.45478461968936,92.91381579339476,95.29085092288312,14795200
2023-05-17,95.4638900756836,95.83729729419336,93.66972884185704,94.16152991217524,14064700
2023-05-18,96.32908630371094,96.45659645449622,94.83547140574892,95.21798796129794,12005600
2023-05-19,96.7753677368164,97.49485416233486,96.37463936098224,97.057695302479,13359600
2023-05-22,95.60050964355467,97.48574374363936,95.5185393182966,96.39285008009196,12882000
2023-05-23,96.90286254882812,98.56041121177212,96.31087939454731,96.52945533130814,14394400
2023-05-24,97.98666381835938,98.82455118652835,97.20343260747116,97.79540895830937,16340300
2023-05-25,96.22892761230467,96.93019534521436,95.36371922157711,96.48393406063548,14316500
2023-05-26,95.60050964355467,97.40377341838126,95.47300642506814,96.96662151168572,12370300
2023-05-30,94.75352478027344,94.82638575119424,93.45116445578356,94.07046881180122,11938000
2023-05-31,93.05953979492188,93.84277781394364,92.65881142749562,93.15972188677844,24926100
2023-06-01,94.13421630859376,96.15606299861864,92.22166107017172,92.66792233784253,13551900
2023-06-02,96.31999969482422,96.656969521363,95.19978486339988,95.7735563166386,14112000
2023-06-05,95.89193725585938,97.62234684386752,95.70978485541433,97.62234684386752,10628000
2023-06-06,96.67517852783205,96.78446302344967,94.69887181683578,94.85369615123004,12209800
2023-06-07,98.8427505493164,99.1706179677888,97.20342040535895,97.25806265896952,16027100
2023-06-08,98.53309631347656,99.39829770627024,96.44749805415674,99.06132094832108,13517100
2023-06-09,97.80449676513672,98.91560213921146,97.59503018055771,98.778989569736,12251600
2023-06-12,96.92108154296876,97.50395538340138,96.1378435170616,96.36552882811824,14112000
2023-06-13,96.93930053710938,98.6697033473814,96.79357860238096,97.7953925842238,13533800
2023-06-14,95.77355194091795,98.46023581415012,95.0722772964227,97.8591432617256,16627700
2023-06-15,96.43839263916016,97.476637132323,96.02856184653436,96.08320409930994,16224100
2023-06-16,95.74623107910156,97.2398462663288,95.59140672456812,96.86644594372436,43128900
2023-06-20,93.55133056640624,95.41834572546053,93.00488727469288,95.33638235848508,17514100
2023-06-21,94.59869384765624,95.29085217804042,93.19615152281862,93.3509758639516,13285700
2023-06-22,94.0795669555664,94.6169009181444,93.48758379710992,93.6606198969144,12455300
2023-06-23,93.25989532470705,93.64240494080806,92.5495183381184,93.43293141861736,17933600
2023-06-26,94.98120880126952,95.54587089555956,93.07775591537894,93.07775591537894,14283400
2023-06-27,95.21800994873048,95.2726522056824,94.05225519598426,94.76263927838436,13227500
2023-06-28,95.99212646484376,96.374636111568,93.9884916016328,94.99941491683558,13084100
2023-06-29,97.17609405517578,97.20342213087076,95.7462304902795,96.22892921655806,11364400
2023-06-30,97.67700958251952,98.25077413038964,97.27628116587086,97.74076119894954,13544700
2023-07-03,97.86825561523438,98.77899688127796,97.51306707734976,97.89557674147098,7397000
2023-07-05,97.36734771728516,98.28719135184762,96.62964259998928,98.0230755627422,12491200
2023-07-06,93.73347473144533,96.2835526557481,93.2872135266335,95.70978130115812,17961400
2023-07-07,93.95207214355467,94.7170914701952,92.49488056221276,92.82274797317426,21929200
2023-07-10,95.3455047607422,95.40014701286874,93.57866449233664,93.77902868133988,14877600
2023-07-11,96.51124572753906,96.684288778404,95.45478260411682,95.86462031168053,12576500
2023-07-12,96.98483276367188,98.0412959379772,96.6569653611912,97.4493127419202,13238200
2023-07-13,95.20889282226562,96.7480477859549,94.09778736552455,96.51125311114014,26826800
2023-07-14,91.93022918701172,94.76263519024444,91.55682191820262,94.76263519024444,28181900
2023-07-17,92.33094787597656,92.59506367930028,91.27449161108628,91.72986224818138,18051300
2023-07-18,91.91201782226562,93.07776566956804,91.38378615758008,91.91201782226562,24617800
2023-07-19,92.5495376586914,93.25991479357783,91.80273003632296,92.0304153717817,15556500
2023-07-20,94.17974853515624,94.40743382961502,93.22346751906794,93.3874012090144,15740200
2023-07-21,94.6168975830078,95.0631588012632,94.04313315953662,94.86280158478372,17121500
2023-07-24,96.1014175415039,96.68429835768316,94.68066335735377,95.04496126181408,15090900
2023-07-25,96.24713134765624,96.62053163057422,95.2088869241618,95.68246929604888,14116100
2023-07-26,95.70978546142578,96.28355684095617,95.29995471753575,95.72800417578743,15159600
2023-07-27,96.01033020019533,97.44019352529908,95.3910259413247,96.53856173390334,17677900
2023-07-28,94.86280059814452,95.77354173930152,93.18703328524587,95.72800190288228,17566400
2023-07-31,97.66787719726562,98.23253920138151,95.80086204289498,95.80086204289498,24197000
2023-08-01,97.10323333740234,97.740749424906,96.11052177439896,97.40377266528024,14177400
2023-08-02,95.89193725585938,96.8846417817714,95.2362025110644,96.77535728990796,13484100
2023-08-03,97.55859375,98.25075201590336,95.9010451474992,96.43837908669288,16280400
2023-08-04,97.83181762695312,99.48936632608006,97.74985425453002,98.3236187067034,14279600
2023-08-07,97.63145446777344,98.74255985042764,97.00304776078028,98.26897748078032,12410800
2023-08-08,98.11416625976562,98.13237802901578,95.48211743100244,96.57501119294392,14065600
2023-08-09,99.78081512451172,100.56405320246589,98.64238849357888,99.00668640515832,19919600
2023-08-10,100.29083251953124,101.66604685310696,99.67152816956173,100.3545841313632,15837200
2023-08-11,101.84820556640624,102.06678154212362,100.22708709539287,100.51852404581771,14047000
2023-08-14,101.93016052246094,101.98480972317476,100.8919160381556,101.71158456481886,12973400
2023-08-15,99.31328582763672,101.79244225862396,99.13882423247742,101.69143891462274,14909600
2023-08-16,97.64212799072266,100.38757193571612,97.58703781301824,99.42345179370842,13695100
2023-08-17,99.53365325927734,101.14051572008783,98.63380719886314,98.63380719886314,16709500
2023-08-18,101.03949737548828,101.18640685016186,98.81743815515496,98.8357992124779,16224000
2023-08-21,99.81827545166016,101.90260912522484,99.2948977768879,101.3333183013787,11092400
2023-08-22,99.25817108154295,100.74566888027148,99.1204386363224,100.24065224958376,10518800
2023-08-23,98.38587951660156,98.52361196496616,97.07284325220404,98.28487618815842,11435600
2023-08-24,97.65131378173828,98.95516605023565,97.39421694066708,97.71558799200608,10818500
2023-08-25,99.39590454101562,100.0202855610721,97.89922970126644,98.6429751055384,13579300
2023-08-28,100.23147583007812,101.03949543870256,99.57036569331125,99.57954271911512,10382100
2023-08-29,100.82830047607422,101.02112309022291,99.55199340716412,100.69057504122723,9665000
2023-08-30,101.81078338623048,102.04951915307232,100.98440274126634,101.40677709468622,11922100
2023-08-31,102.0954360961914,102.30661977806726,101.57205839909636,102.03116188796442,17479800
2023-09-01,104.23485565185548,104.51032055424984,103.02282269097448,103.02282269097448,14843500
2023-09-05,104.24403381347656,106.3559125986128,104.21648872586086,104.76741149426417,18304000
2023-09-06,105.14388275146484,105.21733398544652,103.96857894339838,104.19813068732896,13325500
2023-09-07,104.62969207763672,106.37428689925876,104.40014031177498,105.27244122526795,13248500
2023-09-08,106.1539077758789,106.55792108216392,104.96941995047682,105.16224257246834,14283200
2023-09-11,104.822509765625,107.13638821914196,104.28076401721424,106.67728473980132,14383600
2023-09-12,107.88014221191406,108.0454197578637,105.8417214803232,105.90599569233896,20145800
2023-09-13,106.91603088378906,108.3117025140359,106.42019823735085,107.80669284098197,13472800
2023-09-14,108.8258819580078,108.9544373727835,107.7332204779992,107.9352271228944,15210700
2023-09-15,107.15474700927734,108.81670633298138,106.97110842357093,108.25659953960488,34568400
2023-09-18,108.01786041259766,108.56878315793632,107.15474367483732,107.91685709199324,14045300
2023-09-19,107.73324584960938,109.11973359270816,107.0721355852993,108.91773390560414,12562900
2023-09-20,106.8792953491211,108.36678619383146,106.8058371084194,107.00784376766734,11879900
2023-09-21,105.37342071533205,107.7699411689947,105.22650425585488,107.41184105572212,14400600
2023-09-22,105.53871154785156,107.136389716789,105.41934015812193,106.24572783355964,13197300
2023-09-25,106.72320556640624,107.1088508355044,105.4377143307154,105.67644311328264,11316000
2023-09-26,106.88848114013672,107.18230710241696,105.93354501138498,106.05290940046764,11805400
2023-09-27,110.36847686767578,110.64394176550287,107.79750151119748,108.2474209726426,23976200
2023-09-28,109.69818878173828,110.8275794416668,108.52288497076476,110.16647630201668,16808100
2023-09-29,107.96278381347656,109.43191365420942,107.18230924234008,109.35845541083188,18813600
2023-10-02,106.17227172851562,108.15560218942927,105.18061350342218,107.91686641053484,14395000
2023-10-03,106.35592651367188,106.9160333863496,105.6213580561183,105.9978263170896,13297100
2023-10-04,102.38007354736328,104.75822615328836,101.46186660971875,104.721504040502,19622200
2023-10-05,100.07537841796876,101.82915714089542,99.80909754878998,100.81913084752442,20128800
2023-10-06,98.40424346923828,99.41426977802448,96.5127392724916,97.0820301399793,25367500
2023-10-09,101.84751892089844,102.90345837365264,100.56202771777868,101.40678348320014,22369900
2023-10-10,101.41595458984376,102.33416153771148,101.11295162112334,101.93933226991383,13892000
2023-10-11,97.77986145019533,98.40424249029296,96.25564147326962,98.21141986097268,57939000
2023-10-12,97.7614974975586,99.0194365666393,97.4125743645239,98.78988482347997,31183000
2023-10-13,100.88340759277344,101.18641058464668,99.01944146166922,99.19390303681108,30276500
2023-10-16,100.95686340332033,101.62715763920468,100.20393389464462,101.46188008825813,18452000
2023-10-17,102.2790756225586,102.6555438494388,100.7089425169511,100.75485566840204,19775400
2023-10-18,103.7114715576172,104.11548485482956,102.56371287723026,102.6739002324781,23380300
2023-10-19,103.77574920654295,104.64805003579578,102.22398418282276,103.50029131732887,20972500
2023-10-20,101.99443817138672,104.05121994897225,101.72815729309336,103.6839357373482,22445300
2023-10-23,100.49774932861328,101.8842438046645,99.79073304924916,101.58123382549564,18185000
2023-10-24,99.5244598388672,100.83749617749112,99.276547022087,100.72730881149783,16786100
2023-10-25,99.70808410644533,100.54365574967883,99.28570977225,99.64380990353216,22047300
2023-10-26,98.79905700683594,99.47852812360446,97.78903085912869,98.6613245763844,18768300
2023-10-27,96.91675567626952,100.87422576887312,96.37500988098648,99.9835638210334,23092000
2023-10-30,97.21975708007812,97.71558971317629,96.60456005591256,97.09120865727829,19379900
2023-10-31,97.19220733642578,97.47685626359312,95.98935843552395,96.94429453442925,22185200
2023-11-01,96.99938201904295,98.40423753720978,96.83410448717844,97.81658564732776,28984900
2023-11-02,100.18555450439452,100.25901273701064,96.87082706524023,97.21974316212288,25212700
2023-11-03,98.96434020996094,99.88254712525897,97.825765596493,99.53363101937632,30555600
2023-11-06,97.21057891845705,99.41427014378424,97.1187526129321,99.32245084362286,19097300
2023-11-07,95.68634796142578,96.28318389585746,94.84159922626633,95.9250837362711,20272500
2023-11-08,94.51104736328124,96.31991628510744,94.47431824241492,95.24561576988069,19184100
2023-11-09,94.53858947753906,95.46598048547985,94.4467701809445,95.19051559033282,18380500
2023-11-10,95.26397705078124,95.86999703844988,94.4926865268723,95.42925459238508,17825500
2023-11-13,96.26480865478516,96.54027352870828,95.31905666253866,95.53943136382225,15308400
2023-11-14,96.63546752929688,97.12656619050787,96.24629580563035,96.64473554255258,18260500
2023-11-15,96.05170440673828,97.43234138649343,95.9034444808847,96.32968116358018,20137600
2023-11-16,94.93978118896484,95.69032766235576,93.72593302692816,95.34748893718842,22469100
2023-11-17,97.25628662109376,97.691791326045,95.2084940690107,95.4957388448626,22984900
2023-11-20,96.83004760742188,98.10875765284364,96.7651856573517,97.64545598965022,17458800
2023-11-21,96.7929916381836,97.01537447778368,95.64400538592304,96.56134078501849,14989000
2023-11-22,96.3760223388672,96.47794927918822,94.45795356920668,95.05097918411658,18072000
2023-11-24,96.8949203491211,97.7288648496339,96.2833657616938,96.38528563507909,9480800
2023-11-27,96.3296890258789,96.7373967858304,95.60693950190884,96.45941293687748,18013500
2023-11-28,96.27407836914062,97.20994962408216,96.255542345403,96.58912007846293,20629500
2023-11-29,94.82858276367188,96.90417934272844,94.17996325110576,96.61692749908704,26802100
2023-11-30,95.19922637939452,96.8115213014244,94.3374849794898,95.54207216453428,29254700
2023-12-01,95.43087005615234,96.57059520382568,94.71738863939048,94.9768364273039,17845300
2023-12-04,94.9119873046875,95.77372875636394,94.13363676635574,94.63400345469266,21523900
2023-12-05,93.06803894042967,94.82857957808793,92.92904702971396,94.7637176290102,22250300
2023-12-06,91.83565521240234,93.32748711668508,91.12216670022072,92.6603315980714,31154800
2023-12-07,91.19630432128906,93.43868283762735,90.89052350467306,92.53061547057864,29990700
2023-12-08,92.24337005615234,92.4657528897206,91.50208451836106,91.7522643224475,22074900
2023-12-11,92.30823516845705,92.53061800963324,91.34456676412944,92.47502406669494,22252300
2023-12-12,90.85346221923828,91.43721979068292,90.32529858714382,91.43721979068292,26084000
2023-12-13,91.65959930419922,91.76152623560516,90.49208420351324,90.84419092237404,19915400
2023-12-14,94.12437438964844,94.6432700276898,92.4008915125278,92.5213474086666,26165700
2023-12-15,93.4942855834961,93.5869445107112,92.94758589490785,93.20703371887934,55527000
2023-12-18,94.1892318725586,95.54207191423934,94.0687689127162,94.63399752135696,21610400
2023-12-19,95.43087005615234,95.61619495424908,94.31894894526005,94.5135347861951,18904700
2023-12-20,93.8371124267578,96.3111485932838,93.70738853121529,95.90344088190892,20988900
2023-12-21,94.26336669921876,94.52281451930374,93.41088620111007,94.02244783653002,19250900
2023-12-22,94.43016052246094,95.38456094020036,94.3467625362674,94.8007962451154,12927800
2023-12-26,94.6432647705078,95.46794117919616,94.6247358142168,95.1992253617304,16835100
2023-12-27,94.19849395751952,95.02317032096572,93.90197411775075,94.55060066311184,14558800
2023-12-28,92.83639526367188,94.15217037170216,92.78079425344924,93.94831649620566,16329300
2023-12-29,92.6417999267578,93.20702142906966,92.3082221772289,93.0031746438438,17746400
2024-01-02,94.84711456298828,95.53279902706416,93.44794159746051,93.51280354582688,23483000
2024-01-03,95.64400482177734,96.01464759853994,94.19850576876848,94.7637273432883,23490800
2024-01-04,94.81005859375,96.89491622150788,94.5598787889651,96.44088253979012,19395200
2024-01-05,95.09730529785156,95.8107938814872,94.63400359346278,95.59767198692222,15827400
2024-01-08,93.5128173828125,93.6240123405034,91.6410815462666,93.33676753658092,23370100
2024-01-09,92.35456085205078,93.85566093219823,91.90979517088172,93.85566093219823,19496600
2024-01-10,91.44647979736328,92.4750100018269,90.9553811909733,92.4750100018269,18206100
2024-01-11,91.42794799804688,92.19703045123612,91.32602106717012,91.77079377185257,15833400
2024-01-12,92.614013671875,93.26264034023993,91.8912640989335,92.79007059276915,18041700
2024-01-16,90.51988220214844,92.66960165998618,90.37162227499016,92.49354476384136,20235700
2024-01-17,89.86198425292969,90.7700514584126,89.49134154747027,89.50987050150351,18384000
2024-01-18,89.69520568847656,89.96391443463283,88.78713130929957,89.88052352777518,20940300
2024-01-19,89.83419036865234,89.89905231923026,89.33383078957833,89.62107556079164,20088400
2024-01-22,89.71372985839844,89.97317764734389,88.74079358043096,89.60253491909808,19955900
2024-01-23,90.72374725341795,91.2704398960202,89.63035489879024,89.70447780208622,15863400
2024-01-24,92.2896957397461,92.33602873676904,90.56621287794977,91.10364453795567,17330600
2024-01-25,94.63399505615234,94.68032805018052,92.30822579992208,92.94757728709251,22089500
2024-01-26,95.44014739990234,95.51427736638897,93.7629975573232,94.48574705701095,20817200
2024-01-29,95.56060791015624,95.62546986661002,94.38382468037427,95.42162305305752,18317500
2024-01-30,97.15435791015624,97.18215487899832,94.60619874810465,94.89345058812496,19610900
2024-01-31,95.26409149169922,97.18216021067896,95.22702650806885,97.05243630268404,22415300
2024-02-01,94.87491607666016,96.37601604288858,94.16143461044558,95.96830830823882,19240700
2024-02-02,94.4857406616211,96.3667442500089,94.15216290443269,96.13509342248484,21973400
2024-02-05,94.09657287597656,94.8656482825361,93.1236365321995,94.00390688558063,17190900
2024-02-06,94.74519348144533,95.4772109835691,94.11510291439082,94.5784045940067,13347900
2024-02-07,94.7174072265625,95.18997697266788,93.753738775617,94.74520419937632,13826800
2024-02-08,96.33895874023438,96.75592745160247,94.61547581291296,94.8285906407062,19636900
2024-02-09,94.30042266845705,97.1450947561384,94.23556071477398,96.45941023585718,20410500
2024-02-12,95.59767150878906,95.81079340228808,94.51354722260308,94.661807160589,18173100
2024-02-13,94.77467346191406,96.41129951827732,94.08261644162928,96.10268402748544,18917400
2024-02-14,94.30706787109376,95.971756400365,93.91427932227488,95.27034521956408,17651300
2024-02-15,97.00984954833984,97.20624383090708,94.08262219906094,94.08262219906094,23196300
2024-02-16,97.00984954833984,97.85153729216404,96.81344813064882,97.27170859176285,20151400
2024-02-20,96.09333038330078,97.37457735705588,95.99981032090132,97.11271119316464,17650000
2024-02-21,98.05728149414062,98.1788639984332,96.31778119769062,96.3458365032586,20991300
2024-02-22,97.97311401367188,98.5810051200617,96.74797765414436,97.41198650589794,20470700
2024-02-23,97.11271667480467,97.34652041156237,96.21491118187012,97.15012612890077,15975900
2024-02-26,97.49614715576172,98.1414476791687,96.37389220082372,97.0004844317454,13360800
2024-02-27,97.29039764404295,98.33784082251076,97.12205868920212,97.89828871069729,16360000
2024-02-28,97.5616226196289,98.5997117777144,97.26235412311658,97.7019062881774,14810500
2024-02-29,97.74864959716795,98.26302060090272,97.4680894329586,97.89828739284457,17566100
2024-03-01,98.98314666748048,99.49751774290932,98.55294864763265,98.87092544020422,18460100
2024-03-04,97.59903717041016,98.99250551114768,97.29041451051133,98.81481951448932,18138000
2024-03-05,98.7960968017578,99.3852795923024,97.56161347743355,97.75800774094844,19952700
2024-03-06,99.85287475585938,100.60104940269883,99.2730461829249,99.71259825280892,20472800
2024-03-07,100.4140396118164,100.9845213467908,99.69392004826706,99.69392004826706,15195400
2024-03-08,101.3585968017578,101.37730509699738,99.85290011555438,100.28310528457595,16281500
2024-03-11,101.9571304321289,102.05065763497348,100.38596903499896,101.23701806204276,17577300
2024-03-12,101.30248260498048,102.20028809639088,101.03126941458714,101.99453966677363,14957200
2024-03-13,102.43408966064452,103.2009656142413,102.04130110431724,102.06935641046582,17122200
2024-03-14,104.24840545654295,104.32322436055054,102.58372408555336,102.71465360000492,22121000
2024-03-15,104.06135559082033,105.02463290176952,103.66856705730116,103.66856705730116,38264400
2024-03-18,105.02462768554688,105.54834570422776,103.90236561464415,104.54766612703514,16770500
2024-03-19,105.76345825195312,106.13754566952284,104.8001879679198,104.9498257889973,14878800
2024-03-20,105.66993713378906,106.05337869515591,104.8656516912808,105.41743223212902,16119700
2024-03-21,106.13753509521484,106.53033076884768,105.27713911511113,105.6044628972024,14878000
2024-03-22,106.13753509521484,106.32458235292653,105.51094283590822,106.12818808367174,14701900
2024-03-25,107.2223892211914,108.27917948470927,106.45551329210689,106.45551329210689,14011700
2024-03-26,106.4180908203125,107.5309986932984,106.06271177206273,107.23173024868738,13152300
2024-03-27,107.52165985107422,107.6058257685116,106.06272686783774,106.12819162644134,12415700
2024-03-28,108.7093734741211,108.90576773876928,107.60581965243856,108.0453717788468,18482100
2024-04-01,109.41079711914062,109.6446008611634,107.90510044970408,108.86837786034202,13817000
2024-04-02,111.55243682861328,111.85170532381258,109.72877055085564,110.28054394023532,19919600
2024-04-03,111.57113647460938,111.9919803106628,111.03806428588422,111.7394754360554,16504300
2024-04-04,111.96392822265624,112.1135588953938,110.95389442496504,111.33733595626616,18467400
2024-04-05,113.5070343017578,114.2365007777687,111.88910939499458,112.20708616935414,21720600
2024-04-08,112.74015045166016,113.85305124590812,112.42217369964438,113.23581316924194,17513900
2024-04-09,113.329345703125,113.76889786262171,112.54376145027209,113.16100673002248,14132300
2024-04-10,114.28325653076172,114.53576854634814,112.90849663804872,113.36674993561972,17409200
2024-04-11,113.89982604980467,114.74152090547076,112.54376013369723,114.74152090547076,17555900
2024-04-12,112.57181549072266,115.73283915516484,111.91716080634684,114.98466441162763,21556200
2024-04-15,111.92652893066406,113.80631303559248,111.71142634611915,113.2451783403011,15029500
2024-04-16,111.00065612792967,112.43153374932602,110.28053667636368,111.81428850512658,18082200
2024-04-17,110.9445343017578,111.6178901306125,109.53236502553962,110.86972253698072,14538600
2024-04-18,110.84166717529295,111.96392934008033,110.32730325966511,111.2905734682326,13821400
2024-04-19,112.1135711669922,113.0955497669746,111.24382093518965,111.44022236328549,21572400
2024-04-22,112.74949645996094,113.69406542636396,110.75749146122776,111.53372147456018,16340700
2024-04-23,113.1890640258789,113.21711933270184,111.71142269546483,112.2257937709646,13929800
2024-04-24,113.207763671875,113.40415793975558,111.65530355178583,112.50635251439158,12101200
2024-04-25,113.4696273803711,113.87177007933587,111.66466230852318,113.18906005174505,16041000
2024-04-26,110.31795501708984,111.38409949286832,108.69068299644748,111.29057942457833,27289500
2024-04-29,111.8891143798828,112.27255592852842,110.1309128687271,110.1309128687271,17309900
2024-04-30,110.6078643798828,112.41282944344216,110.33665833461288,111.39344861535416,21083300
2024-05-01,108.51297760009766,110.79490411094878,108.16695267304512,110.61721100670684,27777700
2024-05-02,108.7093734741211,109.66329662826728,108.39140384615446,108.7280817670151,25513600
2024-05-03,108.48493194580078,108.55039670553556,106.7360774569955,108.48493194580078,28023300
2024-05-06,109.18634796142578,110.67333634177967,108.85902414830926,109.11152905124943,31401300
2024-05-07,108.64390563964844,109.96256198149489,108.41945607714456,109.68199467702286,30122000
2024-05-08,108.62520599365234,109.37337359078172,107.93314900414885,108.2137091774012,18957200
2024-05-09,110.76685333251952,110.85101924736342,108.662619839942,108.67196685150913,17564000
2024-05-10,110.31795501708984,110.97260976536757,109.9625759035383,110.86038140234524,13648100
2024-05-13,110.2711944580078,111.32798474719944,109.53237381622613,110.74814892912276,15060600
2024-05-14,110.94058990478516,111.00658639970992,109.81864949106418,110.1109186552912,15079100
2024-05-15,111.79854583740234,112.04367155287824,109.44151800574726,110.88401788782768,18244300
2024-05-16,111.129150390625,112.47737059313218,110.8180209916438,111.7608321208634,15745200
2024-05-17,112.79792785644533,112.97706428061473,111.21400480237666,111.5345643407283,15104500
2024-05-20,111.8833999633789,113.03363074317052,111.7702672264016,112.8827846961747,11551300
2024-05-21,111.11028289794922,112.61877916776392,111.04428641092848,111.62883186245315,14495000
2024-05-22,108.87582397460938,110.74258583844232,108.3855581970833,110.74258583844232,17879300
2024-05-23,107.01848602294922,110.78973028368,106.8770629245563,108.9889576965038,15979800
2024-05-24,106.9336395263672,108.49870949711467,106.57537387679912,108.27242964078702,12212900
2024-05-28,108.2912826538086,108.52698542692012,106.60364993516067,107.02791204953031,13978300
2024-05-29,107.13162994384766,107.9990216812084,106.35852507732146,107.98016142981017,13902000
2024-05-30,107.47103881835938,107.60303180126508,106.49994450423397,106.79221365308544,14683700
2024-05-31,110.55403137207033,110.77087389649952,107.47103505330466,107.59360509962173,29037400
2024-06-03,107.9047393798828,109.70551223152158,107.25420454066158,109.64894586108808,19589300
2024-06-04,106.2265396118164,106.62251860227896,104.5766199584768,106.53766904421364,19412200
2024-06-05,106.65080261230467,106.71679910677388,105.1045928621022,106.43395287728968,14863500
2024-06-06,107.45217895507812,107.518175442351,105.69854978688132,106.30194829711272,13154100
2024-06-07,106.30196380615234,108.32900934395413,106.22653718309957,107.28248832660248,13289200
2024-06-10,106.6130828857422,107.68788698417038,106.25481005754746,106.59422263526984,15239700
2024-06-11,105.755126953125,106.22653253696856,104.9443087734678,106.05682623906172,12462400
2024-06-12,104.5860366821289,106.82050160152735,104.21834092480836,106.82050160152735,13606800
2024-06-13,103.74694061279295,104.5200454740583,103.44524133017914,104.5011852227884,14466900
2024-06-14,102.8701171875,103.90720793359034,102.37985139933372,103.72807152717448,13313400
2024-06-17,102.16301727294922,103.20010810424178,101.99331097742294,102.9266920062784,21147900
2024-06-18,103.12467956542967,104.3880502292863,102.57785457276276,102.7946971061277,17762900
2024-06-20,105.3497085571289,106.17938691497328,103.32266328704692,103.6243697394105,17433200
2024-06-21,104.42576599121094,106.2548147484882,104.42576599121094,105.5005701370896,52212500
2024-06-24,107.52760314941406,107.98014842537351,105.25542506582094,105.25542506582094,16266700
2024-06-25,107.82931518554688,107.999021482427,106.9713535754644,107.58418226936926,14188900
2024-06-26,107.86702728271484,108.25357611438228,106.6696530923312,107.8481670315633,15771800
2024-06-27,108.3290023803711,108.4138519310422,107.58418071003037,108.4138519310422,16812700
2024-06-28,108.5364227294922,109.8752128429621,108.1215835195974,109.23410096997848,24565900
2024-07-01,108.38556671142578,110.06376937301395,107.9801576375416,109.09267505938112,11972900
2024-07-02,107.65017700195312,109.30952663396076,106.99963500904164,109.27181332492898,13326700
2024-07-03,108.1969985961914,109.04552998360369,107.73501600060848,107.73501600060848,7732900
2024-07-05,106.8864974975586,108.07443431011124,106.24538565883014,108.0555812529771,12631000
2024-07-08,105.76455688476562,107.05621077163477,105.04801838457648,105.96254636644716,13350500
2024-07-09,104.5954818725586,106.10397842667074,104.29378256173617,104.75575805794698,11727000
2024-07-10,105.5194091796875,105.5571224842099,104.10519262894556,104.57659814585952,10004100
2024-07-11,106.77336883544922,106.83936533199524,104.58604713025191,105.05745273217444,13082700
2024-07-12,106.7922134399414,107.62189183721055,106.18881489269732,107.47103860386052,11684900
2024-07-15,108.62126922607422,109.51694411378791,107.08448967648444,107.7350244637052,13032500
2024-07-16,109.40380859375,109.69607775349957,107.20705685007016,107.810455421018,13614100
2024-07-17,110.91229248046876,111.42141131584305,109.88463187813964,110.06376108817828,13602800
2024-07-18,112.00596618652344,113.06191005859658,110.72374246208192,111.20457096393888,13033600
2024-07-19,109.43209075927734,112.08138780996984,109.2435314050156,111.80797171113552,16157700
2024-07-22,108.67784118652344,109.30953014172918,108.02730636581435,108.59299163328774,12065900
2024-07-23,106.92420959472656,108.5835519407084,106.69792975321084,108.24413937151262,11251700
2024-07-24,108.43270111083984,108.61183031943747,106.6036453680695,107.2636102272766,14925200
2024-07-25,110.71431732177734,111.28000259201316,108.00844664159604,108.58356203770802,17021700
2024-07-26,110.62004089355467,111.28000586271418,109.80922267825665,110.09206172514844,11252500
2024-07-29,109.46037292480467,110.67660016978984,108.7815477468522,110.61060367710436,8861800
2024-07-30,111.41199493408205,111.81740402745788,109.58294614405848,109.70550900742198,12483900
2024-07-31,111.80796813964844,112.91106262538618,111.77968495672046,112.7979227005962,15137700
2024-08-01,110.26175689697266,112.65649798952616,109.70550179243092,111.58169389509132,15051500
2024-08-02,110.19576263427734,112.07196196794222,108.8192592432824,109.33780824365772,20403800
2024-08-05,108.20642852783205,109.39437254705994,106.77335879766537,108.93239711466828,18025900
2024-08-06,107.63131713867188,109.01724339430028,107.13162122040409,107.9047260239784,13647800
2024-08-07,109.06439208984376,110.42204242236052,108.6684131405524,108.84754236442528,13660700
2024-08-08,111.14800262451172,111.35542222229527,109.11153434089066,109.44151679505634,13851000
2024-08-09,112.0531005859375,112.4867928395649,110.64831402602724,111.14800277057452,12151900
2024-08-12,112.19452667236328,113.297613989778,111.27056858187176,112.71307568127357,13228900
2024-08-13,111.1197280883789,111.73255680413196,110.78031548251808,111.51570706419032,11585100
2024-08-14,112.14737701416016,113.04305187138408,110.902866654917,111.34598902101716,12194500
2024-08-15,112.84117889404295,113.69653448576678,112.26143337014852,112.38498296093368,11579400
2024-08-16,112.30895233154295,112.6035817503446,111.82425274920314,112.13787975807344,10056000
2024-08-19,112.65109252929688,114.52338470918188,112.30894739738956,112.52754294038132,12417500
2024-08-20,108.89701080322266,112.76514480264332,108.83048298508966,112.76514480264332,15632000
2024-08-21,108.20320892333984,109.83790065743278,108.11767626913144,109.30567813972364,11752400
2024-08-22,109.0395736694336,109.30568494485568,108.003632203268,108.13668784097904,10609500
2024-08-23,110.55070495605467,110.93086701576436,109.32468612025986,109.32468612025986,10381400
2024-08-26,112.91720581054688,113.04076265265248,111.12094746151789,111.91928853385764,13671000
2024-08-27,111.84324645996094,113.48744421084736,111.57713520571062,113.05975919424118,9991600
2024-08-28,110.74078369140624,111.74821424939334,110.49368451296505,111.19697961873848,10742900
2024-08-29,112.27093505859376,112.89820357641275,110.5792214210652,111.38706130684147,10753900
2024-08-30,112.0903549194336,112.16638152847186,110.5221909985853,110.99739174726732,13284700
2024-09-03,109.7428741455078,110.33211849812793,108.3837995645784,110.09451809762272,15725100
2024-09-04,108.40279388427734,110.38913681021462,108.32676727424654,109.57179093173166,12620600
2024-09-05,107.55694580078124,109.56229372831594,107.4619070923318,109.36271026527548,17200800
2024-09-06,107.05322265625,108.51684181280274,106.18836107568896,107.9561011663175,13467700
2024-09-09,109.3056869506836,110.38914416392043,107.07224470413358,107.27182816436262,21645300
2024-09-10,105.32350158691406,109.67634251318675,104.70573911686417,109.39121914209032,20913400
2024-09-11,104.27806091308594,105.44705077794345,102.42477351001187,105.28548425206696,19571900
2024-09-12,105.71316528320312,105.80820398592536,104.31607387512295,104.44912950913172,15919500
2024-09-13,105.63713073730467,106.89166045769234,105.42804124207538,105.94125893464144,10035400
2024-09-16,107.11975860595705,107.48090858721604,106.15035220837316,106.49249734892946,11729000
2024-09-17,108.51685333251952,108.69743195409768,106.55902838652386,106.74910580324608,12202600
2024-09-18,108.89701080322266,109.89492807521766,108.1651975527713,108.45032091676322,12569900
2024-09-19,110.24658966064452,111.74822598419068,109.47676665660651,110.39865740272016,12660600
2024-09-20,109.55278778076172,109.78088938243208,108.58338135212308,109.73336640267024,36206200
2024-09-23,111.53913116455078,111.94780413822464,109.4102336335698,109.60981709731908,16066300
2024-09-24,111.2445068359375,112.29945316030069,111.03541733006536,111.995317696495,11984900
2024-09-25,109.07758331298828,111.24450494993518,108.38379423816237,110.71227514828703,13816000
2024-09-26,107.2052993774414,107.85157273134966,105.62762929987564,105.62762929987564,16887900
2024-09-27,110.07550048828124,110.332105700628,107.63296894443816,108.11767573552416,15964000
2024-09-30,111.40605926513672,111.5676257715969,109.25814995523852,109.73335068081852,13247600
2024-10-01,113.98165893554688,114.61842623802198,110.18005271039864,110.28459746166928,23235900
2024-10-02,115.4927978515625,116.72832281708796,114.23826804470082,115.88246598334727,17129700
2024-10-03,116.5002212524414,117.06095467449764,114.93205727821751,115.85394792219712,16524300
2024-10-04,118.63863372802734,118.98077888485568,116.35766843283484,117.08947447600224,19752300
2024-10-07,119.15184020996094,120.0737235860817,118.66713340840089,119.03778941812678,15714400
2024-10-08,115.9870147705078,117.86880592072728,115.24570266581595,117.73575027378202,14818500
2024-10-09,116.0345230102539,116.50022499548732,114.80851137840332,114.90355008423046,11144900
2024-10-10,117.03244018554688,117.56466270548368,116.22460036036053,117.0514522761092,10243300
2024-10-11,117.47914123535156,117.87830816330629,116.8423739096635,116.99443439369873,8294800
2024-10-14,117.92581939697266,118.09689195634012,116.53823408254226,117.12747836959512,9808100
2024-10-15,114.38082885742188,115.90146993727976,113.83910024612912,114.82751876078387,15771300
2024-10-16,114.67545318603516,115.41676522636052,114.61842416301825,114.89404147947045,8426800
2024-10-17,114.38082885742188,115.54982599283711,113.77257242547871,114.77049698622316,11204900
2024-10-18,114.05769348144533,114.6564438551261,113.24034755807814,114.4663664431289,12898600
2024-10-21,114.1242218017578,115.45478544454488,113.78207665787004,114.97958466147723,10177800
2024-10-22,114.71346282958984,115.17916480430054,113.9911628808334,114.29529108320146,9201400
2024-10-23,114.30479431152344,114.76099025826456,113.47794958135124,114.01967818942524,8320300
2024-10-24,113.65852355957033,114.4663707182009,113.22133969485812,114.04819169500284,9905600
2024-10-25,113.5634765625,114.45685631923108,113.40191004296004,114.23826077733304,10714600
2024-10-28,113.00273895263672,113.10728369693165,110.97837913218784,110.99739122259852,11844500
2024-10-29,111.46309661865234,113.25935503245074,111.26351315611792,112.6986215783286,14731000
2024-10-30,110.90235137939452,112.40398021188948,110.70276793806904,111.8242419781275,12303700
2024-10-31,110.9878921508789,112.78415050518808,110.89285344581796,111.33954333569169,20512000
2024-11-01,109.24864959716795,114.00065710032426,109.1441048520195,113.98165226074636,20939300
2024-11-04,112.72712707519533,112.81265973319628,110.18005066166778,110.3131062969948,14965400
2024-11-05,113.05977630615234,113.2973767121213,112.15689766386586,113.17382711137348,10436700
2024-11-06,114.99858856201172,115.86345746059716,113.38290881318876,115.14115024596396,20807700
2024-11-07,115.14115142822266,115.47379052686776,113.67753214319558,115.28371311363873,12184400
2024-11-08,115.10313415527344,115.3977563202045,113.72505478596337,114.97958456213846,12836000
2024-11-11,114.49488067626952,115.58784395466954,114.11471859017534,114.99859235867412,11969700
2024-11-12,114.38082885742188,115.2932135053366,113.89612202068984,115.1221409306658,11972800
2024-11-13,115.44527435302734,115.99650897753112,112.90770402258894,114.58991153069186,15127900
2024-11-14,115.5219268798828,116.78676522854684,115.3015424227038,116.57596492924488,13041800
2024-11-15,114.32416534423828,116.1735130813798,114.15168705178988,115.368619257001,19051700
2024-11-18,115.28237915039062,115.57942957301114,114.2858386941232,114.7841125775423,14239700
2024-11-19,113.6725845336914,114.74578363877816,113.26055345241951,114.74578363877816,11584400
2024-11-20,115.29196166992188,115.43569480004092,113.68216669584396,114.19001741977004,11360900
2024-11-21,116.83467864990234,117.42877215828966,115.2440447293349,116.0202006844444,14675400
2024-11-22,116.70053100585938,118.06118901634912,116.55679787842554,116.72927616923202,13323400
2024-11-25,114.95659637451172,116.786775925863,114.6116397650454,116.35558381931568,26580300
2024-11-26,113.04016876220705,114.67870892573876,112.92518079420503,114.53497579337896,14827300
2024-11-27,112.74312591552734,113.76841153994036,112.52273413731336,113.15514968638816,11079100
2024-11-29,113.03059387207033,113.5480288046512,112.06279849943354,112.5323272576802,9426500
2024-12-02,112.9251708984375,113.26054330417408,111.93821468559698,113.11681749497994,12687300
2024-12-03,112.7527084350586,113.758833103989,112.35984565052914,113.758833103989,11756600
2024-12-04,109.5043716430664,112.63772627161798,109.10192470508196,112.58981278875603,19520600
2024-12-05,109.98346710205078,110.78836821447494,109.29355395156448,109.91639261856298,15751200
2024-12-06,108.82404327392578,109.973893764152,108.75696878383876,109.75350928696804,16171100
2024-12-09,108.18203735351562,110.13678892359596,108.03830422281236,109.84932266218948,17412600
2024-12-10,107.9616470336914,109.1210816320043,107.0800945423318,108.843199525051,20990900
2024-12-11,107.24298858642578,107.69334899003644,106.46683990564958,107.31964723184268,32392200
2024-12-12,107.14716339111328,107.6837592601262,106.15062298396757,106.9267716245856,14543300
2024-12-13,106.20812225341795,107.22383106174306,105.64278117389706,107.22383106174306,13106100
2024-12-16,103.93716430664062,105.7865121131624,103.64012119039084,105.59486549737956,20256100
2024-12-17,103.49639129638672,103.64970128324182,102.32737249051073,102.75856459602252,17554000
2024-12-18,101.97283172607422,104.282124172268,101.86742791173344,103.07477604200072,17114500
2024-12-19,101.10086059570312,103.17059288050407,100.81339432615562,102.90229492789756,20565600
2024-12-20,101.44581604003906,101.7045298312298,100.45885242479967,101.04336180514004,40141200
2024-12-23,101.85784912109376,102.14530808243752,100.53551304297108,100.90921481011767,12285100
2024-12-24,101.9536590576172,102.71064667831088,101.28290692393618,102.06863970696745,7807000
2024-12-26,102.03990173339844,102.55733662363896,101.51288999541752,102.06864689776113,9652400
2024-12-27,102.0303192138672,103.47721268387592,101.34998291243956,101.85784092670828,11943900
2024-12-30,101.34040832519533,102.10697282144176,101.10085554938632,101.8578431982112,11080800
2024-12-31,103.07476043701172,103.39097183216128,101.3595618121772,101.73326352987394,12387800
2025-01-02,102.82563018798828,104.44500927670694,102.41359912502432,103.75509611913284,12685400
2025-01-03,103.35265350341795,103.95632388606364,102.96936758768403,103.48680247733922,14237900
2025-01-06,103.23766326904295,105.19241481685764,103.02685565448886,103.7167688255494,15623700
2025-01-07,104.2054672241211,105.46072154739208,103.75510679378291,104.38752969014833,12625900
2025-01-08,102.46151733398438,103.20892085233584,101.57996484108628,102.82563493481511,17858100
2025-01-10,102.08782196044922,105.49905148755904,101.359579402665,104.1575543476106,19304500
2025-01-13,104.722900390625,105.04868868166562,102.6531607396454,102.6531607396454,17073400
2025-01-14,105.13493347167967,105.17326279674334,103.3239148982064,104.24379676802052,11191200
2025-01-15,106.85012817382812,107.06093579807882,104.89537653610036,105.45114076174836,14521100
2025-01-16,106.66806030273438,107.0226010446746,105.9302409658616,106.54349549043836,10366600
2025-01-17,107.62627410888672,108.15329315598468,106.18895741015127,106.39018087070576,19298500
2025-01-21,106.81179809570312,107.4921271351608,106.48600250309794,107.36756231742493,20416300
2025-01-22,104.95286560058594,106.90761721474266,104.82830078347212,106.55307645908977,15718000
2025-01-23,105.54695129394533,106.49557821052184,105.0295164365662,105.70026126433338,13726800
2025-01-24,104.11923217773438,106.08356074529142,103.8796793784783,105.6332003129986,14235900
2025-01-27,105.56612396240234,105.83442192315248,103.86050923142972,104.4546027949273,15926700
2025-01-28,103.52513885498048,106.23687830367643,103.28558605514311,105.79610202924428,15862000
2025-01-29,104.12879943847656,104.23420324528992,102.97894903214792,103.20891765129952,12345500
2025-01-30,104.99119567871094,105.2594936316984,104.15754934429624,104.67498424387388,14346300
2025-01-31,102.36569213867188,105.93023855060768,101.66619482878474,105.93023855060768,20376500
2025-02-03,102.61483764648438,102.8160684391362,100.91880697719564,102.18364551496548,14623200
2025-02-04,105.36489868164062,105.6715259615973,102.07823409777492,102.25071239966124,14835700
2025-02-05,105.28823852539062,105.41281065365033,104.54083499811608,105.1540895492424,13364400
2025-02-06,103.89883422851562,106.40935004774676,103.47721898742788,106.1410447876004,13411400
2025-02-07,104.33961486816406,105.14451606134558,103.79343478765811,104.23421105345491,10051600
2025-02-10,106.33269500732422,106.39018533830516,105.28824102755368,105.4128131587738,12142200
2025-02-11,107.0034408569336,107.80834205069024,106.18896281497555,106.93636636666814,12713100
2025-02-12,103.78404998779295,106.56838696936224,103.61969881206466,106.39436590801417,18244100
2025-02-13,104.53813934326172,104.80884451030418,102.98161966858515,103.5906970744787,15460000
2025-02-14,104.6444854736328,106.56838703527131,104.50913657871855,104.91518326346134,15733500
2025-02-18,106.48137664794922,107.30313993262904,104.7218335747908,105.02153365631874,20060300
2025-02-19,106.63606262207033,108.40526816048438,106.40402962034253,107.0807814781061,10964700
2025-02-20,108.27959442138672,108.68564113023604,106.29768818025332,106.89709573328946,16325800
2025-02-21,107.01311492919922,108.1345783498188,106.8874285333286,107.62218500778005,14710000
2025-02-24,107.57383728027344,108.14424253493564,106.65539726760063,107.24513491816715,13153500
2025-02-25,106.0850067138672,108.40527793261128,105.2729058865369,107.60285436784406,14497000
2025-02-26,105.82396697998048,106.22035117844231,104.91518945255048,106.09466478577782,10446400
2025-02-27,106.49103546142578,107.593166317053,105.649932492253,106.35568657571444,15293200
2025-02-28,107.63184356689452,107.87353907079434,105.7079420451598,106.45236832770962,18821700
2025-03-03,104.18043518066406,108.43427765165944,102.9719576250382,107.98955142034288,18706900
2025-03-04,103.96774291992188,105.34057166567978,102.42089310949316,102.82693980173786,19394900
2025-03-05,101.93749237060548,102.79792772617697,100.22628416838458,102.32419925439774,24822200
2025-03-06,104.04508972167967,104.51881087386532,100.89337808722016,101.92783461397111,17150200
2025-03-07,105.39857482910156,106.7327387658502,104.70249795562242,104.80884457017372,19625000
2025-03-10,108.08624267578124,108.83066165386914,105.4565941606266,105.649947631933,22749100
2025-03-11,105.533935546875,108.37626985055816,105.17622352140803,108.20224878086636,19904700
2025-03-12,105.5049285888672,106.47171069501778,104.81851417861571,105.42759162610636,14051500
2025-03-13,105.0602035522461,107.13878643392896,104.054749335619,104.73150119586734,17767800
2025-03-14,108.18292236328124,108.45362018088122,104.71217066372152,105.32124812928376,15890100
2025-03-17,109.98112487792967,110.69654150887504,108.01855855360304,108.08623300009836,19908800
2025-03-18,109.8651123046875,110.73521763068317,108.83065579932648,110.30016127970448,15998700
2025-03-19,111.5763168334961,111.9726936274922,110.04879946667064,110.40650409462492,17315000
2025-03-20,112.050048828125,112.60111433974028,110.41618469019453,110.90924563510151,16230800
2025-03-21,111.66332244873048,112.1370435696074,110.5515216591136,111.66332244873048,41102800
2025-03-24,111.95336151123048,113.02649014968856,111.74066828545152,111.83734501281609,14207500
2025-03-25,112.71711730957033,113.73224142722952,112.10804726455186,112.5624360148191,12081800
2025-03-26,114.34130859375,115.22108379036824,113.77091073076934,113.77091073076934,14110800
2025-03-27,113.97393798828124,115.11474112938356,113.3648679376782,114.17696133848229,12740800
2025-03-28,113.81925964355467,114.5250064445596,113.34553110483957,114.17696429920083,10233400
2025-03-31,114.97938537597656,115.92683499640438,113.87725446859892,113.87725446859892,21652300
2025-04-01,115.0857391357422,115.3177647685588,114.01261044201776,115.25976020434511,12425400
2025-04-02,114.72801971435548,114.89237088633742,113.75157519190172,114.45732193086486,12614600
2025-04-03,108.69530487060548,111.6149833811035,108.5019514133132,110.57086438537908,21204600
2025-04-04,100.87403106689452,107.14845160282862,100.38097755403147,106.2203417612518,30841300
2025-04-07,99.52053833007812,102.28553535374296,95.189351860014,97.0552413567394,35068500
2025-04-08,97.4226303100586,102.0921896874442,95.72109910137408,101.95684078166164,27147800
2025-04-09,102.2855453491211,103.0396341790902,94.87032131051387,96.0691363808891,30063300
2025-04-10,96.61052703857422,100.33263632053809,94.55128400229889,100.26496187453732,33999300
2025-04-11,99.71389770507812,100.47765639175616,95.50839736153934,96.96824028802324,22884600
2025-04-14,99.95559692382812,101.59912348087778,99.30785471171718,101.54111891739376,18020000
2025-04-15,99.67523193359376,101.90850357557473,99.57855519985424,100.19729514694144,13164900
2025-04-16,100.7290267944336,102.0825157991999,100.2552982668035,100.49699378564918,13607000
2025-04-17,103.36833190917967,104.94419132393492,100.99004902277105,101.21241213301136,17916500
2025-04-21,101.8504867553711,102.1211845472586,100.66134897301362,102.10185215182162,16926500
2025-04-22,104.70249938964844,105.3212393140787,102.61424661272504,102.61424661272504,13147000
2025-04-23,103.80339813232422,105.66928790552764,102.93329275539683,105.19555935944584,14235700
2025-04-24,105.0215301513672,105.2632256609104,103.40700591784936,104.38345784167316,9849600
2025-04-25,104.9635238647461,105.14721480928844,103.85172306392283,104.54780730012388,11245800
2025-04-28,105.0215301513672,105.6209376703805,104.10309016548764,105.1375466512941,13890900
2025-04-29,104.760498046875,105.21488676675467,103.94839733186508,104.16109055189057,9483100
2025-04-30,102.12118530273438,103.85172605763076,100.6903519990406,103.85172605763076,20379300
2025-05-01,102.2662124633789,103.36834350077052,101.49279118546954,101.60880032037667,18610300
2025-05-02,102.68192291259766,105.37924577676984,101.0770685096626,104.1417659056002,16581900
2025-05-05,99.8395767211914,101.18341052512184,99.6462232661018,101.1737406395789,19624000
2025-05-06,101.23174285888672,102.45956013578056,100.04260512326977,100.43898190982163,16303400
2025-05-07,101.13507080078124,101.79248288956104,100.61300760887129,101.50244532429048,12332200
2025-05-08,102.54656982421876,103.82272181123383,101.84081569553878,101.84081569553878,19196500
2025-05-09,103.7453842163086,104.17077069826132,102.846276573248,103.58103303044942,10992100
2025-05-12,105.533935546875,106.77141543092236,104.72183476299271,106.60705687135206,14244600
2025-05-13,105.82396697998048,106.83909112768256,105.39858049889204,105.68861807708178,13350800
2025-05-14,104.87651824951172,105.2438927669306,104.34478518065134,105.2438927669306,15494900
2025-05-15,105.94002532958984,106.00832307611483,103.3934833687496,103.9008369938073,15004300
2025-05-16,105.55950164794922,106.24247907048462,104.8374884368168,106.00831644617186,14042500
2025-05-19,103.8813247680664,104.95457824251392,103.14956002041184,104.95457824251392,16802700
2025-05-20,102.39826965332033,104.12523849609568,102.23240477623206,103.80326024488056,12429300
2025-05-21,101.1396484375,102.41779514644696,101.12013054233822,101.98849077963902,16716100
2025-05-22,100.46641540527344,100.95425853538052,99.41267245770727,100.55422359562291,13417400
2025-05-23,100.52495574951172,100.9542600926748,99.58829781852496,100.10541035339202,12061600
2025-05-27,101.00303649902344,101.3347736921372,100.39811579306146,100.97376710278596,13043600
2025-05-28,99.62732696533205,101.89091884442456,99.31510765248808,101.75432336029878,14292400
2025-05-29,100.19322967529295,100.3493356142531,99.27608216075384,99.79319471464648,13825300
2025-05-30,99.81271362304688,99.90052181887316,98.7297012111472,99.6761181336087,28645800
2025-06-02,100.54447174072266,101.32501627982484,99.73465036104436,101.227449142924,17290500
2025-06-03,101.27623748779295,102.11532827288843,99.7248924525042,100.39811835875172,19194300
2025-06-04,99.81271362304688,102.3690070201576,99.81271362304688,101.39332069908734,15648500
2025-06-05,99.35413360595705,100.54447203374446,99.25656646877184,100.47617429332529,13924800
2025-06-06,101.73480987548828,101.95922100564744,100.18347219115182,100.26152888371986,15487800
2025-06-09,102.41779327392578,103.27639454794776,101.3055114747103,101.79335463029238,17087300
2025-06-10,104.6130828857422,105.03262827889746,103.35444670627638,103.5008011353111,17634800
2025-06-11,106.65226745605467,106.73032414687152,103.87156297979324,105.13995815193144,22648200
2025-06-12,107.06206512451172,107.51087994664228,105.58877667010977,106.27175412902668,17469400
2025-06-13,109.3939437866211,109.7939712737495,107.98895322054126,109.61834745298952,28540200
2025-06-16,109.74520111083984,110.40866810959282,108.42801861697882,109.1012445632726,22986100
2025-06-17,111.22824096679688,112.13562954612397,110.35988073370812,111.179453673025,19451700
2025-06-18,110.43793487548828,112.43808732770862,110.1940133000544,111.82340763741772,17968900
2025-06-20,111.91121673583984,112.2429539519364,110.4281768205318,110.69160884881502,36273300
2025-06-23,109.02317810058594,114.10650250500248,108.45728574016194,113.86258094561266,26631100
2025-06-24,105.70584106445312,108.24263118107518,105.28630313772794,106.59371909404986,24828300
2025-06-25,105.7351303100586,106.58397265345178,105.08141481129996,105.4814497798522,17483200
2025-06-26,107.31573486328124,107.754798167935,105.91075164251828,106.29126870688071,18304800
2025-06-27,106.72056579589844,107.42306112938388,105.73512798343852,107.26695519077366,22002100
2025-06-30,105.17898559570312,106.19369279204032,105.10092890555543,105.9985585105668,19199000
2025-07-01,106.58396911621094,106.97424512421564,104.5447883263273,105.50095672984834,15536900
2025-07-02,108.34996795654295,108.65242833130392,106.18394315225224,107.3254943510879,11892200
2025-07-03,109.47200012207033,109.73543959222856,107.93042142205664,108.1645840502784,11223600
2025-07-07,108.40850067138672,109.32564813552597,107.5401404976829,108.82804605988709,15415900
2025-07-08,111.4136199951172,111.67705201847662,108.15482391107088,108.1938522559937,17913400
2025-07-09,111.0331039428711,111.49167025110324,110.5159839508808,111.15018153480452,10652100
2025-07-10,112.13562774658205,112.46735751844028,110.32085061705124,110.94528925905156,14901700
2025-07-11,112.62347412109376,112.94545239867706,111.72584447803968,112.05757425938296,11683900
2025-07-14,111.15018463134766,112.42833878209636,110.46720717972312,112.42833878209636,13220300
2025-07-15,110.1647491455078,111.28678249079218,109.86228131572425,110.89651390663906,10959300
2025-07-16,109.50127410888672,110.74039240497638,109.37443012882312,110.13546423362256,11158900
2025-07-17,108.94512939453124,109.50127025491832,108.3889810902489,108.77925707597032,13151400
2025-07-18,105.14971160888672,109.01343599324838,104.73016619282146,108.40850779402297,32366600
2025-07-21,105.42290496826172,106.1253928332359,104.82773574513018,104.9838416782704,17010400
2025-07-22,105.90098571777344,106.7791048253295,104.99359721394806,105.35460380369202,13970900
2025-07-23,107.25718688964844,107.32548462756472,106.2034439813157,106.28150066576148,12002700
2025-07-24,108.0962905883789,108.25239653207792,106.4766476896126,106.99376770309912,15647200
2025-07-25,107.71576690673828,108.2816667362299,107.0327820437291,108.03774516598996,10548900
2025-07-28,108.73047637939452,109.38418437012298,108.14505868344554,108.30117205407066,12353000
2025-07-29,110.13546752929688,110.2525525658064,108.70121491250794,109.17929911810424,15928000
2025-07-30,109.17930603027344,109.87204245804664,108.5548673504808,109.67690816207254,12996900
2025-07-31,108.92561340332033,109.76470418191144,107.67673618231828,107.67673618231828,17233700
2025-08-01,106.9742431640625,109.80373486538052,106.21320905654083,109.2768633808127,19652000
2025-08-04,104.75944519042967,107.24744089548165,104.48624676187502,106.56446343383509,19129500
2025-08-05,104.63259887695312,105.19849872911216,103.49104766903966,104.61308842586648,21314300
2025-08-06,103.92034912109376,106.39859319785086,103.78375363562566,105.67657998163877,15321800
2025-08-07,103.37396240234376,105.4326611285925,103.31542360531732,104.53503150267342,13468300
2025-08-08,104.20330047607422,104.89603686018452,103.37396116071662,103.91059160666616,14417700
2025-08-11,103.2568817138672,104.91554542700594,102.96417284971534,104.50575897230986,13570700
2025-08-12,103.5495834350586,104.67162415904068,103.20809472181944,103.75447666300208,14109400
2025-08-13,104.9838409423828,104.9838409423828,103.16906388848864,103.42274440244574,17958700
2025-08-14,104.7691879272461,104.97408114859478,103.85204790462278,104.93506024881968,13683500
2025-08-15,104.86766815185548,105.92136685755888,104.3358939200289,104.5722430318389,19271900
2025-08-18,105.09416961669922,105.59640209792867,104.06016289296169,104.48361233533863,13040000
2025-08-19,105.78350067138672,105.82289219016042,104.53285188126868,104.5820856448628,16113600
2025-08-20,106.87659454345705,107.66440991946308,106.03954540217823,106.23649548959764,18959700
2025-08-21,107.56593322753906,107.90074987365452,106.31527690078036,106.76826810543524,12194900
2025-08-22,109.5846939086914,109.7127182207504,107.93028771504711,107.93028771504711,13586700
2025-08-25,110.03768157958984,110.21493964871304,108.85596612754428,109.21048226579067,9744900
2025-08-26,109.79148864746094,110.10661326432938,108.67870648764875,109.67332161186246,18143900
2025-08-27,111.03230285644533,111.25880221241027,109.72256302402587,109.72256302402587,15262600
2025-08-28,111.62316131591795,111.9185939536985,110.36266275262726,111.150478111266,14189800
2025-08-29,112.54883575439452,113.0412184425248,111.8496532388292,111.98751979045258,14597900
2025-09-02,112.9427490234375,113.48436549941368,111.60346744407636,112.44051655288608,15206700
2025-09-03,110.2051010131836,112.68670654900797,109.76195206928232,112.23371536045128,14920100
2025-09-04,110.68762969970705,111.40650421639116,109.68316480940824,110.40204683925596,12864400
2025-09-05,107.56593322753906,110.07708061289752,107.35912587180404,109.89982253167048,16826700
2025-09-08,108.17647552490234,108.3734331088634,106.69932745443076,108.05830848768932,15440500
2025-09-09,108.96429443359376,110.79595870253289,108.84611987931372,108.84611987931372,14899500
2025-09-10,110.7861099243164,110.84519344539692,109.1513957182256,109.4665278657588,15837600
2025-09-11,110.4315948486328,111.05199436552122,109.18094605685852,109.70287053326427,11534500
2025-09-12,110.4512939453125,111.49514289416112,110.17555331457824,111.1406267392382,11105700
2025-09-15,110.63838958740234,110.74671438088892,109.62408244217666,110.47098127498258,12880500
2025-09-16,112.93289947509766,113.5631487473592,111.06184366106196,111.23910173845827,17208000
2025-09-17,113.53360748291016,113.73055756391628,112.31250045171144,112.78518365139172,13302000
2025-09-18,112.19432067871094,113.59268572306348,111.67239622646412,113.41542765313405,14628700
2025-09-19,111.10123443603516,112.24356593009016,110.9239763598254,112.16478289329385,38746500
2025-09-22,110.31341552734376,111.08153884152428,109.8604243501585,110.7368649449766,15611500
2025-09-23,112.21401977539062,113.00183513892328,110.76642087813288,111.00276248192702,25369100
2025-09-24,112.8147201538086,113.99644312425588,112.72609487543596,112.824569911349,14756100
2025-09-25,113.82903289794922,114.13431529140912,112.66701689858704,112.89350874101174,15012600
2025-09-26,115.4342041015625,116.55683608287912,114.15400604622616,114.1933975647311,18568900
2025-09-29,112.47991180419922,114.72517584612002,111.93828779708493,114.29187664042855,19189300
2025-09-30,111.03230285644533,111.76102717505448,110.23464525787536,111.62316061513285,18076200
2025-10-01,110.28387451171876,111.29818166673252,109.59454174030076,110.8451904864916,16614000
2025-10-02,109.59454345703124,111.36711668837108,109.33850234656651,110.26418423682554,13062600
2025-10-03,111.53453826904295,112.01707124147411,110.19525664039946,110.19525664039946,12950100
2025-10-06,112.46021270751952,113.0215287200953,111.45575524249708,111.56408004432434,12036800
2025-10-07,112.51929473876952,112.76548608446156,110.03768176682227,112.33218691183124,11945000
2025-10-08,112.28295135498048,113.2578745430427,111.68225135301424,112.63746751188236,12301000
2025-10-09,111.18987274169922,113.75026145917076,111.0224569019183,112.68671294919874,10976200
2025-10-10,109.04307556152344,110.90428155817044,109.0233760462396,110.54976541469829,13811600
2025-10-13,110.53006744384766,110.58915847736117,109.62408507038784,109.84073466255516,10296500
2025-10-14,110.57930755615234,111.2390985703282,109.02337642256091,109.0726176977768,11167200
2025-10-15,109.90966796875,111.83980727002567,109.27941870764626,111.08154121041032,12182900
2025-10-16,108.95445251464844,110.48084201963704,108.7082611437254,110.17555961074068,11782200
2025-10-17,110.53006744384766,111.18986597812912,109.48621851412936,109.92935994307967,13460100
2025-10-20,110.9830551147461,111.42620404282177,110.27403035351948,110.29372235529095,9523600
2025-10-21,110.99291229248048,111.63301133371802,110.28387997068896,111.17017037292834,9202300
2025-10-22,112.96244049072266,113.42528144049152,111.3572755599508,111.72163395713264,12938800
2025-10-23,114.21309661865234,115.06983772488675,113.60253935404116,114.85318813056784,15001100
2025-10-24,113.632080078125,114.69562852426476,113.42528024356956,114.57745397030573,9919400
2025-10-27,114.1737060546875,114.22293981815812,113.34649918884276,113.93735694263816,10975400
2025-10-28,113.2775650024414,114.4100467374938,113.23817348408193,113.7305561938296,9535200
2025-10-29,114.6759262084961,115.26679145069946,113.06091157631114,113.16923636983752,12570600
2025-10-30,112.9427490234375,114.74486404159737,112.78518294908255,114.65623875964566,16172900
2025-10-31,112.6177749633789,113.47452359060154,110.90428522209764,112.24356680542397,20213400
2025-11-03,112.02691650390624,113.23817376552417,111.90874194853409,112.75564081245808,12290300
2025-11-04,112.401123046875,112.60792288093636,110.7959581368766,111.65269923325025,16860700
2025-11-05,111.94813537597656,113.4252835340798,111.93828561790328,112.3518852990128,12400900
2025-11-06,112.75564575195312,113.188944960802,111.90874685092898,111.90874685092898,14219700
2025-11-07,115.4342041015625,115.71978697585024,113.14954862042434,113.4548234973826,17181100
2025-11-10,116.4189682006836,116.64546003805616,113.70101356006596,115.650852381483,13048000
2025-11-11,117.9552001953125,118.96950737055928,117.01967605641752,117.01967605641752,16077100
2025-11-12,116.32049560546876,117.46281960045928,115.99552120954574,117.28556152206164,13790900
2025-11-13,116.98028564453124,117.93550930812972,116.47805317449377,116.82271957033755,17291900
2025-11-14,118.50015258789062,118.68889697657292,115.88756919075868,117.66571049271276,17064300
2025-11-17,116.90081024169922,118.70875924248826,116.33458466394876,118.18226972374045,16034900
2025-11-18,118.24187469482422,118.68889969210812,115.70876335906324,116.48359759303432,15808500
2025-11-19,116.572998046875,117.39750425129373,115.16240200147725,116.07630865802687,15919200
2025-11-20,116.24517822265624,118.2220073959002,115.96703338472082,117.1988284939755,14401000
2025-11-21,116.3047866821289,116.60279576188552,114.88425475654148,116.215378652987,15667600
2025-11-24,115.20213317871094,116.4239847793118,113.98027399923178,116.4239847793118,18034900
2025-11-25,113.75180053710938,115.13259636601772,113.4339196465451,114.41736246752856,14434600
2025-11-26,114.01007843017578,114.97365705250216,113.55312510411062,113.65246904450274,11650600
2025-11-28,115.1524658203125,117.95379366366068,114.05975068319684,114.1888871955968,7240800
2025-12-01,115.8577651977539,116.6326070178609,115.33127565327204,115.33127565327204,12658100
2025-12-02,114.61603546142578,115.82795872805552,113.93060928943486,115.66902207182513,14607700
2025-12-03,117.02001953125,117.19882800902268,115.11272657538204,115.18226278457816,16819100
2025-12-04,116.36438751220705,117.55643899441884,115.8875699508737,116.72200447264626,13686900
2025-12-05,115.76836395263672,117.993530298173,115.63922743960852,115.97697258701088,12516900
2025-12-08,115.21207427978516,116.22531730103633,114.2782958010143,115.0630659469568,14904200
2025-12-09,117.467041015625,119.67234312511398,116.11604526528724,116.12598117519698,23790800
2025-12-10,118.74849700927734,119.07631381660484,117.58624568752909,117.94386264481751,19845200
2025-12-11,118.74849700927734,119.5630672833503,118.28160778287972,118.32134384245384,14781800
2025-12-12,118.03326416015624,119.12597928223312,117.52663886961136,118.64916172079668,14459500
2025-12-15,116.98028564453124,118.2418733430576,116.07630732931368,118.22200910243764,16358700
2025-12-16,113.9206771850586,116.0663713785457,113.85114097459557,115.99683516808264,17638700
2025-12-17,116.63260650634766,116.84121514123431,114.40743257646578,114.44716863723636,18502200
2025-12-18,115.76836395263672,116.2153813721701,114.86438562480342,116.2153813721701,13705600
2025-12-19,115.91736602783205,116.79153657881096,115.1921962227349,115.97696632618477,45412800
2025-12-22,117.3676986694336,117.67564365102822,116.56305674309674,116.56305674309674,11768600
