timestamp,open,high,low,close,volume,trade_count,vwap
2020-06-01 04:00:00,387.08,389.99,382.895,389.68,2269721.0,36471.0,387.898827
2020-06-02 04:00:00,389.92,390.91,382.03,390.44,2804626.0,44824.0,387.940533
2020-06-03 04:00:00,390.8,391.14,387.46,389.92,2881564.0,42098.0,389.612944
2020-06-04 04:00:00,389.5,395.7201,382.28,385.8,2642991.0,43264.0,387.373262
2020-06-05 04:00:00,384.64,396.17,382.0,392.9,3151775.0,49309.0,391.930318
2020-06-08 04:00:00,391.0,398.1,385.84,397.78,2916892.0,48194.0,394.155739
2020-06-09 04:00:00,397.03,402.31,394.15,397.16,2544258.0,43393.0,397.900783
2020-06-10 04:00:00,399.59,409.98,399.49,406.82,4142667.0,57502.0,404.854108
2020-06-11 04:00:00,400.0,404.2,387.37,387.67,4568117.0,79619.0,392.435989
2020-06-12 04:00:00,409.3,411.72,395.41,406.54,9127851.0,110786.0,404.254101
2020-06-15 04:00:00,398.8,406.11,397.0,401.34,4173341.0,67804.0,401.947045
2020-06-16 04:00:00,407.83,414.68,405.475,411.67,4095379.0,58930.0,410.962782
2020-06-17 04:00:00,414.0,417.46,411.36,413.49,2295161.0,40749.0,414.631063
2020-06-18 04:00:00,413.5,420.84,413.0,420.46,2791493.0,39675.0,418.629855
2020-06-19 04:00:00,423.76,429.27,419.65,428.01,5171821.0,52237.0,426.192969
2020-06-22 04:00:00,428.85,438.95,428.54,438.64,3455510.0,55756.0,435.123667
2020-06-23 04:00:00,440.07,446.15,436.01,440.55,3382012.0,54542.0,441.524344
2020-06-24 04:00:00,440.0,442.67,427.47,431.68,3748765.0,66796.0,432.863895
2020-06-25 04:00:00,430.955,437.99,427.5801,436.95,2546696.0,42736.0,434.441411
2020-06-26 04:00:00,436.0,438.18,424.7129,426.92,4672416.0,61061.0,428.28339
2020-06-29 04:00:00,427.11,428.48,416.032,424.2,2885996.0,53901.0,422.823153
2020-06-30 04:00:00,426.68,436.91,423.86,435.31,3529114.0,52816.0,433.120239
2020-07-01 04:00:00,434.8,442.045,433.621,439.81,2812680.0,49507.0,438.452981
2020-07-02 04:00:00,445.0,448.16,441.36,442.95,2780444.0,48886.0,444.544313
2020-07-06 04:00:00,448.0,455.53,444.69,452.59,3041884.0,51325.0,452.168501
2020-07-07 04:00:00,452.59,459.44,448.72,449.36,2985960.0,52225.0,452.900458
2020-07-08 04:00:00,453.76,458.2424,452.0,457.68,2252677.0,41451.0,456.37938
2020-07-09 04:00:00,460.44,463.8,451.88,460.84,2504269.0,49596.0,459.043384
2020-07-10 04:00:00,460.83,467.21,455.48,466.2,4165228.0,46511.0,463.601953
2020-07-13 04:00:00,469.77,470.61,440.64,442.47,3914531.0,73324.0,452.56789
2020-07-14 04:00:00,435.74,437.21,416.29,433.78,6008694.0,107801.0,427.98966
2020-07-15 04:00:00,434.91,439.63,428.7341,433.01,2802828.0,56124.0,433.182664
2020-07-16 04:00:00,428.43,430.59,418.505,426.29,2924204.0,54705.0,425.018536
2020-07-17 04:00:00,428.12,433.5,423.7,432.42,3095251.0,42758.0,430.491198
2020-07-20 04:00:00,434.06,456.89,433.0,455.27,3738749.0,61617.0,450.35424
2020-07-21 04:00:00,456.07,456.9899,441.75,444.28,2254032.0,45366.0,446.340525
2020-07-22 04:00:00,447.55,449.3712,441.76,445.05,1568827.0,29791.0,445.227508
2020-07-23 04:00:00,445.04,448.81,430.3001,431.74,2560584.0,47811.0,437.16863
2020-07-24 04:00:00,425.0,435.0,423.4406,430.31,2092815.0,40825.0,429.744221
2020-07-27 04:00:00,431.77,438.36,431.01,437.1,1814859.0,37262.0,436.125593
2020-07-28 04:00:00,436.83,438.26,431.33,432.26,1609383.0,29161.0,434.150966
2020-07-29 04:00:00,435.16,440.48,435.04,436.3,1657970.0,29573.0,437.209591
2020-07-30 04:00:00,429.98,440.5,426.81,438.88,1569416.0,35817.0,435.537591
2020-07-31 04:00:00,441.98,444.4385,434.8,444.32,2435952.0,40992.0,441.942005
2020-08-03 04:00:00,449.84,450.74,442.28,447.97,2393446.0,41478.0,447.525951
2020-08-04 04:00:00,448.26,449.0799,440.7,446.92,2824007.0,42486.0,445.454023
2020-08-05 04:00:00,449.09,454.035,446.345,449.51,2527920.0,37851.0,450.28844
2020-08-06 04:00:00,451.35,464.37,449.13,464.11,2605007.0,47991.0,459.336424
2020-08-07 04:00:00,460.87,461.79,445.09,449.57,3479861.0,50005.0,450.470086
2020-08-10 04:00:00,450.37,451.125,436.5,443.29,1992658.0,39308.0,442.630454
2020-08-11 04:00:00,440.0,444.48,431.59,435.23,2135080.0,44219.0,437.42604
2020-08-12 04:00:00,437.37,447.9299,437.37,445.36,2729910.0,39687.0,444.799018
2020-08-13 04:00:00,446.07,455.9,446.07,450.02,2245188.0,38162.0,451.132787
2020-08-14 04:00:00,451.39,452.814,444.4262,447.6,1259411.0,25399.0,447.80112
2020-08-17 04:00:00,450.0,456.1,449.2,451.58,1729120.0,29304.0,452.341554
2020-08-18 04:00:00,454.79,464.5,452.84,463.51,2310063.0,44028.0,460.564723
2020-08-19 04:00:00,464.29,468.11,457.5871,462.01,2963292.0,40057.0,462.879743
2020-08-20 04:00:00,460.99,479.8,458.8868,478.48,2729601.0,51317.0,474.274773
2020-08-21 04:00:00,477.09,477.28,470.34,473.22,3095955.0,43611.0,473.868295
2020-08-24 04:00:00,478.14,480.02,469.52,476.3,2045346.0,44889.0,475.272273
2020-08-25 04:00:00,476.67,484.65,474.425,484.43,4249076.0,40002.0,482.052783
2020-08-26 04:00:00,496.95,533.6979,492.23,528.49,8189643.0,125570.0,518.941401
2020-08-27 04:00:00,519.01,523.3238,504.46,510.32,3891133.0,81057.0,512.238931
2020-08-28 04:00:00,512.33,518.797,510.94,516.44,2135234.0,45620.0,514.899405
2020-08-31 04:00:00,513.86,516.73,507.77,513.39,2655605.0,49185.0,512.144735
2020-09-01 04:00:00,515.0,528.536,514.48,527.95,2684631.0,53152.0,524.192661
2020-09-02 04:00:00,536.25,536.88,521.41,533.8,3057164.0,57767.0,531.477946
2020-09-03 04:00:00,526.035,527.63,493.42,507.8,6316699.0,114453.0,505.847722
2020-09-04 04:00:00,504.65,511.35,471.71,491.94,4199260.0,96216.0,489.88934
2020-09-08 04:00:00,471.8946,481.48,461.18,462.13,5064375.0,96686.0,468.296733
2020-09-09 04:00:00,473.905,483.49,462.48,479.46,3688481.0,71352.0,476.325777
2020-09-10 04:00:00,491.15,501.85,473.5001,476.26,4581407.0,84838.0,486.129644
2020-09-11 04:00:00,487.08,489.41,464.48,471.35,4680215.0,88011.0,475.842591
2020-09-14 04:00:00,484.99,490.44,476.87,485.91,4810729.0,83765.0,484.557804
2020-09-15 04:00:00,493.74,499.6899,491.49,497.67,5976042.0,110506.0,496.437815
2020-09-16 04:00:00,505.5,505.5,475.5,476.0,8906277.0,147323.0,484.901009
2020-09-17 04:00:00,464.4422,475.17,460.5,474.3,4956708.0,90276.0,469.315781
2020-09-18 04:00:00,477.395,478.34,452.52,467.55,8715929.0,93110.0,467.248046
2020-09-21 04:00:00,460.31,475.86,456.725,475.64,4435207.0,69074.0,469.76221
2020-09-22 04:00:00,479.31,487.2,469.56,486.78,2929730.0,58170.0,481.900164
2020-09-23 04:00:00,486.88,488.0,468.2301,470.39,3180053.0,53223.0,475.022648
2020-09-24 04:00:00,466.93,471.425,460.27,467.67,3049223.0,61588.0,467.326681
2020-09-25 04:00:00,469.23,481.58,466.01,479.78,2829512.0,50164.0,476.146336
2020-09-28 04:00:00,487.97,489.39,481.18,488.51,3195346.0,50097.0,487.342025
2020-09-29 04:00:00,489.94,493.45,484.17,489.33,2251763.0,45327.0,489.423795
2020-09-30 04:00:00,488.13,497.24,486.22,490.43,4160387.0,54342.0,491.317424
2020-10-01 04:00:00,497.4252,501.5,495.76,499.51,2507004.0,50990.0,498.791389
2020-10-02 04:00:00,487.99,496.78,478.64,478.99,3087914.0,63291.0,483.321264
2020-10-05 04:00:00,483.25,486.69,478.99,486.47,2212875.0,44437.0,484.550383
2020-10-06 04:00:00,485.0,491.51,477.5,478.98,2305711.0,46872.0,482.609597
2020-10-07 04:00:00,484.35,493.98,481.43,493.15,2329120.0,42866.0,491.045496
2020-10-08 04:00:00,499.05,499.489,487.56,490.84,1783424.0,35525.0,491.41969
2020-10-09 04:00:00,491.77,502.17,491.176,502.16,2123034.0,42899.0,499.218999
2020-10-12 04:00:00,508.26,516.0,499.54,510.89,3540224.0,65127.0,509.934649
2020-10-13 04:00:00,512.19,519.6,511.9001,514.31,2710173.0,50514.0,515.426534
2020-10-14 04:00:00,514.34,516.95,501.6,506.31,2264605.0,47190.0,506.972217
2020-10-15 04:00:00,499.26,502.5,491.85,501.15,2327741.0,45292.0,499.084177
2020-10-16 04:00:00,504.0,510.34,500.7,502.82,3102391.0,39884.0,503.774759
2020-10-19 04:00:00,507.75,507.75,493.195,495.2,2215632.0,40046.0,498.398379
2020-10-20 04:00:00,495.25,500.165,491.91,494.58,1667114.0,36408.0,495.540765
2020-10-21 04:00:00,492.05,499.81,490.57,495.96,1568023.0,35791.0,495.784104
2020-10-22 04:00:00,496.72,496.86,479.4,483.6,2764465.0,55412.0,484.835024
2020-10-23 04:00:00,486.41,488.51,479.51,488.5,2074151.0,39914.0,485.796721
2020-10-26 04:00:00,480.8835,488.78,470.13,475.2,2525922.0,56341.0,476.050945
2020-10-27 04:00:00,479.78,481.89,473.47,478.56,2136650.0,37296.0,478.303829
2020-10-28 04:00:00,469.165,470.97,455.88,456.97,3053825.0,68356.0,459.960197
2020-10-29 04:00:00,459.32,464.73,457.28,461.11,2395381.0,45287.0,461.472957
2020-10-30 04:00:00,458.32,459.5,442.51,447.07,3523520.0,74140.0,447.444662
2020-11-02 05:00:00,451.0,456.185,438.94,444.94,2711548.0,58467.0,445.417448
2020-11-03 05:00:00,448.99,457.844,445.67,454.02,1995489.0,40346.0,453.973818
2020-11-04 05:00:00,477.93,494.94,474.47,487.23,4869035.0,93784.0,486.372794
2020-11-05 05:00:00,499.27,502.53,489.8,496.47,2692342.0,56552.0,496.234712
2020-11-06 05:00:00,494.95,498.72,483.0,494.63,2220670.0,44049.0,492.759116
2020-11-09 05:00:00,494.6963,499.41,470.76,471.14,4046840.0,75735.0,480.186907
2020-11-10 05:00:00,466.72,468.01,446.0,452.0,5469477.0,95023.0,453.610662
2020-11-11 05:00:00,458.49,470.12,457.5,468.0,2950488.0,54454.0,466.450287
2020-11-12 05:00:00,473.49,474.933,461.15,462.58,2312383.0,46664.0,466.660224
2020-11-13 05:00:00,467.45,470.6,459.0,469.34,3191293.0,46693.0,467.462648
2020-11-16 05:00:00,460.43,469.53,458.2501,460.95,2791896.0,55635.0,461.565811
2020-11-17 05:00:00,461.66,469.9099,460.0,467.95,2729436.0,44054.0,466.970819
2020-11-18 05:00:00,466.71,467.9,459.26,459.47,2339046.0,45075.0,461.931591
2020-11-19 05:00:00,460.0,471.04,459.26,466.41,3854623.0,45455.0,466.32788
2020-11-20 05:00:00,465.16,470.0,462.36,462.92,2231096.0,41556.0,465.210678
2020-11-23 05:00:00,464.6334,467.0,456.17,460.61,2744102.0,46072.0,460.498113
2020-11-24 05:00:00,461.41,464.49,456.6778,462.7,2886835.0,51554.0,461.165486
2020-11-25 05:00:00,466.29,472.525,464.845,470.08,2898799.0,60200.0,469.344251
2020-11-27 05:00:00,476.9,482.405,474.86,477.03,1982165.0,40519.0,478.246948
2020-11-30 05:00:00,480.0,480.86,469.2,478.47,3318331.0,51976.0,476.993048
2020-12-01 05:00:00,482.01,482.01,471.6328,479.15,2844652.0,55654.0,477.701987
2020-12-02 05:00:00,475.67,481.32,470.12,481.26,2373913.0,49967.0,477.741911
2020-12-03 05:00:00,482.21,492.81,481.5,484.28,3485247.0,59779.0,484.752987
2020-12-04 05:00:00,485.67,491.3899,484.3601,486.0,3003819.0,51622.0,486.985354
2020-12-07 05:00:00,487.0,499.29,487.0,492.25,3900476.0,61981.0,493.4026
2020-12-08 05:00:00,492.29,496.04,486.2001,495.28,2427275.0,50323.0,493.140119
2020-12-09 05:00:00,496.03,497.0,479.26,483.74,3906399.0,78098.0,487.175696
2020-12-10 05:00:00,483.74,488.29,470.95,476.87,4240827.0,89547.0,477.71056
2020-12-11 05:00:00,475.9752,478.89,468.82,475.91,3827562.0,71872.0,474.124462
2020-12-14 05:00:00,475.61,488.41,475.5,486.42,4602375.0,57547.0,485.144334
2020-12-15 05:00:00,489.05,489.5,480.53,482.64,2886285.0,44746.0,483.449114
2020-12-16 05:00:00,485.0,491.5,484.11,489.9,2871889.0,43578.0,489.078202
2020-12-17 05:00:00,493.0,496.99,490.63,495.36,2465000.0,45936.0,494.327822
2020-12-18 05:00:00,497.61,504.07,493.57,502.95,6495930.0,51321.0,500.89206
2020-12-21 05:00:00,498.05,502.0,491.5,498.39,2826056.0,48550.0,497.678846
2020-12-22 05:00:00,498.36,506.92,495.83,504.17,1872388.0,45941.0,502.839097
2020-12-23 05:00:00,505.13,505.46,496.59,496.91,1638542.0,36301.0,499.533858
2020-12-24 05:00:00,499.16,503.01,497.28,499.86,652325.0,17568.0,499.511522
2020-12-28 05:00:00,505.61,506.04,496.815,498.95,1736714.0,37798.0,499.4829
2020-12-29 05:00:00,501.165,505.35,499.74,502.11,1672112.0,34108.0,502.305921
2020-12-30 05:00:00,503.05,504.37,496.3275,497.45,1712204.0,37317.0,498.372539
2020-12-31 05:00:00,497.99,500.66,494.89,500.12,1785163.0,29452.0,499.042704
2021-01-04 05:00:00,500.3,500.79,476.28,485.34,4092734.0,80477.0,486.767993
2021-01-05 05:00:00,485.88,486.08,479.195,485.69,2262132.0,48270.0,483.822636
2021-01-06 05:00:00,474.0984,475.8666,466.0,466.31,4541136.0,101783.0,469.864701
2021-01-07 05:00:00,471.0,479.64,468.25,477.74,3369475.0,59110.0,476.532823
2021-01-08 05:00:00,480.0,485.54,477.21,485.1,2579755.0,49777.0,483.055566
2021-01-11 05:00:00,481.99,482.59,471.3,474.24,2779373.0,53288.0,475.221809
2021-01-12 05:00:00,474.41,475.0,464.0,471.65,3277750.0,72210.0,470.417946
2021-01-13 05:00:00,472.0,477.85,469.3,472.05,2325432.0,50934.0,472.849341
2021-01-14 05:00:00,472.41,473.55,462.2,463.27,3812881.0,79237.0,465.56762
2021-01-15 05:00:00,462.5,467.88,457.49,458.08,3693491.0,76750.0,460.389768
2021-01-19 05:00:00,461.17,461.5899,453.34,456.5,4750347.0,89056.0,456.835642
2021-01-20 05:00:00,462.73,472.385,458.77,469.73,4233715.0,77358.0,466.677899
2021-01-21 05:00:00,470.26,474.69,466.1,472.02,3042180.0,60058.0,470.955141
2021-01-22 05:00:00,472.5,476.35,470.61,472.44,2818637.0,49842.0,472.950002
2021-01-25 05:00:00,474.51,477.7,463.98,473.44,2967739.0,62631.0,472.220927
2021-01-26 05:00:00,473.73,477.22,467.76,476.28,2576444.0,48662.0,474.341688
2021-01-27 05:00:00,470.99,473.67,455.07,460.0,4043728.0,84445.0,462.981743
2021-01-28 05:00:00,459.07,475.02,459.07,465.67,3299533.0,76150.0,467.155246
2021-01-29 05:00:00,462.17,465.0,455.11,458.77,3472076.0,65854.0,459.531198
2021-02-01 05:00:00,462.28,474.8,459.82,470.0,2863846.0,57606.0,468.929571
2021-02-02 05:00:00,473.65,487.37,472.55,484.93,3292507.0,70350.0,482.976038
2021-02-03 05:00:00,487.09,488.85,479.17,481.92,2449522.0,49564.0,482.372273
2021-02-04 05:00:00,484.2196,489.88,481.92,489.38,2223781.0,49668.0,487.52772
2021-02-05 05:00:00,490.92,495.1,488.0,492.12,1843829.0,43178.0,491.780637
2021-02-08 05:00:00,494.26,497.86,489.21,493.76,1932797.0,43073.0,492.975633
2021-02-09 05:00:00,495.0,497.95,492.01,496.05,1759966.0,35282.0,495.756232
2021-02-10 05:00:00,499.17,499.9874,490.27,492.67,2049184.0,40767.0,493.56752
2021-02-11 05:00:00,494.53,497.0,491.08,496.62,1787545.0,36463.0,495.051474
2021-02-12 05:00:00,495.16,499.36,491.76,498.84,1649097.0,33952.0,496.474916
2021-02-16 05:00:00,500.03,506.51,497.595,501.64,2044364.0,47724.0,502.268767
2021-02-17 05:00:00,495.41,495.55,485.51,491.23,2328420.0,53272.0,489.923837
2021-02-18 05:00:00,486.32,489.8,480.0,488.37,2003964.0,44744.0,485.840574
2021-02-19 05:00:00,487.16,488.65,476.1,479.12,3145461.0,56485.0,481.64255
2021-02-22 05:00:00,470.48,472.1,466.66,467.33,2868446.0,59659.0,468.613632
2021-02-23 05:00:00,461.02,471.44,450.12,467.8,4534698.0,87984.0,462.712993
2021-02-24 05:00:00,463.49,477.35,460.29,476.62,3731908.0,66598.0,469.72647
2021-02-25 05:00:00,471.24,476.31,456.01,459.16,3561120.0,68235.0,463.452925
2021-02-26 05:00:00,462.8046,467.32,456.01,459.67,3655994.0,61684.0,460.97229
2021-03-01 05:00:00,465.68,470.5,462.65,469.57,2707095.0,52805.0,468.443069
2021-03-02 05:00:00,473.03,473.8016,463.46,466.59,2522694.0,48025.0,467.72468
2021-03-03 05:00:00,463.22,464.68,448.09,448.45,3136362.0,71013.0,452.055239
2021-03-04 05:00:00,446.45,457.53,437.63,439.06,4864012.0,92634.0,443.693222
2021-03-05 05:00:00,444.88,444.95,423.7101,440.83,5077186.0,95114.0,436.152446
2021-03-08 05:00:00,439.76,440.99,420.78,421.2,4269638.0,85011.0,429.156758
2021-03-09 05:00:00,437.84,442.75,436.0,439.18,4386016.0,73520.0,439.475566
2021-03-10 05:00:00,445.7277,448.46,436.82,437.01,2971926.0,60079.0,441.193296
2021-03-11 05:00:00,448.1361,454.07,447.305,451.06,3077019.0,56617.0,451.128219
2021-03-12 05:00:00,443.45,445.89,438.6,444.3,2422982.0,51120.0,442.995031
2021-03-15 04:00:00,444.4,447.79,437.77,447.59,2808483.0,51158.0,444.37799
2021-03-16 04:00:00,452.01,457.41,449.6701,450.54,2969316.0,52892.0,452.805107
2021-03-17 04:00:00,445.44,453.94,441.02,451.01,2761530.0,50232.0,448.731138
2021-03-18 04:00:00,443.16,446.86,438.5,439.18,3281998.0,64895.0,440.993169
2021-03-19 04:00:00,439.18,444.5,438.14,441.5,5357186.0,54249.0,441.418598
2021-03-22 04:00:00,444.86,457.82,444.86,452.41,3377188.0,54332.0,452.71944
2021-03-23 04:00:00,457.35,466.88,456.41,460.2,5838627.0,96558.0,461.7702
2021-03-24 04:00:00,464.7642,465.61,448.34,451.51,5587933.0,99746.0,453.826054
2021-03-25 04:00:00,448.33,456.87,445.41,450.99,3463019.0,70863.0,450.449642
2021-03-26 04:00:00,450.25,469.77,449.05,469.09,3914837.0,77457.0,462.53698
2021-03-29 04:00:00,469.03,472.0,462.5,469.32,3390739.0,66492.0,468.211399
2021-03-30 04:00:00,462.58,469.0925,461.5,465.46,2728313.0,47605.0,465.255752
2021-03-31 04:00:00,469.7,482.41,468.7,475.37,3738864.0,61703.0,476.344073
2021-04-01 04:00:00,483.12,487.04,480.71,483.34,2906017.0,59389.0,483.349017
2021-04-05 04:00:00,483.69,495.51,480.5,491.62,3265896.0,56574.0,490.947977
2021-04-06 04:00:00,492.32,495.59,487.57,491.34,2101107.0,41987.0,492.260112
2021-04-07 04:00:00,492.98,494.85,487.89,493.41,1828472.0,37048.0,493.021644
2021-04-08 04:00:00,500.16,504.6,498.1401,499.84,2277922.0,51803.0,500.412754
2021-04-09 04:00:00,498.37,504.44,492.6,504.04,2159521.0,43402.0,501.807057
2021-04-12 04:00:00,499.29,506.94,498.44,506.03,1643336.0,42365.0,503.367678
2021-04-13 04:00:00,506.85,517.2645,506.78,514.86,2244076.0,50319.0,513.08167
2021-04-14 04:00:00,514.0,517.78,509.13,510.63,2167148.0,46370.0,512.029846
2021-04-15 04:00:00,515.67,524.59,515.1,523.25,2158647.0,51745.0,521.905904
2021-04-16 04:00:00,524.21,525.44,518.55,525.08,2167968.0,48450.0,523.386594
2021-04-19 04:00:00,523.13,524.0,514.4401,516.17,1952675.0,45181.0,517.408013
2021-04-20 04:00:00,515.29,517.29,510.6,514.21,1710945.0,43458.0,513.944953
2021-04-21 04:00:00,515.02,515.48,509.55,512.34,1705406.0,41994.0,512.478272
2021-04-22 04:00:00,508.08,512.77,504.06,507.29,2304080.0,49500.0,508.42737
2021-04-23 04:00:00,508.79,517.4973,508.395,515.84,2683872.0,43028.0,515.029527
2021-04-26 04:00:00,513.57,516.31,510.25,515.7,1590660.0,36483.0,514.650968
2021-04-27 04:00:00,518.0,519.155,511.3455,517.32,2145924.0,46846.0,516.706601
2021-04-28 04:00:00,515.24,519.1299,510.015,515.48,1662501.0,36012.0,515.179675
2021-04-29 04:00:00,518.11,520.45,510.62,516.09,1816870.0,38746.0,515.594616
2021-04-30 04:00:00,514.13,515.05,507.15,508.34,2272349.0,41777.0,509.531352
2021-05-03 04:00:00,510.97,511.74,501.121,503.46,1621257.0,40692.0,504.524273
2021-05-04 04:00:00,499.47,499.47,484.83,490.7,2911771.0,58103.0,490.471742
2021-05-05 04:00:00,495.69,498.625,484.44,486.69,2090609.0,44817.0,489.46809
2021-05-06 04:00:00,485.67,485.67,475.92,483.61,2563444.0,59595.0,480.589829
2021-05-07 04:00:00,496.0,499.15,485.78,488.73,1827694.0,44610.0,491.61638
2021-05-10 04:00:00,487.54,489.04,478.625,479.38,2212741.0,52798.0,481.930957
2021-05-11 04:00:00,471.03,486.91,468.5,485.19,2494171.0,58520.0,481.804619
2021-05-12 04:00:00,477.1888,480.99,469.57,472.09,2428674.0,59447.0,473.096688
2021-05-13 04:00:00,478.01,480.46,471.76,474.16,2022818.0,44338.0,475.543952
2021-05-14 04:00:00,481.63,488.33,478.69,486.56,1883535.0,39251.0,485.46002
2021-05-17 04:00:00,487.03,487.87,478.11,482.74,1758662.0,39659.0,481.943439
2021-05-18 04:00:00,484.63,488.32,480.46,480.62,1578270.0,37748.0,483.213831
2021-05-19 04:00:00,473.02,480.87,472.0,480.47,2363480.0,50803.0,477.985674
2021-05-20 04:00:00,483.68,495.36,482.61,491.67,2278214.0,46447.0,491.775836
2021-05-21 04:00:00,494.19,496.23,487.13,488.07,1847544.0,39219.0,489.907449
2021-05-24 04:00:00,494.64,499.99,492.01,497.83,2126402.0,49904.0,497.683814
2021-05-25 04:00:00,499.02,505.6021,498.87,505.08,2800680.0,51343.0,504.168396
2021-05-26 04:00:00,506.27,509.5,504.63,506.98,2154191.0,42337.0,506.803655
2021-05-27 04:00:00,505.0,505.0,497.45,498.28,3891057.0,51599.0,499.147309
2021-05-28 04:00:00,506.08,511.37,504.19,504.58,2265728.0,51468.0,506.012084
2021-06-01 04:00:00,504.54,506.0,492.31,495.91,2419864.0,57921.0,497.153171
2021-06-02 04:00:00,495.18,501.8237,493.09,495.77,1959875.0,45590.0,496.703604
2021-06-03 04:00:00,492.4,496.755,487.34,493.14,1731686.0,43210.0,493.16195
2021-06-04 04:00:00,498.73,506.5,497.72,504.5,1861648.0,44735.0,504.033534
2021-06-07 04:00:00,504.99,509.78,502.0,509.47,2048680.0,44572.0,508.112333
2021-06-08 04:00:00,511.15,516.29,508.0701,509.2,1971298.0,48601.0,510.439022
2021-06-09 04:00:00,513.99,518.318,512.48,514.68,1921995.0,43182.0,515.051939
2021-06-10 04:00:00,513.99,536.41,513.01,535.52,3390539.0,75975.0,530.281334
2021-06-11 04:00:00,529.75,541.85,529.75,541.26,3155705.0,72182.0,538.66961
2021-06-14 04:00:00,545.04,561.36,543.25,556.95,3686996.0,85025.0,555.751057
2021-06-15 04:00:00,554.99,555.0,547.2304,548.46,2741932.0,58327.0,549.475493
2021-06-16 04:00:00,548.46,553.99,535.72,543.33,3191498.0,70587.0,544.744317
2021-06-17 04:00:00,539.99,552.72,538.75,551.36,3911419.0,80682.0,549.17939
2021-06-18 04:00:00,569.9612,570.0,556.39,565.59,7915535.0,121279.0,564.780457
2021-06-21 04:00:00,565.99,570.19,560.3501,567.35,2885317.0,62937.0,566.82397
2021-06-22 04:00:00,568.505,576.31,567.0,575.74,2669766.0,59947.0,573.072099
2021-06-23 04:00:00,577.99,579.8,570.705,574.23,1825920.0,47220.0,574.641102
2021-06-24 04:00:00,575.9,580.966,574.96,578.26,2092676.0,49376.0,577.698163
2021-06-25 04:00:00,578.64,582.0,577.0552,579.66,2676708.0,43398.0,579.628781
2021-06-28 04:00:00,582.71,589.41,581.0,588.8,1921575.0,49184.0,587.493474
2021-06-29 04:00:00,586.78,591.34,583.9,590.75,1345379.0,37657.0,589.397423
2021-06-30 04:00:00,590.75,592.2402,585.0,585.64,2043120.0,45000.0,587.064749
2021-07-01 04:00:00,583.33,587.7799,581.35,584.73,1865921.0,44893.0,584.257305
2021-07-02 04:00:00,588.67,594.08,587.96,593.07,1976978.0,45728.0,592.334569
2021-07-06 04:00:00,595.87,600.66,592.48,596.9,1931586.0,49293.0,596.55015
2021-07-07 04:00:00,600.0,607.665,597.4,605.77,2255603.0,59235.0,603.947462
2021-07-08 04:00:00,595.64,607.2989,593.33,605.95,2067663.0,58917.0,603.192353
2021-07-09 04:00:00,601.43,605.95,597.44,604.5,2398446.0,56817.0,602.920474
2021-07-12 04:00:00,606.0,607.4229,596.48,600.2,1903054.0,51762.0,600.127938
2021-07-13 04:00:00,600.56,609.33,598.42,605.01,1599095.0,45786.0,604.790057
2021-07-14 04:00:00,608.14,611.305,604.01,608.83,1584594.0,44031.0,608.69093
2021-07-15 04:00:00,608.4,609.95,602.6501,606.17,1888582.0,46616.0,605.916332
2021-07-16 04:00:00,608.71,611.62,603.66,606.1,1469148.0,36769.0,607.257483
2021-07-19 04:00:00,602.75,610.69,598.14,602.05,2329229.0,55872.0,602.790672
2021-07-20 04:00:00,605.39,612.75,598.48,608.72,1987838.0,47135.0,608.031078
2021-07-21 04:00:00,605.72,612.58,603.32,612.26,1586310.0,39074.0,610.414479
2021-07-22 04:00:00,614.58,623.95,614.58,623.68,1630756.0,42146.0,621.750768
2021-07-23 04:00:00,625.76,631.64,622.0001,625.87,2249392.0,45841.0,626.728886
2021-07-26 04:00:00,624.18,625.87,619.725,620.8,1564411.0,41871.0,621.462852
2021-07-27 04:00:00,620.9956,623.92,610.64,618.28,1743140.0,48689.0,616.975357
2021-07-28 04:00:00,620.99,626.0,617.57,620.92,1661675.0,39253.0,621.301155
2021-07-29 04:00:00,617.04,625.67,617.04,621.7,1199184.0,32140.0,622.01537
2021-07-30 04:00:00,619.03,622.8,617.29,621.63,1625811.0,39188.0,620.825312
2021-08-02 04:00:00,624.94,627.6,612.93,618.75,1629957.0,43457.0,619.186087
2021-08-03 04:00:00,620.23,624.7,614.0,621.28,1200887.0,35366.0,620.097461
2021-08-04 04:00:00,622.47,627.08,617.6202,625.68,1529736.0,40810.0,624.223428
2021-08-05 04:00:00,626.99,632.47,623.0,632.08,1273083.0,35457.0,630.124449
2021-08-06 04:00:00,629.37,631.84,625.17,631.38,1326094.0,32937.0,630.271636
2021-08-09 04:00:00,634.98,634.98,626.925,629.22,1235926.0,32261.0,630.117698
2021-08-10 04:00:00,630.48,633.2999,620.6,621.74,1847797.0,42575.0,623.102324
2021-08-11 04:00:00,623.76,627.42,621.65,626.03,1475243.0,39500.0,625.285046
2021-08-12 04:00:00,626.0,636.64,624.04,634.35,1300752.0,41656.0,632.426442
2021-08-13 04:00:00,634.49,638.426,632.35,637.31,1079257.0,31381.0,636.623964
2021-08-16 04:00:00,637.03,638.02,628.188,636.94,1221595.0,34690.0,634.823059
2021-08-17 04:00:00,636.55,637.0,630.22,635.01,1626367.0,36330.0,634.393426
2021-08-18 04:00:00,632.8,637.14,626.05,626.77,1568753.0,38767.0,629.690126
2021-08-19 04:00:00,624.88,642.55,623.6334,637.66,1903059.0,49787.0,636.416146
2021-08-20 04:00:00,639.84,652.0,634.53,647.34,1747116.0,40530.0,646.573448
2021-08-23 04:00:00,645.87,658.5,645.52,656.86,1835307.0,47810.0,654.887077
2021-08-24 04:00:00,659.14,660.0,653.4,657.24,997867.0,35129.0,656.908074
2021-08-25 04:00:00,658.61,661.06,651.64,656.8,1185465.0,36455.0,656.238821
2021-08-26 04:00:00,653.59,657.91,649.35,652.39,1756590.0,43354.0,652.955894
2021-08-27 04:00:00,652.52,662.61,651.86,658.52,1345503.0,35761.0,657.670804
2021-08-30 04:00:00,659.7774,667.67,659.7774,665.99,1500778.0,43459.0,664.922264
2021-08-31 04:00:00,667.9,667.9,660.46,663.7,2274750.0,45218.0,663.799281
2021-09-01 04:00:00,664.51,668.96,662.0,665.89,1445466.0,41517.0,666.232117
2021-09-02 04:00:00,669.82,669.85,661.67,664.64,1584316.0,39254.0,664.910007
2021-09-03 04:00:00,664.43,673.88,664.295,666.59,1882958.0,47130.0,668.009157
2021-09-07 04:00:00,667.35,668.87,656.55,661.39,1558440.0,50315.0,661.708374
2021-09-08 04:00:00,660.15,664.08,657.1,663.22,1526130.0,44657.0,661.996389
2021-09-09 04:00:00,664.84,667.46,659.93,661.68,1264639.0,38476.0,662.600557
2021-09-10 04:00:00,666.18,668.87,658.2,658.94,1373866.0,36799.0,661.163847
2021-09-13 04:00:00,663.04,663.6,640.24,645.15,2515202.0,66861.0,646.024998
2021-09-14 04:00:00,646.0,649.58,642.46,645.01,2364392.0,55896.0,645.948095
2021-09-15 04:00:00,652.315,663.309,650.975,661.08,2305982.0,56142.0,658.815637
2021-09-16 04:00:00,657.53,666.47,654.705,665.11,2251339.0,44648.0,662.535463
2021-09-17 04:00:00,663.21,665.0,652.04,654.48,5130622.0,60484.0,656.359523
2021-09-20 04:00:00,646.035,653.93,633.05,641.29,2925687.0,76323.0,641.564598
2021-09-21 04:00:00,646.8755,650.945,640.3,645.89,2647005.0,68619.0,646.547449
2021-09-22 04:00:00,624.79,628.94,615.06,626.08,6117073.0,128144.0,624.503067
2021-09-23 04:00:00,632.2883,633.815,627.02,630.84,3264618.0,83106.0,631.009944
2021-09-24 04:00:00,628.0,629.03,618.22,622.71,3042761.0,73059.0,622.570517
2021-09-27 04:00:00,615.8,616.6562,602.73,603.65,4421563.0,114389.0,605.765251
2021-09-28 04:00:00,596.3142,596.3142,578.33,578.77,5666275.0,135392.0,582.659826
2021-09-29 04:00:00,585.45,586.55,576.07,577.7,3017208.0,80130.0,579.99948
2021-09-30 04:00:00,580.64,586.1946,573.2358,575.72,3141243.0,75381.0,577.57135
2021-10-01 04:00:00,577.52,581.47,568.61,577.47,3216133.0,74853.0,575.372406
2021-10-04 04:00:00,574.5901,576.8,552.14,558.49,4362673.0,111835.0,558.620523
2021-10-05 04:00:00,563.91,570.29,559.21,566.7,2681912.0,65116.0,566.656449
2021-10-06 04:00:00,561.24,572.155,560.21,570.31,2267314.0,54816.0,568.026497
2021-10-07 04:00:00,578.46,586.145,576.19,578.96,2865225.0,70039.0,581.069734
2021-10-08 04:00:00,581.3,583.61,575.52,576.86,2416590.0,50930.0,578.001348
2021-10-11 04:00:00,574.5,582.28,571.495,573.07,1557443.0,49294.0,575.75075
2021-10-12 04:00:00,579.1569,584.22,574.42,580.69,1895605.0,53511.0,580.252274
2021-10-13 04:00:00,585.26,593.54,582.655,591.12,2365537.0,60757.0,589.240839
2021-10-14 04:00:00,600.0,609.44,596.97,607.51,2735644.0,73643.0,605.74235
2021-10-15 04:00:00,611.6935,612.25,607.55,610.09,2288875.0,58633.0,610.137439
2021-10-18 04:00:00,610.65,623.47,607.57,622.83,2156571.0,60602.0,618.988031
2021-10-19 04:00:00,625.26,639.39,625.26,636.07,2672725.0,69549.0,634.364467
2021-10-20 04:00:00,639.28,641.29,630.1713,632.37,1661331.0,52935.0,633.608289
2021-10-21 04:00:00,632.0,639.17,629.0,638.66,1776478.0,40563.0,637.069488
2021-10-22 04:00:00,640.43,644.43,634.45,643.58,2027628.0,51318.0,641.971494
2021-10-25 04:00:00,644.47,649.62,639.0652,646.97,1950898.0,52853.0,646.270172
2021-10-26 04:00:00,650.91,659.19,642.1,642.5,2394342.0,66052.0,647.843371
2021-10-27 04:00:00,644.48,648.8053,639.81,640.08,1808244.0,56496.0,642.475221
2021-10-28 04:00:00,638.0,642.49,633.27,639.28,2448214.0,55977.0,638.540784
2021-10-29 04:00:00,637.77,651.31,637.0,650.36,2206856.0,52093.0,648.31372
2021-11-01 04:00:00,651.05,654.0,634.78,640.2,2457479.0,66155.0,640.5024
2021-11-02 04:00:00,641.12,647.7436,639.23,640.4,1981105.0,47961.0,641.842106
2021-11-03 04:00:00,645.52,656.5,640.0,655.18,2184507.0,58652.0,651.453864
2021-11-04 04:00:00,659.44,676.08,657.75,674.08,2780050.0,67849.0,671.961572
2021-11-05 04:00:00,676.74,677.76,661.11,662.72,2755641.0,71625.0,665.155315
2021-11-08 05:00:00,666.56,668.25,661.4,666.02,1668331.0,42956.0,665.509954
2021-11-09 05:00:00,667.69,669.66,663.0,667.92,1270755.0,49796.0,667.287582
2021-11-10 05:00:00,663.2,665.8099,645.86,647.5,2281601.0,65912.0,651.330833
2021-11-11 05:00:00,649.61,652.57,642.1,643.17,1424798.0,44244.0,645.893467
2021-11-12 05:00:00,649.01,658.4725,647.16,657.6,1483875.0,40607.0,654.870488
2021-11-15 05:00:00,658.37,663.665,655.19,659.73,1251403.0,40932.0,659.076197
2021-11-16 05:00:00,659.14,673.7449,658.99,671.03,1693104.0,43298.0,669.43208
2021-11-17 05:00:00,671.76,672.7367,662.84,670.67,1410889.0,42705.0,670.129695
2021-11-18 05:00:00,670.62,676.55,665.08,670.96,1706024.0,45277.0,670.933043
2021-11-19 05:00:00,681.26,699.5,678.91,688.37,3521449.0,85707.0,690.08246
2021-11-22 05:00:00,696.275,699.54,672.66,673.57,2545562.0,71875.0,681.681158
2021-11-23 05:00:00,662.7035,667.5699,648.61,665.16,2748585.0,78462.0,660.061092
2021-11-24 05:00:00,655.83,668.87,647.14,668.32,2950205.0,67794.0,663.408135
2021-11-26 05:00:00,670.2529,683.9999,659.68,662.1,2486270.0,58286.0,668.287334
2021-11-29 05:00:00,668.0,691.36,665.77,687.49,3334465.0,70477.0,685.0368
2021-11-30 05:00:00,687.22,694.89,667.83,669.85,6387526.0,91860.0,672.171599
2021-12-01 05:00:00,676.0,678.78,656.28,657.41,3088029.0,86480.0,666.076503
2021-12-02 05:00:00,655.95,674.845,653.62,671.88,3026920.0,71177.0,669.25373
2021-12-03 05:00:00,658.1,662.09,604.3,616.53,7278222.0,170020.0,619.397699
2021-12-06 05:00:00,617.47,625.9,605.725,622.04,3549976.0,90806.0,619.737114
2021-12-07 05:00:00,644.1932,655.22,640.05,649.96,4457984.0,87160.0,648.615917
2021-12-08 05:00:00,647.3,654.65,641.61,653.1,2679184.0,59286.0,649.501509
2021-12-09 05:00:00,650.92,655.72,630.88,632.57,2809904.0,68265.0,638.204576
2021-12-10 05:00:00,638.13,654.97,635.1,654.45,3216046.0,66312.0,649.944169
2021-12-13 05:00:00,652.77,675.21,650.9784,658.3,4241211.0,83825.0,660.88691
2021-12-14 05:00:00,635.36,636.0,599.1,614.86,6388160.0,151856.0,614.473249
2021-12-15 05:00:00,615.96,631.25,604.6199,630.33,4724688.0,114347.0,621.514238
2021-12-16 05:00:00,578.4,591.5773,556.1501,566.09,11485132.0,285523.0,570.369534
2021-12-17 05:00:00,566.09,566.99,545.135,556.64,9856599.0,172911.0,555.990851
2021-12-20 05:00:00,545.61,557.27,543.5,549.77,3828797.0,108252.0,549.049715
2021-12-21 05:00:00,550.91,559.89,538.05,557.52,4418165.0,133575.0,551.088562
2021-12-22 05:00:00,560.3,564.92,552.24,563.98,4866843.0,91674.0,561.628035
2021-12-23 05:00:00,568.96,572.57,566.1601,569.62,2388852.0,68674.0,569.778625
2021-12-27 05:00:00,575.04,580.88,572.09,577.68,2328267.0,71232.0,576.343526
2021-12-28 05:00:00,582.84,582.88,568.35,569.36,2358516.0,67139.0,571.882773
2021-12-29 05:00:00,573.3291,576.96,562.78,569.29,2789946.0,61548.0,568.897418
2021-12-30 05:00:00,570.57,578.99,566.04,570.53,1689983.0,54738.0,572.396316
2021-12-31 05:00:00,570.0,570.17,565.07,567.06,1868772.0,44047.0,567.543804
2022-01-03 05:00:00,566.65,575.0,553.2673,564.37,3173009.0,86622.0,562.260449
2022-01-04 05:00:00,563.9,564.3,541.31,554.0,4658855.0,132037.0,550.24581
2022-01-05 05:00:00,535.0,538.745,514.0,514.43,7486104.0,208501.0,524.039484
2022-01-06 05:00:00,510.0,526.31,508.2,514.12,4213054.0,119323.0,516.837857
2022-01-07 05:00:00,513.66,520.42,504.0,510.7,3997197.0,89516.0,511.019709
2022-01-10 05:00:00,500.0,526.58,497.01,525.83,5906571.0,141669.0,514.651589
2022-01-11 05:00:00,525.5533,535.18,520.9821,529.89,3726589.0,101412.0,529.685026
2022-01-12 05:00:00,533.09,541.59,529.28,532.37,3236760.0,81193.0,533.624985
2022-01-13 05:00:00,532.22,535.265,516.32,516.9,3789553.0,88945.0,520.527965
2022-01-14 05:00:00,514.49,522.5715,511.27,520.6,2926944.0,75924.0,517.907464
2022-01-18 05:00:00,510.39,519.39,504.98,513.34,4063965.0,95042.0,513.172359
2022-01-19 05:00:00,516.48,528.9179,515.3,516.58,3384545.0,82991.0,520.187304
2022-01-20 05:00:00,522.38,532.025,509.64,510.85,3554706.0,92298.0,518.842804
2022-01-21 05:00:00,508.5,513.8624,499.2701,499.91,4763347.0,119177.0,504.432308
2022-01-24 05:00:00,491.07,520.43,483.31,519.66,8160334.0,162345.0,503.626356
2022-01-25 05:00:00,505.51,514.26,500.01,502.72,4446231.0,102689.0,504.666798
2022-01-26 05:00:00,514.0,520.49,494.22,500.81,4786558.0,114220.0,507.065421
2022-01-27 05:00:00,508.94,513.23,485.62,493.05,6164631.0,121765.0,497.334297
2022-01-28 05:00:00,494.0901,519.0,480.62,518.16,4799312.0,97382.0,507.921285
2022-01-31 05:00:00,518.98,534.94,514.39,534.3,4675764.0,84556.0,530.499362
2022-02-01 05:00:00,536.0,538.77,527.72,535.98,2547523.0,63310.0,534.306241
2022-02-02 05:00:00,536.25,540.46,529.3201,533.09,2781945.0,64871.0,533.437578
2022-02-03 05:00:00,522.87,525.18,508.75,510.83,3513108.0,76084.0,514.095318
2022-02-04 05:00:00,503.77,519.97,503.77,513.54,2984312.0,61592.0,513.315943
2022-02-07 05:00:00,516.0,516.0,500.95,507.1,3435627.0,78162.0,508.438188
2022-02-08 05:00:00,501.63,513.51,501.07,511.31,3442684.0,70938.0,508.632805
2022-02-09 05:00:00,520.35,522.48,515.06,521.75,2818191.0,67943.0,519.663806
2022-02-10 05:00:00,508.08,514.4799,492.28,495.02,5224334.0,119964.0,500.376033
2022-02-11 05:00:00,497.92,499.93,472.8952,473.97,5427260.0,136408.0,481.019134
2022-02-14 05:00:00,473.2,478.57,469.2101,474.01,3657482.0,84991.0,474.369228
2022-02-15 05:00:00,482.5337,482.5337,472.39,479.5,4146750.0,77144.0,478.125097
2022-02-16 05:00:00,476.485,480.21,467.27,477.7,4501455.0,81344.0,475.092612
2022-02-17 05:00:00,473.14,476.45,456.05,457.71,4393201.0,98465.0,461.984447
2022-02-18 05:00:00,458.69,459.3,441.77,442.56,5669703.0,130735.0,446.714488
2022-02-22 05:00:00,440.35,451.09,435.05,438.4,4662713.0,106079.0,441.264707
2022-02-23 05:00:00,447.78,449.59,428.06,429.45,4637050.0,88314.0,435.524364
2022-02-24 05:00:00,418.59,465.93,416.8124,463.82,7083945.0,149689.0,451.604171
2022-02-25 05:00:00,465.39,468.5199,456.015,465.54,3173528.0,80403.0,463.88779
2022-02-28 05:00:00,462.4,468.48,458.86,467.68,3959067.0,69593.0,465.805112
2022-03-01 05:00:00,468.0,479.21,462.92,466.68,3721017.0,81789.0,468.252562
2022-03-02 05:00:00,471.94,477.49,466.04,471.18,3269812.0,73984.0,471.8471
2022-03-03 05:00:00,475.83,476.05,455.445,459.08,3212838.0,72355.0,462.502579
2022-03-04 05:00:00,455.49,463.52,447.0,452.13,3244741.0,65565.0,452.686627
2022-03-07 05:00:00,456.22,457.68,437.18,437.97,4203890.0,84419.0,443.426204
2022-03-08 05:00:00,432.51,443.8,421.36,431.53,4034292.0,93470.0,432.359701
2022-03-09 05:00:00,443.8,453.11,438.93,450.87,3428048.0,67084.0,448.691973
2022-03-10 05:00:00,444.68,447.65,433.01,438.95,2989949.0,66374.0,438.050332
2022-03-11 05:00:00,439.66,440.61,415.43,416.38,5016054.0,107092.0,421.291174
2022-03-14 04:00:00,413.36,422.375,407.94,411.5,4130104.0,104380.0,413.402281
2022-03-15 04:00:00,415.97,422.96,413.1663,421.66,3864047.0,72768.0,419.640315
2022-03-16 04:00:00,431.74,442.52,424.35,442.36,4599253.0,103362.0,438.329185
2022-03-17 04:00:00,441.26,446.82,436.51,444.36,3874590.0,86185.0,441.675079
2022-03-18 04:00:00,439.2,453.74,435.79,453.33,7659225.0,96951.0,448.888078
2022-03-21 04:00:00,451.42,459.58,445.95,453.59,4083565.0,96442.0,452.486008
2022-03-22 04:00:00,453.5,471.98,450.69,466.45,5781381.0,132859.0,465.200637
2022-03-23 04:00:00,437.51,437.98,416.47,422.9,14517002.0,309576.0,425.362962
2022-03-24 04:00:00,426.08,432.21,421.49,432.14,5975137.0,128629.0,428.559404
2022-03-25 04:00:00,435.44,438.6205,425.995,431.62,3567617.0,92475.0,431.262886
2022-03-28 04:00:00,433.415,450.32,433.15,450.01,5818973.0,91893.0,446.470195
2022-03-29 04:00:00,459.16,467.8,452.44,466.33,4828014.0,107132.0,462.397605
2022-03-30 04:00:00,461.52,466.765,456.84,460.06,4296143.0,90334.0,460.665969
2022-03-31 04:00:00,461.59,465.43,455.43,455.62,4918354.0,83399.0,458.170431
2022-04-01 04:00:00,455.0,461.55,450.96,458.19,3091607.0,75039.0,457.171426
2022-04-04 04:00:00,461.04,473.49,460.61,468.81,3418941.0,74575.0,468.169306
2022-04-05 04:00:00,469.43,471.76,455.07,458.58,2795947.0,68682.0,460.101253
2022-04-06 04:00:00,448.235,450.01,439.57,444.33,3882777.0,93717.0,444.630432
2022-04-07 04:00:00,444.09,455.9199,440.76,452.72,2792106.0,66966.0,448.991825
2022-04-08 04:00:00,449.95,454.41,443.37,445.34,2489541.0,63402.0,447.55956
2022-04-11 04:00:00,438.81,440.0,429.74,434.44,3366544.0,76541.0,434.281749
2022-04-12 04:00:00,442.685,444.44,425.16,426.77,2406420.0,68185.0,431.762088
2022-04-13 04:00:00,427.3,433.52,425.67,431.67,3410937.0,55771.0,430.750642
2022-04-14 04:00:00,435.86,435.95,420.03,420.44,3053454.0,66316.0,424.792718
2022-04-18 04:00:00,419.4,429.69,418.73,425.47,3518098.0,63238.0,424.92737
2022-04-19 04:00:00,422.02,437.49,420.64,436.4,2327021.0,55584.0,434.514001
2022-04-20 04:00:00,440.59,442.44,427.2,428.11,2393982.0,65831.0,430.823294
2022-04-21 04:00:00,432.69,438.94,416.3625,417.48,2699728.0,68085.0,422.137429
2022-04-22 04:00:00,420.71,424.33,408.02,408.67,3635031.0,81823.0,411.719568
2022-04-25 04:00:00,405.7,414.08,401.67,413.95,3760691.0,89504.0,409.342763
2022-04-26 04:00:00,410.17,411.61,397.465,399.12,3148710.0,84872.0,401.039258
2022-04-27 04:00:00,401.44,412.46,396.81,397.9,3490332.0,77119.0,400.861918
2022-04-28 04:00:00,406.13,414.2749,398.49,410.53,2947951.0,68765.0,408.392665
2022-04-29 04:00:00,407.47,413.0,394.64,395.95,3543566.0,69705.0,399.513578
2022-05-02 04:00:00,397.13,407.98,394.04,407.29,3303512.0,71531.0,403.73076
2022-05-03 04:00:00,406.59,413.93,403.5,407.58,2449277.0,55235.0,407.295961
2022-05-04 04:00:00,407.29,424.23,395.05,423.35,3659355.0,79653.0,413.734954
2022-05-05 04:00:00,415.55,417.99,395.71,400.51,4089779.0,82771.0,400.777837
2022-05-06 04:00:00,395.0,401.26,382.82,391.01,3873098.0,87077.0,391.862681
2022-05-09 04:00:00,381.95,389.6271,374.86,376.91,4375045.0,103679.0,378.674413
2022-05-10 04:00:00,385.72,400.83,374.78,393.03,5821046.0,114544.0,389.942123
2022-05-11 04:00:00,389.99,409.9899,377.81,379.33,4284619.0,92197.0,385.536714
2022-05-12 04:00:00,373.4,390.13,370.27,388.49,4401083.0,97456.0,384.180788
2022-05-13 04:00:00,396.47,408.97,393.94,405.45,3417326.0,79795.0,404.397882
2022-05-16 04:00:00,399.74,407.17,396.6,402.86,2941341.0,64994.0,402.541582
2022-05-17 04:00:00,413.08,416.72,403.54,409.65,2934279.0,62034.0,409.326855
2022-05-18 04:00:00,404.38,411.6599,396.11,397.88,3471910.0,67149.0,399.481756
2022-05-19 04:00:00,399.01,403.035,391.565,394.38,3106551.0,80839.0,396.291041
2022-05-20 04:00:00,401.39,406.24,385.621,399.09,3866583.0,84546.0,396.090924
2022-05-23 04:00:00,404.01,407.88,398.89,406.76,2637672.0,61178.0,405.288085
2022-05-24 04:00:00,401.61,404.33,391.0375,398.41,3008935.0,72408.0,397.384568
2022-05-25 04:00:00,395.32,406.095,394.71,402.5,3057931.0,73934.0,401.323134
2022-05-26 04:00:00,405.09,411.55,402.46,408.6,3011836.0,63586.0,408.44234
2022-05-27 04:00:00,414.8,428.55,414.63,428.22,4211119.0,93156.0,425.93359
2022-05-31 04:00:00,427.22,427.29,412.79,416.48,10478765.0,115408.0,417.780704
2022-06-01 04:00:00,428.0,437.549,413.785,418.16,3712737.0,86286.0,422.495555
2022-06-02 04:00:00,418.11,441.9,415.84,441.28,3814743.0,88172.0,436.154334
2022-06-03 04:00:00,430.71,438.01,427.255,429.76,2649027.0,62620.0,430.476643
2022-06-06 04:00:00,437.59,440.0,427.0361,429.46,1725715.0,47720.0,431.326812
2022-06-07 04:00:00,423.98,435.2,423.12,433.42,1857817.0,45050.0,431.598321
2022-06-08 04:00:00,430.54,433.75,426.42,428.84,2047126.0,46678.0,429.544509
2022-06-09 04:00:00,424.17,436.04,423.48,426.42,2882989.0,66921.0,429.1719
2022-06-10 04:00:00,412.9,413.96,390.185,393.84,4838303.0,124877.0,396.665758
2022-06-13 04:00:00,377.36,385.65,371.085,371.65,5281023.0,112022.0,375.008026
2022-06-14 04:00:00,371.44,376.89,367.31,370.82,3610538.0,84544.0,371.363284
2022-06-15 04:00:00,376.03,382.75,368.5,376.92,4031212.0,82842.0,376.009352
2022-06-16 04:00:00,369.37,376.12,360.9,365.08,6356960.0,132200.0,365.404027
2022-06-17 04:00:00,349.24,367.32,338.0,360.79,11265574.0,147186.0,357.803178
2022-06-21 04:00:00,355.02,372.795,353.51,362.99,5834969.0,100782.0,364.525797
2022-06-22 04:00:00,360.79,372.55,358.2228,365.33,3670158.0,64241.0,366.367198
2022-06-23 04:00:00,371.71,378.18,367.47,376.64,2847803.0,61219.0,374.510539
2022-06-24 04:00:00,380.64,388.06,378.22,387.72,4095983.0,67060.0,385.347432
2022-06-27 04:00:00,388.8,389.385,379.38,381.07,2595225.0,54151.0,381.959295
2022-06-28 04:00:00,381.0,382.98,364.45,365.63,3085552.0,67012.0,368.872723
2022-06-29 04:00:00,367.94,370.37,362.64,368.5,2300631.0,47672.0,367.902449
2022-06-30 04:00:00,362.9,370.42,357.56,366.06,3164746.0,54793.0,365.554903
2022-07-01 04:00:00,364.175,369.529,359.07,368.48,2761432.0,56741.0,365.705967
2022-07-05 04:00:00,363.5,378.52,359.82,376.49,3486778.0,63187.0,372.54207
2022-07-06 04:00:00,378.54,385.385,374.09,382.83,2550269.0,59811.0,381.394207
2022-07-07 04:00:00,382.5,392.07,382.38,390.89,2819243.0,54110.0,389.63021
2022-07-08 04:00:00,384.35,391.86,383.84,389.44,1823640.0,42537.0,388.593264
2022-07-11 04:00:00,386.57,388.05,380.4569,384.16,2185458.0,45986.0,384.400259
2022-07-12 04:00:00,383.9,391.515,372.91,375.54,2985631.0,64610.0,377.070053
2022-07-13 04:00:00,368.2,374.41,364.7,371.94,2224064.0,55121.0,370.958735
2022-07-14 04:00:00,368.83,374.194,361.46,372.96,2379809.0,55803.0,370.155823
2022-07-15 04:00:00,377.79,384.47,376.86,379.86,2921547.0,50718.0,379.463582
2022-07-18 04:00:00,383.83,385.565,374.01,375.23,2199335.0,43798.0,378.503846
2022-07-19 04:00:00,382.89,388.32,378.0,387.83,2368882.0,44393.0,386.351871
2022-07-20 04:00:00,392.19,403.13,390.07,401.49,3077703.0,65921.0,400.096808
2022-07-21 04:00:00,404.12,409.65,399.2401,408.91,2354403.0,47151.0,407.211956
2022-07-22 04:00:00,410.03,414.62,398.631,401.9,2853962.0,57194.0,402.707517
2022-07-25 04:00:00,400.11,400.7688,388.57,391.96,2551862.0,52566.0,392.55424
2022-07-26 04:00:00,393.58,393.58,378.16,379.26,2729113.0,53368.0,381.339936
2022-07-27 04:00:00,385.08,394.91,383.405,392.78,3203136.0,57659.0,390.58392
2022-07-28 04:00:00,392.76,406.15,390.06,403.5,2732758.0,55459.0,401.075473
2022-07-29 04:00:00,404.69,411.38,400.89,410.12,3168463.0,60954.0,408.331289
2022-08-01 04:00:00,406.51,417.16,405.07,411.09,2157012.0,49007.0,411.188545
2022-08-02 04:00:00,405.34,412.42,402.245,409.96,2382604.0,45552.0,408.919995
2022-08-03 04:00:00,412.81,426.04,412.02,424.54,2768276.0,56563.0,422.278311
2022-08-04 04:00:00,425.45,431.15,419.6303,430.59,3049787.0,56253.0,427.114806
2022-08-05 04:00:00,423.0,434.5425,421.0,433.43,2776897.0,60084.0,430.842871
2022-08-08 04:00:00,435.0,440.3,432.48,434.34,2403569.0,54084.0,435.113793
2022-08-09 04:00:00,434.34,434.59,424.615,426.57,2189959.0,48970.0,427.554903
2022-08-10 04:00:00,441.42,443.22,436.2,438.4,3014791.0,60040.0,439.162969
2022-08-11 04:00:00,445.26,445.61,434.4,434.89,2000172.0,45069.0,437.766616
2022-08-12 04:00:00,439.61,446.0,436.58,445.67,2504234.0,51077.0,443.498585
2022-08-15 04:00:00,445.07,451.15,442.14,451.02,2720166.0,60369.0,449.105566
2022-08-16 04:00:00,446.12,450.09,440.1,447.56,2323947.0,48835.0,445.696612
2022-08-17 04:00:00,440.87,442.99,436.1138,437.82,2158763.0,48387.0,438.855053
2022-08-18 04:00:00,438.61,441.39,437.0101,439.03,1573187.0,35373.0,439.206717
2022-08-19 04:00:00,431.58,432.5,424.62,425.055,2440835.0,50354.0,426.5018
2022-08-22 04:00:00,419.41,419.79,410.08,411.35,2412836.0,55909.0,412.422911
2022-08-23 04:00:00,410.37,415.7,409.2,410.41,1603648.0,41922.0,411.219975
2022-08-24 04:00:00,410.68,413.24,405.33,405.65,2259909.0,50526.0,406.7098
2022-08-25 04:00:00,405.79,406.67,392.915,403.93,3332169.0,81558.0,400.215014
2022-08-26 04:00:00,403.99,405.54,380.5,381.02,4168900.0,84645.0,385.385634
2022-08-29 04:00:00,380.09,382.86,374.82,375.26,2682959.0,60860.0,376.86575
2022-08-30 04:00:00,379.92,380.66,371.06,375.07,2089616.0,54424.0,374.829119
2022-08-31 04:00:00,378.53,381.145,372.5,373.44,3897225.0,55925.0,374.697582
2022-09-01 04:00:00,371.0,371.64,361.7205,370.53,2832657.0,74019.0,367.459667
2022-09-02 04:00:00,374.53,382.0,365.43,368.14,2768254.0,67200.0,371.457706
2022-09-06 04:00:00,367.23,374.3,365.37,368.3,2838477.0,67912.0,368.95928
2022-09-07 04:00:00,368.2,381.52,367.19,379.72,2711817.0,57915.0,376.751484
2022-09-08 04:00:00,377.2,386.66,375.2001,383.63,2560990.0,53121.0,381.63907
2022-09-09 04:00:00,390.51,396.09,389.665,394.78,3438639.0,61209.0,393.867413
2022-09-12 04:00:00,391.09,396.39,389.28,396.36,3177953.0,63109.0,393.888275
2022-09-13 04:00:00,382.55,383.575,367.37,368.39,4954326.0,92330.0,372.177727
2022-09-14 04:00:00,369.57,374.24,365.61,371.52,3418526.0,67123.0,371.100379
2022-09-15 04:00:00,323.15,329.0,305.0,309.13,28635296.0,501137.0,313.775181
2022-09-16 04:00:00,298.32,300.2,292.14,299.5,16888090.0,242155.0,296.820327
2022-09-19 04:00:00,294.88,299.28,293.4642,296.06,6991291.0,118596.0,295.808485
2022-09-20 04:00:00,292.82,294.08,287.8088,291.06,7029680.0,111562.0,290.902249
2022-09-21 04:00:00,292.84,297.94,286.22,286.3,5260687.0,95434.0,290.833019
2022-09-22 04:00:00,282.0,289.55,280.06,287.06,6219433.0,112926.0,285.70125
2022-09-23 04:00:00,285.57,288.5537,280.7,284.56,5149877.0,110123.0,284.93194
2022-09-26 04:00:00,286.03,288.9,276.75,276.96,7443105.0,119667.0,280.340216
2022-09-27 04:00:00,281.7,284.5,274.73,277.57,6815287.0,114430.0,278.061324
2022-09-28 04:00:00,280.38,282.74,275.37,281.4,5497424.0,91956.0,280.404512
2022-09-29 04:00:00,277.8,279.59,275.01,278.25,5643666.0,101423.0,277.658516
2022-09-30 04:00:00,279.69,284.29,274.85,275.2,5190088.0,87985.0,278.133744
2022-10-03 04:00:00,278.2694,286.9,277.0,285.24,4230805.0,75113.0,283.806002
2022-10-04 04:00:00,290.95,296.79,290.18,294.97,4985546.0,93408.0,294.152094
2022-10-05 04:00:00,291.41,298.8087,289.175,297.38,3827501.0,66305.0,295.339375
2022-10-06 04:00:00,297.15,305.5,297.1045,298.41,5179073.0,87928.0,299.461999
2022-10-07 04:00:00,291.36,293.705,286.83,288.77,4126418.0,72122.0,289.34655
2022-10-10 04:00:00,289.75,290.28,283.05,285.72,3199690.0,64979.0,285.684959
2022-10-11 04:00:00,285.69,288.28,281.44,284.83,3635362.0,72076.0,284.971014
2022-10-12 04:00:00,284.69,289.79,283.09,286.15,3403563.0,60082.0,286.894686
2022-10-13 04:00:00,279.71,298.17,276.595,294.74,5196578.0,96294.0,290.757328
2022-10-14 04:00:00,295.12,297.59,287.45,287.94,4013538.0,69016.0,290.370574
2022-10-17 04:00:00,297.45,297.96,291.4,293.5,5235302.0,95528.0,294.11143
2022-10-18 04:00:00,302.68,303.49,286.81,292.98,5782334.0,101005.0,293.472512
2022-10-19 04:00:00,295.4,303.71,292.7,299.83,5875309.0,107873.0,299.508223
2022-10-20 04:00:00,301.03,309.19,299.34,302.38,3923224.0,73994.0,303.922375
2022-10-21 04:00:00,300.99,307.43,298.23,306.37,4157779.0,65936.0,303.991124
2022-10-24 04:00:00,308.43,317.329,306.2,316.22,5331756.0,91364.0,313.93187
2022-10-25 04:00:00,319.12,324.23,316.74,323.79,4228036.0,76083.0,322.196412
2022-10-26 04:00:00,318.16,330.5849,316.54,320.48,4641023.0,85357.0,323.556102
2022-10-27 04:00:00,322.96,323.85,316.87,318.65,3282574.0,67684.0,319.218435
2022-10-28 04:00:00,318.67,327.05,318.67,325.68,3393261.0,65603.0,324.430735
2022-10-31 04:00:00,323.49,325.58,317.42,318.5,3721242.0,65414.0,319.47518
2022-11-01 04:00:00,321.01,322.84,312.785,316.02,2711991.0,57996.0,316.724888
2022-11-02 04:00:00,318.84,318.84,301.09,301.22,3875649.0,75837.0,307.326656
2022-11-03 04:00:00,297.07,299.61,285.37,285.93,5353406.0,95490.0,290.095463
2022-11-04 04:00:00,290.38,291.01,278.23,285.75,6169279.0,117739.0,283.479205
2022-11-07 05:00:00,288.97,300.355,287.57,299.54,4427119.0,76985.0,296.33597
2022-11-08 05:00:00,301.15,309.9,297.77,302.17,4686788.0,82732.0,303.215698
2022-11-09 05:00:00,299.65,303.29,297.35,298.87,3183110.0,60217.0,299.55579
2022-11-10 05:00:00,318.55,330.37,317.87,329.95,6247329.0,113992.0,327.064434
2022-11-11 05:00:00,330.34,342.31,329.49,341.15,4529746.0,94164.0,338.767199
2022-11-14 05:00:00,338.07,345.11,334.425,340.37,3735624.0,76463.0,340.793228
2022-11-15 05:00:00,348.41,350.9699,342.56,345.96,3259376.0,68900.0,347.027247
2022-11-16 05:00:00,345.0,345.015,336.72,338.41,2432319.0,54118.0,339.437086
2022-11-17 05:00:00,331.74,339.8699,329.35,337.83,3120719.0,60373.0,335.867958
2022-11-18 05:00:00,344.3,344.7,329.1383,330.86,3920244.0,61254.0,332.639382
2022-11-21 05:00:00,329.53,330.25,320.6,321.49,3603303.0,74890.0,322.811812
2022-11-22 05:00:00,322.49,331.54,320.2,330.88,2922403.0,54682.0,328.211506
2022-11-23 05:00:00,329.93,338.5,327.59,335.78,2479360.0,50026.0,335.16853
2022-11-25 05:00:00,332.885,335.51,332.01,334.3,1355574.0,25027.0,333.524817
2022-11-28 05:00:00,335.83,338.19,328.065,328.97,2629498.0,51403.0,331.199354
2022-11-29 05:00:00,326.69,329.7,323.6749,326.78,2683083.0,44524.0,326.524744
2022-11-30 05:00:00,327.12,345.03,326.38,344.93,6548643.0,64363.0,342.100535
2022-12-01 05:00:00,348.03,350.67,341.5,344.11,3781708.0,71155.0,344.819273
2022-12-02 05:00:00,337.2,343.5276,334.2225,341.53,3081116.0,59184.0,339.63261
2022-12-05 05:00:00,337.8,340.51,330.83,334.09,2926662.0,57815.0,334.167308
2022-12-06 05:00:00,334.09,334.22,327.395,331.15,2533801.0,53023.0,330.828562
2022-12-07 05:00:00,327.53,331.0,325.49,326.68,2346493.0,45773.0,327.29089
2022-12-08 05:00:00,325.71,336.2005,324.345,332.58,2429404.0,52258.0,332.058112
2022-12-09 05:00:00,331.5,334.69,328.5,330.64,2311146.0,47627.0,331.422833
2022-12-12 05:00:00,334.76,338.27,332.65,338.17,3344671.0,64138.0,336.886291
2022-12-13 05:00:00,353.63,355.67,338.79,342.46,4023426.0,79239.0,345.186609
2022-12-14 05:00:00,343.89,345.9499,335.0,339.92,3579787.0,77049.0,341.661374
2022-12-15 05:00:00,332.76,334.5,324.59,328.71,6254556.0,116869.0,328.258068
2022-12-16 05:00:00,345.0,354.4699,337.24,338.54,14923855.0,166137.0,341.071448
2022-12-19 05:00:00,338.0,340.7436,326.3,328.76,4577540.0,88725.0,330.978246
2022-12-20 05:00:00,327.0,342.5,325.52,338.22,4347583.0,79887.0,337.552965
2022-12-21 05:00:00,340.29,345.29,336.44,341.38,2944928.0,61023.0,341.611358
2022-12-22 05:00:00,336.01,339.88,330.94,336.52,2661744.0,57085.0,335.683035
2022-12-23 05:00:00,335.0,338.92,333.285,338.45,1835274.0,47925.0,337.359582
2022-12-27 05:00:00,338.0,338.16,332.46,335.09,1729896.0,40583.0,335.402572
2022-12-28 05:00:00,335.06,338.5,327.19,328.33,1931640.0,45713.0,330.28993
2022-12-29 05:00:00,330.75,339.5,329.7604,337.58,2108356.0,44404.0,336.985157
2022-12-30 05:00:00,333.0,336.64,331.64,336.53,2088328.0,42923.0,335.117334
2023-01-03 05:00:00,340.16,345.82,331.92,336.92,2620830.0,53574.0,337.470109
2023-01-04 05:00:00,342.89,345.6292,336.73,341.41,2557747.0,54639.0,341.289212
2023-01-05 05:00:00,337.53,337.55,328.16,328.44,2394957.0,56684.0,330.26422
2023-01-06 05:00:00,332.28,334.88,322.44,332.75,2640529.0,52069.0,331.810005
2023-01-09 05:00:00,338.9,349.455,338.42,341.98,3490463.0,71729.0,343.976661
2023-01-10 05:00:00,337.65,344.63,336.8,338.7,1908692.0,44724.0,339.041935
2023-01-11 05:00:00,337.39,343.19,333.47,342.93,2787100.0,53807.0,340.642414
2023-01-12 05:00:00,344.165,346.44,337.37,344.54,2399087.0,48821.0,343.665902
2023-01-13 05:00:00,340.25,344.65,335.5,344.38,2996456.0,56687.0,342.09127
2023-01-17 05:00:00,344.38,350.786,341.97,344.38,3015682.0,54182.0,345.050381
2023-01-18 05:00:00,345.01,349.24,338.4,341.31,2475154.0,49797.0,341.746188
2023-01-19 05:00:00,340.56,346.73,340.01,342.53,2828092.0,54852.0,343.250756
2023-01-20 05:00:00,343.27,357.42,342.76,356.38,3672849.0,67366.0,352.268845
2023-01-23 05:00:00,358.28,365.87,356.85,364.98,3585324.0,70495.0,363.698775
2023-01-24 05:00:00,364.1,364.45,358.0,361.32,2812978.0,50063.0,360.836771
2023-01-25 05:00:00,355.665,359.73,350.57,358.17,2545009.0,50421.0,356.422577
2023-01-26 05:00:00,362.76,367.43,360.7201,365.82,2660360.0,54912.0,365.009994
2023-01-27 05:00:00,363.49,373.42,362.85,370.71,2969415.0,54140.0,369.215691
2023-01-30 05:00:00,365.9,368.7,362.83,363.42,2950889.0,54445.0,364.353817
2023-01-31 05:00:00,364.71,370.7,364.01,370.34,3034001.0,49907.0,368.851854
2023-02-01 05:00:00,370.01,386.72,366.8,383.92,3800377.0,70921.0,379.399019
2023-02-02 05:00:00,393.28,402.49,388.8822,392.23,4415923.0,89548.0,393.779534
2023-02-03 05:00:00,384.29,386.715,377.92,379.33,3026943.0,63505.0,381.241006
2023-02-06 05:00:00,376.21,379.29,373.39,375.23,2726431.0,50044.0,376.059644
2023-02-07 05:00:00,373.43,384.94,372.7556,383.82,2892384.0,47460.0,380.868394
2023-02-08 05:00:00,382.49,387.28,375.7,378.36,3029193.0,52590.0,379.020208
2023-02-09 05:00:00,384.97,386.51,374.02,375.81,2620289.0,47261.0,378.780554
2023-02-10 05:00:00,371.63,374.52,367.08,370.99,2111580.0,42094.0,370.607242
2023-02-13 05:00:00,373.41,376.31,371.03,375.0,2202614.0,43285.0,374.145638
2023-02-14 05:00:00,375.0,380.56,369.96,377.9,2862506.0,50045.0,377.077635
2023-02-15 05:00:00,375.6,381.67,374.84,375.94,2365817.0,46165.0,376.532625
2023-02-16 05:00:00,366.04,373.49,363.55,365.16,3284002.0,56209.0,367.461459
2023-02-17 05:00:00,359.31,359.61,352.12,356.85,3320057.0,61868.0,356.475323
2023-02-21 05:00:00,350.78,353.25,345.69,346.7,3493212.0,62158.0,347.551853
2023-02-22 05:00:00,346.69,353.1724,344.45,348.72,2914032.0,49527.0,349.408052
2023-02-23 05:00:00,350.44,353.8,343.9275,347.02,3459410.0,64674.0,347.32979
2023-02-24 05:00:00,328.12,329.76,318.6,320.54,9084899.0,171053.0,321.919499
2023-02-27 05:00:00,322.02,325.1,320.7,322.32,3833246.0,73101.0,322.600112
2023-02-28 05:00:00,323.37,325.73,320.97,323.95,3175083.0,55043.0,323.818023
2023-03-01 05:00:00,323.8,325.26,321.0,323.38,2680827.0,53002.0,323.215624
2023-03-02 05:00:00,323.38,334.46,321.56,333.5,4234028.0,81403.0,330.218154
2023-03-03 05:00:00,334.69,344.76,334.4835,344.04,4143150.0,76738.0,342.34046
2023-03-06 05:00:00,344.33,351.775,344.28,347.02,3415090.0,68952.0,347.606391
2023-03-07 05:00:00,347.86,352.165,344.06,344.8,2614891.0,48981.0,345.93681
2023-03-08 05:00:00,346.74,348.69,343.4701,345.84,2755894.0,56411.0,346.038895
2023-03-09 05:00:00,344.72,350.13,336.99,338.37,4207262.0,69950.0,342.060189
2023-03-10 05:00:00,338.34,338.52,328.445,329.3,4515367.0,80597.0,331.654241
2023-03-13 04:00:00,329.42,333.0,323.29,324.27,4656556.0,84880.0,326.95512
2023-03-14 04:00:00,332.21,335.17,328.695,333.33,4342189.0,72602.0,332.456213
2023-03-15 04:00:00,330.0,334.28,328.1725,333.61,4979206.0,93665.0,332.141275
2023-03-16 04:00:00,344.57,355.49,340.53,353.29,7624267.0,129345.0,350.476243
2023-03-17 04:00:00,354.78,360.63,350.835,358.14,7221268.0,89591.0,356.626105
2023-03-20 04:00:00,357.61,364.9399,355.35,362.88,4242814.0,81778.0,361.97968
2023-03-21 04:00:00,364.63,376.4,362.92,374.22,5000253.0,90365.0,371.229097
2023-03-22 04:00:00,375.0,377.3299,361.52,361.71,4301411.0,82004.0,368.261171
2023-03-23 04:00:00,368.99,375.2499,365.49,369.0,3205268.0,65013.0,370.284127
2023-03-24 04:00:00,370.23,375.23,367.72,374.96,3332312.0,62926.0,372.868203
2023-03-27 04:00:00,376.51,380.35,369.68,373.15,3126621.0,59181.0,373.736623
2023-03-28 04:00:00,373.42,374.0,367.82,373.4,1942977.0,43763.0,371.962504
2023-03-29 04:00:00,376.68,380.12,375.56,379.16,2929284.0,56105.0,378.539509
2023-03-30 04:00:00,381.65,382.58,378.08,381.9,2410485.0,45595.0,380.984518
2023-03-31 04:00:00,382.29,385.73,380.26,385.37,3093036.0,62149.0,383.767186
2023-04-03 04:00:00,380.88,383.73,378.15,380.08,3161294.0,55425.0,380.397949
2023-04-04 04:00:00,382.24,385.7,381.0502,385.15,2928670.0,57156.0,384.063775
2023-04-05 04:00:00,384.09,386.0,377.255,382.02,2595866.0,50649.0,381.434183
2023-04-06 04:00:00,379.31,382.46,375.99,380.6,2124363.0,43705.0,380.161833
2023-04-10 04:00:00,375.48,376.67,372.26,376.25,1941905.0,41215.0,375.318419
2023-04-11 04:00:00,374.01,375.9,368.35,371.11,2184630.0,49832.0,371.376751
2023-04-12 04:00:00,376.42,378.23,368.75,369.89,2006099.0,45820.0,371.337728
2023-04-13 04:00:00,373.2,379.02,372.73,378.8,2860186.0,51738.0,377.719368
2023-04-14 04:00:00,376.37,380.57,375.14,379.38,1552390.0,40524.0,378.048
2023-04-17 04:00:00,379.61,380.76,374.62,377.92,1877024.0,42245.0,377.321067
2023-04-18 04:00:00,380.9,380.9,374.4875,377.55,1764302.0,43167.0,377.140499
2023-04-19 04:00:00,377.9,382.84,375.6,380.11,1981395.0,44561.0,379.153002
2023-04-20 04:00:00,376.04,382.995,375.67,380.26,2250902.0,43058.0,379.935944
2023-04-21 04:00:00,379.97,380.44,375.44,377.67,2234117.0,38432.0,377.646711
2023-04-24 04:00:00,376.59,378.95,373.57,377.34,1806833.0,36115.0,376.656705
2023-04-25 04:00:00,373.63,375.23,368.88,369.59,2763012.0,47350.0,370.609602
2023-04-26 04:00:00,368.6,369.45,357.25,363.06,3110517.0,63366.0,363.320965
2023-04-27 04:00:00,365.94,373.8199,363.5,371.42,2704963.0,48951.0,370.319
2023-04-28 04:00:00,371.42,377.69,368.56,377.56,2535346.0,42352.0,375.919724
2023-05-01 04:00:00,376.51,378.72,373.71,374.15,2138310.0,44507.0,375.307211
2023-05-02 04:00:00,374.355,375.845,367.84,368.66,2584667.0,44993.0,369.976642
2023-05-03 04:00:00,363.49,365.96,344.235,345.25,7207228.0,131053.0,351.125524
2023-05-04 04:00:00,347.97,348.0,332.84,335.83,7067548.0,123970.0,336.709527
2023-05-05 04:00:00,338.98,349.55,338.03,348.4,4300115.0,79421.0,345.842985
2023-05-08 04:00:00,348.0,350.48,340.76,344.06,3483301.0,67774.0,343.601325
2023-05-09 04:00:00,342.5,345.0,341.23,342.65,1911816.0,42470.0,343.027409
2023-05-10 04:00:00,348.25,351.995,341.8318,344.02,3837772.0,71691.0,345.436669
2023-05-11 04:00:00,341.88,344.66,339.37,341.58,2529089.0,53843.0,341.295652
2023-05-12 04:00:00,340.51,340.79,331.89,335.45,4764205.0,81934.0,335.208753
2023-05-15 04:00:00,337.35,345.89,333.01,345.67,3698134.0,67813.0,342.478098
2023-05-16 04:00:00,344.2,347.065,341.17,345.11,2753527.0,56673.0,344.376805
2023-05-17 04:00:00,345.36,358.69,345.12,356.63,3600671.0,69992.0,353.957871
2023-05-18 04:00:00,357.0,361.48,356.45,360.43,2922084.0,54733.0,359.547472
2023-05-19 04:00:00,363.0,372.08,361.36,371.25,3855490.0,74849.0,368.382469
2023-05-22 04:00:00,371.25,374.4025,369.66,372.05,2627139.0,55935.0,372.225625
2023-05-23 04:00:00,371.81,376.49,369.92,370.42,3299243.0,66368.0,371.43357
2023-05-24 04:00:00,368.41,369.06,361.72,365.76,2960490.0,60932.0,365.104811
2023-05-25 04:00:00,375.49,397.6515,374.09,392.06,7093035.0,140950.0,389.038905
2023-05-26 04:00:00,396.72,416.36,396.57,415.39,8378197.0,153972.0,410.788912
2023-05-30 04:00:00,429.94,432.99,416.08,417.21,5869874.0,120425.0,421.364446
2023-05-31 04:00:00,413.9,421.36,410.701,417.79,5215983.0,97587.0,417.009976
2023-06-01 04:00:00,412.29,430.6,412.29,426.75,4505257.0,101026.0,423.284676
2023-06-02 04:00:00,432.0,438.5308,430.36,436.37,5525576.0,127779.0,435.630034
2023-06-05 04:00:00,433.01,440.3799,426.96,434.18,3447324.0,81603.0,434.703936
2023-06-06 04:00:00,432.55,437.12,431.24,432.89,2342053.0,60494.0,433.701291
2023-06-07 04:00:00,434.56,436.81,417.7425,418.32,4773219.0,98766.0,421.695277
2023-06-08 04:00:00,424.15,440.6275,423.5841,439.03,6065934.0,124206.0,436.346844
2023-06-09 04:00:00,456.9099,466.59,453.09,454.0,7933916.0,165301.0,458.73143
2023-06-12 04:00:00,463.705,478.04,459.42,474.63,7486681.0,142342.0,470.21338
2023-06-13 04:00:00,489.71,491.51,470.36,478.99,7413043.0,161458.0,478.506562
2023-06-14 04:00:00,476.15,483.85,473.2,479.53,5149899.0,112189.0,479.485467
2023-06-15 04:00:00,475.47,495.1999,474.25,490.91,9695687.0,194436.0,486.929933
2023-06-16 04:00:00,518.23,518.74,494.62,495.18,13334141.0,211548.0,503.789021
2023-06-20 04:00:00,485.63,492.6883,480.0,485.86,5336441.0,127191.0,485.546061
2023-06-21 04:00:00,492.0,495.55,475.31,477.48,5257334.0,107063.0,482.170451
2023-06-22 04:00:00,474.12,481.0,473.0201,477.58,3604478.0,78008.0,476.568286
2023-06-23 04:00:00,472.95,487.33,472.32,484.72,4483010.0,86273.0,481.748278
2023-06-26 04:00:00,483.01,487.1563,479.05,479.51,3169519.0,76234.0,482.327881
2023-06-27 04:00:00,480.0,490.8,479.95,489.27,2693645.0,67968.0,487.365166
2023-06-28 04:00:00,482.0,489.75,480.39,482.43,3229375.0,79062.0,483.674669
2023-06-29 04:00:00,484.47,485.83,479.6,483.77,1905383.0,51537.0,483.392919
2023-06-30 04:00:00,482.74,492.81,482.72,488.99,2997261.0,65082.0,489.262196
2023-07-03 04:00:00,485.83,486.61,479.8401,485.21,1481189.0,47738.0,483.779081
2023-07-05 04:00:00,480.99,489.41,479.73,487.26,2190360.0,59423.0,486.328836
2023-07-06 04:00:00,479.99,482.5,475.0,481.29,2102229.0,61011.0,479.843693
2023-07-07 04:00:00,481.98,490.42,479.86,485.27,2325040.0,61417.0,486.025631
2023-07-10 04:00:00,485.27,499.1999,485.11,496.35,3360231.0,82758.0,494.789865
2023-07-11 04:00:00,497.28,506.03,491.76,504.74,2844433.0,83563.0,500.949765
2023-07-12 04:00:00,509.405,510.79,500.01,507.36,3036763.0,73271.0,506.491336
2023-07-13 04:00:00,509.62,519.4099,509.5,517.28,3049446.0,81889.0,515.56485
2023-07-14 04:00:00,517.34,523.785,512.67,514.83,2303712.0,72993.0,517.696652
2023-07-17 04:00:00,513.0,522.6892,512.38,522.0,2646013.0,69399.0,519.106235
2023-07-18 04:00:00,519.64,535.1299,517.375,532.23,4094863.0,105400.0,527.966857
2023-07-19 04:00:00,534.48,539.0,526.0601,527.17,3383670.0,83875.0,530.843321
2023-07-20 04:00:00,522.03,528.31,514.085,516.88,3264964.0,86299.0,518.844748
2023-07-21 04:00:00,521.75,529.6851,519.28,520.23,8225914.0,89353.0,521.479714
2023-07-24 04:00:00,520.0,524.84,514.86,523.86,2261102.0,59351.0,521.748254
2023-07-25 04:00:00,519.42,526.88,517.92,525.34,2472719.0,58796.0,523.238131
2023-07-26 04:00:00,520.49,521.1,510.44,514.55,2918776.0,72735.0,514.929949
2023-07-27 04:00:00,523.16,527.9,511.24,513.97,2477317.0,64456.0,518.701658
2023-07-28 04:00:00,515.43,530.32,514.63,528.87,2810249.0,67879.0,525.788758
2023-07-31 04:00:00,541.87,552.94,541.87,546.17,4424804.0,102194.0,546.736363
2023-08-01 04:00:00,545.78,552.015,541.67,549.1,2277536.0,64247.0,547.238394
2023-08-02 04:00:00,539.32,539.99,526.5,530.3,2973326.0,84324.0,531.396115
2023-08-03 04:00:00,523.0,530.912,522.217,523.76,2188321.0,60520.0,525.063413
2023-08-04 04:00:00,526.74,535.63,522.12,526.88,2462882.0,60773.0,529.336763
2023-08-07 04:00:00,530.0,532.58,523.52,529.73,1777775.0,52269.0,527.781411
2023-08-08 04:00:00,523.99,524.5788,515.25,520.6,2626114.0,71728.0,519.243869
2023-08-09 04:00:00,520.55,520.97,509.53,513.78,1844102.0,55207.0,514.177197
2023-08-10 04:00:00,521.03,523.22,512.98,515.83,1901831.0,50757.0,517.651648
2023-08-11 04:00:00,510.83,514.9,506.37,508.45,1930648.0,57550.0,509.347628
2023-08-14 04:00:00,506.78,522.5549,505.03,522.25,2053172.0,57657.0,519.629425
2023-08-15 04:00:00,518.35,522.04,516.0593,518.7,1825472.0,50280.0,519.02716
2023-08-16 04:00:00,517.81,523.15,514.17,514.49,1542619.0,43916.0,517.175192
2023-08-17 04:00:00,525.0,525.49,510.56,511.67,2455875.0,61974.0,514.94003
2023-08-18 04:00:00,504.65,510.05,503.9,508.13,2140067.0,57518.0,507.543996
2023-08-21 04:00:00,510.29,522.98,510.29,520.47,2428466.0,58127.0,517.862685
2023-08-22 04:00:00,529.715,530.0,518.35,519.48,1496894.0,47912.0,521.755488
2023-08-23 04:00:00,522.73,535.25,519.24,530.71,2339080.0,63087.0,530.12478
2023-08-24 04:00:00,539.0,539.67,511.05,512.43,2950291.0,80682.0,517.615829
2023-08-25 04:00:00,514.92,528.43,514.465,525.06,2308270.0,55652.0,522.405233
2023-08-28 04:00:00,525.7,533.51,523.98,529.92,1684294.0,49693.0,528.602924
2023-08-29 04:00:00,527.7,541.97,526.1473,540.57,2167156.0,61510.0,538.393426
2023-08-30 04:00:00,540.1,546.0,536.09,545.36,1930349.0,54330.0,543.621838
2023-08-31 04:00:00,547.0,562.1,546.76,559.34,3919465.0,75951.0,558.234752
2023-09-01 04:00:00,564.8,569.98,558.517,563.21,2234068.0,65858.0,563.326078
2023-09-05 04:00:00,557.88,567.59,555.42,564.88,2349758.0,69341.0,562.984408
2023-09-06 04:00:00,560.45,564.06,555.85,561.94,2300003.0,67043.0,560.378988
2023-09-07 04:00:00,554.0,561.83,551.075,560.46,2089560.0,62075.0,559.207956
2023-09-08 04:00:00,568.9,570.2399,558.03,560.36,2265289.0,63130.0,562.681337
2023-09-11 04:00:00,562.0,565.4302,556.7,564.5,2083490.0,68893.0,561.956506
2023-09-12 04:00:00,555.63,559.0921,540.37,542.21,3961275.0,121226.0,547.052986
2023-09-13 04:00:00,557.02,559.85,546.43,553.56,3466911.0,93784.0,552.491341
2023-09-14 04:00:00,551.09,555.1948,544.34,552.16,4796460.0,115692.0,551.413925
2023-09-15 04:00:00,532.11,537.69,523.616,528.89,9774477.0,169444.0,529.230306
2023-09-18 04:00:00,524.23,533.98,522.18,532.42,2650928.0,71829.0,530.701117
2023-09-19 04:00:00,531.35,542.4,529.47,541.69,2386741.0,66757.0,537.548975
2023-09-20 04:00:00,541.69,548.85,535.73,535.78,2629967.0,73085.0,542.149723
2023-09-21 04:00:00,519.48,526.29,513.4,513.88,3847092.0,97354.0,517.44938
2023-09-22 04:00:00,513.09,518.15,508.83,512.9,2702858.0,62358.0,514.021973
2023-09-25 04:00:00,511.45,514.245,507.22,511.6,2219549.0,54200.0,510.869913
2023-09-26 04:00:00,510.14,510.14,502.01,506.3,2375415.0,69617.0,505.461774
2023-09-27 04:00:00,507.51,509.25,498.6955,502.6,3311123.0,75687.0,503.53833
2023-09-28 04:00:00,500.0,508.675,499.25,504.67,2720202.0,62875.0,504.488104
2023-09-29 04:00:00,505.44,518.58,505.44,509.9,2796924.0,67060.0,511.487996
2023-10-02 04:00:00,508.24,522.405,508.24,521.13,2411614.0,65608.0,518.0144
2023-10-03 04:00:00,517.52,520.49,504.55,507.03,2004080.0,65212.0,508.909836
2023-10-04 04:00:00,511.93,519.76,510.0001,518.42,2027220.0,53540.0,516.675316
2023-10-05 04:00:00,519.84,522.605,509.235,516.44,1818977.0,48973.0,515.251926
2023-10-06 04:00:00,513.22,531.31,509.52,526.68,2526308.0,70237.0,524.827685
2023-10-09 04:00:00,522.0,530.0,518.75,529.29,1713475.0,50478.0,525.911942
2023-10-10 04:00:00,530.91,537.0,530.4,532.72,2091000.0,60478.0,533.548901
2023-10-11 04:00:00,538.59,551.34,536.11,549.91,3308056.0,87698.0,548.099502
2023-10-12 04:00:00,553.7,574.4,552.23,559.63,4624037.0,121383.0,563.618328
2023-10-13 04:00:00,560.0,562.89,546.99,548.76,2834092.0,73697.0,550.92377
2023-10-16 04:00:00,553.18,555.57,545.6904,550.74,2179856.0,60266.0,551.637796
2023-10-17 04:00:00,545.41,560.8,543.34,560.09,2355335.0,64028.0,556.130338
2023-10-18 04:00:00,554.48,568.18,554.24,557.87,2614537.0,74822.0,562.0258
2023-10-19 04:00:00,560.0,567.1,553.47,555.74,2809883.0,76698.0,559.649199
2023-10-20 04:00:00,555.74,555.98,535.95,540.96,2729192.0,66415.0,543.13957
2023-10-23 04:00:00,535.81,548.025,531.0,540.41,2172608.0,59214.0,541.495279
2023-10-24 04:00:00,544.64,546.0,532.12,539.56,2358154.0,67142.0,538.870893
2023-10-25 04:00:00,533.56,534.46,517.63,521.14,2527791.0,71866.0,523.190815
2023-10-26 04:00:00,530.0,530.99,511.68,514.28,2877182.0,76924.0,517.642193
2023-10-27 04:00:00,517.5,519.8556,506.915,508.12,2985561.0,72346.0,510.438147
2023-10-30 04:00:00,516.11,530.75,512.24,526.94,2807033.0,80349.0,525.121908
2023-10-31 04:00:00,530.64,532.635,522.8101,532.06,2052319.0,51706.0,529.666246
2023-11-01 04:00:00,535.0,545.27,534.0,544.5,2644854.0,67630.0,541.880454
2023-11-02 04:00:00,550.44,559.355,550.0,558.71,2634975.0,72882.0,556.61912
2023-11-03 04:00:00,560.0,567.03,557.66,563.66,2066522.0,58320.0,563.232759
2023-11-06 05:00:00,566.0,567.88,558.175,565.45,2593404.0,54088.0,563.477552
2023-11-07 05:00:00,568.81,589.0,568.81,585.2,3993983.0,99406.0,583.298291
2023-11-08 05:00:00,589.0,595.665,581.07,585.31,3079538.0,82287.0,587.380365
2023-11-09 05:00:00,587.51,590.04,576.34,577.74,2336803.0,64781.0,581.767238
2023-11-10 05:00:00,580.49,598.135,576.005,597.22,3064512.0,77815.0,591.991185
2023-11-13 05:00:00,589.98,594.26,583.36,590.34,2505184.0,69190.0,590.069314
2023-11-14 05:00:00,601.56,613.705,599.04,604.33,2884961.0,85234.0,605.317682
2023-11-15 05:00:00,605.0,605.73,591.79,595.31,3089668.0,86172.0,596.839551
2023-11-16 05:00:00,595.45,605.27,592.14,602.06,2040422.0,60892.0,601.143168
2023-11-17 05:00:00,602.07,605.0499,597.02,602.66,1969360.0,54258.0,602.069249
2023-11-20 05:00:00,605.31,614.2,604.5,612.7,2394462.0,65062.0,611.245206
2023-11-21 05:00:00,610.63,615.565,607.0301,610.99,1906174.0,59020.0,610.577064
2023-11-22 05:00:00,616.63,624.38,614.0101,619.72,2065053.0,65002.0,620.386444
2023-11-24 05:00:00,616.26,619.44,613.6,619.43,942675.0,31701.0,617.349608
2023-11-27 05:00:00,618.8,625.8341,614.57,619.27,1854431.0,59029.0,620.25214
2023-11-28 05:00:00,613.975,625.6,612.26,623.32,2303073.0,59140.0,622.411141
2023-11-29 05:00:00,625.94,628.6,616.77,617.39,2595830.0,71718.0,620.567433
2023-11-30 05:00:00,620.0,621.48,605.07,611.01,3960369.0,82822.0,611.21253
2023-12-01 05:00:00,609.24,615.2,603.18,612.47,2490502.0,79738.0,610.061864
2023-12-04 05:00:00,604.91,608.29,596.21,604.56,2541823.0,85794.0,602.868834
2023-12-05 05:00:00,596.77,602.74,591.17,602.22,2578110.0,84443.0,598.421139
2023-12-06 05:00:00,608.06,608.5302,594.4867,595.7,2081072.0,64680.0,597.262073
2023-12-07 05:00:00,598.92,609.23,596.47,608.78,2605213.0,71706.0,606.824742
2023-12-08 05:00:00,605.0,610.23,601.3,610.01,2499653.0,68087.0,607.27577
2023-12-11 05:00:00,616.88,627.8195,614.34,625.2,3270787.0,93712.0,623.347719
2023-12-12 05:00:00,625.86,633.89,623.0,633.66,2968953.0,87534.0,630.913205
2023-12-13 05:00:00,630.41,632.445,618.0301,624.26,6188780.0,177393.0,623.756672
2023-12-14 05:00:00,593.0,593.16,578.3,584.64,11315843.0,270026.0,585.21852
2023-12-15 05:00:00,580.6,591.66,578.2,584.68,8666491.0,140729.0,583.394476
2023-12-18 05:00:00,591.52,603.1337,586.62,599.13,5453282.0,134799.0,596.140774
2023-12-19 05:00:00,600.0,612.705,598.08,604.64,4151136.0,100754.0,605.367043
2023-12-20 05:00:00,600.71,610.68,595.07,596.06,2587925.0,75602.0,600.785034
2023-12-21 05:00:00,603.0,607.4006,594.82,600.14,3192874.0,70807.0,599.467931
2023-12-22 05:00:00,600.8,601.86,596.0,598.75,1660631.0,57241.0,598.644034
2023-12-26 05:00:00,598.92,601.69,596.5,598.26,1595081.0,41796.0,598.306282
2023-12-27 05:00:00,598.6,599.79,593.71,596.08,1394906.0,48024.0,595.953648
2023-12-28 05:00:00,597.44,599.04,593.6301,595.52,1702553.0,50952.0,595.728102
2023-12-29 05:00:00,596.09,600.75,592.94,596.6,1890231.0,53297.0,596.852325
2024-01-02 05:00:00,589.51,590.44,576.755,580.07,2840640.0,91794.0,580.68063
2024-01-03 05:00:00,574.58,577.305,570.19,571.79,2478698.0,81369.0,572.625769
2024-01-04 05:00:00,570.99,572.91,566.66,567.05,2092159.0,66462.0,568.795065
2024-01-05 05:00:00,563.5,569.52,563.34,564.6,1923240.0,63319.0,565.802726
2024-01-08 05:00:00,567.87,581.51,567.87,580.55,2830014.0,77581.0,578.1785
2024-01-09 05:00:00,578.33,588.2,577.28,586.2,1926925.0,65018.0,584.977776
2024-01-10 05:00:00,585.43,593.65,585.43,591.03,2136059.0,65308.0,590.28215
2024-01-11 05:00:00,592.0,597.84,584.52,597.49,2331946.0,70765.0,594.748365
2024-01-12 05:00:00,598.39,599.38,593.0177,596.54,1472167.0,49690.0,596.538907
2024-01-16 05:00:00,592.83,597.76,588.34,597.68,2126101.0,61618.0,595.255621
2024-01-17 05:00:00,591.99,596.75,582.44,596.1,2588360.0,73589.0,592.078488
2024-01-18 05:00:00,586.9,596.89,584.21,593.7,2793641.0,70426.0,591.937203
2024-01-19 05:00:00,593.81,612.07,589.13,611.55,3755338.0,88180.0,603.511233
2024-01-22 05:00:00,615.0,620.96,603.15,603.59,4488320.0,88225.0,607.055547
2024-01-23 05:00:00,602.21,604.32,591.34,597.18,2724239.0,73914.0,598.074063
2024-01-24 05:00:00,601.71,616.95,597.46,606.48,2999080.0,80819.0,607.309527
2024-01-25 05:00:00,615.42,627.06,612.24,622.58,3806611.0,103316.0,622.141116
2024-01-26 05:00:00,620.7,622.5,613.0,613.93,2137831.0,64397.0,616.257317
2024-01-29 05:00:00,615.71,636.25,615.71,630.23,3212187.0,85714.0,629.245442
2024-01-30 05:00:00,630.0,630.47,620.89,627.96,2007432.0,70784.0,626.636102
2024-01-31 05:00:00,620.0,625.93,612.17,617.78,2666775.0,72471.0,618.398906
2024-02-01 05:00:00,619.0,628.8,618.775,627.91,1687613.0,60595.0,624.943577
2024-02-02 05:00:00,624.79,638.25,617.01,634.76,2542763.0,75027.0,632.776915
2024-02-05 05:00:00,633.03,634.5899,624.54,630.5,2131245.0,60306.0,629.332687
2024-02-06 05:00:00,625.58,626.46,604.67,607.14,3436244.0,101303.0,609.904634
2024-02-07 05:00:00,613.25,620.42,610.15,615.85,2313824.0,59903.0,616.308377
2024-02-08 05:00:00,615.85,621.34,612.51,615.86,1815682.0,58804.0,616.693751
2024-02-09 05:00:00,616.0,628.07,615.805,627.21,2091353.0,60542.0,624.599171
2024-02-12 05:00:00,626.0,626.345,611.575,611.84,2317239.0,67886.0,615.377123
2024-02-13 05:00:00,596.7,608.39,590.0,601.89,2985238.0,86514.0,601.071102
2024-02-14 05:00:00,605.85,610.33,602.5,604.66,1615119.0,54103.0,605.015487
2024-02-15 05:00:00,606.0,607.3158,589.77,590.44,3677358.0,98389.0,594.004052
2024-02-16 05:00:00,589.9,590.1383,546.37,546.66,10328353.0,235046.0,559.841989
2024-02-20 05:00:00,531.495,545.88,528.01,541.91,6567568.0,165116.0,537.116838
2024-02-21 05:00:00,539.76,542.5699,529.3675,538.52,4493535.0,108750.0,535.623951
2024-02-22 05:00:00,553.94,555.5499,534.56,537.57,5023397.0,123947.0,540.467819
2024-02-23 05:00:00,543.49,557.18,541.48,553.44,4546484.0,108935.0,551.558155
2024-02-26 05:00:00,556.56,570.6,556.56,560.48,4251153.0,111569.0,563.523355
2024-02-27 05:00:00,565.91,565.91,548.54,552.49,3247599.0,88851.0,552.954743
2024-02-28 05:00:00,552.0,557.2,549.7601,551.82,2313223.0,71327.0,552.608409
2024-02-29 05:00:00,554.89,561.94,553.23,560.28,3844366.0,78755.0,559.528078
2024-03-01 05:00:00,561.11,572.89,560.67,570.93,2959098.0,85724.0,568.641007
2024-03-04 05:00:00,572.85,576.245,564.1,567.94,2556419.0,80881.0,569.544506
2024-03-05 05:00:00,562.6,564.19,539.35,544.84,4286834.0,118568.0,545.57288
2024-03-06 05:00:00,548.0,550.64,538.15,543.09,3209766.0,92796.0,543.037555
2024-03-07 05:00:00,550.0,558.38,541.59,556.04,2660544.0,77497.0,552.583896
2024-03-08 05:00:00,553.0,560.44,550.5114,551.69,2833180.0,76988.0,553.949664
2024-03-11 04:00:00,552.45,562.69,551.02,560.42,2857791.0,81039.0,558.712402
2024-03-12 04:00:00,568.6,579.79,562.6,579.14,3469161.0,89576.0,574.373289
2024-03-13 04:00:00,579.06,585.35,573.41,573.55,3466022.0,88271.0,578.494182
2024-03-14 04:00:00,578.0,579.54,568.76,570.45,5908117.0,159375.0,571.93605
2024-03-15 04:00:00,499.64,503.1263,485.0,492.46,19580838.0,395363.0,493.051957
2024-03-18 04:00:00,495.55,515.7299,495.55,513.86,7052677.0,160702.0,508.646407
2024-03-19 04:00:00,509.89,522.68,508.99,521.19,7081796.0,121152.0,518.04022
2024-03-20 04:00:00,523.29,523.87,512.5,519.14,4239557.0,88455.0,517.82886
2024-03-21 04:00:00,517.6,519.725,506.2,511.25,5206580.0,139226.0,511.120396
2024-03-22 04:00:00,509.07,511.59,496.67,499.52,5413647.0,135939.0,501.064628
2024-03-25 04:00:00,496.79,510.63,496.69,507.23,4277036.0,98339.0,506.62648
2024-03-26 04:00:00,508.06,512.79,503.59,507.6,2813329.0,83097.0,508.390955
2024-03-27 04:00:00,515.47,516.86,499.7,504.4,4228415.0,89663.0,504.799647
2024-03-28 04:00:00,508.12,509.0,500.26,504.6,3897003.0,81729.0,504.024993
2024-04-01 04:00:00,504.99,506.92,499.31,502.09,2056030.0,65613.0,501.881033
2024-04-02 04:00:00,494.403,500.75,491.34,499.21,3083273.0,78205.0,497.174475
2024-04-03 04:00:00,497.36,498.86,494.71,497.01,2604428.0,72073.0,497.22867
2024-04-04 04:00:00,503.56,504.11,486.7,487.11,3403327.0,91371.0,492.759748
2024-04-05 04:00:00,488.84,490.09,481.28,485.12,4972655.0,109711.0,485.23818
2024-04-08 04:00:00,484.78,486.98,477.23,484.28,3439211.0,84940.0,483.370626
2024-04-09 04:00:00,486.0,493.31,483.31,492.55,2548566.0,70713.0,489.901364
2024-04-10 04:00:00,489.39,491.765,480.28,487.22,2487870.0,72565.0,486.267561
2024-04-11 04:00:00,487.36,488.67,479.74,484.28,2978539.0,80932.0,484.299867
2024-04-12 04:00:00,477.95,478.78,468.6,474.09,5620950.0,117228.0,473.298511
2024-04-15 04:00:00,477.02,478.52,468.35,470.1,3353225.0,83698.0,472.848681
2024-04-16 04:00:00,470.0,478.98,468.49,476.22,2660097.0,73259.0,475.134001
2024-04-17 04:00:00,477.31,481.02,472.685,474.45,2034793.0,56007.0,475.469386
2024-04-18 04:00:00,476.76,477.605,471.825,473.18,2389742.0,60847.0,474.335909
2024-04-19 04:00:00,476.54,476.58,463.0901,465.02,3282142.0,68127.0,466.820897
2024-04-22 04:00:00,470.215,471.5,462.28,466.89,2604256.0,63803.0,466.063045
2024-04-23 04:00:00,469.72,474.81,467.83,472.9,2212976.0,60655.0,471.752003
2024-04-24 04:00:00,472.94,478.57,471.7283,477.12,2338044.0,64645.0,476.02143
2024-04-25 04:00:00,468.41,474.5042,465.78,473.44,2250913.0,61831.0,470.953633
2024-04-26 04:00:00,472.31,482.79,471.685,477.56,2460261.0,65124.0,478.771199
2024-04-29 04:00:00,478.04,481.677,471.07,473.07,2954736.0,63791.0,474.421185
2024-04-30 04:00:00,472.0,475.42,462.46,462.83,3222618.0,70866.0,466.146068
2024-05-01 04:00:00,461.12,477.76,460.36,469.39,2490171.0,69784.0,468.561776
2024-05-02 04:00:00,474.3,477.155,468.2994,476.57,2516422.0,58345.0,473.949092
2024-05-03 04:00:00,482.27,487.49,477.565,486.18,2833186.0,72092.0,484.317396
2024-05-06 04:00:00,490.1,495.44,488.0,493.59,2104030.0,70713.0,493.089308
2024-05-07 04:00:00,492.51,496.755,489.14,492.27,2518346.0,65894.0,493.567297
2024-05-08 04:00:00,489.97,495.81,486.92,488.1,2165021.0,55461.0,489.815315
2024-05-09 04:00:00,489.41,490.4364,481.65,482.65,2301635.0,69949.0,483.728788
2024-05-10 04:00:00,483.5,489.48,480.3,482.29,2741116.0,74800.0,483.244535
2024-05-13 04:00:00,486.24,490.1599,481.71,483.11,2458192.0,62198.0,485.174815
2024-05-14 04:00:00,480.41,481.8,466.48,475.95,4287846.0,97567.0,475.019047
2024-05-15 04:00:00,480.76,489.61,476.61,485.35,3491638.0,82352.0,484.368266
2024-05-16 04:00:00,484.7,486.23,481.385,482.88,2562865.0,72784.0,483.413697
2024-05-17 04:00:00,483.32,485.88,481.52,483.43,2261147.0,53472.0,483.34808
2024-05-20 04:00:00,483.0,485.37,478.32,484.69,1881117.0,53222.0,483.153879
2024-05-21 04:00:00,481.19,487.5,477.12,481.85,1915797.0,58231.0,481.613424
2024-05-22 04:00:00,483.97,485.665,479.14,483.93,1875835.0,53354.0,483.210057
2024-05-23 04:00:00,488.38,491.68,478.69,483.31,2219854.0,69372.0,484.858907
2024-05-24 04:00:00,481.25,485.38,473.9,475.43,3085605.0,77638.0,478.438929
2024-05-28 04:00:00,473.01,478.67,469.6,478.43,2575550.0,73140.0,475.11651
2024-05-29 04:00:00,472.78,482.79,472.595,477.6,2214810.0,65253.0,478.209765
2024-05-30 04:00:00,464.9,466.82,444.84,445.87,5606896.0,146064.0,452.358599
2024-05-31 04:00:00,447.72,448.23,433.97,444.76,7487507.0,135959.0,440.327626
2024-06-03 04:00:00,447.58,449.84,436.58,439.02,3967669.0,88266.0,440.871856
2024-06-04 04:00:00,442.82,450.12,441.59,448.37,3183594.0,78818.0,446.827121
2024-06-05 04:00:00,449.19,458.6,448.37,455.8,3295029.0,77453.0,455.3479
2024-06-06 04:00:00,457.7,467.8515,456.87,458.13,3234970.0,90269.0,461.727768
2024-06-07 04:00:00,458.13,468.93,458.13,465.43,2684170.0,72464.0,465.075279
2024-06-10 04:00:00,453.84,462.23,451.51,459.94,3212350.0,86699.0,458.586605
2024-06-11 04:00:00,456.91,462.74,455.5,462.69,2723659.0,71204.0,459.591256
2024-06-12 04:00:00,470.0,471.12,459.16,459.87,3647447.0,95180.0,463.787038
2024-06-13 04:00:00,457.87,462.3899,453.5,458.74,8557963.0,187517.0,458.028491
2024-06-14 04:00:00,530.25,534.45,521.88,525.31,14846614.0,284078.0,526.118163
2024-06-17 04:00:00,525.51,525.94,505.38,518.74,7163820.0,168099.0,515.859572
2024-06-18 04:00:00,514.71,530.37,513.13,522.25,4225943.0,95085.0,523.455171
2024-06-20 04:00:00,527.665,533.23,520.4,522.95,5752373.0,96977.0,525.142751
2024-06-21 04:00:00,530.31,535.0,524.715,533.44,6614086.0,96031.0,531.691652
2024-06-24 04:00:00,532.1,534.58,523.48,524.17,3067824.0,76281.0,526.833801
2024-06-25 04:00:00,526.2,529.68,522.24,526.88,3144202.0,61088.0,526.579451
2024-06-26 04:00:00,528.58,530.66,526.01,528.66,2931667.0,56676.0,528.525709
2024-06-27 04:00:00,533.21,549.16,532.1,546.76,4734063.0,110221.0,543.94471
2024-06-28 04:00:00,549.7,558.48,548.01,555.54,5075064.0,105318.0,554.717122
2024-07-01 04:00:00,551.37,561.21,549.73,560.01,3070159.0,81518.0,556.903141
2024-07-02 04:00:00,560.0,570.14,560.0,567.71,3054491.0,67917.0,566.703808
2024-07-03 04:00:00,564.292,571.83,564.0001,570.15,1664373.0,46200.0,567.992354
2024-07-05 04:00:00,570.91,580.55,568.92,578.34,2808635.0,72449.0,576.689918
2024-07-08 04:00:00,573.18,576.745,563.92,575.4,3007422.0,76621.0,571.759201
2024-07-09 04:00:00,573.05,575.01,562.46,566.02,2169020.0,67993.0,566.42986
2024-07-10 04:00:00,564.71,566.93,558.21,564.55,2368443.0,64258.0,563.835759
2024-07-11 04:00:00,564.0,572.62,557.09,557.63,3191358.0,72033.0,560.457347
2024-07-12 04:00:00,555.1,562.49,552.315,559.05,2013985.0,55263.0,558.650519
2024-07-15 04:00:00,560.23,568.23,560.23,565.71,1887763.0,54855.0,564.744233
2024-07-16 04:00:00,564.6,570.1,562.08,566.54,1539875.0,49090.0,565.987637
2024-07-17 04:00:00,563.93,565.0,556.46,563.09,2316265.0,65741.0,562.252039
2024-07-18 04:00:00,564.18,564.26,556.07,556.85,2184657.0,55452.0,558.813862
2024-07-19 04:00:00,557.05,561.09,548.96,551.0,2601942.0,51808.0,552.64545
2024-07-22 04:00:00,558.65,560.19,552.7074,554.82,2391696.0,51599.0,555.47238
2024-07-23 04:00:00,556.49,557.249,544.44,546.01,2363881.0,52012.0,547.831191
2024-07-24 04:00:00,543.8,544.71,530.35,531.04,2630081.0,66070.0,533.422028
2024-07-25 04:00:00,536.8,542.28,527.59,532.15,2136496.0,66988.0,535.068551
2024-07-26 04:00:00,535.35,545.4999,533.33,542.44,2090007.0,54648.0,541.268713
2024-07-29 04:00:00,544.3,544.3,535.19,536.61,1590551.0,49915.0,537.96918
2024-07-30 04:00:00,541.85,543.67,530.9501,538.71,1566875.0,46610.0,538.223441
2024-07-31 04:00:00,547.05,555.55,543.77,551.65,2776002.0,65445.0,551.853221
2024-08-01 04:00:00,549.99,561.98,540.24,546.41,2075410.0,60897.0,547.680253
2024-08-02 04:00:00,535.78,536.84,519.68,526.17,2729113.0,74255.0,526.124686
2024-08-05 04:00:00,504.23,515.9,500.0,509.32,3432155.0,90519.0,508.167983
2024-08-06 04:00:00,513.69,519.16,509.01,514.2,2076327.0,56585.0,514.982648
2024-08-07 04:00:00,520.95,531.005,512.86,513.62,1663682.0,50302.0,520.005616
2024-08-08 04:00:00,520.59,531.07,519.56,530.24,2155115.0,49090.0,528.083317
2024-08-09 04:00:00,528.02,537.28,528.02,536.3,1272635.0,43839.0,535.00474
2024-08-12 04:00:00,536.04,538.08,525.77,530.93,1450410.0,41989.0,530.161674
2024-08-13 04:00:00,530.93,537.72,527.9,535.22,3063918.0,61882.0,533.445316
2024-08-14 04:00:00,536.62,542.9205,533.2,539.79,1915589.0,45540.0,539.011676
2024-08-15 04:00:00,545.19,557.22,545.01,554.16,2182382.0,56228.0,554.125318
2024-08-16 04:00:00,552.35,554.76,547.8,553.46,1541726.0,43682.0,552.676194
2024-08-19 04:00:00,550.59,563.77,550.59,563.12,1423293.0,43919.0,559.454422
2024-08-20 04:00:00,564.48,568.18,559.61,562.25,1219609.0,39091.0,562.86899
2024-08-21 04:00:00,562.13,566.6,557.91,565.79,1401708.0,38230.0,564.370192
2024-08-22 04:00:00,567.07,572.0,555.65,557.44,1627658.0,47971.0,560.918775
2024-08-23 04:00:00,565.45,566.52,552.5,558.3,2023465.0,42278.0,558.386352
2024-08-26 04:00:00,555.03,560.26,555.03,559.44,1387479.0,35852.0,558.863631
2024-08-27 04:00:00,554.4,569.52,554.3439,567.82,1404415.0,42440.0,565.47815
2024-08-28 04:00:00,568.22,569.59,557.67,560.54,1289699.0,39914.0,562.190994
2024-08-29 04:00:00,567.05,578.4,567.05,569.63,1955588.0,58861.0,572.433505
2024-08-30 04:00:00,572.2,575.65,568.2865,574.41,1982970.0,48070.0,573.547363
2024-09-03 04:00:00,576.3,586.695,566.79,571.04,2757929.0,73566.0,574.7935
2024-09-04 04:00:00,568.87,578.86,565.76,575.25,1615787.0,51492.0,574.644802
2024-09-05 04:00:00,570.75,573.39,562.53,567.93,1573571.0,52982.0,567.287106
2024-09-06 04:00:00,570.9,573.31,558.0,563.41,2096790.0,60002.0,563.766552
2024-09-09 04:00:00,567.69,574.57,564.44,569.88,1997121.0,58007.0,569.697078
2024-09-10 04:00:00,576.75,577.8,567.14,574.48,2030076.0,50117.0,572.813109
2024-09-11 04:00:00,573.01,581.24,559.35,580.38,2680977.0,67631.0,573.573246
2024-09-12 04:00:00,581.445,587.75,572.98,586.55,5605338.0,148150.0,582.408926
2024-09-13 04:00:00,532.565,540.27,526.6,536.87,10423510.0,231822.0,533.650372
2024-09-16 04:00:00,537.4,537.69,521.26,521.5,5248205.0,128244.0,528.006493
2024-09-17 04:00:00,524.29,527.0999,514.58,515.03,5164089.0,110743.0,517.538895
2024-09-18 04:00:00,517.01,517.58,506.4901,508.13,3997267.0,97960.0,509.667768
2024-09-19 04:00:00,518.81,527.48,518.02,526.44,3582532.0,95115.0,523.59585
2024-09-20 04:00:00,526.44,528.625,515.72,522.3,6100685.0,77432.0,522.264696
2024-09-23 04:00:00,525.71,532.0,524.955,527.87,2106995.0,61019.0,528.613802
2024-09-24 04:00:00,527.72,530.2999,521.71,524.07,2842054.0,56460.0,525.011668
2024-09-25 04:00:00,526.02,526.18,516.24,517.9,3211612.0,70309.0,519.348811
2024-09-26 04:00:00,520.51,521.355,512.11,515.38,3282437.0,80631.0,515.459012
2024-09-27 04:00:00,516.52,516.6799,512.3,515.48,2718323.0,61219.0,514.911331
2024-09-30 04:00:00,513.83,518.47,511.74,517.78,2588151.0,58804.0,515.975408
2024-10-01 04:00:00,517.45,519.0,502.5,502.8,3730026.0,86625.0,505.271801
2024-10-02 04:00:00,503.87,510.19,502.8201,505.81,1981848.0,51659.0,506.672327
2024-10-03 04:00:00,501.02,509.81,498.59,503.8,1921604.0,53813.0,504.399671
2024-10-04 04:00:00,507.29,508.56,503.5901,507.22,1949994.0,56446.0,506.481628
2024-10-07 04:00:00,503.96,504.87,486.4,487.3,4870534.0,116085.0,491.798754
2024-10-08 04:00:00,492.45,500.0,486.4,496.24,3551609.0,74838.0,495.146435
2024-10-09 04:00:00,495.88,495.88,492.32,494.08,2869417.0,68572.0,493.835541
2024-10-10 04:00:00,490.54,506.45,489.35,503.57,2775102.0,74294.0,501.466303
2024-10-11 04:00:00,504.78,507.9799,494.9,495.42,2992409.0,80004.0,498.166516
2024-10-14 04:00:00,501.8,514.26,500.41,509.65,3411497.0,85001.0,509.428604
2024-10-15 04:00:00,513.82,517.772,506.8,508.03,3605675.0,82358.0,510.452749
2024-10-16 04:00:00,506.39,506.84,500.25,502.54,1859116.0,60762.0,502.987505
2024-10-17 04:00:00,506.51,507.5,495.23,496.83,2769241.0,62380.0,497.643647
2024-10-18 04:00:00,491.29,499.0,491.0501,494.9,2011121.0,56196.0,495.383836
2024-10-21 04:00:00,494.6,500.6499,492.96,497.71,1679657.0,52651.0,497.372872
2024-10-22 04:00:00,496.43,497.34,488.36,493.11,2388721.0,64364.0,492.688693
2024-10-23 04:00:00,492.0,493.83,483.391,485.03,2021316.0,65463.0,486.745278
2024-10-24 04:00:00,486.63,488.47,480.06,482.87,2100308.0,62677.0,483.152455
2024-10-25 04:00:00,483.42,488.34,482.52,483.72,2426769.0,57783.0,484.596505
2024-10-28 04:00:00,487.65,488.49,480.48,481.04,2302255.0,55095.0,482.814507
2024-10-29 04:00:00,481.92,487.56,479.33,485.39,2089505.0,59419.0,484.864042
2024-10-30 04:00:00,482.24,492.2,482.24,486.68,2728573.0,61495.0,487.807754
2024-10-31 04:00:00,486.0,486.05,477.38,478.08,2978688.0,73007.0,479.353916
2024-11-01 04:00:00,475.41,485.16,475.05,482.8,2852008.0,65914.0,482.36709
2024-11-04 05:00:00,479.03,483.76,477.37,481.35,1955249.0,55888.0,481.458182
2024-11-05 05:00:00,483.09,486.659,480.47,486.42,1588149.0,45899.0,485.066605
2024-11-06 05:00:00,492.93,506.21,492.93,504.83,2969855.0,88098.0,502.960251
2024-11-07 05:00:00,510.655,510.655,495.3,500.92,2640295.0,80956.0,500.376414
2024-11-08 05:00:00,503.83,505.0,493.69,494.68,2856859.0,68689.0,495.652643
2024-11-11 05:00:00,493.6,507.72,493.6,504.48,3536599.0,69400.0,502.839681
2024-11-12 05:00:00,504.39,528.91,504.27,526.42,4125288.0,123685.0,523.889143
2024-11-13 05:00:00,523.79,539.92,520.59,532.5,3470174.0,100165.0,532.508832
2024-11-14 05:00:00,530.55,534.6399,523.46,529.87,3098800.0,73549.0,530.367581
2024-11-15 05:00:00,520.3,524.4999,498.81,503.37,4612417.0,108308.0,505.406239
2024-11-18 05:00:00,505.0,505.51,497.69,499.51,2259705.0,63045.0,500.052958
2024-11-19 05:00:00,496.0,502.41,495.46,499.61,1961731.0,60081.0,499.750194
2024-11-20 05:00:00,505.41,506.36,494.61,499.5,1873980.0,55325.0,498.449048
2024-11-21 05:00:00,502.1,508.57,493.1,504.44,2002094.0,65925.0,502.835034
2024-11-22 05:00:00,502.5,513.37,502.5,512.15,2287614.0,64280.0,510.966783
2024-11-25 05:00:00,519.09,523.2099,513.1935,518.73,3319992.0,69831.0,518.20173
2024-11-26 05:00:00,519.95,525.76,516.3601,525.3,2415735.0,58984.0,522.864637
2024-11-27 05:00:00,523.21,525.88,508.7161,513.68,2324217.0,63465.0,514.681133
2024-11-29 05:00:00,517.65,517.65,513.58,515.93,1450247.0,33160.0,515.917836
2024-12-02 05:00:00,512.85,518.77,511.53,516.2,2007213.0,56049.0,515.593538
2024-12-03 05:00:00,511.04,516.78,504.505,516.26,2119254.0,59619.0,512.658605
2024-12-04 05:00:00,523.02,541.77,521.005,536.49,3307041.0,90224.0,536.010792
2024-12-05 05:00:00,534.42,540.11,529.79,538.22,2629119.0,70935.0,536.944944
2024-12-06 05:00:00,544.15,554.37,542.9,552.96,2964064.0,85241.0,551.580231
2024-12-09 05:00:00,556.1,557.8999,546.1101,547.93,3588653.0,95813.0,550.257458
2024-12-10 05:00:00,547.35,552.83,544.22,547.05,2762875.0,74923.0,548.21365
2024-12-11 05:00:00,547.05,552.3,541.74,549.93,6690565.0,173173.0,548.464828
2024-12-12 05:00:00,487.5,494.0,470.9001,474.63,17344864.0,410042.0,479.910596
2024-12-13 05:00:00,473.98,474.91,456.8,465.69,11395512.0,240481.0,463.503164
2024-12-16 05:00:00,467.19,473.62,461.2,461.53,5807021.0,134163.0,465.462834
2024-12-17 05:00:00,460.59,465.856,452.48,455.23,7514489.0,141237.0,456.822999
2024-12-18 05:00:00,453.24,455.25,441.1,441.31,6511105.0,133480.0,447.881341
2024-12-19 05:00:00,443.41,449.0,437.11,437.39,6479517.0,120211.0,442.287918
2024-12-20 05:00:00,433.015,451.42,432.47,447.17,8220033.0,103029.0,444.362309
2024-12-23 05:00:00,447.0,451.4299,443.4201,446.74,3781194.0,83373.0,446.59933
2024-12-24 05:00:00,446.5,448.8653,442.5701,447.94,1685003.0,42194.0,446.500211
2024-12-26 05:00:00,445.85,452.34,444.68,450.16,2134310.0,58928.0,450.00253
2024-12-27 05:00:00,446.88,449.91,441.105,446.48,2947179.0,80661.0,445.143411
2024-12-30 05:00:00,442.94,447.6,438.57,445.8,3473172.0,78214.0,444.504759
2024-12-31 05:00:00,446.35,448.4999,442.81,444.68,2285132.0,61790.0,445.030663
2025-01-02 05:00:00,447.76,450.12,440.56,441.0,2507887.0,77524.0,444.215642
2025-01-03 05:00:00,429.445,433.2982,425.32,430.57,5619372.0,138684.0,430.053787
2025-01-06 05:00:00,431.88,436.4082,427.79,431.18,3994400.0,107360.0,431.619854
2025-01-07 05:00:00,431.37,435.18,420.51,422.63,4181405.0,111888.0,425.876988
2025-01-08 05:00:00,417.34,422.66,415.51,419.58,3508786.0,86089.0,419.786961
2025-01-10 05:00:00,410.0,413.1,405.32,405.92,5564262.0,135234.0,408.298053
2025-01-13 05:00:00,404.27,409.96,403.75,408.5,4558780.0,94158.0,407.786921
2025-01-14 05:00:00,407.25,412.75,405.0701,412.71,3577116.0,81611.0,409.060138
2025-01-15 05:00:00,421.7,423.97,415.66,417.28,4345781.0,92628.0,419.086932
2025-01-16 05:00:00,418.21,428.89,418.0,426.93,4185552.0,92855.0,426.108023
2025-01-17 05:00:00,434.345,435.99,425.7,429.99,4012745.0,89544.0,430.771637
2025-01-21 05:00:00,433.26,439.98,431.5,436.36,3833294.0,86287.0,436.35509
2025-01-22 05:00:00,438.0,439.73,433.43,437.32,3391642.0,76630.0,437.356517
2025-01-23 05:00:00,435.88,437.73,432.49,437.28,2716742.0,68259.0,435.599551
2025-01-24 05:00:00,437.28,441.8799,434.73,435.38,2631804.0,60817.0,436.701368
2025-01-27 05:00:00,430.23,445.4499,430.12,438.6,5086254.0,117810.0,438.87959
2025-01-28 05:00:00,436.27,445.805,431.64,442.84,5376392.0,98688.0,442.264284
2025-01-29 05:00:00,439.92,444.36,438.825,441.68,2997604.0,70896.0,441.219176
2025-01-30 05:00:00,439.67,448.42,439.23,446.0,3290128.0,78464.0,445.800854
2025-01-31 05:00:00,446.975,447.0095,435.83,437.45,4689083.0,99505.0,439.030009
2025-02-03 05:00:00,437.8,442.74,430.88,438.6,3346737.0,90896.0,438.507742
2025-02-04 05:00:00,435.43,443.58,434.26,440.23,2640200.0,63006.0,440.432939
2025-02-05 05:00:00,440.75,444.95,436.27,437.63,2938540.0,70993.0,438.324525
2025-02-06 05:00:00,437.63,439.96,434.35,435.4,2568120.0,58409.0,436.479461
2025-02-07 05:00:00,436.24,441.0,432.41,433.07,2680176.0,62867.0,435.254942
2025-02-10 05:00:00,439.25,453.37,439.0,451.1,3943326.0,90493.0,450.485985
2025-02-11 05:00:00,449.0,461.549,448.29,458.82,3256999.0,84375.0,458.18799
2025-02-12 05:00:00,458.0,463.0,451.3,462.76,3308534.0,76193.0,460.007915
2025-02-13 05:00:00,465.21,465.6999,457.03,459.22,2794395.0,71690.0,459.87415
2025-02-14 05:00:00,463.35,464.99,458.0,460.16,2622973.0,65455.0,460.461496
2025-02-18 05:00:00,462.65,464.33,453.07,464.11,2973775.0,79761.0,460.641861
2025-02-19 05:00:00,463.61,463.61,455.32,456.99,2962638.0,65678.0,457.366604
2025-02-20 05:00:00,457.44,461.0,451.57,454.69,2337598.0,65546.0,454.667869
2025-02-21 05:00:00,453.275,453.75,440.69,444.32,3375996.0,82316.0,446.16906
2025-02-24 05:00:00,445.11,446.28,440.91,444.42,2807937.0,60599.0,444.235754
2025-02-25 05:00:00,443.47,447.49,439.1738,443.41,2612652.0,67445.0,443.165064
2025-02-26 05:00:00,443.8,447.65,438.4,441.5,1947626.0,56086.0,442.391738
2025-02-27 05:00:00,441.79,444.57,436.82,437.19,2340232.0,61263.0,439.425388
2025-02-28 05:00:00,438.16,440.37,432.103,438.56,3936914.0,65927.0,437.268588
2025-03-03 05:00:00,440.65,448.09,438.21,440.72,2607694.0,68990.0,442.335842
2025-03-04 05:00:00,439.25,448.8159,434.7,446.03,2942168.0,80171.0,442.76817
2025-03-05 05:00:00,443.65,453.26,443.11,451.24,2406219.0,57236.0,449.741576
2025-03-06 05:00:00,444.73,452.19,441.1861,444.78,2732076.0,75926.0,445.622702
2025-03-07 05:00:00,442.0,452.51,440.99,449.4,3039466.0,73499.0,448.212753
2025-03-10 04:00:00,443.105,444.54,433.23,435.08,4001634.0,106615.0,437.443867
2025-03-11 04:00:00,432.88,441.33,431.0,433.66,3145227.0,85439.0,436.144032
2025-03-12 04:00:00,436.69,443.9,435.5,438.6,5515858.0,130173.0,438.571347
2025-03-13 04:00:00,405.27,405.77,374.5,377.84,14386637.0,324185.0,384.884841
2025-03-14 04:00:00,379.745,396.36,377.8,394.74,6134775.0,139569.0,390.149583
2025-03-17 04:00:00,394.115,399.94,387.13,399.34,4258533.0,99030.0,395.163922
2025-03-18 04:00:00,395.36,395.95,384.57,391.37,4297269.0,89448.0,389.557903
2025-03-19 04:00:00,394.1,395.26,387.0,387.89,4349931.0,88852.0,389.751654
2025-03-20 04:00:00,386.895,397.82,385.8025,389.61,4009500.0,87894.0,391.804856
2025-03-21 04:00:00,384.13,389.85,382.45,387.26,7607266.0,85623.0,386.638698
2025-03-24 04:00:00,392.47,396.86,391.3801,394.47,5223006.0,79703.0,394.250607
2025-03-25 04:00:00,393.57,404.32,392.99,403.64,3648552.0,83692.0,401.853219
2025-03-26 04:00:00,403.0,404.5,397.01,397.81,3426315.0,68285.0,398.786476
2025-03-27 04:00:00,397.44,401.4763,392.51,396.15,2729696.0,64873.0,397.173505
2025-03-28 04:00:00,393.89,396.92,384.755,385.71,3830307.0,87093.0,387.553367
2025-03-31 04:00:00,380.0,384.8,374.67,383.53,3960737.0,87499.0,381.425916
2025-04-01 04:00:00,381.13,384.0,375.53,383.2,3847766.0,86316.0,380.670312
2025-04-02 04:00:00,378.28,388.0,376.54,385.78,2859064.0,70586.0,384.210289
2025-04-03 04:00:00,371.875,376.01,366.29,367.25,5324420.0,131994.0,369.404467
2025-04-04 04:00:00,359.0,361.73,348.8,349.07,5867559.0,139638.0,354.087473
2025-04-07 04:00:00,335.54,358.36,332.01,340.7,7690909.0,162747.0,340.667433
2025-04-08 04:00:00,350.1,350.74,333.83,340.0,6650333.0,131461.0,340.69508
2025-04-09 04:00:00,338.74,365.72,333.43,364.64,7184872.0,136127.0,353.702703
2025-04-10 04:00:00,360.97,362.5,341.52,350.05,5694976.0,119825.0,350.41411
2025-04-11 04:00:00,351.44,353.1,342.35,352.47,3941817.0,84911.0,349.448542
2025-04-14 04:00:00,359.51,362.05,348.5,350.91,3285950.0,80996.0,353.309747
2025-04-15 04:00:00,351.05,356.49,349.185,350.38,3030407.0,77995.0,351.600714
2025-04-16 04:00:00,345.0,350.38,341.3101,344.19,3687874.0,84450.0,345.325111
2025-04-17 04:00:00,349.75,351.875,345.09,348.8,5229675.0,93913.0,349.290384
2025-04-21 04:00:00,344.565,346.68,338.64,343.22,3691241.0,89566.0,341.923151
2025-04-22 04:00:00,349.14,352.08,344.3687,349.91,3250424.0,77265.0,348.888745
2025-04-23 04:00:00,358.12,363.0,349.8,351.96,3167958.0,75593.0,354.216517
2025-04-24 04:00:00,353.59,361.12,353.245,360.91,3085149.0,73365.0,358.996494
2025-04-25 04:00:00,361.695,369.31,359.99,367.72,3499345.0,85633.0,366.281781
2025-04-28 04:00:00,368.05,370.99,364.58,368.62,3163425.0,76146.0,368.1322
2025-04-29 04:00:00,367.21,373.88,366.88,370.98,2198291.0,60085.0,371.349861
2025-04-30 04:00:00,366.87,376.0,363.56,374.98,3305481.0,70551.0,372.917224
2025-05-01 04:00:00,378.3,380.44,374.07,374.63,2848778.0,69143.0,376.563597
2025-05-02 04:00:00,380.09,383.5615,379.19,380.87,2340739.0,66208.0,381.175016
2025-05-05 04:00:00,379.29,384.54,378.4,381.06,2095559.0,62171.0,382.154939
2025-05-06 04:00:00,376.565,386.52,375.05,382.98,2970086.0,62445.0,383.437346
2025-05-07 04:00:00,384.7,387.83,380.945,384.97,2153771.0,62040.0,384.474848
2025-05-08 04:00:00,388.3,388.731,383.4,383.99,3383867.0,84346.0,385.756737
2025-05-09 04:00:00,386.18,388.77,382.33,383.28,2031324.0,57331.0,384.828897
2025-05-12 04:00:00,394.33,397.82,392.755,395.94,3157670.0,85853.0,395.233187
2025-05-13 04:00:00,395.9,399.67,394.71,397.4,2664142.0,77261.0,397.781125
2025-05-14 04:00:00,396.85,400.12,396.42,399.47,2409217.0,73475.0,398.897651
2025-05-15 04:00:00,399.35,404.85,399.35,404.69,2763813.0,81337.0,403.32727
2025-05-16 04:00:00,414.62,421.765,412.06,417.125,5391532.0,127586.0,416.825421
2025-05-19 04:00:00,413.53,421.27,413.1993,420.68,3007984.0,84089.0,419.333253
2025-05-20 04:00:00,417.87,419.13,414.29,417.61,2453377.0,69044.0,416.647539
2025-05-21 04:00:00,414.855,422.95,412.59,414.03,2495783.0,74146.0,416.699059
2025-05-22 04:00:00,412.51,417.8984,412.51,414.33,1889487.0,61289.0,414.949777
2025-05-23 04:00:00,409.11,411.45,407.15,407.69,2087674.0,64542.0,408.601271
2025-05-27 04:00:00,412.76,414.95,411.6,413.1,2680356.0,76756.0,413.314394
2025-05-28 04:00:00,413.81,416.37,411.42,412.23,2246508.0,61673.0,412.683048
2025-05-29 04:00:00,414.0,415.4203,410.47,413.36,1781393.0,57599.0,413.132464
2025-05-30 04:00:00,414.14,417.86,411.53,415.09,4231334.0,70941.0,415.067181
2025-06-02 04:00:00,408.88,410.0,396.73,403.4,4153688.0,113612.0,402.393387
2025-06-03 04:00:00,403.455,412.64,402.476,412.49,2737513.0,78352.0,410.027452
2025-06-04 04:00:00,411.54,415.94,410.08,413.91,1843425.0,63504.0,414.021449
2025-06-05 04:00:00,415.0,421.48,413.98,415.2,2276924.0,71606.0,417.302305
2025-06-06 04:00:00,417.54,419.645,415.28,416.92,2146908.0,65037.0,416.941875
2025-06-09 04:00:00,417.295,419.0,415.15,416.26,3034210.0,99049.0,417.017762
2025-06-10 04:00:00,416.605,419.82,414.42,416.06,2627431.0,82112.0,416.510799
2025-06-11 04:00:00,415.2,416.0432,410.42,412.84,3385416.0,95789.0,413.667487
2025-06-12 04:00:00,411.43,416.39,410.77,413.68,6313316.0,172431.0,414.100837
2025-06-13 04:00:00,392.5,399.85,383.75,391.68,10629682.0,259098.0,389.868096
2025-06-16 04:00:00,392.985,405.0,391.11,401.73,6798251.0,167090.0,399.007658
2025-06-17 04:00:00,397.275,399.67,381.8,382.68,6866253.0,195663.0,386.695995
2025-06-18 04:00:00,383.985,385.2729,377.54,378.04,4808869.0,125312.0,380.45722
2025-06-20 04:00:00,380.48,382.29,373.76,376.92,8126939.0,116228.0,377.156707
2025-06-23 04:00:00,377.59,380.21,374.24,380.12,3841754.0,96434.0,378.442401
2025-06-24 04:00:00,384.96,385.0,378.51,382.34,4797074.0,118140.0,381.673358
2025-06-25 04:00:00,383.6,388.05,382.0,387.55,3718763.0,87648.0,386.482503
2025-06-26 04:00:00,387.2,389.985,382.87,384.95,3139666.0,84419.0,385.493877
2025-06-27 04:00:00,385.44,390.31,384.405,385.83,5083803.0,101720.0,386.840364
2025-06-30 04:00:00,387.3,390.98,384.63,386.88,4645498.0,100355.0,387.135643
2025-07-01 04:00:00,385.1,392.58,381.5172,392.1,4516381.0,114151.0,389.385803
2025-07-02 04:00:00,384.64,386.88,372.73,378.47,6912202.0,190292.0,376.593178
2025-07-03 04:00:00,378.0,383.2,377.8,379.31,2863680.0,72748.0,380.451159
2025-07-07 04:00:00,378.9,382.22,375.52,376.93,3545108.0,99925.0,377.864269
2025-07-08 04:00:00,378.5,386.6011,377.18,382.24,3708199.0,90366.0,382.150306
2025-07-09 04:00:00,383.5,384.7451,370.91,373.38,4726562.0,116634.0,374.612908
2025-07-10 04:00:00,371.99,373.5,365.51,371.43,4023925.0,102484.0,370.890385
2025-07-11 04:00:00,368.0,371.15,362.7,363.35,3548721.0,98011.0,365.313146
2025-07-14 04:00:00,363.185,367.68,360.18,366.99,2898705.0,80281.0,365.319113
2025-07-15 04:00:00,367.0,368.32,363.88,364.18,2550992.0,78381.0,365.190736
2025-07-16 04:00:00,364.585,365.5524,358.71,361.77,3592503.0,96727.0,361.735113
2025-07-17 04:00:00,360.6,366.96,359.28,366.45,3340455.0,90203.0,364.32918
2025-07-18 04:00:00,367.065,367.79,364.0,365.79,2459217.0,66315.0,365.743033
2025-07-21 04:00:00,366.49,368.28,363.13,367.68,2770433.0,80294.0,366.678406
2025-07-22 04:00:00,368.0,374.5,368.0,372.87,2448998.0,76285.0,372.204419
2025-07-23 04:00:00,373.49,373.99,369.26,372.46,1994599.0,64438.0,372.251771
2025-07-24 04:00:00,371.9,375.9974,370.61,371.69,2692132.0,70305.0,372.28192
2025-07-25 04:00:00,372.31,372.405,369.51,370.74,2053161.0,62689.0,370.968302
2025-07-28 04:00:00,371.03,372.59,368.72,369.47,2984225.0,79812.0,369.903915
2025-07-29 04:00:00,370.45,376.16,369.7101,370.7,4234200.0,94966.0,372.269182
2025-07-30 04:00:00,370.68,370.72,363.48,364.0,3295075.0,81595.0,366.564772
2025-07-31 04:00:00,362.26,362.5,354.27,357.69,4513089.0,117384.0,358.328237
2025-08-01 04:00:00,355.95,356.29,347.46,347.8,4307890.0,119503.0,350.128002
2025-08-04 04:00:00,351.16,351.21,338.04,338.85,6449344.0,156197.0,340.991577
2025-08-05 04:00:00,339.305,342.735,337.35,338.74,3908970.0,107354.0,339.659472
2025-08-06 04:00:00,341.65,345.66,339.19,345.62,3347165.0,86909.0,343.205661
2025-08-07 04:00:00,344.04,347.38,332.65,338.27,4661824.0,131706.0,337.895999
2025-08-08 04:00:00,338.675,341.5684,336.37,341.05,3507764.0,91644.0,339.464771
2025-08-11 04:00:00,334.53,343.4035,332.465,333.65,4366242.0,117602.0,336.355663
2025-08-12 04:00:00,333.52,338.76,330.04,338.43,3572414.0,96860.0,336.254028
2025-08-13 04:00:00,339.54,351.76,337.55,351.07,4375105.0,107863.0,347.543951
2025-08-14 04:00:00,349.5,351.5599,346.1,348.58,3745646.0,85292.0,349.144797
2025-08-15 04:00:00,348.33,357.29,348.0,354.85,3718652.0,96645.0,354.65882
2025-08-18 04:00:00,355.68,358.39,353.0,357.24,2922973.0,74938.0,356.650836
2025-08-19 04:00:00,359.215,364.24,358.12,361.03,2808040.0,85157.0,360.524678
2025-08-20 04:00:00,361.68,363.0,353.2,353.43,3727897.0,97821.0,356.205162
2025-08-21 04:00:00,349.91,353.82,347.0,353.43,2363230.0,67387.0,351.768179
2025-08-22 04:00:00,355.8,362.65,354.0,362.09,3058636.0,79143.0,360.695413
2025-08-25 04:00:00,362.56,364.65,361.4,363.21,2259516.0,68513.0,363.29849
2025-08-26 04:00:00,363.03,363.23,353.695,354.91,4067395.0,81191.0,355.826655
2025-08-27 04:00:00,355.98,360.37,355.16,356.35,2353776.0,73477.0,356.774373
2025-08-28 04:00:00,357.63,358.26,349.11,353.96,3803095.0,104998.0,353.217111
2025-08-29 04:00:00,353.995,357.25,352.455,356.73,2281125.0,75279.0,355.429449
2025-09-02 04:00:00,350.24,352.7131,341.28,345.63,4229423.0,127355.0,345.407599
2025-09-03 04:00:00,345.72,348.51,343.36,348.5,3035328.0,88374.0,346.637911
2025-09-04 04:00:00,342.24,344.405,331.5,344.31,4918293.0,129109.0,340.848074
2025-09-05 04:00:00,345.805,354.67,345.1013,348.97,4660847.0,125433.0,348.762871
2025-09-08 04:00:00,348.855,358.82,343.59,358.66,5043305.0,115566.0,354.818771
2025-09-09 04:00:00,362.75,362.75,353.03,354.06,4324857.0,120990.0,355.778737
2025-09-10 04:00:00,356.29,359.19,348.12,350.16,4552514.0,133391.0,351.462185
2025-09-11 04:00:00,354.685,355.25,347.16,350.55,11799780.0,270355.0,350.501072
2025-09-12 04:00:00,361.1,366.5,341.61,349.36,14146624.0,305194.0,349.723767
2025-09-15 04:00:00,350.5,358.0,345.05,347.1,6768570.0,177409.0,349.75133
2025-09-16 04:00:00,350.155,356.94,348.3173,352.73,6696990.0,153071.0,352.405525
2025-09-17 04:00:00,353.18,365.0,353.18,362.07,6449922.0,156192.0,361.31623
2025-09-18 04:00:00,366.86,370.86,365.85,367.46,4752376.0,141231.0,367.818104
2025-09-19 04:00:00,368.94,370.31,362.54,365.9,7693030.0,110053.0,365.963078
2025-09-22 04:00:00,364.16,365.38,359.36,364.08,4709584.0,106089.0,363.168302
2025-09-23 04:00:00,364.175,368.73,361.295,361.78,3831134.0,94712.0,363.709971
2025-09-24 04:00:00,355.595,355.595,347.8,353.27,6140007.0,141308.0,351.282339
2025-09-25 04:00:00,351.91,357.0,351.5,354.16,3336731.0,93963.0,353.827948
2025-09-26 04:00:00,353.71,360.715,352.775,360.37,3072990.0,83303.0,357.944095
2025-09-29 04:00:00,362.04,363.17,358.8,359.42,4075860.0,90585.0,360.476751
2025-09-30 04:00:00,360.54,362.0,349.9024,352.75,5360695.0,124014.0,353.562841
2025-10-01 04:00:00,347.16,349.8299,340.05,343.72,6505709.0,168335.0,343.242973
2025-10-02 04:00:00,343.76,351.73,342.42,351.48,3955434.0,108640.0,348.918631
2025-10-03 04:00:00,352.0,352.5926,346.305,346.74,3122111.0,94752.0,348.737841
2025-10-06 04:00:00,346.93,357.34,342.04,350.14,5340202.0,119305.0,349.696328
2025-10-07 04:00:00,352.59,353.33,344.24,348.31,3275506.0,101991.0,348.08307
2025-10-08 04:00:00,350.0,354.05,347.52,348.77,3285027.0,90522.0,349.594749
2025-10-09 04:00:00,349.77,350.6,344.3,347.47,2895504.0,79701.0,347.485255
2025-10-10 04:00:00,347.91,348.72,336.94,337.51,4282397.0,134770.0,339.629076
2025-10-13 04:00:00,339.25,340.2765,335.61,339.32,3020060.0,91557.0,338.224714
2025-10-14 04:00:00,335.22,338.82,332.72,335.94,3036889.0,95186.0,336.139915
2025-10-15 04:00:00,335.42,335.6,329.205,330.63,3929948.0,123808.0,332.086279
2025-10-16 04:00:00,333.86,336.65,327.5,329.23,4570870.0,119998.0,331.608914
2025-10-17 04:00:00,327.745,335.1,327.7,333.26,4035035.0,100579.0,331.881937
2025-10-20 04:00:00,334.64,344.2,334.25,343.4,3903166.0,94267.0,341.394524
2025-10-21 04:00:00,343.59,358.37,343.32,357.55,4389672.0,124868.0,354.611278
2025-10-22 04:00:00,355.48,360.19,352.8701,354.09,3436003.0,100427.0,355.936873
2025-10-23 04:00:00,352.51,354.35,348.71,354.12,2408077.0,70372.0,352.058658
2025-10-24 04:00:00,357.21,358.1,353.29,353.52,2016850.0,65934.0,354.486044
2025-10-27 04:00:00,355.57,358.56,352.4135,357.8,2828152.0,80441.0,356.310168
2025-10-28 04:00:00,360.0,363.7,357.8,359.91,3005594.0,91136.0,360.673075
2025-10-29 04:00:00,355.515,355.515,337.05,337.86,6746464.0,185515.0,341.492098
2025-10-30 04:00:00,338.2,344.6951,333.1,339.24,4373224.0,113385.0,340.260299
2025-10-31 04:00:00,338.7,341.26,336.8,340.31,3763381.0,95193.0,339.310687
2025-11-03 05:00:00,340.31,342.46,332.88,337.47,3916593.0,118098.0,336.790477
2025-11-04 05:00:00,335.02,340.55,332.81,335.35,3694266.0,111962.0,335.815792
2025-11-05 05:00:00,332.61,336.84,331.24,335.53,2646694.0,92263.0,334.078296
2025-11-06 05:00:00,333.0,333.2,324.55,327.35,3888696.0,128505.0,327.649418
2025-11-07 05:00:00,325.83,331.01,323.0329,326.95,4112574.0,117846.0,326.091214
2025-11-10 05:00:00,328.0,329.9576,325.0,328.85,3086999.0,94796.0,327.662812
2025-11-11 05:00:00,329.5,334.0,329.13,333.22,2827150.0,78362.0,332.549462
2025-11-12 05:00:00,333.61,338.4,333.1752,337.05,2990154.0,95118.0,336.582954
2025-11-13 05:00:00,335.01,340.0,332.795,333.6,3084558.0,94012.0,335.396876
2025-11-14 05:00:00,332.91,333.75,328.59,331.11,2761396.0,82799.0,331.224944
2025-11-17 05:00:00,331.105,332.38,324.43,325.07,3299999.0,98736.0,327.276893
2025-11-18 05:00:00,323.78,326.64,320.8,324.47,3286395.0,99761.0,324.442527
2025-11-19 05:00:00,323.175,323.36,315.175,318.11,3738436.0,135507.0,318.395322
2025-11-20 05:00:00,318.87,323.1847,312.09,312.4,3884778.0,121696.0,315.511698
2025-11-21 05:00:00,313.565,327.75,311.585,324.19,4825412.0,156526.0,321.021439
2025-11-24 05:00:00,325.0,325.77,318.34,318.73,5414378.0,108402.0,320.207998
2025-11-25 05:00:00,317.77,321.52,315.57,319.55,3765001.0,106252.0,319.340017
2025-11-26 05:00:00,319.2,321.67,316.1,317.52,3024994.0,98217.0,317.994286
2025-11-28 05:00:00,317.8,322.31,317.52,320.13,1802225.0,55720.0,320.540241
2025-12-01 05:00:00,316.39,326.14,316.11,322.85,3651321.0,111775.0,323.379989
2025-12-02 05:00:00,321.62,325.96,318.08,322.81,3959502.0,111057.0,322.823915
2025-12-03 05:00:00,321.98,326.99,320.63,326.78,3082184.0,91530.0,325.118908
2025-12-04 05:00:00,328.57,330.89,324.12,328.73,3592313.0,115425.0,327.42962
2025-12-05 05:00:00,330.6,348.59,329.71,346.26,7650368.0,211561.0,344.646078
2025-12-08 05:00:00,347.445,348.4799,338.06,339.12,4293603.0,139770.0,341.467484
2025-12-09 05:00:00,341.4,347.775,338.48,344.32,4267653.0,134856.0,344.422397
2025-12-10 05:00:00,342.125,347.92,340.565,343.13,6789914.0,200810.0,344.034306
2025-12-11 05:00:00,341.645,357.0,333.79,350.43,10158661.0,255205.0,349.465698
2025-12-12 05:00:00,351.54,362.71,349.0901,356.43,5483921.0,174860.0,357.847565
2025-12-15 05:00:00,352.6,355.0,343.88,351.15,5480102.0,146738.0,349.989737
2025-12-16 05:00:00,350.0,355.86,345.4301,347.89,4118161.0,117034.0,349.341204
2025-12-17 05:00:00,347.89,357.8,347.8025,354.66,4371591.0,119332.0,354.376925
2025-12-18 05:00:00,355.87,358.34,351.3636,355.81,3352747.0,103498.0,354.966496
2025-12-19 05:00:00,355.525,357.55,351.59,355.86,8706340.0,104060.0,355.441152
2025-12-22 05:00:00,355.59,359.5706,354.7,357.53,2960799.0,83711.0,357.651155
2025-12-23 05:00:00,357.47,359.6699,350.58,352.42,3052537.0,90439.0,353.094335
2025-12-24 05:00:00,352.21,354.75,351.11,352.98,1166487.0,41030.0,353.3725
2025-12-26 05:00:00,352.5,356.23,352.2819,353.8,1455122.0,58140.0,353.615301
2025-12-29 05:00:00,353.37,356.68,351.16,353.16,2794007.0,79125.0,353.040946
2025-12-30 05:00:00,352.03,355.2699,350.009,352.51,2252633.0,71835.0,353.208352
2025-12-31 05:00:00,351.01,352.88,349.69,349.99,2116207.0,69540.0,350.514543
