timestamp,open,high,low,close,volume,trade_count,vwap
2020-06-01 04:00:00,70.39,71.36,70.37,71.05,26547380.0,33486.0,70.96
2020-06-02 04:00:00,70.99,71.44,70.41,71.42,28116720.0,39727.0,71.04
2020-06-03 04:00:00,71.38,71.78,70.95,71.28,28501560.0,41344.0,71.29
2020-06-04 04:00:00,70.98,71.41,69.71,70.08,31958540.0,50923.0,70.41
2020-06-05 04:00:00,70.13,71.71,69.77,71.38,38308880.0,60106.0,71.17
2020-06-08 04:00:00,70.58,71.86,70.58,71.79,32490980.0,43059.0,71.39
2020-06-09 04:00:00,71.73,72.85,71.62,72.26,31590960.0,46792.0,72.3
2020-06-10 04:00:00,72.43,73.16,72.27,72.74,33296480.0,54562.0,72.72
2020-06-11 04:00:00,71.58,72.18,69.57,69.67,44375780.0,68827.0,70.48
2020-06-12 04:00:00,70.89,71.31,68.78,70.13,42469000.0,60529.0,70.08
2020-06-15 04:00:00,69.02,70.71,68.88,70.46,32487160.0,55210.0,69.93
2020-06-16 04:00:00,71.72,72.2,70.76,71.59,37295600.0,58624.0,71.59
2020-06-17 04:00:00,71.81,72.45,71.03,72.01,33384480.0,48800.0,71.89
2020-06-18 04:00:00,71.91,72.03,70.81,71.26,34322520.0,55107.0,71.29
2020-06-19 04:00:00,71.66,71.85,70.53,71.05,83646000.0,65158.0,71.2
2020-06-22 04:00:00,70.77,72.09,70.63,72.05,34746920.0,44844.0,71.71
2020-06-23 04:00:00,72.24,73.24,71.72,72.67,31737820.0,43783.0,72.63
2020-06-24 04:00:00,72.53,73.22,70.95,71.06,38084720.0,54445.0,71.56
2020-06-25 04:00:00,70.96,71.6,70.47,71.53,26609520.0,37389.0,71.17
2020-06-26 04:00:00,71.03,71.13,67.09,67.48,93000080.0,119420.0,68.5
2020-06-29 04:00:00,67.4,69.26,66.85,69.23,39461180.0,62603.0,68.56
2020-06-30 04:00:00,69.0,70.4,68.68,70.15,46616900.0,62236.0,69.66
2020-07-01 04:00:00,70.03,71.61,69.96,71.36,37864380.0,63634.0,71.05
2020-07-02 04:00:00,71.8,73.59,71.78,72.69,40032240.0,66406.0,72.66
2020-07-06 04:00:00,73.45,74.76,73.09,74.22,33998080.0,56190.0,74.07
2020-07-07 04:00:00,73.94,75.27,73.62,73.7,31383420.0,49012.0,74.36
2020-07-08 04:00:00,74.16,74.73,73.72,74.24,28509240.0,41008.0,74.24
2020-07-09 04:00:00,74.76,75.56,73.85,74.98,30851380.0,51059.0,74.84
2020-07-10 04:00:00,74.74,76.61,74.27,76.51,39354140.0,72706.0,75.69
2020-07-13 04:00:00,76.92,78.26,74.7,75.0,40109580.0,63135.0,76.51
2020-07-14 04:00:00,73.96,75.58,73.62,75.46,34564600.0,59672.0,74.78
2020-07-15 04:00:00,75.58,76.19,74.34,75.11,34837180.0,51890.0,75.21
2020-07-16 04:00:00,74.44,75.36,73.76,75.33,32838940.0,49496.0,74.81
2020-07-17 04:00:00,75.51,75.6,74.36,75.21,31735320.0,48649.0,75.06
2020-07-20 04:00:00,75.19,77.93,74.62,77.7,33660560.0,50098.0,76.99
2020-07-21 04:00:00,78.75,78.75,77.13,77.34,26381520.0,42145.0,77.8
2020-07-22 04:00:00,77.44,77.91,76.72,77.84,20491200.0,29636.0,77.49
2020-07-23 04:00:00,77.76,78.0,74.8,75.22,35275940.0,56432.0,75.93
2020-07-24 04:00:00,74.38,75.31,73.86,75.03,32566180.0,55791.0,74.71
2020-07-27 04:00:00,75.21,76.47,75.19,75.94,27217460.0,50317.0,75.86
2020-07-28 04:00:00,75.69,75.75,74.32,74.45,35891140.0,52527.0,75.06
2020-07-29 04:00:00,74.75,75.99,74.5,75.53,23947900.0,38863.0,75.35
2020-07-30 04:00:00,74.29,76.32,74.05,76.0,35035300.0,71811.0,75.39
2020-07-31 04:00:00,74.69,74.88,72.16,73.59,74410640.0,141519.0,73.16
2020-08-03 04:00:00,73.77,73.96,72.73,73.17,50436100.0,79473.0,73.18
2020-08-04 04:00:00,73.27,73.72,72.39,72.7,40694560.0,67654.0,72.85
2020-08-05 04:00:00,72.91,73.56,72.62,73.13,41920100.0,46217.0,73.12
2020-08-06 04:00:00,73.04,74.56,72.75,74.44,42180340.0,66383.0,73.99
2020-08-07 04:00:00,74.44,75.27,73.53,74.16,33333040.0,45719.0,74.28
2020-08-10 04:00:00,73.8,74.64,73.1,74.24,28091400.0,40062.0,73.99
2020-08-11 04:00:00,74.06,74.93,73.35,73.46,32479540.0,47915.0,73.89
2020-08-12 04:00:00,73.72,75.05,73.71,74.77,31816900.0,44673.0,74.72
2020-08-13 04:00:00,74.95,76.29,74.83,75.35,31359540.0,47709.0,75.56
2020-08-14 04:00:00,75.21,75.52,74.58,74.82,29035060.0,37876.0,74.95
2020-08-17 04:00:00,75.17,75.71,74.83,75.33,29627380.0,37595.0,75.39
2020-08-18 04:00:00,75.74,77.54,75.61,77.35,45426640.0,58346.0,76.95
2020-08-19 04:00:00,77.08,78.09,76.62,76.8,36319300.0,52582.0,77.24
2020-08-20 04:00:00,76.59,78.7,76.33,78.49,38390620.0,48874.0,78.1
2020-08-21 04:00:00,78.26,79.29,77.81,78.43,32543540.0,48405.0,78.54
2020-08-24 04:00:00,79.1,80.1,78.44,78.81,29884220.0,50611.0,78.93
2020-08-25 04:00:00,78.51,79.98,78.51,79.81,44972680.0,45683.0,79.56
2020-08-26 04:00:00,79.8,82.34,79.58,82.0,74682460.0,88491.0,81.28
2020-08-27 04:00:00,82.06,82.13,80.68,81.1,39457720.0,57984.0,81.34
2020-08-28 04:00:00,81.06,81.74,80.93,81.6,31940960.0,41640.0,81.45
2020-08-31 04:00:00,81.78,81.78,80.9,81.1,41757300.0,49071.0,81.18
2020-09-01 04:00:00,81.22,82.66,81.0,82.41,38962620.0,46238.0,82.02
2020-09-02 04:00:00,83.06,86.01,82.69,85.77,54077720.0,86512.0,84.6
2020-09-03 04:00:00,84.84,84.84,80.15,81.48,67611420.0,119412.0,81.79
2020-09-04 04:00:00,80.6,81.64,76.8,78.95,57256140.0,113471.0,78.86
2020-09-08 04:00:00,76.1,77.61,75.83,76.04,56230420.0,96454.0,76.45
2020-09-09 04:00:00,77.29,77.86,76.23,77.26,38643120.0,66136.0,77.25
2020-09-10 04:00:00,77.45,78.61,75.72,76.03,36257480.0,58780.0,76.77
2020-09-11 04:00:00,76.22,78.17,74.31,75.47,34664620.0,57668.0,75.54
2020-09-14 04:00:00,76.37,77.61,75.22,75.39,39142500.0,57060.0,75.96
2020-09-15 04:00:00,76.22,77.39,76.02,76.49,29324440.0,40413.0,76.64
2020-09-16 04:00:00,77.19,77.51,75.42,75.47,29647660.0,45045.0,76.15
2020-09-17 04:00:00,74.24,74.85,72.95,74.22,41635220.0,69906.0,74.03
2020-09-18 04:00:00,74.34,74.59,71.32,72.45,75027240.0,80242.0,73.0
2020-09-21 04:00:00,71.46,71.87,69.8,71.02,60496560.0,103650.0,70.74
2020-09-22 04:00:00,71.96,72.92,71.19,72.72,34863000.0,60294.0,72.23
2020-09-23 04:00:00,72.39,72.5,69.86,70.23,36429520.0,61428.0,70.92
2020-09-24 04:00:00,70.02,71.64,69.96,70.88,30916140.0,57242.0,70.89
2020-09-25 04:00:00,71.07,71.96,70.14,71.71,28709800.0,46754.0,71.3
2020-09-28 04:00:00,73.16,73.29,71.92,72.68,43234840.0,58020.0,72.64
2020-09-29 04:00:00,72.97,73.28,72.39,72.92,21447420.0,38924.0,72.87
2020-09-30 04:00:00,72.79,73.93,72.45,72.93,40975340.0,52376.0,73.1
2020-10-01 04:00:00,73.66,74.39,73.41,73.95,39067340.0,50319.0,73.91
2020-10-02 04:00:00,72.55,73.6,72.0,72.37,28604680.0,51728.0,72.64
2020-10-05 04:00:00,72.76,73.85,72.66,73.74,24430300.0,40679.0,73.43
2020-10-06 04:00:00,73.23,73.78,71.89,72.13,27484760.0,51451.0,72.66
2020-10-07 04:00:00,72.67,72.9,71.26,72.47,37118600.0,64121.0,72.21
2020-10-08 04:00:00,72.7,73.94,72.7,73.74,25694120.0,43204.0,73.58
2020-10-09 04:00:00,74.17,75.26,73.91,75.19,31164460.0,48496.0,74.85
2020-10-12 04:00:00,76.57,79.09,76.05,77.87,54318740.0,80127.0,77.74
2020-10-13 04:00:00,78.59,78.9,77.57,77.99,36191280.0,55796.0,78.16
2020-10-14 04:00:00,78.34,78.79,76.94,77.82,42817860.0,51481.0,77.89
2020-10-15 04:00:00,76.78,78.16,76.67,77.37,34299080.0,43492.0,77.4
2020-10-16 04:00:00,77.7,78.46,77.56,78.06,32410400.0,45230.0,78.1
2020-10-19 04:00:00,78.43,78.81,75.83,76.15,36647660.0,48651.0,76.65
2020-10-20 04:00:00,75.78,78.28,75.71,77.21,49368280.0,58139.0,77.1
2020-10-21 04:00:00,78.08,80.33,77.99,79.07,56434500.0,81311.0,79.29
2020-10-22 04:00:00,79.05,80.49,78.66,80.16,31312140.0,46701.0,79.81
2020-10-23 04:00:00,80.69,81.5,80.42,81.43,29230000.0,46423.0,81.1
2020-10-26 04:00:00,80.64,81.3,78.23,78.93,41041720.0,56473.0,79.31
2020-10-27 04:00:00,79.18,79.74,78.55,79.61,26318640.0,40754.0,79.23
2020-10-28 04:00:00,77.4,77.48,75.16,75.26,40603260.0,70472.0,75.79
2020-10-29 04:00:00,75.55,79.09,75.54,77.77,43498260.0,89202.0,77.65
2020-10-30 04:00:00,82.98,83.72,79.62,80.44,91873740.0,144197.0,81.22
2020-11-02 05:00:00,80.8,82.42,80.2,80.69,54295340.0,81310.0,81.12
2020-11-03 05:00:00,80.98,82.46,80.22,81.89,36592320.0,54607.0,81.83
2020-11-04 05:00:00,84.87,87.9,84.66,86.8,75649740.0,127145.0,86.54
2020-11-05 05:00:00,88.38,89.01,86.87,87.51,43919020.0,66358.0,87.87
2020-11-06 05:00:00,87.04,87.96,86.36,87.43,35848680.0,48750.0,87.28
2020-11-09 05:00:00,88.87,90.22,87.34,87.49,49364880.0,77215.0,88.46
2020-11-10 05:00:00,85.9,87.49,85.22,86.37,55581820.0,69569.0,86.3
2020-11-11 05:00:00,86.84,87.55,86.71,86.98,28112020.0,45515.0,87.04
2020-11-12 05:00:00,86.73,87.75,86.62,86.84,27541460.0,41559.0,86.98
2020-11-13 05:00:00,87.22,88.38,86.57,88.18,32910100.0,51199.0,87.78
2020-11-16 05:00:00,87.92,89.28,87.72,88.4,27995760.0,41164.0,88.43
2020-11-17 05:00:00,88.18,88.58,87.69,87.84,25461520.0,34270.0,88.0
2020-11-18 05:00:00,87.6,88.01,86.65,86.68,25898380.0,44532.0,87.1
2020-11-19 05:00:00,86.27,87.82,86.2,87.53,27289720.0,35881.0,87.21
2020-11-20 05:00:00,87.6,88.03,86.44,86.46,56139700.0,50966.0,86.8
2020-11-23 05:00:00,86.82,87.04,85.24,86.09,47109500.0,49549.0,86.05
2020-11-24 05:00:00,85.88,87.92,85.74,87.78,34939860.0,50288.0,87.18
2020-11-25 05:00:00,87.98,88.26,87.17,87.91,23683060.0,42154.0,87.88
2020-11-27 05:00:00,87.99,89.52,87.96,88.99,18960820.0,32913.0,88.86
2020-11-30 05:00:00,88.39,88.73,87.09,87.38,45122540.0,65332.0,87.45
2020-12-01 05:00:00,88.05,90.56,87.8,89.23,38073700.0,69365.0,89.19
2020-12-02 05:00:00,89.23,91.09,88.8,90.71,26403720.0,47108.0,90.35
2020-12-03 05:00:00,90.52,91.67,90.45,90.65,26963520.0,44175.0,90.85
2020-12-04 05:00:00,90.54,90.97,90.17,90.71,30224980.0,37599.0,90.67
2020-12-07 05:00:00,90.27,90.93,89.61,90.29,28590400.0,40870.0,90.23
2020-12-08 05:00:00,89.83,90.41,89.14,90.25,24473600.0,37439.0,90.03
2020-12-09 05:00:00,89.92,91.03,87.73,88.54,33727740.0,54528.0,88.99
2020-12-10 05:00:00,87.83,88.4,86.36,88.1,29593160.0,47215.0,87.9
2020-12-11 05:00:00,87.49,88.55,87.34,88.42,27784360.0,41111.0,88.12
2020-12-14 05:00:00,88.08,89.2,87.2,87.34,35779520.0,49463.0,87.79
2020-12-15 05:00:00,87.56,87.91,86.84,87.73,32816740.0,39157.0,87.52
2020-12-16 05:00:00,87.98,87.98,87.15,87.49,34125940.0,46074.0,87.48
2020-12-17 05:00:00,87.76,87.92,86.28,86.74,36558520.0,51265.0,86.95
2020-12-18 05:00:00,87.05,87.1,85.37,85.9,118881080.0,63575.0,86.0
2020-12-21 05:00:00,85.03,86.39,84.31,86.32,39922700.0,52993.0,85.77
2020-12-22 05:00:00,86.07,86.22,84.99,85.53,20700020.0,39780.0,85.58
2020-12-23 05:00:00,85.76,86.74,85.6,85.97,24744480.0,31941.0,86.02
2020-12-24 05:00:00,86.1,86.64,85.81,86.29,7554260.0,15392.0,86.15
2020-12-28 05:00:00,86.92,88.86,86.66,88.14,30966320.0,49626.0,88.08
2020-12-29 05:00:00,88.72,88.95,87.15,87.28,27536820.0,47641.0,87.57
2020-12-30 05:00:00,87.44,87.59,85.63,86.32,27856900.0,56805.0,86.42
2020-12-31 05:00:00,86.12,87.29,86.12,86.94,23525180.0,37325.0,86.81
2021-01-04 05:00:00,87.22,87.37,84.75,85.76,42936680.0,61761.0,85.84
2021-01-05 05:00:00,85.6,86.73,85.26,86.39,25240860.0,37188.0,86.22
2021-01-06 05:00:00,84.49,86.74,84.31,86.11,55337920.0,96061.0,85.84
2021-01-07 05:00:00,86.35,88.75,86.2,88.69,48870860.0,73557.0,88.16
2021-01-08 05:00:00,88.73,89.81,88.01,89.68,44215180.0,67481.0,89.05
2021-01-11 05:00:00,88.63,89.04,87.37,87.67,26500520.0,52946.0,88.04
2021-01-12 05:00:00,87.04,88.23,85.62,86.67,29026440.0,50034.0,86.74
2021-01-13 05:00:00,86.28,87.59,86.25,87.06,24238120.0,45722.0,87.04
2021-01-14 05:00:00,87.02,88.08,86.02,86.36,26365240.0,41612.0,86.72
2021-01-15 05:00:00,86.26,87.14,85.43,86.16,31311220.0,40816.0,86.35
2021-01-19 05:00:00,86.95,89.78,86.42,88.87,37688580.0,63281.0,88.34
2021-01-20 05:00:00,90.89,94.47,90.59,93.64,53205020.0,89390.0,93.1
2021-01-21 05:00:00,94.19,96.02,93.65,93.85,43714760.0,81478.0,94.55
2021-01-22 05:00:00,94.07,94.83,93.38,94.34,28608640.0,44768.0,94.43
2021-01-25 05:00:00,95.31,95.75,92.68,94.26,41990780.0,72675.0,94.17
2021-01-26 05:00:00,93.73,95.53,93.51,95.14,29025420.0,49229.0,94.93
2021-01-27 05:00:00,93.42,93.79,89.77,90.85,59450660.0,123351.0,91.39
2021-01-28 05:00:00,91.51,94.23,91.44,92.46,39632480.0,65638.0,92.7
2021-01-29 05:00:00,91.62,92.17,89.83,91.1,35931260.0,64226.0,91.17
2021-02-01 05:00:00,91.98,95.4,91.85,94.35,35353660.0,67482.0,93.88
2021-02-02 05:00:00,95.41,97.05,95.01,95.65,48465980.0,99544.0,95.89
2021-02-03 05:00:00,102.87,105.03,100.16,102.73,87767580.0,138555.0,102.98
2021-02-04 05:00:00,102.67,103.15,101.36,102.34,40171560.0,86553.0,102.21
2021-02-05 05:00:00,102.72,104.34,102.19,104.11,33803660.0,55965.0,103.58
2021-02-08 05:00:00,104.51,105.38,102.82,103.86,27618020.0,60927.0,103.86
2021-02-09 05:00:00,103.15,104.47,103.15,103.39,19622300.0,42553.0,103.67
2021-02-10 05:00:00,103.92,104.63,102.38,103.98,24857900.0,49921.0,103.8
2021-02-11 05:00:00,104.19,104.31,103.09,104.01,20507800.0,42400.0,103.77
2021-02-12 05:00:00,103.73,104.65,103.37,104.42,18884640.0,34392.0,104.21
2021-02-16 05:00:00,104.43,106.83,104.43,105.3,24926640.0,53894.0,105.58
2021-02-17 05:00:00,104.21,105.88,104.16,105.62,23709000.0,45492.0,105.31
2021-02-18 05:00:00,104.73,105.84,104.4,105.07,24605980.0,46099.0,104.99
2021-02-19 05:00:00,105.17,105.73,104.08,104.27,32677400.0,55387.0,104.78
2021-02-22 05:00:00,102.57,103.79,102.33,102.47,29876360.0,64221.0,102.81
2021-02-23 05:00:00,100.49,103.32,99.35,102.77,35319260.0,81969.0,101.51
2021-02-24 05:00:00,101.33,104.25,101.14,103.97,27410040.0,60357.0,103.29
2021-02-25 05:00:00,102.6,103.96,100.31,100.81,39267140.0,88867.0,101.42
2021-02-26 05:00:00,101.76,102.77,100.05,101.08,48857480.0,66184.0,101.31
2021-03-01 05:00:00,102.05,103.54,101.54,103.29,31101660.0,53867.0,102.77
2021-03-02 05:00:00,103.03,104.43,102.79,103.01,25003320.0,41422.0,103.27
2021-03-03 05:00:00,102.58,103.64,99.75,100.57,32708000.0,57578.0,101.16
2021-03-04 05:00:00,100.41,103.68,100.26,101.69,44833000.0,83313.0,101.73
2021-03-05 05:00:00,102.88,105.11,101.55,104.64,47118120.0,88208.0,103.78
2021-03-08 05:00:00,104.27,105.64,100.32,100.45,35728380.0,71246.0,102.36
2021-03-09 05:00:00,102.72,103.12,101.62,101.86,37787100.0,60790.0,102.28
2021-03-10 05:00:00,102.81,102.97,100.91,101.98,27487440.0,50633.0,102.03
2021-03-11 05:00:00,102.92,105.49,102.84,104.94,27120440.0,53961.0,104.62
2021-03-12 05:00:00,103.47,103.73,101.61,102.32,37320440.0,65526.0,102.39
2021-03-15 04:00:00,102.34,102.58,101.41,102.55,28537980.0,46163.0,102.15
2021-03-16 04:00:00,103.17,105.38,102.72,103.84,33283820.0,51733.0,104.09
2021-03-17 04:00:00,103.02,104.7,101.93,103.77,29272020.0,48469.0,103.34
2021-03-18 04:00:00,102.28,103.0,100.91,101.05,30307900.0,59267.0,101.69
2021-03-19 04:00:00,101.34,101.88,100.13,101.39,64391060.0,54873.0,101.39
2021-03-22 04:00:00,101.33,102.13,100.54,101.16,44111820.0,69227.0,101.31
2021-03-23 04:00:00,101.82,102.84,101.2,101.88,30307380.0,50657.0,102.04
2021-03-24 04:00:00,102.49,103.13,101.31,101.49,25699980.0,48084.0,101.95
2021-03-25 04:00:00,101.47,102.17,99.78,101.45,31484020.0,59500.0,101.29
2021-03-26 04:00:00,101.18,101.78,99.95,101.01,32551800.0,60269.0,100.84
2021-03-29 04:00:00,100.63,102.15,100.02,102.03,26642040.0,52189.0,101.46
2021-03-30 04:00:00,102.11,102.76,101.43,102.01,23341460.0,44611.0,102.05
2021-03-31 04:00:00,102.18,103.88,102.07,102.66,34896180.0,58735.0,102.81
2021-04-01 04:00:00,104.11,106.34,104.06,106.09,36074180.0,72871.0,105.37
2021-04-05 04:00:00,106.84,111.03,106.77,110.44,45747380.0,83382.0,109.71
2021-04-06 04:00:00,110.29,111.04,109.91,110.4,29064600.0,61266.0,110.4
2021-04-07 04:00:00,110.47,111.9,110.43,111.64,27400320.0,49110.0,111.38
2021-04-08 04:00:00,113.04,113.34,112.04,112.42,29614280.0,55651.0,112.48
2021-04-09 04:00:00,111.99,113.59,111.84,113.44,22740800.0,45679.0,112.99
2021-04-12 04:00:00,112.46,112.91,111.08,111.89,31721920.0,67679.0,111.94
2021-04-13 04:00:00,112.22,113.01,111.96,112.51,23603260.0,48790.0,112.47
2021-04-14 04:00:00,112.9,113.04,111.62,111.9,20520920.0,41532.0,112.3
2021-04-15 04:00:00,112.99,114.46,112.45,113.97,27750980.0,50441.0,113.72
2021-04-16 04:00:00,114.29,114.46,113.37,114.03,23957580.0,43037.0,114.06
2021-04-19 04:00:00,113.74,115.05,113.53,114.26,24895100.0,50863.0,114.17
2021-04-20 04:00:00,114.53,114.61,112.73,113.82,21972620.0,48561.0,113.79
2021-04-21 04:00:00,113.4,113.9,112.08,113.8,24122680.0,44354.0,113.24
2021-04-22 04:00:00,113.8,114.32,111.98,112.54,22781220.0,47494.0,112.98
2021-04-23 04:00:00,113.32,115.42,113.06,114.9,31502800.0,59600.0,114.61
2021-04-26 04:00:00,115.13,116.18,114.82,115.46,23248920.0,50912.0,115.51
2021-04-27 04:00:00,115.92,116.0,114.35,114.49,33831000.0,90515.0,114.74
2021-04-28 04:00:00,119.45,121.7,117.85,118.1,63793060.0,153097.0,119.39
2021-04-29 04:00:00,119.61,120.91,119.21,120.58,42418160.0,94213.0,120.16
2021-04-30 04:00:00,119.32,120.45,119.21,119.6,42683360.0,92238.0,119.61
2021-05-03 04:00:00,119.23,120.08,118.33,118.86,37509800.0,72290.0,119.05
2021-05-04 04:00:00,117.6,118.07,114.72,116.83,38340700.0,86189.0,116.33
2021-05-05 04:00:00,117.53,118.22,116.69,116.95,23630560.0,53793.0,117.31
2021-05-06 04:00:00,116.65,118.24,116.24,118.17,20903020.0,54434.0,117.45
2021-05-07 04:00:00,119.1,119.91,118.6,119.03,25331800.0,56260.0,119.2
2021-05-10 04:00:00,117.85,118.01,115.86,116.2,28348340.0,71982.0,116.57
2021-05-11 04:00:00,113.73,115.23,113.29,114.57,34189020.0,82656.0,114.38
2021-05-12 04:00:00,112.24,113.41,110.67,111.11,38637160.0,90890.0,111.54
2021-05-13 04:00:00,112.21,112.98,111.29,112.25,27048140.0,64152.0,112.18
2021-05-14 04:00:00,113.73,115.19,113.31,114.94,26998200.0,64398.0,114.52
2021-05-17 04:00:00,114.6,115.3,113.89,115.2,22412540.0,44586.0,114.85
2021-05-18 04:00:00,115.97,116.28,114.29,114.31,18917900.0,48151.0,115.2
2021-05-19 04:00:00,112.49,114.97,112.33,114.57,21902480.0,50810.0,114.02
2021-05-20 04:00:00,115.53,117.13,115.18,116.92,26228860.0,52781.0,116.51
2021-05-21 04:00:00,117.41,117.56,116.24,116.37,26264060.0,50474.0,116.73
2021-05-24 04:00:00,117.46,120.02,117.12,119.43,23330440.0,54702.0,119.15
2021-05-25 04:00:00,120.09,120.73,119.25,119.55,20664180.0,44948.0,119.74
2021-05-26 04:00:00,119.74,121.23,119.72,120.76,24013920.0,55346.0,120.67
2021-05-27 04:00:00,120.93,121.08,119.2,119.22,49996240.0,62170.0,119.57
2021-05-28 04:00:00,120.19,120.5,119.48,119.67,26828680.0,53338.0,119.91
2021-06-01 04:00:00,120.19,120.98,119.34,120.58,21642720.0,46427.0,120.36
2021-06-02 04:00:00,120.85,121.18,119.31,120.16,18857820.0,46276.0,120.26
2021-06-03 04:00:00,118.85,119.58,118.25,119.33,20424020.0,47226.0,119.08
2021-06-04 04:00:00,120.22,121.77,119.98,121.67,27904540.0,55206.0,121.36
2021-06-07 04:00:00,121.65,122.47,121.14,122.38,26685280.0,51732.0,121.98
2021-06-08 04:00:00,123.06,123.79,122.49,123.21,27513300.0,54288.0,123.15
2021-06-09 04:00:00,124.04,124.31,123.43,123.64,21849060.0,48210.0,123.78
2021-06-10 04:00:00,123.76,125.22,123.76,125.13,33100160.0,56942.0,124.76
2021-06-11 04:00:00,125.3,125.4,123.98,124.75,27144120.0,54436.0,124.62
2021-06-14 04:00:00,124.73,125.46,124.11,125.4,23889140.0,49332.0,124.85
2021-06-15 04:00:00,125.57,125.91,124.71,125.09,24590220.0,45659.0,125.1
2021-06-16 04:00:00,125.3,125.57,123.22,124.75,28625920.0,56688.0,124.79
2021-06-17 04:00:00,124.58,126.24,124.57,125.42,28728320.0,59306.0,125.45
2021-06-18 04:00:00,124.76,125.44,123.67,124.63,73974000.0,63598.0,124.63
2021-06-21 04:00:00,124.8,126.08,124.2,125.51,29198780.0,50889.0,125.4
2021-06-22 04:00:00,125.5,126.31,125.08,126.05,24383300.0,44071.0,125.88
2021-06-23 04:00:00,125.6,126.84,125.3,125.51,22302940.0,45928.0,125.8
2021-06-24 04:00:00,126.1,126.58,126.01,126.33,21326980.0,43293.0,126.29
2021-06-25 04:00:00,126.0,126.55,125.5,126.04,43641260.0,48468.0,126.07
2021-06-28 04:00:00,126.05,126.38,125.03,125.87,31145900.0,59621.0,125.7
2021-06-29 04:00:00,125.82,126.05,124.5,125.07,24103320.0,51539.0,125.08
2021-06-30 04:00:00,124.71,124.86,123.82,124.38,28286740.0,54354.0,124.4
2021-07-01 04:00:00,123.91,125.51,123.91,125.42,19214620.0,44520.0,124.97
2021-07-02 04:00:00,125.89,127.88,125.82,127.75,23294400.0,48692.0,127.41
2021-07-06 04:00:00,128.48,128.91,127.45,128.8,23486240.0,53021.0,128.46
2021-07-07 04:00:00,129.36,129.66,128.79,129.1,18458520.0,42880.0,129.14
2021-07-08 04:00:00,127.29,129.06,127.08,128.21,22497980.0,53469.0,128.09
2021-07-09 04:00:00,127.98,128.87,127.98,128.6,17163700.0,38813.0,128.55
2021-07-12 04:00:00,128.86,129.79,128.63,129.58,18612480.0,39792.0,129.32
2021-07-13 04:00:00,129.9,131.05,129.66,130.01,18234000.0,45098.0,130.19
2021-07-14 04:00:00,130.91,132.0,130.91,131.09,19591140.0,46979.0,131.27
2021-07-15 04:00:00,131.51,131.6,129.62,130.28,18545460.0,43753.0,130.36
2021-07-16 04:00:00,130.65,131.19,129.84,130.86,16853440.0,36845.0,130.73
2021-07-19 04:00:00,130.17,130.26,127.57,128.28,27959180.0,65100.0,128.37
2021-07-20 04:00:00,129.03,131.01,128.22,130.12,21672480.0,47253.0,129.98
2021-07-21 04:00:00,129.81,131.62,129.62,131.61,16635620.0,40756.0,131.01
2021-07-22 04:00:00,131.65,132.5,131.41,132.33,15274880.0,33567.0,132.17
2021-07-23 04:00:00,134.24,137.77,133.69,136.78,28327320.0,65333.0,136.19
2021-07-26 04:00:00,137.21,138.66,136.62,138.6,25537600.0,55769.0,137.88
2021-07-27 04:00:00,138.96,138.96,134.09,135.77,43962960.0,109234.0,136.04
2021-07-28 04:00:00,137.52,138.63,135.33,135.36,56879640.0,108426.0,136.66
2021-07-29 04:00:00,135.36,136.12,135.12,135.52,20951820.0,56817.0,135.58
2021-07-30 04:00:00,134.49,134.75,133.8,134.21,26851260.0,55896.0,134.22
2021-08-02 04:00:00,134.47,135.0,133.66,134.97,21941540.0,45447.0,134.6
2021-08-03 04:00:00,134.98,135.31,133.18,135.26,20946480.0,56384.0,134.7
2021-08-04 04:00:00,135.23,135.51,134.4,135.01,18515140.0,39907.0,135.0
2021-08-05 04:00:00,135.01,135.92,134.58,135.91,13218200.0,34163.0,135.61
2021-08-06 04:00:00,135.27,136.05,135.03,136.01,15294040.0,37979.0,135.77
2021-08-09 04:00:00,135.92,137.28,135.4,136.97,13390680.0,39443.0,136.56
2021-08-10 04:00:00,137.04,137.51,136.2,137.06,17366000.0,41482.0,137.02
2021-08-11 04:00:00,137.25,137.81,136.32,136.66,16441660.0,39173.0,136.8
2021-08-12 04:00:00,136.68,137.38,135.75,137.35,17360080.0,33298.0,137.11
2021-08-13 04:00:00,137.32,137.63,136.97,137.37,13764140.0,35700.0,137.31
2021-08-16 04:00:00,136.96,137.95,135.14,137.87,19580200.0,48826.0,137.07
2021-08-17 04:00:00,137.15,137.68,135.76,136.27,23282000.0,49007.0,136.47
2021-08-18 04:00:00,136.09,137.26,135.4,135.55,16766400.0,40781.0,136.08
2021-08-19 04:00:00,134.45,136.42,134.34,135.89,20093720.0,47160.0,135.66
2021-08-20 04:00:00,136.05,137.57,135.44,137.4,17443940.0,41556.0,137.06
2021-08-23 04:00:00,137.96,141.11,137.71,140.04,22941960.0,59310.0,139.89
2021-08-24 04:00:00,140.48,141.93,140.29,141.33,16397960.0,47340.0,141.28
2021-08-25 04:00:00,141.81,142.24,141.37,141.88,14589320.0,37485.0,141.82
2021-08-26 04:00:00,141.55,142.06,141.03,141.06,16147960.0,46823.0,141.39
2021-08-27 04:00:00,141.05,143.92,140.95,143.47,26921060.0,63731.0,143.08
2021-08-30 04:00:00,143.62,145.39,143.51,144.38,18694100.0,54187.0,144.38
2021-08-31 04:00:00,144.79,145.02,143.91,144.37,33677400.0,55142.0,144.44
2021-09-01 04:00:00,144.56,145.72,144.52,144.75,17503500.0,50924.0,144.93
2021-09-02 04:00:00,144.85,145.23,143.02,143.14,23282860.0,64201.0,143.75
2021-09-03 04:00:00,143.06,144.29,142.43,143.69,20550980.0,51056.0,143.65
2021-09-07 04:00:00,143.66,144.73,143.46,144.43,16414120.0,50743.0,144.26
2021-09-08 04:00:00,144.3,144.46,143.12,143.8,17260200.0,49820.0,143.81
2021-09-09 04:00:00,143.8,144.58,143.35,143.83,16087740.0,43763.0,143.91
2021-09-10 04:00:00,144.35,144.92,140.68,140.86,35455080.0,83001.0,141.84
2021-09-13 04:00:00,142.13,143.11,141.21,142.39,22717380.0,54453.0,142.26
2021-09-14 04:00:00,143.08,143.64,141.83,142.33,20886840.0,51638.0,142.43
2021-09-15 04:00:00,142.68,144.49,141.19,144.12,23431580.0,53559.0,143.49
2021-09-16 04:00:00,144.03,144.11,142.34,143.29,23796060.0,50035.0,143.29
2021-09-17 04:00:00,142.72,143.17,140.0,140.4,82629820.0,76600.0,140.83
2021-09-20 04:00:00,137.96,138.32,136.02,137.97,40343040.0,94542.0,137.64
2021-09-21 04:00:00,139.07,139.75,137.86,138.6,19969260.0,49901.0,138.82
2021-09-22 04:00:00,139.0,140.52,138.42,139.88,25413100.0,54932.0,139.76
2021-09-23 04:00:00,140.55,141.18,140.04,140.76,19373320.0,44423.0,140.81
2021-09-24 04:00:00,139.89,141.83,139.79,141.56,16452820.0,40440.0,141.26
2021-09-27 04:00:00,140.52,141.43,139.45,140.44,20684400.0,49090.0,140.48
2021-09-28 04:00:00,138.04,138.56,134.68,135.16,46979380.0,109128.0,135.57
2021-09-29 04:00:00,136.08,136.37,133.24,133.51,28814600.0,73298.0,134.21
2021-09-30 04:00:00,133.32,134.57,132.0,132.27,39760440.0,81925.0,132.97
2021-10-01 04:00:00,132.55,136.04,132.38,135.44,31471160.0,65389.0,134.76
2021-10-04 04:00:00,134.68,134.68,130.18,132.76,34774760.0,91905.0,132.27
2021-10-05 04:00:00,132.99,136.33,132.99,135.15,26135240.0,57446.0,135.05
2021-10-06 04:00:00,133.62,136.82,133.48,136.32,21729420.0,52681.0,135.65
2021-10-07 04:00:00,137.82,139.1,137.52,138.14,20335220.0,46145.0,138.37
2021-10-08 04:00:00,138.86,139.26,138.38,139.0,21153540.0,41202.0,138.92
2021-10-11 04:00:00,138.75,139.71,137.76,137.81,18697160.0,42679.0,138.49
2021-10-12 04:00:00,138.59,138.65,135.23,135.69,24691380.0,62140.0,136.0
2021-10-13 04:00:00,136.72,137.51,135.95,136.87,19065680.0,37733.0,136.81
2021-10-14 04:00:00,138.9,140.59,138.29,140.35,23332740.0,50330.0,140.0
2021-10-15 04:00:00,141.13,141.13,140.01,140.61,24813840.0,46556.0,140.64
2021-10-18 04:00:00,140.15,141.93,140.15,141.89,18838760.0,47663.0,141.52
2021-10-19 04:00:00,142.22,143.03,142.02,142.74,16872080.0,42891.0,142.6
2021-10-20 04:00:00,143.14,143.17,140.85,141.35,19420160.0,49200.0,141.64
2021-10-21 04:00:00,141.12,141.78,140.57,141.71,16149300.0,45003.0,141.36
2021-10-22 04:00:00,139.35,140.5,136.14,137.58,31766240.0,92116.0,137.77
2021-10-25 04:00:00,137.77,138.16,135.72,137.73,23132280.0,57366.0,137.51
2021-10-26 04:00:00,139.55,139.78,137.96,138.62,30207220.0,90751.0,138.86
2021-10-27 04:00:00,138.85,148.0,138.85,145.33,55032740.0,154596.0,144.89
2021-10-28 04:00:00,146.19,146.32,143.68,145.03,36025900.0,95648.0,145.12
2021-10-29 04:00:00,144.43,147.5,144.08,147.16,32891240.0,92846.0,146.58
2021-11-01 04:00:00,147.05,147.29,142.5,142.69,35098780.0,99313.0,143.92
2021-11-02 04:00:00,143.72,145.82,143.56,144.77,23039960.0,64916.0,144.71
2021-11-03 04:00:00,145.18,145.81,143.96,145.69,19587940.0,56704.0,145.07
2021-11-04 04:00:00,146.1,148.82,145.53,147.57,26414300.0,78122.0,147.57
2021-11-05 04:00:00,148.23,149.44,147.54,148.12,22579280.0,68193.0,148.39
2021-11-08 05:00:00,148.87,149.9,148.0,148.23,20812280.0,56582.0,148.48
2021-11-09 05:00:00,148.62,149.25,146.4,148.13,18751920.0,65227.0,148.0
2021-11-10 05:00:00,146.9,147.58,144.23,145.53,25386000.0,80326.0,145.82
2021-11-11 05:00:00,146.0,147.39,145.59,145.65,13618540.0,43228.0,146.09
2021-11-12 05:00:00,146.72,148.73,145.35,148.52,18770360.0,56273.0,147.89
2021-11-15 05:00:00,148.87,149.35,147.54,148.27,18220880.0,50691.0,148.4
2021-11-16 05:00:00,148.05,148.71,147.24,147.96,19795700.0,53576.0,148.0
2021-11-17 05:00:00,148.11,148.5,147.45,147.94,17226300.0,60860.0,147.97
2021-11-18 05:00:00,148.03,150.47,147.88,149.58,28670640.0,73406.0,149.43
2021-11-19 05:00:00,149.87,150.71,148.76,148.83,22516780.0,78902.0,149.43
2021-11-22 05:00:00,149.01,149.61,145.9,145.97,27851840.0,97490.0,146.76
2021-11-23 05:00:00,146.01,146.59,143.8,145.66,20494540.0,70745.0,145.39
2021-11-24 05:00:00,145.25,145.9,144.11,145.62,18686500.0,56430.0,145.36
2021-11-26 05:00:00,143.93,144.21,141.42,141.73,19421620.0,79964.0,142.24
2021-11-29 05:00:00,143.22,145.76,143.22,145.02,29733660.0,84671.0,144.78
2021-11-30 05:00:00,144.36,145.53,141.0,141.38,52227580.0,107295.0,141.77
2021-12-01 05:00:00,143.13,145.4,140.44,140.56,31384000.0,102253.0,142.31
2021-12-02 05:00:00,140.76,143.59,139.92,142.7,24491660.0,77893.0,142.41
2021-12-03 05:00:00,143.41,144.12,140.09,141.45,29062740.0,96453.0,141.38
2021-12-06 05:00:00,142.5,143.27,139.59,142.72,25994120.0,76733.0,142.26
2021-12-07 05:00:00,144.85,147.19,144.61,146.93,26548480.0,76781.0,146.55
2021-12-08 05:00:00,147.22,148.04,146.1,147.6,21695420.0,58368.0,147.29
2021-12-09 05:00:00,147.06,148.48,146.42,146.99,20330120.0,63291.0,147.28
2021-12-10 05:00:00,147.98,148.28,146.25,147.56,24827600.0,63677.0,147.46
2021-12-13 05:00:00,147.33,147.45,145.26,145.6,27178740.0,70240.0,145.87
2021-12-14 05:00:00,143.68,144.35,141.17,143.88,27528220.0,93438.0,143.27
2021-12-15 05:00:00,143.28,146.41,141.63,146.26,30673940.0,93081.0,144.92
2021-12-16 05:00:00,146.97,147.44,143.01,143.75,30338420.0,91310.0,144.43
2021-12-17 05:00:00,141.64,143.38,140.72,141.73,62385360.0,94921.0,141.76
2021-12-20 05:00:00,139.62,141.54,139.2,141.33,23131120.0,73637.0,140.73
2021-12-21 05:00:00,142.08,143.61,140.67,143.14,21544840.0,68765.0,142.77
2021-12-22 05:00:00,143.02,146.2,142.88,145.85,20055900.0,63079.0,145.33
2021-12-23 05:00:00,145.99,147.46,145.85,146.04,15929060.0,53772.0,146.27
2021-12-27 05:00:00,146.36,147.31,146.14,146.95,15425400.0,51147.0,146.85
2021-12-28 05:00:00,147.26,147.26,144.84,145.35,20085100.0,63843.0,145.72
2021-12-29 05:00:00,145.33,146.08,144.41,145.4,18425980.0,58060.0,145.26
2021-12-30 05:00:00,145.35,145.96,144.66,144.91,14337720.0,47552.0,145.12
2021-12-31 05:00:00,144.45,145.27,143.59,143.59,20572040.0,54870.0,143.86
2022-01-03 05:00:00,143.39,144.46,142.43,143.99,28153040.0,78531.0,143.74
2022-01-04 05:00:00,144.46,145.51,142.74,143.33,26116760.0,78071.0,143.62
2022-01-05 05:00:00,143.1,143.22,136.49,136.62,49870300.0,155210.0,138.71
2022-01-06 05:00:00,136.47,138.64,135.74,136.52,32439460.0,94830.0,136.93
2022-01-07 05:00:00,136.87,137.22,134.77,135.98,21290440.0,73778.0,136.02
2022-01-10 05:00:00,134.09,137.6,132.14,137.53,37368960.0,126154.0,135.68
2022-01-11 05:00:00,137.14,139.28,135.79,138.97,25887580.0,73935.0,138.3
2022-01-12 05:00:00,140.49,141.74,140.05,140.58,27568620.0,67033.0,140.72
2022-01-13 05:00:00,140.78,142.11,137.87,138.09,30171160.0,76784.0,139.09
2022-01-14 05:00:00,136.47,140.14,136.47,138.74,26837780.0,72450.0,138.51
2022-01-18 05:00:00,135.57,136.36,134.6,135.27,31452740.0,89810.0,135.37
2022-01-19 05:00:00,135.91,137.36,134.48,134.63,23451940.0,64542.0,135.46
2022-01-20 05:00:00,135.49,136.88,132.15,132.5,23928080.0,78951.0,134.25
2022-01-21 05:00:00,132.01,133.75,129.03,129.12,45800000.0,125207.0,130.92
2022-01-24 05:00:00,125.08,129.8,123.71,129.39,59249760.0,185544.0,126.91
2022-01-25 05:00:00,127.47,128.37,125.43,125.78,40174100.0,108200.0,126.32
2022-01-26 05:00:00,129.61,131.81,126.2,128.27,42902160.0,125627.0,128.85
2022-01-27 05:00:00,130.38,131.61,127.98,128.15,32796840.0,105037.0,129.16
2022-01-28 05:00:00,129.02,132.37,127.73,132.29,33373780.0,98328.0,130.83
2022-01-31 05:00:00,133.19,134.82,131.28,134.68,38801940.0,118028.0,133.9
2022-02-01 05:00:00,136.8,137.16,133.56,136.84,54181140.0,198043.0,135.93
2022-02-02 05:00:00,150.72,150.96,144.47,146.93,93988720.0,326723.0,147.74
2022-02-03 05:00:00,144.2,148.0,141.14,141.58,61126380.0,210754.0,143.79
2022-02-04 05:00:00,141.94,143.45,138.77,141.94,51559980.0,160565.0,141.31
2022-02-07 05:00:00,142.63,142.77,137.66,137.9,48651080.0,157707.0,139.08
2022-02-08 05:00:00,137.95,138.79,135.85,138.17,37288660.0,127431.0,137.62
2022-02-09 05:00:00,139.79,141.11,139.32,140.39,30400300.0,107385.0,140.1
2022-02-10 05:00:00,138.45,140.37,137.01,137.56,36612000.0,128713.0,138.16
2022-02-11 05:00:00,137.71,138.24,132.29,133.12,41953700.0,147557.0,134.35
2022-02-14 05:00:00,132.36,135.14,132.3,134.28,29471780.0,94422.0,134.03
2022-02-15 05:00:00,136.44,136.87,134.52,135.4,29190720.0,75505.0,135.45
2022-02-16 05:00:00,135.41,136.91,133.81,136.46,27860900.0,80676.0,135.62
2022-02-17 05:00:00,135.13,135.81,131.21,131.32,33997060.0,111913.0,132.5
2022-02-18 05:00:00,132.04,132.82,129.33,129.49,35769980.0,110631.0,130.35
2022-02-22 05:00:00,129.01,130.91,126.78,128.43,41508200.0,129201.0,128.71
2022-02-23 05:00:00,130.09,130.76,126.55,126.63,29040260.0,99900.0,127.68
2022-02-24 05:00:00,124.06,132.04,123.83,131.65,48069480.0,156766.0,128.93
2022-02-25 05:00:00,132.52,134.37,130.78,133.51,28214060.0,94748.0,133.05
2022-02-28 05:00:00,132.28,134.62,131.83,133.88,34407340.0,93346.0,133.44
2022-03-01 05:00:00,133.47,135.09,132.38,133.16,27502000.0,79898.0,133.41
2022-03-02 05:00:00,133.39,134.6,132.43,133.74,26400140.0,82391.0,133.76
2022-03-03 05:00:00,134.96,135.69,132.43,133.3,21970160.0,73738.0,133.7
2022-03-04 05:00:00,132.38,133.19,129.43,131.13,27008640.0,83343.0,130.91
2022-03-07 05:00:00,130.91,130.91,125.46,125.52,43101560.0,144679.0,126.77
2022-03-08 05:00:00,125.3,130.26,124.92,126.32,39319420.0,102125.0,126.88
2022-03-09 05:00:00,130.41,133.19,129.11,132.86,35653720.0,95376.0,131.8
2022-03-10 05:00:00,130.48,132.54,130.41,131.69,26522720.0,74326.0,131.51
2022-03-11 05:00:00,132.99,133.19,129.32,129.5,29758440.0,78052.0,130.5
2022-03-14 04:00:00,129.59,130.04,125.46,125.79,33607540.0,101108.0,126.61
2022-03-15 04:00:00,126.78,129.54,125.62,128.69,34232200.0,84917.0,128.15
2022-03-16 04:00:00,130.02,132.77,128.23,132.69,35350420.0,95841.0,131.66
2022-03-17 04:00:00,132.32,133.73,131.72,133.59,26661900.0,67427.0,133.08
2022-03-18 04:00:00,132.88,135.89,131.93,135.77,59489060.0,91411.0,134.75
2022-03-21 04:00:00,135.82,136.55,133.6,135.45,30102560.0,75706.0,135.25
2022-03-22 04:00:00,135.48,140.44,135.48,139.22,32543100.0,88914.0,138.91
2022-03-23 04:00:00,138.09,138.97,137.13,137.46,28288440.0,70158.0,137.84
2022-03-24 04:00:00,138.23,140.34,137.0,140.25,22523780.0,63495.0,139.36
2022-03-25 04:00:00,140.69,140.89,138.65,140.46,21457860.0,63337.0,140.21
2022-03-28 04:00:00,139.63,140.91,138.78,140.88,28283320.0,74063.0,140.39
2022-03-29 04:00:00,142.09,143.08,141.41,142.17,31653820.0,90307.0,142.27
2022-03-30 04:00:00,141.8,142.4,141.1,141.57,23912000.0,63874.0,141.64
2022-03-31 04:00:00,141.38,141.57,138.57,138.6,36233200.0,77932.0,139.18
2022-04-01 04:00:00,138.96,139.89,137.76,139.64,25719520.0,67199.0,139.25
2022-04-04 04:00:00,139.77,142.96,139.77,142.56,21657540.0,63918.0,142.24
2022-04-05 04:00:00,142.32,142.51,139.89,140.0,21426800.0,64396.0,140.62
2022-04-06 04:00:00,138.12,138.8,135.39,136.15,23873240.0,95564.0,136.65
2022-04-07 04:00:00,135.59,136.67,133.85,135.44,21810120.0,69797.0,135.41
2022-04-08 04:00:00,135.23,135.23,132.75,133.0,16574360.0,63400.0,133.71
2022-04-11 04:00:00,131.9,131.94,128.64,128.82,26461620.0,106249.0,129.56
2022-04-12 04:00:00,131.43,131.43,126.62,127.41,24896340.0,91650.0,128.49
2022-04-13 04:00:00,127.66,129.68,127.47,129.31,21793840.0,68622.0,128.89
2022-04-14 04:00:00,129.67,129.73,126.16,126.3,26645480.0,88312.0,127.24
2022-04-18 04:00:00,126.45,127.75,125.63,127.0,16354180.0,65769.0,126.81
2022-04-19 04:00:00,127.12,129.92,126.49,129.55,26203220.0,70204.0,129.07
2022-04-20 04:00:00,130.3,130.93,126.93,127.28,24828680.0,85863.0,128.07
2022-04-21 04:00:00,128.38,129.33,123.71,124.0,32670620.0,122551.0,125.34
2022-04-22 04:00:00,124.06,124.51,118.25,118.72,50338560.0,177348.0,120.09
2022-04-25 04:00:00,118.53,122.35,117.88,122.32,36942400.0,125848.0,121.0
2022-04-26 04:00:00,121.83,121.83,118.27,118.61,52660760.0,192548.0,119.24
2022-04-27 04:00:00,113.51,116.62,112.28,114.16,65906960.0,201493.0,114.46
2022-04-28 04:00:00,116.24,119.53,114.28,118.52,39433380.0,116057.0,117.35
2022-04-29 04:00:00,116.7,118.07,113.83,114.1,38821440.0,101783.0,115.11
2022-05-02 04:00:00,113.05,116.46,112.55,116.28,33134480.0,97510.0,114.88
2022-05-03 04:00:00,115.89,118.4,115.75,117.24,23296220.0,63378.0,117.11
2022-05-04 04:00:00,117.12,122.22,114.87,121.66,35940580.0,95823.0,119.35
2022-05-05 04:00:00,119.32,120.32,114.32,115.87,47271120.0,127401.0,116.19
2022-05-06 04:00:00,114.65,116.62,113.29,114.79,37888860.0,109739.0,114.86
2022-05-09 04:00:00,112.45,114.7,111.71,112.24,38335080.0,124799.0,112.66
2022-05-10 04:00:00,115.17,115.82,112.53,113.72,34429400.0,96725.0,114.14
2022-05-11 04:00:00,112.86,115.8,112.8,113.11,39739300.0,96136.0,113.74
2022-05-12 04:00:00,111.1,113.99,109.29,112.31,44086900.0,121842.0,111.76
2022-05-13 04:00:00,113.98,117.2,113.14,115.64,30020220.0,86487.0,115.38
2022-05-16 04:00:00,114.52,115.73,113.48,113.93,25314900.0,67769.0,114.19
2022-05-17 04:00:00,116.35,116.35,114.47,115.83,24404740.0,62054.0,115.66
2022-05-18 04:00:00,114.37,114.83,111.3,111.56,28263620.0,85045.0,112.47
2022-05-19 04:00:00,111.0,112.73,109.64,109.91,31395400.0,83308.0,110.69
2022-05-20 04:00:00,111.24,111.71,105.57,108.49,40854800.0,109950.0,108.32
2022-05-23 04:00:00,109.28,111.16,108.34,110.83,34011560.0,90101.0,110.3
2022-05-24 04:00:00,105.58,105.6,101.44,105.13,62935760.0,169019.0,103.98
2022-05-25 04:00:00,104.35,105.75,103.43,105.05,40430640.0,98158.0,104.67
2022-05-26 04:00:00,105.25,108.14,104.7,107.48,33673720.0,80000.0,107.17
2022-05-27 04:00:00,108.96,112.02,108.73,111.95,33499240.0,82573.0,111.32
2022-05-31 04:00:00,112.23,115.56,111.73,113.18,62724980.0,104990.0,113.32
2022-06-01 04:00:00,114.07,116.52,112.7,113.28,30793420.0,82992.0,113.89
2022-06-02 04:00:00,113.33,117.01,112.46,116.86,30541400.0,82592.0,115.84
2022-06-03 04:00:00,115.12,115.49,112.81,113.7,24916880.0,76945.0,113.86
2022-06-06 04:00:00,115.87,118.5,115.65,116.13,25246860.0,76612.0,116.65
2022-06-07 04:00:00,114.78,116.86,114.26,116.35,28837340.0,60697.0,115.97
2022-06-08 04:00:00,116.0,117.76,115.82,116.36,24236340.0,60204.0,116.6
2022-06-09 04:00:00,115.47,117.46,114.0,114.06,25323760.0,62533.0,115.45
2022-06-10 04:00:00,111.93,112.65,110.03,110.59,34707420.0,97137.0,110.88
2022-06-13 04:00:00,106.64,108.4,105.79,106.07,37299480.0,105543.0,106.73
2022-06-14 04:00:00,106.09,107.64,105.55,106.39,28446560.0,71165.0,106.42
2022-06-15 04:00:00,108.08,111.22,107.31,109.56,37642020.0,81268.0,109.16
2022-06-16 04:00:00,107.34,108.47,105.0,105.84,39363380.0,93357.0,106.23
2022-06-17 04:00:00,105.74,108.43,104.84,107.06,55362380.0,80934.0,106.63
2022-06-21 04:00:00,108.88,111.83,108.47,111.17,43270280.0,85797.0,110.94
2022-06-22 04:00:00,110.33,112.92,109.89,111.19,26614500.0,62957.0,111.56
2022-06-23 04:00:00,112.1,112.35,110.2,111.84,27606140.0,64573.0,111.53
2022-06-24 04:00:00,112.75,117.75,112.75,117.65,45497540.0,92468.0,116.84
2022-06-27 04:00:00,118.04,118.35,115.13,115.75,35579040.0,77597.0,116.56
2022-06-28 04:00:00,115.48,116.97,111.6,111.73,31230660.0,79079.0,112.97
2022-06-29 04:00:00,111.31,112.81,110.72,111.41,20455700.0,58420.0,111.46
2022-06-30 04:00:00,109.67,110.49,106.5,108.55,43037260.0,95875.0,108.62
2022-07-01 04:00:00,107.52,108.98,106.3,108.26,33411760.0,85784.0,107.62
2022-07-05 04:00:00,106.71,113.2,105.45,113.03,38892780.0,90924.0,110.86
2022-07-06 04:00:00,113.24,115.48,111.41,114.35,30889120.0,70645.0,113.88
2022-07-07 04:00:00,115.14,118.96,114.67,118.41,34728440.0,81923.0,117.59
2022-07-08 04:00:00,116.67,119.53,116.63,119.27,31061560.0,73214.0,118.65
2022-07-11 04:00:00,117.76,117.9,115.36,115.65,30158800.0,67633.0,116.15
2022-07-12 04:00:00,115.96,116.97,113.75,113.99,25203280.0,58808.0,115.01
2022-07-13 04:00:00,111.79,114.29,110.98,111.35,42852440.0,97695.0,111.89
2022-07-14 04:00:00,109.99,111.15,108.5,110.6,34683940.0,78622.0,110.24
2022-07-15 04:00:00,112.12,113.14,110.98,111.92,38122280.0,75881.0,111.92
2022-07-18 04:00:00,112.59,113.94,108.48,109.09,35360330.0,478640.0,110.9
2022-07-19 04:00:00,110.89,113.95,109.67,113.76,34351586.0,398489.0,112.64
2022-07-20 04:00:00,113.2,115.46,112.41,113.84,28645079.0,326795.0,113.91
2022-07-21 04:00:00,114.23,114.35,111.07,114.18,29251680.0,289603.0,113.34
2022-07-22 04:00:00,110.97,112.33,106.79,107.55,47936615.0,439837.0,108.56
2022-07-25 04:00:00,108.12,109.75,106.21,107.4,30864109.0,337594.0,107.64
2022-07-26 04:00:00,106.62,106.93,103.97,104.65,38987892.0,390955.0,105.09
2022-07-27 04:00:00,108.78,113.54,107.61,112.75,45781636.0,388733.0,111.67
2022-07-28 04:00:00,111.95,113.84,111.01,113.73,25528241.0,242736.0,112.82
2022-07-29 04:00:00,112.55,116.02,112.38,115.76,36688374.0,253234.0,114.87
2022-08-01 04:00:00,114.66,116.24,113.83,114.61,25085465.0,250738.0,114.92
2022-08-02 04:00:00,113.57,116.2,113.4,115.03,20128850.0,202016.0,114.84
2022-08-03 04:00:00,115.47,118.52,115.28,117.89,28004196.0,285671.0,117.78
2022-08-04 04:00:00,117.41,118.6,116.83,117.98,17348974.0,224504.0,117.77
2022-08-05 04:00:00,116.05,117.97,115.83,117.33,17754880.0,197512.0,117.08
2022-08-08 04:00:00,118.23,119.95,116.95,117.25,18438957.0,197053.0,118.11
2022-08-09 04:00:00,117.1,117.31,115.69,116.62,15671542.0,176342.0,116.6
2022-08-10 04:00:00,118.69,120.87,118.46,119.74,23485467.0,211091.0,119.75
2022-08-11 04:00:00,121.16,121.42,118.65,118.92,18778237.0,170592.0,119.73
2022-08-12 04:00:00,120.25,121.73,119.5,121.73,18782080.0,151394.0,121.02
2022-08-15 04:00:00,121.29,122.33,120.66,121.96,17294722.0,170097.0,121.77
2022-08-16 04:00:00,121.4,122.3,120.62,121.59,17527990.0,168532.0,121.54
2022-08-17 04:00:00,120.02,121.23,119.3,119.42,19429678.0,186266.0,119.85
2022-08-18 04:00:00,119.33,120.78,118.65,119.95,17698860.0,170231.0,119.99
2022-08-19 04:00:00,118.97,119.1,116.79,117.23,23768095.0,185423.0,117.66
2022-08-22 04:00:00,115.23,115.63,113.81,114.21,21770384.0,209773.0,114.43
2022-08-23 04:00:00,113.46,115.06,113.44,113.91,16008469.0,176665.0,114.12
2022-08-24 04:00:00,113.59,114.85,112.93,113.84,18428982.0,175573.0,113.96
2022-08-25 04:00:00,114.29,116.9,114.19,116.82,16659043.0,183732.0,115.95
2022-08-26 04:00:00,114.94,115.72,110.39,110.46,36602132.0,337368.0,111.65
2022-08-29 04:00:00,109.95,111.12,108.99,109.51,22269336.0,274854.0,109.91
2022-08-30 04:00:00,110.2,110.53,107.98,109.09,22635608.0,280085.0,109.03
2022-08-31 04:00:00,110.79,110.93,108.23,108.33,31355667.0,225972.0,109.05
2022-09-01 04:00:00,108.38,110.39,107.38,109.72,24751870.0,278584.0,108.83
2022-09-02 04:00:00,110.5,110.84,107.32,107.86,23180458.0,229388.0,108.82
2022-09-06 04:00:00,107.32,108.06,105.71,106.67,22492072.0,246918.0,106.75
2022-09-07 04:00:00,106.95,110.16,106.81,109.65,25534482.0,248761.0,108.83
2022-09-08 04:00:00,108.36,109.75,107.25,108.6,24596825.0,210329.0,108.49
2022-09-09 04:00:00,109.17,111.16,109.17,110.94,24770286.0,232770.0,110.62
2022-09-12 04:00:00,111.15,111.79,110.1,111.03,21724901.0,211436.0,110.93
2022-09-13 04:00:00,108.07,108.55,104.21,104.52,37418483.0,359961.0,105.49
2022-09-14 04:00:00,104.65,105.3,103.72,105.08,24208374.0,273630.0,104.68
2022-09-15 04:00:00,104.22,105.41,102.53,103.12,29480702.0,293209.0,103.54
2022-09-16 04:00:00,102.2,103.25,101.09,102.85,95501904.0,339334.0,102.65
2022-09-19 04:00:00,101.77,103.24,101.6,103.07,21591941.0,187373.0,102.48
2022-09-20 04:00:00,102.11,102.4,100.36,101.07,25943094.0,239259.0,101.34
2022-09-21 04:00:00,101.47,102.71,99.24,99.26,28680329.0,293206.0,100.63
2022-09-22 04:00:00,98.7,100.92,98.66,99.82,23267724.0,248753.0,99.87
2022-09-23 04:00:00,99.31,99.36,97.27,98.43,28146922.0,309443.0,98.31
2022-09-26 04:00:00,97.87,99.69,97.64,98.07,24730830.0,267319.0,98.4
2022-09-27 04:00:00,99.16,99.71,96.61,97.35,26740095.0,277680.0,97.71
2022-09-28 04:00:00,97.28,100.64,97.07,99.98,27804259.0,271226.0,99.28
2022-09-29 04:00:00,98.55,98.55,95.8,97.35,25230567.0,242163.0,96.97
2022-09-30 04:00:00,97.0,98.75,95.31,95.43,31617123.0,232623.0,96.27
2022-10-03 04:00:00,96.49,99.22,96.29,98.55,28433341.0,218985.0,98.16
2022-10-04 04:00:00,100.28,101.95,100.28,101.64,25516760.0,208085.0,101.4
2022-10-05 04:00:00,99.93,101.97,98.99,101.45,19879885.0,187055.0,100.55
2022-10-06 04:00:00,100.74,102.95,100.74,101.47,18629647.0,179041.0,101.77
2022-10-07 04:00:00,99.89,100.66,98.47,98.82,27735140.0,222661.0,99.16
2022-10-10 04:00:00,99.1,99.24,97.14,97.97,17891294.0,169498.0,98.09
2022-10-11 04:00:00,97.51,99.37,96.52,97.31,24135217.0,208264.0,97.73
2022-10-12 04:00:00,97.53,98.9,96.94,97.56,19242395.0,166478.0,97.83
2022-10-13 04:00:00,95.21,99.78,94.55,98.96,37118424.0,320917.0,98.05
2022-10-14 04:00:00,99.87,100.53,96.3,96.45,25713888.0,231202.0,97.24
2022-10-17 04:00:00,98.77,101.01,98.76,100.02,27137345.0,212209.0,100.15
2022-10-18 04:00:00,103.16,103.44,99.89,100.63,23830488.0,216132.0,100.98
2022-10-19 04:00:00,99.94,100.9,98.89,99.54,24389410.0,208545.0,99.72
2022-10-20 04:00:00,100.06,102.23,99.22,99.78,27228853.0,251528.0,100.41
2022-10-21 04:00:00,97.72,100.86,97.49,100.72,32858054.0,265504.0,99.37
2022-10-24 04:00:00,101.32,102.33,99.55,102.2,26776107.0,245327.0,101.35
2022-10-25 04:00:00,102.52,104.31,102.25,104.14,33465107.0,304800.0,103.53
2022-10-26 04:00:00,96.03,97.8,93.86,94.11,75560713.0,685333.0,95.64
2022-10-27 04:00:00,93.6,94.46,91.21,91.91,58391945.0,548435.0,92.28
2022-10-28 04:00:00,91.84,96.13,91.63,95.86,38964377.0,340106.0,94.3
2022-10-31 04:00:00,95.06,95.63,93.67,93.95,34692106.0,252532.0,94.17
2022-11-01 04:00:00,94.87,95.44,89.75,89.82,45626995.0,463771.0,91.36
2022-11-02 04:00:00,90.23,90.61,86.36,86.42,46711545.0,473709.0,88.39
2022-11-03 04:00:00,85.7,85.9,82.82,82.86,51179932.0,446666.0,84.09
2022-11-04 04:00:00,84.87,86.08,83.25,86.05,42997942.0,363770.0,84.97
2022-11-07 05:00:00,86.68,88.27,86.31,87.98,29542779.0,242636.0,87.43
2022-11-08 05:00:00,88.49,89.73,86.99,88.24,34252209.0,256160.0,88.45
2022-11-09 05:00:00,87.88,88.82,86.7,86.74,30370905.0,229363.0,87.41
2022-11-10 05:00:00,91.65,93.84,90.96,93.46,49167098.0,340202.0,92.99
2022-11-11 05:00:00,94.0,96.63,93.45,96.0,33817833.0,282103.0,95.67
2022-11-14 05:00:00,94.78,96.45,94.4,95.31,26873885.0,224551.0,95.36
2022-11-15 05:00:00,97.93,99.67,96.29,97.98,35087524.0,312512.0,97.99
2022-11-16 05:00:00,97.28,99.1,97.17,98.25,27776647.0,207420.0,98.22
2022-11-17 05:00:00,96.45,98.73,96.37,97.76,24035576.0,202374.0,97.53
2022-11-18 05:00:00,98.27,98.42,96.01,97.07,28334945.0,190654.0,97.15
2022-11-21 05:00:00,96.83,97.98,94.95,95.11,20969639.0,186527.0,95.84
2022-11-22 05:00:00,95.44,96.82,93.7,96.6,21943465.0,167905.0,95.86
2022-11-23 05:00:00,96.61,98.32,96.61,98.08,19482527.0,155659.0,97.68
2022-11-25 05:00:00,97.73,98.2,96.8,96.87,9831579.0,79022.0,97.17
2022-11-28 05:00:00,96.47,97.1,95.17,95.53,23927410.0,176154.0,95.72
2022-11-29 05:00:00,95.28,95.67,93.68,94.72,22287948.0,188351.0,94.72
2022-11-30 05:00:00,94.41,100.69,93.96,100.69,48872729.0,276758.0,99.01
2022-12-01 05:00:00,100.64,101.82,99.91,100.52,25106618.0,204667.0,100.7
2022-12-02 05:00:00,98.62,100.39,98.43,100.07,20899881.0,174172.0,99.59
2022-12-05 05:00:00,99.07,100.99,98.61,99.12,22803540.0,176247.0,99.55
2022-12-06 05:00:00,98.92,99.46,96.03,96.58,23722308.0,191226.0,97.02
2022-12-07 05:00:00,96.04,96.58,94.31,94.44,30875824.0,236145.0,94.87
2022-12-08 05:00:00,94.97,95.15,93.1,93.24,27777139.0,230307.0,93.66
2022-12-09 05:00:00,93.2,93.78,92.32,92.37,25013022.0,199269.0,92.95
2022-12-12 05:00:00,92.39,93.17,91.21,92.86,30527154.0,235048.0,92.27
2022-12-13 05:00:00,97.33,99.05,94.66,95.13,38370410.0,325495.0,96.19
2022-12-14 05:00:00,94.82,96.49,93.23,94.59,30063076.0,251427.0,95.03
2022-12-15 05:00:00,92.84,93.32,89.75,90.52,32098997.0,261024.0,90.81
2022-12-16 05:00:00,90.52,91.06,89.33,90.18,70942064.0,228869.0,90.19
2022-12-19 05:00:00,90.2,90.52,88.26,88.48,26271153.0,203768.0,89.0
2022-12-20 05:00:00,88.06,89.11,87.38,88.96,24735662.0,186343.0,88.61
2022-12-21 05:00:00,89.06,90.23,88.24,89.57,23635645.0,170626.0,89.5
2022-12-22 05:00:00,88.26,88.51,86.29,87.6,27216112.0,202549.0,87.36
2022-12-23 05:00:00,86.96,89.42,86.96,89.14,19420503.0,160563.0,88.72
2022-12-27 05:00:00,88.64,88.83,86.88,87.27,17462183.0,149670.0,87.5
2022-12-28 05:00:00,86.84,87.86,85.72,85.81,19670561.0,177369.0,86.32
2022-12-29 05:00:00,86.38,88.69,86.34,88.28,21128110.0,164229.0,88.04
2022-12-30 05:00:00,86.71,88.16,86.38,88.06,22749180.0,173495.0,87.44
2023-01-03 05:00:00,89.16,90.86,88.35,89.03,24084543.0,202681.0,89.15
2023-01-04 05:00:00,90.33,90.56,87.14,88.04,29727529.0,264220.0,88.16
2023-01-05 05:00:00,87.41,87.55,85.91,86.12,26366993.0,219919.0,86.51
2023-01-06 05:00:00,86.7,87.81,84.93,87.5,30178888.0,278192.0,86.79
2023-01-09 05:00:00,88.53,90.15,87.92,88.13,25762189.0,209293.0,88.93
2023-01-10 05:00:00,86.07,88.8,86.05,88.57,26189093.0,196158.0,88.05
2023-01-11 05:00:00,89.38,91.76,89.07,91.57,29047761.0,192590.0,90.88
2023-01-12 05:00:00,91.71,91.92,89.89,91.22,25230654.0,220536.0,91.23
2023-01-13 05:00:00,90.84,92.28,90.25,92.1,21114132.0,163568.0,91.5
2023-01-17 05:00:00,92.08,92.27,90.16,91.47,25559343.0,191880.0,91.34
2023-01-18 05:00:00,92.24,92.89,90.71,91.09,22770525.0,169586.0,91.44
2023-01-19 05:00:00,90.7,93.69,90.69,93.21,32014271.0,215936.0,92.81
2023-01-20 05:00:00,95.23,98.67,95.19,98.53,59922340.0,433452.0,97.47
2023-01-23 05:00:00,98.39,100.64,98.01,100.45,34293431.0,302589.0,99.92
2023-01-24 05:00:00,98.8,100.33,97.96,98.47,29436070.0,232161.0,98.96
2023-01-25 05:00:00,96.47,96.99,94.55,96.0,33125573.0,263954.0,95.56
2023-01-26 05:00:00,97.54,98.47,96.09,98.42,26995605.0,211432.0,97.76
2023-01-27 05:00:00,98.31,100.82,98.23,99.95,33000248.0,226893.0,99.83
2023-01-30 05:00:00,98.0,98.66,96.79,97.21,27125117.0,199435.0,97.53
2023-01-31 05:00:00,97.13,99.16,97.06,99.12,26329677.0,178346.0,98.54
2023-02-01 05:00:00,98.99,101.42,97.68,100.67,29334550.0,260115.0,99.54
2023-02-02 05:00:00,105.99,108.0,105.74,107.98,47087972.0,465450.0,107.01
2023-02-03 05:00:00,102.73,107.21,102.52,104.43,39731146.0,377675.0,104.91
2023-02-06 05:00:00,101.91,103.91,101.44,102.69,28344788.0,256181.0,102.58
2023-02-07 05:00:00,102.85,107.85,102.77,107.23,36958860.0,316851.0,105.37
2023-02-08 05:00:00,101.92,102.8,97.72,99.25,78506819.0,686750.0,99.45
2023-02-09 05:00:00,99.79,99.85,93.16,94.74,101241541.0,869634.0,94.79
2023-02-10 05:00:00,95.02,96.29,93.82,94.15,52592291.0,417588.0,94.62
2023-02-13 05:00:00,94.3,94.63,93.34,94.29,47082555.0,358713.0,94.06
2023-02-14 05:00:00,93.95,94.46,91.95,94.24,44829430.0,401390.0,93.4
2023-02-15 05:00:00,94.03,96.61,93.65,96.37,39351686.0,338851.0,95.48
2023-02-16 05:00:00,94.82,97.15,94.26,95.06,38995462.0,292505.0,95.76
2023-02-17 05:00:00,94.36,95.03,92.75,93.88,34942453.0,263424.0,93.64
2023-02-21 05:00:00,92.54,92.71,91.31,91.36,31365327.0,252087.0,91.73
2023-02-22 05:00:00,91.24,91.67,90.19,91.11,33792297.0,234710.0,91.17
2023-02-23 05:00:00,91.44,91.44,89.33,90.39,34817565.0,281896.0,90.23
2023-02-24 05:00:00,88.96,89.45,88.19,88.68,34618758.0,273062.0,88.65
2023-02-27 05:00:00,89.41,89.77,88.94,89.42,24981300.0,206623.0,89.37
2023-02-28 05:00:00,88.87,90.76,88.85,89.62,34967731.0,225071.0,89.84
2023-03-01 05:00:00,89.48,90.52,89.18,89.83,28728364.0,214929.0,89.83
2023-03-02 05:00:00,89.19,91.79,89.1,91.62,25784100.0,204829.0,90.66
2023-03-03 05:00:00,92.04,93.4,91.96,93.31,33359272.0,234883.0,92.99
2023-03-06 05:00:00,93.65,95.58,93.59,94.86,31448152.0,246873.0,94.88
2023-03-07 05:00:00,94.7,95.37,93.14,93.46,26335255.0,220897.0,93.96
2023-03-08 05:00:00,93.7,95.52,93.7,93.94,27802511.0,240984.0,94.42
2023-03-09 05:00:00,93.78,95.2,91.66,91.96,27140249.0,245748.0,93.23
2023-03-10 05:00:00,91.81,92.48,90.12,90.33,35801850.0,349515.0,91.06
2023-03-13 04:00:00,89.89,92.38,89.26,90.97,34047727.0,335601.0,91.32
2023-03-14 04:00:00,92.37,94.12,92.08,93.54,36165038.0,284887.0,93.29
2023-03-15 04:00:00,92.84,96.52,92.34,95.83,42581872.0,350352.0,94.89
2023-03-16 04:00:00,95.85,101.2,95.15,100.31,58537746.0,502777.0,99.58
2023-03-17 04:00:00,100.08,102.71,99.99,101.69,99527000.0,436640.0,101.44
2023-03-20 04:00:00,100.3,101.81,100.03,101.16,28763214.0,266088.0,101.1
2023-03-21 04:00:00,101.21,105.16,101.1,105.05,36919461.0,283013.0,104.02
2023-03-22 04:00:00,104.35,106.7,103.43,103.44,35541862.0,327212.0,104.79
2023-03-23 04:00:00,105.1,106.3,104.62,105.46,31710158.0,301276.0,105.58
2023-03-24 04:00:00,104.95,105.36,103.95,105.26,27921804.0,249781.0,104.96
2023-03-27 04:00:00,104.53,104.61,101.86,102.29,27944201.0,240896.0,102.91
2023-03-28 04:00:00,102.23,102.23,99.53,100.6,26684268.0,240741.0,100.39
2023-03-29 04:00:00,101.95,102.05,100.27,101.14,28797083.0,248862.0,101.08
2023-03-30 04:00:00,100.68,100.85,99.54,100.56,28426136.0,222583.0,100.35
2023-03-31 04:00:00,100.95,103.41,100.68,103.22,27823099.0,238099.0,102.45
2023-04-03 04:00:00,101.9,104.16,101.61,104.12,23921644.0,190014.0,103.24
2023-04-04 04:00:00,104.05,105.3,103.81,104.33,22494075.0,204868.0,104.44
2023-04-05 04:00:00,105.32,105.74,103.32,104.16,24238247.0,213289.0,104.12
2023-04-06 04:00:00,104.98,108.81,104.03,108.08,38225312.0,294414.0,107.09
2023-04-10 04:00:00,106.58,107.16,104.81,106.15,21462689.0,197781.0,105.92
2023-04-11 04:00:00,106.12,106.42,104.49,105.32,20667960.0,198355.0,105.42
2023-04-12 04:00:00,106.58,106.78,104.18,104.43,24627839.0,219283.0,105.04
2023-04-13 04:00:00,105.67,107.45,105.64,107.38,24268699.0,194989.0,106.98
2023-04-14 04:00:00,106.88,108.76,106.78,108.64,20917319.0,195860.0,108.02
2023-04-17 04:00:00,104.64,105.91,104.53,105.62,31315472.0,302131.0,105.3
2023-04-18 04:00:00,106.2,106.25,103.99,104.33,19267495.0,183102.0,104.83
2023-04-19 04:00:00,103.43,104.93,103.02,104.23,18796487.0,158829.0,104.12
2023-04-20 04:00:00,103.86,106.09,103.85,105.11,22515331.0,212385.0,105.02
2023-04-21 04:00:00,105.29,105.84,104.69,105.12,25213626.0,201219.0,105.16
2023-04-24 04:00:00,105.25,106.51,104.57,105.98,23416253.0,203068.0,105.82
2023-04-25 04:00:00,105.81,106.63,103.78,103.82,34076461.0,320042.0,104.83
2023-04-26 04:00:00,104.77,106.22,102.49,103.67,38820555.0,396584.0,104.25
2023-04-27 04:00:00,104.44,108.33,103.64,107.56,38235220.0,348390.0,107.15
2023-04-28 04:00:00,106.99,107.48,105.24,107.41,23944934.0,226769.0,106.73
2023-05-01 04:00:00,106.91,107.86,106.69,106.9,21318422.0,194985.0,107.16
2023-05-02 04:00:00,106.85,106.92,103.72,105.18,23026143.0,211078.0,105.24
2023-05-03 04:00:00,105.42,107.32,104.83,105.32,17388946.0,198129.0,105.78
2023-05-04 04:00:00,105.36,105.5,103.91,104.42,21453002.0,246920.0,104.67
2023-05-05 04:00:00,104.53,105.64,103.95,105.42,23464036.0,216510.0,105.02
2023-05-08 04:00:00,105.0,107.61,105.0,107.43,17522239.0,195917.0,106.71
2023-05-09 04:00:00,107.96,109.76,106.92,107.13,26543888.0,290072.0,108.04
2023-05-10 04:00:00,107.74,112.66,107.67,111.44,50817494.0,553269.0,110.34
2023-05-11 04:00:00,114.99,117.55,114.07,116.02,60865932.0,681163.0,116.39
2023-05-12 04:00:00,116.12,117.37,115.68,117.03,33919916.0,348845.0,116.61
2023-05-15 04:00:00,115.62,117.9,115.61,116.08,22505226.0,299115.0,116.48
2023-05-16 04:00:00,115.95,120.29,115.95,119.19,33970908.0,370878.0,118.89
2023-05-17 04:00:00,119.28,121.36,118.56,120.57,30463880.0,288048.0,120.1
2023-05-18 04:00:00,120.65,122.97,120.58,122.59,30424685.0,322018.0,122.12
2023-05-19 04:00:00,123.27,125.53,121.8,122.32,31395729.0,363993.0,122.97
2023-05-22 04:00:00,122.58,126.1,122.52,124.93,32823462.0,330980.0,124.95
2023-05-23 04:00:00,123.99,124.48,122.13,122.36,26984489.0,265240.0,123.11
2023-05-24 04:00:00,120.97,121.83,119.84,120.73,25133300.0,263227.0,120.72
2023-05-25 04:00:00,124.27,125.03,121.98,123.42,36938236.0,357968.0,123.56
2023-05-26 04:00:00,123.13,125.05,122.36,124.49,27823208.0,244930.0,124.26
2023-05-30 04:00:00,125.34,125.43,121.97,123.7,29122391.0,329779.0,123.6
2023-05-31 04:00:00,122.77,123.96,122.18,122.44,41904778.0,279494.0,122.74
2023-06-01 04:00:00,122.57,124.1,122.37,123.44,27854924.0,247879.0,123.13
2023-06-02 04:00:00,123.56,125.79,123.42,124.29,25002095.0,263688.0,124.42
2023-06-05 04:00:00,123.67,127.03,123.45,125.68,22678226.0,256731.0,125.86
2023-06-06 04:00:00,125.65,127.91,125.02,126.95,19452425.0,220993.0,126.89
2023-06-07 04:00:00,126.62,128.58,121.71,122.02,34180308.0,298229.0,123.41
2023-06-08 04:00:00,121.66,122.8,121.09,121.75,24819569.0,255283.0,121.85
2023-06-09 04:00:00,121.64,123.35,121.5,121.95,20313503.0,209974.0,122.38
2023-06-12 04:00:00,122.47,123.81,121.43,123.42,22298580.0,208931.0,122.68
2023-06-13 04:00:00,124.71,124.92,122.92,123.5,19293716.0,207745.0,123.73
2023-06-14 04:00:00,122.87,123.85,121.24,123.45,24659030.0,256826.0,122.92
2023-06-15 04:00:00,122.95,125.21,122.22,124.85,24518234.0,224694.0,124.09
2023-06-16 04:00:00,125.75,125.75,122.86,123.13,56687861.0,236827.0,123.79
2023-06-20 04:00:00,122.61,124.24,121.91,122.92,22697272.0,208484.0,122.88
2023-06-21 04:00:00,122.31,122.48,119.95,120.35,22607323.0,212549.0,120.7
2023-06-22 04:00:00,119.75,123.0,118.7,122.94,20783843.0,218700.0,121.37
2023-06-23 04:00:00,121.12,122.51,120.95,122.1,29826551.0,214287.0,121.93
2023-06-26 04:00:00,120.55,121.8,118.1,118.2,23199103.0,236811.0,119.32
2023-06-27 04:00:00,116.96,119.0,116.03,118.12,27240232.0,271578.0,117.82
2023-06-28 04:00:00,117.07,120.36,116.72,120.17,19756577.0,217182.0,119.41
2023-06-29 04:00:00,119.19,120.0,118.32,119.11,18517459.0,190232.0,119.08
2023-06-30 04:00:00,120.19,121.11,119.98,120.06,23293101.0,216877.0,120.41
2023-07-03 04:00:00,119.4,120.11,118.81,119.66,13842893.0,150007.0,119.44
2023-07-05 04:00:00,119.16,122.44,119.16,121.71,17835419.0,205317.0,121.56
2023-07-06 04:00:00,119.73,120.24,118.35,120.02,17755400.0,193105.0,119.5
2023-07-07 04:00:00,119.98,120.84,119.19,119.24,20997666.0,202569.0,119.98
2023-07-10 04:00:00,118.18,118.18,115.76,115.99,32962048.0,332038.0,116.42
2023-07-11 04:00:00,115.88,117.34,114.96,116.83,18288049.0,196688.0,116.56
2023-07-12 04:00:00,118.4,120.05,118.11,118.72,22063039.0,215449.0,118.95
2023-07-13 04:00:00,120.63,124.39,120.15,123.89,31549966.0,300760.0,123.4
2023-07-14 04:00:00,124.19,126.14,123.96,124.76,20900355.0,223961.0,124.86
2023-07-17 04:00:00,125.11,126.32,123.57,124.12,20678623.0,208624.0,124.38
2023-07-18 04:00:00,123.97,124.05,122.37,123.15,21075919.0,200400.0,123.05
2023-07-19 04:00:00,123.85,124.53,121.55,121.86,22335569.0,248999.0,122.62
2023-07-20 04:00:00,121.2,123.76,117.79,118.63,27560260.0,295702.0,119.94
2023-07-21 04:00:00,119.96,120.39,118.18,119.41,57666224.0,265117.0,119.34
2023-07-24 04:00:00,121.01,122.42,120.47,120.97,22318617.0,232871.0,121.25
2023-07-25 04:00:00,120.97,122.76,120.62,121.87,31913258.0,344964.0,121.7
2023-07-26 04:00:00,129.38,130.38,127.74,128.69,46223561.0,468593.0,129.03
2023-07-27 04:00:00,130.81,132.6,128.21,128.9,35937117.0,351415.0,130.61
2023-07-28 04:00:00,129.99,133.06,129.94,132.01,26971013.0,259819.0,132.05
2023-07-31 04:00:00,132.01,132.83,131.14,132.11,18382999.0,197892.0,131.91
2023-08-01 04:00:00,129.87,131.92,129.77,130.9,22246712.0,238481.0,130.9
2023-08-02 04:00:00,128.87,129.44,126.89,127.67,22710367.0,242042.0,127.97
2023-08-03 04:00:00,127.41,128.8,126.82,127.8,15115498.0,174654.0,127.9
2023-08-04 04:00:00,128.63,130.94,127.35,127.58,20521853.0,245419.0,128.82
2023-08-07 04:00:00,128.54,131.07,128.46,130.95,17623673.0,202206.0,130.17
2023-08-08 04:00:00,130.0,130.95,129.15,130.85,16837094.0,186263.0,130.38
2023-08-09 04:00:00,131.2,131.48,128.53,129.17,17754865.0,186619.0,129.85
2023-08-10 04:00:00,130.98,131.65,129.06,129.23,17859073.0,204122.0,130.09
2023-08-11 04:00:00,128.23,129.46,127.78,129.19,15205465.0,183702.0,128.79
2023-08-14 04:00:00,128.88,130.92,128.62,130.84,17531083.0,168322.0,130.35
2023-08-15 04:00:00,130.6,131.0,128.84,129.29,14769798.0,175631.0,129.75
2023-08-16 04:00:00,128.31,129.92,127.5,128.14,17549676.0,211052.0,128.42
2023-08-17 04:00:00,129.47,131.5,128.88,129.48,23667972.0,257999.0,129.97
2023-08-18 04:00:00,128.09,128.86,126.05,127.15,23627202.0,259952.0,127.1
2023-08-21 04:00:00,126.89,128.29,126.21,127.96,21853699.0,200511.0,127.58
2023-08-22 04:00:00,128.16,129.97,127.96,128.72,15571036.0,172872.0,128.9
2023-08-23 04:00:00,129.87,133.06,129.53,132.21,26511050.0,260109.0,132.19
2023-08-24 04:00:00,133.72,133.96,129.32,129.44,18683754.0,206787.0,130.84
2023-08-25 04:00:00,129.16,130.41,127.08,129.71,20678096.0,232375.0,128.94
2023-08-28 04:00:00,131.09,132.24,129.87,130.8,16716997.0,202011.0,130.78
2023-08-29 04:00:00,132.0,136.26,131.98,134.47,30812828.0,306409.0,134.31
2023-08-30 04:00:00,134.55,136.22,134.01,135.9,21775133.0,218686.0,135.43
2023-08-31 04:00:00,136.02,137.36,135.79,136.32,28153443.0,274619.0,136.7
2023-09-01 04:00:00,137.39,137.54,134.92,135.77,16671648.0,207753.0,135.78
2023-09-05 04:00:00,135.42,136.34,134.54,135.68,17735376.0,216691.0,135.48
2023-09-06 04:00:00,135.99,136.45,133.68,134.35,15818083.0,195709.0,134.67
2023-09-07 04:00:00,133.59,135.55,132.95,135.18,16977809.0,207198.0,134.78
2023-09-08 04:00:00,134.85,136.48,134.85,136.17,17820006.0,207467.0,135.93
2023-09-11 04:00:00,136.35,137.23,135.53,136.71,17182894.0,188883.0,136.48
2023-09-12 04:00:00,136.1,136.61,134.91,135.05,15216222.0,192885.0,135.53
2023-09-13 04:00:00,134.88,136.67,133.92,136.47,16395995.0,210294.0,135.67
2023-09-14 04:00:00,137.35,138.5,136.03,137.95,19067548.0,206574.0,137.72
2023-09-15 04:00:00,137.76,138.31,136.15,137.26,48958837.0,266140.0,137.22
2023-09-18 04:00:00,136.6,138.88,136.6,137.92,16235324.0,195851.0,138.09
2023-09-19 04:00:00,137.21,138.13,136.47,137.79,15486727.0,173026.0,137.47
2023-09-20 04:00:00,137.79,137.8,133.51,133.58,21486640.0,230737.0,135.19
2023-09-21 04:00:00,131.4,132.19,130.11,130.37,22062623.0,262099.0,130.93
2023-09-22 04:00:00,130.69,132.01,129.53,130.26,17355286.0,193336.0,130.84
2023-09-25 04:00:00,129.79,131.23,129.05,131.18,14656835.0,177896.0,130.61
2023-09-26 04:00:00,129.93,130.42,127.23,128.48,20381254.0,232810.0,128.25
2023-09-27 04:00:00,128.47,130.73,128.41,130.47,18768815.0,206006.0,129.7
2023-09-28 04:00:00,129.71,133.17,129.71,132.13,18203732.0,213630.0,131.78
2023-09-29 04:00:00,133.07,133.88,130.33,130.86,23237337.0,231543.0,131.56
2023-10-02 04:00:00,131.16,134.34,131.07,134.16,19214406.0,231657.0,133.33
2023-10-03 04:00:00,133.92,134.22,131.82,132.3,19637567.0,226827.0,132.58
2023-10-04 04:00:00,132.66,135.55,132.43,135.25,22851575.0,259203.0,134.51
2023-10-05 04:00:00,135.11,135.48,133.45,134.97,15926676.0,184597.0,134.74
2023-10-06 04:00:00,133.93,138.14,133.93,137.69,20826684.0,233147.0,136.95
2023-10-09 04:00:00,136.95,138.92,135.67,138.45,16603468.0,174778.0,137.85
2023-10-10 04:00:00,138.46,139.68,137.39,138.16,19556225.0,217137.0,138.6
2023-10-11 04:00:00,138.8,141.15,138.79,140.64,20149439.0,207189.0,140.31
2023-10-12 04:00:00,141.09,141.31,138.4,139.24,18177783.0,203000.0,139.92
2023-10-13 04:00:00,139.59,140.28,136.93,137.54,19447567.0,215718.0,138.04
2023-10-16 04:00:00,138.68,139.85,138.27,139.44,17346743.0,193306.0,139.26
2023-10-17 04:00:00,138.98,140.19,137.49,139.93,17425248.0,198807.0,139.39
2023-10-18 04:00:00,139.69,140.92,137.66,138.23,18312327.0,218050.0,139.27
2023-10-19 04:00:00,138.75,139.95,137.56,137.94,21837181.0,269031.0,138.65
2023-10-20 04:00:00,137.55,138.0,135.22,135.71,24970264.0,247091.0,136.36
2023-10-23 04:00:00,135.21,137.98,134.1,136.87,20785163.0,230365.0,136.74
2023-10-24 04:00:00,138.12,139.65,137.71,139.07,26568664.0,305619.0,138.93
2023-10-25 04:00:00,128.8,129.12,125.14,125.72,58857667.0,718652.0,126.51
2023-10-26 04:00:00,123.54,124.52,121.4,122.51,33947378.0,377603.0,122.71
2023-10-27 04:00:00,123.1,123.51,120.55,122.47,37367674.0,351896.0,122.05
2023-10-30 04:00:00,123.53,125.6,122.95,124.81,24167619.0,263579.0,124.72
2023-10-31 04:00:00,125.32,125.61,122.99,124.36,21125636.0,234112.0,124.08
2023-11-01 04:00:00,124.4,126.78,123.99,126.61,26553523.0,268403.0,125.84
2023-11-02 04:00:00,128.59,129.11,127.15,127.61,24106013.0,235348.0,127.83
2023-11-03 04:00:00,128.12,129.75,128.04,129.39,19529449.0,218706.0,129.15
2023-11-06 05:00:00,129.24,130.57,128.95,130.46,15361237.0,165664.0,130.0
2023-11-07 05:00:00,130.99,132.28,130.16,131.41,19226005.0,190822.0,131.46
2023-11-08 05:00:00,131.37,132.54,131.17,132.26,15102857.0,164142.0,131.91
2023-11-09 05:00:00,132.36,132.95,130.52,130.7,17981709.0,186631.0,131.5
2023-11-10 05:00:00,130.54,133.26,129.89,133.05,20879839.0,198945.0,132.13
2023-11-13 05:00:00,132.36,133.1,131.77,132.64,16410742.0,159551.0,132.62
2023-11-14 05:00:00,134.63,136.21,134.09,134.41,22324376.0,238869.0,134.91
2023-11-15 05:00:00,135.61,135.81,134.31,135.36,15844267.0,175246.0,135.09
2023-11-16 05:00:00,135.93,137.84,135.06,137.66,17619604.0,204909.0,137.13
2023-11-17 05:00:00,136.79,136.96,134.46,135.91,25590192.0,276270.0,135.63
2023-11-20 05:00:00,134.48,137.39,134.47,136.88,19596867.0,212478.0,136.57
2023-11-21 05:00:00,136.9,137.92,136.67,137.58,17653099.0,180210.0,137.34
2023-11-22 05:00:00,138.06,140.04,137.96,138.97,17310815.0,189661.0,139.03
2023-11-24 05:00:00,138.49,138.63,136.44,137.18,8828641.0,98748.0,137.24
2023-11-27 05:00:00,136.54,138.58,136.51,137.01,17893644.0,188132.0,137.19
2023-11-28 05:00:00,136.6,137.62,136.01,137.58,17050066.0,162278.0,137.07
2023-11-29 05:00:00,137.94,138.62,135.27,135.38,21017761.0,216002.0,136.13
2023-11-30 05:00:00,135.38,135.93,131.79,132.91,29916997.0,271067.0,132.98
2023-12-01 05:00:00,132.32,132.5,131.16,132.32,24267989.0,247529.0,131.93
2023-12-04 05:00:00,130.31,130.46,128.43,129.65,24121231.0,265314.0,129.3
2023-12-05 05:00:00,129.39,132.54,128.76,131.4,19242850.0,226761.0,131.17
2023-12-06 05:00:00,131.9,132.31,130.32,130.44,16373332.0,184833.0,131.09
2023-12-07 05:00:00,135.57,138.95,135.21,137.41,38429799.0,372100.0,137.49
2023-12-08 05:00:00,134.64,136.95,134.55,135.61,23016139.0,250188.0,135.61
2023-12-11 05:00:00,132.82,133.78,131.89,133.69,24518953.0,249596.0,133.09
2023-12-12 05:00:00,132.27,133.53,131.83,132.64,26589114.0,244002.0,132.66
2023-12-13 05:00:00,133.54,133.77,131.95,132.96,25414468.0,240710.0,132.88
2023-12-14 05:00:00,133.76,134.02,130.08,132.2,29629174.0,295942.0,131.79
2023-12-15 05:00:00,131.92,133.82,131.63,132.84,58594004.0,266225.0,132.58
2023-12-18 05:00:00,132.86,137.34,132.77,136.16,25705362.0,252770.0,135.97
2023-12-19 05:00:00,136.96,137.73,136.42,137.06,20666437.0,187556.0,137.05
2023-12-20 05:00:00,139.28,142.0,138.36,138.61,33517609.0,351756.0,140.1
2023-12-21 05:00:00,139.71,140.96,139.42,140.74,18107174.0,207610.0,140.32
2023-12-22 05:00:00,141.06,142.17,140.99,141.65,18513524.0,200293.0,141.55
2023-12-26 05:00:00,141.91,142.86,141.43,141.75,11170812.0,132422.0,141.88
2023-12-27 05:00:00,141.76,142.24,139.99,140.38,17289341.0,175837.0,140.53
2023-12-28 05:00:00,140.79,141.2,139.77,140.22,12192915.0,150372.0,140.34
2023-12-29 05:00:00,139.62,140.37,138.85,139.87,14880961.0,166373.0,139.72
2024-01-02 05:00:00,138.55,139.56,136.71,138.51,20076668.0,229087.0,138.06
2024-01-03 05:00:00,137.56,140.03,137.39,139.31,18976882.0,191902.0,139.08
2024-01-04 05:00:00,138.8,139.58,136.97,137.0,18255103.0,182309.0,137.93
2024-01-05 05:00:00,137.31,137.77,135.82,136.36,15439475.0,174619.0,136.65
2024-01-08 05:00:00,136.96,139.58,136.85,139.48,17646935.0,166688.0,138.74
2024-01-09 05:00:00,139.01,141.73,138.74,141.49,19585850.0,215361.0,140.9
2024-01-10 05:00:00,141.45,143.44,141.39,142.72,16642821.0,191548.0,142.55
2024-01-11 05:00:00,143.81,145.56,141.15,142.59,17476618.0,221387.0,142.71
2024-01-12 05:00:00,143.26,143.65,142.28,143.16,13998729.0,153631.0,143.15
2024-01-16 05:00:00,142.35,144.75,141.98,143.0,19200344.0,210724.0,143.05
2024-01-17 05:00:00,141.84,142.33,139.46,141.82,17885868.0,214211.0,141.13
2024-01-18 05:00:00,142.36,144.49,142.27,143.9,18881471.0,214375.0,143.6
2024-01-19 05:00:00,145.21,146.93,144.71,146.86,27181032.0,266925.0,146.25
2024-01-22 05:00:00,147.59,148.89,146.47,146.6,22281849.0,225208.0,147.55
2024-01-23 05:00:00,146.61,147.74,146.09,147.56,14116154.0,172927.0,147.21
2024-01-24 05:00:00,149.16,150.43,148.72,149.22,19249639.0,228155.0,149.56
2024-01-25 05:00:00,150.6,153.6,150.09,152.49,21515151.0,283297.0,152.29
2024-01-26 05:00:00,151.72,152.95,151.65,152.64,19494488.0,224485.0,152.4
2024-01-29 05:00:00,152.49,154.04,151.77,153.68,20909158.0,248341.0,152.97
2024-01-30 05:00:00,152.85,153.88,151.63,151.9,26578934.0,344567.0,152.58
2024-01-31 05:00:00,144.3,144.5,140.49,140.74,43908584.0,592280.0,142.1
2024-02-01 05:00:00,142.61,143.53,141.19,141.64,25526855.0,329689.0,142.07
2024-02-02 05:00:00,139.83,142.8,137.13,142.46,42136127.0,528122.0,140.54
2024-02-05 05:00:00,142.96,145.57,142.83,143.84,29254444.0,342883.0,144.15
2024-02-06 05:00:00,144.86,145.64,143.44,144.32,21517655.0,240631.0,144.33
2024-02-07 05:00:00,145.02,145.9,144.12,145.58,21436126.0,236932.0,145.29
2024-02-08 05:00:00,145.87,146.5,145.32,146.12,18241319.0,191624.0,146.01
2024-02-09 05:00:00,146.84,149.56,146.32,149.09,21877693.0,241601.0,148.63
2024-02-12 05:00:00,148.42,149.46,147.45,147.61,17236108.0,206614.0,148.28
2024-02-13 05:00:00,144.97,146.93,144.02,145.27,18138482.0,247195.0,145.31
2024-02-14 05:00:00,146.26,146.72,144.46,146.04,16651824.0,209145.0,145.58
2024-02-15 05:00:00,143.38,143.67,140.82,142.86,26724305.0,349244.0,142.35
2024-02-16 05:00:00,143.13,143.4,140.46,140.7,21865118.0,271617.0,141.3
2024-02-20 05:00:00,139.88,142.25,139.74,141.13,18625589.0,235771.0,141.11
2024-02-21 05:00:00,141.57,142.9,140.84,142.76,16499584.0,220920.0,142.17
2024-02-22 05:00:00,145.02,145.1,142.93,144.23,23024707.0,249677.0,144.05
2024-02-23 05:00:00,143.88,144.86,143.7,144.2,14519434.0,189743.0,144.21
2024-02-26 05:00:00,142.37,142.76,137.7,137.71,33513011.0,402504.0,139.15
2024-02-27 05:00:00,138.36,139.44,137.46,139.05,22364505.0,273368.0,138.46
2024-02-28 05:00:00,138.06,138.23,135.61,136.4,30628702.0,334769.0,136.42
2024-02-29 05:00:00,137.31,138.9,136.54,138.73,35485006.0,287329.0,138.03
2024-03-01 05:00:00,138.56,138.95,136.94,137.04,28551525.0,314669.0,137.71
2024-03-04 05:00:00,135.52,135.6,131.86,133.19,43571510.0,495654.0,132.98
2024-03-05 05:00:00,131.74,133.01,130.56,132.78,28447550.0,343013.0,132.01
2024-03-06 05:00:00,133.23,133.73,130.96,131.57,23175200.0,302445.0,131.71
2024-03-07 05:00:00,132.89,134.8,131.66,134.22,24107282.0,279499.0,133.78
2024-03-08 05:00:00,134.02,137.94,133.79,135.27,26495160.0,333673.0,136.1
2024-03-11 04:00:00,136.04,138.93,136.04,137.9,22536365.0,299630.0,137.99
2024-03-12 04:00:00,137.21,139.23,137.17,138.57,19019696.0,235625.0,138.58
2024-03-13 04:00:00,139.01,141.12,138.96,139.71,19636999.0,242700.0,140.09
2024-03-14 04:00:00,141.23,143.64,140.42,143.26,36117913.0,410370.0,142.7
2024-03-15 04:00:00,142.33,143.26,140.07,141.1,41039494.0,300056.0,141.24
2024-03-18 04:00:00,148.25,151.78,147.03,147.37,47676689.0,638454.0,149.18
2024-03-19 04:00:00,147.86,148.5,145.91,146.81,17748367.0,218450.0,146.67
2024-03-20 04:00:00,147.67,148.64,146.56,148.56,17729996.0,248032.0,147.85
2024-03-21 04:00:00,149.19,150.17,146.9,147.62,19843915.0,260573.0,147.94
2024-03-22 04:00:00,149.11,151.41,148.96,150.63,19252925.0,243267.0,150.59
2024-03-25 04:00:00,149.82,150.32,147.68,150.02,15114728.0,195747.0,149.43
2024-03-26 04:00:00,150.1,152.05,149.9,150.56,19312694.0,211856.0,150.98
2024-03-27 04:00:00,151.0,151.54,149.0,150.8,16621964.0,222194.0,150.21
2024-03-28 04:00:00,150.86,151.52,150.19,151.12,21105628.0,206731.0,151.02
2024-04-01 04:00:00,150.69,155.82,150.51,155.33,24469815.0,301866.0,154.65
2024-04-02 04:00:00,153.59,154.82,152.31,154.7,17598064.0,229211.0,153.95
2024-04-03 04:00:00,153.76,155.38,152.98,155.2,17266175.0,212996.0,154.64
2024-04-04 04:00:00,153.92,155.01,150.74,150.8,24184842.0,339217.0,152.73
2024-04-05 04:00:00,150.54,153.68,149.95,152.78,16297319.0,228132.0,152.65
2024-04-08 04:00:00,152.86,155.48,152.83,154.97,16641530.0,212811.0,154.82
2024-04-09 04:00:00,156.17,158.69,155.46,156.95,21538140.0,272532.0,156.94
2024-04-10 04:00:00,156.7,156.97,155.03,156.48,16339174.0,243774.0,156.06
2024-04-11 04:00:00,157.15,159.91,156.74,159.58,17841703.0,243303.0,158.67
2024-04-12 04:00:00,158.21,160.49,157.41,158.0,16977157.0,227913.0,158.46
2024-04-15 04:00:00,159.08,159.62,154.98,155.16,21140948.0,286986.0,157.2
2024-04-16 04:00:00,154.47,156.05,153.89,154.83,15413201.0,225546.0,155.0
2024-04-17 04:00:00,156.01,157.49,154.96,155.7,16237752.0,233545.0,156.11
2024-04-18 04:00:00,155.75,157.3,155.04,156.28,14016065.0,221703.0,156.37
2024-04-19 04:00:00,156.57,156.8,152.75,154.55,21479881.0,266245.0,154.66
2024-04-22 04:00:00,154.84,157.99,154.49,156.76,17243870.0,228093.0,156.39
2024-04-23 04:00:00,157.4,159.28,156.78,158.72,16115408.0,209370.0,158.55
2024-04-24 04:00:00,157.9,160.18,157.63,159.89,19485694.0,271087.0,159.07
2024-04-25 04:00:00,152.21,157.09,151.62,156.76,36197789.0,512773.0,155.46
2024-04-26 04:00:00,174.67,175.1,170.11,172.39,56500787.0,658868.0,172.35
2024-04-29 04:00:00,169.49,170.09,165.81,166.64,35914561.0,427017.0,167.77
2024-04-30 04:00:00,166.12,168.6,163.27,163.4,29420755.0,311016.0,165.15
2024-05-01 04:00:00,164.93,167.54,163.66,164.33,25223245.0,355992.0,165.41
2024-05-02 04:00:00,165.42,167.27,164.45,167.2,17041119.0,212692.0,166.25
2024-05-03 04:00:00,168.27,168.58,163.74,167.72,22767056.0,323177.0,166.42
2024-05-06 04:00:00,167.95,168.62,166.63,168.56,15147906.0,216521.0,167.7
2024-05-07 04:00:00,168.84,172.17,168.72,171.68,21102434.0,264466.0,171.12
2024-05-08 04:00:00,169.47,170.62,169.24,169.88,14569858.0,166509.0,170.03
2024-05-09 04:00:00,169.87,171.15,168.65,170.29,11937704.0,171389.0,169.68
2024-05-10 04:00:00,168.42,170.05,166.65,169.01,18740458.0,263119.0,168.57
2024-05-13 04:00:00,164.6,169.67,164.52,169.62,19648585.0,269359.0,167.35
2024-05-14 04:00:00,170.3,171.48,169.14,170.64,18729463.0,229608.0,170.36
2024-05-15 04:00:00,171.01,172.74,170.74,172.57,20958245.0,223635.0,172.03
2024-05-16 04:00:00,173.29,175.02,172.74,174.11,17247311.0,226159.0,174.12
2024-05-17 04:00:00,174.23,176.16,173.67,175.96,16546353.0,188342.0,175.54
2024-05-20 04:00:00,175.98,178.6,175.89,177.12,17495122.0,193443.0,177.23
2024-05-21 04:00:00,177.06,178.47,175.98,178.19,14706021.0,159471.0,177.76
2024-05-22 04:00:00,177.06,177.51,175.45,176.66,16189404.0,169057.0,176.35
2024-05-23 04:00:00,177.44,178.56,173.23,173.75,14928363.0,191884.0,175.2
2024-05-24 04:00:00,175.2,175.97,173.89,175.01,11403560.0,148201.0,175.19
2024-05-28 04:00:00,174.42,177.17,174.36,176.68,15655340.0,184114.0,176.25
2024-05-29 04:00:00,175.48,176.89,174.94,176.07,15023847.0,164171.0,176.21
2024-05-30 04:00:00,175.36,175.36,171.93,172.26,18844036.0,218895.0,173.01
2024-05-31 04:00:00,172.1,173.11,169.69,172.65,28085151.0,250233.0,171.96
2024-06-03 04:00:00,172.57,174.54,171.16,173.11,20742798.0,249250.0,172.54
2024-06-04 04:00:00,173.14,173.88,171.92,173.82,14066602.0,161979.0,173.15
2024-06-05 04:00:00,175.21,176.63,173.97,175.74,15233861.0,206187.0,175.37
2024-06-06 04:00:00,176.1,177.37,175.88,177.01,14255818.0,195562.0,176.74
2024-06-07 04:00:00,177.12,178.07,174.47,174.63,14716270.0,217054.0,176.07
2024-06-10 04:00:00,175.32,177.33,173.27,175.5,17122247.0,244887.0,174.83
2024-06-11 04:00:00,176.59,177.25,174.32,177.05,14402401.0,182446.0,176.07
2024-06-12 04:00:00,178.6,180.92,176.65,178.41,18600421.0,241285.0,178.37
2024-06-13 04:00:00,176.71,177.37,175.53,175.61,15956941.0,178623.0,176.22
2024-06-14 04:00:00,174.73,177.59,174.73,177.23,12361571.0,146244.0,176.83
2024-06-17 04:00:00,175.85,178.77,175.36,177.64,15272864.0,186291.0,177.08
2024-06-18 04:00:00,177.65,177.77,174.5,175.32,15640257.0,216758.0,175.64
2024-06-20 04:00:00,175.58,177.6,175.33,176.58,16753166.0,204030.0,176.32
2024-06-21 04:00:00,177.35,181.35,176.92,179.11,59728019.0,321390.0,179.17
2024-06-24 04:00:00,180.12,180.92,179.08,179.64,18198282.0,231156.0,179.83
2024-06-25 04:00:00,179.99,184.56,179.95,184.4,18917734.0,216817.0,182.97
2024-06-26 04:00:00,183.02,184.74,182.82,184.19,13375715.0,178681.0,184.07
2024-06-27 04:00:00,184.46,186.3,184.27,185.67,13025656.0,192618.0,185.47
2024-06-28 04:00:00,184.53,185.39,182.16,182.25,22804358.0,214173.0,183.18
2024-07-01 04:00:00,183.3,184.16,181.56,183.31,11815862.0,173780.0,182.93
2024-07-02 04:00:00,182.3,185.76,181.89,185.42,12555545.0,146381.0,184.64
2024-07-03 04:00:00,185.11,186.42,184.2,186.19,7409106.0,109331.0,185.74
2024-07-05 04:00:00,186.12,191.03,186.12,190.74,14303361.0,197375.0,190.12
2024-07-08 04:00:00,190.14,190.46,188.11,189.26,12097611.0,179302.0,189.27
2024-07-09 04:00:00,190.53,191.63,189.02,189.22,10224925.0,159433.0,189.97
2024-07-10 04:00:00,189.53,192.08,189.4,191.43,12052906.0,157756.0,191.04
2024-07-11 04:00:00,190.12,191.18,185.63,186.1,16451981.0,240355.0,187.3
2024-07-12 04:00:00,185.73,187.49,184.95,185.59,14449113.0,209367.0,186.05
2024-07-15 04:00:00,185.3,188.69,185.3,186.99,12186015.0,167144.0,187.15
2024-07-16 04:00:00,187.75,189.13,183.94,184.32,12760102.0,185546.0,185.36
2024-07-17 04:00:00,183.5,184.05,180.46,181.45,17376563.0,262688.0,181.62
2024-07-18 04:00:00,182.37,182.88,177.07,178.08,17877197.0,278039.0,178.71
2024-07-19 04:00:00,179.22,180.81,177.72,178.25,14485899.0,185773.0,178.86
2024-07-22 04:00:00,181.19,183.12,180.74,182.18,16303896.0,210321.0,182.2
2024-07-23 04:00:00,182.67,184.04,182.16,182.43,23772602.0,288307.0,183.11
2024-07-24 04:00:00,174.27,176.81,172.46,173.26,31250683.0,469377.0,174.09
2024-07-25 04:00:00,173.14,174.08,167.97,168.08,28967880.0,403324.0,170.52
2024-07-26 04:00:00,167.69,168.76,164.81,167.6,25150116.0,356460.0,166.93
2024-07-29 04:00:00,169.41,171.06,168.64,170.04,13768931.0,209124.0,169.96
2024-07-30 04:00:00,170.73,171.85,169.03,170.76,13681418.0,207784.0,170.55
2024-07-31 04:00:00,173.8,174.79,170.62,172.05,15650154.0,208393.0,172.15
2024-08-01 04:00:00,170.88,174.56,169.42,171.35,17177833.0,259802.0,171.59
2024-08-02 04:00:00,167.12,169.12,165.33,167.33,18907773.0,307734.0,166.8
2024-08-05 04:00:00,156.37,164.88,155.6,159.61,34907815.0,599905.0,160.84
2024-08-06 04:00:00,159.92,161.31,157.12,159.52,36146541.0,416153.0,159.47
2024-08-07 04:00:00,162.2,163.74,159.22,159.72,19334246.0,293495.0,161.04
2024-08-08 04:00:00,161.31,164.44,161.0,162.79,15733612.0,220954.0,163.07
2024-08-09 04:00:00,160.61,164.46,159.9,164.33,13549230.0,216231.0,162.16
2024-08-12 04:00:00,164.94,165.64,162.51,162.9,12434969.0,174875.0,163.53
2024-08-13 04:00:00,164.13,165.48,163.72,164.87,12717628.0,167219.0,164.66
2024-08-14 04:00:00,163.16,163.91,158.51,161.0,22515895.0,301626.0,160.34
2024-08-15 04:00:00,161.17,162.48,160.46,162.13,18392452.0,226900.0,161.67
2024-08-16 04:00:00,162.37,165.88,162.04,163.69,16853137.0,216511.0,164.03
2024-08-19 04:00:00,165.93,167.39,165.03,167.33,13100762.0,175796.0,166.46
2024-08-20 04:00:00,167.66,169.32,167.58,167.88,12622523.0,165900.0,168.37
2024-08-21 04:00:00,165.92,167.56,165.51,166.56,15269550.0,178078.0,166.51
2024-08-22 04:00:00,167.96,168.34,163.98,164.43,19123778.0,204744.0,165.35
2024-08-23 04:00:00,165.49,166.88,164.6,166.36,14281621.0,154796.0,165.97
2024-08-26 04:00:00,167.08,168.3,165.26,166.86,11990305.0,147708.0,166.75
2024-08-27 04:00:00,166.54,167.17,165.1,165.32,13718162.0,168173.0,166.09
2024-08-28 04:00:00,165.72,166.32,162.24,163.45,15208736.0,183451.0,163.57
2024-08-29 04:00:00,165.0,166.56,160.95,162.36,17133830.0,233989.0,163.71
2024-08-30 04:00:00,163.17,164.23,162.37,164.06,18498777.0,203645.0,163.59
2024-09-03 04:00:00,162.27,162.34,156.85,157.6,26533110.0,342672.0,158.78
2024-09-04 04:00:00,157.07,159.38,156.44,156.8,17410652.0,258440.0,157.55
2024-09-05 04:00:00,156.77,159.99,156.51,157.59,14139501.0,219794.0,157.96
2024-09-06 04:00:00,157.68,158.2,150.97,151.16,24999062.0,327383.0,152.35
2024-09-09 04:00:00,152.85,153.86,147.45,148.78,28057746.0,384442.0,149.59
2024-09-10 04:00:00,150.68,151.53,148.79,149.25,20401774.0,260308.0,149.85
2024-09-11 04:00:00,150.33,151.71,147.95,151.38,18991486.0,259130.0,150.31
2024-09-12 04:00:00,154.03,154.82,152.72,154.75,21024062.0,282417.0,154.2
2024-09-13 04:00:00,155.57,158.47,155.32,157.57,16733908.0,247483.0,157.27
2024-09-16 04:00:00,157.53,158.44,156.81,158.19,14157614.0,208649.0,157.97
2024-09-17 04:00:00,159.28,160.77,158.6,159.47,12064790.0,188006.0,159.48
2024-09-18 04:00:00,160.04,160.81,158.85,160.0,16756450.0,281304.0,159.9
2024-09-19 04:00:00,163.99,164.16,161.7,162.42,17548190.0,222943.0,162.84
2024-09-20 04:00:00,163.69,163.92,162.36,163.81,46362673.0,206277.0,163.6
2024-09-23 04:00:00,164.5,165.77,162.13,162.25,15648446.0,199394.0,163.26
2024-09-24 04:00:00,163.42,163.72,161.21,162.81,18774056.0,159578.0,162.77
2024-09-25 04:00:00,162.15,163.39,161.95,162.17,13607892.0,171678.0,162.46
2024-09-26 04:00:00,164.2,164.66,162.67,163.0,18234497.0,219657.0,163.33
2024-09-27 04:00:00,163.08,166.13,163.0,164.45,13604261.0,207605.0,164.66
2024-09-30 04:00:00,163.95,166.51,163.81,166.35,14083451.0,187826.0,165.44
2024-10-01 04:00:00,168.01,169.58,165.06,167.57,18629506.0,268616.0,167.22
2024-10-02 04:00:00,166.91,168.03,165.41,166.46,12744975.0,184891.0,166.27
2024-10-03 04:00:00,164.98,167.06,164.53,166.37,11004333.0,165784.0,166.1
2024-10-04 04:00:00,168.48,168.69,166.12,167.71,11435318.0,183968.0,167.3
2024-10-07 04:00:00,168.29,169.04,163.3,163.56,14034722.0,197526.0,165.13
2024-10-08 04:00:00,164.59,165.26,163.48,164.86,11723885.0,174365.0,164.42
2024-10-09 04:00:00,164.02,165.42,160.31,162.24,19666411.0,303539.0,162.02
2024-10-10 04:00:00,161.29,163.48,160.82,162.36,12900492.0,189628.0,162.44
2024-10-11 04:00:00,162.5,164.43,161.68,163.69,10945971.0,178371.0,163.62
2024-10-14 04:00:00,164.08,166.77,163.95,165.51,9981765.0,158711.0,165.52
2024-10-15 04:00:00,166.3,168.24,165.21,166.06,14829338.0,217711.0,166.34
2024-10-16 04:00:00,165.19,166.43,164.38,165.9,9968474.0,159499.0,165.54
2024-10-17 04:00:00,166.53,167.08,163.54,163.68,15113356.0,211526.0,164.53
2024-10-18 04:00:00,164.04,165.53,163.92,164.22,13091267.0,151587.0,164.45
2024-10-21 04:00:00,163.75,165.38,163.47,164.96,11384047.0,153911.0,164.72
2024-10-22 04:00:00,163.87,166.62,163.84,165.98,11958617.0,148118.0,165.74
2024-10-23 04:00:00,165.59,166.75,162.81,163.65,12754283.0,177401.0,164.0
2024-10-24 04:00:00,163.76,164.22,161.95,163.7,12764430.0,174450.0,163.44
2024-10-25 04:00:00,164.53,166.55,164.4,166.15,14566410.0,178351.0,165.92
2024-10-28 04:00:00,169.73,169.74,164.95,167.49,20858254.0,282564.0,167.67
2024-10-29 04:00:00,168.53,170.99,167.81,170.28,28916106.0,402805.0,169.86
2024-10-30 04:00:00,181.49,182.86,174.86,175.25,49698313.0,644883.0,179.28
2024-10-31 04:00:00,173.84,177.52,171.69,171.82,32801898.0,424625.0,173.87
2024-11-01 04:00:00,170.67,172.94,169.45,171.78,21752859.0,273120.0,171.82
2024-11-04 05:00:00,170.37,171.05,168.63,169.82,16193994.0,209361.0,169.81
2024-11-05 05:00:00,169.97,171.23,169.51,170.54,12518282.0,166209.0,170.47
2024-11-06 05:00:00,174.46,177.74,174.16,177.43,27061510.0,341546.0,176.59
2024-11-07 05:00:00,178.21,181.66,177.99,181.36,16730407.0,249075.0,180.26
2024-11-08 05:00:00,181.08,181.43,178.66,178.95,15021549.0,204071.0,179.4
2024-11-11 05:00:00,179.16,181.17,179.08,181.05,12503422.0,167467.0,180.57
2024-11-12 05:00:00,180.46,183.1,180.08,182.39,14065845.0,205257.0,181.81
2024-11-13 05:00:00,181.23,181.69,179.21,179.58,13969709.0,208820.0,180.01
2024-11-14 05:00:00,178.84,179.53,175.14,176.45,17925763.0,239083.0,176.52
2024-11-15 05:00:00,174.75,174.99,171.87,173.01,21708870.0,262323.0,173.21
2024-11-18 05:00:00,174.07,176.02,173.54,175.91,18765409.0,185856.0,175.2
2024-11-19 05:00:00,174.35,179.26,174.23,178.67,15392866.0,195944.0,177.76
2024-11-20 05:00:00,177.93,178.21,174.44,176.43,15721885.0,190875.0,176.04
2024-11-21 05:00:00,174.57,174.69,164.47,168.38,38839431.0,531715.0,167.29
2024-11-22 05:00:00,166.32,167.41,164.87,165.73,24497042.0,321787.0,166.01
2024-11-25 05:00:00,167.14,169.6,166.55,168.57,21395652.0,244397.0,168.43
2024-11-26 05:00:00,168.63,170.63,168.57,169.76,14937478.0,193122.0,169.75
2024-11-27 05:00:00,169.82,170.28,168.81,169.96,12433371.0,151438.0,169.86
2024-11-29 05:00:00,169.2,170.01,167.9,169.63,9250712.0,106115.0,169.4
2024-12-02 05:00:00,169.46,172.72,169.41,172.11,16593444.0,187930.0,171.87
2024-12-03 05:00:00,172.25,173.44,171.64,172.15,15721483.0,160657.0,172.21
2024-12-04 05:00:00,171.91,175.54,171.88,175.2,18239842.0,180310.0,174.59
2024-12-05 05:00:00,176.42,176.81,173.13,173.43,16145520.0,187434.0,174.23
2024-12-06 05:00:00,173.0,175.95,172.67,175.6,13319549.0,170429.0,175.24
2024-12-09 05:00:00,175.02,177.34,174.71,176.4,19887786.0,229218.0,176.25
2024-12-10 05:00:00,183.81,187.29,181.95,185.8,34317438.0,474989.0,184.93
2024-12-11 05:00:00,185.97,196.12,185.53,195.94,41664489.0,524587.0,193.39
2024-12-12 05:00:00,195.53,195.93,192.52,192.87,25197757.0,328008.0,194.28
2024-12-13 05:00:00,191.95,193.58,190.51,190.63,18883217.0,253180.0,191.71
2024-12-16 05:00:00,193.6,199.85,193.35,197.38,32248640.0,356155.0,197.31
2024-12-17 05:00:00,197.75,202.08,195.92,196.35,24129481.0,328308.0,197.78
2024-12-18 05:00:00,196.06,197.91,188.54,189.4,27638416.0,306245.0,192.35
2024-12-19 05:00:00,192.52,193.84,188.78,188.95,26981196.0,304784.0,190.6
2024-12-20 05:00:00,186.28,193.37,185.64,192.2,45319703.0,292174.0,190.74
2024-12-23 05:00:00,193.27,195.72,190.88,195.22,15235942.0,205122.0,194.05
2024-12-24 05:00:00,195.4,196.89,194.43,196.79,6809823.0,95058.0,196.17
2024-12-26 05:00:00,195.97,197.38,195.1,196.33,7918434.0,118569.0,196.52
2024-12-27 05:00:00,195.7,196.03,191.22,193.28,14692994.0,196859.0,192.99
2024-12-30 05:00:00,190.12,193.02,189.61,191.93,12209534.0,183543.0,191.75
2024-12-31 05:00:00,191.69,192.49,188.84,189.69,14355221.0,193679.0,190.33
2025-01-02 05:00:00,190.73,192.44,187.97,189.88,17545162.0,257496.0,189.92
2025-01-03 05:00:00,191.97,193.74,190.6,192.37,12874957.0,167259.0,192.32
2025-01-06 05:00:00,194.38,198.78,194.29,197.18,19483323.0,220943.0,197.14
2025-01-07 05:00:00,197.49,201.35,195.17,195.94,16966760.0,217018.0,197.37
2025-01-08 05:00:00,193.19,196.86,192.99,194.62,14335341.0,196308.0,195.0
2025-01-10 05:00:00,194.65,196.84,190.85,192.41,20753794.0,236745.0,193.12
2025-01-13 05:00:00,190.6,191.73,187.92,191.53,13169060.0,195557.0,190.4
2025-01-14 05:00:00,191.74,192.51,188.89,190.3,13651183.0,160037.0,190.61
2025-01-15 05:00:00,193.59,197.02,192.57,196.21,12894875.0,180823.0,195.46
2025-01-16 05:00:00,195.06,196.21,193.54,193.65,13449581.0,181909.0,194.63
2025-01-17 05:00:00,197.27,198.03,194.54,196.77,22109129.0,175468.0,196.8
2025-01-21 05:00:00,199.72,203.04,198.66,198.85,19005232.0,220698.0,199.73
2025-01-22 05:00:00,199.76,201.33,198.42,199.24,15477376.0,197583.0,199.79
2025-01-23 05:00:00,199.19,201.15,196.05,198.8,15170838.0,211464.0,198.85
2025-01-24 05:00:00,199.06,201.77,199.0,201.11,12732376.0,181288.0,200.63
2025-01-27 05:00:00,193.43,197.89,191.94,193.01,24970173.0,379986.0,194.18
2025-01-28 05:00:00,193.89,196.46,191.85,196.3,15939161.0,220597.0,195.36
2025-01-29 05:00:00,196.59,197.68,194.42,196.41,12287818.0,186785.0,196.12
2025-01-30 05:00:00,198.98,202.44,198.69,201.83,14571479.0,208136.0,201.14
2025-01-31 05:00:00,202.91,206.27,202.78,204.79,17087335.0,248047.0,205.0
2025-02-03 05:00:00,201.42,204.41,200.87,201.84,16705169.0,271710.0,202.52
2025-02-04 05:00:00,203.7,207.88,203.46,206.89,28210332.0,399665.0,206.11
2025-02-05 05:00:00,192.34,193.79,189.16,192.54,43719589.0,678355.0,191.29
2025-02-06 05:00:00,190.24,193.07,189.74,192.55,20816593.0,291111.0,191.69
2025-02-07 05:00:00,191.98,192.26,184.37,186.4,29452094.0,436001.0,187.35
2025-02-10 05:00:00,188.32,189.24,186.87,187.46,16590361.0,228584.0,187.8
2025-02-11 05:00:00,186.1,188.06,185.35,186.34,13028100.0,190996.0,186.34
2025-02-12 05:00:00,184.5,186.1,182.91,184.7,17632314.0,209210.0,184.65
2025-02-13 05:00:00,185.2,187.25,184.15,187.14,12729334.0,188801.0,185.78
2025-02-14 05:00:00,186.1,187.41,185.38,186.14,12714154.0,178362.0,186.24
2025-02-18 05:00:00,186.7,187.04,182.86,185.07,19796028.0,299839.0,184.9
2025-02-19 05:00:00,185.45,186.62,184.77,186.39,13102277.0,173917.0,185.91
2025-02-20 05:00:00,185.77,186.38,183.87,185.91,12063807.0,189798.0,185.42
2025-02-21 05:00:00,186.55,186.73,180.42,180.87,19520782.0,334661.0,182.59
2025-02-24 05:00:00,183.08,184.36,180.17,180.48,18734014.0,253615.0,181.5
2025-02-25 05:00:00,179.45,180.05,176.08,176.67,20832485.0,337126.0,177.54
2025-02-26 05:00:00,176.25,177.38,172.91,174.01,23693251.0,341155.0,175.01
2025-02-27 05:00:00,175.25,175.9,169.09,169.54,25930530.0,362970.0,171.23
2025-02-28 05:00:00,169.63,171.82,167.73,171.54,30049812.0,374343.0,170.2
2025-03-03 05:00:00,173.05,174.31,166.98,168.0,24121991.0,325142.0,169.98
2025-03-04 05:00:00,167.28,174.48,166.88,171.93,30711408.0,456240.0,170.5
2025-03-05 05:00:00,171.64,175.06,170.26,174.3,18848036.0,284021.0,172.97
2025-03-06 05:00:00,171.87,176.04,171.83,173.53,19082404.0,274546.0,173.82
2025-03-07 05:00:00,172.56,176.2,171.57,175.06,16395287.0,259338.0,174.09
2025-03-10 04:00:00,169.69,169.98,165.11,167.35,28990724.0,457074.0,167.18
2025-03-11 04:00:00,166.22,168.19,162.79,165.52,23705899.0,367939.0,165.77
2025-03-12 04:00:00,168.01,169.07,165.03,168.54,19880062.0,269746.0,167.61
2025-03-13 04:00:00,167.52,167.66,163.62,164.28,15206165.0,254033.0,164.93
2025-03-14 04:00:00,164.86,167.79,164.06,167.16,18611094.0,259951.0,166.3
2025-03-17 04:00:00,166.87,168.0,165.36,166.11,17839139.0,224126.0,166.47
2025-03-18 04:00:00,165.5,165.98,158.36,162.22,24616784.0,360427.0,161.28
2025-03-19 04:00:00,163.47,167.67,162.6,165.82,24955717.0,284137.0,165.37
2025-03-20 04:00:00,163.38,166.57,162.69,164.6,19981512.0,270214.0,164.75
2025-03-21 04:00:00,162.93,166.01,162.58,165.79,29882064.0,205432.0,164.67
2025-03-24 04:00:00,168.8,170.03,166.98,169.46,18742848.0,211949.0,169.11
2025-03-25 04:00:00,170.71,172.44,170.08,172.32,13841592.0,171969.0,171.7
2025-03-26 04:00:00,170.83,171.47,166.4,166.68,22554236.0,303905.0,168.18
2025-03-27 04:00:00,166.25,166.98,163.4,163.63,21571174.0,310357.0,164.78
2025-03-28 04:00:00,161.91,163.36,154.91,155.63,34866462.0,515384.0,157.46
2025-03-31 04:00:00,154.39,156.7,151.79,155.8,33591401.0,423261.0,154.75
2025-04-01 04:00:00,154.87,159.64,154.83,158.44,20111376.0,322502.0,157.92
2025-04-02 04:00:00,156.53,159.84,156.1,158.42,17113321.0,261834.0,158.16
2025-04-03 04:00:00,152.42,154.26,151.76,152.21,28416065.0,446455.0,152.85
2025-04-04 04:00:00,149.49,152.67,147.14,147.33,39831755.0,625802.0,149.31
2025-04-07 04:00:00,143.0,154.51,142.27,148.83,47823024.0,751118.0,147.73
2025-04-08 04:00:00,153.15,154.02,144.81,146.18,35297685.0,590923.0,149.31
2025-04-09 04:00:00,145.93,161.43,145.41,160.62,46473185.0,732694.0,154.88
2025-04-10 04:00:00,158.32,159.59,151.78,154.94,35270540.0,632822.0,155.61
2025-04-11 04:00:00,155.16,159.42,155.16,158.96,22581989.0,389456.0,158.03
2025-04-14 04:00:00,161.86,163.58,159.48,161.03,18255931.0,288547.0,161.56
2025-04-15 04:00:00,161.13,161.61,157.21,158.24,15690783.0,233863.0,158.78
2025-04-16 04:00:00,155.04,157.75,153.49,155.07,16921497.0,262106.0,155.41
2025-04-17 04:00:00,156.18,156.64,150.49,152.94,19513408.0,300726.0,153.39
2025-04-21 04:00:00,150.55,150.65,147.99,149.45,16147780.0,222917.0,149.15
2025-04-22 04:00:00,150.66,154.19,150.46,153.48,15910227.0,219984.0,152.7
2025-04-23 04:00:00,157.48,159.58,155.92,157.29,18575735.0,285367.0,157.66
2025-04-24 04:00:00,158.09,161.27,157.66,161.03,30787481.0,381522.0,160.25
2025-04-25 04:00:00,166.64,167.78,162.55,163.4,35148053.0,463307.0,164.39
2025-04-28 04:00:00,163.81,164.5,159.94,161.97,20871153.0,278404.0,161.7
2025-04-29 04:00:00,161.6,162.23,158.95,161.62,15955215.0,248489.0,161.18
2025-04-30 04:00:00,159.42,160.93,156.72,160.45,20639520.0,289755.0,159.24
2025-05-01 04:00:00,162.07,163.49,160.49,162.34,21904291.0,296816.0,162.34
2025-05-02 04:00:00,164.5,166.24,163.21,165.36,16844937.0,241242.0,165.18
2025-05-05 04:00:00,164.06,166.64,164.02,165.59,15309343.0,183840.0,165.83
2025-05-06 04:00:00,163.51,166.28,162.68,164.75,10691949.0,167899.0,164.83
2025-05-07 04:00:00,165.61,166.53,149.08,152.38,78900429.0,1054798.0,153.15
2025-05-08 04:00:00,155.49,156.98,153.68,155.32,38387507.0,548890.0,155.38
2025-05-09 04:00:00,155.12,156.0,153.41,153.96,22871035.0,299535.0,154.29
2025-05-12 04:00:00,158.66,160.0,157.46,159.14,31884901.0,446268.0,158.87
2025-05-13 04:00:00,159.48,161.62,157.15,160.45,24944270.0,406977.0,160.12
2025-05-14 04:00:00,160.87,167.88,160.49,166.35,31769209.0,491032.0,165.21
2025-05-15 04:00:00,166.68,167.05,163.39,164.95,22717554.0,392062.0,165.34
2025-05-16 04:00:00,168.47,170.18,166.49,166.97,36271378.0,568607.0,167.71
2025-05-19 04:00:00,165.26,167.49,164.96,167.41,21374688.0,340456.0,166.32
2025-05-20 04:00:00,167.3,169.21,163.81,164.87,33563274.0,549307.0,166.28
2025-05-21 04:00:00,164.5,174.05,164.44,169.59,45567580.0,760697.0,170.82
2025-05-22 04:00:00,172.87,177.64,171.41,171.51,45024081.0,760398.0,174.11
2025-05-23 04:00:00,169.81,170.74,168.8,169.13,24963648.0,408761.0,169.73
2025-05-27 04:00:00,170.83,173.81,170.74,173.5,24341333.0,419121.0,172.89
2025-05-28 04:00:00,173.5,176.0,172.54,172.9,25999228.0,354768.0,173.69
2025-05-29 04:00:00,174.52,174.92,171.31,172.49,21233590.0,361880.0,172.63
2025-05-30 04:00:00,171.94,172.96,168.06,172.38,36258254.0,439038.0,171.27
2025-06-02 04:00:00,168.55,170.59,168.19,169.9,24742877.0,364732.0,169.64
2025-06-03 04:00:00,168.4,169.33,166.22,167.25,25386713.0,452653.0,167.74
2025-06-04 04:00:00,167.82,169.12,167.33,168.93,18508735.0,305251.0,168.37
2025-06-05 04:00:00,171.15,171.89,168.89,169.34,25422883.0,389754.0,170.16
2025-06-06 04:00:00,171.83,175.35,171.83,174.44,22258115.0,406560.0,173.98
2025-06-09 04:00:00,175.6,177.64,175.39,177.35,18817587.0,307410.0,176.91
2025-06-10 04:00:00,177.48,182.16,176.2,179.73,32908000.0,533706.0,179.93
2025-06-11 04:00:00,180.95,181.47,177.72,178.51,18994398.0,326365.0,179.22
2025-06-12 04:00:00,177.2,177.85,175.83,176.69,17345924.0,291629.0,176.91
2025-06-13 04:00:00,173.31,178.06,173.3,175.61,20873241.0,354505.0,176.03
2025-06-16 04:00:00,175.63,177.97,175.55,177.66,18132529.0,303268.0,176.99
2025-06-17 04:00:00,176.72,178.44,175.67,176.95,17656119.0,302658.0,177.22
2025-06-18 04:00:00,177.0,177.55,172.57,173.71,32531762.0,376641.0,175.0
2025-06-20 04:00:00,174.59,175.09,166.01,167.47,55402575.0,666573.0,169.5
2025-06-23 04:00:00,167.06,168.22,163.07,165.75,36975585.0,638230.0,165.25
2025-06-24 04:00:00,167.42,168.99,166.65,167.48,27310266.0,428214.0,167.89
2025-06-25 04:00:00,168.39,173.09,168.3,171.22,23627355.0,393117.0,171.26
2025-06-26 04:00:00,173.11,174.38,170.59,174.16,25909119.0,400215.0,173.16
2025-06-27 04:00:00,174.36,178.56,172.44,177.99,74053110.0,628522.0,176.39
2025-06-30 04:00:00,180.5,181.3,175.23,177.11,43964599.0,693561.0,177.58
2025-07-01 04:00:00,176.53,176.94,174.39,176.63,25778460.0,418718.0,175.94
2025-07-02 04:00:00,176.27,179.65,175.81,179.48,19325861.0,311832.0,178.44
2025-07-03 04:00:00,179.54,180.49,177.91,180.27,13287289.0,200142.0,179.58
2025-07-07 04:00:00,179.85,180.06,176.36,177.28,20991357.0,322765.0,177.74
2025-07-08 04:00:00,178.5,178.51,173.65,174.89,24108642.0,341901.0,175.32
2025-07-09 04:00:00,175.83,180.0,173.61,177.38,31288035.0,444105.0,177.36
2025-07-10 04:00:00,176.39,179.31,175.47,178.42,24693622.0,379939.0,177.61
2025-07-11 04:00:00,177.63,182.32,177.26,181.03,23975714.0,393024.0,180.28
2025-07-14 04:00:00,181.79,184.44,180.43,182.52,20990352.0,334586.0,182.03
2025-07-15 04:00:00,183.65,185.12,182.1,182.81,23911567.0,380467.0,183.71
2025-07-16 04:00:00,184.03,185.05,182.79,183.48,21148224.0,363285.0,183.98
2025-07-17 04:00:00,182.83,184.9,181.22,184.41,21654350.0,352596.0,183.53
2025-07-18 04:00:00,186.33,187.07,184.44,185.65,21031721.0,320129.0,185.73
2025-07-21 04:00:00,186.81,190.96,186.76,190.85,24664994.0,361114.0,189.97
2025-07-22 04:00:00,192.12,193.06,188.2,191.81,26212909.0,371498.0,190.87
2025-07-23 04:00:00,192.06,193.06,189.88,191.21,34068129.0,481424.0,190.96
2025-07-24 04:00:00,197.8,198.66,191.65,192.9,45252060.0,618683.0,194.11
2025-07-25 04:00:00,192.63,194.97,191.83,193.78,31101847.0,382221.0,193.81
2025-07-28 04:00:00,194.11,194.52,191.56,193.12,25553546.0,334933.0,192.72
2025-07-29 04:00:00,193.0,196.35,192.69,196.12,31891598.0,378358.0,194.9
2025-07-30 04:00:00,195.99,198.17,195.25,197.13,21149657.0,312914.0,196.92
2025-07-31 04:00:00,196.29,196.52,191.78,192.56,27852019.0,399511.0,193.31
2025-08-01 04:00:00,189.48,191.32,188.41,189.65,21236711.0,345134.0,189.6
2025-08-04 04:00:00,190.88,195.77,190.62,195.44,23385950.0,307973.0,194.46
2025-08-05 04:00:00,195.24,198.39,194.37,195.01,19010151.0,251137.0,195.96
2025-08-06 04:00:00,194.94,197.07,194.16,196.61,15383679.0,220636.0,196.03
2025-08-07 04:00:00,197.4,198.06,194.91,196.97,14660550.0,212861.0,196.68
2025-08-08 04:00:00,197.67,203.11,197.59,201.77,24379909.0,341482.0,201.26
2025-08-11 04:00:00,201.24,201.84,199.49,201.31,16690235.0,228150.0,201.06
2025-08-12 04:00:00,201.78,204.81,201.09,203.84,19871996.0,299304.0,203.49
2025-08-13 04:00:00,204.66,205.11,198.33,202.71,19573041.0,329542.0,202.85
2025-08-14 04:00:00,202.24,205.1,202.01,203.5,17777145.0,241581.0,203.73
2025-08-15 04:00:00,204.4,207.01,201.77,204.59,21111380.0,315268.0,205.35
2025-08-18 04:00:00,204.75,205.82,203.09,203.97,13000162.0,200598.0,204.08
2025-08-19 04:00:00,203.59,203.97,200.62,202.17,13476582.0,219022.0,201.85
2025-08-20 04:00:00,201.36,201.85,197.15,199.88,13971693.0,246428.0,199.54
2025-08-21 04:00:00,200.41,203.04,200.09,200.31,11768910.0,179445.0,200.92
2025-08-22 04:00:00,203.64,208.9,201.81,206.4,25723734.0,409778.0,205.76
2025-08-25 04:00:00,206.68,210.76,205.63,208.83,22788806.0,320184.0,208.99
2025-08-26 04:00:00,208.04,208.13,206.13,207.63,23050971.0,242079.0,207.36
2025-08-27 04:00:00,206.14,209.24,206.07,207.88,15248979.0,233504.0,207.97
2025-08-28 04:00:00,207.52,212.57,207.28,212.04,20915705.0,273521.0,211.38
2025-08-29 04:00:00,210.94,215.0,210.64,213.2,24675403.0,309752.0,212.95
2025-09-02 04:00:00,208.66,212.04,206.64,211.66,28900069.0,417280.0,209.87
2025-09-03 04:00:00,226.13,231.44,224.77,230.74,72250269.0,990352.0,229.08
2025-09-04 04:00:00,229.8,232.41,226.41,232.3,32196009.0,438283.0,229.65
2025-09-05 04:00:00,232.3,235.76,232.02,234.8,24081998.0,405283.0,233.9
2025-09-08 04:00:00,235.63,238.24,233.57,234.0,23128799.0,351504.0,235.17
2025-09-09 04:00:00,234.03,240.43,233.22,239.78,22854794.0,341989.0,237.83
2025-09-10 04:00:00,239.09,241.92,237.95,239.4,19990138.0,310257.0,239.98
2025-09-11 04:00:00,239.98,242.41,236.42,240.56,18830681.0,319597.0,239.84
2025-09-12 04:00:00,240.64,242.26,238.34,241.22,14536593.0,233709.0,240.75
2025-09-15 04:00:00,244.98,252.58,244.82,251.59,29935150.0,529691.0,249.91
2025-09-16 04:00:00,252.16,253.06,249.55,251.25,24493512.0,326504.0,251.37
2025-09-17 04:00:00,251.29,251.78,246.42,249.68,20491324.0,356249.0,249.27
2025-09-18 04:00:00,251.69,253.97,249.94,252.16,21166358.0,313103.0,251.76
2025-09-19 04:00:00,253.23,256.53,251.9,255.07,41616844.0,326220.0,254.57
2025-09-22 04:00:00,254.61,256.14,250.64,252.71,20078982.0,379374.0,252.91
2025-09-23 04:00:00,253.49,254.6,250.92,252.17,17521091.0,271688.0,252.35
2025-09-24 04:00:00,251.98,252.79,247.06,247.66,16958511.0,306312.0,248.89
2025-09-25 04:00:00,244.68,247.15,241.49,246.41,17379793.0,322162.0,245.21
2025-09-26 04:00:00,247.62,249.95,246.48,247.02,16594608.0,237537.0,247.44
2025-09-29 04:00:00,248.11,251.48,243.04,244.2,23157245.0,402988.0,246.18
2025-09-30 04:00:00,242.9,243.51,239.41,243.39,22541189.0,356947.0,242.1
2025-10-01 04:00:00,241.02,246.99,239.04,245.38,23967662.0,383839.0,243.88
2025-10-02 04:00:00,245.48,247.47,242.94,246.27,20657524.0,380750.0,245.39
2025-10-03 04:00:00,245.07,246.95,242.31,246.29,19941381.0,345789.0,245.21
2025-10-06 04:00:00,245.62,252.03,245.53,251.34,18309030.0,372178.0,249.27
2025-10-07 04:00:00,248.76,251.38,246.65,246.97,13811174.0,300109.0,248.04
2025-10-08 04:00:00,246.04,247.09,244.93,245.3,14136494.0,241936.0,245.72
2025-10-09 04:00:00,244.9,245.39,239.52,242.05,19375722.0,336765.0,241.82
2025-10-10 04:00:00,242.0,244.68,236.53,237.33,22449083.0,414063.0,239.46
2025-10-13 04:00:00,240.87,244.83,240.59,244.48,12464965.0,253609.0,243.15
2025-10-14 04:00:00,241.59,247.86,241.02,246.03,17705248.0,304543.0,245.59
2025-10-15 04:00:00,247.92,252.59,246.63,251.54,16048087.0,280537.0,250.37
2025-10-16 04:00:00,252.3,257.41,250.5,251.71,18945987.0,348159.0,253.54
2025-10-17 04:00:00,251.18,254.71,248.42,253.62,17653826.0,283832.0,252.47
2025-10-20 04:00:00,255.06,257.71,254.43,256.85,13726831.0,227382.0,256.53
2025-10-21 04:00:00,255.08,255.21,244.51,251.17,27836141.0,495826.0,250.27
2025-10-22 04:00:00,254.84,257.01,250.28,252.36,19650244.0,341467.0,253.54
2025-10-23 04:00:00,253.53,255.69,252.6,253.56,13241319.0,220193.0,254.2
2025-10-24 04:00:00,257.13,262.33,255.93,260.34,18405962.0,307267.0,260.49
2025-10-27 04:00:00,265.18,270.62,264.76,269.75,22987660.0,366811.0,267.95
2025-10-28 04:00:00,270.02,271.2,266.99,268.25,20101160.0,345050.0,268.41
2025-10-29 04:00:00,268.43,275.79,268.25,274.99,26287850.0,471833.0,272.58
2025-10-30 04:00:00,291.53,291.74,280.26,281.71,48570034.0,813322.0,285.87
2025-10-31 04:00:00,283.02,286.09,277.34,281.63,29932813.0,529119.0,281.05
2025-11-03 05:00:00,282.23,285.75,280.18,283.93,19691754.0,348118.0,282.91
2025-11-04 05:00:00,276.88,281.65,276.68,277.87,18123709.0,340940.0,278.49
2025-11-05 05:00:00,279.19,286.51,277.69,284.56,20063216.0,358572.0,283.6
2025-11-06 05:00:00,285.54,288.62,281.43,285.15,23103777.0,418790.0,285.3
2025-11-07 05:00:00,284.02,284.31,275.56,279.51,21991128.0,408751.0,278.72
2025-11-10 05:00:00,285.07,291.27,283.35,290.4,19508185.0,351387.0,288.87
2025-11-11 05:00:00,288.01,292.14,287.69,291.55,14156729.0,268695.0,290.3
2025-11-12 05:00:00,291.89,292.16,284.19,287.24,16998821.0,294492.0,287.0
2025-11-13 05:00:00,282.8,283.32,277.81,278.93,18060224.0,346632.0,279.63
2025-11-14 05:00:00,271.71,278.96,271.23,276.8,18330487.0,362951.0,276.51
2025-11-17 05:00:00,286.21,294.32,284.04,285.41,34286093.0,579376.0,288.39
2025-11-18 05:00:00,288.29,289.24,278.82,284.77,29702228.0,523464.0,285.13
2025-11-19 05:00:00,287.49,304.05,287.48,292.79,43123599.0,674146.0,296.57
2025-11-20 05:00:00,304.54,306.69,288.98,289.79,34801371.0,616046.0,297.48
2025-11-21 05:00:00,296.67,303.76,294.16,299.45,43670586.0,651378.0,299.16
2025-11-24 05:00:00,310.8,319.59,309.19,318.26,55311838.0,735043.0,316.45
2025-11-25 05:00:00,326.58,328.45,317.6,323.42,50899309.0,761947.0,323.01
2025-11-26 05:00:00,320.57,324.77,316.99,320.07,29839577.0,487098.0,319.72
2025-11-28 05:00:00,323.21,326.66,316.73,319.91,19695811.0,322974.0,320.06
2025-12-01 05:00:00,317.26,319.42,313.77,314.91,28520587.0,405594.0,316.13
2025-12-02 05:00:00,316.69,318.39,314.01,315.81,24668179.0,316989.0,316.07
2025-12-03 05:00:00,315.82,321.83,314.07,320.41,32285099.0,419811.0,319.62
2025-12-04 05:00:00,322.83,322.88,315.38,318.18,20831597.0,311023.0,317.65
2025-12-05 05:00:00,319.79,323.61,319.77,321.88,15719851.0,264469.0,321.59
2025-12-08 05:00:00,321.03,321.23,311.91,314.45,22006891.0,392275.0,315.547986
2025-12-09 05:00:00,313.1,318.7089,312.62,317.75,14151337.0,252843.0,316.411189
2025-12-10 05:00:00,316.62,321.87,315.4,321.0,22764499.0,271860.0,319.481563
2025-12-11 05:00:00,321.1,321.99,309.88,313.7,25912059.0,405454.0,314.753412
2025-12-12 05:00:00,314.795,316.14,306.96,310.52,21264787.0,358849.0,310.833741
2025-12-15 05:00:00,312.625,312.7,305.74,309.32,22028947.0,328577.0,308.845038
2025-12-16 05:00:00,306.0,311.845,303.83,307.73,21285166.0,298448.0,307.24156
2025-12-17 05:00:00,309.01,309.195,297.45,298.06,29120355.0,414579.0,299.770136
2025-12-18 05:00:00,303.06,305.26,300.63,303.75,21040496.0,307719.0,303.42382
2025-12-19 05:00:00,303.27,308.99,302.34,308.61,45234430.0,317387.0,306.995618
2025-12-22 05:00:00,311.225,311.7,306.59,311.33,14091373.0,245728.0,310.136584
2025-12-23 05:00:00,311.135,316.3,310.75,315.68,13961424.0,247031.0,315.057579
2025-12-24 05:00:00,316.15,316.29,313.32,315.67,6138155.0,131040.0,314.850614
2025-12-26 05:00:00,315.92,316.5599,313.72,314.96,6730944.0,153336.0,314.998779
2025-12-29 05:00:00,312.82,314.97,311.9,314.39,12317693.0,248660.0,313.734731
2025-12-30 05:00:00,313.41,317.7,313.25,314.55,11052495.0,197234.0,314.839525
2025-12-31 05:00:00,313.37,315.39,312.2,313.8,10821502.0,171685.0,314.085195
