timestamp,open,high,low,close,volume,trade_count,vwap
2020-06-01 04:00:00,83.76,85.64,83.16,84.21,1482262.0,13615.0,84.53
2020-06-02 04:00:00,84.51,85.62,84.0,85.15,1552979.0,13459.0,84.96
2020-06-03 04:00:00,85.79,88.34,85.68,87.84,1463468.0,15980.0,87.72
2020-06-04 04:00:00,86.74,89.67,86.74,89.46,2145659.0,20232.0,88.51
2020-06-05 04:00:00,92.7,97.05,92.22,95.52,2355311.0,23281.0,95.45
2020-06-08 04:00:00,94.52,97.01,92.36,92.69,2475930.0,25916.0,93.43
2020-06-09 04:00:00,91.54,91.92,89.75,91.26,1312528.0,12804.0,91.35
2020-06-10 04:00:00,90.58,91.89,88.5,88.57,1593218.0,16964.0,89.28
2020-06-11 04:00:00,85.59,86.05,84.0,84.06,1306706.0,16378.0,84.62
2020-06-12 04:00:00,86.77,86.93,82.03,84.64,1431848.0,16528.0,84.19
2020-06-15 04:00:00,82.01,85.65,81.66,84.88,1773517.0,19336.0,84.33
2020-06-16 04:00:00,87.68,88.86,84.7,85.85,1247469.0,15205.0,86.25
2020-06-17 04:00:00,86.15,86.74,84.56,86.01,1264830.0,12999.0,85.75
2020-06-18 04:00:00,85.66,85.75,83.95,84.34,1062997.0,11959.0,84.63
2020-06-19 04:00:00,86.22,86.3,83.45,83.61,3226339.0,16164.0,84.01
2020-06-22 04:00:00,83.38,85.25,82.33,84.44,1226933.0,16171.0,84.35
2020-06-23 04:00:00,85.47,85.62,84.12,84.36,988281.0,12671.0,84.56
2020-06-24 04:00:00,84.51,85.05,80.51,80.57,1910347.0,18774.0,81.43
2020-06-25 04:00:00,80.36,80.46,78.82,80.34,3565315.0,28523.0,79.82
2020-06-26 04:00:00,80.47,80.96,78.94,79.26,9655591.0,28688.0,79.4
2020-06-29 04:00:00,80.12,83.55,79.99,83.52,1981525.0,21233.0,82.79
2020-06-30 04:00:00,82.92,83.87,82.4,83.32,1658700.0,15558.0,83.13
2020-07-01 04:00:00,83.81,84.75,82.6,83.21,1641780.0,14176.0,83.39
2020-07-02 04:00:00,84.81,86.17,84.31,84.77,1811090.0,14756.0,84.98
2020-07-06 04:00:00,86.19,87.08,85.35,86.65,1489426.0,15123.0,86.2
2020-07-07 04:00:00,86.18,86.83,85.43,85.59,1687457.0,19148.0,86.02
2020-07-08 04:00:00,86.15,86.79,85.32,86.27,1549146.0,15499.0,86.06
2020-07-09 04:00:00,86.05,86.39,83.88,84.55,1752391.0,17531.0,84.81
2020-07-10 04:00:00,84.66,85.86,84.05,85.81,1304154.0,12863.0,85.24
2020-07-13 04:00:00,86.15,87.87,84.98,86.23,1606073.0,20741.0,86.57
2020-07-14 04:00:00,86.55,91.34,85.71,91.33,2349839.0,24225.0,89.96
2020-07-15 04:00:00,93.63,95.24,93.39,94.51,2629156.0,26311.0,94.62
2020-07-16 04:00:00,94.55,96.81,93.67,95.45,1700451.0,19542.0,95.57
2020-07-17 04:00:00,95.57,96.21,94.93,95.93,5234564.0,17583.0,95.89
2020-07-20 04:00:00,95.51,97.24,95.29,96.8,1483328.0,15575.0,96.58
2020-07-21 04:00:00,97.99,99.01,97.27,98.74,2626588.0,20903.0,98.55
2020-07-22 04:00:00,98.65,99.64,98.32,99.45,1736418.0,15512.0,99.26
2020-07-23 04:00:00,99.02,99.82,98.31,98.71,1476292.0,18803.0,98.85
2020-07-24 04:00:00,98.77,98.99,96.48,97.16,1085629.0,14366.0,97.23
2020-07-27 04:00:00,97.05,98.23,95.75,97.9,1243254.0,14488.0,97.66
2020-07-28 04:00:00,97.29,98.41,96.86,97.11,1441038.0,15742.0,97.56
2020-07-29 04:00:00,108.31,109.56,103.37,103.44,2458828.0,24713.0,104.93
2020-07-30 04:00:00,102.07,105.07,101.71,103.81,2193920.0,22357.0,103.69
2020-07-31 04:00:00,103.66,104.96,102.17,104.75,1523290.0,14544.0,104.07
2020-08-03 04:00:00,104.58,105.55,104.43,105.05,1480103.0,16320.0,105.09
2020-08-04 04:00:00,104.43,105.18,103.13,105.14,1386779.0,14853.0,104.6
2020-08-05 04:00:00,105.81,108.42,105.81,107.82,1383922.0,16101.0,107.58
2020-08-06 04:00:00,107.29,108.6,106.08,108.14,1246398.0,14312.0,107.63
2020-08-07 04:00:00,108.46,109.67,108.43,109.42,1157322.0,14557.0,109.18
2020-08-10 04:00:00,109.34,111.47,109.29,111.29,1347167.0,17307.0,110.99
2020-08-11 04:00:00,112.6,114.15,111.67,112.18,1493531.0,17233.0,112.91
2020-08-12 04:00:00,112.65,114.42,111.92,112.55,1082584.0,13286.0,112.79
2020-08-13 04:00:00,111.98,112.35,110.73,110.84,1250363.0,11244.0,111.17
2020-08-14 04:00:00,110.28,111.84,109.81,111.32,1457416.0,13541.0,111.23
2020-08-17 04:00:00,111.36,111.91,110.41,111.77,2045613.0,11850.0,111.6
2020-08-18 04:00:00,111.64,112.08,110.46,110.52,893501.0,9802.0,111.02
2020-08-19 04:00:00,110.5,111.6,109.71,109.93,858124.0,8978.0,110.48
2020-08-20 04:00:00,109.14,109.97,108.51,108.64,881116.0,11708.0,108.93
2020-08-21 04:00:00,108.85,110.19,108.39,110.09,1124185.0,11845.0,109.63
2020-08-24 04:00:00,110.9,111.44,110.22,111.35,829358.0,9930.0,111.11
2020-08-25 04:00:00,111.98,111.98,110.08,110.92,667608.0,8311.0,110.85
2020-08-26 04:00:00,111.64,112.72,110.93,112.44,871227.0,10176.0,112.04
2020-08-27 04:00:00,113.14,113.34,111.35,111.35,905693.0,10264.0,111.89
2020-08-28 04:00:00,111.51,112.67,110.86,112.65,813466.0,9851.0,112.15
2020-08-31 04:00:00,112.27,112.49,110.76,110.86,1228714.0,11161.0,111.08
2020-09-01 04:00:00,109.87,112.67,109.59,112.55,926233.0,10750.0,112.01
2020-09-02 04:00:00,112.55,115.1,112.14,114.6,898787.0,11882.0,114.24
2020-09-03 04:00:00,114.73,115.18,110.18,111.11,1017522.0,13666.0,111.84
2020-09-04 04:00:00,112.16,112.68,109.18,110.77,891840.0,12552.0,110.84
2020-09-08 04:00:00,109.86,110.93,108.51,109.29,1403795.0,15306.0,109.57
2020-09-09 04:00:00,110.15,112.2,110.01,110.11,1212833.0,14914.0,110.74
2020-09-10 04:00:00,110.9,111.12,108.43,108.74,904402.0,14557.0,109.62
2020-09-11 04:00:00,109.12,111.0,108.99,110.04,836714.0,11374.0,110.18
2020-09-14 04:00:00,111.13,112.56,110.59,111.92,1222094.0,10584.0,111.9
2020-09-15 04:00:00,112.78,114.12,112.19,114.02,1336117.0,15005.0,113.62
2020-09-16 04:00:00,114.75,116.43,113.74,114.76,1146099.0,14944.0,115.19
2020-09-17 04:00:00,113.34,117.65,112.31,117.45,1707096.0,18129.0,117.0
2020-09-18 04:00:00,117.48,118.51,115.44,115.65,2310500.0,17924.0,116.33
2020-09-21 04:00:00,113.71,113.71,110.39,112.95,1237777.0,15544.0,112.34
2020-09-22 04:00:00,113.03,114.56,112.81,114.3,978228.0,13698.0,114.05
2020-09-23 04:00:00,114.12,115.12,111.6,111.73,990245.0,12184.0,112.55
2020-09-24 04:00:00,111.34,113.42,110.42,111.93,1147722.0,14262.0,112.25
2020-09-25 04:00:00,110.94,112.51,110.17,111.84,1088328.0,14097.0,111.78
2020-09-28 04:00:00,113.78,115.55,113.05,114.29,1471129.0,19358.0,114.24
2020-09-29 04:00:00,114.53,115.11,113.68,114.02,649675.0,9675.0,114.31
2020-09-30 04:00:00,114.53,116.11,113.21,114.05,1094138.0,12673.0,114.4
2020-10-01 04:00:00,115.75,116.16,114.06,114.7,1117338.0,15871.0,114.82
2020-10-02 04:00:00,113.57,117.5,112.95,116.5,1286844.0,12500.0,115.96
2020-10-05 04:00:00,118.01,120.62,117.57,119.39,908574.0,14541.0,119.34
2020-10-06 04:00:00,120.04,121.29,118.71,119.07,1260611.0,14431.0,119.7
2020-10-07 04:00:00,120.39,122.26,119.8,120.34,874178.0,13192.0,120.61
2020-10-08 04:00:00,121.18,122.13,120.37,122.09,1245281.0,12674.0,121.75
2020-10-09 04:00:00,122.28,123.71,121.23,121.45,885961.0,10708.0,122.01
2020-10-12 04:00:00,122.73,124.29,122.13,124.12,683224.0,11788.0,123.89
2020-10-13 04:00:00,122.99,124.4,120.96,121.57,970951.0,12006.0,122.14
2020-10-14 04:00:00,122.52,122.89,121.01,122.46,1004499.0,14006.0,122.07
2020-10-15 04:00:00,121.08,123.71,121.08,122.88,868198.0,12503.0,122.83
2020-10-16 04:00:00,123.21,124.17,122.88,123.41,791219.0,11508.0,123.48
2020-10-19 04:00:00,123.42,124.35,119.87,119.92,1477669.0,12326.0,121.43
2020-10-20 04:00:00,120.95,122.93,120.39,121.08,952303.0,12658.0,121.57
2020-10-21 04:00:00,120.79,122.61,120.79,121.21,1161427.0,10793.0,121.6
2020-10-22 04:00:00,121.8,123.03,121.12,122.71,759792.0,9687.0,122.44
2020-10-23 04:00:00,123.55,123.78,121.28,121.54,1168137.0,11585.0,122.03
2020-10-26 04:00:00,119.19,120.11,117.73,118.65,1371668.0,14825.0,118.7
2020-10-27 04:00:00,119.06,119.14,115.77,116.33,1931314.0,18975.0,117.0
2020-10-28 04:00:00,115.97,122.73,115.97,120.24,1958360.0,20597.0,120.83
2020-10-29 04:00:00,120.25,125.92,119.55,124.2,1884865.0,24449.0,124.2
2020-10-30 04:00:00,124.48,127.83,122.59,124.86,1744974.0,23898.0,124.45
2020-11-02 05:00:00,127.1,129.39,126.08,129.38,1264322.0,16650.0,128.64
2020-11-03 05:00:00,130.57,133.91,129.65,132.87,1301736.0,17398.0,131.53
2020-11-04 05:00:00,132.11,132.11,127.08,129.12,1572300.0,20329.0,129.32
2020-11-05 05:00:00,131.68,134.95,131.62,132.73,1033111.0,16209.0,133.46
2020-11-06 05:00:00,132.94,136.52,132.28,135.74,1287587.0,17270.0,135.15
2020-11-09 05:00:00,141.3,144.59,136.95,137.01,1561323.0,23651.0,139.31
2020-11-10 05:00:00,136.46,139.11,134.76,135.05,2216826.0,26149.0,136.21
2020-11-11 05:00:00,133.36,134.89,131.39,134.47,2172979.0,25694.0,133.54
2020-11-12 05:00:00,132.98,135.54,132.11,134.87,1701604.0,18715.0,134.4
2020-11-13 05:00:00,137.88,140.3,137.14,139.2,1179364.0,17120.0,139.16
2020-11-16 05:00:00,143.39,143.85,138.41,143.38,2030290.0,20058.0,142.51
2020-11-17 05:00:00,141.99,143.43,138.13,139.95,1583977.0,21220.0,139.89
2020-11-18 05:00:00,139.91,140.05,135.58,135.86,2186579.0,24392.0,137.03
2020-11-19 05:00:00,135.49,138.67,134.22,138.07,1220595.0,15677.0,137.45
2020-11-20 05:00:00,136.89,137.83,135.24,135.63,1256097.0,16265.0,136.0
2020-11-23 05:00:00,136.54,138.76,136.33,137.25,804296.0,12747.0,137.19
2020-11-24 05:00:00,137.81,139.27,136.61,138.33,2086419.0,18252.0,138.25
2020-11-25 05:00:00,138.11,138.28,135.22,136.36,1582011.0,18930.0,136.52
2020-11-27 05:00:00,137.59,137.93,134.8,134.97,985615.0,12084.0,136.05
2020-11-30 05:00:00,134.7,137.63,133.32,137.55,3490087.0,23091.0,136.74
2020-12-01 05:00:00,138.34,139.45,136.57,137.04,2186270.0,19643.0,137.46
2020-12-02 05:00:00,135.56,136.99,134.86,135.76,1533769.0,17375.0,135.86
2020-12-03 05:00:00,136.2,136.22,133.63,133.8,1914344.0,20785.0,134.75
2020-12-04 05:00:00,133.66,135.27,133.34,133.92,1501775.0,18520.0,134.05
2020-12-07 05:00:00,133.96,134.72,132.32,133.23,1232437.0,16730.0,133.28
2020-12-08 05:00:00,133.68,134.17,131.99,132.14,1169833.0,15149.0,132.69
2020-12-09 05:00:00,133.44,134.31,132.01,133.17,1448759.0,18255.0,132.91
2020-12-10 05:00:00,131.99,133.38,130.79,131.44,1110611.0,14197.0,131.56
2020-12-11 05:00:00,129.71,132.17,129.71,132.12,1314578.0,15688.0,131.61
2020-12-14 05:00:00,132.98,133.78,129.42,130.01,2274700.0,19715.0,130.28
2020-12-15 05:00:00,131.53,132.78,130.67,132.53,1692273.0,17988.0,132.04
2020-12-16 05:00:00,133.35,133.95,130.65,130.82,1217614.0,14032.0,131.56
2020-12-17 05:00:00,131.41,133.76,131.01,133.09,1805663.0,19794.0,132.89
2020-12-18 05:00:00,133.99,135.02,131.92,133.17,2905128.0,17032.0,133.12
2020-12-21 05:00:00,131.47,135.38,131.41,134.2,1368105.0,19294.0,134.01
2020-12-22 05:00:00,134.39,136.12,133.17,135.01,1244952.0,15077.0,135.04
2020-12-23 05:00:00,135.01,136.09,134.15,134.53,995279.0,10798.0,134.92
2020-12-24 05:00:00,134.97,136.25,134.97,135.63,320897.0,4386.0,135.52
2020-12-28 05:00:00,136.71,137.54,136.05,136.14,693980.0,9787.0,136.56
2020-12-29 05:00:00,137.37,138.39,133.59,134.91,733177.0,11795.0,135.03
2020-12-30 05:00:00,134.91,137.43,134.91,136.73,787832.0,9992.0,136.69
2020-12-31 05:00:00,136.66,137.22,135.76,137.05,987119.0,8676.0,136.88
2021-01-04 05:00:00,136.04,138.06,134.71,135.93,1442739.0,18402.0,136.01
2021-01-05 05:00:00,136.0,138.07,135.87,137.7,1269486.0,14166.0,137.28
2021-01-06 05:00:00,139.21,143.75,139.21,141.46,3606445.0,28537.0,142.13
2021-01-07 05:00:00,145.12,145.8,142.0,145.13,1934152.0,21531.0,144.41
2021-01-08 05:00:00,145.13,145.67,141.56,144.05,1207717.0,14943.0,143.79
2021-01-11 05:00:00,141.77,144.92,141.7,143.74,933013.0,14088.0,143.7
2021-01-12 05:00:00,143.75,144.25,141.75,143.45,1194245.0,15979.0,143.41
2021-01-13 05:00:00,142.83,143.33,141.21,142.51,1190919.0,15902.0,142.25
2021-01-14 05:00:00,142.55,144.03,141.86,142.32,851427.0,10764.0,142.6
2021-01-15 05:00:00,142.32,142.32,138.83,141.15,1562306.0,13929.0,140.88
2021-01-19 05:00:00,141.77,146.62,141.77,144.91,1898115.0,19866.0,144.85
2021-01-20 05:00:00,144.94,147.08,144.14,146.56,1245508.0,18286.0,146.11
2021-01-21 05:00:00,147.08,147.53,145.14,145.81,1215606.0,13227.0,145.91
2021-01-22 05:00:00,144.92,145.8,142.56,144.14,1334052.0,13530.0,144.24
2021-01-25 05:00:00,143.98,144.46,139.12,142.48,1133605.0,17249.0,141.62
2021-01-26 05:00:00,143.17,143.17,139.26,139.62,1584497.0,17154.0,140.48
2021-01-27 05:00:00,136.85,137.44,130.27,131.07,1888548.0,24086.0,132.21
2021-01-28 05:00:00,133.41,136.12,131.76,134.82,2503551.0,27137.0,135.06
2021-01-29 05:00:00,133.36,137.17,133.16,135.34,2089116.0,24159.0,135.57
2021-02-01 05:00:00,136.76,137.29,134.46,134.77,1745869.0,20597.0,135.23
2021-02-02 05:00:00,136.21,138.46,135.92,136.88,1286933.0,16700.0,136.88
2021-02-03 05:00:00,136.42,138.66,136.04,138.2,1377655.0,18041.0,137.89
2021-02-04 05:00:00,139.08,141.23,138.33,140.52,1886485.0,22180.0,140.43
2021-02-05 05:00:00,141.18,143.79,138.86,141.0,2458591.0,22910.0,141.39
2021-02-08 05:00:00,142.78,142.78,137.72,140.65,1639677.0,15414.0,140.18
2021-02-09 05:00:00,139.44,140.26,137.13,137.56,1102245.0,13870.0,138.48
2021-02-10 05:00:00,138.76,140.88,136.69,140.04,1049861.0,14116.0,139.62
2021-02-11 05:00:00,140.23,142.53,140.23,142.44,1274143.0,15976.0,141.84
2021-02-12 05:00:00,141.65,142.97,140.52,142.49,760571.0,10620.0,142.27
2021-02-16 05:00:00,142.46,143.87,140.83,142.82,1317031.0,14512.0,142.82
2021-02-17 05:00:00,142.12,143.42,141.3,142.84,869803.0,12530.0,142.46
2021-02-18 05:00:00,142.5,142.88,139.31,141.14,1123507.0,15009.0,140.81
2021-02-19 05:00:00,142.08,145.55,141.7,145.35,1069889.0,12253.0,144.77
2021-02-22 05:00:00,144.97,146.93,143.94,144.34,1512827.0,18434.0,145.04
2021-02-23 05:00:00,144.79,144.94,141.36,144.64,1190028.0,16446.0,143.47
2021-02-24 05:00:00,143.93,147.76,143.47,146.67,1193707.0,16017.0,146.35
2021-02-25 05:00:00,145.39,147.19,143.36,143.96,1033876.0,14525.0,144.8
2021-02-26 05:00:00,144.94,146.68,143.87,144.67,1550323.0,15615.0,145.06
2021-03-01 05:00:00,146.72,152.0,146.72,149.61,1448870.0,18311.0,149.91
2021-03-02 05:00:00,150.03,150.03,147.13,149.32,1425042.0,16294.0,149.17
2021-03-03 05:00:00,149.56,150.56,148.23,148.7,1091935.0,15861.0,149.21
2021-03-04 05:00:00,148.47,149.68,143.39,145.38,1606332.0,18014.0,146.31
2021-03-05 05:00:00,147.04,152.66,146.1,152.03,1202799.0,17862.0,149.97
2021-03-08 05:00:00,152.53,157.19,151.09,155.17,1383054.0,22906.0,154.84
2021-03-09 05:00:00,156.03,156.63,152.05,152.09,977603.0,15120.0,153.36
2021-03-10 05:00:00,151.75,156.81,151.49,154.89,1193304.0,17483.0,154.7
2021-03-11 05:00:00,155.61,156.28,153.85,154.42,1105927.0,13755.0,154.77
2021-03-12 05:00:00,154.91,155.49,153.67,155.12,1267736.0,14513.0,154.7
2021-03-15 04:00:00,155.26,159.33,154.94,159.21,1158767.0,17039.0,158.14
2021-03-16 04:00:00,158.6,160.29,157.56,158.43,1326951.0,16043.0,158.65
2021-03-17 04:00:00,158.98,159.41,155.73,157.29,1322146.0,17037.0,157.49
2021-03-18 04:00:00,157.29,160.01,156.43,158.78,1114302.0,17490.0,158.75
2021-03-19 04:00:00,158.34,158.61,155.48,155.52,5229990.0,19573.0,155.8
2021-03-22 04:00:00,154.4,156.15,153.12,155.71,1044536.0,15204.0,155.1
2021-03-23 04:00:00,154.27,155.06,151.22,151.95,1152399.0,14761.0,152.39
2021-03-24 04:00:00,152.94,154.59,152.27,152.78,1180490.0,17299.0,153.4
2021-03-25 04:00:00,152.0,156.05,151.38,155.36,1035452.0,15388.0,154.33
2021-03-26 04:00:00,156.77,159.38,155.94,159.3,939704.0,12904.0,158.38
2021-03-29 04:00:00,160.17,160.61,157.43,157.87,829059.0,12137.0,158.35
2021-03-30 04:00:00,156.61,159.0,156.61,158.22,785760.0,12505.0,158.19
2021-03-31 04:00:00,158.88,159.83,156.39,156.91,1431762.0,15412.0,157.19
2021-04-01 04:00:00,158.11,158.11,155.5,156.79,1068984.0,16744.0,156.53
2021-04-05 04:00:00,158.08,159.37,157.35,158.7,1015323.0,13347.0,158.71
2021-04-06 04:00:00,159.95,160.48,158.71,158.88,737104.0,11221.0,159.16
2021-04-07 04:00:00,158.47,159.68,157.24,157.8,714922.0,9320.0,157.77
2021-04-08 04:00:00,156.78,158.46,156.11,157.87,770700.0,10780.0,157.72
2021-04-09 04:00:00,159.26,160.75,157.82,160.69,986053.0,12608.0,160.02
2021-04-12 04:00:00,159.79,162.02,159.63,161.69,919865.0,17226.0,161.27
2021-04-13 04:00:00,161.73,162.31,159.79,161.86,948800.0,12611.0,161.48
2021-04-14 04:00:00,160.99,163.07,160.34,160.51,1030344.0,12113.0,161.24
2021-04-15 04:00:00,161.28,161.82,159.86,161.6,758922.0,12402.0,161.4
2021-04-16 04:00:00,162.85,163.45,161.79,162.97,1000756.0,10543.0,162.78
2021-04-19 04:00:00,163.69,163.69,163.28,163.28,180008.0,2.0,163.31
2021-04-20 04:00:00,161.53,162.71,157.76,159.41,1071526.0,17796.0,159.45
2021-04-21 04:00:00,160.18,161.94,159.26,161.59,895143.0,11182.0,161.34
2021-04-22 04:00:00,163.0,165.24,162.56,162.96,1078936.0,13873.0,163.31
2021-04-23 04:00:00,162.86,166.28,162.78,166.17,1235828.0,14979.0,165.65
2021-04-26 04:00:00,166.9,167.94,163.46,163.8,906798.0,11601.0,164.41
2021-04-27 04:00:00,164.04,165.41,162.57,164.72,1093301.0,11368.0,164.12
2021-04-28 04:00:00,165.36,166.11,164.09,165.25,652750.0,8938.0,165.27
2021-04-29 04:00:00,165.65,166.8,164.89,166.41,686395.0,11803.0,166.15
2021-04-30 04:00:00,165.63,166.32,163.99,164.74,1479436.0,15683.0,164.92
2021-05-03 04:00:00,166.16,166.55,164.41,165.62,801904.0,11258.0,165.59
2021-05-04 04:00:00,165.04,166.06,163.78,165.59,1093084.0,16136.0,165.11
2021-05-05 04:00:00,166.03,170.69,166.03,169.38,1809719.0,21361.0,169.24
2021-05-06 04:00:00,170.74,172.42,169.46,172.41,1093885.0,16636.0,171.47
2021-05-07 04:00:00,171.7,174.31,170.6,174.08,1139624.0,17076.0,173.23
2021-05-10 04:00:00,174.88,178.15,174.39,176.9,1331594.0,17994.0,176.85
2021-05-11 04:00:00,173.92,175.02,171.57,173.2,1336816.0,21066.0,173.04
2021-05-12 04:00:00,172.89,173.16,168.76,169.28,1368016.0,20222.0,170.15
2021-05-13 04:00:00,168.84,173.54,168.84,172.59,1041601.0,15274.0,172.15
2021-05-14 04:00:00,174.58,175.66,173.41,174.57,943159.0,13683.0,174.65
2021-05-17 04:00:00,174.38,175.3,172.44,173.95,1173540.0,15389.0,173.92
2021-05-18 04:00:00,174.26,174.26,169.73,169.87,1820065.0,22518.0,171.11
2021-05-19 04:00:00,168.12,169.27,164.95,169.05,2120874.0,24490.0,168.15
2021-05-20 04:00:00,169.63,171.69,168.67,171.02,1336623.0,16219.0,170.58
2021-05-21 04:00:00,171.98,173.79,171.67,172.57,1040434.0,16212.0,172.79
2021-05-24 04:00:00,173.84,174.05,172.2,172.58,1237607.0,17228.0,172.92
2021-05-25 04:00:00,172.58,174.34,172.34,173.06,1226299.0,16363.0,173.33
2021-05-26 04:00:00,173.43,174.05,172.27,173.96,1409167.0,19082.0,173.6
2021-05-27 04:00:00,175.83,176.3,174.16,176.09,1706831.0,19500.0,175.88
2021-05-28 04:00:00,177.09,177.23,175.54,176.66,1619842.0,19171.0,176.43
2021-06-01 04:00:00,178.6,180.0,176.48,177.74,1540644.0,20946.0,178.12
2021-06-02 04:00:00,176.95,177.85,175.13,175.43,1233647.0,17380.0,175.81
2021-06-03 04:00:00,174.75,174.99,172.19,174.34,1432344.0,20901.0,173.99
2021-06-04 04:00:00,174.26,174.92,171.8,172.7,2003093.0,27535.0,172.6
2021-06-07 04:00:00,173.04,173.87,172.1,173.11,1834982.0,24885.0,172.94
2021-06-08 04:00:00,173.86,175.04,172.52,174.85,1480549.0,19136.0,174.4
2021-06-09 04:00:00,174.23,174.72,172.47,173.32,1537434.0,19933.0,173.22
2021-06-10 04:00:00,174.52,175.85,173.44,174.65,1663982.0,22264.0,174.63
2021-06-11 04:00:00,175.43,176.15,174.47,176.11,1521667.0,19605.0,175.47
2021-06-14 04:00:00,175.59,176.07,172.53,173.62,1221895.0,15816.0,173.71
2021-06-15 04:00:00,174.05,175.88,173.87,175.19,1086382.0,16641.0,175.05
2021-06-16 04:00:00,174.45,174.88,172.28,173.37,1074645.0,19664.0,173.62
2021-06-17 04:00:00,173.48,174.34,168.18,171.14,1335319.0,24777.0,171.11
2021-06-18 04:00:00,168.43,169.68,163.61,164.87,4237758.0,31962.0,165.87
2021-06-21 04:00:00,166.49,171.07,166.22,170.72,1361945.0,19525.0,170.31
2021-06-22 04:00:00,171.44,172.29,170.12,171.25,1013920.0,20308.0,171.45
2021-06-23 04:00:00,171.89,172.01,170.48,170.88,981830.0,14490.0,171.16
2021-06-24 04:00:00,171.8,171.83,170.28,170.99,1029435.0,18145.0,171.1
2021-06-25 04:00:00,171.18,173.65,169.14,171.14,6303812.0,22857.0,171.41
2021-06-28 04:00:00,172.44,174.16,171.33,173.75,1212498.0,18324.0,173.36
2021-06-29 04:00:00,175.33,177.69,173.64,173.83,1176775.0,19391.0,174.5
2021-06-30 04:00:00,173.39,175.57,172.88,175.08,1351080.0,17324.0,174.97
2021-07-01 04:00:00,176.13,177.21,175.38,177.04,1119580.0,17497.0,176.58
2021-07-02 04:00:00,176.82,178.48,176.64,178.08,853985.0,16157.0,177.93
2021-07-06 04:00:00,179.14,179.14,174.0,175.88,1836940.0,24873.0,175.57
2021-07-07 04:00:00,175.54,180.41,175.54,180.32,1242951.0,19286.0,179.46
2021-07-08 04:00:00,177.32,179.38,176.57,178.02,1342964.0,20715.0,178.05
2021-07-09 04:00:00,179.82,181.58,179.63,180.95,1311649.0,19233.0,180.85
2021-07-12 04:00:00,180.91,183.74,179.97,183.28,1078331.0,16862.0,182.67
2021-07-13 04:00:00,182.76,183.27,181.35,181.78,998148.0,14882.0,182.03
2021-07-14 04:00:00,182.61,183.71,181.14,181.54,1027990.0,17433.0,182.11
2021-07-15 04:00:00,180.56,183.02,180.56,182.73,1023637.0,17504.0,182.36
2021-07-16 04:00:00,183.86,184.14,182.32,182.8,1255539.0,17169.0,183.01
2021-07-19 04:00:00,179.96,181.15,178.81,180.32,1223416.0,23050.0,180.01
2021-07-20 04:00:00,180.58,187.71,180.33,186.81,1504563.0,24533.0,186.29
2021-07-21 04:00:00,187.78,189.16,187.43,188.89,811010.0,15499.0,188.64
2021-07-22 04:00:00,189.85,190.11,187.82,188.87,835032.0,14375.0,188.75
2021-07-23 04:00:00,190.16,192.26,189.84,191.53,833831.0,14465.0,191.27
2021-07-26 04:00:00,191.01,191.55,188.9,189.92,939330.0,14028.0,189.95
2021-07-27 04:00:00,188.83,192.03,188.5,190.89,1016124.0,18531.0,190.58
2021-07-28 04:00:00,190.83,191.92,188.44,188.47,1301180.0,19500.0,189.4
2021-07-29 04:00:00,190.26,192.98,189.22,192.64,1292282.0,22298.0,191.52
2021-07-30 04:00:00,191.7,193.73,190.5,193.59,1191590.0,20005.0,193.22
2021-08-02 04:00:00,193.96,195.75,191.16,191.27,1152759.0,20118.0,192.21
2021-08-03 04:00:00,192.49,196.87,191.33,196.39,1342404.0,20208.0,195.8
2021-08-04 04:00:00,190.16,192.68,188.03,190.42,1445340.0,23482.0,190.35
2021-08-05 04:00:00,191.39,192.21,185.51,185.81,1573531.0,24764.0,186.91
2021-08-06 04:00:00,186.69,188.18,185.13,187.3,916659.0,17335.0,187.03
2021-08-09 04:00:00,183.49,185.44,182.72,184.36,1939233.0,25715.0,184.3
2021-08-10 04:00:00,184.14,184.36,181.67,182.76,1731356.0,29579.0,182.78
2021-08-11 04:00:00,183.99,184.43,182.45,183.81,1202865.0,18533.0,183.47
2021-08-12 04:00:00,184.26,184.59,181.54,182.37,982372.0,17708.0,182.74
2021-08-13 04:00:00,182.55,182.93,180.71,181.77,829367.0,16194.0,181.58
2021-08-16 04:00:00,181.34,185.65,180.49,185.59,909282.0,15277.0,184.53
2021-08-17 04:00:00,184.08,184.4,181.68,184.1,920229.0,17040.0,183.25
2021-08-18 04:00:00,183.24,185.09,182.81,182.84,1104927.0,16599.0,183.34
2021-08-19 04:00:00,180.93,185.66,180.41,184.4,886525.0,17352.0,184.04
2021-08-20 04:00:00,184.65,185.12,183.18,183.89,894128.0,15100.0,183.84
2021-08-23 04:00:00,185.44,185.76,183.41,184.91,751312.0,13985.0,184.87
2021-08-24 04:00:00,185.08,187.19,184.98,186.91,714019.0,12624.0,186.24
2021-08-25 04:00:00,187.71,191.77,187.46,189.63,1475533.0,21186.0,190.18
2021-08-26 04:00:00,189.21,190.25,188.2,189.43,719482.0,13750.0,189.37
2021-08-27 04:00:00,190.77,191.3,188.95,189.0,1024631.0,15411.0,189.72
2021-08-30 04:00:00,189.74,191.05,188.75,190.19,738817.0,13889.0,190.15
2021-08-31 04:00:00,190.25,190.47,188.4,188.73,1527315.0,14663.0,188.9
2021-09-01 04:00:00,189.06,189.06,187.02,188.14,1027934.0,16258.0,188.01
2021-09-02 04:00:00,189.47,191.73,188.91,191.72,967668.0,15439.0,191.02
2021-09-03 04:00:00,191.42,191.97,190.08,190.66,660441.0,12392.0,190.88
2021-09-07 04:00:00,188.95,189.6,184.18,184.43,1273882.0,20239.0,185.15
2021-09-08 04:00:00,183.71,185.03,182.26,184.46,888829.0,17137.0,184.28
2021-09-09 04:00:00,184.99,185.83,181.1,181.34,1161014.0,20653.0,182.54
2021-09-10 04:00:00,182.85,183.1,181.09,181.25,1132737.0,20590.0,181.91
2021-09-13 04:00:00,183.06,183.3,179.09,180.01,984711.0,19987.0,180.62
2021-09-14 04:00:00,179.55,181.04,174.74,175.21,1483285.0,25333.0,176.28
2021-09-15 04:00:00,174.4,179.54,174.16,178.29,1568735.0,23834.0,177.72
2021-09-16 04:00:00,177.7,178.15,176.64,177.0,984974.0,18632.0,177.27
2021-09-17 04:00:00,175.03,176.37,173.78,175.27,6430985.0,32293.0,175.14
2021-09-20 04:00:00,172.75,174.63,171.79,174.57,1542188.0,27850.0,173.68
2021-09-21 04:00:00,175.22,175.76,172.51,173.08,1082087.0,18467.0,173.28
2021-09-22 04:00:00,172.88,175.17,172.88,173.9,1206210.0,21653.0,174.0
2021-09-23 04:00:00,175.31,178.58,175.18,177.45,1637082.0,24082.0,177.49
2021-09-24 04:00:00,177.0,178.05,174.49,174.73,1082735.0,17576.0,175.43
2021-09-27 04:00:00,173.74,174.29,169.98,171.05,1608215.0,22987.0,171.34
2021-09-28 04:00:00,170.59,170.91,167.87,168.18,1339339.0,23653.0,168.78
2021-09-29 04:00:00,168.91,169.45,167.93,168.22,920727.0,16717.0,168.59
2021-09-30 04:00:00,169.44,169.6,164.61,164.63,1913330.0,21440.0,165.66
2021-10-01 04:00:00,165.49,167.76,164.12,166.63,1453701.0,19705.0,166.36
2021-10-04 04:00:00,166.0,167.55,164.24,166.84,1542131.0,22406.0,166.2
2021-10-05 04:00:00,167.06,170.52,165.95,169.2,1422345.0,17748.0,169.38
2021-10-06 04:00:00,166.87,168.83,165.8,168.7,985090.0,18216.0,168.01
2021-10-07 04:00:00,170.22,170.69,168.41,168.98,1389492.0,20535.0,169.13
2021-10-08 04:00:00,167.46,168.2,163.79,164.03,1336062.0,20527.0,164.9
2021-10-11 04:00:00,163.38,163.99,161.92,162.11,1240766.0,17653.0,162.78
2021-10-12 04:00:00,162.75,162.76,160.79,161.75,1383988.0,18077.0,161.76
2021-10-13 04:00:00,162.8,163.83,161.47,162.71,1200864.0,17470.0,162.83
2021-10-14 04:00:00,164.06,166.98,163.74,166.94,1153148.0,16325.0,166.3
2021-10-15 04:00:00,168.2,168.76,165.83,165.92,1074767.0,15842.0,166.47
2021-10-18 04:00:00,164.72,168.1,164.38,167.5,964561.0,13111.0,167.07
2021-10-19 04:00:00,169.27,169.43,166.83,167.42,1055806.0,14938.0,167.58
2021-10-20 04:00:00,168.07,169.57,166.62,168.31,1091927.0,16303.0,168.39
2021-10-21 04:00:00,168.17,172.83,167.52,172.74,1537438.0,18828.0,171.6
2021-10-22 04:00:00,173.55,174.67,172.72,172.75,1418766.0,18427.0,173.33
2021-10-25 04:00:00,171.44,171.71,171.44,171.71,112875.0,3.0,171.68
2021-10-26 04:00:00,172.25,172.71,170.88,171.7,1155883.0,16633.0,171.8
2021-10-27 04:00:00,171.7,173.65,168.95,169.6,913478.0,16468.0,170.42
2021-10-28 04:00:00,170.35,173.39,169.58,173.31,781956.0,14667.0,172.6
2021-10-29 04:00:00,172.45,174.06,171.8,172.53,1209635.0,15273.0,172.78
2021-11-01 04:00:00,173.02,174.64,171.29,172.91,1203315.0,17118.0,173.22
2021-11-02 04:00:00,173.47,175.55,172.65,174.5,1146467.0,18957.0,174.45
2021-11-03 04:00:00,175.63,175.63,167.3,170.05,1940652.0,26472.0,169.95
2021-11-04 04:00:00,170.89,173.88,170.57,172.5,1559466.0,23876.0,172.6
2021-11-05 04:00:00,173.79,177.21,173.52,176.11,1636823.0,24363.0,176.0
2021-11-08 05:00:00,177.55,178.88,176.01,178.6,1569187.0,22444.0,177.89
2021-11-09 05:00:00,178.2,181.25,178.02,180.74,1620906.0,24349.0,180.18
2021-11-10 05:00:00,179.68,181.86,179.28,180.65,1354850.0,21457.0,180.73
2021-11-11 05:00:00,181.48,181.86,178.95,179.91,951148.0,15065.0,179.97
2021-11-12 05:00:00,181.38,183.99,179.89,183.95,1180034.0,18318.0,183.15
2021-11-15 05:00:00,183.3,184.5,181.35,182.27,1072523.0,16537.0,182.41
2021-11-16 05:00:00,182.72,185.95,182.13,184.64,1075084.0,16431.0,184.71
2021-11-17 05:00:00,185.21,185.58,183.14,185.01,1225408.0,17922.0,184.48
2021-11-18 05:00:00,185.95,186.28,184.22,184.6,1165649.0,16531.0,184.96
2021-11-19 05:00:00,184.45,187.17,183.23,186.89,1768929.0,19869.0,186.39
2021-11-22 05:00:00,188.15,189.55,187.0,187.0,1449690.0,21733.0,188.15
2021-11-23 05:00:00,186.51,189.02,185.35,186.49,1691799.0,21775.0,186.84
2021-11-24 05:00:00,185.48,186.92,183.79,186.4,2131134.0,24566.0,185.92
2021-11-26 05:00:00,183.94,187.09,183.3,185.23,1388484.0,17338.0,184.92
2021-11-29 05:00:00,187.38,187.38,183.11,183.97,1637988.0,22256.0,184.38
2021-11-30 05:00:00,182.97,183.95,177.36,177.98,3417955.0,30730.0,178.54
2021-12-01 05:00:00,180.39,184.2,176.62,176.83,1901765.0,28013.0,179.22
2021-12-02 05:00:00,178.3,183.44,177.64,182.27,1671521.0,22699.0,181.87
2021-12-03 05:00:00,183.33,185.19,181.24,184.9,1421721.0,20344.0,183.81
2021-12-06 05:00:00,186.52,187.48,184.77,185.13,1559046.0,19996.0,185.63
2021-12-07 05:00:00,186.38,190.92,186.38,190.1,1477333.0,20219.0,189.87
2021-12-08 05:00:00,190.03,192.81,189.69,192.71,1544533.0,20224.0,191.9
2021-12-09 05:00:00,192.85,193.81,191.45,192.88,1230889.0,18019.0,192.73
2021-12-10 05:00:00,192.99,193.97,191.47,193.88,1181437.0,17893.0,193.37
2021-12-13 05:00:00,194.17,195.12,192.56,193.45,1483131.0,18163.0,193.44
2021-12-14 05:00:00,191.27,193.82,188.86,191.11,1783635.0,24225.0,190.91
2021-12-15 05:00:00,191.95,193.05,189.89,193.01,1510586.0,23421.0,192.31
2021-12-16 05:00:00,194.65,195.35,191.99,193.37,1060867.0,20209.0,193.72
2021-12-17 05:00:00,192.83,192.88,185.17,185.89,3014267.0,25395.0,187.56
2021-12-20 05:00:00,184.34,185.85,180.9,183.47,1107047.0,18739.0,183.15
2021-12-21 05:00:00,185.26,186.89,183.69,185.98,993896.0,15554.0,185.82
2021-12-22 05:00:00,186.42,188.28,186.09,187.66,696598.0,10593.0,187.48
2021-12-23 05:00:00,188.28,190.1,188.23,188.72,845606.0,11840.0,188.95
2021-12-27 05:00:00,189.91,191.55,189.1,191.36,550345.0,10037.0,190.87
2021-12-28 05:00:00,192.11,193.24,191.5,192.71,566144.0,9238.0,192.68
2021-12-29 05:00:00,192.39,194.49,192.39,193.71,611692.0,9297.0,193.75
2021-12-30 05:00:00,194.2,194.43,191.78,192.09,723912.0,16938.0,192.37
2021-12-31 05:00:00,191.73,194.03,191.56,193.25,672041.0,9598.0,193.12
2022-01-03 05:00:00,191.67,192.88,185.78,186.38,1374343.0,20443.0,187.01
2022-01-04 05:00:00,186.56,187.82,185.37,186.52,1936662.0,26625.0,186.49
2022-01-05 05:00:00,186.93,188.1,183.99,184.29,1565967.0,22203.0,185.41
2022-01-06 05:00:00,184.61,188.26,184.33,186.55,1579578.0,21888.0,186.64
2022-01-07 05:00:00,186.29,186.83,180.94,181.04,1286634.0,19297.0,182.3
2022-01-10 05:00:00,178.79,182.05,176.21,181.87,2222628.0,29092.0,180.32
2022-01-11 05:00:00,182.71,186.17,181.92,185.07,1593505.0,21997.0,184.3
2022-01-12 05:00:00,186.52,187.43,183.68,186.75,1503182.0,19818.0,185.89
2022-01-13 05:00:00,186.46,188.52,179.43,179.83,1640525.0,24439.0,181.9
2022-01-14 05:00:00,177.27,177.97,171.7,172.17,2670701.0,37041.0,173.17
2022-01-18 05:00:00,169.95,173.21,168.33,170.67,2684189.0,33237.0,171.0
2022-01-19 05:00:00,171.42,173.0,168.01,168.06,2173527.0,29894.0,169.46
2022-01-20 05:00:00,169.55,172.79,166.14,166.2,2946940.0,28720.0,168.32
2022-01-21 05:00:00,167.26,169.81,165.47,167.37,5054112.0,32088.0,167.49
2022-01-24 05:00:00,163.54,168.59,162.39,168.59,462498.0,5855.0,165.96
2022-01-25 05:00:00,165.92,167.24,161.69,165.42,1631796.0,27544.0,164.72
2022-01-26 05:00:00,166.22,169.34,165.04,165.04,1080076.0,16506.0,167.23
2022-01-27 05:00:00,166.36,168.18,160.96,161.84,1777477.0,26875.0,162.98
2022-01-28 05:00:00,161.78,164.72,159.12,164.68,1987516.0,30237.0,162.47
2022-01-31 05:00:00,163.89,166.52,159.51,165.57,2084953.0,30557.0,164.08
2022-02-01 05:00:00,166.33,166.33,158.08,159.91,3014736.0,37739.0,160.36
2022-02-02 05:00:00,160.8,162.61,157.02,157.78,3176454.0,36328.0,158.31
2022-02-03 05:00:00,158.29,159.42,154.31,154.55,2073241.0,28304.0,155.68
2022-02-04 05:00:00,153.79,154.64,149.85,151.84,2310698.0,28587.0,151.94
2022-02-07 05:00:00,151.67,152.67,149.41,150.15,2051708.0,24946.0,150.52
2022-02-08 05:00:00,151.75,153.65,150.31,152.14,1973537.0,23151.0,152.23
2022-02-09 05:00:00,154.51,157.42,154.08,155.13,2309139.0,29194.0,155.39
2022-02-10 05:00:00,151.61,154.99,148.66,149.37,2068781.0,27161.0,151.26
2022-02-11 05:00:00,150.2,150.96,144.53,145.56,1868765.0,29085.0,146.63
2022-02-14 05:00:00,145.1,146.42,143.11,144.87,1736815.0,23338.0,144.7
2022-02-15 05:00:00,147.32,148.38,146.01,147.3,1524229.0,21810.0,147.53
2022-02-16 05:00:00,146.44,147.68,145.57,145.99,1346172.0,16109.0,146.3
2022-02-17 05:00:00,145.6,147.24,144.2,144.85,1890046.0,25461.0,145.24
2022-02-18 05:00:00,144.06,147.2,144.06,145.71,2259712.0,30950.0,145.67
2022-02-22 05:00:00,145.0,146.96,143.23,144.19,1704208.0,23958.0,144.72
2022-02-23 05:00:00,145.2,145.2,142.04,142.49,1606883.0,26700.0,143.2
2022-02-24 05:00:00,139.65,144.96,138.93,144.65,2114561.0,31751.0,143.09
2022-02-25 05:00:00,144.9,148.11,143.91,148.0,2085608.0,26243.0,147.26
2022-02-28 05:00:00,146.03,148.24,145.45,147.24,2310543.0,20869.0,146.94
2022-03-01 05:00:00,147.68,147.84,143.35,145.45,1487720.0,21768.0,145.29
2022-03-02 05:00:00,146.65,149.07,146.42,148.47,1793484.0,25187.0,148.29
2022-03-03 05:00:00,150.06,150.52,147.7,149.01,1754529.0,23509.0,148.84
2022-03-04 05:00:00,147.18,148.48,144.41,145.36,1383101.0,20498.0,145.61
2022-03-07 05:00:00,145.33,145.82,138.78,138.85,2197228.0,34008.0,140.58
2022-03-08 05:00:00,138.86,138.86,137.16,137.16,184657.0,4.0,137.29
2022-03-09 05:00:00,140.68,146.29,140.23,145.03,2749156.0,30612.0,144.91
2022-03-10 05:00:00,142.79,143.65,141.28,142.99,1221548.0,20335.0,142.63
2022-03-11 05:00:00,145.08,146.52,142.87,142.97,1379103.0,19795.0,143.7
2022-03-14 04:00:00,143.82,146.06,142.47,145.23,2625186.0,31196.0,144.64
2022-03-15 04:00:00,145.99,146.98,144.37,146.3,1624934.0,23307.0,145.97
2022-03-16 04:00:00,147.76,152.01,146.85,150.34,1813203.0,26192.0,150.26
2022-03-17 04:00:00,148.9,151.87,148.54,151.24,1405097.0,22759.0,150.83
2022-03-18 04:00:00,150.27,152.88,149.04,152.48,3158844.0,19116.0,152.06
2022-03-21 04:00:00,151.78,152.46,148.96,150.18,1239905.0,20185.0,150.25
2022-03-22 04:00:00,150.76,151.91,150.03,151.04,1069853.0,16022.0,151.0
2022-03-23 04:00:00,149.3,149.43,146.55,146.87,1420514.0,18378.0,147.51
2022-03-24 04:00:00,147.63,148.7,146.72,148.64,1046444.0,17133.0,148.31
2022-03-25 04:00:00,148.75,150.8,147.98,149.46,1386261.0,21224.0,149.2
2022-03-28 04:00:00,148.73,151.13,148.54,150.61,1635502.0,23483.0,150.29
2022-03-29 04:00:00,153.29,154.48,151.11,152.02,1705510.0,24594.0,152.24
2022-03-30 04:00:00,150.78,152.86,150.43,152.35,2498693.0,29842.0,152.28
2022-03-31 04:00:00,151.63,152.28,146.67,146.69,2308988.0,23388.0,147.9
2022-04-01 04:00:00,148.64,149.76,146.67,148.76,1510785.0,24792.0,148.33
2022-04-04 04:00:00,147.32,148.32,146.08,147.89,894409.0,17621.0,147.38
2022-04-05 04:00:00,146.71,148.87,145.51,148.66,2318534.0,26448.0,147.85
2022-04-06 04:00:00,147.38,148.62,144.85,146.01,1778050.0,18920.0,146.22
2022-04-07 04:00:00,144.16,147.7,144.1,146.37,1566317.0,23566.0,146.25
2022-04-08 04:00:00,145.86,146.48,143.14,143.91,1149703.0,18930.0,144.47
2022-04-11 04:00:00,142.97,143.98,141.47,142.04,1947473.0,33687.0,142.42
2022-04-12 04:00:00,141.75,145.51,140.2,141.13,1590672.0,27796.0,142.07
2022-04-13 04:00:00,141.22,143.85,141.22,143.13,1190849.0,20919.0,143.01
2022-04-14 04:00:00,143.31,144.36,141.72,142.22,4947077.0,29949.0,142.39
2022-04-18 04:00:00,142.22,143.04,139.54,140.22,818740.0,14857.0,140.7
2022-04-19 04:00:00,140.79,143.96,140.61,143.84,1155167.0,16790.0,143.18
2022-04-20 04:00:00,145.28,149.71,144.94,148.46,1688014.0,25542.0,148.48
2022-04-21 04:00:00,151.64,152.34,146.57,146.8,1963611.0,25380.0,148.39
2022-04-22 04:00:00,146.11,146.13,142.72,143.03,1612338.0,19128.0,143.3
2022-04-25 04:00:00,141.6,143.69,138.72,143.56,1034698.0,18216.0,142.09
2022-04-26 04:00:00,141.74,142.41,138.52,139.02,1182517.0,19310.0,139.66
2022-04-27 04:00:00,138.17,141.27,138.02,138.98,1361592.0,20349.0,139.33
2022-04-28 04:00:00,137.85,141.05,134.97,139.94,1873353.0,24884.0,139.23
2022-04-29 04:00:00,138.9,140.17,133.86,134.39,2283205.0,28993.0,135.61
2022-05-02 04:00:00,134.41,137.14,132.3,135.0,1760953.0,27068.0,134.93
2022-05-03 04:00:00,134.97,136.3,133.27,134.01,3053619.0,44111.0,134.41
2022-05-04 04:00:00,132.92,136.01,128.55,135.65,2589680.0,37797.0,132.65
2022-05-05 04:00:00,134.71,136.04,130.19,131.31,1970101.0,29417.0,132.27
2022-05-06 04:00:00,130.39,130.65,126.31,128.94,1758452.0,24966.0,128.52
2022-05-09 04:00:00,127.35,131.11,125.85,129.24,1612484.0,25021.0,128.87
2022-05-10 04:00:00,130.94,131.23,126.55,128.06,1698649.0,26176.0,128.34
2022-05-11 04:00:00,128.02,129.94,125.88,126.01,1778122.0,23597.0,126.67
2022-05-12 04:00:00,125.26,130.08,124.89,129.14,1912371.0,32370.0,128.53
2022-05-13 04:00:00,130.04,132.88,130.04,132.55,1509922.0,23712.0,132.04
2022-05-16 04:00:00,131.61,132.36,128.76,130.08,1006548.0,19441.0,130.13
2022-05-17 04:00:00,131.89,132.52,129.17,131.43,1590463.0,24645.0,130.89
2022-05-18 04:00:00,128.57,130.15,124.64,124.99,1710068.0,23698.0,126.38
2022-05-19 04:00:00,124.33,127.49,123.61,125.71,1116919.0,21104.0,125.8
2022-05-20 04:00:00,127.02,127.59,123.09,125.58,1649372.0,22304.0,125.14
2022-05-23 04:00:00,127.46,127.46,123.5,126.34,1312693.0,22634.0,126.04
2022-05-24 04:00:00,125.94,127.0,123.13,126.55,1170377.0,18898.0,125.73
2022-05-25 04:00:00,125.93,129.43,125.46,128.63,1644138.0,26001.0,128.3
2022-05-26 04:00:00,130.26,131.95,130.2,131.43,1184862.0,17949.0,131.22
2022-05-27 04:00:00,132.78,135.04,132.32,134.97,1115060.0,17990.0,134.47
2022-05-31 04:00:00,133.19,133.59,131.15,132.63,3261153.0,29388.0,132.61
2022-06-01 04:00:00,132.98,133.39,129.88,130.98,1436905.0,23630.0,131.1
2022-06-02 04:00:00,132.17,134.7,131.39,134.51,1056991.0,17930.0,133.47
2022-06-03 04:00:00,133.26,134.2,132.73,133.63,806375.0,14973.0,133.52
2022-06-06 04:00:00,134.04,134.88,133.06,133.44,1388039.0,16969.0,133.63
2022-06-07 04:00:00,132.36,135.08,131.66,134.9,1022959.0,15735.0,134.36
2022-06-08 04:00:00,133.83,134.86,132.69,133.08,870065.0,14597.0,133.44
2022-06-09 04:00:00,132.3,133.2,129.42,129.63,1700707.0,19372.0,130.27
2022-06-10 04:00:00,127.27,127.42,124.59,125.69,1050157.0,19641.0,125.98
2022-06-13 04:00:00,123.23,125.03,122.3,123.18,1486859.0,24339.0,123.37
2022-06-14 04:00:00,123.12,124.89,121.16,122.28,1336491.0,22658.0,122.46
2022-06-15 04:00:00,123.35,125.36,121.77,123.38,1230460.0,21564.0,123.62
2022-06-16 04:00:00,120.73,120.99,116.88,117.7,1396136.0,23921.0,117.97
2022-06-17 04:00:00,117.15,119.06,116.45,116.77,3380895.0,23934.0,117.07
2022-06-21 04:00:00,118.31,120.44,117.77,119.84,1782724.0,28452.0,119.4
2022-06-22 04:00:00,118.12,121.34,117.84,120.62,1834897.0,28168.0,120.32
2022-06-23 04:00:00,120.26,123.19,119.7,123.09,1595069.0,23497.0,121.89
2022-06-24 04:00:00,124.15,127.08,123.34,126.92,2293305.0,23027.0,126.56
2022-06-27 04:00:00,127.36,127.6,125.23,126.91,1069386.0,17761.0,126.85
2022-06-28 04:00:00,127.12,128.08,124.29,124.43,1146024.0,18306.0,125.37
2022-06-29 04:00:00,124.22,125.9,122.17,125.56,1286518.0,20333.0,125.03
2022-06-30 04:00:00,124.28,127.02,123.5,125.36,1864261.0,19794.0,125.38
2022-07-01 04:00:00,125.75,127.53,125.11,126.81,1350974.0,20406.0,126.48
2022-07-05 04:00:00,124.67,127.26,123.79,127.15,1397710.0,21352.0,126.37
2022-07-06 04:00:00,128.01,128.01,125.6,126.86,1913900.0,29084.0,126.65
2022-07-07 04:00:00,126.84,127.43,124.89,126.23,1730992.0,26316.0,125.98
2022-07-08 04:00:00,126.89,127.83,125.4,126.53,1530054.0,23317.0,126.78
2022-07-11 04:00:00,125.83,126.71,125.5,126.1,1393770.0,19526.0,126.19
2022-07-12 04:00:00,125.97,127.62,125.02,125.46,1457560.0,16288.0,126.36
2022-07-13 04:00:00,122.94,124.8,121.86,123.18,1706774.0,25888.0,123.4
2022-07-14 04:00:00,121.02,123.56,120.91,122.92,2147916.0,32137.0,122.64
2022-07-15 04:00:00,125.13,126.53,123.52,125.06,5984100.0,26932.0,125.11
2022-07-18 04:00:00,125.03,125.39,121.42,122.08,1227725.0,19412.0,122.89
2022-07-19 04:00:00,123.65,128.28,123.14,128.03,1464482.0,17059.0,127.41
2022-07-20 04:00:00,128.15,129.52,127.19,128.53,1291144.0,19039.0,128.39
2022-07-21 04:00:00,128.91,133.66,128.67,133.55,1689616.0,25062.0,132.23
2022-07-22 04:00:00,133.67,135.07,133.17,134.39,1742774.0,26852.0,134.02
2022-07-25 04:00:00,134.11,134.51,133.21,134.37,1409279.0,22782.0,134.02
2022-07-26 04:00:00,134.67,134.74,132.2,134.16,1076270.0,17479.0,133.96
2022-07-27 04:00:00,134.68,137.8,134.45,136.94,1148113.0,19581.0,136.29
2022-07-28 04:00:00,137.92,140.68,136.19,140.33,1205134.0,19220.0,139.48
2022-07-29 04:00:00,140.32,142.19,139.4,141.89,1265244.0,20336.0,141.42
2022-08-01 04:00:00,140.17,141.53,139.51,140.99,1401930.0,21547.0,140.86
2022-08-02 04:00:00,139.83,141.86,139.71,140.17,1302336.0,21563.0,140.77
2022-08-03 04:00:00,142.76,146.61,141.32,145.67,1776317.0,25109.0,145.01
2022-08-04 04:00:00,146.39,151.5,146.08,149.49,2642079.0,34485.0,149.6
2022-08-05 04:00:00,147.67,148.99,146.39,148.98,1817976.0,25316.0,148.05
2022-08-08 04:00:00,150.24,151.6,149.65,150.57,2038993.0,31039.0,150.69
2022-08-09 04:00:00,149.28,150.28,148.59,149.18,1484541.0,21894.0,149.33
2022-08-10 04:00:00,152.47,153.21,151.73,152.47,1147652.0,19868.0,152.42
2022-08-11 04:00:00,152.79,155.92,152.68,153.13,1501076.0,22785.0,153.99
2022-08-12 04:00:00,153.83,158.0,152.89,157.88,1312917.0,22980.0,156.72
2022-08-15 04:00:00,157.7,159.96,157.05,159.63,1219501.0,20738.0,159.2
2022-08-16 04:00:00,157.89,161.49,157.89,161.45,1859706.0,23121.0,160.76
2022-08-17 04:00:00,159.06,161.64,158.6,160.64,1601797.0,27069.0,160.68
2022-08-18 04:00:00,160.69,161.51,160.35,161.16,1144518.0,18348.0,160.92
2022-08-19 04:00:00,159.92,160.38,157.36,158.02,1660406.0,27585.0,158.27
2022-08-22 04:00:00,155.57,156.18,153.53,154.09,1274160.0,22420.0,154.6
2022-08-23 04:00:00,153.28,154.39,151.86,152.38,1499554.0,19912.0,152.69
2022-08-24 04:00:00,151.98,153.07,151.49,152.57,1133975.0,19208.0,152.45
2022-08-25 04:00:00,153.67,155.7,152.92,155.63,1147385.0,20522.0,154.79
2022-08-26 04:00:00,156.0,156.48,149.99,150.17,1197164.0,20984.0,151.84
2022-08-29 04:00:00,148.85,151.77,148.51,150.44,1448455.0,23248.0,150.71
2022-08-30 04:00:00,151.56,151.6,148.44,149.46,1495125.0,21502.0,149.64
2022-08-31 04:00:00,150.53,151.82,148.68,148.72,2126930.0,24522.0,149.22
2022-09-01 04:00:00,148.92,152.21,147.85,152.02,1417133.0,21619.0,151.19
2022-09-02 04:00:00,154.22,154.51,149.88,150.67,1465884.0,26425.0,151.66
2022-09-06 04:00:00,150.75,152.61,148.68,151.73,2145123.0,31684.0,151.44
2022-09-07 04:00:00,152.28,156.3,151.89,156.21,1354392.0,22200.0,155.22
2022-09-08 04:00:00,154.75,159.08,153.72,158.29,2160585.0,31376.0,158.03
2022-09-09 04:00:00,158.62,159.72,158.04,158.82,1399394.0,23471.0,159.01
2022-09-12 04:00:00,159.95,161.23,158.86,160.32,1300589.0,18915.0,160.07
2022-09-13 04:00:00,156.47,158.74,154.92,155.75,1479609.0,21832.0,156.54
2022-09-14 04:00:00,155.87,156.67,153.74,155.27,1711614.0,27179.0,155.38
2022-09-15 04:00:00,155.15,157.41,153.72,154.35,1412499.0,26235.0,155.04
2022-09-16 04:00:00,152.39,152.56,149.03,150.93,3162501.0,26222.0,151.12
2022-09-19 04:00:00,150.29,154.38,150.29,154.25,1127470.0,20153.0,153.3
2022-09-20 04:00:00,152.84,153.34,148.57,150.0,1410089.0,24260.0,150.34
2022-09-21 04:00:00,151.52,152.53,147.08,147.28,1660435.0,25684.0,149.19
2022-09-22 04:00:00,146.78,147.17,143.07,143.13,1400977.0,23510.0,144.16
2022-09-23 04:00:00,142.14,144.15,140.87,143.06,1530927.0,25320.0,142.77
2022-09-26 04:00:00,142.69,143.6,140.31,141.61,1642978.0,26959.0,141.85
2022-09-27 04:00:00,143.37,143.65,138.93,140.43,1378112.0,24198.0,140.83
2022-09-28 04:00:00,141.32,145.54,140.46,144.87,1295115.0,22779.0,143.87
2022-09-29 04:00:00,143.34,143.45,140.66,141.49,1547139.0,27211.0,141.41
2022-09-30 04:00:00,141.33,143.56,140.12,140.38,1525910.0,19216.0,140.83
2022-10-03 04:00:00,142.26,148.27,142.26,146.37,1412368.0,25660.0,146.45
2022-10-04 04:00:00,148.37,150.39,147.96,149.93,1264861.0,20990.0,149.54
2022-10-05 04:00:00,147.6,150.51,147.6,149.01,986726.0,16565.0,149.09
2022-10-06 04:00:00,148.85,149.46,146.32,146.93,1296399.0,20108.0,147.41
2022-10-07 04:00:00,145.14,145.93,140.94,141.88,1384561.0,24265.0,142.04
2022-10-10 04:00:00,143.13,144.19,142.04,143.31,842130.0,16879.0,143.23
2022-10-11 04:00:00,142.42,145.37,141.09,142.8,1219884.0,20898.0,143.02
2022-10-12 04:00:00,143.59,143.82,140.49,140.55,1332430.0,20960.0,141.22
2022-10-13 04:00:00,137.65,143.47,134.81,142.55,2266082.0,32141.0,140.62
2022-10-14 04:00:00,142.45,144.81,136.66,137.65,1204965.0,23136.0,138.72
2022-10-17 04:00:00,140.79,143.01,140.45,142.91,1929958.0,27324.0,142.22
2022-10-18 04:00:00,146.2,147.02,143.22,145.34,1156599.0,21648.0,145.02
2022-10-19 04:00:00,144.01,144.96,139.77,140.7,1155569.0,20193.0,141.37
2022-10-20 04:00:00,140.47,140.47,135.22,135.97,1521703.0,27404.0,136.94
2022-10-21 04:00:00,136.51,141.32,135.33,140.43,2231199.0,29146.0,139.56
2022-10-24 04:00:00,142.73,144.54,141.22,142.77,1380459.0,24121.0,142.77
2022-10-25 04:00:00,142.47,149.92,142.47,149.25,1862681.0,30797.0,148.07
2022-10-26 04:00:00,149.84,152.27,147.67,149.62,1688490.0,23298.0,149.82
2022-10-27 04:00:00,151.1,153.76,150.88,151.56,1506627.0,25618.0,151.89
2022-10-28 04:00:00,151.71,156.92,150.47,156.01,1287402.0,21352.0,155.29
2022-10-31 04:00:00,154.73,156.15,154.42,154.74,1611282.0,21690.0,154.98
2022-11-01 04:00:00,155.19,157.26,153.25,154.9,2202120.0,27079.0,155.08
2022-11-02 04:00:00,157.05,163.79,154.43,155.89,2503299.0,41979.0,158.17
2022-11-03 04:00:00,154.46,161.33,154.15,159.74,2494418.0,31244.0,159.68
2022-11-04 04:00:00,162.47,163.61,158.73,161.64,1346754.0,25192.0,161.38
2022-11-07 05:00:00,162.36,163.65,159.63,162.45,1602076.0,28572.0,162.47
2022-11-08 05:00:00,162.99,165.89,162.08,164.72,1681309.0,28164.0,164.63
2022-11-09 05:00:00,163.47,165.37,160.39,160.68,1241819.0,23189.0,161.93
2022-11-10 05:00:00,166.11,171.99,166.11,171.36,1744744.0,37808.0,170.32
2022-11-11 05:00:00,172.19,176.06,169.9,170.69,1627451.0,33861.0,172.06
2022-11-14 05:00:00,169.55,171.04,168.38,168.63,1387118.0,23738.0,169.47
2022-11-15 05:00:00,171.18,172.62,169.63,171.47,1152387.0,20665.0,171.1
2022-11-16 05:00:00,171.97,171.97,170.19,170.64,1055711.0,19282.0,170.9
2022-11-17 05:00:00,167.69,169.2,165.57,169.14,1219078.0,24203.0,168.25
2022-11-18 05:00:00,171.12,172.44,169.23,170.85,1102382.0,18928.0,170.55
2022-11-21 05:00:00,170.76,172.07,170.38,170.83,972235.0,18881.0,171.09
2022-11-22 05:00:00,172.16,173.93,171.57,173.29,1301255.0,24015.0,173.31
2022-11-23 05:00:00,173.68,175.75,173.33,173.86,1562453.0,24799.0,174.35
2022-11-25 05:00:00,174.52,174.52,172.81,173.47,431815.0,8576.0,173.57
2022-11-28 05:00:00,172.1,172.75,168.52,169.05,928097.0,18503.0,169.88
2022-11-29 05:00:00,168.77,170.57,168.35,169.63,985818.0,19397.0,169.63
2022-11-30 05:00:00,169.33,173.17,167.71,172.96,2959776.0,30656.0,171.85
2022-12-01 05:00:00,174.2,175.14,171.47,173.38,929358.0,21156.0,173.23
2022-12-02 05:00:00,170.81,175.09,170.81,174.18,1027187.0,20124.0,173.96
2022-12-05 05:00:00,171.01,172.72,169.56,171.27,1012327.0,16991.0,171.42
2022-12-06 05:00:00,171.81,172.07,166.86,168.45,846971.0,18204.0,168.66
2022-12-07 05:00:00,168.38,172.22,168.2,170.66,1647604.0,26423.0,170.65
2022-12-08 05:00:00,170.66,173.38,170.25,172.38,1170858.0,21905.0,172.24
2022-12-09 05:00:00,172.23,173.36,170.06,170.54,914400.0,15821.0,171.1
2022-12-12 05:00:00,167.82,170.67,167.51,170.49,1317751.0,27046.0,169.6
2022-12-13 05:00:00,175.9,175.94,169.6,171.52,2002437.0,27400.0,171.74
2022-12-14 05:00:00,171.26,173.87,170.07,171.78,1087390.0,19831.0,171.77
2022-12-15 05:00:00,169.22,169.23,164.94,166.25,1619633.0,27013.0,166.39
2022-12-16 05:00:00,165.5,166.38,164.09,165.77,1570832.0,21138.0,165.5
2022-12-19 05:00:00,165.47,167.19,162.86,164.26,1104928.0,20234.0,164.53
2022-12-20 05:00:00,164.0,165.15,163.4,164.2,746118.0,13785.0,164.27
2022-12-21 05:00:00,164.8,166.93,164.46,166.35,877902.0,17768.0,166.13
2022-12-22 05:00:00,164.39,165.49,161.65,164.74,1037281.0,18430.0,163.9
2022-12-23 05:00:00,164.33,165.72,163.38,165.37,659386.0,12973.0,165.02
2022-12-27 05:00:00,165.32,166.58,164.63,165.53,551792.0,12360.0,165.54
2022-12-28 05:00:00,166.51,167.17,162.86,162.87,538735.0,13276.0,163.82
2022-12-29 05:00:00,164.27,166.5,162.25,165.84,924479.0,14849.0,165.68
2022-12-30 05:00:00,164.46,165.05,162.16,163.56,665713.0,14010.0,163.39
2023-01-03 05:00:00,166.28,167.08,164.36,166.91,1149586.0,22035.0,166.29
2023-01-04 05:00:00,168.89,170.51,167.82,169.61,1124559.0,21192.0,169.43
2023-01-05 05:00:00,167.38,168.21,165.47,167.31,1113616.0,21473.0,167.03
2023-01-06 05:00:00,169.37,174.63,168.72,173.69,1199211.0,21951.0,173.15
2023-01-09 05:00:00,174.63,177.01,172.29,173.28,1368863.0,23227.0,174.47
2023-01-10 05:00:00,172.42,174.2,172.04,174.11,705981.0,15637.0,173.37
2023-01-11 05:00:00,175.13,176.91,175.12,175.59,1026922.0,19406.0,175.81
2023-01-12 05:00:00,176.74,176.75,174.29,175.51,1169950.0,22171.0,175.69
2023-01-13 05:00:00,174.7,178.64,173.69,178.37,778808.0,16233.0,177.37
2023-01-17 05:00:00,178.71,178.98,174.12,174.89,1761503.0,23584.0,175.48
2023-01-18 05:00:00,174.97,175.62,168.62,169.11,1774632.0,27997.0,171.14
2023-01-19 05:00:00,167.84,167.86,162.29,162.55,2078943.0,36144.0,163.7
2023-01-20 05:00:00,163.47,165.36,161.88,165.3,2082513.0,24813.0,164.09
2023-01-23 05:00:00,165.43,167.27,163.91,166.34,1467768.0,22421.0,165.8
2023-01-24 05:00:00,168.44,189.41,165.14,170.05,1547051.0,23509.0,169.44
2023-01-25 05:00:00,167.9,169.72,166.54,169.53,752301.0,16470.0,168.51
2023-01-26 05:00:00,170.85,171.06,168.02,170.8,720606.0,16762.0,170.05
2023-01-27 05:00:00,170.79,172.96,170.13,172.26,665864.0,15944.0,172.12
2023-01-30 05:00:00,171.21,172.57,170.13,170.43,710726.0,15127.0,170.85
2023-01-31 05:00:00,172.01,174.44,171.58,174.29,1646481.0,26684.0,173.94
2023-02-01 05:00:00,173.8,175.81,170.01,173.98,2313236.0,40916.0,173.27
2023-02-02 05:00:00,180.01,182.93,175.6,180.65,2426157.0,43726.0,179.9
2023-02-03 05:00:00,181.22,183.15,179.73,181.28,1594572.0,27826.0,181.01
2023-02-06 05:00:00,179.43,181.55,178.14,180.03,1528233.0,26865.0,180.1
2023-02-07 05:00:00,177.09,178.14,173.11,175.59,1905550.0,34070.0,175.75
2023-02-08 05:00:00,173.56,178.54,173.39,177.85,1807203.0,29549.0,176.95
2023-02-09 05:00:00,179.78,181.61,176.57,176.67,1516203.0,22871.0,178.17
2023-02-10 05:00:00,176.74,178.4,175.99,178.2,1144198.0,22537.0,177.51
2023-02-13 05:00:00,179.56,182.12,179.09,181.61,1189248.0,23975.0,181.21
2023-02-14 05:00:00,180.45,182.68,179.81,180.67,1103741.0,24246.0,181.07
2023-02-15 05:00:00,179.67,182.26,179.67,182.13,757489.0,18260.0,181.6
2023-02-16 05:00:00,179.09,181.19,178.17,179.08,957162.0,18148.0,179.9
2023-02-17 05:00:00,178.25,180.12,177.45,179.21,908199.0,16783.0,178.93
2023-02-21 05:00:00,177.62,178.51,174.23,175.06,1141170.0,21008.0,175.29
2023-02-22 05:00:00,175.55,176.69,174.26,175.4,843329.0,17887.0,175.47
2023-02-23 05:00:00,177.09,177.6,174.27,176.79,870985.0,19845.0,176.21
2023-02-24 05:00:00,175.24,180.16,173.79,176.8,1000815.0,19405.0,176.71
2023-02-27 05:00:00,178.82,180.86,178.36,179.32,1281154.0,23554.0,179.29
2023-02-28 05:00:00,180.13,181.32,178.99,179.98,1905790.0,28138.0,180.12
2023-03-01 05:00:00,179.15,181.81,179.15,180.66,1386071.0,24607.0,180.73
2023-03-02 05:00:00,180.02,183.09,179.15,182.81,1403214.0,24653.0,181.81
2023-03-03 05:00:00,183.91,190.03,183.11,189.63,2332449.0,36986.0,187.87
2023-03-06 05:00:00,189.28,191.7,187.53,187.63,2129569.0,33120.0,189.12
2023-03-07 05:00:00,187.98,189.66,185.29,186.47,1327089.0,27957.0,186.87
2023-03-08 05:00:00,187.34,187.97,185.67,187.05,1158710.0,23254.0,187.02
2023-03-09 05:00:00,188.16,189.12,184.51,184.72,1548101.0,29466.0,185.89
2023-03-10 05:00:00,184.84,185.43,180.18,181.89,2140972.0,36118.0,182.75
2023-03-13 04:00:00,179.69,182.68,178.67,180.8,1503387.0,26539.0,181.13
2023-03-14 04:00:00,183.68,185.25,182.02,184.74,1245873.0,24170.0,184.15
2023-03-15 04:00:00,180.93,181.28,172.32,174.46,2210360.0,35584.0,175.62
2023-03-16 04:00:00,172.29,177.43,170.82,176.99,1918467.0,41786.0,175.15
2023-03-17 04:00:00,175.16,175.42,171.09,173.44,2266449.0,29784.0,173.24
2023-03-20 04:00:00,174.7,177.75,174.59,177.22,1492396.0,26334.0,176.32
2023-03-21 04:00:00,180.02,180.24,177.36,178.82,1419001.0,20770.0,178.72
2023-03-22 04:00:00,178.8,182.69,177.04,177.46,1867138.0,30525.0,179.53
2023-03-23 04:00:00,177.59,181.63,176.76,178.69,1671054.0,31535.0,179.21
2023-03-24 04:00:00,176.4,177.89,174.71,177.87,1695714.0,24801.0,176.91
2023-03-27 04:00:00,179.57,179.76,176.4,176.84,1666673.0,29994.0,177.46
2023-03-28 04:00:00,177.23,179.84,176.52,178.48,1172930.0,20668.0,178.51
2023-03-29 04:00:00,180.06,181.08,179.14,180.83,1300640.0,22401.0,180.38
2023-03-30 04:00:00,181.64,182.13,178.45,178.69,1173452.0,22796.0,179.3
2023-03-31 04:00:00,179.55,180.29,178.14,179.74,2119811.0,36870.0,179.35
2023-04-03 04:00:00,178.96,180.41,178.8,179.46,1121917.0,22066.0,179.57
2023-04-04 04:00:00,178.99,179.29,168.34,169.77,2017457.0,39261.0,170.92
2023-04-05 04:00:00,168.73,169.64,164.37,166.56,3700943.0,50293.0,167.06
2023-04-06 04:00:00,166.17,168.57,164.55,166.74,2860059.0,36536.0,166.82
2023-04-10 04:00:00,166.06,167.65,165.29,167.15,1221810.0,19779.0,166.74
2023-04-11 04:00:00,167.77,169.35,166.89,167.1,2123360.0,33486.0,167.71
2023-04-12 04:00:00,168.73,171.95,167.68,170.87,3617113.0,42682.0,170.39
2023-04-13 04:00:00,170.56,172.23,167.11,171.72,1681531.0,27600.0,170.17
2023-04-14 04:00:00,171.91,174.47,169.85,170.95,771123.0,17272.0,171.61
2023-04-17 04:00:00,171.22,172.54,170.48,172.41,3098276.0,34796.0,171.46
2023-04-18 04:00:00,173.87,174.77,170.5,172.03,1270132.0,24436.0,171.74
2023-04-19 04:00:00,170.96,173.12,170.96,172.37,1221876.0,19613.0,172.28
2023-04-20 04:00:00,171.55,172.89,171.06,172.38,2382291.0,31449.0,172.04
2023-04-21 04:00:00,172.39,173.65,171.45,172.85,4199616.0,31165.0,172.63
2023-04-24 04:00:00,174.41,174.8,172.34,173.63,1061854.0,20934.0,173.44
2023-04-25 04:00:00,174.6,177.44,174.08,174.72,1166516.0,24087.0,175.46
2023-04-26 04:00:00,172.82,176.71,172.62,173.59,2290355.0,42390.0,174.63
2023-04-27 04:00:00,175.36,181.36,174.74,181.22,1686496.0,31557.0,179.75
2023-04-28 04:00:00,181.61,182.97,180.23,181.53,1289833.0,24637.0,181.55
2023-05-01 04:00:00,181.94,184.38,181.65,183.37,1198557.0,22985.0,183.55
2023-05-02 04:00:00,183.1,184.85,181.69,184.21,1915349.0,33209.0,183.72
2023-05-03 04:00:00,182.74,185.21,172.76,173.64,3335194.0,46271.0,175.4
2023-05-04 04:00:00,173.08,176.1,171.28,171.94,1633884.0,30324.0,173.33
2023-05-05 04:00:00,173.14,174.57,171.43,172.73,1705868.0,28607.0,172.64
2023-05-08 04:00:00,173.13,173.69,169.39,172.67,1687542.0,29873.0,171.49
2023-05-09 04:00:00,172.25,174.18,171.81,173.71,1219600.0,24130.0,173.17
2023-05-10 04:00:00,175.34,176.09,171.96,174.56,824244.0,17463.0,174.27
2023-05-11 04:00:00,173.58,174.22,171.62,172.76,998769.0,19606.0,172.59
2023-05-12 04:00:00,173.46,175.32,170.93,173.63,863915.0,19797.0,173.0
2023-05-15 04:00:00,172.75,174.58,171.82,174.04,949258.0,18475.0,173.84
2023-05-16 04:00:00,173.01,173.13,168.76,168.88,1160447.0,24221.0,169.82
2023-05-17 04:00:00,169.64,172.24,168.6,170.96,1301346.0,22729.0,170.76
2023-05-18 04:00:00,169.99,171.48,168.43,171.13,1403141.0,26261.0,170.41
2023-05-19 04:00:00,172.59,173.1,168.2,169.28,1597844.0,24434.0,169.62
2023-05-22 04:00:00,169.6,170.05,166.4,167.28,1421759.0,23905.0,167.65
2023-05-23 04:00:00,166.24,166.24,163.46,164.15,1628929.0,28053.0,164.77
2023-05-24 04:00:00,163.79,164.13,161.52,162.38,1094118.0,22712.0,162.46
2023-05-25 04:00:00,163.33,164.48,161.77,163.65,1190503.0,22041.0,163.42
2023-05-26 04:00:00,163.76,164.96,162.66,162.95,2089642.0,28161.0,163.47
2023-05-30 04:00:00,163.63,163.98,161.74,162.74,1508002.0,23221.0,162.77
2023-05-31 04:00:00,162.26,162.56,159.41,159.47,2930157.0,26830.0,160.27
2023-06-01 04:00:00,159.27,163.11,158.84,162.63,1639443.0,25405.0,161.96
2023-06-02 04:00:00,165.58,169.87,165.5,169.59,1062951.0,21433.0,168.71
2023-06-05 04:00:00,170.23,170.33,168.24,169.01,768324.0,18799.0,169.05
2023-06-06 04:00:00,168.3,172.07,168.24,171.29,1014559.0,22544.0,171.14
2023-06-07 04:00:00,171.38,174.46,169.84,172.68,1262115.0,28739.0,172.92
2023-06-08 04:00:00,171.55,173.83,171.22,173.39,997552.0,19731.0,173.02
2023-06-09 04:00:00,173.87,174.45,171.55,172.75,1018057.0,22071.0,172.93
2023-06-12 04:00:00,172.9,173.28,171.9,172.3,1318461.0,24584.0,172.45
2023-06-13 04:00:00,172.83,177.48,172.83,177.47,1355548.0,23549.0,176.7
2023-06-14 04:00:00,178.66,179.71,177.14,177.8,1281291.0,26173.0,178.35
2023-06-15 04:00:00,178.0,182.05,177.88,181.59,1121832.0,25363.0,180.71
2023-06-16 04:00:00,183.17,184.15,182.49,183.37,2100913.0,29078.0,183.27
2023-06-20 04:00:00,181.92,183.16,181.68,182.04,992480.0,20616.0,182.23
2023-06-21 04:00:00,181.45,183.9,180.6,182.29,1157000.0,22155.0,182.31
2023-06-22 04:00:00,182.55,183.34,180.59,181.21,1371207.0,23454.0,181.71
2023-06-23 04:00:00,180.39,183.08,179.34,182.48,2007645.0,19231.0,182.27
2023-06-26 04:00:00,182.23,184.67,181.93,182.82,1040413.0,17318.0,182.83
2023-06-27 04:00:00,184.28,185.64,183.55,184.62,1222033.0,23274.0,184.5
2023-06-28 04:00:00,183.89,183.89,182.31,183.05,976928.0,19916.0,183.05
2023-06-29 04:00:00,183.86,186.25,183.13,186.24,1029634.0,18703.0,185.53
2023-06-30 04:00:00,187.34,188.91,186.63,187.48,968432.0,15683.0,187.72
2023-07-03 04:00:00,186.34,188.77,185.42,187.42,443129.0,9450.0,187.52
2023-07-05 04:00:00,185.76,187.51,185.42,186.02,890600.0,17357.0,186.27
2023-07-06 04:00:00,185.35,187.09,184.26,186.06,1071006.0,22245.0,185.74
2023-07-07 04:00:00,185.36,187.75,184.44,185.45,769323.0,15172.0,185.99
2023-07-10 04:00:00,186.27,189.79,185.89,189.78,794203.0,17036.0,188.81
2023-07-11 04:00:00,190.54,191.32,188.96,190.09,932365.0,19831.0,190.0
2023-07-12 04:00:00,191.83,193.49,190.09,190.64,1014426.0,21639.0,191.54
2023-07-13 04:00:00,189.95,191.87,189.23,191.58,788664.0,15728.0,191.22
2023-07-14 04:00:00,191.68,192.68,190.33,192.43,936317.0,18510.0,191.86
2023-07-17 04:00:00,191.74,195.88,191.74,194.92,927359.0,19189.0,194.65
2023-07-18 04:00:00,193.88,195.85,193.88,195.27,906930.0,19114.0,194.92
2023-07-19 04:00:00,193.66,195.07,191.32,191.98,1211210.0,22117.0,192.18
2023-07-20 04:00:00,193.04,193.04,189.77,191.76,1453622.0,22142.0,191.17
2023-07-21 04:00:00,191.75,192.15,188.63,190.06,1349063.0,24366.0,190.17
2023-07-24 04:00:00,190.38,193.06,190.18,190.63,943738.0,18655.0,191.17
2023-07-25 04:00:00,190.23,191.48,189.49,190.59,937384.0,18949.0,190.72
2023-07-26 04:00:00,189.8,190.88,188.76,190.44,1068577.0,18821.0,189.96
2023-07-27 04:00:00,191.36,193.98,190.74,193.23,1414835.0,26024.0,192.71
2023-07-28 04:00:00,195.67,195.8,194.07,194.64,1026603.0,17224.0,194.82
2023-07-31 04:00:00,195.96,196.12,194.15,195.5,1069035.0,18491.0,195.19
2023-08-01 04:00:00,195.01,197.85,193.97,195.1,1163846.0,24552.0,195.38
2023-08-02 04:00:00,197.71,204.54,196.05,201.01,2209640.0,39897.0,201.51
2023-08-03 04:00:00,201.24,204.23,198.98,201.2,1563943.0,29942.0,201.24
2023-08-04 04:00:00,203.45,203.45,199.36,200.16,1089757.0,23875.0,201.06
2023-08-07 04:00:00,201.43,205.04,201.24,204.24,906564.0,19273.0,203.91
2023-08-08 04:00:00,202.91,202.92,200.33,201.48,995759.0,19242.0,201.37
2023-08-09 04:00:00,201.08,201.89,197.73,198.06,757065.0,16029.0,198.86
2023-08-10 04:00:00,198.02,200.8,196.85,198.14,882882.0,15785.0,198.49
2023-08-11 04:00:00,197.68,200.21,197.68,199.15,729351.0,15297.0,199.26
2023-08-14 04:00:00,198.42,200.9,197.74,200.81,733572.0,15023.0,200.01
2023-08-15 04:00:00,199.42,200.4,198.46,199.03,830574.0,20658.0,199.24
2023-08-16 04:00:00,198.33,201.21,198.01,199.12,955302.0,19527.0,199.77
2023-08-17 04:00:00,198.99,199.44,193.32,193.73,910773.0,21648.0,195.3
2023-08-18 04:00:00,192.44,194.77,192.18,193.06,775028.0,15259.0,193.24
2023-08-21 04:00:00,193.02,195.13,191.46,194.5,726132.0,16848.0,193.65
2023-08-22 04:00:00,194.83,195.31,192.43,193.34,638144.0,14855.0,193.56
2023-08-23 04:00:00,193.72,198.19,193.18,197.49,606100.0,14656.0,196.96
2023-08-24 04:00:00,197.37,199.4,195.34,195.41,890952.0,15225.0,196.48
2023-08-25 04:00:00,196.73,199.45,195.59,198.58,1082516.0,20554.0,197.83
2023-08-28 04:00:00,198.95,200.69,198.59,199.59,452073.0,13235.0,199.49
2023-08-29 04:00:00,199.09,201.73,197.62,201.71,798355.0,17350.0,200.95
2023-08-30 04:00:00,201.93,202.83,200.97,201.86,709360.0,16128.0,201.89
2023-08-31 04:00:00,202.44,203.46,201.74,201.76,941474.0,14301.0,202.04
2023-09-01 04:00:00,202.99,203.37,201.16,201.73,858435.0,18324.0,201.9
2023-09-05 04:00:00,201.2,201.66,195.58,197.12,960935.0,20712.0,197.44
2023-09-06 04:00:00,198.03,200.92,197.63,200.72,994191.0,23735.0,200.28
2023-09-07 04:00:00,201.33,203.43,198.52,202.99,1008381.0,21727.0,202.57
2023-09-08 04:00:00,203.14,203.5,201.14,202.43,844626.0,16439.0,202.19
2023-09-11 04:00:00,203.41,207.19,202.49,206.81,1556324.0,26848.0,205.74
2023-09-12 04:00:00,206.12,207.97,203.88,204.9,1270292.0,26009.0,205.76
2023-09-13 04:00:00,204.3,206.08,202.76,203.78,1248294.0,24083.0,204.2
2023-09-14 04:00:00,203.96,204.89,196.76,198.6,1837769.0,34539.0,199.64
2023-09-15 04:00:00,197.94,201.13,197.46,199.04,1611855.0,25671.0,198.93
2023-09-18 04:00:00,198.95,202.02,198.19,200.25,754138.0,15422.0,200.47
2023-09-19 04:00:00,199.83,200.3,197.21,199.65,973281.0,16422.0,199.25
2023-09-20 04:00:00,200.99,201.63,197.43,197.81,647653.0,14175.0,198.74
2023-09-21 04:00:00,197.06,197.57,194.55,194.64,795270.0,17362.0,195.31
2023-09-22 04:00:00,194.93,198.31,194.93,197.03,753581.0,13773.0,196.92
2023-09-25 04:00:00,195.93,198.21,195.93,197.74,598320.0,12726.0,197.52
2023-09-26 04:00:00,196.41,197.38,193.29,193.93,949774.0,20029.0,194.5
2023-09-27 04:00:00,196.0,196.98,194.1,196.65,1466105.0,26971.0,195.96
2023-09-28 04:00:00,197.21,204.48,197.21,200.71,1550778.0,27077.0,201.71
2023-09-29 04:00:00,202.11,202.53,199.26,199.45,1327480.0,23648.0,200.15
2023-10-02 04:00:00,199.19,200.09,194.39,194.72,1493495.0,23724.0,195.74
2023-10-03 04:00:00,194.94,196.77,191.52,192.91,1109086.0,20415.0,193.12
2023-10-04 04:00:00,193.6,197.76,192.88,196.97,1005001.0,17959.0,195.96
2023-10-05 04:00:00,198.53,198.73,196.03,197.39,1127400.0,22082.0,197.23
2023-10-06 04:00:00,195.33,202.33,195.19,200.81,1050101.0,20867.0,199.98
2023-10-09 04:00:00,199.83,201.65,196.97,200.82,1205679.0,20065.0,199.75
2023-10-10 04:00:00,201.35,205.63,201.07,204.99,1117478.0,19933.0,204.67
2023-10-11 04:00:00,204.75,207.79,204.75,207.7,851053.0,15077.0,206.57
2023-10-12 04:00:00,208.1,208.1,201.44,203.33,1271334.0,27461.0,203.84
2023-10-13 04:00:00,204.45,205.66,199.35,201.2,1044422.0,20152.0,201.45
2023-10-16 04:00:00,204.24,206.68,203.14,204.55,1164741.0,23496.0,204.66
2023-10-17 04:00:00,203.92,207.25,202.28,205.62,1108215.0,22285.0,205.71
2023-10-18 04:00:00,203.37,203.37,192.47,192.64,1783994.0,33884.0,194.93
2023-10-19 04:00:00,191.66,193.81,186.5,188.06,1963459.0,35569.0,189.09
2023-10-20 04:00:00,187.04,188.09,183.38,184.08,2041979.0,33296.0,184.97
2023-10-23 04:00:00,184.43,187.15,183.1,184.69,1298173.0,24648.0,185.3
2023-10-24 04:00:00,186.58,186.58,182.67,183.38,1090549.0,21470.0,183.9
2023-10-25 04:00:00,182.32,185.32,180.88,181.27,1652206.0,27061.0,182.2
2023-10-26 04:00:00,184.13,187.59,183.68,184.23,1624502.0,30441.0,185.42
2023-10-27 04:00:00,184.06,185.03,181.1,181.54,1548337.0,27494.0,182.13
2023-10-30 04:00:00,184.14,186.03,182.58,184.87,920334.0,20877.0,184.87
2023-10-31 04:00:00,183.86,187.77,183.06,187.06,1830062.0,26835.0,186.89
2023-11-01 04:00:00,197.15,211.12,196.59,209.86,3682507.0,51258.0,206.47
2023-11-02 04:00:00,211.82,213.01,207.71,209.47,1972024.0,40482.0,210.06
2023-11-03 04:00:00,213.79,215.76,211.84,214.28,1916314.0,34445.0,214.53
2023-11-06 05:00:00,214.02,215.01,211.69,213.42,1130958.0,24642.0,213.04
2023-11-07 05:00:00,212.33,216.41,210.69,215.92,1091640.0,21161.0,215.38
2023-11-08 05:00:00,216.32,218.73,215.94,218.06,1177066.0,23210.0,217.74
2023-11-09 05:00:00,218.19,219.82,216.86,217.22,1051894.0,20350.0,217.94
2023-11-10 05:00:00,218.19,222.3,218.07,221.63,1172750.0,19998.0,220.91
2023-11-13 05:00:00,220.69,222.43,219.43,220.61,836706.0,20498.0,220.58
2023-11-14 05:00:00,224.32,226.02,222.63,225.14,1114034.0,23819.0,225.19
2023-11-15 05:00:00,224.74,225.86,221.57,221.86,1837077.0,29783.0,223.18
2023-11-16 05:00:00,223.12,225.48,222.46,222.68,1254132.0,21928.0,223.21
2023-11-17 05:00:00,224.11,224.99,222.57,224.72,1006041.0,19500.0,224.07
2023-11-20 05:00:00,224.6,225.04,221.67,223.08,1021500.0,20693.0,223.24
2023-11-21 05:00:00,222.55,224.84,222.05,222.17,1106731.0,21192.0,223.04
2023-11-22 05:00:00,223.29,224.91,221.74,223.58,701268.0,14652.0,223.65
2023-11-24 05:00:00,222.66,224.68,221.82,224.66,232739.0,5821.0,224.17
2023-11-27 05:00:00,223.84,224.5,221.55,222.13,945204.0,17912.0,222.35
2023-11-28 05:00:00,221.98,221.98,217.78,218.91,1244561.0,23997.0,219.43
2023-11-29 05:00:00,221.36,222.01,218.14,218.83,1110104.0,23398.0,219.24
2023-11-30 05:00:00,218.1,222.6,217.99,222.12,1697654.0,22272.0,221.57
2023-12-01 05:00:00,222.7,224.98,221.69,224.21,902862.0,22815.0,223.99
2023-12-04 05:00:00,222.88,225.68,222.88,225.14,912667.0,19560.0,224.82
2023-12-05 05:00:00,224.85,226.9,224.53,226.23,1497351.0,31125.0,225.95
2023-12-06 05:00:00,227.42,230.29,226.24,227.1,1384284.0,27939.0,227.7
2023-12-07 05:00:00,228.05,228.06,225.72,227.97,944706.0,18036.0,227.32
2023-12-08 05:00:00,230.03,232.28,229.21,230.58,1388376.0,19514.0,230.71
2023-12-11 05:00:00,231.6,234.9,231.59,233.92,1087888.0,19851.0,233.61
2023-12-12 05:00:00,232.9,236.3,232.41,235.82,1146205.0,23650.0,235.31
2023-12-13 05:00:00,236.25,236.26,231.93,234.57,1123964.0,23928.0,234.34
2023-12-14 05:00:00,235.76,237.69,232.08,235.41,1842466.0,33513.0,235.48
2023-12-15 05:00:00,231.41,237.87,231.03,236.42,3060854.0,30559.0,235.82
2023-12-18 05:00:00,236.47,237.01,234.79,236.59,785453.0,17920.0,236.36
2023-12-19 05:00:00,236.82,238.47,236.16,238.26,932843.0,20198.0,237.66
2023-12-20 05:00:00,237.54,239.63,234.92,235.07,917454.0,19117.0,236.86
2023-12-21 05:00:00,236.59,240.07,235.76,239.84,824553.0,21135.0,238.75
2023-12-22 05:00:00,240.44,241.2,237.98,238.86,722815.0,18297.0,239.23
2023-12-26 05:00:00,238.83,240.96,238.04,240.18,403271.0,12604.0,240.0
2023-12-27 05:00:00,239.56,241.31,239.28,240.39,595362.0,14809.0,240.44
2023-12-28 05:00:00,238.75,241.69,238.48,240.25,652527.0,15908.0,240.57
2023-12-29 05:00:00,239.74,241.26,239.32,240.34,755529.0,15510.0,240.41
2024-01-02 05:00:00,237.92,240.26,236.33,237.12,963565.0,21524.0,237.4
2024-01-03 05:00:00,235.59,235.79,230.35,232.51,1306479.0,22940.0,233.05
2024-01-04 05:00:00,233.05,237.57,232.88,236.19,1256568.0,22218.0,236.25
2024-01-05 05:00:00,236.9,238.38,234.66,237.05,963677.0,20013.0,236.64
2024-01-08 05:00:00,237.38,239.65,235.54,239.58,770802.0,18795.0,238.29
2024-01-09 05:00:00,238.38,241.08,237.0,240.92,766952.0,17551.0,240.19
2024-01-10 05:00:00,241.42,242.69,240.51,242.29,860633.0,18730.0,241.86
2024-01-11 05:00:00,243.51,243.86,238.95,242.4,1060473.0,21867.0,241.15
2024-01-12 05:00:00,244.14,244.14,240.67,242.55,553011.0,15395.0,242.13
2024-01-16 05:00:00,242.01,243.12,240.27,241.93,896512.0,21446.0,241.44
2024-01-17 05:00:00,239.26,242.86,239.26,240.86,804696.0,21911.0,241.29
2024-01-18 05:00:00,241.75,244.21,240.54,243.72,611802.0,15496.0,242.89
2024-01-19 05:00:00,245.36,246.24,241.72,245.28,788009.0,18254.0,244.58
2024-01-22 05:00:00,246.96,249.59,246.46,248.94,654381.0,15998.0,248.52
2024-01-23 05:00:00,248.27,249.86,245.57,249.45,1521269.0,24703.0,248.42
2024-01-24 05:00:00,250.78,251.28,247.38,247.46,1109241.0,23974.0,248.67
2024-01-25 05:00:00,249.3,249.84,247.01,248.44,1127056.0,26930.0,248.33
2024-01-26 05:00:00,247.49,249.47,246.41,247.84,885859.0,20433.0,247.84
2024-01-29 05:00:00,248.23,251.24,247.11,251.04,914444.0,21909.0,249.42
2024-01-30 05:00:00,250.34,255.3,248.35,253.99,2054058.0,31245.0,253.46
2024-01-31 05:00:00,253.57,253.97,247.13,248.37,2112038.0,38231.0,249.35
2024-02-01 05:00:00,264.58,268.1,259.28,266.79,2456799.0,47976.0,264.43
2024-02-02 05:00:00,268.03,274.74,266.54,272.74,1874852.0,36133.0,272.18
2024-02-05 05:00:00,269.8,271.41,265.83,267.83,1195422.0,26170.0,267.86
2024-02-06 05:00:00,268.06,268.96,264.68,266.28,1144015.0,22198.0,266.31
2024-02-07 05:00:00,268.9,272.29,267.72,269.44,1395327.0,25662.0,270.48
2024-02-08 05:00:00,270.45,270.45,265.67,266.0,1678025.0,36069.0,267.07
2024-02-09 05:00:00,265.96,271.47,265.96,271.42,959468.0,21632.0,270.34
2024-02-12 05:00:00,271.15,271.18,267.56,268.05,874292.0,21654.0,268.59
2024-02-13 05:00:00,263.03,266.33,261.49,265.44,1089100.0,27035.0,264.39
2024-02-14 05:00:00,268.35,269.68,266.74,268.83,741937.0,17693.0,268.46
2024-02-15 05:00:00,269.93,270.24,267.81,268.97,717926.0,20765.0,269.09
2024-02-16 05:00:00,268.59,271.94,267.78,268.19,855506.0,21436.0,269.24
2024-02-20 05:00:00,268.25,273.01,266.55,272.13,1347802.0,29703.0,271.3
2024-02-21 05:00:00,271.83,273.35,270.76,272.53,1003821.0,20828.0,272.41
2024-02-22 05:00:00,276.52,279.11,276.4,278.16,1584828.0,21300.0,278.04
2024-02-23 05:00:00,279.23,281.02,277.16,277.7,716943.0,18619.0,278.3
2024-02-26 05:00:00,278.78,282.4,278.34,280.67,1070074.0,20605.0,280.83
2024-02-27 05:00:00,280.48,281.31,277.85,279.38,714407.0,18812.0,279.44
2024-02-28 05:00:00,280.76,282.75,278.87,279.5,996502.0,25196.0,280.0
2024-02-29 05:00:00,280.12,280.42,278.17,278.47,1595932.0,25200.0,278.79
2024-03-01 05:00:00,278.38,283.14,278.02,282.43,1089326.0,20655.0,281.93
2024-03-04 05:00:00,282.45,286.2,281.49,284.56,929692.0,21787.0,284.61
2024-03-05 05:00:00,283.59,285.64,279.22,280.54,953061.0,22099.0,281.16
2024-03-06 05:00:00,281.86,284.17,280.73,282.79,949826.0,20551.0,282.74
2024-03-07 05:00:00,284.47,285.92,283.19,283.88,506512.0,17113.0,284.16
2024-03-08 05:00:00,284.44,285.23,279.83,281.32,596153.0,19009.0,282.42
2024-03-11 04:00:00,279.5,280.47,275.54,279.41,598190.0,18999.0,278.46
2024-03-12 04:00:00,279.41,284.71,277.97,284.14,789773.0,21107.0,282.3
2024-03-13 04:00:00,284.92,285.24,282.08,282.38,1193113.0,22294.0,283.28
2024-03-14 04:00:00,286.5,290.81,285.25,288.32,1347472.0,32198.0,288.28
2024-03-15 04:00:00,285.42,289.58,284.94,287.8,1607043.0,25983.0,287.21
2024-03-18 04:00:00,290.18,291.18,287.64,288.15,637569.0,17088.0,288.98
2024-03-19 04:00:00,288.15,291.91,287.37,291.37,650647.0,16232.0,290.85
2024-03-20 04:00:00,292.83,295.06,291.12,294.92,823242.0,19811.0,293.94
2024-03-21 04:00:00,295.66,301.22,294.3,300.12,1126367.0,22827.0,299.37
2024-03-22 04:00:00,299.78,300.53,296.02,296.57,1064017.0,16215.0,297.03
2024-03-25 04:00:00,295.88,297.02,294.72,295.91,592526.0,15760.0,295.93
2024-03-26 04:00:00,295.29,297.91,295.29,295.57,469217.0,13932.0,296.22
2024-03-27 04:00:00,296.99,298.14,293.21,295.99,607044.0,18037.0,295.16
2024-03-28 04:00:00,294.18,297.04,292.33,296.48,753994.0,16651.0,295.88
2024-04-01 04:00:00,295.78,296.19,292.44,293.05,884755.0,16264.0,293.41
2024-04-02 04:00:00,294.21,295.24,289.44,293.82,1134377.0,26234.0,293.15
2024-04-03 04:00:00,294.12,299.38,293.89,297.6,734036.0,19495.0,297.61
2024-04-04 04:00:00,301.19,302.33,293.09,293.82,764397.0,18416.0,296.52
2024-04-05 04:00:00,296.24,301.8,295.22,300.89,811443.0,22621.0,300.08
2024-04-08 04:00:00,302.2,303.17,299.03,300.07,673427.0,17096.0,300.47
2024-04-09 04:00:00,301.9,302.19,291.92,297.48,911318.0,22529.0,296.59
2024-04-10 04:00:00,292.57,296.56,290.53,294.84,648843.0,21304.0,294.82
2024-04-11 04:00:00,293.75,295.72,292.28,293.55,834701.0,21150.0,293.75
2024-04-12 04:00:00,291.4,293.94,290.52,293.28,996306.0,19677.0,292.36
2024-04-15 04:00:00,298.08,300.38,290.19,290.23,844845.0,20498.0,292.62
2024-04-16 04:00:00,289.36,293.16,286.68,291.96,752199.0,21954.0,290.88
2024-04-17 04:00:00,293.34,294.98,286.71,289.45,883509.0,17844.0,289.38
2024-04-18 04:00:00,291.87,291.87,285.75,285.97,649916.0,17669.0,287.76
2024-04-19 04:00:00,287.81,289.61,282.77,284.69,800778.0,19194.0,285.87
2024-04-22 04:00:00,287.51,290.77,285.37,287.54,1009452.0,23279.0,288.0
2024-04-23 04:00:00,289.81,292.5,288.65,291.43,1031855.0,19334.0,291.28
2024-04-24 04:00:00,292.86,299.64,289.75,292.81,908037.0,26376.0,293.64
2024-04-25 04:00:00,291.35,297.68,287.76,295.66,1401798.0,32496.0,294.79
2024-04-26 04:00:00,295.44,301.64,295.44,300.75,961790.0,27110.0,300.1
2024-04-29 04:00:00,300.75,304.13,296.42,297.13,1920759.0,37630.0,299.64
2024-04-30 04:00:00,311.07,323.03,311.07,313.4,2419736.0,52100.0,315.87
2024-05-01 04:00:00,312.49,315.21,308.01,311.07,1378698.0,33949.0,310.98
2024-05-02 04:00:00,313.81,314.06,309.34,312.86,1153185.0,27686.0,311.66
2024-05-03 04:00:00,316.33,317.02,311.88,315.33,1074535.0,30056.0,315.34
2024-05-06 04:00:00,317.99,322.48,317.99,321.7,707048.0,26141.0,321.47
2024-05-07 04:00:00,321.68,323.41,320.46,321.85,796185.0,22018.0,321.68
2024-05-08 04:00:00,322.84,325.06,321.06,323.54,647461.0,19019.0,323.52
2024-05-09 04:00:00,323.55,329.28,323.22,328.79,807644.0,21825.0,327.67
2024-05-10 04:00:00,330.12,331.12,327.03,327.86,744929.0,19415.0,328.26
2024-05-13 04:00:00,328.56,329.68,322.47,322.59,785758.0,23643.0,323.85
2024-05-14 04:00:00,323.69,326.9,321.29,325.97,861415.0,24144.0,324.6
2024-05-15 04:00:00,327.12,330.01,326.17,328.17,912513.0,24728.0,327.89
2024-05-16 04:00:00,327.52,328.82,319.28,320.69,1220444.0,30404.0,321.53
2024-05-17 04:00:00,322.54,324.89,319.57,324.56,908441.0,24105.0,323.69
2024-05-20 04:00:00,325.18,330.1,323.56,326.81,835651.0,21472.0,327.69
2024-05-21 04:00:00,325.78,332.0,324.98,331.42,822130.0,23963.0,330.06
2024-05-22 04:00:00,328.7,332.2,326.91,329.39,728295.0,21562.0,329.29
2024-05-23 04:00:00,332.36,332.48,327.49,328.79,720530.0,24037.0,329.64
2024-05-24 04:00:00,329.03,333.9,327.8,333.73,539795.0,19906.0,332.56
2024-05-28 04:00:00,332.87,333.8,323.13,324.24,1103884.0,25776.0,325.92
2024-05-29 04:00:00,321.76,322.84,317.55,318.07,1147412.0,28482.0,319.14
2024-05-30 04:00:00,318.01,322.48,316.52,320.97,1275456.0,23017.0,320.7
2024-05-31 04:00:00,321.73,323.59,315.2,323.4,1884474.0,26314.0,322.23
2024-06-03 04:00:00,327.42,327.55,312.34,317.51,1051472.0,27492.0,317.3
2024-06-04 04:00:00,319.48,320.97,311.97,315.57,1038470.0,24599.0,315.2
2024-06-05 04:00:00,315.77,319.59,314.57,319.24,1346727.0,31169.0,318.01
2024-06-06 04:00:00,319.87,320.78,312.41,314.51,1218642.0,28808.0,315.09
2024-06-07 04:00:00,315.12,320.16,312.35,315.69,925356.0,23561.0,316.97
2024-06-10 04:00:00,314.05,321.83,313.22,321.68,1256082.0,26287.0,320.1
2024-06-11 04:00:00,319.8,321.98,317.55,321.72,1112653.0,22324.0,320.41
2024-06-12 04:00:00,325.59,330.14,323.54,328.66,2140744.0,29972.0,326.58
2024-06-13 04:00:00,328.99,331.07,322.73,330.08,1308873.0,23416.0,328.46
2024-06-14 04:00:00,327.29,328.08,322.85,326.19,875965.0,26756.0,325.72
2024-06-17 04:00:00,326.03,333.25,324.39,331.8,1217926.0,28419.0,330.68
2024-06-18 04:00:00,331.12,341.85,330.43,341.77,1569430.0,37495.0,338.76
2024-06-20 04:00:00,337.64,340.32,328.78,332.42,1720849.0,37426.0,333.09
2024-06-21 04:00:00,330.44,331.67,324.19,330.63,1879197.0,28838.0,330.29
2024-06-24 04:00:00,329.52,335.8,328.46,334.61,1043659.0,28380.0,334.39
2024-06-25 04:00:00,332.25,332.93,327.21,332.09,839668.0,20538.0,330.53
2024-06-26 04:00:00,330.12,331.75,323.62,326.31,1317272.0,28047.0,325.63
2024-06-27 04:00:00,327.88,330.46,326.44,330.16,1017462.0,25726.0,329.18
2024-06-28 04:00:00,328.6,334.1,324.6,325.49,5596446.0,34243.0,325.89
2024-07-01 04:00:00,329.3,329.3,317.16,318.0,1599044.0,33589.0,319.39
2024-07-02 04:00:00,319.7,321.84,315.93,321.43,1562562.0,32016.0,319.15
2024-07-03 04:00:00,320.27,327.97,319.77,327.83,687786.0,16515.0,326.36
2024-07-05 04:00:00,327.83,329.18,322.64,328.21,1435270.0,25644.0,327.33
2024-07-08 04:00:00,330.11,332.29,329.32,330.03,770837.0,19003.0,330.33
2024-07-09 04:00:00,330.03,333.6,329.69,330.25,991269.0,20772.0,331.05
2024-07-10 04:00:00,332.86,337.53,329.91,337.26,893687.0,20351.0,335.3
2024-07-11 04:00:00,337.26,343.57,337.26,340.96,904477.0,23026.0,341.32
2024-07-12 04:00:00,340.96,342.46,338.75,340.22,1135070.0,26461.0,340.7
2024-07-15 04:00:00,340.46,343.7,336.89,337.44,1096717.0,26097.0,339.05
2024-07-16 04:00:00,341.11,343.03,339.36,342.7,1341840.0,32813.0,341.6
2024-07-17 04:00:00,340.53,342.11,331.28,331.93,1199616.0,28198.0,333.71
2024-07-18 04:00:00,331.5,335.58,320.65,326.92,1537592.0,33314.0,326.04
2024-07-19 04:00:00,328.52,330.73,326.26,326.69,1397883.0,24184.0,327.47
2024-07-22 04:00:00,330.62,333.66,328.15,333.58,1462199.0,26613.0,331.98
2024-07-23 04:00:00,334.7,341.83,332.82,341.35,1158977.0,27163.0,340.5
2024-07-24 04:00:00,337.2,340.2,328.82,329.36,1514052.0,33042.0,332.83
2024-07-25 04:00:00,329.31,329.31,317.65,318.85,2429070.0,44474.0,321.21
2024-07-26 04:00:00,323.53,329.86,319.92,326.26,1232284.0,28171.0,326.5
2024-07-29 04:00:00,327.5,330.85,325.05,328.37,1050212.0,20314.0,328.58
2024-07-30 04:00:00,329.66,332.49,324.0,325.39,1343538.0,28148.0,326.36
2024-07-31 04:00:00,337.45,347.74,328.88,330.79,2500343.0,45947.0,335.62
2024-08-01 04:00:00,335.23,339.35,325.38,329.85,1335809.0,30382.0,330.13
2024-08-02 04:00:00,321.78,322.56,313.18,315.12,2070074.0,41288.0,315.35
2024-08-05 04:00:00,305.77,315.44,303.51,310.93,2114506.0,38707.0,310.22
2024-08-06 04:00:00,312.35,323.42,310.34,319.53,1295469.0,27018.0,319.1
2024-08-07 04:00:00,325.61,329.78,318.29,320.1,1208859.0,27491.0,322.24
2024-08-08 04:00:00,323.16,325.98,320.41,324.2,1044126.0,26539.0,323.78
2024-08-09 04:00:00,323.61,329.52,320.92,329.2,1090097.0,20474.0,327.45
2024-08-12 04:00:00,328.54,330.88,323.88,329.41,821695.0,21935.0,328.94
2024-08-13 04:00:00,332.75,336.1,329.15,335.85,887002.0,22760.0,334.14
2024-08-14 04:00:00,336.45,342.9,336.45,342.11,1105925.0,26483.0,340.69
2024-08-15 04:00:00,346.12,347.53,340.51,344.21,874978.0,22501.0,343.58
2024-08-16 04:00:00,343.36,344.15,337.24,337.73,969923.0,22230.0,338.37
2024-08-19 04:00:00,339.0,343.44,337.6,343.36,757012.0,16992.0,342.22
2024-08-20 04:00:00,343.37,346.57,340.52,344.04,655397.0,17540.0,343.45
2024-08-21 04:00:00,345.12,349.75,343.26,347.98,633202.0,16916.0,347.36
2024-08-22 04:00:00,347.72,350.0,345.26,347.04,997604.0,20590.0,347.51
2024-08-23 04:00:00,349.43,351.31,347.61,349.22,871002.0,18457.0,349.37
2024-08-26 04:00:00,349.22,350.62,345.73,346.96,635079.0,19635.0,347.35
2024-08-27 04:00:00,345.49,349.57,344.6,348.87,932119.0,14108.0,348.35
2024-08-28 04:00:00,349.57,351.28,346.34,348.64,534456.0,15279.0,348.68
2024-08-29 04:00:00,350.6,356.14,348.36,351.31,919660.0,21540.0,352.38
2024-08-30 04:00:00,353.07,358.64,350.44,357.88,2192458.0,22857.0,356.35
2024-09-03 04:00:00,358.46,359.36,340.2,342.56,1204321.0,27843.0,344.55
2024-09-04 04:00:00,343.25,345.76,339.67,342.91,707187.0,17898.0,342.66
2024-09-05 04:00:00,341.0,343.37,336.54,339.33,920963.0,23911.0,338.83
2024-09-06 04:00:00,342.95,346.34,336.2,339.12,1239282.0,21776.0,338.94
2024-09-09 04:00:00,343.33,347.59,340.32,342.32,1080597.0,25040.0,342.9
2024-09-10 04:00:00,345.75,346.26,340.31,343.14,1206423.0,18282.0,343.15
2024-09-11 04:00:00,343.43,351.73,337.67,351.25,947604.0,23476.0,347.66
2024-09-12 04:00:00,350.1,356.79,349.45,356.57,873367.0,22448.0,354.44
2024-09-13 04:00:00,357.4,363.05,356.14,361.09,1059247.0,23800.0,360.19
2024-09-16 04:00:00,363.93,367.02,361.03,365.71,1447619.0,21693.0,365.37
2024-09-17 04:00:00,367.02,371.43,362.47,371.37,1129483.0,23536.0,369.55
2024-09-18 04:00:00,371.08,376.24,367.85,368.38,958559.0,26335.0,370.21
2024-09-19 04:00:00,376.77,379.19,373.99,378.1,719474.0,21354.0,377.16
2024-09-20 04:00:00,377.66,384.36,376.72,381.61,1913032.0,25515.0,381.07
2024-09-23 04:00:00,383.24,386.17,381.68,384.04,875491.0,22129.0,384.51
2024-09-24 04:00:00,382.26,384.75,379.89,380.44,926798.0,25289.0,380.85
2024-09-25 04:00:00,383.55,387.23,381.35,384.35,807615.0,20469.0,384.2
2024-09-26 04:00:00,386.32,388.52,381.68,383.23,831757.0,19751.0,384.23
2024-09-27 04:00:00,382.92,384.64,379.68,380.64,1195724.0,23066.0,381.24
2024-09-30 04:00:00,380.88,385.37,378.99,385.37,1278499.0,22098.0,383.54
2024-10-01 04:00:00,387.78,388.56,380.57,383.29,945696.0,21998.0,383.42
2024-10-02 04:00:00,381.15,387.23,379.83,384.5,728882.0,19689.0,384.26
2024-10-03 04:00:00,385.74,387.11,380.93,383.59,858014.0,20699.0,383.36
2024-10-04 04:00:00,384.59,385.24,379.12,385.01,595803.0,19419.0,383.49
2024-10-07 04:00:00,382.36,387.8,381.73,386.96,629999.0,15819.0,386.33
2024-10-08 04:00:00,391.77,394.56,387.88,393.08,1227443.0,23077.0,391.9
2024-10-09 04:00:00,394.07,396.78,391.18,396.27,833732.0,22615.0,394.52
2024-10-10 04:00:00,393.15,393.64,388.09,390.06,710726.0,20339.0,390.81
2024-10-11 04:00:00,389.61,396.83,389.61,396.41,655232.0,16637.0,395.12
2024-10-14 04:00:00,398.09,401.61,397.0,401.47,689001.0,20805.0,400.34
2024-10-15 04:00:00,403.23,403.45,393.51,394.07,1155771.0,27167.0,396.02
2024-10-16 04:00:00,391.79,394.36,390.24,391.83,1519121.0,30412.0,392.16
2024-10-17 04:00:00,399.53,400.92,394.21,396.69,1029103.0,23108.0,396.95
2024-10-18 04:00:00,398.1,399.43,394.11,399.07,879840.0,16983.0,398.05
2024-10-21 04:00:00,397.82,399.77,396.48,397.34,659784.0,18807.0,397.86
2024-10-22 04:00:00,392.51,394.25,388.13,388.81,1373636.0,27657.0,389.84
2024-10-23 04:00:00,387.62,393.0,385.64,392.41,1037226.0,27796.0,391.16
2024-10-24 04:00:00,389.41,391.37,384.53,389.18,845249.0,20686.0,388.98
2024-10-25 04:00:00,390.11,391.55,386.89,389.18,600637.0,18275.0,389.34
2024-10-28 04:00:00,391.59,392.58,389.33,389.37,830195.0,22665.0,390.54
2024-10-29 04:00:00,386.3,388.27,382.82,387.22,1608331.0,34277.0,386.78
2024-10-30 04:00:00,374.24,380.43,365.16,372.28,2132947.0,43252.0,371.62
2024-10-31 04:00:00,370.91,370.91,363.08,366.96,2189188.0,45367.0,366.24
2024-11-01 04:00:00,370.63,374.21,366.71,372.9,1550878.0,31321.0,372.15
2024-11-04 05:00:00,372.12,377.05,370.17,373.74,1137641.0,29477.0,373.63
2024-11-05 05:00:00,374.61,387.34,374.61,386.92,1600007.0,32341.0,384.07
2024-11-06 05:00:00,396.99,399.34,381.74,388.48,1989029.0,43582.0,388.14
2024-11-07 05:00:00,390.78,392.8,387.09,392.5,990414.0,24202.0,390.94
2024-11-08 05:00:00,401.95,410.17,395.63,407.04,1528289.0,36377.0,405.42
2024-11-11 05:00:00,409.6,413.26,407.26,411.34,1643453.0,27485.0,410.48
2024-11-12 05:00:00,411.36,413.04,403.41,407.59,1418213.0,27968.0,407.64
2024-11-13 05:00:00,411.49,418.14,411.19,411.42,1134933.0,27393.0,413.4
2024-11-14 05:00:00,410.11,411.47,405.17,406.58,884962.0,23593.0,407.37
2024-11-15 05:00:00,399.07,404.21,397.91,403.97,958479.0,23745.0,402.22
2024-11-18 05:00:00,406.0,409.73,403.38,405.74,917947.0,27231.0,406.33
2024-11-19 05:00:00,401.86,411.2,399.83,409.46,758276.0,21985.0,408.65
2024-11-20 05:00:00,410.73,410.73,401.64,407.61,811090.0,21901.0,405.85
2024-11-21 05:00:00,408.48,414.59,407.03,411.8,1088948.0,22727.0,412.2
2024-11-22 05:00:00,411.75,414.59,409.99,413.89,896176.0,24349.0,412.92
2024-11-25 05:00:00,417.5,418.36,406.27,409.75,2400924.0,33296.0,409.94
2024-11-26 05:00:00,410.83,416.21,409.17,415.52,1229883.0,28741.0,414.2
2024-11-27 05:00:00,414.81,416.25,412.19,412.5,889240.0,19955.0,413.2
2024-11-29 05:00:00,412.41,415.25,412.13,412.63,810452.0,17085.0,413.31
2024-12-02 05:00:00,412.72,412.81,408.59,411.21,1067095.0,23436.0,410.91
2024-12-03 05:00:00,410.93,411.33,404.52,409.0,1420651.0,23821.0,408.22
2024-12-04 05:00:00,408.45,414.38,407.68,413.88,1191124.0,20586.0,413.1
2024-12-05 05:00:00,411.31,413.04,407.14,411.48,1072475.0,25170.0,410.57
2024-12-06 05:00:00,412.73,416.52,408.84,409.25,952323.0,21613.0,410.35
2024-12-09 05:00:00,408.75,412.49,391.7,398.78,1712690.0,33143.0,399.06
2024-12-10 05:00:00,396.48,398.44,393.44,394.59,1298970.0,30690.0,394.88
2024-12-11 05:00:00,396.23,398.64,393.85,397.28,867213.0,22751.0,396.68
2024-12-12 05:00:00,399.15,399.15,395.99,396.82,995105.0,21571.0,396.97
2024-12-13 05:00:00,396.82,400.26,394.81,396.52,852589.0,23078.0,396.96
2024-12-16 05:00:00,396.42,398.42,392.65,395.54,1314152.0,28699.0,395.51
2024-12-17 05:00:00,391.08,392.86,385.54,389.0,1608906.0,30042.0,388.77
2024-12-18 05:00:00,391.47,392.17,375.45,375.76,1288047.0,30515.0,382.13
2024-12-19 05:00:00,379.58,383.09,372.58,374.22,1289724.0,28215.0,375.66
2024-12-20 05:00:00,372.33,377.69,369.31,374.43,2647442.0,37015.0,374.27
2024-12-23 05:00:00,374.33,375.56,369.36,374.8,800464.0,22654.0,373.22
2024-12-24 05:00:00,374.83,377.5,373.53,377.23,287790.0,8813.0,376.25
2024-12-26 05:00:00,376.34,377.12,374.09,375.35,349315.0,12561.0,375.65
2024-12-27 05:00:00,372.69,374.64,368.08,370.87,654602.0,18299.0,370.53
2024-12-30 05:00:00,366.35,370.87,363.54,368.22,838187.0,20322.0,368.49
2024-12-31 05:00:00,369.06,370.8,365.76,366.72,907884.0,15941.0,366.96
2025-01-02 05:00:00,368.39,373.31,366.91,371.18,1844594.0,31233.0,370.84
2025-01-03 05:00:00,372.54,379.17,371.68,378.4,1083655.0,26179.0,377.14
2025-01-06 05:00:00,379.27,381.94,375.26,380.79,1411447.0,31759.0,380.45
2025-01-07 05:00:00,381.02,383.8,375.51,377.26,895601.0,25204.0,378.43
2025-01-08 05:00:00,377.49,383.86,372.91,383.35,1029113.0,25286.0,381.44
2025-01-10 05:00:00,380.95,381.28,372.94,374.44,985210.0,28249.0,375.4
2025-01-13 05:00:00,366.5,374.86,363.85,374.3,960867.0,24192.0,372.79
2025-01-14 05:00:00,378.21,382.5,376.59,379.99,1002809.0,25483.0,379.99
2025-01-15 05:00:00,386.11,388.11,379.92,382.81,1210190.0,28365.0,382.55
2025-01-16 05:00:00,385.55,389.35,384.17,386.09,1071502.0,25293.0,386.35
2025-01-17 05:00:00,389.94,389.95,385.22,386.42,2045385.0,30579.0,387.0
2025-01-21 05:00:00,390.89,395.31,388.41,394.32,1756442.0,28957.0,393.0
2025-01-22 05:00:00,397.72,400.84,394.32,396.72,1295593.0,29025.0,396.74
2025-01-23 05:00:00,396.7,398.38,389.88,397.44,1260485.0,26684.0,395.25
2025-01-24 05:00:00,398.28,402.72,395.98,398.01,1038675.0,24769.0,398.36
2025-01-27 05:00:00,372.19,377.97,361.98,365.0,2638337.0,57724.0,366.6
2025-01-28 05:00:00,365.02,367.4,357.56,363.16,2400745.0,45647.0,362.06
2025-01-29 05:00:00,359.53,364.48,356.68,361.41,2633211.0,48753.0,361.36
2025-01-30 05:00:00,360.43,367.37,354.4,363.71,2797878.0,51238.0,361.79
2025-01-31 05:00:00,367.85,368.36,357.04,360.17,1648380.0,33678.0,361.11
2025-02-03 05:00:00,353.04,359.82,351.04,357.95,1952982.0,39502.0,356.65
2025-02-04 05:00:00,362.55,363.08,352.4,352.96,1458287.0,29209.0,354.2
2025-02-05 05:00:00,357.32,358.54,351.84,355.27,1379155.0,30462.0,355.17
2025-02-06 05:00:00,356.18,357.85,352.25,355.15,975555.0,22804.0,354.85
2025-02-07 05:00:00,356.64,357.32,350.65,353.61,1151314.0,29310.0,353.32
2025-02-10 05:00:00,355.45,359.69,350.41,357.87,1791810.0,32621.0,356.3
2025-02-11 05:00:00,357.45,362.28,353.44,362.17,1753706.0,34942.0,359.26
2025-02-12 05:00:00,354.39,361.36,354.39,359.09,1493216.0,33875.0,358.95
2025-02-13 05:00:00,360.83,362.91,354.86,358.71,1410711.0,31424.0,358.6
2025-02-14 05:00:00,357.98,361.66,356.62,360.67,1019606.0,24073.0,360.08
2025-02-18 05:00:00,363.2,363.4,355.04,360.33,1319271.0,32972.0,359.82
2025-02-19 05:00:00,362.2,368.54,360.17,367.91,1475097.0,35026.0,366.23
2025-02-20 05:00:00,367.1,367.91,359.39,364.03,1140132.0,31002.0,363.51
2025-02-21 05:00:00,364.84,365.47,351.58,352.3,1163535.0,28500.0,355.68
2025-02-24 05:00:00,354.59,356.15,343.53,344.41,1981336.0,38881.0,345.98
2025-02-25 05:00:00,343.2,347.62,338.89,346.3,3644769.0,47252.0,343.48
2025-02-26 05:00:00,348.52,354.22,347.55,348.21,1856944.0,34277.0,350.43
2025-02-27 05:00:00,349.76,352.51,341.7,341.83,1273460.0,32518.0,345.46
2025-02-28 05:00:00,342.85,351.91,339.36,351.18,2658541.0,38918.0,348.1
2025-03-03 05:00:00,353.84,353.96,340.54,343.78,1784497.0,36426.0,345.55
2025-03-04 05:00:00,339.96,346.13,332.71,340.76,1865296.0,42532.0,339.2
2025-03-05 05:00:00,344.17,348.32,341.14,346.17,1915853.0,34890.0,345.38
2025-03-06 05:00:00,342.28,344.82,334.37,339.3,1621975.0,35909.0,339.88
2025-03-07 05:00:00,338.89,343.94,332.41,343.01,1579077.0,36190.0,339.34
2025-03-10 04:00:00,337.13,340.85,333.24,336.64,2055471.0,40619.0,336.56
2025-03-11 04:00:00,335.63,341.46,331.96,332.26,1721581.0,32909.0,334.84
2025-03-12 04:00:00,337.91,340.94,331.58,337.64,1542127.0,38106.0,337.15
2025-03-13 04:00:00,336.23,338.38,333.12,337.18,1989874.0,36411.0,336.31
2025-03-14 04:00:00,342.05,346.82,338.72,346.03,1473745.0,34729.0,345.27
2025-03-17 04:00:00,345.65,351.19,344.54,349.16,1248174.0,28872.0,349.18
2025-03-18 04:00:00,346.65,347.67,340.6,342.31,1502765.0,26231.0,342.77
2025-03-19 04:00:00,342.68,350.75,341.59,348.28,1078890.0,27908.0,347.02
2025-03-20 04:00:00,343.74,350.8,341.02,347.55,1279563.0,23443.0,348.14
2025-03-21 04:00:00,344.16,346.75,340.72,345.37,1712173.0,24178.0,344.77
2025-03-24 04:00:00,350.85,357.3,347.22,355.78,1587819.0,28644.0,355.03
2025-03-25 04:00:00,356.86,362.5,356.29,362.15,1492961.0,32295.0,360.76
2025-03-26 04:00:00,361.45,364.66,347.3,350.27,2686883.0,44426.0,355.55
2025-03-27 04:00:00,350.45,351.25,343.51,344.84,1692622.0,31971.0,346.92
2025-03-28 04:00:00,343.3,344.0,329.32,330.31,2337168.0,40252.0,332.07
2025-03-31 04:00:00,328.42,337.31,326.0,335.21,1805319.0,39777.0,332.99
2025-04-01 04:00:00,334.64,340.61,332.6,339.91,1244999.0,30780.0,338.02
2025-04-02 04:00:00,333.93,348.46,333.93,346.17,1017437.0,29697.0,344.27
2025-04-03 04:00:00,331.38,336.69,327.68,329.36,1563331.0,41802.0,330.78
2025-04-04 04:00:00,317.56,324.34,312.03,316.49,2057049.0,53249.0,317.74
2025-04-07 04:00:00,307.44,329.2,296.63,314.56,1917708.0,49562.0,312.44
2025-04-08 04:00:00,323.31,327.85,309.46,313.61,1689890.0,43947.0,318.4
2025-04-09 04:00:00,313.65,343.1,309.22,341.06,1979760.0,46979.0,331.75
2025-04-10 04:00:00,332.96,340.61,324.33,336.61,1715899.0,44157.0,335.41
2025-04-11 04:00:00,333.36,346.1,331.54,344.05,1531563.0,35990.0,341.34
2025-04-14 04:00:00,348.75,349.73,342.09,345.72,1249163.0,28823.0,346.44
2025-04-15 04:00:00,347.25,348.2,340.88,342.21,1062403.0,28478.0,343.27
2025-04-16 04:00:00,338.99,339.75,325.02,328.96,1620406.0,41537.0,331.36
2025-04-17 04:00:00,331.3,334.8,325.39,331.47,2243921.0,32697.0,330.81
2025-04-21 04:00:00,328.42,330.31,316.46,320.73,1769287.0,37961.0,320.18
2025-04-22 04:00:00,330.19,333.9,323.13,330.93,1115316.0,30328.0,330.46
2025-04-23 04:00:00,342.85,346.52,333.29,334.16,1475159.0,33555.0,338.37
2025-04-24 04:00:00,335.59,343.06,332.67,341.3,1261517.0,27804.0,339.9
2025-04-25 04:00:00,341.35,349.99,341.35,346.2,1677710.0,35231.0,346.24
2025-04-28 04:00:00,346.37,353.14,344.92,349.53,2268727.0,42791.0,348.88
2025-04-29 04:00:00,348.34,353.19,344.69,351.64,1733885.0,37022.0,350.63
2025-04-30 04:00:00,372.11,382.38,368.16,381.36,2579364.0,54965.0,378.11
2025-05-01 04:00:00,385.27,394.84,384.44,390.62,2106869.0,55551.0,391.6
2025-05-02 04:00:00,393.89,400.12,392.39,397.56,1323360.0,36527.0,397.42
2025-05-05 04:00:00,395.22,404.14,393.85,400.85,1036879.0,29949.0,401.38
2025-05-06 04:00:00,397.97,406.34,395.7,404.61,1892195.0,40417.0,404.08
2025-05-07 04:00:00,404.57,407.06,400.82,405.17,2045236.0,41528.0,404.21
2025-05-08 04:00:00,407.81,409.96,403.34,403.59,1856795.0,45789.0,406.18
2025-05-09 04:00:00,405.74,407.11,400.12,402.67,1914411.0,37645.0,402.23
2025-05-12 04:00:00,413.01,414.62,404.1,414.03,1922637.0,40743.0,413.01
2025-05-13 04:00:00,414.11,422.3,411.75,419.72,1348985.0,33973.0,419.79
2025-05-14 04:00:00,418.76,421.39,417.0,417.53,1339338.0,31449.0,418.41
2025-05-15 04:00:00,415.4,421.33,413.86,420.2,1225307.0,25483.0,419.64
2025-05-16 04:00:00,420.25,427.22,418.68,426.91,1110403.0,30666.0,425.5
2025-05-19 04:00:00,421.56,429.49,420.7,428.62,1003631.0,23373.0,428.03
2025-05-20 04:00:00,426.92,429.23,425.4,427.61,1037521.0,27189.0,427.47
2025-05-21 04:00:00,423.23,431.39,422.28,422.7,1302872.0,32162.0,425.33
2025-05-22 04:00:00,420.78,425.3,418.38,422.1,954955.0,24571.0,422.84
2025-05-23 04:00:00,417.66,424.13,415.87,421.14,1033881.0,24300.0,421.45
2025-05-27 04:00:00,424.76,434.39,424.34,434.05,1347904.0,35155.0,432.45
2025-05-28 04:00:00,433.55,433.63,429.74,430.74,1027994.0,26648.0,431.12
2025-05-29 04:00:00,433.33,433.33,427.04,430.09,859219.0,23771.0,429.75
2025-05-30 04:00:00,430.51,430.84,425.86,428.08,2264908.0,35748.0,428.17
2025-06-02 04:00:00,425.35,428.43,419.91,428.17,885052.0,26982.0,426.11
2025-06-03 04:00:00,428.44,433.22,427.38,430.55,1142196.0,30062.0,430.28
2025-06-04 04:00:00,433.51,433.51,430.29,430.42,733565.0,24405.0,431.21
2025-06-05 04:00:00,432.71,432.71,427.53,428.63,796339.0,26441.0,429.38
2025-06-06 04:00:00,431.65,432.05,426.63,427.45,1048054.0,27250.0,427.81
2025-06-09 04:00:00,428.03,429.0,425.23,426.29,793215.0,24666.0,426.9
2025-06-10 04:00:00,428.0,428.0,415.38,420.22,1066121.0,31579.0,420.26
2025-06-11 04:00:00,422.3,427.3,416.52,421.5,1001092.0,29165.0,422.57
2025-06-12 04:00:00,423.13,424.5,420.58,422.85,1500703.0,32753.0,422.67
2025-06-13 04:00:00,418.21,423.45,417.04,419.94,1229981.0,25727.0,420.07
2025-06-16 04:00:00,423.14,430.59,421.99,425.14,1393767.0,34547.0,426.34
2025-06-17 04:00:00,421.04,424.38,419.89,420.49,1074515.0,27242.0,421.67
2025-06-18 04:00:00,420.76,424.18,417.96,418.41,1708537.0,31213.0,420.21
2025-06-20 04:00:00,420.54,425.17,416.28,418.25,2199508.0,24438.0,418.56
2025-06-23 04:00:00,419.3,425.8,416.56,425.45,786397.0,23606.0,423.51
2025-06-24 04:00:00,426.63,428.52,424.78,427.54,760190.0,26268.0,426.88
2025-06-25 04:00:00,429.74,431.15,424.98,426.05,742270.0,23827.0,426.87
2025-06-26 04:00:00,426.94,430.35,425.05,427.71,1135687.0,27172.0,427.55
2025-06-27 04:00:00,430.76,435.9,427.48,430.8,3822730.0,31976.0,430.96
2025-06-30 04:00:00,431.04,436.64,430.0,435.9,1254829.0,27592.0,435.01
2025-07-01 04:00:00,432.71,435.27,426.93,432.67,1167932.0,38109.0,432.45
2025-07-02 04:00:00,430.89,433.78,427.35,431.22,917451.0,27343.0,430.88
2025-07-03 04:00:00,429.76,436.19,427.4,435.88,1182309.0,24654.0,433.99
2025-07-07 04:00:00,435.96,437.43,428.75,433.1,1342987.0,32000.0,432.64
2025-07-08 04:00:00,431.47,433.49,422.59,425.42,1128659.0,30788.0,426.37
2025-07-09 04:00:00,430.01,432.55,426.11,432.11,841674.0,24225.0,430.64
2025-07-10 04:00:00,432.45,436.2,424.15,433.03,1051168.0,31094.0,431.87
2025-07-11 04:00:00,428.52,437.39,428.52,435.99,944550.0,26065.0,435.09
2025-07-14 04:00:00,435.06,439.34,432.71,437.67,1172019.0,24714.0,437.43
2025-07-15 04:00:00,436.95,439.67,433.43,434.85,820604.0,20521.0,435.15
2025-07-16 04:00:00,435.02,436.35,429.15,435.47,587856.0,19083.0,434.46
2025-07-17 04:00:00,435.66,448.71,435.66,448.51,1152020.0,29892.0,445.15
2025-07-18 04:00:00,448.52,450.31,444.76,445.79,1296594.0,25797.0,447.1
2025-07-21 04:00:00,446.45,446.51,440.95,440.95,895057.0,27541.0,442.24
2025-07-22 04:00:00,439.93,446.78,433.09,446.14,1478906.0,37293.0,442.97
2025-07-23 04:00:00,449.79,459.66,448.45,457.76,994893.0,29903.0,457.01
2025-07-24 04:00:00,459.21,463.06,457.25,460.14,977402.0,26937.0,460.81
2025-07-25 04:00:00,463.25,471.5,461.93,470.44,1195128.0,34693.0,469.21
2025-07-28 04:00:00,472.16,474.54,467.8,470.91,1209871.0,32868.0,470.27
2025-07-29 04:00:00,467.75,470.9,462.38,469.35,2442348.0,51192.0,467.89
2025-07-30 04:00:00,433.0,445.73,422.85,429.95,3364409.0,79196.0,432.59
2025-07-31 04:00:00,429.59,439.77,429.59,436.57,2245356.0,49229.0,436.44
2025-08-01 04:00:00,431.19,438.41,426.8,437.73,1527429.0,42280.0,435.36
2025-08-04 04:00:00,437.99,440.35,430.98,432.47,993927.0,30701.0,433.74
2025-08-05 04:00:00,430.78,433.55,425.34,427.28,1399404.0,35483.0,428.52
2025-08-06 04:00:00,427.17,427.82,423.11,425.56,1427295.0,31032.0,425.12
2025-08-07 04:00:00,425.35,429.16,423.39,426.63,810198.0,21777.0,426.93
2025-08-08 04:00:00,428.99,430.09,424.66,428.61,755571.0,22744.0,427.95
2025-08-11 04:00:00,426.82,430.93,424.59,426.59,1074837.0,24618.0,426.83
2025-08-12 04:00:00,427.08,437.71,424.75,437.44,1225670.0,26075.0,435.32
2025-08-13 04:00:00,439.78,439.78,426.46,433.37,1182310.0,33015.0,431.79
2025-08-14 04:00:00,428.29,434.86,426.11,427.05,895354.0,24670.0,429.33
2025-08-15 04:00:00,427.91,428.42,420.67,421.97,891929.0,22935.0,423.07
2025-08-18 04:00:00,421.83,428.33,421.83,427.4,630262.0,22007.0,426.33
2025-08-19 04:00:00,426.53,429.93,423.83,427.31,757284.0,23196.0,426.93
2025-08-20 04:00:00,424.16,426.14,420.02,424.83,927273.0,27777.0,423.43
2025-08-21 04:00:00,424.23,425.32,419.71,420.81,1185192.0,27773.0,421.45
2025-08-22 04:00:00,422.34,429.44,421.11,422.65,1010356.0,27811.0,425.02
2025-08-25 04:00:00,423.74,425.42,417.84,418.18,1103558.0,26997.0,420.5
2025-08-26 04:00:00,419.01,425.07,417.13,424.72,1099282.0,23117.0,423.64
2025-08-27 04:00:00,424.0,426.49,422.54,422.73,1144683.0,22665.0,423.93
2025-08-28 04:00:00,424.52,426.01,421.12,423.04,1093260.0,24394.0,423.37
2025-08-29 04:00:00,424.53,425.15,412.35,414.17,1278491.0,30990.0,414.42
2025-09-02 04:00:00,408.62,410.2,404.37,409.51,1300334.0,32843.0,408.85
2025-09-03 04:00:00,410.26,410.26,401.62,406.9,2298588.0,38410.0,404.98
2025-09-04 04:00:00,407.44,414.12,407.13,411.72,1243921.0,30306.0,410.98
2025-09-05 04:00:00,414.19,417.24,405.78,413.1,1120667.0,31548.0,410.42
2025-09-08 04:00:00,413.98,415.52,411.28,414.2,1069408.0,25756.0,414.07
2025-09-09 04:00:00,412.66,412.78,402.51,408.69,1181774.0,32085.0,407.64
2025-09-10 04:00:00,413.32,419.52,409.2,416.59,2264299.0,44648.0,415.52
2025-09-11 04:00:00,417.26,422.91,404.98,414.15,1483455.0,41445.0,415.46
2025-09-12 04:00:00,410.15,413.89,399.69,400.07,1563728.0,40020.0,403.15
2025-09-15 04:00:00,399.76,405.89,397.26,401.73,1560892.0,36725.0,402.45
2025-09-16 04:00:00,402.33,405.32,397.6,399.29,1402739.0,35759.0,399.95
2025-09-17 04:00:00,399.3,402.15,393.7,398.26,1229393.0,32659.0,398.67
2025-09-18 04:00:00,400.61,405.35,398.05,401.78,1387203.0,33467.0,402.26
2025-09-19 04:00:00,403.53,407.95,401.57,405.87,2322906.0,28698.0,405.54
2025-09-22 04:00:00,405.33,407.78,403.1,406.92,1063445.0,27995.0,406.13
2025-09-23 04:00:00,407.4,410.57,402.36,404.45,1127535.0,27006.0,405.09
2025-09-24 04:00:00,406.67,410.96,402.67,403.38,1213611.0,31797.0,405.08
2025-09-25 04:00:00,401.41,407.08,398.52,405.69,1446664.0,34565.0,405.07
2025-09-26 04:00:00,407.22,416.32,406.89,414.5,1527598.0,40672.0,414.14
2025-09-29 04:00:00,418.13,419.62,411.79,413.65,1379989.0,30989.0,414.28
2025-09-30 04:00:00,412.16,422.29,412.1,421.22,1237423.0,30722.0,419.89
2025-10-01 04:00:00,418.01,426.47,417.68,424.66,1571269.0,33717.0,423.9
2025-10-02 04:00:00,424.53,428.46,419.55,422.79,1088674.0,32343.0,423.15
2025-10-03 04:00:00,423.16,425.08,417.21,423.35,791336.0,21425.0,422.91
2025-10-06 04:00:00,427.65,429.48,421.64,424.03,1076028.0,24828.0,424.7
2025-10-07 04:00:00,425.65,427.49,419.88,422.37,898555.0,24922.0,422.44
2025-10-08 04:00:00,418.86,427.34,415.3,425.62,1030680.0,23467.0,423.99
2025-10-09 04:00:00,426.21,427.24,417.81,417.91,1052249.0,27000.0,419.99
2025-10-10 04:00:00,420.1,426.55,413.24,413.41,1123606.0,30753.0,416.84
2025-10-13 04:00:00,418.41,421.44,415.85,418.03,1080389.0,24530.0,418.03
2025-10-14 04:00:00,413.44,424.3,410.68,423.3,1871914.0,33938.0,421.77
2025-10-15 04:00:00,423.35,430.07,418.9,421.71,1011327.0,24473.0,423.95
2025-10-16 04:00:00,422.43,422.55,414.35,415.19,928112.0,26400.0,416.89
2025-10-17 04:00:00,415.03,419.26,413.52,415.09,732828.0,21603.0,415.22
2025-10-20 04:00:00,417.55,418.45,411.67,417.64,925396.0,26716.0,416.76
2025-10-21 04:00:00,416.43,425.47,412.84,423.46,1024283.0,24813.0,422.66
2025-10-22 04:00:00,427.71,427.77,407.39,407.78,2132446.0,44343.0,411.95
2025-10-23 04:00:00,409.78,416.83,408.21,415.12,1110220.0,28817.0,414.17
2025-10-24 04:00:00,418.4,427.09,417.27,425.12,1182027.0,30678.0,424.45
2025-10-27 04:00:00,428.42,430.1,425.41,427.53,1085262.0,28031.0,427.52
2025-10-28 04:00:00,427.07,431.25,423.63,425.61,957635.0,26639.0,427.19
2025-10-29 04:00:00,425.65,436.98,425.01,426.73,2138295.0,51657.0,429.32
2025-10-30 04:00:00,419.86,457.85,417.65,445.59,2467903.0,59636.0,448.07
2025-10-31 04:00:00,444.11,452.58,444.11,447.86,2253182.0,46507.0,448.81
2025-11-03 05:00:00,449.21,451.19,443.43,445.53,1285467.0,39596.0,446.86
2025-11-04 05:00:00,441.23,442.49,431.36,432.23,1164286.0,40501.0,434.09
2025-11-05 05:00:00,433.04,439.35,430.07,435.4,1267910.0,34466.0,435.97
2025-11-06 05:00:00,437.06,439.83,428.57,434.84,836372.0,29730.0,434.29
2025-11-07 05:00:00,430.33,433.74,424.25,433.74,977273.0,34484.0,430.51
2025-11-10 05:00:00,433.72,435.44,423.4,432.74,943670.0,32004.0,430.72
2025-11-11 05:00:00,431.07,433.42,420.32,420.9,1255455.0,38464.0,423.94
2025-11-12 05:00:00,422.39,429.1,414.83,421.01,1356352.0,41791.0,422.35
2025-11-13 05:00:00,429.96,437.35,413.54,414.12,1533198.0,45841.0,418.98
2025-11-14 05:00:00,410.01,422.06,407.5,417.43,1508545.0,43986.0,417.66
2025-11-17 05:00:00,416.57,418.68,410.02,413.05,967121.0,32647.0,413.37
2025-11-18 05:00:00,411.44,414.77,406.23,406.33,975578.0,32671.0,408.57
2025-11-19 05:00:00,407.97,411.54,404.68,406.12,900043.0,29489.0,406.92
2025-11-20 05:00:00,413.24,414.94,398.61,399.36,1071623.0,38936.0,404.72
2025-11-21 05:00:00,401.98,410.63,397.97,409.38,1337921.0,39667.0,406.98
2025-11-24 05:00:00,409.93,414.19,407.61,409.22,1904991.0,36907.0,409.8
2025-11-25 05:00:00,410.94,418.73,408.37,418.09,1242783.0,29261.0,415.99
2025-11-26 05:00:00,417.1,422.12,416.51,418.9,930641.0,27229.0,419.49
2025-11-28 05:00:00,420.17,421.25,416.71,420.74,401237.0,12862.0,419.76
2025-12-01 05:00:00,416.79,418.11,409.19,409.44,1586651.0,33589.0,410.97
2025-12-02 05:00:00,412.27,413.72,406.07,410.5,1229194.0,27249.0,410.04
2025-12-03 05:00:00,409.14,410.32,402.93,408.35,1146880.0,29990.0,407.45
2025-12-04 05:00:00,405.56,410.19,402.84,404.64,997251.0,32858.0,405.96
2025-12-05 05:00:00,403.91,405.604,397.72,401.43,1166572.0,36168.0,401.033911
2025-12-08 05:00:00,400.06,404.97,395.38,397.27,1654628.0,36152.0,398.326512
2025-12-09 05:00:00,396.41,403.23,395.26,399.0,1095991.0,34546.0,399.74783
2025-12-10 05:00:00,399.65,402.1093,392.72,399.14,1785300.0,46106.0,397.854492
2025-12-11 05:00:00,399.28,405.62,397.84,403.38,924229.0,30945.0,403.288041
2025-12-12 05:00:00,403.0,403.18,390.11,391.19,1653673.0,44904.0,393.040908
2025-12-15 05:00:00,395.47,398.935,393.49,394.87,1256680.0,36553.0,395.495866
2025-12-16 05:00:00,395.69,398.4,391.01,395.96,1564746.0,36137.0,394.710893
2025-12-17 05:00:00,393.3,396.76,381.21,382.3,1639787.0,45560.0,384.998156
2025-12-18 05:00:00,386.19,392.68,383.7401,385.22,1285674.0,35328.0,386.684612
2025-12-19 05:00:00,383.31,391.4,382.86,389.84,3147286.0,41487.0,388.459107
2025-12-22 05:00:00,391.94,393.24,387.69,389.86,1199024.0,35339.0,389.622905
2025-12-23 05:00:00,389.87,394.54,388.8,393.74,891090.0,27600.0,393.255349
2025-12-24 05:00:00,392.55,393.99,391.21,393.18,321337.0,13089.0,392.845408
2025-12-26 05:00:00,393.51,393.705,390.0001,392.59,389995.0,17171.0,392.25665
2025-12-29 05:00:00,391.71,394.93,390.0,394.19,901259.0,25495.0,393.624289
2025-12-30 05:00:00,392.79,394.43,391.01,391.71,570119.0,22608.0,392.453855
2025-12-31 05:00:00,392.6,393.1149,388.8,389.2,662018.0,19325.0,389.809785
