timestamp,open,high,low,close,volume,trade_count,vwap
2020-01-02 05:00:00,163.08,163.34,159.21,163.32,925898.0,14873.0,161.97
2020-01-03 05:00:00,159.77,161.29,156.27,160.47,1164369.0,15447.0,159.6
2020-01-06 05:00:00,157.47,160.45,157.23,160.15,788077.0,13029.0,159.27
2020-01-07 05:00:00,159.78,160.72,158.46,159.86,588857.0,8611.0,159.88
2020-01-08 05:00:00,160.08,161.01,158.44,159.6,787677.0,12294.0,159.83
2020-01-09 05:00:00,160.66,160.67,157.48,158.07,1040052.0,13258.0,158.34
2020-01-10 05:00:00,158.07,158.28,153.63,154.43,1102704.0,16650.0,155.29
2020-01-13 05:00:00,155.75,155.77,150.79,152.46,1682944.0,21385.0,152.21
2020-01-14 05:00:00,151.33,152.1,147.79,149.46,1524383.0,21153.0,149.69
2020-01-15 05:00:00,148.39,151.12,147.43,149.99,988850.0,15800.0,149.66
2020-01-16 05:00:00,151.09,152.8,150.59,152.67,957162.0,12603.0,152.23
2020-01-17 05:00:00,153.45,156.18,153.14,153.7,1285104.0,14132.0,154.09
2020-01-21 05:00:00,152.91,152.91,149.9,150.09,1310487.0,12684.0,150.64
2020-01-22 05:00:00,151.43,151.99,149.74,150.36,862200.0,10089.0,150.56
2020-01-23 05:00:00,148.8,150.44,146.07,150.24,1247579.0,15011.0,148.52
2020-01-24 05:00:00,150.33,150.89,144.78,146.86,1327696.0,16922.0,146.86
2020-01-27 05:00:00,141.91,144.99,141.42,141.65,1740476.0,17253.0,142.22
2020-01-28 05:00:00,143.56,146.76,142.65,145.74,969146.0,12885.0,145.43
2020-01-29 05:00:00,146.71,148.8,145.8,147.45,1410660.0,17584.0,147.17
2020-01-30 05:00:00,145.31,147.74,135.64,137.1,2797726.0,33918.0,138.68
2020-01-31 05:00:00,135.33,136.39,130.99,131.4,2372220.0,30161.0,132.53
2020-02-03 05:00:00,132.85,136.84,132.4,135.11,1893673.0,24588.0,135.32
2020-02-04 05:00:00,137.77,144.61,137.13,142.87,1660193.0,23098.0,142.34
2020-02-05 05:00:00,146.23,150.37,145.5,149.5,1409009.0,19099.0,149.05
2020-02-06 05:00:00,150.35,150.35,145.61,147.78,859594.0,11869.0,147.69
2020-02-07 05:00:00,146.5,146.77,144.34,145.02,909899.0,12535.0,145.34
2020-02-10 05:00:00,144.55,146.31,143.57,145.98,567629.0,10830.0,145.41
2020-02-11 05:00:00,147.77,151.07,147.1,149.18,1161121.0,13970.0,149.63
2020-02-12 05:00:00,151.99,155.02,151.09,153.85,1152405.0,16151.0,153.91
2020-02-13 05:00:00,152.49,155.22,152.04,155.02,883082.0,12595.0,154.41
2020-02-14 05:00:00,154.93,156.02,150.0,151.9,652539.0,9586.0,152.39
2020-02-18 05:00:00,150.34,151.64,146.73,149.11,984849.0,12383.0,148.97
2020-02-19 05:00:00,149.95,151.54,148.32,148.7,679666.0,11978.0,149.28
2020-02-20 05:00:00,147.93,154.08,147.73,150.8,861702.0,14521.0,151.25
2020-02-21 05:00:00,148.86,149.59,146.03,146.62,1046172.0,15664.0,146.89
2020-02-24 05:00:00,139.19,139.42,135.02,137.46,1562785.0,20232.0,137.45
2020-02-25 05:00:00,138.15,138.96,128.52,130.38,1839286.0,23021.0,131.64
2020-02-26 05:00:00,132.33,133.34,127.4,127.56,1615683.0,20668.0,129.68
2020-02-27 05:00:00,122.33,132.5,119.72,125.54,2009394.0,28568.0,126.18
2020-02-28 05:00:00,120.6,131.08,120.18,128.29,2863508.0,34210.0,127.04
2020-03-02 05:00:00,130.27,131.51,122.98,131.51,2134619.0,26451.0,128.35
2020-03-03 05:00:00,131.13,134.23,122.57,124.57,1595710.0,25569.0,126.55
2020-03-04 05:00:00,127.82,128.15,122.38,126.04,1654158.0,22402.0,124.99
2020-03-05 05:00:00,121.4,121.76,114.92,116.03,2030765.0,27869.0,117.15
2020-03-06 05:00:00,110.44,114.62,108.12,112.01,2847204.0,36107.0,111.06
2020-03-09 04:00:00,97.8,103.39,94.8,96.66,3444005.0,40582.0,98.24
2020-03-10 04:00:00,101.65,105.41,94.86,104.02,2790026.0,33645.0,100.67
2020-03-11 04:00:00,99.1,100.92,95.27,96.57,2811709.0,39520.0,97.56
2020-03-12 04:00:00,88.14,91.08,80.38,80.6,3517628.0,37701.0,85.08
2020-03-13 04:00:00,87.35,88.67,80.39,88.13,2617032.0,29539.0,85.44
2020-03-16 04:00:00,75.53,87.53,73.68,80.6,2841881.0,32725.0,82.35
2020-03-17 04:00:00,82.41,83.31,72.26,78.86,2758456.0,30394.0,77.28
2020-03-18 04:00:00,71.6,73.15,56.99,67.39,3578132.0,36533.0,63.28
2020-03-19 04:00:00,65.67,76.89,61.57,75.25,2934797.0,29888.0,70.9
2020-03-20 04:00:00,77.02,79.45,67.76,67.88,2725128.0,26054.0,71.55
2020-03-23 04:00:00,66.97,70.25,61.75,68.65,2247879.0,25239.0,66.43
2020-03-24 04:00:00,75.4,86.84,74.88,83.87,3147032.0,32587.0,82.49
2020-03-25 04:00:00,86.5,97.98,79.93,90.24,2559591.0,29403.0,90.97
2020-03-26 04:00:00,93.26,98.06,87.44,96.04,2611502.0,27552.0,95.1
2020-03-27 04:00:00,89.19,90.05,83.72,87.3,2687815.0,25485.0,86.86
2020-03-30 04:00:00,85.63,92.47,83.28,92.15,2348029.0,22686.0,89.6
2020-03-31 04:00:00,92.11,102.4,91.65,99.65,3567805.0,36143.0,98.83
2020-04-01 04:00:00,93.88,97.25,89.23,92.95,2212686.0,25893.0,93.06
2020-04-02 04:00:00,92.33,100.23,90.3,93.12,2232313.0,24752.0,95.1
2020-04-03 04:00:00,89.41,90.8,83.95,88.19,2466985.0,28078.0,87.17
2020-04-06 04:00:00,93.98,100.95,93.93,99.92,2396018.0,26169.0,98.84
2020-04-07 04:00:00,107.51,108.45,100.72,104.52,2585757.0,30843.0,105.4
2020-04-08 04:00:00,105.63,111.31,103.92,108.11,1614737.0,20730.0,107.94
2020-04-09 04:00:00,109.54,111.21,100.37,104.3,2759397.0,34573.0,105.32
2020-04-13 04:00:00,99.96,101.58,96.96,100.48,1612013.0,22000.0,99.71
2020-04-14 04:00:00,103.62,106.35,101.83,105.21,1427203.0,15915.0,104.64
2020-04-15 04:00:00,101.64,101.64,97.03,100.51,1712713.0,19108.0,99.88
2020-04-16 04:00:00,100.1,100.68,91.8,95.43,2842351.0,28745.0,94.81
2020-04-17 04:00:00,98.95,102.84,97.33,101.73,2189816.0,21952.0,100.6
2020-04-20 04:00:00,98.67,101.58,95.21,97.42,2090683.0,24283.0,97.84
2020-04-21 04:00:00,94.09,96.11,93.14,94.58,1275245.0,16107.0,94.56
2020-04-22 04:00:00,98.56,98.57,95.92,97.44,1205679.0,14529.0,97.53
2020-04-23 04:00:00,98.97,101.73,97.05,100.45,1546865.0,16153.0,100.39
2020-04-24 04:00:00,102.09,103.91,99.01,102.7,1075349.0,12681.0,101.86
2020-04-27 04:00:00,102.2,108.44,101.7,107.52,1534192.0,18705.0,105.72
2020-04-28 04:00:00,112.07,115.03,109.22,112.87,2129715.0,22906.0,112.24
2020-04-29 04:00:00,117.28,124.35,116.23,123.93,2409674.0,27816.0,120.88
2020-04-30 04:00:00,122.23,126.85,116.69,124.44,2882749.0,30619.0,124.24
2020-05-01 04:00:00,121.58,121.95,114.61,115.51,2003746.0,26043.0,116.92
2020-05-04 04:00:00,112.47,113.89,108.47,113.06,1353389.0,18927.0,111.84
2020-05-05 04:00:00,115.63,118.48,110.04,110.27,1225447.0,16297.0,113.41
2020-05-06 04:00:00,110.72,112.66,107.21,107.31,941837.0,12029.0,108.67
2020-05-07 04:00:00,109.29,112.09,108.1,109.17,1091223.0,14435.0,110.06
2020-05-08 04:00:00,111.52,115.99,109.91,115.8,955787.0,13700.0,114.33
2020-05-11 04:00:00,113.33,115.27,111.17,112.84,971004.0,12132.0,113.01
2020-05-12 04:00:00,113.42,113.59,106.6,106.7,1057936.0,12912.0,109.71
2020-05-13 04:00:00,106.04,107.64,103.13,105.33,1218472.0,17472.0,105.37
2020-05-14 04:00:00,103.91,112.56,101.93,112.39,1827067.0,22350.0,109.11
2020-05-15 04:00:00,110.89,115.19,109.75,114.82,1543356.0,19118.0,113.65
2020-05-18 04:00:00,122.31,128.8,121.16,125.24,2482912.0,29515.0,125.98
2020-05-19 04:00:00,123.96,125.37,120.65,120.81,1209518.0,15376.0,123.12
2020-05-20 04:00:00,124.4,125.48,122.06,123.97,1270253.0,17682.0,124.11
2020-05-21 04:00:00,124.36,125.78,122.26,123.68,737748.0,10235.0,123.95
2020-05-22 04:00:00,123.72,127.45,122.57,126.43,971898.0,14575.0,125.77
2020-05-26 04:00:00,131.22,135.96,130.97,132.83,1708093.0,21223.0,133.73
2020-05-27 04:00:00,137.15,139.16,132.92,136.04,2247259.0,26387.0,136.16
2020-05-28 04:00:00,137.51,137.62,132.2,133.27,1412092.0,18670.0,134.48
2020-05-29 04:00:00,131.09,136.83,130.14,134.5,1825615.0,20662.0,133.8
2020-06-01 04:00:00,134.56,137.42,132.96,135.53,820301.0,13689.0,135.98
2020-06-02 04:00:00,137.5,139.72,136.69,138.6,1126686.0,15199.0,138.46
2020-06-03 04:00:00,140.75,146.1,140.71,145.05,1323283.0,17728.0,144.4
2020-06-04 04:00:00,144.23,149.08,142.41,146.59,1658025.0,20403.0,146.54
2020-06-05 04:00:00,154.94,160.63,154.28,156.26,3284025.0,29893.0,157.34
2020-06-08 04:00:00,157.52,160.56,151.48,153.28,2001881.0,23800.0,155.46
2020-06-09 04:00:00,149.53,156.49,147.68,153.25,1508640.0,20860.0,153.65
2020-06-10 04:00:00,153.22,153.89,148.74,150.68,1562075.0,20969.0,151.09
2020-06-11 04:00:00,139.58,143.32,137.31,137.56,2081584.0,26134.0,140.02
2020-06-12 04:00:00,144.53,144.72,134.96,138.95,1393823.0,20640.0,138.69
2020-06-15 04:00:00,132.52,143.13,132.19,142.39,1176027.0,18481.0,139.77
2020-06-16 04:00:00,152.52,155.97,149.79,153.29,2685733.0,34290.0,153.8
2020-06-17 04:00:00,152.85,153.04,149.79,150.64,1363599.0,15759.0,151.27
2020-06-18 04:00:00,149.91,151.64,147.93,148.95,1569374.0,17286.0,149.49
2020-06-19 04:00:00,152.62,153.46,147.58,150.59,2549068.0,20519.0,150.66
2020-06-22 04:00:00,149.58,152.55,147.91,152.14,1381219.0,16079.0,151.25
2020-06-23 04:00:00,153.02,153.66,149.07,149.11,1295687.0,15039.0,150.31
2020-06-24 04:00:00,147.32,147.47,137.77,137.93,2291030.0,28565.0,140.44
2020-06-25 04:00:00,136.81,140.4,134.7,139.78,1438566.0,18789.0,139.07
2020-06-26 04:00:00,138.77,139.47,135.53,135.96,3204808.0,17806.0,136.26
2020-06-29 04:00:00,138.59,143.67,137.35,143.05,1245912.0,19359.0,141.75
2020-06-30 04:00:00,142.42,144.99,141.69,144.33,965810.0,16819.0,143.81
2020-07-01 04:00:00,145.21,146.87,140.8,141.19,1020455.0,17234.0,142.82
2020-07-02 04:00:00,144.59,148.05,142.43,143.23,1080391.0,15491.0,144.65
2020-07-06 04:00:00,146.07,147.44,144.77,145.97,820621.0,11959.0,146.16
2020-07-07 04:00:00,144.38,147.16,142.84,142.9,1004337.0,14229.0,144.74
2020-07-08 04:00:00,142.66,144.64,140.51,143.95,835895.0,12721.0,142.68
2020-07-09 04:00:00,144.32,145.13,137.52,139.12,899891.0,16456.0,139.96
2020-07-10 04:00:00,139.17,144.22,139.17,143.16,987866.0,15876.0,142.84
2020-07-13 04:00:00,146.35,150.47,144.45,147.39,1364453.0,17333.0,147.91
2020-07-14 04:00:00,146.38,152.73,144.91,152.18,1021866.0,16087.0,150.8
2020-07-15 04:00:00,155.22,156.83,152.48,155.72,1033107.0,16821.0,154.83
2020-07-16 04:00:00,155.02,157.45,152.66,153.43,833026.0,13251.0,154.21
2020-07-17 04:00:00,154.42,155.41,152.76,154.05,681604.0,10078.0,154.14
2020-07-20 04:00:00,153.0,154.46,151.54,152.27,552015.0,9411.0,152.67
2020-07-21 04:00:00,154.12,157.92,153.87,155.23,863868.0,13784.0,155.88
2020-07-22 04:00:00,153.86,158.04,153.86,157.6,919863.0,10730.0,157.32
2020-07-23 04:00:00,157.6,160.6,156.47,158.32,816869.0,13476.0,158.51
2020-07-24 04:00:00,158.44,159.24,155.72,155.79,696131.0,11410.0,156.57
2020-07-27 04:00:00,155.01,158.72,154.21,158.13,929918.0,11766.0,157.54
2020-07-28 04:00:00,156.14,157.16,152.71,153.32,812815.0,11698.0,154.62
2020-07-29 04:00:00,153.67,158.42,153.47,158.25,1124630.0,17331.0,156.8
2020-07-30 04:00:00,156.26,156.67,148.9,151.95,1954127.0,24647.0,152.3
2020-07-31 04:00:00,152.38,152.38,146.62,150.46,1319085.0,18053.0,149.02
2020-08-03 04:00:00,152.14,154.92,150.49,154.58,823044.0,13036.0,153.81
2020-08-04 04:00:00,154.12,157.23,153.79,155.75,775093.0,12266.0,155.69
2020-08-05 04:00:00,157.36,164.57,156.43,164.2,1198076.0,18149.0,162.52
2020-08-06 04:00:00,163.87,164.5,161.94,163.32,728442.0,11306.0,163.24
2020-08-07 04:00:00,162.44,168.61,162.34,168.1,913743.0,13715.0,166.75
2020-08-10 04:00:00,168.64,178.39,168.64,175.53,1333164.0,20868.0,175.14
2020-08-11 04:00:00,177.52,180.87,169.33,170.07,1733422.0,19400.0,173.06
2020-08-12 04:00:00,172.37,174.8,170.62,172.95,623366.0,10860.0,172.83
2020-08-13 04:00:00,172.5,176.18,172.02,172.73,714571.0,11755.0,173.72
2020-08-14 04:00:00,172.17,176.0,171.32,173.66,724682.0,11698.0,173.83
2020-08-17 04:00:00,173.54,175.6,173.08,173.42,547078.0,8630.0,174.03
2020-08-18 04:00:00,173.36,173.78,170.65,170.98,533039.0,10096.0,171.66
2020-08-19 04:00:00,170.66,172.35,169.39,169.88,867246.0,10289.0,170.73
2020-08-20 04:00:00,167.18,170.14,166.65,169.03,630339.0,10940.0,168.91
2020-08-21 04:00:00,169.32,170.58,168.2,169.53,523808.0,8937.0,169.4
2020-08-24 04:00:00,171.77,174.65,169.87,171.37,1119310.0,13865.0,172.22
2020-08-25 04:00:00,172.44,174.22,169.42,171.23,476830.0,8574.0,171.16
2020-08-26 04:00:00,170.13,173.04,168.5,171.98,678583.0,10947.0,171.71
2020-08-27 04:00:00,172.37,174.31,171.67,173.36,564198.0,10437.0,173.34
2020-08-28 04:00:00,173.82,177.01,173.23,176.76,558750.0,10206.0,176.1
2020-08-31 04:00:00,176.1,176.7,171.37,171.45,850694.0,10811.0,172.15
2020-09-01 04:00:00,170.45,177.42,169.75,176.77,1031928.0,13781.0,175.75
2020-09-02 04:00:00,176.72,179.43,172.13,178.74,852147.0,13789.0,176.84
2020-09-03 04:00:00,177.21,177.8,166.23,168.88,1077267.0,17999.0,169.55
2020-09-04 04:00:00,172.07,173.62,165.27,170.85,1038790.0,16419.0,170.11
2020-09-08 04:00:00,166.17,170.74,163.17,166.92,996009.0,17071.0,167.51
2020-09-09 04:00:00,169.36,171.8,168.4,170.33,862329.0,15386.0,170.7
2020-09-10 04:00:00,171.31,171.54,165.98,166.52,870680.0,10467.0,167.68
2020-09-11 04:00:00,167.98,169.81,166.78,169.11,487560.0,9353.0,168.77
2020-09-14 04:00:00,171.88,172.66,169.38,171.0,488294.0,9089.0,170.89
2020-09-15 04:00:00,172.29,173.31,169.73,170.98,722176.0,9404.0,171.05
2020-09-16 04:00:00,171.59,177.31,169.88,175.81,899892.0,14106.0,175.27
2020-09-17 04:00:00,172.64,178.18,170.33,175.06,937215.0,14827.0,175.04
2020-09-18 04:00:00,174.37,175.7,168.1,170.63,1544835.0,16660.0,171.23
2020-09-21 04:00:00,165.79,166.61,159.1,162.18,827006.0,14875.0,161.77
2020-09-22 04:00:00,162.4,163.41,160.09,162.66,665186.0,12232.0,162.07
2020-09-23 04:00:00,163.0,165.58,156.63,156.86,913058.0,15154.0,158.87
2020-09-24 04:00:00,156.15,162.72,153.98,161.36,1123291.0,18612.0,160.62
2020-09-25 04:00:00,159.7,164.32,159.11,162.82,599707.0,11573.0,162.68
2020-09-28 04:00:00,166.69,172.99,165.58,170.17,876565.0,13423.0,170.18
2020-09-29 04:00:00,169.36,171.04,166.08,168.7,630561.0,11297.0,168.77
2020-09-30 04:00:00,170.01,173.78,166.32,168.98,914314.0,14463.0,169.97
2020-10-01 04:00:00,171.0,171.0,166.45,169.81,1014877.0,16192.0,169.01
2020-10-02 04:00:00,166.32,180.35,166.32,179.17,1228021.0,20679.0,177.25
2020-10-05 04:00:00,180.75,192.34,180.7,191.45,1601349.0,23809.0,189.19
2020-10-06 04:00:00,191.71,194.31,187.35,187.74,1226388.0,20460.0,190.41
2020-10-07 04:00:00,191.57,195.14,189.88,192.67,829134.0,14401.0,192.47
2020-10-08 04:00:00,194.64,195.61,190.81,193.18,655921.0,12503.0,192.54
2020-10-09 04:00:00,194.79,197.13,189.74,190.71,873335.0,14203.0,191.79
2020-10-12 04:00:00,191.29,194.03,188.04,192.81,731167.0,11984.0,192.31
2020-10-13 04:00:00,190.43,191.02,186.05,188.13,833119.0,14085.0,188.2
2020-10-14 04:00:00,189.96,190.77,181.85,182.18,1131662.0,16262.0,184.09
2020-10-15 04:00:00,180.69,183.51,179.57,182.47,842853.0,12997.0,182.54
2020-10-16 04:00:00,183.71,189.85,182.61,186.84,889876.0,13536.0,187.11
2020-10-19 04:00:00,184.97,188.64,180.76,181.51,746623.0,14152.0,183.41
2020-10-20 04:00:00,183.61,186.4,182.8,183.33,621534.0,10978.0,184.14
2020-10-21 04:00:00,182.48,184.91,179.7,180.96,594649.0,9919.0,181.79
2020-10-22 04:00:00,180.64,183.3,178.2,179.54,722669.0,12236.0,179.79
2020-10-23 04:00:00,181.98,183.11,178.27,182.29,575041.0,11304.0,181.56
2020-10-26 04:00:00,178.79,179.43,173.74,176.36,602013.0,13907.0,176.16
2020-10-27 04:00:00,176.68,176.68,169.22,169.28,1122224.0,16845.0,170.65
2020-10-28 04:00:00,163.48,167.38,161.96,165.33,1249878.0,20697.0,164.62
2020-10-29 04:00:00,169.94,171.38,163.92,167.74,1206789.0,22310.0,167.18
2020-10-30 04:00:00,164.76,173.7,164.76,172.65,1342383.0,21134.0,171.11
2020-11-02 05:00:00,175.28,186.86,174.86,186.58,1417838.0,25297.0,183.7
2020-11-03 05:00:00,190.77,196.52,189.02,195.08,1516082.0,24348.0,193.6
2020-11-04 05:00:00,182.1,183.99,173.2,173.52,2879512.0,43310.0,177.84
2020-11-05 05:00:00,179.15,185.92,177.22,182.51,1467125.0,24822.0,182.77
2020-11-06 05:00:00,182.51,188.69,182.04,185.41,836313.0,15827.0,185.47
2020-11-09 05:00:00,198.54,206.27,195.95,199.31,1390934.0,25264.0,199.54
2020-11-10 05:00:00,198.6,206.07,198.6,202.65,846733.0,17292.0,202.66
2020-11-11 05:00:00,203.33,203.58,197.04,200.7,520481.0,11684.0,200.07
2020-11-12 05:00:00,198.09,198.78,192.46,195.54,629407.0,12048.0,195.61
2020-11-13 05:00:00,198.81,202.86,197.7,200.72,708100.0,12197.0,201.11
2020-11-16 05:00:00,204.59,210.99,201.27,210.94,1429371.0,19168.0,208.39
2020-11-17 05:00:00,207.23,209.6,204.6,207.83,706731.0,13210.0,207.28
2020-11-18 05:00:00,209.17,213.83,207.32,209.41,1162151.0,16806.0,211.74
2020-11-19 05:00:00,207.3,210.24,202.55,210.14,912900.0,14508.0,208.96
2020-11-20 05:00:00,215.79,216.81,211.68,212.85,1108158.0,20793.0,213.89
2020-11-23 05:00:00,216.49,220.61,214.91,219.15,881596.0,14818.0,218.87
2020-11-24 05:00:00,222.45,232.66,221.76,230.39,1264074.0,22955.0,229.54
2020-11-25 05:00:00,227.68,228.44,221.14,223.17,802788.0,15174.0,223.44
2020-11-27 05:00:00,222.91,227.13,222.91,225.55,358740.0,7138.0,225.68
2020-11-30 05:00:00,224.66,224.66,218.91,219.8,1658611.0,17320.0,220.15
2020-12-01 05:00:00,225.61,228.65,223.39,226.25,866946.0,16244.0,226.14
2020-12-02 05:00:00,225.25,226.41,221.73,224.08,707902.0,13753.0,224.23
2020-12-03 05:00:00,224.29,230.97,223.62,229.46,939739.0,14557.0,228.91
2020-12-04 05:00:00,231.73,238.04,231.06,237.85,844019.0,15108.0,236.43
2020-12-07 05:00:00,236.29,238.79,233.42,238.69,698230.0,14092.0,236.7
2020-12-08 05:00:00,236.91,241.7,233.65,235.32,752589.0,15068.0,237.34
2020-12-09 05:00:00,241.71,241.71,236.27,238.95,955314.0,16326.0,239.35
2020-12-10 05:00:00,236.05,237.2,231.79,234.33,827381.0,14878.0,233.85
2020-12-11 05:00:00,232.59,235.88,231.59,233.15,875830.0,13090.0,233.47
2020-12-14 05:00:00,237.34,237.34,230.98,231.34,847703.0,11065.0,231.79
2020-12-15 05:00:00,224.4,232.09,223.71,231.42,844036.0,16016.0,230.4
2020-12-16 05:00:00,232.82,232.82,222.99,225.14,1007943.0,18127.0,225.76
2020-12-17 05:00:00,222.05,225.16,219.44,221.91,1175749.0,21727.0,221.57
2020-12-18 05:00:00,221.45,222.68,217.59,220.35,1619972.0,15750.0,220.02
2020-12-21 05:00:00,214.23,223.94,210.52,222.29,849944.0,14963.0,220.21
2020-12-22 05:00:00,223.74,223.97,216.67,220.2,636039.0,10451.0,219.98
2020-12-23 05:00:00,222.59,224.66,220.52,223.63,650424.0,11179.0,223.2
2020-12-24 05:00:00,223.38,225.78,221.71,225.27,229577.0,4347.0,224.57
2020-12-28 05:00:00,226.03,227.09,219.41,219.81,506221.0,10083.0,221.26
2020-12-29 05:00:00,220.39,222.12,216.65,219.27,534574.0,10421.0,219.15
2020-12-30 05:00:00,220.66,223.87,220.31,222.79,361145.0,8724.0,222.4
2020-12-31 05:00:00,222.47,226.44,220.79,224.58,576554.0,10382.0,225.12
2021-01-04 05:00:00,226.6,228.83,217.42,222.39,1066357.0,17476.0,222.53
2021-01-05 05:00:00,221.95,231.86,221.38,228.12,833297.0,15321.0,228.33
2021-01-06 05:00:00,240.3,253.76,240.3,248.44,2065082.0,31711.0,248.7
2021-01-07 05:00:00,253.07,259.13,250.86,256.31,1108520.0,18476.0,255.8
2021-01-08 05:00:00,256.14,258.12,245.46,251.92,768866.0,17172.0,251.59
2021-01-11 05:00:00,247.08,253.18,246.94,249.31,506037.0,9280.0,250.05
2021-01-12 05:00:00,250.99,255.74,249.66,253.85,790471.0,14742.0,253.55
2021-01-13 05:00:00,252.73,253.18,245.62,246.41,738714.0,11954.0,248.46
2021-01-14 05:00:00,250.59,256.04,246.96,252.14,751368.0,11116.0,252.3
2021-01-15 05:00:00,248.64,250.25,242.69,247.07,725692.0,12117.0,247.36
2021-01-19 05:00:00,251.78,258.16,251.36,252.58,871948.0,13090.0,253.76
2021-01-20 05:00:00,255.46,255.85,250.43,251.97,540505.0,11128.0,252.85
2021-01-21 05:00:00,251.79,253.51,249.84,251.02,476145.0,9509.0,251.5
2021-01-22 05:00:00,247.3,251.54,246.45,250.41,552134.0,10597.0,249.6
2021-01-25 05:00:00,248.4,253.71,243.96,245.5,756124.0,14887.0,246.5
2021-01-26 05:00:00,249.25,249.44,239.59,240.36,543886.0,11063.0,241.71
2021-01-27 05:00:00,232.53,234.17,221.0,228.8,1314043.0,25682.0,228.41
2021-01-28 05:00:00,237.93,249.42,235.32,245.54,1252263.0,26573.0,244.97
2021-01-29 05:00:00,243.67,243.92,231.01,235.33,1237146.0,22739.0,235.53
2021-02-01 05:00:00,240.07,246.17,237.25,245.27,765218.0,17352.0,242.9
2021-02-02 05:00:00,249.57,253.66,241.85,242.74,796068.0,17176.0,246.04
2021-02-03 05:00:00,244.36,247.32,240.23,242.87,575762.0,10911.0,242.83
2021-02-04 05:00:00,244.8,252.22,243.31,251.61,780441.0,15106.0,250.21
2021-02-05 05:00:00,252.75,258.24,252.75,257.33,687585.0,13357.0,256.65
2021-02-08 05:00:00,259.01,265.45,258.3,263.62,777192.0,14650.0,262.84
2021-02-09 05:00:00,261.5,270.04,258.82,268.51,752691.0,14285.0,266.79
2021-02-10 05:00:00,270.88,276.02,266.82,268.08,909565.0,16276.0,269.74
2021-02-11 05:00:00,269.07,274.01,265.9,270.97,717327.0,13148.0,270.06
2021-02-12 05:00:00,270.95,278.15,270.3,277.17,533023.0,11377.0,275.95
2021-02-16 05:00:00,280.83,284.19,278.97,278.97,1265120.0,13480.0,280.11
2021-02-17 05:00:00,276.97,278.24,265.61,269.03,839731.0,16067.0,269.82
2021-02-18 05:00:00,265.08,266.88,258.96,266.1,825485.0,13308.0,264.14
2021-02-19 05:00:00,269.29,282.12,269.28,280.84,782164.0,12706.0,279.39
2021-02-22 05:00:00,278.89,293.13,278.23,289.05,1013153.0,19311.0,289.29
2021-02-23 05:00:00,287.56,299.09,277.36,296.67,1373784.0,24719.0,292.63
2021-02-24 05:00:00,300.2,311.76,298.05,302.64,1346040.0,20607.0,305.17
2021-02-25 05:00:00,301.87,302.34,282.77,285.78,1369564.0,27198.0,288.48
2021-02-26 05:00:00,289.1,292.02,275.99,287.98,1142555.0,21576.0,286.12
2021-03-01 05:00:00,294.49,296.32,289.63,292.93,752235.0,16332.0,293.49
2021-03-02 05:00:00,294.44,294.44,283.17,284.14,754099.0,16487.0,286.12
2021-03-03 05:00:00,285.3,293.12,283.81,285.61,697740.0,15074.0,287.99
2021-03-04 05:00:00,285.24,293.51,273.76,279.48,1243020.0,23006.0,282.95
2021-03-05 05:00:00,283.85,292.55,273.28,291.44,786709.0,19751.0,287.13
2021-03-08 05:00:00,294.3,298.4,290.98,293.03,951696.0,17714.0,293.82
2021-03-09 05:00:00,292.9,294.59,284.27,285.92,776753.0,16314.0,287.78
2021-03-10 05:00:00,287.35,294.96,286.72,293.48,529263.0,12683.0,292.31
2021-03-11 05:00:00,295.94,304.17,294.48,300.95,536999.0,14011.0,300.86
2021-03-12 05:00:00,300.94,309.02,299.29,307.81,617925.0,13028.0,305.78
2021-03-15 04:00:00,308.99,313.59,301.76,313.25,599081.0,11865.0,309.68
2021-03-16 04:00:00,311.94,311.94,301.89,304.91,954275.0,14705.0,305.2
2021-03-17 04:00:00,306.84,313.97,301.17,311.72,610140.0,12298.0,309.35
2021-03-18 04:00:00,311.37,320.33,307.3,308.06,663635.0,15634.0,312.61
2021-03-19 04:00:00,306.43,309.84,295.9,306.01,1308021.0,14812.0,305.7
2021-03-22 04:00:00,305.04,306.71,298.78,301.63,667889.0,14468.0,302.41
2021-03-23 04:00:00,298.37,300.49,288.09,290.45,834474.0,17180.0,292.88
2021-03-24 04:00:00,299.22,303.2,295.25,295.75,646614.0,14263.0,298.76
2021-03-25 04:00:00,294.52,305.67,290.34,304.3,708587.0,17581.0,301.17
2021-03-26 04:00:00,308.21,319.73,305.52,319.43,905285.0,21509.0,315.28
2021-03-29 04:00:00,319.08,324.98,312.52,314.21,976629.0,20266.0,317.14
2021-03-30 04:00:00,314.45,325.69,314.45,322.67,1234186.0,24187.0,321.41
2021-03-31 04:00:00,323.44,328.98,315.51,318.9,1542732.0,26774.0,320.54
2021-04-01 04:00:00,321.03,323.72,314.02,321.22,840427.0,19040.0,318.8
2021-04-05 04:00:00,326.35,327.79,320.48,321.05,628449.0,13923.0,323.2
2021-04-06 04:00:00,320.53,330.22,313.54,315.14,927705.0,20090.0,317.78
2021-04-07 04:00:00,315.69,316.18,309.03,311.82,782098.0,18283.0,311.91
2021-04-08 04:00:00,310.81,313.99,303.61,311.09,710972.0,14440.0,309.74
2021-04-09 04:00:00,310.85,314.84,307.42,314.44,620394.0,13465.0,311.53
2021-04-12 04:00:00,316.28,318.56,313.1,317.5,506323.0,17777.0,316.42
2021-04-13 04:00:00,313.96,316.25,306.66,315.28,477565.0,11752.0,312.52
2021-04-14 04:00:00,315.0,321.14,313.9,314.78,716122.0,12368.0,317.14
2021-04-15 04:00:00,317.84,317.84,309.46,315.1,592601.0,13255.0,313.72
2021-04-16 04:00:00,319.21,321.9,315.03,317.77,765589.0,13116.0,317.88
2021-04-19 04:00:00,315.1,315.1,314.33,314.33,9001.0,1.0,315.1
2021-04-20 04:00:00,312.11,312.11,294.68,300.92,908904.0,21080.0,300.34
2021-04-21 04:00:00,298.41,306.95,295.03,306.74,778192.0,15409.0,304.63
2021-04-22 04:00:00,308.72,309.88,299.94,300.19,988539.0,17308.0,302.68
2021-04-23 04:00:00,303.85,310.42,301.6,308.86,770849.0,13930.0,308.22
2021-04-26 04:00:00,310.3,316.19,310.27,314.7,604723.0,12182.0,314.59
2021-04-27 04:00:00,312.52,314.81,307.96,314.55,674141.0,12815.0,313.33
2021-04-28 04:00:00,313.32,317.52,312.28,314.58,591979.0,14008.0,315.36
2021-04-29 04:00:00,320.83,320.83,305.94,316.98,882296.0,17095.0,314.22
2021-04-30 04:00:00,313.02,316.1,309.39,309.83,646700.0,13222.0,310.7
2021-05-03 04:00:00,314.32,318.12,309.4,311.63,495510.0,13250.0,312.34
2021-05-04 04:00:00,310.88,320.2,307.39,319.52,897855.0,20608.0,315.53
2021-05-05 04:00:00,320.29,326.11,313.85,322.19,783993.0,15440.0,322.0
2021-05-06 04:00:00,322.19,332.12,321.27,331.75,745448.0,17020.0,328.92
2021-05-07 04:00:00,331.07,337.39,326.12,336.35,568069.0,15834.0,334.77
2021-05-10 04:00:00,337.48,343.39,335.82,337.13,796063.0,18153.0,339.07
2021-05-11 04:00:00,331.43,334.41,325.37,329.57,729827.0,18527.0,329.16
2021-05-12 04:00:00,329.58,332.44,317.65,318.88,623199.0,15590.0,323.23
2021-05-13 04:00:00,320.14,328.52,317.79,322.53,573504.0,15554.0,323.15
2021-05-14 04:00:00,326.5,332.43,324.09,330.98,477603.0,12719.0,329.73
2021-05-17 04:00:00,329.09,331.03,322.94,330.26,519057.0,13517.0,328.22
2021-05-18 04:00:00,329.59,330.82,320.65,320.85,652776.0,14330.0,324.35
2021-05-19 04:00:00,315.34,315.34,305.31,311.18,1516712.0,27001.0,309.53
2021-05-20 04:00:00,311.46,312.72,304.37,309.21,1085594.0,18665.0,307.53
2021-05-21 04:00:00,312.57,316.66,308.63,311.29,776668.0,14037.0,312.26
2021-05-24 04:00:00,313.01,317.48,308.86,315.62,629341.0,13536.0,314.48
2021-05-25 04:00:00,318.24,322.13,313.46,314.12,881222.0,13965.0,316.01
2021-05-26 04:00:00,312.44,317.24,312.17,316.49,828136.0,12337.0,316.0
2021-05-27 04:00:00,322.37,324.65,319.53,323.08,1416799.0,19422.0,322.69
2021-05-28 04:00:00,323.04,325.43,317.75,323.4,778521.0,13468.0,321.98
2021-06-01 04:00:00,327.9,330.46,326.98,328.72,793737.0,15624.0,328.94
2021-06-02 04:00:00,328.71,328.71,324.39,327.77,1255914.0,19361.0,327.39
2021-06-03 04:00:00,326.94,330.07,322.23,325.49,960574.0,15655.0,326.19
2021-06-04 04:00:00,325.71,327.06,317.73,321.57,710574.0,16227.0,320.68
2021-06-07 04:00:00,323.13,323.61,305.04,306.03,1823881.0,32700.0,309.46
2021-06-08 04:00:00,306.11,315.79,303.46,313.99,1124461.0,23586.0,311.8
2021-06-09 04:00:00,311.66,313.7,303.12,304.76,1054564.0,20336.0,305.86
2021-06-10 04:00:00,308.69,310.46,293.17,293.73,1976731.0,29919.0,296.69
2021-06-11 04:00:00,294.69,298.72,292.48,295.69,1498129.0,25728.0,295.12
2021-06-14 04:00:00,294.55,296.95,289.12,293.4,983894.0,18162.0,292.51
2021-06-15 04:00:00,294.86,300.85,293.82,300.03,796190.0,18795.0,298.43
2021-06-16 04:00:00,297.86,300.21,293.21,297.31,827433.0,19425.0,297.15
2021-06-17 04:00:00,298.26,300.08,280.73,284.88,1103290.0,26747.0,286.4
2021-06-18 04:00:00,277.97,282.11,276.56,279.81,1689787.0,27214.0,279.81
2021-06-21 04:00:00,284.08,292.35,283.2,289.75,728963.0,16838.0,289.19
2021-06-22 04:00:00,291.26,295.06,285.47,294.15,789857.0,16637.0,292.86
2021-06-23 04:00:00,300.2,304.04,297.64,298.38,918585.0,21319.0,300.33
2021-06-24 04:00:00,300.7,310.51,299.72,306.78,1196763.0,28525.0,305.64
2021-06-25 04:00:00,315.53,315.53,302.49,303.07,1906792.0,23040.0,305.12
2021-06-28 04:00:00,303.28,308.91,297.92,307.99,979175.0,23105.0,306.02
2021-06-29 04:00:00,309.59,313.31,304.64,305.06,673586.0,18189.0,307.08
2021-06-30 04:00:00,303.25,309.88,302.63,308.92,869384.0,16249.0,308.62
2021-07-01 04:00:00,312.98,314.17,309.35,311.19,645174.0,19107.0,311.73
2021-07-02 04:00:00,309.66,312.22,308.59,309.47,537604.0,11970.0,309.84
2021-07-06 04:00:00,309.68,309.88,298.02,301.58,982858.0,19406.0,301.93
2021-07-07 04:00:00,300.2,305.33,297.36,302.9,652319.0,15129.0,302.01
2021-07-08 04:00:00,294.49,301.95,290.58,296.54,1021165.0,20679.0,296.14
2021-07-09 04:00:00,302.62,307.82,301.81,307.44,922121.0,16396.0,305.74
2021-07-12 04:00:00,305.23,312.78,303.97,311.42,1096436.0,16167.0,310.84
2021-07-13 04:00:00,309.63,310.5,304.37,304.51,668643.0,17220.0,306.09
2021-07-14 04:00:00,306.29,308.71,300.41,302.71,522741.0,11086.0,303.19
2021-07-15 04:00:00,300.3,308.42,299.94,304.76,742007.0,15261.0,305.06
2021-07-16 04:00:00,307.62,307.9,294.54,296.4,945011.0,20467.0,298.06
2021-07-19 04:00:00,288.22,290.18,282.18,289.4,1075333.0,20304.0,287.92
2021-07-20 04:00:00,288.49,303.13,287.12,301.75,790441.0,17579.0,300.09
2021-07-21 04:00:00,305.43,313.64,304.79,312.97,1028694.0,22332.0,311.27
2021-07-22 04:00:00,312.23,313.42,306.76,309.85,662862.0,15668.0,309.95
2021-07-23 04:00:00,311.93,314.82,308.19,313.81,610681.0,12189.0,313.15
2021-07-26 04:00:00,314.37,319.08,313.8,317.54,718387.0,14376.0,317.06
2021-07-27 04:00:00,315.89,321.73,313.05,316.42,659412.0,14806.0,316.86
2021-07-28 04:00:00,317.63,321.03,310.71,315.59,1056591.0,21840.0,316.55
2021-07-29 04:00:00,307.48,315.4,298.72,312.26,1807456.0,31357.0,309.17
2021-07-30 04:00:00,309.53,321.65,309.14,319.13,774557.0,18255.0,317.63
2021-08-02 04:00:00,322.13,325.7,315.2,315.95,1044727.0,21982.0,318.09
2021-08-03 04:00:00,317.33,327.98,312.82,327.54,824868.0,18133.0,322.57
2021-08-04 04:00:00,324.54,324.58,313.19,313.44,697203.0,19064.0,316.3
2021-08-05 04:00:00,315.82,320.53,314.18,315.1,395073.0,10337.0,315.96
2021-08-06 04:00:00,319.57,321.69,315.93,320.97,406197.0,9564.0,320.22
2021-08-09 04:00:00,320.86,325.68,315.93,322.32,404532.0,9225.0,322.22
2021-08-10 04:00:00,322.02,331.81,319.71,329.77,549845.0,12325.0,328.75
2021-08-11 04:00:00,333.12,346.54,330.36,346.2,1113637.0,22103.0,341.93
2021-08-12 04:00:00,347.94,352.78,345.36,349.92,1109618.0,21948.0,349.9
2021-08-13 04:00:00,349.04,349.91,339.87,341.95,629077.0,16807.0,343.42
2021-08-16 04:00:00,338.74,341.7,334.74,340.11,459689.0,11177.0,339.63
2021-08-17 04:00:00,337.34,337.69,329.29,334.19,604938.0,16270.0,333.45
2021-08-18 04:00:00,331.46,338.84,328.89,329.41,446286.0,12606.0,332.7
2021-08-19 04:00:00,321.79,325.72,318.65,320.96,529047.0,13883.0,321.26
2021-08-20 04:00:00,319.35,322.09,314.53,319.69,567154.0,16104.0,319.12
2021-08-23 04:00:00,322.93,328.68,321.22,327.31,547115.0,12744.0,326.46
2021-08-24 04:00:00,328.51,335.26,328.27,333.04,360150.0,11048.0,333.01
2021-08-25 04:00:00,334.56,342.84,333.59,339.29,477647.0,10407.0,339.63
2021-08-26 04:00:00,340.14,341.4,335.28,336.65,371078.0,10635.0,337.7
2021-08-27 04:00:00,338.57,345.5,337.79,343.99,516762.0,12457.0,343.48
2021-08-30 04:00:00,346.09,346.15,340.83,343.15,339463.0,10747.0,343.99
2021-08-31 04:00:00,343.84,345.27,340.64,341.5,620735.0,10870.0,342.36
2021-09-01 04:00:00,341.24,342.56,332.84,336.35,555558.0,12874.0,336.38
2021-09-02 04:00:00,339.65,345.33,337.48,342.57,398931.0,9849.0,342.5
2021-09-03 04:00:00,340.97,341.96,335.72,340.26,429797.0,10498.0,339.73
2021-09-07 04:00:00,337.88,339.7,334.6,334.82,420131.0,10884.0,336.13
2021-09-08 04:00:00,332.8,334.42,325.53,328.97,631767.0,13722.0,328.72
2021-09-09 04:00:00,327.99,335.47,327.53,331.26,552700.0,12859.0,332.18
2021-09-10 04:00:00,335.43,336.61,329.76,330.5,447623.0,11531.0,332.41
2021-09-13 04:00:00,333.12,335.9,329.39,332.61,689287.0,13046.0,332.5
2021-09-14 04:00:00,335.08,335.08,317.63,320.83,558672.0,15759.0,322.2
2021-09-15 04:00:00,320.53,331.64,319.71,330.8,560014.0,12786.0,328.81
2021-09-16 04:00:00,332.94,343.19,332.04,335.25,750089.0,15416.0,338.55
2021-09-17 04:00:00,332.64,338.09,327.29,330.66,1254966.0,15153.0,330.77
2021-09-20 04:00:00,318.95,323.15,313.68,319.2,776512.0,16783.0,318.31
2021-09-21 04:00:00,324.21,324.4,315.12,319.82,605647.0,14290.0,319.9
2021-09-22 04:00:00,326.35,338.31,324.37,334.96,1287980.0,19657.0,334.5
2021-09-23 04:00:00,337.16,350.11,335.1,344.04,949310.0,21539.0,344.78
2021-09-24 04:00:00,342.93,349.59,342.49,345.24,478726.0,13426.0,346.14
2021-09-27 04:00:00,345.4,357.5,345.4,354.27,579879.0,14804.0,354.34
2021-09-28 04:00:00,354.96,357.55,346.92,351.36,714841.0,18559.0,352.04
2021-09-29 04:00:00,355.31,355.31,348.42,350.64,501892.0,14937.0,350.93
2021-09-30 04:00:00,350.71,351.81,339.56,339.83,913233.0,20828.0,343.15
2021-10-01 04:00:00,339.9,349.77,338.99,346.83,1001644.0,20884.0,345.9
2021-10-04 04:00:00,344.38,346.0,335.07,337.73,658720.0,17974.0,338.94
2021-10-05 04:00:00,341.6,346.56,335.11,341.89,939860.0,18373.0,342.16
2021-10-06 04:00:00,336.03,341.73,329.82,335.71,771124.0,18811.0,334.64
2021-10-07 04:00:00,340.83,346.25,339.15,341.29,604296.0,13879.0,342.06
2021-10-08 04:00:00,337.95,341.05,331.55,331.73,472375.0,12167.0,334.29
2021-10-11 04:00:00,331.67,338.53,330.93,332.07,469708.0,12348.0,334.77
2021-10-12 04:00:00,334.41,336.33,330.1,331.88,431340.0,9323.0,332.61
2021-10-13 04:00:00,331.95,336.37,326.32,328.72,424670.0,11193.0,329.82
2021-10-14 04:00:00,333.39,342.01,332.21,341.2,451798.0,10310.0,338.09
2021-10-15 04:00:00,345.72,348.36,337.55,338.29,684695.0,14736.0,341.36
2021-10-18 04:00:00,335.7,340.03,333.2,339.2,465770.0,10810.0,337.5
2021-10-19 04:00:00,340.39,346.07,339.13,342.27,382326.0,10433.0,342.12
2021-10-20 04:00:00,341.27,356.04,340.21,354.35,673630.0,15811.0,352.71
2021-10-21 04:00:00,350.9,355.06,347.8,353.85,429698.0,10585.0,352.64
2021-10-22 04:00:00,354.87,358.67,353.09,356.65,381648.0,10301.0,356.8
2021-10-25 04:00:00,357.15,357.15,354.68,354.68,64267.0,6.0,354.85
2021-10-26 04:00:00,356.36,358.06,345.74,345.9,680252.0,15031.0,348.46
2021-10-27 04:00:00,345.26,348.29,335.82,336.56,804937.0,16540.0,339.63
2021-10-28 04:00:00,353.22,361.74,338.21,355.57,1365026.0,27784.0,355.08
2021-10-29 04:00:00,358.0,368.15,356.81,367.12,1133473.0,24702.0,364.7
2021-11-01 04:00:00,368.47,372.75,367.19,371.21,695660.0,17904.0,370.59
2021-11-02 04:00:00,373.76,379.28,370.62,373.98,579065.0,15238.0,373.91
2021-11-03 04:00:00,371.81,374.75,365.13,369.22,751678.0,17663.0,369.8
2021-11-04 04:00:00,373.56,375.49,368.89,373.77,548694.0,14638.0,373.03
2021-11-05 04:00:00,377.41,384.42,376.8,379.57,511609.0,14526.0,380.91
2021-11-08 05:00:00,398.35,401.87,380.1,380.37,1118094.0,22851.0,385.92
2021-11-09 05:00:00,379.61,382.77,375.66,379.12,383887.0,14113.0,378.58
2021-11-10 05:00:00,377.31,379.05,365.68,367.97,692792.0,16937.0,370.13
2021-11-11 05:00:00,368.83,375.61,366.97,370.36,427215.0,12812.0,371.06
2021-11-12 05:00:00,371.07,374.79,369.65,370.85,393288.0,9719.0,371.31
2021-11-15 05:00:00,373.99,376.85,371.29,372.14,349963.0,9833.0,373.26
2021-11-16 05:00:00,373.75,375.24,368.75,369.6,427621.0,10604.0,371.03
2021-11-17 05:00:00,367.79,369.9,362.47,367.72,576527.0,13035.0,366.28
2021-11-18 05:00:00,368.38,370.38,364.11,365.92,351611.0,9632.0,366.53
2021-11-19 05:00:00,363.12,368.62,359.99,363.4,566623.0,13567.0,363.74
2021-11-22 05:00:00,367.37,374.63,364.84,365.03,553969.0,14153.0,368.35
2021-11-23 05:00:00,364.71,366.9,359.66,363.33,1062895.0,16293.0,363.48
2021-11-24 05:00:00,360.04,365.02,359.28,362.07,422059.0,11118.0,362.02
2021-11-26 05:00:00,349.12,353.13,343.06,350.78,579595.0,13320.0,348.72
2021-11-29 05:00:00,355.75,357.24,345.15,345.73,767632.0,17891.0,346.97
2021-11-30 05:00:00,342.88,344.25,327.35,328.03,1732486.0,29143.0,330.1
2021-12-01 05:00:00,337.92,338.69,322.18,322.3,1092787.0,25851.0,329.85
2021-12-02 05:00:00,324.65,332.95,324.41,328.69,734427.0,19525.0,329.1
2021-12-03 05:00:00,332.92,332.92,316.54,322.31,876381.0,24233.0,321.68
2021-12-06 05:00:00,324.6,337.0,318.79,333.99,1624440.0,32066.0,328.23
2021-12-07 05:00:00,343.14,352.96,340.88,345.47,941453.0,22790.0,347.26
2021-12-08 05:00:00,345.36,349.61,344.78,345.67,605386.0,16426.0,346.62
2021-12-09 05:00:00,348.62,350.74,343.8,345.26,630351.0,16653.0,346.7
2021-12-10 05:00:00,347.17,348.62,333.93,336.81,686730.0,17462.0,337.09
2021-12-13 05:00:00,335.94,336.37,324.71,327.57,743359.0,17474.0,328.77
2021-12-14 05:00:00,325.06,331.25,322.88,326.91,539509.0,13638.0,326.83
2021-12-15 05:00:00,325.66,331.85,317.39,330.36,771939.0,16954.0,326.83
2021-12-16 05:00:00,335.38,338.0,324.73,326.8,611278.0,16379.0,329.56
2021-12-17 05:00:00,326.34,326.85,317.39,321.82,1608236.0,18247.0,322.4
2021-12-20 05:00:00,315.51,315.73,306.61,311.8,839640.0,19982.0,310.74
2021-12-21 05:00:00,305.57,319.75,305.04,318.55,715175.0,17541.0,315.99
2021-12-22 05:00:00,319.47,321.35,313.07,315.37,639609.0,16151.0,316.44
2021-12-23 05:00:00,317.5,325.24,317.5,321.24,422716.0,11096.0,322.11
2021-12-27 05:00:00,322.47,322.96,318.16,322.96,421956.0,11936.0,321.87
2021-12-28 05:00:00,322.75,326.9,320.71,323.02,281167.0,8371.0,323.15
2021-12-29 05:00:00,324.28,325.48,322.07,323.56,410097.0,10069.0,323.63
2021-12-30 05:00:00,322.98,325.39,319.3,319.46,364357.0,10094.0,321.97
2021-12-31 05:00:00,317.91,323.61,315.23,321.78,715776.0,16970.0,319.08
2022-01-03 05:00:00,322.72,328.04,318.86,320.19,584589.0,14415.0,322.01
2022-01-04 05:00:00,324.24,338.1,322.76,336.12,763388.0,20066.0,334.93
2022-01-05 05:00:00,336.32,340.39,322.71,324.43,889934.0,21859.0,329.13
2022-01-06 05:00:00,327.27,327.88,320.32,324.57,598539.0,15678.0,324.18
2022-01-07 05:00:00,324.51,328.01,315.3,315.67,887580.0,17335.0,318.07
2022-01-10 05:00:00,317.27,317.81,306.74,312.02,874485.0,22174.0,310.77
2022-01-11 05:00:00,312.82,324.18,305.7,323.43,942066.0,19816.0,318.49
2022-01-12 05:00:00,327.58,334.09,320.83,321.45,1201044.0,18343.0,323.71
2022-01-13 05:00:00,323.36,334.36,323.36,325.58,773246.0,18400.0,328.0
2022-01-14 05:00:00,322.98,325.15,312.66,317.46,634527.0,16341.0,318.19
2022-01-18 05:00:00,313.35,314.68,303.93,304.27,824900.0,20778.0,306.87
2022-01-19 05:00:00,307.55,307.56,297.33,297.58,714995.0,17801.0,300.56
2022-01-20 05:00:00,299.9,307.56,296.55,297.4,788915.0,19920.0,301.47
2022-01-21 05:00:00,292.77,299.67,285.63,287.77,1013256.0,22086.0,290.78
2022-01-24 05:00:00,279.32,302.32,277.79,302.32,319866.0,5658.0,289.91
2022-01-25 05:00:00,295.4,303.74,291.64,298.65,1266696.0,27544.0,298.08
2022-01-26 05:00:00,303.42,309.75,298.03,298.03,629249.0,16522.0,303.48
2022-01-27 05:00:00,319.37,319.37,303.24,309.69,2037639.0,40274.0,308.47
2022-01-28 05:00:00,307.57,310.88,296.17,307.72,1160707.0,32724.0,306.01
2022-01-31 05:00:00,305.48,310.63,305.04,310.0,988011.0,20836.0,309.1
2022-02-01 05:00:00,307.45,319.63,307.45,319.58,908806.0,21729.0,317.56
2022-02-02 05:00:00,319.6,322.96,313.65,315.91,993723.0,23198.0,317.46
2022-02-03 05:00:00,311.36,317.76,311.36,314.17,903393.0,19162.0,315.02
2022-02-04 05:00:00,312.69,315.14,302.14,302.42,823465.0,19323.0,305.02
2022-02-07 05:00:00,305.04,307.84,302.8,305.8,600860.0,15875.0,305.43
2022-02-08 05:00:00,308.3,314.29,306.74,313.17,610149.0,15047.0,311.94
2022-02-09 05:00:00,318.07,324.45,316.62,323.62,587128.0,16608.0,322.79
2022-02-10 05:00:00,319.46,324.64,312.77,315.38,691875.0,19190.0,317.05
2022-02-11 05:00:00,314.8,316.72,298.69,303.02,930836.0,21739.0,305.13
2022-02-14 05:00:00,300.67,308.85,300.48,303.35,708352.0,15036.0,303.62
2022-02-15 05:00:00,307.01,313.33,304.29,312.66,850971.0,20124.0,310.34
2022-02-16 05:00:00,310.42,316.29,310.38,314.84,538124.0,13202.0,313.98
2022-02-17 05:00:00,311.34,314.11,303.45,304.28,486806.0,12137.0,306.67
2022-02-18 05:00:00,303.99,308.58,300.52,301.96,448742.0,11572.0,302.86
2022-02-22 05:00:00,300.2,306.05,298.64,302.45,744224.0,15781.0,302.13
2022-02-23 05:00:00,305.49,307.22,289.11,289.74,905781.0,18623.0,293.84
2022-02-24 05:00:00,279.82,299.13,279.25,298.57,848012.0,21310.0,293.0
2022-02-25 05:00:00,299.23,307.45,297.51,306.31,576976.0,16192.0,304.2
2022-02-28 05:00:00,302.59,312.02,301.7,311.45,782114.0,16376.0,309.51
2022-03-01 05:00:00,309.93,310.83,300.2,303.14,718961.0,19489.0,303.93
2022-03-02 05:00:00,306.44,319.24,305.74,315.99,542162.0,17761.0,315.23
2022-03-03 05:00:00,318.91,320.52,312.18,318.25,688699.0,16357.0,317.32
2022-03-04 05:00:00,314.54,315.77,302.44,306.5,721605.0,16981.0,306.49
2022-03-07 05:00:00,307.81,307.81,286.16,288.81,1047655.0,24576.0,292.55
2022-03-08 05:00:00,292.39,300.86,292.39,300.86,49543.0,36.0,299.69
2022-03-09 05:00:00,308.9,310.84,304.15,305.81,755573.0,17656.0,307.29
2022-03-10 05:00:00,302.6,312.15,301.35,311.09,488696.0,13973.0,308.53
2022-03-11 05:00:00,317.14,320.34,312.26,312.55,524347.0,14432.0,314.11
2022-03-14 04:00:00,313.97,320.58,308.28,310.13,937962.0,15807.0,311.16
2022-03-15 04:00:00,310.85,320.66,310.17,317.97,638091.0,14688.0,316.43
2022-03-16 04:00:00,319.33,329.73,319.33,326.89,894154.0,24458.0,326.04
2022-03-17 04:00:00,323.01,337.29,322.53,335.81,966401.0,20077.0,332.48
2022-03-18 04:00:00,331.61,338.41,331.07,335.29,828202.0,16074.0,334.6
2022-03-21 04:00:00,335.3,337.92,332.55,336.8,674777.0,16224.0,336.02
2022-03-22 04:00:00,338.93,346.76,338.5,345.09,793259.0,17778.0,343.79
2022-03-23 04:00:00,343.78,349.75,340.88,343.22,836071.0,18114.0,345.19
2022-03-24 04:00:00,344.99,348.21,340.94,347.63,617978.0,15860.0,346.83
2022-03-25 04:00:00,348.63,352.98,347.48,352.17,688713.0,15651.0,351.33
2022-03-28 04:00:00,350.98,352.06,345.15,351.91,476621.0,12316.0,349.94
2022-03-29 04:00:00,355.55,356.96,345.39,353.65,715271.0,19075.0,352.12
2022-03-30 04:00:00,351.89,355.14,346.34,347.83,768644.0,14517.0,348.66
2022-03-31 04:00:00,348.07,353.73,343.93,343.98,830948.0,16962.0,346.62
2022-04-01 04:00:00,347.41,350.11,339.5,342.81,524121.0,13852.0,343.18
2022-04-04 04:00:00,342.27,342.34,337.58,338.84,629143.0,14778.0,339.18
2022-04-05 04:00:00,337.82,339.15,329.94,331.4,707323.0,16523.0,332.37
2022-04-06 04:00:00,325.62,326.35,310.81,315.18,1262156.0,30272.0,316.04
2022-04-07 04:00:00,315.14,316.27,307.77,310.77,904763.0,22406.0,311.0
2022-04-08 04:00:00,309.28,314.4,306.15,307.03,859841.0,17902.0,308.2
2022-04-11 04:00:00,304.12,313.79,302.26,306.04,638819.0,15250.0,307.23
2022-04-12 04:00:00,308.67,316.68,305.53,308.72,575500.0,16903.0,309.84
2022-04-13 04:00:00,309.5,315.17,308.0,314.48,410586.0,12627.0,313.03
2022-04-14 04:00:00,315.81,323.97,315.81,320.6,588574.0,15648.0,320.41
2022-04-18 04:00:00,319.57,331.08,319.57,328.81,753287.0,20530.0,327.36
2022-04-19 04:00:00,329.45,341.1,329.25,340.37,665788.0,16381.0,338.14
2022-04-20 04:00:00,344.22,348.48,340.69,341.93,610622.0,15899.0,343.49
2022-04-21 04:00:00,347.68,348.41,325.25,327.04,969680.0,25313.0,332.26
2022-04-22 04:00:00,323.58,325.72,304.39,304.72,1045564.0,27006.0,309.81
2022-04-25 04:00:00,299.19,305.29,292.26,303.37,1265945.0,34063.0,299.67
2022-04-26 04:00:00,299.7,302.05,291.23,292.7,974093.0,23313.0,294.31
2022-04-27 04:00:00,292.22,300.83,290.6,299.83,1037236.0,31514.0,297.93
2022-04-28 04:00:00,311.29,313.76,295.92,308.43,1322569.0,32769.0,306.92
2022-04-29 04:00:00,307.77,310.96,304.95,306.51,1040554.0,22074.0,307.14
2022-05-02 04:00:00,306.09,306.78,287.38,297.32,1247874.0,27444.0,296.13
2022-05-03 04:00:00,297.67,305.55,297.67,302.57,660789.0,17459.0,301.84
2022-05-04 04:00:00,304.42,311.09,292.82,310.38,1038678.0,21833.0,303.06
2022-05-05 04:00:00,305.02,308.48,288.97,293.61,1106527.0,25543.0,294.47
2022-05-06 04:00:00,290.91,293.08,279.14,286.12,1011775.0,25369.0,285.8
2022-05-09 04:00:00,280.83,293.77,276.96,277.75,1535979.0,30363.0,282.37
2022-05-10 04:00:00,282.03,290.18,276.58,284.4,1136270.0,28337.0,283.73
2022-05-11 04:00:00,281.8,288.84,271.59,271.94,937486.0,22701.0,277.46
2022-05-12 04:00:00,268.11,274.08,260.85,274.07,1440581.0,31228.0,268.64
2022-05-13 04:00:00,276.52,284.2,276.29,279.32,618779.0,17196.0,279.87
2022-05-16 04:00:00,277.09,278.53,271.34,273.98,518745.0,15444.0,275.07
2022-05-17 04:00:00,282.96,286.88,277.35,281.28,567539.0,16629.0,281.37
2022-05-18 04:00:00,278.65,283.64,264.08,264.76,882992.0,24775.0,269.0
2022-05-19 04:00:00,260.63,269.76,260.04,263.99,694616.0,20207.0,264.25
2022-05-20 04:00:00,267.44,268.03,254.45,261.39,919466.0,23496.0,259.78
2022-05-23 04:00:00,264.05,267.03,259.16,265.48,907926.0,20635.0,263.3
2022-05-24 04:00:00,262.92,263.45,254.73,259.27,743343.0,17672.0,257.78
2022-05-25 04:00:00,258.85,268.17,256.59,267.1,696824.0,16311.0,264.68
2022-05-26 04:00:00,271.96,277.03,271.08,275.83,836468.0,19278.0,275.03
2022-05-27 04:00:00,279.72,288.22,279.64,288.06,693219.0,17913.0,286.24
2022-05-31 04:00:00,283.05,290.09,282.08,288.75,2336708.0,22443.0,288.22
2022-06-01 04:00:00,289.29,291.95,277.35,284.22,654989.0,17578.0,283.71
2022-06-02 04:00:00,286.74,290.51,286.47,290.22,535656.0,15448.0,289.24
2022-06-03 04:00:00,287.06,293.54,286.71,291.73,594686.0,17614.0,290.88
2022-06-06 04:00:00,295.33,298.75,291.77,297.56,480236.0,14254.0,296.73
2022-06-07 04:00:00,294.13,303.59,290.63,302.79,598287.0,14377.0,300.89
2022-06-08 04:00:00,300.03,300.47,294.74,295.54,408360.0,12282.0,296.42
2022-06-09 04:00:00,293.84,295.39,288.68,288.97,519342.0,12257.0,290.67
2022-06-10 04:00:00,277.03,284.11,271.36,271.36,934854.0,21608.0,274.98
2022-06-13 04:00:00,261.06,264.85,253.52,256.68,1144875.0,28135.0,258.02
2022-06-14 04:00:00,256.21,260.44,249.81,251.9,949780.0,23078.0,253.29
2022-06-15 04:00:00,254.82,262.03,252.65,257.55,865631.0,20421.0,257.54
2022-06-16 04:00:00,248.84,248.84,235.43,237.78,1196015.0,26577.0,239.91
2022-06-17 04:00:00,235.07,237.32,225.8,232.11,1825884.0,29956.0,232.43
2022-06-21 04:00:00,235.8,241.79,233.07,234.43,1033459.0,19832.0,235.25
2022-06-22 04:00:00,227.21,235.32,225.8,233.72,1075307.0,20747.0,232.5
2022-06-23 04:00:00,233.38,236.26,223.25,228.38,962759.0,21583.0,227.67
2022-06-24 04:00:00,231.4,242.88,229.93,240.44,1172857.0,22479.0,239.64
2022-06-27 04:00:00,242.59,246.7,240.16,244.02,1003516.0,20973.0,243.53
2022-06-28 04:00:00,245.85,249.8,239.74,240.15,953948.0,25750.0,242.74
2022-06-29 04:00:00,239.11,239.11,229.87,233.45,787671.0,19523.0,232.98
2022-06-30 04:00:00,230.68,238.37,228.32,235.23,890670.0,17410.0,234.36
2022-07-01 04:00:00,234.94,240.35,230.38,236.63,599138.0,14607.0,235.17
2022-07-05 04:00:00,230.48,237.36,227.95,237.24,611879.0,13964.0,234.47
2022-07-06 04:00:00,237.55,240.78,230.71,233.94,571097.0,14028.0,233.93
2022-07-07 04:00:00,241.57,244.74,237.78,243.15,757904.0,19250.0,242.47
2022-07-08 04:00:00,242.43,243.06,237.81,240.99,451259.0,10389.0,241.2
2022-07-11 04:00:00,237.95,241.64,234.81,241.45,701532.0,15555.0,239.67
2022-07-12 04:00:00,239.82,247.53,239.5,243.04,761327.0,16079.0,243.81
2022-07-13 04:00:00,238.67,245.24,236.28,243.11,723022.0,16950.0,242.16
2022-07-14 04:00:00,236.48,240.98,231.83,240.67,943941.0,20236.0,237.94
2022-07-15 04:00:00,245.7,246.19,236.48,243.88,790838.0,19160.0,243.34
2022-07-18 04:00:00,250.99,255.91,247.58,248.92,1060107.0,22135.0,251.03
2022-07-19 04:00:00,251.5,262.61,251.5,261.96,1162164.0,24356.0,260.52
2022-07-20 04:00:00,262.43,268.4,260.82,266.93,1196970.0,23570.0,265.8
2022-07-21 04:00:00,265.73,271.21,263.09,270.94,768388.0,18624.0,268.26
2022-07-22 04:00:00,272.22,273.16,263.42,265.62,837190.0,16111.0,266.7
2022-07-25 04:00:00,266.55,269.29,263.21,269.05,623063.0,11095.0,268.32
2022-07-26 04:00:00,266.82,269.83,264.35,267.48,708475.0,14950.0,267.24
2022-07-27 04:00:00,267.68,279.07,267.68,278.15,1097382.0,25274.0,274.97
2022-07-28 04:00:00,283.73,295.34,281.08,295.19,1369804.0,29255.0,291.64
2022-07-29 04:00:00,298.26,315.6,297.75,312.47,1628228.0,28494.0,309.95
2022-08-01 04:00:00,304.91,312.45,297.47,309.57,1000705.0,24243.0,308.92
2022-08-02 04:00:00,307.36,311.55,300.99,304.17,779119.0,16424.0,306.11
2022-08-03 04:00:00,305.98,309.04,299.27,307.56,729059.0,16695.0,305.49
2022-08-04 04:00:00,308.62,313.83,305.32,309.12,584210.0,14738.0,309.73
2022-08-05 04:00:00,304.07,314.34,303.17,313.2,571841.0,13936.0,311.91
2022-08-08 04:00:00,313.94,318.82,309.89,311.95,449355.0,14076.0,312.81
2022-08-09 04:00:00,310.86,312.28,307.21,309.78,574335.0,13616.0,310.16
2022-08-10 04:00:00,319.2,320.26,316.45,317.58,609344.0,14627.0,318.34
2022-08-11 04:00:00,320.47,323.59,319.09,321.72,604755.0,15378.0,321.64
2022-08-12 04:00:00,323.88,326.14,320.92,325.91,377442.0,10878.0,325.21
2022-08-15 04:00:00,322.05,327.61,322.05,326.85,438707.0,13643.0,326.22
2022-08-16 04:00:00,324.19,332.8,324.19,328.58,501951.0,13598.0,328.76
2022-08-17 04:00:00,321.33,323.23,319.45,320.9,608246.0,15638.0,321.23
2022-08-18 04:00:00,316.23,316.23,306.95,313.01,1092565.0,26083.0,311.58
2022-08-19 04:00:00,308.97,310.61,304.2,306.68,748853.0,18202.0,306.56
2022-08-22 04:00:00,302.33,305.42,297.14,297.83,630071.0,16566.0,299.74
2022-08-23 04:00:00,296.81,303.61,296.81,297.3,702357.0,16517.0,298.76
2022-08-24 04:00:00,297.29,304.05,294.65,298.26,638574.0,13732.0,298.91
2022-08-25 04:00:00,300.03,309.7,298.8,309.47,508746.0,14460.0,307.18
2022-08-26 04:00:00,306.92,311.51,296.57,296.73,643718.0,15991.0,299.18
2022-08-29 04:00:00,292.23,295.56,291.2,291.71,941990.0,23253.0,293.79
2022-08-30 04:00:00,292.98,294.01,278.65,283.66,1059497.0,26214.0,283.35
2022-08-31 04:00:00,284.62,286.08,280.83,282.81,1162777.0,17993.0,282.9
2022-09-01 04:00:00,279.15,279.57,272.62,279.56,953293.0,22125.0,277.58
2022-09-02 04:00:00,284.57,287.45,278.91,280.55,699162.0,19596.0,282.37
2022-09-06 04:00:00,281.38,284.07,275.26,282.85,731022.0,19913.0,281.3
2022-09-07 04:00:00,280.99,288.29,280.8,287.72,551395.0,14079.0,286.11
2022-09-08 04:00:00,284.63,295.53,282.36,295.29,609102.0,15893.0,292.75
2022-09-09 04:00:00,298.19,301.98,297.57,301.3,515442.0,14449.0,300.46
2022-09-12 04:00:00,304.56,307.27,299.27,303.49,696334.0,18431.0,302.75
2022-09-13 04:00:00,291.88,293.05,284.29,285.35,981573.0,23081.0,286.97
2022-09-14 04:00:00,286.27,286.27,276.25,280.83,733609.0,22510.0,281.03
2022-09-15 04:00:00,276.84,286.83,276.84,279.58,866459.0,19188.0,280.42
2022-09-16 04:00:00,276.16,277.37,269.45,277.0,1412004.0,20277.0,276.06
2022-09-19 04:00:00,275.14,286.55,274.18,286.08,753571.0,15246.0,285.13
2022-09-20 04:00:00,281.35,281.68,276.18,280.6,690815.0,15630.0,279.72
2022-09-21 04:00:00,283.62,286.62,273.64,273.93,831903.0,17088.0,279.43
2022-09-22 04:00:00,273.67,274.9,261.92,264.63,1105792.0,24331.0,265.27
2022-09-23 04:00:00,260.1,261.22,248.13,255.04,1154692.0,31275.0,252.76
2022-09-26 04:00:00,253.67,261.28,249.46,251.79,803460.0,23491.0,252.99
2022-09-27 04:00:00,255.96,262.07,252.32,256.09,748860.0,21190.0,256.42
2022-09-28 04:00:00,257.5,269.48,256.33,268.26,977723.0,22924.0,266.22
2022-09-29 04:00:00,264.17,265.51,256.06,261.61,591053.0,16983.0,261.27
2022-09-30 04:00:00,260.35,267.88,256.62,261.58,1065486.0,22806.0,263.29
2022-10-03 04:00:00,267.65,274.96,264.68,272.71,896756.0,23425.0,271.54
2022-10-04 04:00:00,280.25,285.08,280.2,284.96,528578.0,15780.0,283.78
2022-10-05 04:00:00,279.66,287.55,278.51,284.59,525999.0,13300.0,283.79
2022-10-06 04:00:00,283.86,288.72,282.72,284.3,736141.0,18627.0,285.56
2022-10-07 04:00:00,279.16,281.6,272.02,275.52,917798.0,21864.0,275.37
2022-10-10 04:00:00,278.04,279.39,272.26,273.1,678214.0,17362.0,274.48
2022-10-11 04:00:00,271.21,273.64,265.4,268.98,716839.0,18440.0,269.64
2022-10-12 04:00:00,269.0,272.67,265.63,267.84,785185.0,17111.0,268.79
2022-10-13 04:00:00,261.03,277.74,252.72,274.39,906920.0,24575.0,270.56
2022-10-14 04:00:00,277.83,280.73,266.69,268.24,676086.0,17327.0,269.69
2022-10-17 04:00:00,275.02,280.31,271.73,278.74,595629.0,17628.0,277.56
2022-10-18 04:00:00,287.25,289.9,280.49,286.03,705089.0,17860.0,285.75
2022-10-19 04:00:00,282.74,284.3,275.2,277.78,598237.0,15957.0,278.71
2022-10-20 04:00:00,277.5,280.34,265.38,266.67,1020125.0,24504.0,270.08
2022-10-21 04:00:00,265.66,276.84,262.48,275.68,734529.0,19642.0,271.26
2022-10-24 04:00:00,277.89,282.12,273.18,281.54,714846.0,17188.0,278.98
2022-10-25 04:00:00,279.36,287.59,279.03,285.61,978918.0,19998.0,284.96
2022-10-26 04:00:00,287.96,292.96,283.14,286.86,825902.0,22482.0,288.27
2022-10-27 04:00:00,292.37,295.31,283.84,289.13,1150473.0,27947.0,289.64
2022-10-28 04:00:00,292.18,300.04,289.55,299.8,820110.0,19534.0,296.55
2022-10-31 04:00:00,299.78,309.53,298.52,305.73,1012138.0,24092.0,306.12
2022-11-01 04:00:00,309.63,312.19,304.34,311.04,734304.0,18099.0,309.81
2022-11-02 04:00:00,309.65,313.85,299.27,299.67,816157.0,21946.0,304.88
2022-11-03 04:00:00,294.22,308.88,293.72,306.33,571433.0,18770.0,304.56
2022-11-04 04:00:00,313.69,316.12,306.93,313.63,628480.0,20140.0,312.41
2022-11-07 05:00:00,316.35,316.35,306.58,312.78,601668.0,17416.0,311.01
2022-11-08 05:00:00,314.5,319.77,310.88,317.46,651575.0,18853.0,316.1
2022-11-09 05:00:00,313.43,315.89,307.34,307.64,545512.0,16855.0,310.84
2022-11-10 05:00:00,322.47,337.22,322.47,334.0,1081842.0,31089.0,332.79
2022-11-11 05:00:00,336.43,351.21,335.3,338.27,1028524.0,29117.0,340.99
2022-11-14 05:00:00,334.09,352.69,333.05,346.79,1153503.0,24328.0,345.02
2022-11-15 05:00:00,356.31,356.31,340.44,343.67,889952.0,22758.0,345.94
2022-11-16 05:00:00,342.98,342.98,332.07,336.22,871403.0,21288.0,335.97
2022-11-17 05:00:00,330.85,341.01,325.32,336.44,795877.0,21309.0,333.93
2022-11-18 05:00:00,342.3,343.73,330.74,334.77,474646.0,15387.0,335.36
2022-11-21 05:00:00,333.33,342.87,331.94,338.05,500173.0,14217.0,338.27
2022-11-22 05:00:00,348.05,348.6,342.52,344.98,641940.0,16798.0,345.8
2022-11-23 05:00:00,344.06,350.48,343.25,347.11,515664.0,15468.0,348.15
2022-11-25 05:00:00,348.62,350.54,343.78,347.68,197657.0,7351.0,348.14
2022-11-28 05:00:00,343.79,347.42,334.72,336.6,674055.0,20350.0,339.28
2022-11-29 05:00:00,337.14,337.92,330.68,331.89,720457.0,21070.0,333.48
2022-11-30 05:00:00,331.2,342.08,326.77,341.87,1218802.0,24784.0,337.7
2022-12-01 05:00:00,342.81,347.12,339.23,345.15,523277.0,18836.0,344.36
2022-12-02 05:00:00,339.51,347.22,336.58,345.3,507585.0,15114.0,343.7
2022-12-05 05:00:00,340.52,343.26,333.91,334.74,470905.0,16479.0,336.16
2022-12-06 05:00:00,335.97,338.97,332.74,336.31,683051.0,19950.0,335.88
2022-12-07 05:00:00,334.39,345.87,334.32,340.41,664835.0,19941.0,340.79
2022-12-08 05:00:00,344.37,350.54,343.28,350.21,862429.0,23563.0,348.41
2022-12-09 05:00:00,350.17,351.98,341.4,341.48,428521.0,18903.0,344.83
2022-12-12 05:00:00,342.86,350.33,339.9,349.05,486035.0,16562.0,347.09
2022-12-13 05:00:00,359.54,360.24,350.27,355.42,731866.0,23240.0,354.98
2022-12-14 05:00:00,355.42,362.09,353.11,356.5,944214.0,25602.0,357.17
2022-12-15 05:00:00,348.67,350.15,342.2,346.13,981628.0,27237.0,345.71
2022-12-16 05:00:00,342.81,348.71,340.56,342.33,1089093.0,23566.0,342.31
2022-12-19 05:00:00,343.02,345.5,338.29,340.14,485534.0,13819.0,340.92
2022-12-20 05:00:00,340.13,342.52,338.22,339.52,555588.0,13859.0,340.1
2022-12-21 05:00:00,342.27,348.98,340.14,348.45,534431.0,17294.0,346.57
2022-12-22 05:00:00,343.38,343.57,332.36,339.79,680905.0,18406.0,338.69
2022-12-23 05:00:00,339.35,344.49,338.58,343.99,270646.0,9042.0,342.69
2022-12-27 05:00:00,344.01,353.13,342.84,347.34,617081.0,16996.0,348.49
2022-12-28 05:00:00,347.98,349.66,340.29,340.75,382491.0,12793.0,342.7
2022-12-29 05:00:00,344.36,349.33,343.16,344.95,404126.0,14246.0,346.09
2022-12-30 05:00:00,341.8,345.35,339.58,344.18,670429.0,13156.0,343.44
2023-01-03 05:00:00,346.39,348.04,341.05,345.43,492921.0,16006.0,344.91
2023-01-04 05:00:00,349.13,355.91,348.56,354.44,584600.0,19318.0,353.44
2023-01-05 05:00:00,350.16,354.35,347.81,352.58,549706.0,17012.0,352.11
2023-01-06 05:00:00,356.03,367.76,354.97,365.41,711364.0,21812.0,364.13
2023-01-09 05:00:00,370.63,376.45,362.96,364.11,806577.0,24805.0,368.82
2023-01-10 05:00:00,363.37,371.38,361.08,369.41,635413.0,17085.0,367.48
2023-01-11 05:00:00,370.83,375.23,368.97,371.83,581034.0,18493.0,372.24
2023-01-12 05:00:00,372.57,381.52,370.52,379.38,694079.0,21705.0,378.3
2023-01-13 05:00:00,375.96,380.23,374.14,379.84,471762.0,16456.0,378.74
2023-01-17 05:00:00,379.22,380.42,374.49,376.58,460560.0,17601.0,376.74
2023-01-18 05:00:00,378.88,381.93,372.41,373.81,583171.0,20696.0,375.68
2023-01-19 05:00:00,369.05,370.75,360.87,361.53,634523.0,18448.0,363.59
2023-01-20 05:00:00,361.7,371.74,358.32,371.54,689552.0,20079.0,366.66
2023-01-23 05:00:00,374.07,380.49,372.18,379.64,743145.0,23328.0,378.16
2023-01-24 05:00:00,378.78,425.58,375.03,381.35,790774.0,24916.0,381.46
2023-01-25 05:00:00,373.82,382.12,371.43,380.07,788349.0,23689.0,378.53
2023-01-26 05:00:00,401.42,418.23,391.6,417.84,1984576.0,47100.0,407.97
2023-01-27 05:00:00,418.34,424.36,414.65,420.37,1269758.0,32471.0,420.22
2023-01-30 05:00:00,417.03,423.45,415.01,415.47,725032.0,23199.0,418.63
2023-01-31 05:00:00,416.41,427.22,412.09,427.01,919576.0,24857.0,421.46
2023-02-01 05:00:00,425.14,444.94,424.51,440.52,1049867.0,28239.0,435.05
2023-02-02 05:00:00,446.23,451.28,436.78,441.78,1209183.0,32588.0,442.99
2023-02-03 05:00:00,434.76,442.98,432.52,440.68,639580.0,21769.0,439.56
2023-02-06 05:00:00,436.74,441.12,435.05,439.61,504295.0,17487.0,438.86
2023-02-07 05:00:00,437.96,445.16,432.99,442.92,751054.0,28136.0,439.45
2023-02-08 05:00:00,441.37,446.36,439.53,445.0,670800.0,20657.0,443.51
2023-02-09 05:00:00,447.36,449.88,435.66,437.21,526445.0,17439.0,439.79
2023-02-10 05:00:00,435.33,437.49,431.79,435.88,487391.0,17187.0,435.2
2023-02-13 05:00:00,437.19,447.5,436.31,446.42,553648.0,16042.0,445.03
2023-02-14 05:00:00,443.61,448.83,438.48,443.63,571618.0,15586.0,444.34
2023-02-15 05:00:00,438.92,457.47,438.86,457.25,738908.0,21675.0,453.08
2023-02-16 05:00:00,449.84,455.79,447.27,448.86,657158.0,18329.0,450.67
2023-02-17 05:00:00,447.27,450.58,446.13,448.12,485917.0,14399.0,447.97
2023-02-21 05:00:00,442.04,447.49,431.97,432.93,758554.0,21986.0,435.98
2023-02-22 05:00:00,432.93,436.37,427.53,429.49,719930.0,21176.0,430.21
2023-02-23 05:00:00,434.56,437.93,426.19,433.9,605112.0,21311.0,433.19
2023-02-24 05:00:00,428.98,438.76,426.56,437.6,463221.0,16516.0,434.63
2023-02-27 05:00:00,441.46,451.75,440.88,450.07,842380.0,25745.0,448.3
2023-02-28 05:00:00,450.52,458.42,449.4,455.19,979048.0,25285.0,455.65
2023-03-01 05:00:00,454.11,461.8,454.04,454.48,706252.0,23113.0,456.08
2023-03-02 05:00:00,451.94,458.63,446.05,457.2,577352.0,18614.0,453.79
2023-03-03 05:00:00,457.96,467.88,455.26,465.91,526708.0,17966.0,463.82
2023-03-06 05:00:00,464.35,468.27,461.48,461.49,647568.0,21655.0,463.52
2023-03-07 05:00:00,463.12,467.3,461.14,462.21,690524.0,20928.0,463.12
2023-03-08 05:00:00,460.44,463.88,457.1,463.77,524632.0,19464.0,461.07
2023-03-09 05:00:00,463.9,466.32,440.33,440.77,790272.0,25006.0,449.07
2023-03-10 05:00:00,440.6,441.43,413.55,417.06,1731212.0,47820.0,424.21
2023-03-13 04:00:00,407.07,408.77,396.05,396.53,1585982.0,45520.0,401.94
2023-03-14 04:00:00,409.88,412.9,397.82,404.24,1279469.0,36328.0,405.48
2023-03-15 04:00:00,391.11,393.71,371.22,382.61,1830599.0,47431.0,380.6
2023-03-16 04:00:00,376.48,390.95,371.42,385.85,1085976.0,35055.0,383.51
2023-03-17 04:00:00,380.38,381.27,358.35,359.55,2179077.0,46129.0,363.89
2023-03-20 04:00:00,364.83,374.38,364.4,367.67,1760635.0,38491.0,369.29
2023-03-21 04:00:00,377.54,389.42,375.65,386.95,1512504.0,32758.0,384.38
2023-03-22 04:00:00,385.79,393.31,377.44,378.13,1206977.0,28954.0,385.25
2023-03-23 04:00:00,380.44,386.07,363.24,371.3,1123227.0,29664.0,373.69
2023-03-24 04:00:00,363.77,365.26,351.34,360.22,1533534.0,34326.0,357.97
2023-03-27 04:00:00,358.6,364.63,355.07,362.21,1251631.0,27557.0,360.64
2023-03-28 04:00:00,361.85,368.96,360.52,364.29,665688.0,17866.0,364.58
2023-03-29 04:00:00,370.46,373.34,365.42,373.17,627575.0,20020.0,370.25
2023-03-30 04:00:00,378.27,380.27,373.81,375.2,716003.0,22314.0,376.37
2023-03-31 04:00:00,379.1,384.67,377.2,384.49,877749.0,22124.0,382.48
2023-04-03 04:00:00,383.43,389.86,374.75,377.99,713367.0,21022.0,379.61
2023-04-04 04:00:00,379.04,379.04,344.54,348.9,1997372.0,45943.0,351.63
2023-04-05 04:00:00,342.17,349.49,337.1,341.27,1839254.0,39373.0,341.06
2023-04-06 04:00:00,340.02,350.18,335.79,345.15,1495207.0,34547.0,345.86
2023-04-10 04:00:00,344.01,355.91,343.24,354.53,904405.0,23133.0,352.68
2023-04-11 04:00:00,356.96,364.31,356.17,360.0,781650.0,24873.0,360.72
2023-04-12 04:00:00,364.92,369.36,360.7,365.36,825957.0,23748.0,365.59
2023-04-13 04:00:00,364.39,366.71,357.98,362.71,1006156.0,22740.0,362.08
2023-04-14 04:00:00,364.99,370.17,362.45,367.29,716565.0,20469.0,366.71
2023-04-17 04:00:00,368.66,374.56,367.82,372.6,692808.0,21652.0,372.5
2023-04-18 04:00:00,375.01,378.38,373.09,376.25,677945.0,18750.0,375.59
2023-04-19 04:00:00,372.0,373.08,365.44,367.79,717401.0,21362.0,368.53
2023-04-20 04:00:00,361.94,369.54,360.81,364.79,787109.0,21355.0,365.62
2023-04-21 04:00:00,363.34,363.35,356.64,362.05,742360.0,19406.0,360.27
2023-04-24 04:00:00,363.04,373.17,363.04,372.69,848747.0,23476.0,370.39
2023-04-25 04:00:00,368.69,370.76,365.36,366.89,1357229.0,23512.0,367.97
2023-04-26 04:00:00,367.99,370.43,362.01,364.33,1771803.0,35580.0,366.73
2023-04-27 04:00:00,345.86,347.79,335.24,347.48,2002694.0,44409.0,343.11
2023-04-28 04:00:00,344.44,351.51,340.27,350.83,966986.0,26830.0,347.78
2023-05-01 04:00:00,350.68,357.85,349.75,351.34,797719.0,24645.0,352.17
2023-05-02 04:00:00,348.74,352.32,338.43,345.3,910128.0,26573.0,344.27
2023-05-03 04:00:00,344.39,352.66,339.69,340.26,878040.0,24196.0,345.09
2023-05-04 04:00:00,338.02,338.09,315.89,319.03,2702985.0,54478.0,320.21
2023-05-05 04:00:00,328.81,333.28,325.12,332.31,1005519.0,28929.0,330.73
2023-05-08 04:00:00,335.24,337.53,327.99,331.18,749390.0,19187.0,331.29
2023-05-09 04:00:00,328.78,335.12,326.83,332.41,631314.0,17731.0,331.38
2023-05-10 04:00:00,337.49,338.28,320.69,327.9,733813.0,21545.0,326.72
2023-05-11 04:00:00,323.41,326.46,320.43,325.98,574405.0,20033.0,324.33
2023-05-12 04:00:00,328.19,330.57,318.01,323.62,728305.0,22233.0,322.76
2023-05-15 04:00:00,324.72,331.71,320.73,328.76,684575.0,20551.0,327.05
2023-05-16 04:00:00,323.32,324.91,318.49,318.61,645130.0,18934.0,319.99
2023-05-17 04:00:00,323.41,336.56,321.02,331.97,876200.0,22897.0,331.24
2023-05-18 04:00:00,331.31,342.11,329.85,336.28,817290.0,21311.0,336.67
2023-05-19 04:00:00,340.37,342.06,333.97,340.56,1181431.0,26852.0,339.69
2023-05-22 04:00:00,340.85,342.49,331.02,337.81,803096.0,23217.0,335.79
2023-05-23 04:00:00,335.18,340.86,330.9,335.29,613099.0,18978.0,336.91
2023-05-24 04:00:00,332.23,333.12,323.64,325.74,745910.0,20782.0,326.14
2023-05-25 04:00:00,328.35,335.28,327.04,333.25,615722.0,18534.0,332.24
2023-05-26 04:00:00,336.34,344.16,335.79,342.46,946628.0,21640.0,341.28
2023-05-30 04:00:00,344.04,347.27,334.02,338.12,766208.0,21999.0,339.03
2023-05-31 04:00:00,334.99,336.9,324.93,325.69,1129338.0,23810.0,327.04
2023-06-01 04:00:00,327.15,334.12,322.29,331.06,953816.0,25361.0,329.63
2023-06-02 04:00:00,344.58,354.25,338.81,352.83,1353136.0,36290.0,348.99
2023-06-05 04:00:00,354.2,355.65,344.33,348.96,782877.0,23210.0,350.13
2023-06-06 04:00:00,345.27,363.34,344.92,362.16,821212.0,25081.0,359.73
2023-06-07 04:00:00,367.09,382.07,365.14,378.13,1631256.0,43563.0,376.77
2023-06-08 04:00:00,377.26,383.53,375.09,380.16,963906.0,26472.0,380.02
2023-06-09 04:00:00,381.44,382.92,374.7,379.59,821584.0,23583.0,379.43
2023-06-12 04:00:00,379.01,384.06,372.97,381.1,726901.0,19993.0,380.4
2023-06-13 04:00:00,380.4,404.34,379.85,400.14,1347689.0,40997.0,397.84
2023-06-14 04:00:00,401.81,404.48,392.03,396.13,1165042.0,26931.0,397.14
2023-06-15 04:00:00,392.71,403.29,392.71,400.02,881657.0,21225.0,400.01
2023-06-16 04:00:00,402.41,403.62,392.96,393.31,1133671.0,22884.0,395.85
2023-06-20 04:00:00,389.62,399.04,387.12,397.14,930890.0,24557.0,393.85
2023-06-21 04:00:00,395.53,407.78,394.98,404.02,948232.0,25580.0,404.12
2023-06-22 04:00:00,401.86,401.86,392.09,392.71,803371.0,20299.0,395.66
2023-06-23 04:00:00,386.27,397.13,383.24,394.57,1117958.0,20687.0,393.07
2023-06-26 04:00:00,394.52,407.64,394.52,402.77,745407.0,19946.0,403.6
2023-06-27 04:00:00,404.94,416.45,402.92,413.0,903078.0,23757.0,412.0
2023-06-28 04:00:00,411.28,421.34,409.77,419.93,880452.0,25256.0,418.57
2023-06-29 04:00:00,419.65,427.46,418.99,425.06,708998.0,22326.0,424.47
2023-06-30 04:00:00,429.33,437.57,426.49,434.57,768040.0,20617.0,434.32
2023-07-03 04:00:00,432.26,439.72,432.22,437.75,380528.0,11521.0,436.42
2023-07-05 04:00:00,432.26,437.31,428.32,430.92,842666.0,22969.0,432.29
2023-07-06 04:00:00,425.89,430.21,413.27,417.89,1013418.0,30337.0,418.11
2023-07-07 04:00:00,417.72,429.58,416.07,423.05,555405.0,16921.0,424.33
2023-07-10 04:00:00,419.36,434.4,419.36,434.18,516965.0,16769.0,430.09
2023-07-11 04:00:00,436.16,448.03,435.98,446.23,912536.0,24500.0,443.98
2023-07-12 04:00:00,456.82,460.38,449.29,455.84,851555.0,24406.0,454.79
2023-07-13 04:00:00,455.38,458.33,446.96,447.31,816445.0,22725.0,450.48
2023-07-14 04:00:00,448.77,449.23,428.43,434.65,1109230.0,34870.0,434.65
2023-07-17 04:00:00,433.31,444.35,431.8,440.54,509380.0,15605.0,440.01
2023-07-18 04:00:00,439.79,454.13,439.79,453.23,586029.0,17455.0,450.82
2023-07-19 04:00:00,449.47,457.97,445.3,449.32,650902.0,20560.0,450.95
2023-07-20 04:00:00,449.14,450.92,443.07,447.61,625896.0,17923.0,446.93
2023-07-21 04:00:00,450.15,450.8,439.14,439.51,523911.0,18030.0,441.62
2023-07-24 04:00:00,440.7,444.55,436.8,439.29,509689.0,17881.0,439.96
2023-07-25 04:00:00,437.56,443.36,434.34,439.3,633006.0,19919.0,439.84
2023-07-26 04:00:00,436.15,441.25,430.56,434.21,835029.0,26199.0,434.26
2023-07-27 04:00:00,427.73,434.74,403.57,430.42,1535311.0,39673.0,426.26
2023-07-28 04:00:00,436.6,448.16,430.02,435.25,704961.0,23615.0,437.45
2023-07-31 04:00:00,439.21,454.0,436.64,453.41,770799.0,21674.0,451.11
2023-08-01 04:00:00,452.08,466.1,449.54,462.5,847610.0,26878.0,460.33
2023-08-02 04:00:00,457.54,463.91,453.77,456.81,841849.0,25184.0,459.73
2023-08-03 04:00:00,452.83,454.48,441.16,453.72,645213.0,23063.0,449.76
2023-08-04 04:00:00,455.67,458.71,450.46,454.51,516995.0,16574.0,455.24
2023-08-07 04:00:00,460.31,480.28,460.31,474.76,1438583.0,35686.0,474.1
2023-08-08 04:00:00,469.07,471.37,459.49,470.34,1094311.0,30262.0,466.46
2023-08-09 04:00:00,470.41,473.85,466.38,468.56,768907.0,20542.0,470.12
2023-08-10 04:00:00,469.91,478.61,465.81,472.06,997056.0,25603.0,472.54
2023-08-11 04:00:00,471.08,478.53,470.16,477.83,596090.0,18518.0,476.37
2023-08-14 04:00:00,474.59,479.09,472.33,477.02,623212.0,17723.0,476.5
2023-08-15 04:00:00,472.74,474.68,468.57,471.32,743173.0,18760.0,471.58
2023-08-16 04:00:00,471.2,481.18,453.64,454.26,793406.0,23130.0,463.39
2023-08-17 04:00:00,458.68,462.46,441.23,443.08,843540.0,25480.0,446.95
2023-08-18 04:00:00,435.98,444.95,431.18,441.82,712346.0,22579.0,440.43
2023-08-21 04:00:00,445.33,448.06,438.63,442.87,375503.0,13787.0,442.48
2023-08-22 04:00:00,444.27,446.03,430.1,432.25,555893.0,16418.0,434.34
2023-08-23 04:00:00,431.36,440.49,429.09,439.24,403159.0,15771.0,436.76
2023-08-24 04:00:00,436.94,445.33,434.86,436.24,455832.0,15935.0,438.93
2023-08-25 04:00:00,439.82,443.99,431.6,439.58,425440.0,13715.0,438.45
2023-08-28 04:00:00,439.16,451.0,439.16,447.39,321871.0,12752.0,447.16
2023-08-29 04:00:00,446.31,468.36,444.53,464.52,764670.0,23113.0,462.1
2023-08-30 04:00:00,464.44,468.35,459.45,467.27,544530.0,17489.0,466.21
2023-08-31 04:00:00,467.69,473.06,464.47,466.41,635942.0,16076.0,467.34
2023-09-01 04:00:00,473.69,481.87,472.31,480.73,645610.0,21909.0,478.99
2023-09-05 04:00:00,476.65,480.57,460.54,460.62,684263.0,23276.0,465.46
2023-09-06 04:00:00,462.37,473.01,457.5,464.97,479173.0,21041.0,463.9
2023-09-07 04:00:00,459.16,462.01,447.76,457.38,659464.0,17001.0,456.18
2023-09-08 04:00:00,450.91,456.3,449.48,453.92,392660.0,15714.0,453.48
2023-09-11 04:00:00,459.54,460.35,446.82,448.93,476040.0,18842.0,450.1
2023-09-12 04:00:00,446.62,455.12,445.83,447.44,422591.0,15555.0,448.6
2023-09-13 04:00:00,444.29,447.7,433.67,437.84,569010.0,20617.0,438.73
2023-09-14 04:00:00,444.21,450.0,437.29,443.69,581531.0,18225.0,442.67
2023-09-15 04:00:00,443.49,445.17,437.09,442.41,815242.0,18263.0,442.55
2023-09-18 04:00:00,443.15,447.49,440.71,443.98,567700.0,17444.0,444.98
2023-09-19 04:00:00,439.74,446.97,437.55,441.47,441998.0,14081.0,442.42
2023-09-20 04:00:00,444.3,452.49,437.98,438.51,622818.0,17354.0,444.78
2023-09-21 04:00:00,434.57,434.8,421.3,426.48,883557.0,23425.0,427.58
2023-09-22 04:00:00,425.5,430.81,423.1,424.08,521278.0,19038.0,425.78
2023-09-25 04:00:00,421.61,434.79,421.61,434.39,620156.0,17202.0,431.42
2023-09-26 04:00:00,430.72,436.22,428.36,428.39,844306.0,24234.0,431.25
2023-09-27 04:00:00,433.59,440.44,430.96,436.74,547071.0,18081.0,435.82
2023-09-28 04:00:00,436.16,446.2,433.64,438.7,400855.0,14561.0,440.13
2023-09-29 04:00:00,443.56,447.15,433.31,435.12,560209.0,15472.0,437.59
2023-10-02 04:00:00,434.35,438.39,424.09,428.08,499118.0,16350.0,429.27
2023-10-03 04:00:00,425.4,428.8,413.52,416.91,783972.0,21923.0,418.05
2023-10-04 04:00:00,416.13,418.64,406.76,415.14,768601.0,23039.0,413.18
2023-10-05 04:00:00,413.78,417.3,407.24,411.99,541662.0,17474.0,411.51
2023-10-06 04:00:00,410.1,427.91,408.57,424.09,526851.0,17140.0,421.85
2023-10-09 04:00:00,420.34,428.01,417.6,427.85,337517.0,12560.0,424.84
2023-10-10 04:00:00,430.85,444.55,429.19,439.33,690085.0,19003.0,439.98
2023-10-11 04:00:00,440.06,445.01,437.13,444.42,369472.0,14985.0,441.69
2023-10-12 04:00:00,445.44,445.44,428.77,435.02,603502.0,16223.0,436.41
2023-10-13 04:00:00,435.81,439.57,421.21,423.85,566296.0,17505.0,426.1
2023-10-16 04:00:00,431.52,437.11,425.76,431.7,558528.0,19281.0,431.47
2023-10-17 04:00:00,427.76,445.32,427.37,443.41,621766.0,17692.0,441.81
2023-10-18 04:00:00,432.71,434.12,415.59,420.22,2882443.0,56572.0,424.93
2023-10-19 04:00:00,418.75,423.52,402.42,402.45,1321933.0,33739.0,410.18
2023-10-20 04:00:00,403.54,405.43,396.07,397.76,1018813.0,28770.0,399.31
2023-10-23 04:00:00,398.35,406.41,394.13,400.19,734369.0,21102.0,401.46
2023-10-24 04:00:00,403.09,404.34,394.56,397.72,804096.0,21918.0,397.61
2023-10-25 04:00:00,398.04,399.08,387.05,390.67,947710.0,24856.0,391.64
2023-10-26 04:00:00,381.81,408.27,378.79,395.19,1204918.0,32776.0,395.21
2023-10-27 04:00:00,398.06,401.42,386.84,390.54,933700.0,23275.0,392.62
2023-10-30 04:00:00,397.81,406.18,390.49,402.22,879001.0,23986.0,401.25
2023-10-31 04:00:00,398.51,400.39,387.04,397.64,885149.0,24520.0,395.3
2023-11-01 04:00:00,395.21,401.0,391.13,400.78,665131.0,20210.0,396.65
2023-11-02 04:00:00,412.39,424.65,410.89,423.75,1014293.0,28006.0,419.69
2023-11-03 04:00:00,432.55,447.37,431.62,441.92,1105911.0,29469.0,441.76
2023-11-06 05:00:00,444.71,445.83,424.62,429.22,732957.0,25944.0,429.94
2023-11-07 05:00:00,425.91,434.58,425.05,432.45,363705.0,12540.0,431.5
2023-11-08 05:00:00,433.54,438.03,428.0,428.72,480060.0,14681.0,431.01
2023-11-09 05:00:00,434.85,439.0,427.97,429.62,436802.0,14055.0,433.42
2023-11-10 05:00:00,434.67,449.4,432.24,448.33,765583.0,22922.0,444.41
2023-11-13 05:00:00,447.66,456.83,445.09,454.22,738770.0,23613.0,452.78
2023-11-14 05:00:00,469.35,478.62,467.71,469.11,755046.0,24034.0,472.74
2023-11-15 05:00:00,469.42,479.95,462.7,470.9,1227817.0,22441.0,471.43
2023-11-16 05:00:00,469.22,473.29,460.19,465.84,569034.0,21367.0,464.45
2023-11-17 05:00:00,470.56,476.14,466.72,472.34,623533.0,19430.0,472.49
2023-11-20 05:00:00,459.29,466.11,449.78,463.33,861923.0,26820.0,461.27
2023-11-21 05:00:00,461.56,462.06,455.34,457.86,629693.0,19604.0,458.89
2023-11-22 05:00:00,457.09,458.95,451.74,455.1,532067.0,18013.0,455.25
2023-11-24 05:00:00,456.06,460.92,453.73,458.92,220704.0,7617.0,458.49
2023-11-27 05:00:00,454.57,457.98,452.91,455.85,474275.0,16135.0,455.27
2023-11-28 05:00:00,453.95,456.86,446.54,447.69,459788.0,15355.0,449.34
2023-11-29 05:00:00,453.5,472.05,453.24,467.67,861656.0,26625.0,466.52
2023-11-30 05:00:00,470.5,472.72,465.08,467.47,754931.0,21753.0,467.68
2023-12-01 05:00:00,470.15,496.08,469.16,492.82,1127732.0,39052.0,489.04
2023-12-04 05:00:00,486.17,488.2,477.09,481.29,1013068.0,31454.0,482.38
2023-12-05 05:00:00,468.85,477.95,466.04,466.96,847649.0,27912.0,470.57
2023-12-06 05:00:00,468.48,479.25,466.89,467.88,495775.0,19194.0,470.75
2023-12-07 05:00:00,468.62,476.38,466.98,475.33,424944.0,22904.0,473.09
2023-12-08 05:00:00,475.12,490.0,474.79,486.17,556660.0,20198.0,485.67
2023-12-11 05:00:00,482.88,496.81,482.78,496.07,556737.0,25166.0,493.6
2023-12-12 05:00:00,494.85,505.44,494.19,500.43,551583.0,20013.0,501.17
2023-12-13 05:00:00,502.53,524.91,495.59,520.64,864810.0,24358.0,512.5
2023-12-14 05:00:00,530.87,560.82,528.23,559.2,1408843.0,40157.0,552.59
2023-12-15 05:00:00,554.07,570.57,552.4,561.47,1486114.0,31720.0,561.88
2023-12-18 05:00:00,566.75,566.75,552.7,558.03,845869.0,24671.0,557.52
2023-12-19 05:00:00,563.67,572.17,559.27,563.89,669265.0,23368.0,565.96
2023-12-20 05:00:00,557.8,567.82,546.62,548.24,1272628.0,26369.0,552.93
2023-12-21 05:00:00,557.8,561.19,552.94,560.7,445721.0,18543.0,558.18
2023-12-22 05:00:00,559.93,565.17,556.2,560.26,363847.0,13217.0,560.07
2023-12-26 05:00:00,562.84,574.99,561.82,570.05,607256.0,19011.0,570.48
2023-12-27 05:00:00,571.95,571.95,564.18,568.46,488406.0,16465.0,567.81
2023-12-28 05:00:00,554.09,571.14,552.92,568.3,268794.0,13587.0,566.64
2023-12-29 05:00:00,569.88,572.52,560.38,563.12,300481.0,13451.0,563.86
2024-01-02 05:00:00,558.6,564.75,552.41,556.92,444028.0,17491.0,557.44
2024-01-03 05:00:00,546.58,548.4,536.94,537.33,828776.0,25845.0,540.55
2024-01-04 05:00:00,539.22,548.23,536.86,539.0,547851.0,18261.0,541.61
2024-01-05 05:00:00,527.54,538.61,525.62,531.67,670875.0,21966.0,532.07
2024-01-08 05:00:00,528.99,541.86,524.12,540.94,500710.0,18772.0,536.85
2024-01-09 05:00:00,533.51,538.72,529.54,538.18,435779.0,17378.0,536.18
2024-01-10 05:00:00,539.11,541.82,533.43,539.81,372714.0,12859.0,538.36
2024-01-11 05:00:00,539.81,542.9,527.18,541.79,567222.0,20697.0,537.83
2024-01-12 05:00:00,548.03,550.68,541.45,549.14,512751.0,19416.0,547.38
2024-01-16 05:00:00,542.09,556.16,542.04,551.05,524779.0,21955.0,550.41
2024-01-17 05:00:00,544.73,551.23,535.37,540.44,635519.0,22225.0,542.25
2024-01-18 05:00:00,547.01,555.06,543.29,553.25,553195.0,19814.0,551.12
2024-01-19 05:00:00,556.63,562.07,545.37,561.76,651195.0,20757.0,555.19
2024-01-22 05:00:00,565.51,575.42,564.09,568.48,606946.0,17617.0,568.85
2024-01-23 05:00:00,572.29,574.45,563.78,567.69,598463.0,20443.0,568.79
2024-01-24 05:00:00,576.43,581.04,565.9,566.54,959384.0,34650.0,572.53
2024-01-25 05:00:00,597.92,646.68,586.12,639.94,2662425.0,67415.0,630.09
2024-01-26 05:00:00,641.27,641.48,618.0,619.42,1423813.0,43304.0,625.75
2024-01-29 05:00:00,622.45,636.61,621.22,636.1,596852.0,23655.0,631.09
2024-01-30 05:00:00,630.47,641.52,630.47,631.43,504822.0,19857.0,633.77
2024-01-31 05:00:00,627.72,629.73,612.99,614.17,1012521.0,29361.0,618.53
2024-02-01 05:00:00,624.5,635.15,609.13,633.78,646148.0,24022.0,625.23
2024-02-02 05:00:00,629.44,646.8,628.4,642.45,491362.0,19868.0,640.21
2024-02-05 05:00:00,637.56,637.98,624.65,633.98,650252.0,21694.0,632.92
2024-02-06 05:00:00,637.67,642.79,633.42,642.79,478422.0,17227.0,639.33
2024-02-07 05:00:00,646.24,647.03,637.69,641.01,402991.0,16716.0,642.16
2024-02-08 05:00:00,640.07,644.34,632.78,635.38,609663.0,22745.0,636.02
2024-02-09 05:00:00,636.02,641.35,632.37,638.67,363437.0,15159.0,637.56
2024-02-12 05:00:00,639.27,661.58,639.27,651.61,519077.0,21044.0,652.49
2024-02-13 05:00:00,629.18,635.6,619.86,627.04,726927.0,26473.0,626.03
2024-02-14 05:00:00,637.0,647.83,633.22,643.94,616086.0,17056.0,642.78
2024-02-15 05:00:00,644.93,651.83,637.99,650.75,359304.0,14966.0,648.0
2024-02-16 05:00:00,649.09,650.27,638.69,640.27,366563.0,13549.0,643.87
2024-02-20 05:00:00,631.74,637.91,628.16,633.96,466706.0,16007.0,633.15
2024-02-21 05:00:00,629.28,639.26,628.13,634.93,395274.0,12539.0,634.81
2024-02-22 05:00:00,645.93,652.91,642.89,648.62,369287.0,16433.0,649.11
2024-02-23 05:00:00,652.76,655.16,647.84,648.06,373647.0,14551.0,649.96
2024-02-26 05:00:00,649.17,664.24,648.82,660.43,493745.0,17643.0,660.7
2024-02-27 05:00:00,665.56,673.28,662.27,666.03,485412.0,19586.0,667.47
2024-02-28 05:00:00,663.14,678.04,660.83,675.59,462113.0,20161.0,675.34
2024-02-29 05:00:00,681.3,684.68,674.1,682.56,618317.0,16157.0,681.44
2024-03-01 05:00:00,682.74,691.83,680.16,689.77,367145.0,14177.0,687.89
2024-03-04 05:00:00,697.93,721.06,695.1,701.31,555748.0,24504.0,708.65
2024-03-05 05:00:00,689.19,693.88,663.16,668.88,811193.0,32520.0,674.17
2024-03-06 05:00:00,676.8,678.44,662.85,666.36,452805.0,19129.0,668.03
2024-03-07 05:00:00,673.3,675.95,660.1,668.79,454543.0,17984.0,666.73
2024-03-08 05:00:00,671.4,681.62,663.99,665.7,468642.0,15579.0,669.0
2024-03-11 04:00:00,659.39,659.39,639.97,654.04,552923.0,21093.0,650.71
2024-03-12 04:00:00,660.5,667.86,651.92,665.06,394138.0,17081.0,663.45
2024-03-13 04:00:00,660.06,669.5,657.02,658.11,615595.0,17664.0,660.83
2024-03-14 04:00:00,665.65,673.33,658.43,662.09,736579.0,21348.0,663.04
2024-03-15 04:00:00,656.99,671.14,654.73,665.15,874567.0,20100.0,664.64
2024-03-18 04:00:00,670.09,676.38,662.89,673.05,357328.0,13615.0,672.43
2024-03-19 04:00:00,669.61,684.75,666.24,682.91,459860.0,13896.0,680.95
2024-03-20 04:00:00,680.83,704.32,680.83,698.37,1070645.0,18224.0,693.73
2024-03-21 04:00:00,706.51,718.64,702.24,707.94,591880.0,20117.0,710.46
2024-03-22 04:00:00,713.09,715.77,702.43,703.24,445573.0,14590.0,705.86
2024-03-25 04:00:00,700.08,704.93,692.97,693.56,423967.0,12959.0,696.62
2024-03-26 04:00:00,695.55,701.63,692.98,693.92,440404.0,16245.0,696.55
2024-03-27 04:00:00,698.44,709.4,695.5,709.03,257166.0,12417.0,704.82
2024-03-28 04:00:00,709.31,713.75,706.09,709.97,440314.0,14715.0,709.88
2024-04-01 04:00:00,709.97,711.21,698.45,699.18,339769.0,14833.0,701.88
2024-04-02 04:00:00,689.19,690.42,677.66,681.11,606624.0,20476.0,682.33
2024-04-03 04:00:00,681.89,698.72,681.31,695.23,458995.0,17964.0,692.9
2024-04-04 04:00:00,703.91,706.42,681.49,683.11,347449.0,14335.0,691.1
2024-04-05 04:00:00,685.02,699.17,684.29,695.95,275893.0,15231.0,694.97
2024-04-08 04:00:00,698.59,704.0,691.77,692.1,414345.0,11806.0,693.88
2024-04-09 04:00:00,694.18,697.44,670.9,686.0,380358.0,17944.0,684.68
2024-04-10 04:00:00,668.84,681.26,665.0,671.59,482727.0,18695.0,673.06
2024-04-11 04:00:00,670.93,676.29,662.78,675.1,585170.0,19357.0,670.72
2024-04-12 04:00:00,663.93,674.84,658.44,664.39,594511.0,17481.0,663.58
2024-04-15 04:00:00,677.48,680.32,653.51,656.44,696737.0,19059.0,660.53
2024-04-16 04:00:00,654.62,655.22,642.52,645.84,585189.0,20689.0,646.88
2024-04-17 04:00:00,645.06,648.17,622.45,626.39,896009.0,28392.0,629.87
2024-04-18 04:00:00,630.84,638.91,622.01,623.11,499257.0,17691.0,628.6
2024-04-19 04:00:00,623.97,631.73,614.37,618.64,572680.0,18328.0,620.39
2024-04-22 04:00:00,622.68,628.21,611.96,619.58,767131.0,22193.0,620.0
2024-04-23 04:00:00,631.04,654.28,628.79,651.11,598195.0,23937.0,648.55
2024-04-24 04:00:00,653.94,662.01,638.74,645.07,641193.0,22315.0,648.29
2024-04-25 04:00:00,669.5,684.21,633.61,680.25,1034142.0,30111.0,666.49
2024-04-26 04:00:00,674.7,682.69,668.3,680.13,581711.0,24096.0,677.42
2024-04-29 04:00:00,687.2,702.57,679.55,701.68,604936.0,24358.0,696.68
2024-04-30 04:00:00,688.82,694.7,656.89,657.67,1081619.0,30163.0,668.92
2024-05-01 04:00:00,654.15,662.13,639.23,643.66,585950.0,25045.0,646.97
2024-05-02 04:00:00,652.98,658.72,636.61,654.31,366808.0,14690.0,649.54
2024-05-03 04:00:00,667.61,675.3,654.06,656.36,343283.0,15179.0,660.15
2024-05-06 04:00:00,664.57,672.79,661.66,672.79,348375.0,14273.0,669.32
2024-05-07 04:00:00,675.34,679.83,663.73,665.46,437465.0,16835.0,670.28
2024-05-08 04:00:00,656.62,669.6,654.54,668.98,474005.0,16009.0,663.86
2024-05-09 04:00:00,671.12,680.31,668.49,680.21,358471.0,15459.0,676.56
2024-05-10 04:00:00,684.14,690.61,682.71,689.01,352088.0,16247.0,686.76
2024-05-13 04:00:00,694.52,703.48,687.14,687.57,395072.0,16383.0,692.28
2024-05-14 04:00:00,691.84,694.64,680.24,685.4,349792.0,15044.0,686.91
2024-05-15 04:00:00,693.62,705.99,689.23,703.06,508792.0,17860.0,702.01
2024-05-16 04:00:00,699.05,702.7,671.98,672.24,480471.0,19885.0,677.63
2024-05-17 04:00:00,680.38,680.38,670.8,676.83,362951.0,13182.0,675.65
2024-05-20 04:00:00,677.56,697.58,677.36,691.97,344116.0,17355.0,690.09
2024-05-21 04:00:00,689.81,691.73,681.07,685.52,276033.0,12984.0,685.33
2024-05-22 04:00:00,681.91,683.24,670.65,673.68,280411.0,14723.0,675.64
2024-05-23 04:00:00,680.99,680.99,652.15,658.06,482066.0,21203.0,661.33
2024-05-24 04:00:00,662.57,666.33,653.47,664.75,296107.0,15799.0,662.03
2024-05-28 04:00:00,667.32,667.32,647.03,656.07,395312.0,17255.0,656.35
2024-05-29 04:00:00,647.87,649.31,636.11,636.46,559485.0,25046.0,641.09
2024-05-30 04:00:00,636.82,654.49,634.6,650.62,415315.0,19583.0,649.16
2024-05-31 04:00:00,652.66,661.43,641.51,660.66,859709.0,22030.0,656.34
2024-06-03 04:00:00,666.18,666.18,617.27,629.18,561047.0,25921.0,631.7
2024-06-04 04:00:00,622.56,627.66,609.55,622.95,821362.0,25343.0,619.79
2024-06-05 04:00:00,626.07,635.08,616.89,632.5,382187.0,14602.0,630.36
2024-06-06 04:00:00,630.44,636.2,617.98,622.28,504263.0,18451.0,623.43
2024-06-07 04:00:00,622.59,639.37,618.08,634.99,677060.0,18689.0,634.65
2024-06-10 04:00:00,632.05,642.49,632.05,636.67,535219.0,17070.0,637.21
2024-06-11 04:00:00,632.13,632.13,615.92,619.78,750355.0,22045.0,620.6
2024-06-12 04:00:00,641.51,659.58,615.17,616.96,1111048.0,35193.0,631.71
2024-06-13 04:00:00,614.47,620.27,608.56,619.63,656913.0,23469.0,615.46
2024-06-14 04:00:00,608.45,610.42,588.69,608.16,709104.0,26114.0,602.84
2024-06-17 04:00:00,606.98,612.89,602.03,611.2,859085.0,26608.0,608.55
2024-06-18 04:00:00,607.62,637.96,599.48,636.46,1017957.0,31553.0,629.79
2024-06-20 04:00:00,631.43,638.76,622.26,630.87,615750.0,21395.0,630.93
2024-06-21 04:00:00,632.73,632.98,619.53,632.41,725382.0,18311.0,630.18
2024-06-24 04:00:00,635.59,645.36,627.09,636.94,364193.0,15935.0,637.87
2024-06-25 04:00:00,636.06,636.25,621.0,632.08,442279.0,15243.0,629.68
2024-06-26 04:00:00,628.25,628.25,615.85,621.6,586917.0,19813.0,620.5
2024-06-27 04:00:00,617.97,622.58,612.02,614.9,576187.0,17363.0,616.02
2024-06-28 04:00:00,622.96,643.57,622.96,638.28,816799.0,26213.0,636.84
2024-07-01 04:00:00,640.59,640.59,621.19,632.47,507153.0,20095.0,632.01
2024-07-02 04:00:00,627.48,639.12,626.35,637.44,446460.0,14469.0,634.83
2024-07-03 04:00:00,640.88,651.7,634.38,645.41,350743.0,13037.0,645.36
2024-07-05 04:00:00,641.95,643.66,621.25,625.67,530081.0,19330.0,627.71
2024-07-08 04:00:00,629.76,636.57,620.36,629.09,546895.0,16759.0,627.32
2024-07-09 04:00:00,623.5,627.75,617.82,619.21,434729.0,15857.0,621.29
2024-07-10 04:00:00,622.55,640.73,621.33,636.76,603157.0,17154.0,634.13
2024-07-11 04:00:00,645.65,666.75,644.14,657.59,678804.0,21581.0,658.03
2024-07-12 04:00:00,663.91,680.0,661.25,670.7,544913.0,18337.0,673.33
2024-07-15 04:00:00,678.68,703.76,674.08,698.17,594322.0,23314.0,696.65
2024-07-16 04:00:00,698.0,733.53,698.0,733.3,647092.0,25214.0,724.46
2024-07-17 04:00:00,722.09,729.48,711.69,714.14,826403.0,27408.0,719.31
2024-07-18 04:00:00,711.72,750.05,710.69,718.93,885030.0,27773.0,726.98
2024-07-19 04:00:00,723.6,723.6,707.06,709.25,493345.0,18495.0,712.61
2024-07-22 04:00:00,722.22,728.7,705.66,728.7,520977.0,20208.0,722.22
2024-07-23 04:00:00,722.18,741.59,714.79,734.22,596419.0,20452.0,734.04
2024-07-24 04:00:00,730.61,737.39,706.39,706.47,1212428.0,33753.0,721.51
2024-07-25 04:00:00,705.66,758.58,690.85,744.41,1207914.0,38468.0,737.92
2024-07-26 04:00:00,753.61,779.48,740.27,742.38,939572.0,26679.0,753.36
2024-07-29 04:00:00,743.58,746.85,730.62,735.08,394431.0,15981.0,736.77
2024-07-30 04:00:00,734.74,744.95,712.47,727.45,803294.0,23146.0,724.61
2024-07-31 04:00:00,734.62,763.5,733.92,747.21,556742.0,18452.0,748.08
2024-08-01 04:00:00,746.74,747.45,700.9,707.13,701267.0,23981.0,712.58
2024-08-02 04:00:00,680.99,682.9,655.38,662.66,1004257.0,32815.0,663.0
2024-08-05 04:00:00,631.64,678.99,626.01,659.87,835924.0,30076.0,657.35
2024-08-06 04:00:00,663.96,689.9,655.12,672.81,464808.0,18288.0,674.95
2024-08-07 04:00:00,685.67,690.83,652.18,652.95,516343.0,20821.0,659.89
2024-08-08 04:00:00,665.6,682.52,657.11,680.26,503960.0,17985.0,677.88
2024-08-09 04:00:00,679.79,692.13,672.77,687.01,338680.0,14160.0,686.12
2024-08-12 04:00:00,686.74,689.77,676.76,679.28,280282.0,12497.0,680.25
2024-08-13 04:00:00,685.92,694.9,677.04,693.92,383296.0,13799.0,691.31
2024-08-14 04:00:00,696.13,705.98,688.08,694.62,365776.0,13286.0,696.0
2024-08-15 04:00:00,710.44,719.72,705.12,712.88,342276.0,16740.0,712.91
2024-08-16 04:00:00,709.4,715.15,701.82,706.77,310871.0,12712.0,707.51
2024-08-19 04:00:00,708.38,713.54,701.75,712.14,303104.0,12424.0,710.57
2024-08-20 04:00:00,712.24,716.52,702.35,708.52,244684.0,11887.0,707.89
2024-08-21 04:00:00,711.75,722.35,709.48,716.94,206721.0,10665.0,715.99
2024-08-22 04:00:00,717.78,718.23,703.49,709.32,259849.0,12889.0,709.9
2024-08-23 04:00:00,713.46,740.45,713.46,737.0,283925.0,12892.0,733.13
2024-08-26 04:00:00,741.92,749.69,733.38,735.37,285843.0,11732.0,738.22
2024-08-27 04:00:00,729.91,734.71,725.88,728.52,276404.0,11674.0,729.66
2024-08-28 04:00:00,723.06,726.8,715.99,719.89,317880.0,12343.0,720.21
2024-08-29 04:00:00,724.92,732.66,711.89,720.89,276889.0,11754.0,722.82
2024-08-30 04:00:00,726.77,733.59,716.36,733.27,338023.0,13159.0,729.64
2024-09-03 04:00:00,720.14,725.42,690.52,694.29,503034.0,21939.0,699.34
2024-09-04 04:00:00,693.87,700.62,689.55,693.02,401134.0,17331.0,693.69
2024-09-05 04:00:00,691.78,693.03,676.28,690.01,315564.0,15616.0,685.8
2024-09-06 04:00:00,691.37,702.15,673.42,673.76,372239.0,15608.0,679.21
2024-09-09 04:00:00,682.83,691.33,681.58,688.44,491140.0,15933.0,686.63
2024-09-10 04:00:00,693.26,696.56,683.57,696.48,511818.0,14874.0,690.64
2024-09-11 04:00:00,692.46,703.25,668.64,698.75,511582.0,17232.0,690.41
2024-09-12 04:00:00,699.57,708.73,692.28,704.95,317219.0,14035.0,701.77
2024-09-13 04:00:00,712.52,730.65,711.25,721.61,393141.0,18621.0,722.76
2024-09-16 04:00:00,725.97,734.68,720.42,733.97,318156.0,14940.0,729.97
2024-09-17 04:00:00,740.17,763.37,736.57,762.95,499997.0,22120.0,757.14
2024-09-18 04:00:00,761.96,792.76,756.76,764.96,613987.0,34590.0,770.07
2024-09-19 04:00:00,786.43,788.93,767.49,785.39,439122.0,18546.0,782.53
2024-09-20 04:00:00,779.14,785.86,772.91,775.16,607490.0,16867.0,776.76
2024-09-23 04:00:00,787.55,794.82,779.63,790.34,335742.0,14708.0,788.93
2024-09-24 04:00:00,796.05,799.09,783.97,793.62,411986.0,14747.0,792.19
2024-09-25 04:00:00,797.76,810.58,791.28,793.41,378505.0,14245.0,796.93
2024-09-26 04:00:00,806.22,817.34,789.22,794.01,734672.0,18874.0,795.31
2024-09-27 04:00:00,801.27,809.68,796.5,805.33,383440.0,18192.0,804.97
2024-09-30 04:00:00,796.33,801.27,787.73,801.01,453072.0,17727.0,799.01
2024-10-01 04:00:00,800.41,804.38,790.3,798.1,364356.0,14643.0,797.77
2024-10-02 04:00:00,787.77,797.62,780.51,787.45,499568.0,15845.0,789.27
2024-10-03 04:00:00,786.37,791.2,775.79,780.67,399870.0,13897.0,780.97
2024-10-04 04:00:00,795.58,795.58,772.8,781.01,416998.0,15579.0,780.58
2024-10-07 04:00:00,774.71,794.73,772.01,793.63,590909.0,18634.0,789.82
2024-10-08 04:00:00,793.36,797.92,785.45,791.09,441750.0,16077.0,790.4
2024-10-09 04:00:00,792.8,805.31,788.85,804.75,452280.0,17253.0,797.96
2024-10-10 04:00:00,793.45,800.46,789.32,794.18,319230.0,14007.0,795.02
2024-10-11 04:00:00,796.68,813.1,796.68,810.18,484079.0,16507.0,807.8
2024-10-14 04:00:00,810.18,831.51,807.65,829.02,439229.0,19154.0,825.08
2024-10-15 04:00:00,822.87,835.84,822.25,824.7,432713.0,16430.0,828.03
2024-10-16 04:00:00,829.99,852.46,826.89,836.94,345643.0,15532.0,839.51
2024-10-17 04:00:00,840.71,840.84,827.96,831.48,340749.0,12902.0,832.03
2024-10-18 04:00:00,830.4,830.95,819.78,830.23,341329.0,12848.0,827.81
2024-10-21 04:00:00,830.44,833.16,819.41,823.56,323160.0,15984.0,823.54
2024-10-22 04:00:00,820.97,852.05,814.63,838.33,1035430.0,28233.0,842.85
2024-10-23 04:00:00,837.56,838.76,818.63,825.19,657917.0,25789.0,827.31
2024-10-24 04:00:00,826.65,830.95,800.17,816.1,687536.0,25473.0,813.5
2024-10-25 04:00:00,819.77,821.76,800.01,803.75,460369.0,21906.0,807.0
2024-10-28 04:00:00,810.49,822.32,805.44,815.77,462136.0,16502.0,814.78
2024-10-29 04:00:00,812.53,814.97,798.81,803.69,440240.0,18351.0,805.13
2024-10-30 04:00:00,798.87,813.36,797.65,803.37,410616.0,17506.0,804.78
2024-10-31 04:00:00,800.61,808.59,797.18,804.04,398654.0,18271.0,803.16
2024-11-01 04:00:00,811.17,812.64,784.38,784.92,741051.0,24827.0,793.82
2024-11-04 05:00:00,782.07,792.99,771.23,777.52,775304.0,28351.0,778.7
2024-11-05 05:00:00,774.21,790.88,772.31,789.4,611947.0,23144.0,785.47
2024-11-06 05:00:00,852.92,879.05,840.14,870.84,1651914.0,49234.0,862.77
2024-11-07 05:00:00,869.28,869.87,849.44,853.14,554065.0,22824.0,855.85
2024-11-08 05:00:00,853.7,872.75,853.7,865.58,468375.0,23175.0,864.85
2024-11-11 05:00:00,875.47,887.32,862.93,864.47,589416.0,19780.0,871.02
2024-11-12 05:00:00,865.57,868.14,849.46,859.0,385354.0,16262.0,858.4
2024-11-13 05:00:00,857.99,863.46,847.39,851.19,407925.0,16944.0,853.55
2024-11-14 05:00:00,852.65,852.89,832.53,842.04,630083.0,20742.0,841.8
2024-11-15 05:00:00,841.9,846.9,827.68,828.56,603106.0,20851.0,832.22
2024-11-18 05:00:00,827.3,833.73,821.64,825.53,478768.0,16524.0,826.43
2024-11-19 05:00:00,811.19,822.42,811.19,813.85,461669.0,18334.0,816.34
2024-11-20 05:00:00,817.33,819.77,810.51,813.25,402102.0,15358.0,813.96
2024-11-21 05:00:00,816.67,836.02,811.72,833.26,711813.0,24698.0,828.66
2024-11-22 05:00:00,841.48,844.55,832.83,841.76,465633.0,17993.0,839.97
2024-11-25 05:00:00,850.18,865.65,847.53,856.7,869102.0,23088.0,857.39
2024-11-26 05:00:00,852.98,866.21,844.92,865.4,368677.0,16165.0,860.66
2024-11-27 05:00:00,870.61,873.33,848.57,849.36,341033.0,16020.0,853.55
2024-11-29 05:00:00,862.05,867.36,854.33,858.3,201375.0,9251.0,859.06
2024-12-02 05:00:00,856.19,859.45,846.36,849.43,354028.0,15019.0,850.51
2024-12-03 05:00:00,854.13,861.63,843.56,861.29,479654.0,17197.0,854.43
2024-12-04 05:00:00,858.33,864.18,851.22,860.52,454994.0,15777.0,857.43
2024-12-05 05:00:00,858.73,858.73,845.81,847.38,346852.0,14687.0,850.4
2024-12-06 05:00:00,857.27,861.6,843.97,851.28,777507.0,14641.0,851.29
2024-12-09 05:00:00,852.35,854.01,821.24,828.45,462485.0,21375.0,830.71
2024-12-10 05:00:00,790.31,801.43,775.6,788.94,966816.0,33666.0,789.81
2024-12-11 05:00:00,800.81,807.75,786.79,789.88,556502.0,22559.0,791.8
2024-12-12 05:00:00,791.37,794.0,776.63,779.59,412257.0,16695.0,781.09
2024-12-13 05:00:00,779.55,781.05,767.39,771.89,384315.0,17305.0,772.02
2024-12-16 05:00:00,773.14,781.41,757.65,758.1,711033.0,27042.0,763.26
2024-12-17 05:00:00,752.37,755.5,744.98,751.64,480521.0,21602.0,750.15
2024-12-18 05:00:00,753.87,756.28,716.54,717.71,584761.0,23419.0,733.18
2024-12-19 05:00:00,729.03,733.4,703.6,704.62,731117.0,26376.0,708.68
2024-12-20 05:00:00,698.22,725.85,694.25,716.21,1214109.0,26060.0,713.74
2024-12-23 05:00:00,716.07,719.26,706.07,713.2,375357.0,17238.0,711.77
2024-12-24 05:00:00,714.13,720.95,711.37,720.95,137734.0,7191.0,718.18
2024-12-26 05:00:00,716.02,722.56,712.76,719.65,223130.0,10409.0,719.4
2024-12-27 05:00:00,712.18,719.86,703.27,710.17,280452.0,14471.0,709.4
2024-12-30 05:00:00,704.3,704.67,689.98,699.71,490397.0,22243.0,699.64
2024-12-31 05:00:00,700.5,704.92,694.62,698.17,363437.0,13342.0,698.43
2025-01-02 05:00:00,704.37,706.88,680.57,683.69,729161.0,30013.0,687.76
2025-01-03 05:00:00,687.73,690.36,680.89,689.12,528696.0,21996.0,686.97
2025-01-06 05:00:00,694.78,698.73,676.93,677.91,731420.0,26636.0,682.07
2025-01-07 05:00:00,679.9,683.7,671.3,679.31,666966.0,22250.0,678.34
2025-01-08 05:00:00,674.94,675.61,662.32,664.04,697636.0,23087.0,665.58
2025-01-10 05:00:00,648.22,672.57,648.22,664.97,697880.0,28102.0,664.46
2025-01-13 05:00:00,661.07,683.02,660.24,683.02,754984.0,24265.0,674.88
2025-01-14 05:00:00,720.53,724.42,704.27,723.37,942319.0,35530.0,717.65
2025-01-15 05:00:00,744.09,748.16,727.97,734.89,934418.0,29158.0,734.43
2025-01-16 05:00:00,734.5,752.13,731.43,750.68,796568.0,28305.0,747.28
2025-01-17 05:00:00,757.0,772.49,755.73,764.14,897163.0,32407.0,763.75
2025-01-21 05:00:00,773.06,782.97,772.28,781.98,851225.0,26900.0,780.22
2025-01-22 05:00:00,782.97,783.02,771.08,775.57,591131.0,21753.0,776.35
2025-01-23 05:00:00,779.66,788.22,772.88,781.55,574228.0,19319.0,780.99
2025-01-24 05:00:00,778.81,783.71,776.22,782.54,339339.0,14546.0,780.43
2025-01-27 05:00:00,768.45,770.37,756.33,763.06,811339.0,28736.0,762.38
2025-01-28 05:00:00,766.99,766.99,754.88,760.13,441802.0,20692.0,760.3
2025-01-29 05:00:00,751.59,764.0,748.43,751.64,565013.0,24050.0,753.8
2025-01-30 05:00:00,759.19,775.98,740.47,767.19,1100893.0,34092.0,764.58
2025-01-31 05:00:00,774.66,774.66,742.54,751.32,951596.0,27639.0,751.86
2025-02-03 05:00:00,732.32,746.57,729.25,731.64,654162.0,27341.0,735.22
2025-02-04 05:00:00,747.04,753.6,737.6,746.79,536532.0,19573.0,747.57
2025-02-05 05:00:00,751.26,751.26,727.03,731.61,1033335.0,27851.0,730.88
2025-02-06 05:00:00,736.74,751.98,734.42,742.77,395874.0,19210.0,744.01
2025-02-07 05:00:00,744.17,748.57,732.89,734.11,325547.0,15028.0,737.76
2025-02-10 05:00:00,742.53,746.97,736.74,740.65,345799.0,13364.0,740.63
2025-02-11 05:00:00,737.38,750.03,737.38,746.29,306524.0,13474.0,745.96
2025-02-12 05:00:00,734.96,738.11,715.67,729.73,479640.0,21046.0,727.26
2025-02-13 05:00:00,730.04,744.38,721.49,724.64,495396.0,20604.0,730.01
2025-02-14 05:00:00,726.89,739.33,726.89,736.46,415974.0,14380.0,734.74
2025-02-18 05:00:00,722.29,724.27,704.75,715.68,899917.0,30213.0,713.93
2025-02-19 05:00:00,704.66,709.66,695.26,704.71,637303.0,25542.0,702.4
2025-02-20 05:00:00,703.83,705.69,686.64,690.27,508417.0,21150.0,691.09
2025-02-21 05:00:00,691.69,693.13,646.09,653.03,1067560.0,36289.0,660.7
2025-02-24 05:00:00,655.97,656.89,624.74,627.9,1286641.0,40380.0,632.53
2025-02-25 05:00:00,628.9,640.23,614.62,634.48,1130160.0,34214.0,631.33
2025-02-26 05:00:00,643.09,650.46,635.35,638.8,609195.0,23261.0,642.49
2025-02-27 05:00:00,638.01,651.66,628.63,629.07,479726.0,19325.0,635.18
2025-02-28 05:00:00,631.38,639.55,623.69,638.16,694835.0,20353.0,635.6
2025-03-03 05:00:00,642.81,646.35,612.26,613.52,697054.0,26525.0,623.58
2025-03-04 05:00:00,596.48,607.95,581.48,594.04,1089629.0,33200.0,595.02
2025-03-05 05:00:00,596.86,632.07,596.25,629.78,1201111.0,36914.0,618.88
2025-03-06 05:00:00,620.88,631.23,609.46,621.82,1126232.0,33580.0,622.68
2025-03-07 05:00:00,619.56,626.79,608.14,624.69,1000667.0,29483.0,620.73
2025-03-10 04:00:00,611.76,616.49,590.17,595.86,929754.0,35791.0,598.3
2025-03-11 04:00:00,593.66,605.04,593.66,596.87,684071.0,22602.0,598.26
2025-03-12 04:00:00,606.13,613.16,593.88,605.4,657989.0,24860.0,604.98
2025-03-13 04:00:00,605.32,611.6,585.02,590.32,689913.0,23476.0,592.68
2025-03-14 04:00:00,603.17,621.57,599.68,618.88,823623.0,26348.0,615.23
2025-03-17 04:00:00,612.97,623.64,611.64,616.69,568093.0,19675.0,618.4
2025-03-18 04:00:00,612.93,614.06,600.36,605.11,452403.0,17118.0,605.58
2025-03-19 04:00:00,605.06,627.96,605.06,622.88,524541.0,19512.0,620.4
2025-03-20 04:00:00,615.71,632.84,612.9,626.6,555294.0,19616.0,627.7
2025-03-21 04:00:00,617.29,626.39,607.4,624.09,766944.0,19247.0,622.01
2025-03-24 04:00:00,636.71,647.77,635.67,642.89,614890.0,22467.0,641.74
2025-03-25 04:00:00,648.95,653.04,641.86,649.16,693848.0,21099.0,649.0
2025-03-26 04:00:00,649.38,655.46,631.69,637.44,458757.0,18676.0,640.45
2025-03-27 04:00:00,633.69,647.96,624.71,641.73,427692.0,17327.0,641.33
2025-03-28 04:00:00,637.12,638.81,616.37,623.58,401070.0,18145.0,623.46
2025-03-31 04:00:00,610.17,624.66,593.55,622.64,781750.0,23699.0,616.26
2025-04-01 04:00:00,616.61,628.75,608.89,627.89,559770.0,19397.0,623.98
2025-04-02 04:00:00,614.69,643.38,612.48,641.98,512229.0,22366.0,633.89
2025-04-03 04:00:00,600.25,606.05,584.09,587.34,760673.0,30949.0,592.8
2025-04-04 04:00:00,568.79,579.52,540.79,560.91,1180823.0,44722.0,561.23
2025-04-07 04:00:00,538.81,582.3,522.51,557.16,1182817.0,39852.0,552.75
2025-04-08 04:00:00,579.42,593.81,537.81,548.36,903376.0,27591.0,562.66
2025-04-09 04:00:00,533.82,613.01,529.99,607.16,2342046.0,57078.0,583.08
2025-04-10 04:00:00,592.65,595.24,555.95,576.18,1104431.0,36783.0,575.33
2025-04-11 04:00:00,571.19,584.66,561.94,579.12,769171.0,24433.0,576.23
2025-04-14 04:00:00,591.11,597.07,574.57,592.96,998926.0,29109.0,586.39
2025-04-15 04:00:00,592.96,603.77,591.14,593.31,530785.0,19913.0,595.44
2025-04-16 04:00:00,590.06,595.58,571.78,581.44,592152.0,20167.0,582.54
2025-04-17 04:00:00,583.08,593.9,581.46,587.67,367761.0,16468.0,587.41
2025-04-21 04:00:00,579.85,584.53,558.36,566.9,489974.0,19020.0,566.38
2025-04-22 04:00:00,571.78,575.66,553.44,571.04,825178.0,29688.0,567.57
2025-04-23 04:00:00,597.47,610.92,584.54,585.39,885070.0,29099.0,593.29
2025-04-24 04:00:00,609.98,652.74,601.51,643.16,1534828.0,47727.0,637.89
2025-04-25 04:00:00,636.91,644.69,623.0,629.49,812428.0,28306.0,630.37
2025-04-28 04:00:00,629.63,639.97,618.69,625.1,575478.0,21882.0,624.88
2025-04-29 04:00:00,623.93,627.99,617.61,626.1,479945.0,21413.0,624.41
2025-04-30 04:00:00,615.57,629.98,607.96,627.36,570617.0,21028.0,623.12
2025-05-01 04:00:00,628.15,651.24,628.15,636.45,690157.0,26154.0,640.48
2025-05-02 04:00:00,647.62,667.19,644.62,661.09,884238.0,35190.0,660.08
2025-05-05 04:00:00,651.87,667.9,651.87,653.47,721184.0,23707.0,657.6
2025-05-06 04:00:00,644.15,652.7,641.0,647.43,593032.0,19315.0,647.65
2025-05-07 04:00:00,650.51,655.45,642.86,647.53,505369.0,19164.0,648.3
2025-05-08 04:00:00,661.65,672.55,652.69,665.66,671258.0,26806.0,666.01
2025-05-09 04:00:00,663.38,672.1,662.63,668.04,599003.0,22095.0,666.78
2025-05-12 04:00:00,705.84,718.35,693.8,707.22,1002696.0,36697.0,706.8
2025-05-13 04:00:00,712.51,727.26,710.7,717.27,698167.0,26080.0,720.19
2025-05-14 04:00:00,717.29,720.12,705.98,710.51,444664.0,16848.0,711.42
2025-05-15 04:00:00,706.39,714.41,701.51,710.48,608628.0,21386.0,709.79
2025-05-16 04:00:00,714.87,726.43,709.41,722.78,477799.0,20695.0,720.1
2025-05-19 04:00:00,706.63,723.36,704.69,721.09,381478.0,17413.0,719.15
2025-05-20 04:00:00,715.24,721.02,709.31,712.62,335910.0,17122.0,713.45
2025-05-21 04:00:00,703.26,710.56,691.53,693.03,488280.0,21870.0,698.82
2025-05-22 04:00:00,699.05,704.17,691.35,700.85,424110.0,19737.0,699.31
2025-05-23 04:00:00,684.77,701.98,684.77,697.31,333195.0,16946.0,695.98
2025-05-27 04:00:00,710.99,717.13,702.0,714.7,403712.0,19779.0,713.77
2025-05-28 04:00:00,717.33,719.95,707.7,709.3,273962.0,15958.0,711.17
2025-05-29 04:00:00,716.35,716.61,705.76,712.13,355347.0,18294.0,711.17
2025-05-30 04:00:00,701.82,711.6,697.65,705.56,729812.0,19665.0,705.98
2025-06-02 04:00:00,706.57,706.61,679.26,688.39,571255.0,24776.0,686.42
2025-06-03 04:00:00,697.74,701.5,690.68,700.09,333987.0,17732.0,699.24
2025-06-04 04:00:00,703.55,705.8,693.79,693.79,266838.0,15327.0,696.53
2025-06-05 04:00:00,693.81,701.56,689.24,696.39,255579.0,16310.0,696.72
2025-06-06 04:00:00,706.86,709.52,700.69,703.83,302172.0,14919.0,704.01
2025-06-09 04:00:00,709.58,710.91,703.75,704.39,262721.0,15900.0,706.07
2025-06-10 04:00:00,705.8,713.2,699.6,712.89,441589.0,18929.0,709.15
2025-06-11 04:00:00,715.09,720.37,710.78,717.08,529197.0,23402.0,716.74
2025-06-12 04:00:00,707.37,714.78,701.7,714.06,376601.0,16366.0,712.03
2025-06-13 04:00:00,697.21,703.04,688.96,692.07,468484.0,20692.0,694.78
2025-06-16 04:00:00,699.9,704.21,679.35,685.63,625511.0,26539.0,690.09
2025-06-17 04:00:00,682.31,709.91,682.31,692.22,627198.0,26970.0,696.89
2025-06-18 04:00:00,692.64,706.1,689.94,695.88,373042.0,16931.0,698.87
2025-06-20 04:00:00,701.48,709.19,698.79,702.59,714664.0,18596.0,702.55
2025-06-23 04:00:00,698.98,713.87,691.01,713.71,334287.0,17530.0,708.63
2025-06-24 04:00:00,722.11,740.79,716.03,737.82,680014.0,25464.0,731.27
2025-06-25 04:00:00,740.69,745.09,732.95,733.24,504038.0,23290.0,736.51
2025-06-26 04:00:00,737.05,741.3,725.16,739.11,519409.0,21109.0,736.59
2025-06-27 04:00:00,746.71,755.31,742.04,749.62,924469.0,19993.0,749.63
2025-06-30 04:00:00,753.3,753.98,747.31,750.4,406365.0,18676.0,750.79
2025-07-01 04:00:00,749.98,778.86,742.07,771.05,628542.0,26680.0,769.9
2025-07-02 04:00:00,773.23,784.86,769.95,784.65,661446.0,22393.0,781.72
2025-07-03 04:00:00,784.86,791.36,783.56,789.34,342929.0,15873.0,788.35
2025-07-07 04:00:00,784.93,790.59,774.13,780.81,602668.0,24097.0,780.98
2025-07-08 04:00:00,781.68,800.31,780.21,788.32,598390.0,26538.0,791.56
2025-07-09 04:00:00,796.81,803.23,788.7,800.78,378856.0,20096.0,798.56
2025-07-10 04:00:00,804.78,823.16,803.28,816.47,581578.0,23924.0,816.87
2025-07-11 04:00:00,808.41,814.15,804.93,811.03,603988.0,27343.0,809.99
2025-07-14 04:00:00,806.54,812.03,799.24,805.45,556257.0,19010.0,805.2
2025-07-15 04:00:00,809.33,811.75,794.99,794.99,776660.0,22716.0,801.39
2025-07-16 04:00:00,796.81,800.26,775.19,795.29,549034.0,21745.0,792.94
2025-07-17 04:00:00,797.81,815.46,795.77,813.55,805045.0,25511.0,811.56
2025-07-18 04:00:00,816.97,818.63,801.38,804.83,390188.0,18538.0,806.44
2025-07-21 04:00:00,812.65,812.65,774.88,774.92,721611.0,32243.0,783.26
2025-07-22 04:00:00,776.83,792.37,774.35,787.89,839118.0,25579.0,782.77
2025-07-23 04:00:00,796.33,805.03,793.13,800.05,726351.0,27364.0,798.87
2025-07-24 04:00:00,825.91,872.02,812.87,871.76,1594541.0,55485.0,862.56
2025-07-25 04:00:00,869.87,886.45,859.52,886.45,872828.0,30348.0,880.12
2025-07-28 04:00:00,886.45,900.0,882.36,895.87,806601.0,26222.0,893.08
2025-07-29 04:00:00,899.4,899.83,875.69,878.72,751822.0,25288.0,883.31
2025-07-30 04:00:00,881.47,886.29,870.32,876.91,533352.0,20273.0,877.99
2025-07-31 04:00:00,869.18,883.08,868.87,879.42,450892.0,18637.0,878.45
2025-08-01 04:00:00,857.45,859.28,838.82,856.19,655439.0,29249.0,852.55
2025-08-04 04:00:00,858.6,867.48,850.15,865.11,456963.0,19679.0,864.06
2025-08-05 04:00:00,867.73,876.08,850.4,863.62,371541.0,15381.0,862.96
2025-08-06 04:00:00,865.82,866.02,850.59,857.83,436014.0,18219.0,859.07
2025-08-07 04:00:00,868.91,868.91,845.37,851.2,431812.0,18045.0,851.78
2025-08-08 04:00:00,855.76,859.18,849.72,855.54,273089.0,14202.0,855.04
2025-08-11 04:00:00,856.71,866.91,849.4,866.23,437006.0,18432.0,859.77
2025-08-12 04:00:00,871.76,915.06,870.54,913.29,695920.0,29189.0,905.92
2025-08-13 04:00:00,914.1,931.38,910.27,930.3,437393.0,21489.0,922.39
2025-08-14 04:00:00,919.71,927.78,905.11,919.54,637746.0,22042.0,918.65
2025-08-15 04:00:00,924.85,926.86,906.99,906.99,372732.0,18067.0,912.31
2025-08-18 04:00:00,908.12,914.1,905.11,912.14,309509.0,14702.0,911.56
2025-08-19 04:00:00,913.25,923.88,908.77,913.74,306045.0,14293.0,914.77
2025-08-20 04:00:00,908.11,913.6,884.83,900.0,466705.0,20241.0,897.49
2025-08-21 04:00:00,899.13,899.13,886.19,888.27,365840.0,19345.0,889.98
2025-08-22 04:00:00,894.86,935.5,888.93,928.02,767826.0,34103.0,922.68
2025-08-25 04:00:00,928.02,944.04,925.55,937.54,684712.0,28666.0,938.51
2025-08-26 04:00:00,934.18,945.0,929.71,941.74,799530.0,24639.0,941.12
2025-08-27 04:00:00,937.18,949.56,936.05,947.37,276859.0,17330.0,945.79
2025-08-28 04:00:00,950.99,958.01,945.24,953.26,527749.0,22907.0,953.74
2025-08-29 04:00:00,959.17,959.17,945.76,954.36,508043.0,23190.0,953.18
2025-09-02 04:00:00,941.41,957.06,933.08,956.78,468623.0,29997.0,951.96
2025-09-03 04:00:00,957.01,963.0,939.84,943.3,523614.0,25621.0,947.42
2025-09-04 04:00:00,946.95,964.64,945.9,962.66,405033.0,17416.0,957.29
2025-09-05 04:00:00,963.81,978.5,953.4,973.21,440063.0,20127.0,969.19
2025-09-08 04:00:00,971.39,972.43,957.07,968.22,585158.0,22060.0,964.24
2025-09-09 04:00:00,963.0,963.42,932.9,943.37,424663.0,21802.0,943.63
2025-09-10 04:00:00,946.61,956.03,938.99,942.85,540408.0,20495.0,946.99
2025-09-11 04:00:00,945.41,968.56,945.41,957.6,449959.0,20890.0,958.22
2025-09-12 04:00:00,952.73,955.3,934.46,936.05,534964.0,19678.0,940.94
2025-09-15 04:00:00,938.42,955.76,936.2,945.93,532998.0,22160.0,945.73
2025-09-16 04:00:00,958.67,961.84,939.05,956.66,447425.0,18576.0,949.9
2025-09-17 04:00:00,959.22,965.39,923.73,929.08,760270.0,28115.0,938.43
2025-09-18 04:00:00,939.0,954.1,934.06,940.83,634211.0,26281.0,944.35
2025-09-19 04:00:00,945.22,945.22,933.22,939.57,1035015.0,23319.0,939.59
2025-09-22 04:00:00,942.14,946.12,932.88,941.46,509338.0,20558.0,941.12
2025-09-23 04:00:00,954.03,970.1,948.04,953.24,592080.0,24797.0,958.07
2025-09-24 04:00:00,955.01,958.08,932.86,933.84,386690.0,18206.0,939.81
2025-09-25 04:00:00,917.34,930.47,911.69,929.32,392193.0,18923.0,925.78
2025-09-26 04:00:00,929.53,948.51,929.16,945.3,378312.0,17913.0,944.15
2025-09-29 04:00:00,954.75,954.75,934.04,941.93,381052.0,18036.0,941.15
2025-09-30 04:00:00,940.37,955.37,939.13,952.68,417930.0,17065.0,950.67
2025-10-01 04:00:00,964.99,968.13,957.14,960.92,395875.0,20481.0,962.21
2025-10-02 04:00:00,957.26,976.43,952.58,976.19,385067.0,19357.0,969.18
2025-10-03 04:00:00,977.47,995.43,977.47,978.76,334680.0,17764.0,984.42
2025-10-06 04:00:00,977.75,986.95,967.28,985.29,308696.0,17081.0,981.48
2025-10-07 04:00:00,986.62,1001.49,981.73,986.54,417626.0,21845.0,990.05
2025-10-08 04:00:00,989.42,1002.83,983.22,992.31,378942.0,18646.0,992.87
2025-10-09 04:00:00,993.09,996.09,974.07,978.4,314380.0,15914.0,979.48
2025-10-10 04:00:00,983.99,986.95,947.94,948.06,461498.0,21221.0,964.37
2025-10-13 04:00:00,958.11,977.33,958.11,972.52,286248.0,15230.0,970.69
2025-10-14 04:00:00,958.88,1005.88,953.44,998.42,306093.0,16801.0,994.84
2025-10-15 04:00:00,1002.69,1019.24,997.05,1017.88,447874.0,18206.0,1011.21
2025-10-16 04:00:00,1017.88,1019.35,999.96,1003.56,572621.0,20876.0,1005.46
2025-10-17 04:00:00,996.8,1005.28,972.98,978.34,512421.0,22689.0,982.78
2025-10-20 04:00:00,984.17,1002.2,979.16,998.21,289111.0,14424.0,995.4
2025-10-21 04:00:00,993.15,1013.57,989.43,1000.21,328857.0,17863.0,1003.01
2025-10-22 04:00:00,1000.92,1006.14,984.68,989.44,563922.0,27707.0,992.97
2025-10-23 04:00:00,948.04,989.02,905.73,912.4,1264465.0,51969.0,929.73
2025-10-24 04:00:00,922.84,931.06,910.65,911.43,770672.0,30044.0,919.2
2025-10-27 04:00:00,916.68,918.51,884.04,898.47,797045.0,32948.0,896.58
2025-10-28 04:00:00,899.53,900.24,873.16,873.85,873105.0,34152.0,882.11
2025-10-29 04:00:00,880.41,894.6,865.24,868.97,656133.0,27258.0,876.72
2025-10-30 04:00:00,865.93,881.2,856.71,857.13,503791.0,25184.0,863.98
2025-10-31 04:00:00,856.04,881.64,848.24,869.37,697612.0,28998.0,870.17
2025-11-03 05:00:00,864.2,866.42,853.23,855.63,567405.0,26407.0,857.28
2025-11-04 05:00:00,848.24,857.7,843.91,850.99,468172.0,26435.0,851.6
2025-11-05 05:00:00,848.61,854.0,838.9,842.76,495000.0,26689.0,846.23
2025-11-06 05:00:00,843.0,849.78,832.03,843.29,758436.0,29231.0,840.26
2025-11-07 05:00:00,834.64,849.88,831.72,846.49,376832.0,19984.0,842.09
2025-11-10 05:00:00,854.0,861.19,842.08,852.76,429907.0,20365.0,852.43
2025-11-11 05:00:00,850.75,861.85,845.77,853.24,310068.0,17439.0,854.87
2025-11-12 05:00:00,853.22,866.86,853.02,860.71,440612.0,20634.0,861.124454
2025-11-13 05:00:00,858.97,865.995,841.86,843.26,483412.0,27935.0,848.776752
2025-11-14 05:00:00,842.5,845.0,829.0101,834.03,396871.0,23673.0,835.185037
2025-11-17 05:00:00,834.03,836.5,798.67,806.61,793803.0,31331.0,809.088792
2025-11-18 05:00:00,806.04,813.105,798.9,800.5,780995.0,29760.0,803.348842
2025-11-19 05:00:00,800.08,809.469,791.45,792.27,619502.0,26584.0,795.779937
2025-11-20 05:00:00,806.6,813.92,769.88,770.0,893388.0,36802.0,781.428494
2025-11-21 05:00:00,776.48,815.94,772.57,800.0,1320578.0,41769.0,796.967419
2025-11-24 05:00:00,801.1,817.8499,798.1,811.0,951949.0,29557.0,812.003817
2025-11-25 05:00:00,813.86,821.635,805.7794,810.0,1100126.0,31778.0,812.379442
2025-11-26 05:00:00,814.42,819.17,806.59,814.97,787030.0,26208.0,815.015691
2025-11-28 05:00:00,820.05,823.01,814.19,815.18,262211.0,12135.0,817.312669
2025-12-01 05:00:00,809.31,815.67,802.3,805.24,608297.0,27675.0,807.202313
2025-12-02 05:00:00,810.66,812.255,798.88,800.83,512151.0,24733.0,802.875111
2025-12-03 05:00:00,800.6,816.12,797.0,813.66,791987.0,28385.0,811.281205
2025-12-04 05:00:00,817.93,824.21,802.61,807.74,861725.0,30006.0,808.04941
2025-12-05 05:00:00,810.0,813.91,794.52,796.91,697537.0,26575.0,802.47745
2025-12-08 05:00:00,794.72,805.83,782.49,785.04,1075660.0,34734.0,789.641272
2025-12-09 05:00:00,784.02,810.56,784.02,789.9,928631.0,30329.0,795.862092
2025-12-10 05:00:00,789.0,816.42,786.645,813.59,839187.0,31087.0,805.441673
2025-12-11 05:00:00,815.62,837.17,810.68,833.85,756265.0,28205.0,828.730305
2025-12-12 05:00:00,838.13,852.145,816.05,818.31,708439.0,33357.0,826.79903
2025-12-15 05:00:00,820.2,820.2,800.29,810.44,559496.0,25338.0,809.02647
2025-12-16 05:00:00,809.44,829.655,801.62,818.68,655524.0,26344.0,818.988829
2025-12-17 05:00:00,822.38,824.99,784.27,792.54,839428.0,34680.0,797.540933
2025-12-18 05:00:00,806.51,828.26,795.92,800.53,774040.0,30074.0,806.582402
2025-12-19 05:00:00,795.77,812.71,792.81,812.42,1223384.0,26765.0,807.693623
2025-12-22 05:00:00,815.06,821.58,807.29,816.73,487181.0,21843.0,816.06466
2025-12-23 05:00:00,816.69,821.3,810.11,817.85,313496.0,16051.0,817.395165
2025-12-24 05:00:00,817.41,828.0,817.41,824.77,189896.0,10501.0,824.606048
2025-12-26 05:00:00,823.14,828.01,819.89,827.94,195734.0,12608.0,825.749142
2025-12-29 05:00:00,825.54,829.909,815.92,819.51,300707.0,16612.0,819.812857
2025-12-30 05:00:00,817.57,824.375,813.53,817.25,226631.0,14814.0,818.799767
2025-12-31 05:00:00,819.9,819.9,808.77,809.32,315593.0,16439.0,811.903256
2026-01-02 05:00:00,810.59,847.15,810.59,845.06,536573.0,26180.0,838.146723
2026-01-05 05:00:00,860.0,906.02,858.5,887.01,1144938.0,51636.0,893.200396
2026-01-06 05:00:00,888.39,896.01,872.48,892.1,777039.0,31458.0,889.561592
2026-01-07 05:00:00,896.22,896.22,872.12,880.88,543573.0,28231.0,883.691022
2026-01-08 05:00:00,877.39,925.65,877.39,917.86,821828.0,38552.0,916.370211
2026-01-09 05:00:00,934.23,949.04,928.0,938.79,753314.0,34802.0,941.114193
2026-01-12 05:00:00,935.0,952.9,933.86,948.49,579844.0,26255.0,946.827555
