timestamp,open,high,low,close,volume,trade_count,vwap
2020-01-02 05:00:00,21.14,21.14,20.82,20.82,41913.0,288.0,20.924667
2020-01-03 05:00:00,21.41,21.41,21.0,21.19,60235.0,266.0,21.134132
2020-01-06 05:00:00,21.41,21.41,21.065,21.1,33268.0,179.0,21.210765
2020-01-07 05:00:00,21.17,21.2,20.95,21.04,25470.0,146.0,21.003875
2020-01-08 05:00:00,21.1,21.1,20.64,20.85,55611.0,286.0,20.799173
2020-01-09 05:00:00,20.66,20.6996,20.45,20.51,45515.0,232.0,20.570573
2020-01-10 05:00:00,20.53,20.54,20.28,20.38,106127.0,500.0,20.402313
2020-01-13 05:00:00,20.33,20.33,20.2,20.23,16724.0,117.0,20.262074
2020-01-14 05:00:00,20.25,20.289,20.07,20.19,35021.0,177.0,20.158712
2020-01-15 05:00:00,20.14,20.14,19.93,20.11,16641.0,124.0,20.048174
2020-01-16 05:00:00,19.94,19.94,19.75,19.78,39480.0,289.0,19.845115
2020-01-17 05:00:00,19.83,19.9,19.7466,19.83,27256.0,155.0,19.845115
2020-01-21 05:00:00,20.02,20.02,19.78,19.83,68400.0,331.0,19.903319
2020-01-22 05:00:00,19.76,19.92,19.68,19.9,32623.0,217.0,19.758649
2020-01-23 05:00:00,20.19,20.36,19.9508,19.98,54053.0,308.0,20.072819
2020-01-24 05:00:00,19.9481,20.47,19.9481,20.25,212241.0,599.0,20.239237
2020-01-27 05:00:00,20.83,21.06,20.704,20.97,279376.0,933.0,20.900573
2020-01-28 05:00:00,20.93,20.93,20.51,20.5362,41063.0,220.0,20.68353
2020-01-29 05:00:00,20.25,20.7,20.25,20.63,77928.0,243.0,20.557546
2020-01-30 05:00:00,20.96,21.02,20.42,20.44,43491.0,270.0,20.851316
2020-01-31 05:00:00,20.48,21.28,20.48,21.15,92005.0,350.0,21.072792
2020-02-03 05:00:00,20.99,21.07,20.7305,20.88,41782.0,241.0,20.873028
2020-02-04 05:00:00,20.29,20.42,20.0401,20.16,213288.0,361.0,20.270259
2020-02-05 05:00:00,19.9,20.11,19.82,19.93,27745.0,131.0,19.972618
2020-02-06 05:00:00,19.92,20.1194,19.85,19.88,9129.0,86.0,19.96486
2020-02-07 05:00:00,20.06,20.32,20.01,20.09,11872.0,114.0,20.154016
2020-02-10 05:00:00,19.94,20.05,19.94,20.05,2306.0,45.0,20.028339
2020-02-11 05:00:00,19.9,20.04,19.83,20.0,18227.0,105.0,19.931495
2020-02-12 05:00:00,19.9,19.9566,19.75,19.78,17628.0,122.0,19.874897
2020-02-13 05:00:00,20.04,20.1,19.82,19.93,57482.0,306.0,19.927843
2020-02-14 05:00:00,19.9,20.08,19.87,19.9,6226.0,70.0,19.95783
2020-02-18 05:00:00,19.92,20.24,19.9114,20.15,15401.0,95.0,20.099918
2020-02-19 05:00:00,20.0,20.1439,20.0,20.095,65765.0,190.0,20.082827
2020-02-20 05:00:00,20.09,20.4735,20.09,20.24,20531.0,165.0,20.235156
2020-02-21 05:00:00,20.38,20.77,20.38,20.55,41621.0,206.0,20.621525
2020-02-24 05:00:00,21.74,21.94,21.25,21.6,320624.0,841.0,21.453661
2020-02-25 05:00:00,21.5,22.7,21.45,22.45,361448.0,638.0,22.094115
2020-02-26 05:00:00,22.18,22.67,21.87,22.35,99887.0,509.0,22.134213
2020-02-27 05:00:00,23.39,23.93,22.8654,23.57,283397.0,851.0,23.518647
2020-02-28 05:00:00,24.74,25.0,23.53,23.6,368355.0,1639.0,24.406515
2020-03-02 05:00:00,23.17,23.8707,22.94,23.27,213371.0,530.0,23.174502
2020-03-03 05:00:00,23.07,24.63,22.82,24.39,103062.0,586.0,23.875741
2020-03-04 05:00:00,24.11,24.29,23.84,24.07,38891.0,253.0,24.044467
2020-03-05 05:00:00,25.24,26.5,25.05,26.01,192823.0,860.0,25.934797
2020-03-06 05:00:00,28.26,29.25,27.46,27.81,346109.0,1647.0,28.248194
2020-03-09 04:00:00,32.59,33.0,30.01,31.32,276812.0,1492.0,31.037391
2020-03-10 04:00:00,28.88,31.51,28.82,30.11,146955.0,1104.0,30.34162
2020-03-11 04:00:00,31.38,32.5199,31.25,31.99,99597.0,652.0,31.929361
2020-03-12 04:00:00,34.58,35.59,33.33,34.79,245342.0,1867.0,34.24625
2020-03-13 04:00:00,32.24,35.5416,32.24,33.16,209770.0,1209.0,33.857784
2020-03-16 04:00:00,41.25,41.25,35.87,39.2,148568.0,1438.0,37.924809
2020-03-17 04:00:00,38.72,39.95,37.2621,39.61,228699.0,1845.0,38.439049
2020-03-18 04:00:00,43.34,49.22,41.58,46.58,411465.0,3423.0,45.456456
2020-03-19 04:00:00,48.0,50.9,43.1016,44.15,219790.0,1702.0,48.202325
2020-03-20 04:00:00,42.88,45.04,40.65,44.47,318499.0,3164.0,42.922463
2020-03-23 04:00:00,42.74,43.29,39.0,39.74,310912.0,2434.0,41.475087
2020-03-24 04:00:00,34.27,35.36,32.79,34.16,265485.0,2368.0,34.003847
2020-03-25 04:00:00,35.32,40.78,35.32,40.0617,159481.0,1437.0,37.537334
2020-03-26 04:00:00,38.99,38.99,36.88,36.88,168111.0,1236.0,37.900697
2020-03-27 04:00:00,38.88,40.0,38.47,39.22,44354.0,597.0,39.275001
2020-03-30 04:00:00,38.65,39.17,38.14,38.21,73378.0,794.0,38.47584
2020-03-31 04:00:00,38.68,38.99,37.72,38.4215,77294.0,783.0,38.16937
2020-04-01 04:00:00,40.5,41.97,39.1425,41.69,227189.0,842.0,41.19633
2020-04-02 04:00:00,41.22,41.44,40.33,41.32,57158.0,531.0,40.764923
2020-04-03 04:00:00,40.94,41.61,40.43,40.62,53717.0,441.0,40.997318
2020-04-06 04:00:00,38.73,39.3,38.5301,38.6,80487.0,714.0,38.910995
2020-04-07 04:00:00,38.12,39.621,38.01,39.57,99153.0,694.0,38.712745
2020-04-08 04:00:00,39.71,39.9999,38.96,39.29,42573.0,376.0,39.443945
2020-04-09 04:00:00,39.13,39.42,38.6392,38.86,94655.0,462.0,38.94485
2020-04-13 04:00:00,38.5,38.94,38.1389,38.37,24735.0,297.0,38.488551
2020-04-14 04:00:00,37.57,37.85,37.28,37.62,29960.0,268.0,37.499393
2020-04-15 04:00:00,38.64,39.37,38.1471,39.35,172206.0,385.0,38.952032
2020-04-16 04:00:00,38.83,40.1,38.83,39.71,26548.0,262.0,39.615383
2020-04-17 04:00:00,38.79,39.719,38.59,39.03,24375.0,229.0,39.275444
2020-04-20 04:00:00,39.88,40.96,39.46,40.93,36873.0,389.0,40.015874
2020-04-21 04:00:00,42.25,44.2,42.25,42.57,243463.0,1013.0,43.189249
2020-04-22 04:00:00,42.19,42.47,41.671,42.25,36656.0,364.0,42.002983
2020-04-23 04:00:00,42.16,42.599,41.6374,42.24,31948.0,168.0,42.346808
2020-04-24 04:00:00,41.62,42.06,40.76,40.85,27175.0,263.0,41.520107
2020-04-27 04:00:00,40.38,40.38,39.1,39.31,142367.0,684.0,39.556442
2020-04-28 04:00:00,38.52,39.79,38.46,39.7,59531.0,426.0,39.208181
2020-04-29 04:00:00,38.15,38.8,38.08,38.56,246508.0,444.0,38.182568
2020-04-30 04:00:00,38.82,39.8614,38.77,38.96,106329.0,671.0,39.317807
2020-05-01 04:00:00,40.49,41.93,40.0,41.79,74020.0,641.0,40.977781
2020-05-04 04:00:00,42.44,42.73,41.55,41.68,41951.0,416.0,42.149967
2020-05-05 04:00:00,40.84,40.9099,40.1,40.68,27647.0,250.0,40.671365
2020-05-06 04:00:00,40.18,40.99,40.03,40.99,12454.0,151.0,40.477735
2020-05-07 04:00:00,40.2,40.3,39.68,40.05,25732.0,208.0,40.017627
2020-05-08 04:00:00,39.39,39.54,38.75,38.78,20516.0,206.0,39.14056
2020-05-11 04:00:00,39.23,39.23,37.64,37.64,43963.0,462.0,38.15946
2020-05-12 04:00:00,37.2,39.82,36.94,39.76,94878.0,342.0,38.587832
2020-05-13 04:00:00,40.08,42.43,39.92,41.55,43582.0,572.0,41.29157
2020-05-14 04:00:00,42.87,43.76,40.91,40.96,57852.0,720.0,42.232994
2020-05-15 04:00:00,41.96,42.23,40.95,40.95,16830.0,260.0,41.686927
2020-05-18 04:00:00,39.18,39.63,39.01,39.25,52291.0,456.0,39.382107
2020-05-19 04:00:00,39.08,40.14,38.87,40.13,29029.0,423.0,39.379519
2020-05-20 04:00:00,39.08,39.51,38.97,39.36,22532.0,236.0,39.133617
2020-05-21 04:00:00,39.58,40.2,39.44,40.0,12404.0,206.0,39.895628
2020-05-22 04:00:00,40.07,40.33,39.88,39.99,27092.0,244.0,40.099462
2020-05-26 04:00:00,38.89,39.63,38.58,39.57,15126.0,203.0,38.908731
2020-05-27 04:00:00,38.83,40.25,38.83,39.06,33919.0,223.0,39.498281
2020-05-28 04:00:00,39.09,40.04,39.0418,39.85,86710.0,617.0,39.50607
2020-05-29 04:00:00,40.75,40.75,39.44,39.56,18836.0,207.0,39.934309
2020-06-01 04:00:00,39.82,40.52,39.3888,39.6,24601.0,230.0,39.626879
2020-06-02 04:00:00,39.41,39.785,39.22,39.25,18379.0,169.0,39.414169
2020-06-03 04:00:00,38.65,38.85,38.24,38.33,47410.0,392.0,38.4175
2020-06-04 04:00:00,38.24,38.24,37.5,38.16,25630.0,212.0,38.051702
2020-06-05 04:00:00,36.63,36.9,36.34,36.41,74761.0,617.0,36.648626
2020-06-08 04:00:00,36.2,36.97,36.1766,36.73,326621.0,271.0,36.351743
2020-06-09 04:00:00,37.37,38.01,37.2,38.01,36562.0,294.0,37.621655
2020-06-10 04:00:00,38.73,38.73,37.0,37.59,43140.0,306.0,37.958819
2020-06-11 04:00:00,40.08,43.0,39.23,42.78,139114.0,1426.0,40.983765
2020-06-12 04:00:00,41.88,44.86,41.5,42.2,174457.0,1467.0,43.585326
2020-06-15 04:00:00,43.77,44.53,41.51,41.51,85820.0,705.0,42.769817
2020-06-16 04:00:00,40.17,42.1,39.95,41.35,77877.0,597.0,40.731484
2020-06-17 04:00:00,41.25,41.9291,41.06,41.51,42528.0,577.0,41.533848
2020-06-18 04:00:00,41.6,42.1,41.41,41.41,21671.0,268.0,41.720791
2020-06-19 04:00:00,40.99,42.79,40.83,42.23,40126.0,441.0,42.170283
2020-06-22 04:00:00,41.9,42.27,40.82,41.1909,34279.0,407.0,41.426875
2020-06-23 04:00:00,40.04,40.44,39.86,40.2879,71863.0,504.0,40.134956
2020-06-24 04:00:00,41.01,43.0,40.56,42.35,76774.0,807.0,42.116253
2020-06-25 04:00:00,42.92,43.4,41.25,41.25,33564.0,368.0,42.28729
2020-06-26 04:00:00,41.21,43.37,41.21,43.29,99647.0,597.0,42.810594
2020-06-29 04:00:00,42.92,43.5,41.76,41.86,21372.0,268.0,42.667788
2020-06-30 04:00:00,41.97,42.109,40.0,40.24,27668.0,245.0,40.838557
2020-07-01 04:00:00,39.92,40.1289,39.4501,39.83,79657.0,276.0,39.766061
2020-07-02 04:00:00,38.9,40.03,38.68,39.93,49890.0,348.0,39.21185
2020-07-06 04:00:00,38.69,39.74,38.69,39.54,51550.0,415.0,39.220432
2020-07-07 04:00:00,39.76,40.5,39.35,40.49,36939.0,289.0,39.787574
2020-07-08 04:00:00,40.27,40.78,39.87,39.89,32546.0,346.0,40.320847
2020-07-09 04:00:00,39.92,41.1,39.77,40.34,38270.0,416.0,40.441194
2020-07-10 04:00:00,40.51,40.98,39.93,40.0405,35491.0,439.0,40.292799
2020-07-13 04:00:00,40.0,42.685,39.85,42.6,85642.0,586.0,41.270054
2020-07-14 04:00:00,42.74,43.1,40.7996,40.9,163152.0,874.0,41.858691
2020-07-15 04:00:00,40.76,41.7,40.6,40.79,27143.0,347.0,41.078998
2020-07-16 04:00:00,41.14,41.18,40.37,40.43,20833.0,305.0,40.774911
2020-07-17 04:00:00,40.28,40.49,39.77,39.83,19366.0,267.0,40.151994
2020-07-20 04:00:00,39.75,39.79,38.4,38.769,72726.0,562.0,38.892758
2020-07-21 04:00:00,38.02,39.15,37.84,38.85,55874.0,433.0,38.358854
2020-07-22 04:00:00,39.27,39.535,38.7,38.75,24541.0,204.0,39.13507
2020-07-23 04:00:00,38.81,39.759,38.557,39.37,65475.0,416.0,39.055375
2020-07-24 04:00:00,39.94,40.41,39.74,39.81,41450.0,375.0,40.048629
2020-07-27 04:00:00,39.8,40.1,39.45,39.64,35150.0,282.0,39.719889
2020-07-28 04:00:00,39.7,39.8075,39.08,39.78,17471.0,201.0,39.336235
2020-07-29 04:00:00,39.57,39.75,39.33,39.53,29540.0,231.0,39.579704
2020-07-30 04:00:00,40.62,41.7,39.9663,40.17,30229.0,371.0,40.943723
2020-07-31 04:00:00,39.38,40.785,39.38,39.68,27281.0,246.0,40.279862
2020-08-03 04:00:00,39.49,39.8332,39.41,39.8,35482.0,270.0,39.645212
2020-08-04 04:00:00,39.45,39.5513,39.0,39.07,16493.0,224.0,39.217938
2020-08-05 04:00:00,38.56,38.975,38.56,38.755,42519.0,337.0,38.78242
2020-08-06 04:00:00,38.81,39.0327,38.61,38.64,133474.0,271.0,38.894155
2020-08-07 04:00:00,39.077,39.105,38.5439,38.79,49506.0,311.0,38.848295
2020-08-10 04:00:00,38.55,38.79,38.13,38.26,20341.0,218.0,38.357915
2020-08-11 04:00:00,38.0,39.25,37.74,39.105,57204.0,375.0,38.317383
2020-08-12 04:00:00,38.4793,38.5,37.9064,38.21,63223.0,392.0,38.219362
2020-08-13 04:00:00,38.51,38.75,38.15,38.64,15562.0,192.0,38.437771
2020-08-14 04:00:00,39.0,39.39,38.7401,38.95,95871.0,379.0,38.957856
2020-08-17 04:00:00,38.58,38.855,38.2516,38.34,25641.0,235.0,38.550542
2020-08-18 04:00:00,38.14,38.52,37.7656,37.9274,123982.0,422.0,38.218264
2020-08-19 04:00:00,38.14,38.6,37.95,38.6,18102.0,199.0,38.162944
2020-08-20 04:00:00,39.34,39.47,38.29,38.45,57887.0,279.0,38.841562
2020-08-21 04:00:00,38.79,39.29,38.58,39.09,94874.0,358.0,39.053642
2020-08-24 04:00:00,38.77,39.26,38.655,39.26,43629.0,237.0,39.059198
2020-08-25 04:00:00,39.2,39.6,38.89,39.06,19630.0,204.0,39.301156
2020-08-26 04:00:00,38.8,39.45,38.546,39.38,30099.0,320.0,38.957382
2020-08-27 04:00:00,39.25,40.56,38.94,39.34,59490.0,387.0,39.609375
2020-08-28 04:00:00,39.55,40.12,39.12,39.36,50091.0,415.0,39.724704
2020-08-31 04:00:00,39.7795,40.29,39.535,40.1,68691.0,521.0,39.8943
2020-09-01 04:00:00,40.36,40.76,40.2,40.48,34682.0,357.0,40.450041
2020-09-02 04:00:00,40.48,41.499,40.48,41.34,48699.0,466.0,41.125644
2020-09-03 04:00:00,41.28,42.9,40.52,42.03,206017.0,1166.0,42.079672
2020-09-04 04:00:00,41.52,43.33,40.2741,40.82,165023.0,1060.0,41.695644
2020-09-08 04:00:00,41.84,41.96,40.23,40.36,143181.0,435.0,41.012083
2020-09-09 04:00:00,39.3,39.4899,38.86,39.36,104703.0,499.0,39.032362
2020-09-10 04:00:00,39.1,40.43,39.1,39.64,71400.0,480.0,39.871762
2020-09-11 04:00:00,38.71,39.56,38.71,38.83,56597.0,399.0,39.064688
2020-09-14 04:00:00,38.52,39.3,38.52,39.2699,24141.0,220.0,39.049876
2020-09-15 04:00:00,38.9,39.51,38.58,39.34,46474.0,268.0,39.173004
2020-09-16 04:00:00,39.35,39.93,39.161,39.93,18867.0,201.0,39.44919
2020-09-17 04:00:00,40.78,40.78,39.83,40.43,49463.0,439.0,40.334798
2020-09-18 04:00:00,40.31,41.163,40.2,40.9,118778.0,403.0,40.797434
2020-09-21 04:00:00,41.85,42.19,41.0801,41.35,53983.0,406.0,41.771245
2020-09-22 04:00:00,41.38,42.1889,41.38,41.75,67731.0,212.0,41.670131
2020-09-23 04:00:00,41.63,42.74,41.63,42.74,45046.0,295.0,42.246024
2020-09-24 04:00:00,42.94,43.12,41.81,42.22,27246.0,311.0,42.427197
2020-09-25 04:00:00,42.45,42.45,41.49,41.58,52150.0,413.0,41.873092
2020-09-28 04:00:00,41.19,41.475,41.0815,41.2,40492.0,252.0,41.268774
2020-09-29 04:00:00,41.12,41.17,40.565,40.83,27415.0,195.0,40.825251
2020-09-30 04:00:00,40.72,40.8934,40.56,40.68,30228.0,219.0,40.740632
2020-10-01 04:00:00,40.71,41.42,40.6401,41.22,25102.0,252.0,41.046465
2020-10-02 04:00:00,42.12,42.12,41.41,41.73,126399.0,680.0,41.759539
2020-10-05 04:00:00,41.6,41.69,40.84,40.84,37627.0,387.0,41.192747
2020-10-06 04:00:00,40.76,41.37,40.4149,40.88,57305.0,315.0,40.758374
2020-10-07 04:00:00,40.85,40.85,40.4,40.71,34471.0,284.0,40.584492
2020-10-08 04:00:00,40.4,40.74,40.2,40.24,24968.0,297.0,40.441734
2020-10-09 04:00:00,39.97,39.97,38.8,39.14,45925.0,464.0,39.223618
2020-10-12 04:00:00,38.37,38.91,38.37,38.65,35427.0,323.0,38.743317
2020-10-13 04:00:00,38.945,39.19,38.5,38.72,52498.0,375.0,38.704744
2020-10-14 04:00:00,38.69,38.74,38.14,38.53,43608.0,446.0,38.46707
2020-10-15 04:00:00,39.65,39.65,38.47,38.57,59851.0,409.0,38.761811
2020-10-16 04:00:00,38.5,38.85,38.1001,38.84,21253.0,168.0,38.541768
2020-10-19 04:00:00,38.82,39.93,38.82,39.92,29817.0,324.0,39.503876
2020-10-20 04:00:00,39.47,39.65,38.88,39.55,20628.0,233.0,39.368661
2020-10-21 04:00:00,39.54,39.58,38.69,38.96,47152.0,378.0,39.022375
2020-10-22 04:00:00,38.99,39.09,38.4601,38.65,41807.0,303.0,38.764758
2020-10-23 04:00:00,38.35,38.775,38.35,38.74,14510.0,153.0,38.687808
2020-10-26 04:00:00,39.05,40.7195,38.97,40.39,103959.0,750.0,40.141626
2020-10-27 04:00:00,40.31,40.83,40.07,40.35,50649.0,425.0,40.385669
2020-10-28 04:00:00,41.65,43.2,41.65,43.0,184710.0,1078.0,42.325296
2020-10-29 04:00:00,42.47,42.557,40.37,40.88,59996.0,489.0,41.1845
2020-10-30 04:00:00,42.01,42.075,41.1,41.21,122380.0,721.0,41.737327
2020-11-02 05:00:00,40.45,40.89,40.13,40.52,70203.0,542.0,40.466988
2020-11-03 05:00:00,40.0,40.2,39.5,39.57,66361.0,517.0,39.807296
2020-11-04 05:00:00,38.73,38.89,37.6,38.8,101811.0,619.0,38.000095
2020-11-05 05:00:00,38.05,38.81,38.05,38.71,119956.0,394.0,38.36899
2020-11-06 05:00:00,38.79,38.87,37.69,38.07,186553.0,685.0,38.087994
2020-11-09 05:00:00,36.0,36.35,34.9999,36.01,258973.0,1048.0,35.746483
2020-11-10 05:00:00,35.89,36.64,35.72,36.19,202261.0,461.0,35.946986
2020-11-11 05:00:00,35.7,36.49,35.7,36.18,60738.0,384.0,36.135752
2020-11-12 05:00:00,36.19,37.21,35.9608,37.08,36895.0,243.0,36.749903
2020-11-13 05:00:00,36.65,36.65,35.91,36.17,55819.0,434.0,36.224993
2020-11-16 05:00:00,36.0,36.74,35.89,36.44,84170.0,469.0,36.139557
2020-11-17 05:00:00,36.76,36.92,36.18,36.25,28027.0,252.0,36.509089
2020-11-18 05:00:00,36.14,37.1,36.08,37.1,54161.0,317.0,36.43968
2020-11-19 05:00:00,37.05,37.19,36.59,36.9,32953.0,262.0,36.849041
2020-11-20 05:00:00,36.85,36.98,36.39,36.66,84230.0,464.0,36.621967
2020-11-23 05:00:00,36.7,36.84,36.27,36.57,151300.0,849.0,36.570468
2020-11-24 05:00:00,36.36,36.67,36.36,36.645,83617.0,349.0,36.524106
2020-11-25 05:00:00,36.69,36.69,36.0,36.0,56990.0,333.0,36.367492
2020-11-27 05:00:00,35.99,36.2025,35.57,36.0,30756.0,146.0,35.679866
2020-11-30 05:00:00,36.31,37.0754,35.75,35.82,108472.0,586.0,36.315319
2020-12-01 05:00:00,35.65,36.04,35.425,36.04,62308.0,566.0,35.631675
2020-12-02 05:00:00,36.04,36.082,35.48,35.9419,17442.0,181.0,35.698765
2020-12-03 05:00:00,35.73,36.11,35.6689,36.01,41820.0,213.0,35.94124
2020-12-04 05:00:00,35.87,35.95,35.78,35.85,19368.0,157.0,35.859566
2020-12-07 05:00:00,36.19,36.2288,35.97,36.0,19690.0,206.0,36.054759
2020-12-08 05:00:00,36.26,36.32,35.7,35.71,34154.0,243.0,36.007039
2020-12-09 05:00:00,35.65,36.55,35.5399,36.3425,132222.0,468.0,36.093027
2020-12-10 05:00:00,36.68,36.73,36.0601,36.64,47824.0,331.0,36.440869
2020-12-11 05:00:00,36.95,37.819,36.86,37.38,141756.0,703.0,37.244502
2020-12-14 05:00:00,37.06,37.69,36.761,37.63,104967.0,378.0,37.200949
2020-12-15 05:00:00,37.78,37.78,37.19,37.4,38936.0,317.0,37.391368
2020-12-16 05:00:00,37.81,37.81,36.75,36.96,44372.0,295.0,37.131934
2020-12-17 05:00:00,36.71,37.14,36.5401,36.61,96906.0,607.0,36.832719
2020-12-18 05:00:00,37.05,37.5332,36.835,37.1047,61535.0,436.0,37.199314
2020-12-21 05:00:00,38.66,39.2,37.55,37.55,107581.0,687.0,38.233751
2020-12-22 05:00:00,37.55,38.14,37.55,37.849,39620.0,276.0,37.755507
2020-12-23 05:00:00,37.45,37.61,36.78,37.04,49552.0,333.0,37.058178
2020-12-24 05:00:00,37.02,37.02,36.52,36.59,28543.0,184.0,36.670069
2020-12-28 05:00:00,36.24,36.94,36.23,36.94,41174.0,265.0,36.364522
2020-12-29 05:00:00,36.38,37.53,36.29,37.34,66305.0,477.0,37.000952
2020-12-30 05:00:00,37.48,37.48,36.57,36.5839,59236.0,311.0,37.123104
2020-12-31 05:00:00,36.65,36.8,36.1833,36.7,45858.0,281.0,36.575518
2021-01-04 05:00:00,36.65,38.4611,36.65,37.47,132321.0,989.0,37.765817
2021-01-05 05:00:00,38.33,38.33,36.9,37.09,58576.0,357.0,37.575093
2021-01-06 05:00:00,36.74,37.23,36.0,36.79,70727.0,495.0,36.435505
2021-01-07 05:00:00,36.17,36.379,35.9,36.25,108503.0,600.0,36.188544
2021-01-08 05:00:00,36.2,36.67,35.965,36.23,73575.0,326.0,36.175288
2021-01-11 05:00:00,36.68,37.5,36.51,37.47,47796.0,284.0,37.089086
2021-01-12 05:00:00,37.2478,37.57,36.94,37.13,42308.0,210.0,37.203196
2021-01-13 05:00:00,37.04,37.3078,36.8,36.91,106924.0,477.0,37.02042
2021-01-14 05:00:00,36.61,37.55,36.52,37.505,42199.0,306.0,37.010684
2021-01-15 05:00:00,37.87,38.5,37.66,38.18,78440.0,522.0,37.992999
2021-01-19 05:00:00,37.72,38.21,37.66,37.98,83542.0,406.0,37.8767
2021-01-20 05:00:00,37.98,38.14,37.81,37.92,25384.0,227.0,37.945527
2021-01-21 05:00:00,37.93,38.58,37.9199,38.24,98299.0,439.0,38.279229
2021-01-22 05:00:00,38.625,38.7677,38.26,38.48,45675.0,309.0,38.480598
2021-01-25 05:00:00,38.45,39.8,38.45,39.79,46066.0,393.0,39.148968
2021-01-26 05:00:00,39.27,39.44,38.748,39.33,135594.0,526.0,38.980449
2021-01-27 05:00:00,40.13,42.66,40.13,42.02,228310.0,1348.0,41.612258
2021-01-28 05:00:00,41.23,41.76,40.54,41.12,314950.0,1232.0,41.023284
2021-01-29 05:00:00,41.95,42.82,40.77,42.55,139023.0,897.0,41.852563
2021-02-01 05:00:00,41.63,43.25,41.63,41.895,91978.0,744.0,42.181956
2021-02-02 05:00:00,41.19,41.2987,40.62,40.72,134311.0,677.0,40.922084
2021-02-03 05:00:00,40.25,40.5463,39.85,39.91,31089.0,352.0,40.10319
2021-02-04 05:00:00,39.49,39.77,39.23,39.7,108603.0,432.0,39.407069
2021-02-05 05:00:00,39.44,39.95,39.41,39.86,116382.0,424.0,39.708299
2021-02-08 05:00:00,39.69,40.094,39.69,40.05,39131.0,307.0,39.918784
2021-02-09 05:00:00,40.33,40.46,40.09,40.46,58333.0,336.0,40.303219
2021-02-10 05:00:00,40.37,41.54,40.37,41.17,78728.0,580.0,41.03098
2021-02-11 05:00:00,41.01,41.82,40.99,41.23,124999.0,763.0,41.208986
2021-02-12 05:00:00,41.32,41.58,40.91,41.49,55442.0,419.0,41.287039
2021-02-16 05:00:00,41.12,41.6222,40.9661,41.55,72309.0,538.0,41.26945
2021-02-17 05:00:00,42.16,42.77,41.4675,41.4675,191660.0,661.0,42.410626
2021-02-18 05:00:00,42.4,42.41,41.64,41.94,66920.0,423.0,41.824148
2021-02-19 05:00:00,41.95,42.04,41.3691,41.96,72374.0,497.0,41.65147
2021-02-22 05:00:00,41.98,42.7,41.7,42.7,33543.0,485.0,42.085308
2021-02-23 05:00:00,42.57,43.1,41.59,41.83,192067.0,990.0,42.332534
2021-02-24 05:00:00,41.99,42.07,40.57,40.68,53342.0,478.0,41.379419
2021-02-25 05:00:00,40.85,42.61,40.5483,42.05,73511.0,541.0,41.30826
2021-02-26 05:00:00,41.21,41.87,40.83,41.3,43100.0,464.0,41.296919
2021-03-01 05:00:00,40.34,40.36,39.75,40.07,133125.0,771.0,40.038638
2021-03-02 05:00:00,40.16,40.79,40.16,40.66,128212.0,409.0,40.504172
2021-03-03 05:00:00,40.4077,41.39,40.35,41.39,31188.0,297.0,40.803173
2021-03-04 05:00:00,40.9401,42.3,40.44,41.94,97958.0,821.0,41.586224
2021-03-05 05:00:00,41.33,42.1829,40.11,40.27,60125.0,527.0,41.119465
2021-03-08 05:00:00,40.39,40.95,39.93,40.85,38105.0,245.0,40.399456
2021-03-09 05:00:00,40.27,40.67,39.82,40.67,59320.0,231.0,40.20373
2021-03-10 05:00:00,40.06,40.37,40.06,40.25,50221.0,215.0,40.239743
2021-03-11 05:00:00,40.06,40.16,39.55,39.81,143559.0,445.0,39.741071
2021-03-12 05:00:00,40.38,40.4,39.75,39.75,184087.0,1331.0,40.068886
2021-03-15 04:00:00,39.88,40.2,39.26,39.29,147837.0,399.0,39.779841
2021-03-16 04:00:00,39.34,39.385,38.395,38.72,86234.0,498.0,38.79518
2021-03-17 04:00:00,39.31,39.3599,38.07,38.15,95849.0,504.0,38.932295
2021-03-18 04:00:00,38.26,38.5823,38.09,38.29,32404.0,299.0,38.24773
2021-03-19 04:00:00,38.46,38.83,38.03,38.42,48515.0,355.0,38.463201
2021-03-22 04:00:00,38.48,38.48,36.89,37.05,57852.0,419.0,37.438662
2021-03-23 04:00:00,36.93,37.57,36.89,36.95,95989.0,535.0,37.25819
2021-03-24 04:00:00,37.0,37.34,36.78,37.22,29425.0,209.0,37.052533
2021-03-25 04:00:00,37.36,37.85,36.52,36.52,35364.0,314.0,37.417375
2021-03-26 04:00:00,36.32,36.685,35.64,35.96,129778.0,529.0,35.951588
2021-03-29 04:00:00,36.37,36.7018,35.8778,35.8778,53646.0,283.0,36.370446
2021-03-30 04:00:00,35.7799,35.844,34.84,34.84,59460.0,332.0,35.52064
2021-03-31 04:00:00,34.78,35.06,34.31,35.06,34772.0,306.0,34.666558
2021-04-01 04:00:00,34.69,34.71,34.1,34.14,63405.0,392.0,34.471299
2021-04-05 04:00:00,33.78,33.92,33.53,33.5852,219139.0,1067.0,33.746433
2021-04-06 04:00:00,33.63,33.7137,33.3,33.39,109915.0,448.0,33.504545
2021-04-07 04:00:00,33.54,33.57,33.08,33.17,22851.0,226.0,33.384485
2021-04-08 04:00:00,32.95,33.5,32.88,33.22,99184.0,388.0,33.243847
2021-04-09 04:00:00,33.39,33.6972,33.12,33.36,33306.0,339.0,33.490772
2021-04-12 04:00:00,33.53,33.89,33.21,33.47,138211.0,1023.0,33.572782
2021-04-13 04:00:00,33.29,33.39,33.18,33.33,17143.0,224.0,33.277878
2021-04-14 04:00:00,33.53,33.849,33.41,33.77,109555.0,623.0,33.612429
2021-04-15 04:00:00,33.61,33.61,33.13,33.56,192088.0,655.0,33.362643
2021-04-16 04:00:00,33.56,33.77,33.16,33.419,154277.0,818.0,33.343832
2021-04-19 04:00:00,33.36,34.31,33.32,33.98,84433.0,740.0,33.918775
2021-04-20 04:00:00,34.13,34.93,34.0,34.56,135932.0,769.0,34.613301
2021-04-21 04:00:00,34.9,34.9,33.6609,33.955,65738.0,840.0,34.336634
2021-04-22 04:00:00,33.813,34.835,33.63,34.69,57418.0,392.0,34.219015
2021-04-23 04:00:00,34.68,34.68,34.08,34.28,214167.0,628.0,34.22366
2021-04-26 04:00:00,34.25,34.33,34.0502,34.1,38693.0,264.0,34.180932
2021-04-27 04:00:00,34.21,34.4,33.63,33.69,60534.0,449.0,33.913061
2021-04-28 04:00:00,33.59,33.84,33.36,33.84,88215.0,421.0,33.587137
2021-04-29 04:00:00,33.365,34.14,33.32,33.7,45924.0,294.0,33.730118
2021-04-30 04:00:00,33.84,34.22,33.71,34.16,56087.0,465.0,33.915167
2021-05-03 04:00:00,33.82,34.01,33.4583,33.51,58833.0,960.0,33.76311
2021-05-04 04:00:00,33.82,34.56,33.82,34.03,176675.0,933.0,34.259429
2021-05-05 04:00:00,33.89,33.9,33.32,33.58,124661.0,704.0,33.555081
2021-05-06 04:00:00,33.65,33.89,33.375,33.45,36474.0,307.0,33.669668
2021-05-07 04:00:00,33.54,33.54,32.78,32.8,111187.0,682.0,33.163629
2021-05-10 04:00:00,32.62,33.32,32.38,33.32,93454.0,599.0,32.772248
2021-05-11 04:00:00,34.07,34.76,33.59,34.76,73925.0,798.0,34.088584
2021-05-12 04:00:00,34.79,37.08,34.79,37.08,191892.0,1417.0,36.313102
2021-05-13 04:00:00,36.09,36.09,34.61,34.9,76762.0,658.0,35.461442
2021-05-14 04:00:00,34.21,34.2799,33.04,33.17,64185.0,628.0,33.59159
2021-05-17 04:00:00,33.49,34.45,33.345,34.05,29406.0,261.0,33.891217
2021-05-18 04:00:00,33.86,34.93,33.32,34.92,55663.0,643.0,34.422471
2021-05-19 04:00:00,35.6,36.6,34.73,34.73,237523.0,1457.0,36.015761
2021-05-20 04:00:00,34.49,34.73,34.085,34.29,122801.0,331.0,34.40398
2021-05-21 04:00:00,34.03,34.3,33.75,34.3,42562.0,324.0,33.964823
2021-05-24 04:00:00,33.68,33.7,33.0,33.23,59572.0,326.0,33.173747
2021-05-25 04:00:00,33.0,33.62,33.0,33.52,23457.0,465.0,33.313525
2021-05-26 04:00:00,33.1,33.23,32.58,32.66,42243.0,445.0,32.775847
2021-05-27 04:00:00,32.57,32.8171,31.78,32.02,171132.0,618.0,32.140427
2021-05-28 04:00:00,31.65,32.18,31.59,32.13,78738.0,381.0,31.681215
2021-06-01 04:00:00,31.82,32.325,31.745,32.31,62141.0,321.0,32.117546
2021-06-02 04:00:00,32.1,32.48,31.81,32.4702,23903.0,719.0,32.260289
2021-06-03 04:00:00,32.81,32.94,32.4295,32.79,33523.0,306.0,32.662798
2021-06-04 04:00:00,32.12,32.18,31.85,31.93,43167.0,276.0,32.001064
2021-06-07 04:00:00,32.0,32.08,31.6201,31.73,23870.0,675.0,31.802022
2021-06-08 04:00:00,31.58,31.95,31.3501,31.67,20520.0,189.0,31.527553
2021-06-09 04:00:00,31.5,32.04,31.5,31.9,70358.0,822.0,31.863108
2021-06-10 04:00:00,31.69,31.69,30.6,30.6,104498.0,692.0,31.086684
2021-06-11 04:00:00,30.53,30.53,30.21,30.48,50814.0,746.0,30.358498
2021-06-14 04:00:00,30.59,30.96,30.4,30.64,27733.0,253.0,30.730221
2021-06-15 04:00:00,30.9101,31.098,30.7108,30.81,37553.0,302.0,30.897404
2021-06-16 04:00:00,30.68,31.2801,30.56,31.03,32569.0,503.0,30.840978
2021-06-17 04:00:00,31.1,31.2,30.54,31.01,28714.0,308.0,30.875111
2021-06-18 04:00:00,31.5,31.96,31.2,31.65,120325.0,632.0,31.428178
2021-06-21 04:00:00,31.41,31.635,30.8601,31.14,19600.0,234.0,31.18614
2021-06-22 04:00:00,31.49,31.49,30.7,30.7,24574.0,283.0,31.142918
2021-06-23 04:00:00,30.5,30.605,30.15,30.605,20518.0,215.0,30.382174
2021-06-24 04:00:00,30.11,30.25,29.91,30.25,52948.0,389.0,30.123281
2021-06-25 04:00:00,30.02,30.37,30.02,30.24,80428.0,347.0,30.268018
2021-06-28 04:00:00,29.91,30.33,29.85,30.11,50861.0,352.0,30.093759
2021-06-29 04:00:00,29.91,30.5099,29.84,30.5,35836.0,204.0,30.188358
2021-06-30 04:00:00,30.47,30.65,30.2,30.54,55341.0,321.0,30.404519
2021-07-01 04:00:00,30.39,30.52,30.2776,30.42,45951.0,491.0,30.384996
2021-07-02 04:00:00,30.23,30.41,29.75,30.32,171695.0,707.0,30.03686
2021-07-06 04:00:00,30.13,30.91,30.13,30.44,107573.0,466.0,30.640637
2021-07-07 04:00:00,30.4749,31.108,30.419,30.66,31998.0,244.0,30.682946
2021-07-08 04:00:00,31.88,31.88,31.009,31.24,129394.0,702.0,31.504176
2021-07-09 04:00:00,30.83,30.83,30.34,30.72,32247.0,250.0,30.51891
2021-07-12 04:00:00,30.65,30.92,30.65,30.92,20368.0,229.0,30.769312
2021-07-13 04:00:00,30.8401,31.32,30.56,31.29,163483.0,430.0,31.006615
2021-07-14 04:00:00,30.93,31.5,30.82,31.245,48842.0,493.0,31.021855
2021-07-15 04:00:00,31.5,31.71,31.0,31.0,193390.0,729.0,31.294079
2021-07-16 04:00:00,30.77,31.55,30.66,31.45,33469.0,262.0,31.135439
2021-07-19 04:00:00,32.15,33.0,32.04,32.68,209886.0,1248.0,32.388418
2021-07-20 04:00:00,32.12,32.58,31.845,32.18,215099.0,377.0,32.164625
2021-07-21 04:00:00,31.7,31.85,31.36,31.43,44170.0,244.0,31.624934
2021-07-22 04:00:00,31.13,31.36,30.98,31.32,24538.0,296.0,31.168225
2021-07-23 04:00:00,30.85,31.15,30.78,31.01,165320.0,577.0,30.978867
2021-07-26 04:00:00,31.18,31.38,31.062,31.22,19374.0,205.0,31.258499
2021-07-27 04:00:00,31.39,32.23,31.39,31.71,96944.0,483.0,31.968945
2021-07-28 04:00:00,31.59,31.87,31.22,31.38,62711.0,427.0,31.420492
2021-07-29 04:00:00,31.17,31.3,31.08,31.13,73230.0,187.0,31.099003
2021-07-30 04:00:00,31.54,31.73,31.23,31.69,47401.0,386.0,31.413744
2021-08-02 04:00:00,31.44,32.28,31.4,32.14,46503.0,366.0,31.95971
2021-08-03 04:00:00,31.94,32.37,31.52,31.7,47213.0,500.0,32.073378
2021-08-04 04:00:00,31.95,31.95,31.39,31.7,29940.0,316.0,31.629879
2021-08-05 04:00:00,31.77,31.77,31.24,31.24,20331.0,217.0,31.441846
2021-08-06 04:00:00,31.06,31.2699,30.925,31.02,99796.0,831.0,31.089429
2021-08-09 04:00:00,31.31,31.31,31.0,31.13,41617.0,231.0,31.096221
2021-08-10 04:00:00,30.99,31.05,30.7,30.93,39250.0,314.0,30.960242
2021-08-11 04:00:00,30.88,30.94,30.44,30.56,19679.0,241.0,30.730391
2021-08-12 04:00:00,30.51,30.59,29.92,30.18,27114.0,285.0,30.178081
2021-08-13 04:00:00,29.86,30.38,29.85,30.18,193852.0,463.0,29.986677
2021-08-16 04:00:00,30.64,30.7965,30.19,30.37,37804.0,332.0,30.417913
2021-08-17 04:00:00,30.85,31.18,30.53,30.79,64257.0,544.0,30.853235
2021-08-18 04:00:00,31.1,31.88,30.87,31.79,60617.0,433.0,31.371813
2021-08-19 04:00:00,32.2,32.29,31.515,31.73,133769.0,819.0,31.851334
2021-08-20 04:00:00,31.61,31.65,31.133,31.27,366382.0,364.0,31.306909
2021-08-23 04:00:00,31.05,31.05,30.71,30.98,432761.0,1650.0,30.826266
2021-08-24 04:00:00,30.83,31.14,30.83,31.01,80110.0,581.0,31.020711
2021-08-25 04:00:00,31.11,31.15,30.645,30.71,47603.0,314.0,30.786388
2021-08-26 04:00:00,30.84,31.36,30.71,31.15,39685.0,364.0,31.099493
2021-08-27 04:00:00,30.8978,30.95,30.42,30.47,62868.0,640.0,30.553061
2021-08-30 04:00:00,30.4,30.55,30.2,30.52,65536.0,542.0,30.443902
2021-08-31 04:00:00,30.46,30.71,30.42,30.55,70038.0,369.0,30.576988
2021-09-01 04:00:00,30.47,30.47,30.08,30.25,118897.0,595.0,30.17269
2021-09-02 04:00:00,30.17,30.51,30.103,30.27,49523.0,359.0,30.345753
2021-09-03 04:00:00,30.51,30.65,30.25,30.45,37880.0,362.0,30.381399
2021-09-07 04:00:00,30.54,30.91,30.54,30.78,79533.0,520.0,30.674287
2021-09-08 04:00:00,31.16,31.41,30.86,30.86,76579.0,584.0,31.170403
2021-09-09 04:00:00,31.08,31.24,30.61,31.24,29050.0,366.0,30.936671
2021-09-10 04:00:00,30.81,31.75,30.7833,31.71,81851.0,441.0,31.415723
2021-09-13 04:00:00,31.24,31.84,31.1431,31.41,70788.0,680.0,31.470367
2021-09-14 04:00:00,31.19,31.91,31.14,31.66,33086.0,403.0,31.529391
2021-09-15 04:00:00,31.5,31.68,31.0399,31.29,59026.0,312.0,31.351145
2021-09-16 04:00:00,31.27,31.4899,30.861,31.07,42831.0,324.0,31.230615
2021-09-17 04:00:00,31.18,31.7,31.15,31.68,72040.0,510.0,31.559431
2021-09-20 04:00:00,32.92,33.7293,32.4501,32.8,318630.0,2325.0,33.106418
2021-09-21 04:00:00,32.45,32.96,32.16,32.21,162234.0,748.0,32.477288
2021-09-22 04:00:00,31.96,31.96,31.31,31.58,96999.0,747.0,31.572275
2021-09-23 04:00:00,31.09,31.17,30.86,30.89,48612.0,423.0,31.025002
2021-09-24 04:00:00,31.13,31.15,30.59,30.75,83327.0,525.0,30.810976
2021-09-27 04:00:00,30.62,30.84,30.33,30.82,238725.0,523.0,30.580342
2021-09-28 04:00:00,31.32,32.27,31.205,31.98,132656.0,935.0,31.852916
2021-09-29 04:00:00,31.83,32.12,31.6,32.11,80515.0,591.0,31.855997
2021-09-30 04:00:00,31.79,32.4757,31.5233,32.31,115144.0,742.0,31.922006
2021-10-01 04:00:00,31.91,32.205,31.36,31.85,126756.0,530.0,31.715315
2021-10-04 04:00:00,31.88,32.64,31.85,32.52,387847.0,1323.0,32.435261
2021-10-05 04:00:00,32.19,32.33,31.6034,31.86,38469.0,322.0,31.877182
2021-10-06 04:00:00,32.0651,32.4184,31.71,31.72,27889.0,291.0,32.08388
2021-10-07 04:00:00,31.53,31.53,31.26,31.29,49042.0,380.0,31.387996
2021-10-08 04:00:00,31.17,31.45,31.1,31.44,24724.0,305.0,31.293745
2021-10-11 04:00:00,31.45,31.45,31.0,31.45,20327.0,210.0,31.297829
2021-10-12 04:00:00,31.31,31.51,31.05,31.09,28159.0,247.0,31.22226
2021-10-13 04:00:00,31.11,31.15,30.74,30.85,42358.0,465.0,30.900691
2021-10-14 04:00:00,30.58,30.58,30.16,30.16,55442.0,350.0,30.390438
2021-10-15 04:00:00,30.0,30.62,29.9753,30.59,48467.0,377.0,30.236848
2021-10-18 04:00:00,30.67,30.92,30.53,30.78,60157.0,255.0,30.700579
2021-10-19 04:00:00,30.67,30.71,30.405,30.61,64389.0,378.0,30.614483
2021-10-20 04:00:00,30.48,30.67,30.37,30.37,307586.0,541.0,30.530179
2021-10-21 04:00:00,30.37,30.51,30.07,30.14,104358.0,503.0,30.146563
2021-10-22 04:00:00,30.23,30.495,30.0,30.36,45086.0,425.0,30.222787
2021-10-25 04:00:00,30.3,30.5497,29.81,29.86,61503.0,439.0,30.009162
2021-10-26 04:00:00,29.7,30.2254,29.7,30.1,41473.0,262.0,29.902992
2021-10-27 04:00:00,30.08,30.5175,29.83,30.4643,44500.0,651.0,30.126971
2021-10-28 04:00:00,30.13,30.25,30.0,30.04,23605.0,229.0,30.132734
2021-10-29 04:00:00,30.3,30.42,30.18,30.41,224503.0,399.0,30.267433
2021-11-01 04:00:00,30.18,30.52,30.14,30.2,435791.0,638.0,30.391689
2021-11-02 04:00:00,30.16,30.2239,29.8501,29.88,35834.0,278.0,29.950287
2021-11-03 04:00:00,29.95,29.95,29.34,29.39,205790.0,689.0,29.64172
2021-11-04 04:00:00,29.37,29.72,29.27,29.71,43844.0,405.0,29.539313
2021-11-05 04:00:00,29.54,30.1,29.54,30.09,38180.0,261.0,29.777652
2021-11-08 05:00:00,29.94,30.33,29.895,30.2,96909.0,767.0,30.191943
2021-11-09 05:00:00,30.28,30.7,30.255,30.56,62995.0,454.0,30.437597
2021-11-10 05:00:00,30.74,30.76,30.11,30.55,30141.0,265.0,30.410976
2021-11-11 05:00:00,30.35,30.35,29.985,30.15,47482.0,291.0,30.216976
2021-11-12 05:00:00,30.05,30.0624,29.76,29.94,32293.0,312.0,29.894177
2021-11-15 05:00:00,29.85,30.41,29.85,30.21,35009.0,217.0,30.153702
2021-11-16 05:00:00,30.23,30.33,30.15,30.33,20402.0,211.0,30.229327
2021-11-17 05:00:00,30.35,30.77,30.315,30.77,31358.0,499.0,30.468504
2021-11-18 05:00:00,30.779,31.072,30.655,30.86,28257.0,530.0,30.817537
2021-11-19 05:00:00,30.99,31.2499,30.75,30.81,37728.0,571.0,30.941694
2021-11-22 05:00:00,30.56,31.075,30.56,31.07,35616.0,265.0,30.788855
2021-11-23 05:00:00,31.23,31.32,30.68,30.69,114647.0,841.0,30.946323
2021-11-24 05:00:00,31.13,31.25,30.6,30.71,61825.0,318.0,30.895164
2021-11-26 05:00:00,31.82,33.69,31.55,32.29,189942.0,1088.0,32.153403
2021-11-29 05:00:00,31.86,31.95,31.0244,31.23,68250.0,679.0,31.480734
2021-11-30 05:00:00,31.68,33.09,31.68,32.84,164854.0,1187.0,32.301461
2021-12-01 05:00:00,31.95,33.75,31.53,33.6,134022.0,1110.0,32.322916
2021-12-02 05:00:00,33.35,33.65,32.75,32.87,128157.0,1020.0,33.189306
2021-12-03 05:00:00,32.64,34.77,32.64,33.98,639583.0,2421.0,34.076523
2021-12-06 05:00:00,33.49,33.86,32.56,32.56,487495.0,1709.0,33.030614
2021-12-07 05:00:00,32.2,32.2,31.13,31.48,183747.0,1255.0,31.536885
2021-12-08 05:00:00,31.33,31.39,30.87,31.21,97283.0,601.0,31.145886
2021-12-09 05:00:00,31.09,31.46,30.94,31.46,77956.0,673.0,31.246143
2021-12-10 05:00:00,30.87,31.2434,30.66,30.83,64298.0,530.0,30.924649
2021-12-13 05:00:00,31.07,31.78,31.0679,31.75,78531.0,363.0,31.398
2021-12-14 05:00:00,32.02,32.4117,31.72,31.96,50130.0,535.0,32.080119
2021-12-15 05:00:00,31.96,32.42,30.87,30.87,137808.0,750.0,32.054931
2021-12-16 05:00:00,30.83,31.92,30.7296,31.57,39013.0,454.0,31.291894
2021-12-17 05:00:00,32.04,32.45,31.51,32.22,63911.0,626.0,32.060625
2021-12-20 05:00:00,33.18,33.4499,32.32,32.32,47820.0,574.0,33.059523
2021-12-21 05:00:00,31.93,32.32,31.6901,31.91,111349.0,504.0,32.0557
2021-12-22 05:00:00,31.87,31.87,31.42,31.47,105094.0,826.0,31.616834
2021-12-23 05:00:00,31.36,31.45,31.15,31.45,48090.0,434.0,31.298878
2021-12-27 05:00:00,31.36,31.39,31.07,31.11,86914.0,422.0,31.241816
2021-12-28 05:00:00,31.35,31.35,30.84,30.8894,20584.0,252.0,31.054603
2021-12-29 05:00:00,30.82,30.97,30.3917,30.47,58925.0,411.0,30.590563
2021-12-30 05:00:00,30.53,30.76,30.38,30.71,51412.0,351.0,30.553484
2021-12-31 05:00:00,30.81,30.81,30.44,30.57,89222.0,382.0,30.606193
2022-01-03 05:00:00,30.4,30.57,30.18,30.27,44524.0,337.0,30.367924
2022-01-04 05:00:00,30.15,30.49,30.12,30.3,61234.0,552.0,30.291087
2022-01-05 05:00:00,30.34,31.165,29.96,31.03,67245.0,484.0,30.557738
2022-01-06 05:00:00,31.09,31.19,30.69,31.11,182134.0,822.0,30.920818
2022-01-07 05:00:00,30.91,31.185,30.45,30.45,33928.0,311.0,30.71397
2022-01-10 05:00:00,30.95,31.33,30.04,30.1,101735.0,740.0,30.75879
2022-01-11 05:00:00,30.33,30.51,29.56,29.7291,140379.0,862.0,29.988348
2022-01-12 05:00:00,29.42,29.77,29.26,29.73,51440.0,510.0,29.583622
2022-01-13 05:00:00,29.67,30.41,29.48,30.29,77838.0,443.0,29.9326
2022-01-14 05:00:00,30.76,30.76,29.88,29.99,79781.0,705.0,30.431912
2022-01-18 05:00:00,30.57,30.83,30.45,30.64,87325.0,696.0,30.627646
2022-01-19 05:00:00,30.25,30.78,30.145,30.67,190845.0,835.0,30.441624
2022-01-20 05:00:00,30.34,30.989,30.0,30.9,210957.0,803.0,30.351579
2022-01-21 05:00:00,31.03,31.91,30.64,31.88,191251.0,1388.0,31.248301
2022-01-24 05:00:00,32.55,34.05,31.56,31.57,1509148.0,4703.0,32.611971
2022-01-25 05:00:00,32.58,33.15,31.75,31.99,185970.0,940.0,32.478579
2022-01-26 05:00:00,31.45,32.5,31.06,32.2,187913.0,1134.0,31.661991
2022-01-27 05:00:00,31.37,32.64,31.36,32.38,119619.0,920.0,31.998258
2022-01-28 05:00:00,32.12,32.6,31.27,31.39,96960.0,712.0,31.943232
2022-01-31 05:00:00,31.6,31.63,30.4998,30.53,95977.0,577.0,30.848477
2022-02-01 05:00:00,30.47,30.73,29.58,29.66,130178.0,597.0,29.969363
2022-02-02 05:00:00,29.61,29.97,29.45,29.77,127514.0,736.0,29.682691
2022-02-03 05:00:00,30.46,31.3299,30.12,31.21,67324.0,532.0,30.781213
2022-02-04 05:00:00,31.0,31.32,30.37,31.08,73363.0,468.0,30.882347
2022-02-07 05:00:00,30.78,30.8,30.3399,30.72,53397.0,460.0,30.622717
2022-02-08 05:00:00,30.351,30.65,30.0,30.12,68745.0,588.0,30.211168
2022-02-09 05:00:00,29.75,29.8783,29.46,29.52,196357.0,712.0,29.683711
2022-02-10 05:00:00,29.98,30.86,29.54,30.57,156890.0,1061.0,30.299507
2022-02-11 05:00:00,30.27,31.9,30.12,31.69,142593.0,801.0,31.237047
2022-02-14 05:00:00,31.545,32.1748,31.255,31.55,92858.0,940.0,31.679833
2022-02-15 05:00:00,30.9,30.9465,30.52,30.59,73613.0,432.0,30.733975
2022-02-16 05:00:00,31.0,31.09,30.0,30.14,76976.0,487.0,30.447783
2022-02-17 05:00:00,30.7378,31.1766,30.63,31.09,104730.0,921.0,30.984755
2022-02-18 05:00:00,30.96,31.66,30.92,31.45,95746.0,599.0,31.317043
2022-02-22 05:00:00,31.73,31.8755,31.1078,31.54,307983.0,1235.0,31.485211
2022-02-23 05:00:00,30.99,32.295,30.99,32.09,271262.0,1211.0,31.69931
2022-02-24 05:00:00,33.55,33.55,31.5001,31.66,330646.0,1582.0,32.765584
2022-02-25 05:00:00,31.66,31.9155,30.93,31.25,249490.0,924.0,31.21848
2022-02-28 05:00:00,32.09,32.52,31.9,32.09,118669.0,519.0,32.196712
2022-03-01 05:00:00,32.56,33.7176,32.35,33.6,435688.0,1199.0,33.457892
2022-03-02 05:00:00,33.14,33.255,32.44,32.64,79823.0,499.0,32.729627
2022-03-03 05:00:00,32.49,33.1782,32.43,32.96,48455.0,315.0,32.819785
2022-03-04 05:00:00,33.75,34.14,33.405,33.52,81757.0,565.0,33.845962
2022-03-07 05:00:00,34.25,35.14,33.64,35.0,311806.0,1567.0,34.230597
2022-03-08 05:00:00,34.78,35.57,33.96,35.09,268525.0,1522.0,34.874835
2022-03-09 05:00:00,34.16,34.69,33.71,34.31,295418.0,1062.0,34.109969
2022-03-10 05:00:00,34.89,35.22,34.36,34.47,123836.0,493.0,34.929489
2022-03-11 05:00:00,34.06,34.75,33.951,34.72,70035.0,695.0,34.469955
2022-03-14 04:00:00,34.86,36.06,34.25,35.46,235774.0,767.0,35.416958
2022-03-15 04:00:00,35.15,35.3654,34.52,34.68,58355.0,507.0,34.908885
2022-03-16 04:00:00,34.25,34.39,33.3745,33.49,168350.0,987.0,33.641379
2022-03-17 04:00:00,33.53,33.56,32.73,33.12,131661.0,730.0,33.129516
2022-03-18 04:00:00,33.31,33.365,32.13,32.26,138623.0,800.0,32.654964
2022-03-21 04:00:00,32.27,32.32,31.42,32.19,136388.0,790.0,32.047199
2022-03-22 04:00:00,31.94,31.97,31.71,31.8,43106.0,413.0,31.832134
2022-03-23 04:00:00,32.13,32.23,31.75,31.87,83843.0,421.0,31.988111
2022-03-24 04:00:00,31.97,32.08,31.42,31.64,123118.0,600.0,31.594791
2022-03-25 04:00:00,31.63,31.9,31.251,31.34,94155.0,543.0,31.593872
2022-03-28 04:00:00,31.5,31.96,31.18,31.23,72402.0,426.0,31.489312
2022-03-29 04:00:00,30.97,31.16,30.67,30.77,197447.0,900.0,30.906695
2022-03-30 04:00:00,30.93,31.35,30.79,31.06,96362.0,647.0,31.108851
2022-03-31 04:00:00,31.17,31.56,31.115,31.5,61243.0,408.0,31.310208
2022-04-01 04:00:00,31.35,31.62,31.11,31.36,64987.0,308.0,31.316414
2022-04-04 04:00:00,31.21,31.33,30.89,30.93,66163.0,456.0,31.039249
2022-04-05 04:00:00,31.03,31.93,31.01,31.85,76676.0,438.0,31.596838
2022-04-06 04:00:00,32.2,32.67,31.96,32.13,236499.0,950.0,32.384467
2022-04-07 04:00:00,32.33,32.6182,31.7301,31.98,53490.0,461.0,32.189188
2022-04-08 04:00:00,32.14,32.235,31.75,32.04,48437.0,390.0,31.94237
2022-04-11 04:00:00,32.3,32.78,32.22,32.73,79044.0,695.0,32.566873
2022-04-12 04:00:00,32.62,33.1,32.34,33.0,57338.0,510.0,32.730961
2022-04-13 04:00:00,33.11,33.13,32.22,32.32,67900.0,517.0,32.526915
2022-04-14 04:00:00,32.04,32.75,31.95,32.74,489581.0,1287.0,32.381274
2022-04-18 04:00:00,32.84,33.08,32.61,32.82,129744.0,641.0,32.877892
2022-04-19 04:00:00,32.75,32.8,31.91,32.06,133117.0,575.0,32.150528
2022-04-20 04:00:00,31.82,32.0009,31.62,31.68,146269.0,734.0,31.851013
2022-04-21 04:00:00,31.42,32.68,31.33,32.63,83196.0,561.0,32.122085
2022-04-22 04:00:00,32.71,33.96,32.62,33.85,126368.0,929.0,33.252316
2022-04-25 04:00:00,33.9,34.3863,33.3,33.38,142497.0,815.0,33.926906
2022-04-26 04:00:00,33.82,34.67,33.73,34.63,135695.0,981.0,34.24941
2022-04-27 04:00:00,34.65,34.76,33.84,34.68,196775.0,738.0,34.170931
2022-04-28 04:00:00,33.91,34.48,33.395,33.9,73721.0,549.0,33.812811
2022-04-29 04:00:00,34.27,35.2,34.0275,35.09,293560.0,1124.0,34.777305
2022-05-02 04:00:00,35.03,35.89,34.785,34.99,427461.0,1401.0,35.166199
2022-05-03 04:00:00,34.74,34.835,34.08,34.12,322749.0,948.0,34.241588
2022-05-04 04:00:00,34.0,34.32,32.6718,32.86,115745.0,753.0,33.386447
2022-05-05 04:00:00,33.24,35.61,33.24,35.34,201606.0,1145.0,34.741016
2022-05-06 04:00:00,35.4,36.23,35.171,35.38,417659.0,1420.0,35.531348
2022-05-09 04:00:00,36.21,36.9,35.8904,36.74,165374.0,1036.0,36.435734
2022-05-10 04:00:00,35.88,36.7499,35.83,36.06,119249.0,1496.0,36.273352
2022-05-11 04:00:00,36.18,36.4927,35.4,36.3012,82892.0,485.0,36.038238
2022-05-12 04:00:00,36.69,36.82,35.73,35.89,102784.0,705.0,36.302162
2022-05-13 04:00:00,35.39,35.39,34.6501,35.01,340518.0,1384.0,34.970187
2022-05-16 04:00:00,35.05,35.05,34.5729,34.69,73497.0,559.0,34.812477
2022-05-17 04:00:00,34.17,34.6561,34.08,34.53,64932.0,700.0,34.311766
2022-05-18 04:00:00,34.77,36.37,34.77,36.14,168039.0,750.0,35.928101
2022-05-19 04:00:00,36.66,36.72,35.2901,35.35,73013.0,775.0,35.899747
2022-05-20 04:00:00,34.79,36.8,34.77,35.57,145982.0,890.0,35.825531
2022-05-23 04:00:00,35.2,35.66,35.0001,35.36,64124.0,500.0,35.279011
2022-05-24 04:00:00,35.778,36.31,35.39,35.49,80160.0,706.0,35.748179
2022-05-25 04:00:00,35.73,35.73,34.7983,34.9,126167.0,614.0,35.194496
2022-05-26 04:00:00,34.77,34.98,34.5313,34.89,90798.0,637.0,34.673302
2022-05-27 04:00:00,34.4279,34.59,34.34,34.38,104084.0,570.0,34.451261
2022-05-31 04:00:00,34.88,35.1402,34.2,34.34,114310.0,716.0,34.710745
2022-06-01 04:00:00,34.0,34.86,33.81,34.21,110006.0,892.0,34.241608
2022-06-02 04:00:00,34.21,34.3,33.461,33.63,87375.0,699.0,33.727812
2022-06-03 04:00:00,33.91,34.14,33.6614,34.04,58162.0,409.0,33.90971
2022-06-06 04:00:00,33.72,34.1599,33.5992,33.95,88594.0,659.0,33.960396
2022-06-07 04:00:00,34.5485,34.58,33.62,33.77,204172.0,703.0,33.923163
2022-06-08 04:00:00,33.92,34.0499,33.54,33.7,95693.0,458.0,33.836988
2022-06-09 04:00:00,33.9656,34.425,33.7766,34.38,43193.0,360.0,34.143575
2022-06-10 04:00:00,35.25,35.8799,35.07,35.47,265373.0,1275.0,35.4087
2022-06-13 04:00:00,36.66,37.6996,36.4205,37.54,415410.0,2011.0,37.246634
2022-06-14 04:00:00,37.535,37.7,36.93,37.08,112735.0,910.0,37.282557
2022-06-15 04:00:00,36.55,36.57,35.13,35.62,346910.0,1614.0,35.750557
2022-06-16 04:00:00,36.64,37.43,36.48,37.12,206065.0,1331.0,37.032965
2022-06-17 04:00:00,36.85,37.1,36.23,36.4,212012.0,768.0,36.434842
2022-06-21 04:00:00,35.6,35.72,35.1,35.54,387771.0,2523.0,35.427235
2022-06-22 04:00:00,36.04,36.04,35.14,35.24,70271.0,644.0,35.569526
2022-06-23 04:00:00,35.04,35.63,34.88,35.2,130899.0,1134.0,35.281031
2022-06-24 04:00:00,34.86,34.86,34.5,34.75,271173.0,935.0,34.629467
2022-06-27 04:00:00,34.6,34.74,34.2506,34.43,94733.0,549.0,34.456133
2022-06-28 04:00:00,34.2,35.18,34.1324,34.975,174578.0,842.0,34.826485
2022-06-29 04:00:00,35.07,35.42,34.9496,35.08,57294.0,399.0,35.232207
2022-06-30 04:00:00,35.6,35.91,35.25,35.38,112973.0,656.0,35.565446
2022-07-01 04:00:00,35.59,35.74,34.95,35.01,102810.0,685.0,35.345082
2022-07-05 04:00:00,35.54,35.727,34.84,34.84,145231.0,805.0,35.415762
2022-07-06 04:00:00,34.91,35.3199,34.75,34.79,113462.0,561.0,34.959958
2022-07-07 04:00:00,34.55,34.7,34.4,34.64,31530.0,377.0,34.597221
2022-07-08 04:00:00,34.59,34.73,34.27,34.41,39490.0,520.0,34.4597
2022-07-11 04:00:00,34.71,35.01,34.5601,34.93,267403.0,974.0,34.70271
2022-07-12 04:00:00,34.93,35.25,34.621,35.08,49279.0,437.0,34.980495
2022-07-13 04:00:00,35.5,35.51,34.82,35.11,106678.0,921.0,35.187764
2022-07-14 04:00:00,35.75,36.0,35.1808,35.28,182567.0,1128.0,35.649774
2022-07-15 04:00:00,34.85,35.02,34.55,34.64,121677.0,823.0,34.699012
2022-07-18 04:00:00,34.37,35.23,34.3,35.11,88906.0,593.0,34.810792
2022-07-19 04:00:00,34.69,34.7,34.24,34.47,81853.0,602.0,34.431577
2022-07-20 04:00:00,34.48,34.48,34.11,34.16,64801.0,487.0,34.32147
2022-07-21 04:00:00,34.06,34.41,33.95,34.09,31189.0,370.0,34.116792
2022-07-22 04:00:00,34.06,34.56,34.0,34.2,32937.0,425.0,34.219253
2022-07-25 04:00:00,34.11,34.36,33.9734,34.23,84747.0,536.0,34.188999
2022-07-26 04:00:00,34.16,34.55,34.16,34.355,37221.0,371.0,34.375909
2022-07-27 04:00:00,33.97,33.98,33.54,33.7,86037.0,701.0,33.712137
2022-07-28 04:00:00,33.52,33.82,33.0,33.04,88456.0,895.0,33.246301
2022-07-29 04:00:00,32.76,32.8088,32.31,32.31,147443.0,773.0,32.503209
2022-08-01 04:00:00,32.61,33.19,32.555,33.15,73718.0,627.0,32.849192
2022-08-02 04:00:00,33.38,33.63,32.8414,33.52,63555.0,1054.0,33.374479
2022-08-03 04:00:00,33.23,33.23,32.78,32.81,49970.0,464.0,32.967524
2022-08-04 04:00:00,32.99,33.2791,32.99,33.26,23604.0,251.0,33.155705
2022-08-05 04:00:00,33.66,33.66,33.07,33.15,38637.0,404.0,33.3321
2022-08-08 04:00:00,33.15,33.41,32.87,33.22,33723.0,372.0,33.169319
2022-08-09 04:00:00,33.45,33.53,33.27,33.43,101096.0,659.0,33.387956
2022-08-10 04:00:00,32.97,33.0,32.43,32.51,101570.0,725.0,32.67205
2022-08-11 04:00:00,32.4,32.9,32.32,32.55,99848.0,767.0,32.573324
2022-08-12 04:00:00,32.47,32.47,32.08,32.31,110217.0,599.0,32.247279
2022-08-15 04:00:00,32.36,32.36,32.0248,32.09,82397.0,513.0,32.121487
2022-08-16 04:00:00,32.12,32.27,31.98,32.11,65928.0,478.0,32.125498
2022-08-17 04:00:00,32.52,32.61,32.14,32.31,57584.0,380.0,32.402689
2022-08-18 04:00:00,32.34,32.43,32.09,32.26,307068.0,1530.0,32.254889
2022-08-19 04:00:00,32.59,33.16,32.485,32.83,104880.0,586.0,32.923673
2022-08-22 04:00:00,33.33,33.6,33.22,33.5,158995.0,1076.0,33.427347
2022-08-23 04:00:00,33.52,33.55,33.16,33.32,77667.0,455.0,33.38016
2022-08-24 04:00:00,33.27,33.27,32.84,32.93,65009.0,542.0,33.009619
2022-08-25 04:00:00,32.86,32.9,32.36,32.4,103982.0,1163.0,32.563785
2022-08-26 04:00:00,32.45,33.7475,32.35,33.6,105039.0,902.0,33.255617
2022-08-29 04:00:00,33.88,33.88,33.31,33.34,61753.0,411.0,33.607393
2022-08-30 04:00:00,33.25,33.86,33.25,33.55,105402.0,545.0,33.520591
2022-08-31 04:00:00,33.3,33.5579,33.151,33.39,31848.0,206.0,33.358009
2022-09-01 04:00:00,33.6,33.9962,33.15,33.18,166599.0,987.0,33.655947
2022-09-02 04:00:00,32.64,33.5,32.461,33.26,103287.0,781.0,33.15805
2022-09-06 04:00:00,32.83,33.7195,32.83,33.48,65756.0,546.0,33.380104
2022-09-07 04:00:00,33.46,33.51,32.73,32.81,67943.0,520.0,33.005947
2022-09-08 04:00:00,33.13,33.13,32.55,32.64,63297.0,504.0,32.711595
2022-09-09 04:00:00,32.25,32.49,32.1589,32.47,129802.0,428.0,32.297318
2022-09-12 04:00:00,32.16,32.43,32.02,32.27,130217.0,404.0,32.318221
2022-09-13 04:00:00,33.3,33.87,32.91,33.68,144834.0,726.0,33.257678
2022-09-14 04:00:00,33.54,33.819,33.3232,33.54,43711.0,359.0,33.547959
2022-09-15 04:00:00,33.73,33.75,33.22,33.58,53246.0,287.0,33.476742
2022-09-16 04:00:00,34.0,34.26,33.5,33.55,201119.0,535.0,34.072437
2022-09-19 04:00:00,33.94,33.94,32.9,32.92,82684.0,597.0,33.323534
2022-09-20 04:00:00,33.215,33.38,33.0,33.14,47148.0,367.0,33.198568
2022-09-21 04:00:00,32.98,33.47,32.6466,33.41,55272.0,680.0,32.985617
2022-09-22 04:00:00,33.4,33.62,33.09,33.37,62862.0,407.0,33.332197
2022-09-23 04:00:00,33.67,34.8428,33.67,34.335,190445.0,1425.0,34.251869
2022-09-26 04:00:00,34.54,35.17,34.09,35.12,88443.0,923.0,34.796034
2022-09-27 04:00:00,34.6,35.6976,34.58,35.27,114053.0,656.0,35.181069
2022-09-28 04:00:00,35.15,35.45,34.65,34.72,53145.0,418.0,34.874727
2022-09-29 04:00:00,35.26,35.72,35.1029,35.26,197823.0,1015.0,35.493237
2022-09-30 04:00:00,35.19,35.57,34.68,35.5,166397.0,673.0,35.232985
2022-10-03 04:00:00,35.03,35.0962,34.46,34.78,108716.0,687.0,34.621567
2022-10-04 04:00:00,34.18,34.54,34.07,34.51,301127.0,329.0,34.250745
2022-10-05 04:00:00,34.75,35.13,34.53,34.66,83287.0,528.0,34.719705
2022-10-06 04:00:00,34.45,35.21,34.38,35.15,48575.0,316.0,34.990345
2022-10-07 04:00:00,35.36,36.09,35.2801,35.72,134062.0,713.0,35.760279
2022-10-10 04:00:00,35.86,36.58,35.86,36.27,78834.0,488.0,36.214379
2022-10-11 04:00:00,36.39,36.7838,35.96,36.59,24898.0,367.0,36.404824
2022-10-12 04:00:00,36.54,36.7,36.3272,36.47,148333.0,705.0,36.58975
2022-10-13 04:00:00,36.88,36.949,35.6299,35.73,124138.0,465.0,36.044116
2022-10-14 04:00:00,35.13,36.72,35.13,36.4,51652.0,467.0,36.202172
2022-10-17 04:00:00,35.71,35.83,35.3201,35.72,44041.0,409.0,35.501766
2022-10-18 04:00:00,35.32,35.6,35.215,35.36,49659.0,339.0,35.38744
2022-10-19 04:00:00,35.53,35.8,35.27,35.45,84807.0,581.0,35.389082
2022-10-20 04:00:00,35.45,35.6598,35.0,35.47,37388.0,302.0,35.379424
2022-10-21 04:00:00,35.17,35.3251,34.98,35.24,75909.0,505.0,35.189775
2022-10-24 04:00:00,35.17,35.54,34.98,35.03,100148.0,312.0,35.291137
2022-10-25 04:00:00,34.99,35.4193,34.2753,34.33,48767.0,540.0,34.613485
2022-10-26 04:00:00,34.48,34.48,33.77,33.92,92334.0,674.0,33.979799
2022-10-27 04:00:00,34.3,34.3,33.57,33.77,59647.0,481.0,33.717711
2022-10-28 04:00:00,33.71,33.71,33.0326,33.19,43342.0,397.0,33.269944
2022-10-31 04:00:00,33.32,33.445,33.085,33.13,28497.0,334.0,33.252014
2022-11-01 04:00:00,32.86,33.0199,32.7,32.76,147138.0,855.0,32.915535
2022-11-02 04:00:00,32.8,33.21,32.35,33.08,175779.0,949.0,32.725716
2022-11-03 04:00:00,33.26,33.4132,32.5,32.68,77175.0,596.0,33.103414
2022-11-04 04:00:00,32.295,32.7299,31.9154,32.28,158772.0,864.0,32.405455
2022-11-07 05:00:00,32.05,32.3199,31.9373,32.13,67246.0,572.0,32.138071
2022-11-08 05:00:00,32.0,32.62,31.9449,32.47,63236.0,513.0,32.189679
2022-11-09 05:00:00,32.49,33.3,32.4847,33.27,58394.0,475.0,32.934728
2022-11-10 05:00:00,32.14,32.51,32.0311,32.42,107292.0,745.0,32.167492
2022-11-11 05:00:00,32.4,32.71,32.32,32.66,62646.0,330.0,32.470502
2022-11-14 05:00:00,32.62,32.79,32.28,32.79,100719.0,579.0,32.676533
2022-11-15 05:00:00,32.45,33.03,32.415,32.83,39008.0,473.0,32.696309
2022-11-16 05:00:00,32.98,32.98,32.5607,32.67,122051.0,637.0,32.798932
2022-11-17 05:00:00,33.05,33.11,32.53,32.63,32280.0,292.0,32.723052
2022-11-18 05:00:00,32.31,32.64,32.3,32.33,24338.0,333.0,32.450176
2022-11-21 05:00:00,32.3,32.3,31.87,31.93,50444.0,501.0,32.028492
2022-11-22 05:00:00,31.81,31.81,31.31,31.32,60944.0,523.0,31.507443
2022-11-23 05:00:00,31.255,31.39,31.0,31.04,157490.0,773.0,31.12846
2022-11-25 05:00:00,31.02,31.25,30.99,31.25,26806.0,228.0,31.052312
2022-11-28 05:00:00,31.43,31.92,31.37,31.81,190059.0,897.0,31.608355
2022-11-29 05:00:00,31.89,31.9,31.55,31.55,61252.0,312.0,31.808216
2022-11-30 05:00:00,31.58,31.78,30.87,30.92,93362.0,596.0,31.245497
2022-12-01 05:00:00,30.75,31.06,30.6,30.61,122037.0,779.0,30.795376
2022-12-02 05:00:00,30.95,30.95,30.28,30.3,75016.0,661.0,30.675068
2022-12-05 05:00:00,30.59,30.72,30.45,30.6,107328.0,647.0,30.574683
2022-12-06 05:00:00,30.36,30.8616,30.32,30.73,186032.0,546.0,30.629781
2022-12-07 05:00:00,30.78,31.0,30.6964,30.83,102441.0,610.0,30.814237
2022-12-08 05:00:00,30.79,30.911,30.49,30.49,68722.0,425.0,30.655577
2022-12-09 05:00:00,30.54,30.87,30.39,30.86,44800.0,302.0,30.594614
2022-12-12 05:00:00,30.9,30.9,30.5,30.5,66352.0,585.0,30.663576
2022-12-13 05:00:00,29.76,30.566,29.72,30.17,59479.0,452.0,29.974048
2022-12-14 05:00:00,30.11,30.4,29.77,29.84,78190.0,483.0,30.068959
2022-12-15 05:00:00,30.24,30.99,30.24,30.67,169681.0,814.0,30.774516
2022-12-16 05:00:00,31.14,31.4689,30.76,31.01,107795.0,744.0,31.161565
2022-12-19 05:00:00,31.03,31.08,30.59,30.88,144353.0,725.0,30.861152
2022-12-20 05:00:00,30.7,31.01,30.54,30.65,121067.0,647.0,30.704259
2022-12-21 05:00:00,30.4,30.5,30.07,30.25,112387.0,546.0,30.244016
2022-12-22 05:00:00,30.25,31.23,30.1865,30.97,93098.0,683.0,30.903326
2022-12-23 05:00:00,30.82,30.92,30.44,30.62,33073.0,265.0,30.732602
2022-12-27 05:00:00,30.54,30.84,30.48,30.6,85870.0,445.0,30.64356
2022-12-28 05:00:00,30.37,30.6641,30.17,30.62,49582.0,347.0,30.397275
2022-12-29 05:00:00,30.29,30.43,30.17,30.43,33661.0,309.0,30.257266
2022-12-30 05:00:00,30.53,30.7,30.36,30.36,151359.0,467.0,30.512031
2023-01-03 05:00:00,30.08,30.44,29.82,29.87,220269.0,624.0,30.190539
2023-01-04 05:00:00,29.7,29.75,29.28,29.28,163098.0,655.0,29.438164
2023-01-05 05:00:00,29.49,29.595,29.2901,29.35,133319.0,452.0,29.40935
2023-01-06 05:00:00,28.98,28.99,28.5,28.73,224883.0,682.0,28.654031
2023-01-09 05:00:00,28.52,28.76,28.25,28.67,130645.0,790.0,28.472742
2023-01-10 05:00:00,28.58,28.5921,27.88,27.95,121120.0,601.0,28.056681
2023-01-11 05:00:00,27.91,28.09,27.7712,27.99,202582.0,592.0,27.941197
2023-01-12 05:00:00,27.71,27.8299,27.34,27.4,219442.0,705.0,27.564991
2023-01-13 05:00:00,27.58,27.58,26.7572,26.85,191151.0,1009.0,26.950189
2023-01-17 05:00:00,26.91,27.2179,26.88,26.93,121871.0,765.0,27.008611
2023-01-18 05:00:00,26.94,27.67,26.9115,27.59,125871.0,666.0,27.366295
2023-01-19 05:00:00,27.88,27.9795,27.4307,27.57,61194.0,367.0,27.721099
2023-01-20 05:00:00,27.62,27.62,26.95,26.95,143119.0,430.0,27.207
2023-01-23 05:00:00,26.94,26.97,26.5,26.5,110359.0,611.0,26.723309
2023-01-24 05:00:00,26.57,26.67,26.0,26.01,60304.0,318.0,26.227068
2023-01-25 05:00:00,26.37,26.54,25.82,25.86,319844.0,1163.0,26.10117
2023-01-26 05:00:00,25.73,25.83,25.49,25.615,44292.0,322.0,25.698366
2023-01-27 05:00:00,25.64,25.64,25.1372,25.28,59850.0,380.0,25.282696
2023-01-30 05:00:00,25.56,25.72,25.35,25.4,89409.0,746.0,25.527555
2023-01-31 05:00:00,25.35,25.3699,25.03,25.13,97442.0,428.0,25.089427
2023-02-01 05:00:00,25.17,25.4,24.65,24.81,187684.0,1114.0,25.023001
2023-02-02 05:00:00,24.6,25.33,24.5001,25.08,202602.0,565.0,24.868854
2023-02-03 05:00:00,25.38,25.646,25.12,25.43,76424.0,393.0,25.438181
2023-02-06 05:00:00,25.4761,25.68,25.3601,25.56,57462.0,381.0,25.558078
2023-02-07 05:00:00,25.71,25.71,25.0,25.27,106786.0,811.0,25.314218
2023-02-08 05:00:00,25.46,25.892,25.27,25.85,32301.0,305.0,25.630609
2023-02-09 05:00:00,25.53,26.32,25.36,26.2,28772.0,671.0,25.848071
2023-02-10 05:00:00,26.5,26.76,26.3401,26.62,37090.0,361.0,26.571602
2023-02-13 05:00:00,26.47,26.47,25.96,26.0,30933.0,220.0,26.175718
2023-02-14 05:00:00,25.91,26.0,25.4,25.48,74826.0,324.0,25.583397
2023-02-15 05:00:00,25.76,25.76,25.35,25.35,24398.0,168.0,25.552069
2023-02-16 05:00:00,25.7582,25.935,25.3604,25.92,30758.0,208.0,25.725175
2023-02-17 05:00:00,26.1,26.41,25.94,25.99,52833.0,259.0,26.188677
2023-02-21 05:00:00,26.53,27.0,26.4391,26.85,84064.0,536.0,26.837423
2023-02-22 05:00:00,26.78,27.07,26.45,26.45,42613.0,381.0,26.710306
2023-02-23 05:00:00,26.2,26.6186,26.01,26.05,39631.0,305.0,26.270582
2023-02-24 05:00:00,26.72,26.89,26.4932,26.71,52763.0,302.0,26.739997
2023-02-27 05:00:00,26.22,26.35,26.1182,26.23,27881.0,245.0,26.234617
2023-02-28 05:00:00,26.2,26.2,25.81,25.91,42180.0,223.0,25.907953
2023-03-01 05:00:00,25.96,26.25,25.8601,26.18,124277.0,354.0,26.053298
2023-03-02 05:00:00,26.45,26.45,25.55,25.6,104798.0,292.0,25.826604
2023-03-03 05:00:00,25.46,25.5305,25.16,25.24,53011.0,402.0,25.305675
2023-03-06 05:00:00,25.14,25.14,24.78,24.78,42517.0,335.0,24.943841
2023-03-07 05:00:00,24.85,25.181,24.69,25.15,37897.0,262.0,24.968027
2023-03-08 05:00:00,25.13,25.1347,24.82,24.93,16452.0,129.0,24.970428
2023-03-09 05:00:00,24.66,26.1175,24.59,26.08,75190.0,387.0,25.522477
2023-03-10 05:00:00,26.12,28.794,26.12,27.56,104498.0,941.0,27.403032
2023-03-13 04:00:00,28.7,28.8795,27.7401,28.06,100803.0,611.0,28.315914
2023-03-14 04:00:00,26.8,27.6,26.49,27.3,58778.0,432.0,27.010561
2023-03-15 04:00:00,28.75,29.842,28.38,28.78,161646.0,835.0,29.036834
2023-03-16 04:00:00,29.27,29.27,27.32,27.34,139094.0,714.0,28.016279
2023-03-17 04:00:00,27.9,29.16,27.7745,28.82,130885.0,776.0,28.653644
2023-03-20 04:00:00,29.18,29.3698,28.58,28.78,63070.0,385.0,28.85888
2023-03-21 04:00:00,28.1,28.1,27.29,27.37,144325.0,456.0,27.671814
2023-03-22 04:00:00,27.48,27.62,26.67,27.59,66834.0,422.0,27.050675
2023-03-23 04:00:00,27.1312,28.25,26.661,28.05,91082.0,382.0,27.189855
2023-03-24 04:00:00,28.42,29.26,27.88,27.88,60883.0,405.0,28.534461
2023-03-27 04:00:00,27.81,27.8199,27.1601,27.22,39039.0,295.0,27.471548
2023-03-28 04:00:00,27.25,27.4895,27.02,27.07,48439.0,254.0,27.20379
2023-03-29 04:00:00,26.62,26.87,26.58,26.69,48967.0,296.0,26.674101
2023-03-30 04:00:00,26.53,27.13,26.53,26.79,77385.0,167.0,26.956193
2023-03-31 04:00:00,26.84,26.84,26.64,26.82,61528.0,407.0,26.753963
2023-04-03 04:00:00,26.94,27.06,26.43,26.47,103033.0,363.0,26.628007
2023-04-04 04:00:00,26.7,27.25,26.7,27.07,127814.0,421.0,27.083281
2023-04-05 04:00:00,27.1,27.4946,27.1,27.16,78039.0,265.0,27.264785
2023-04-06 04:00:00,27.27,27.37,26.8642,26.95,28187.0,193.0,27.040378
2023-04-10 04:00:00,27.25,27.32,26.57,26.63,55273.0,297.0,27.0242
2023-04-11 04:00:00,26.505,26.6595,26.3585,26.59,42939.0,291.0,26.529386
2023-04-12 04:00:00,26.24,26.57,26.18,26.48,112734.0,359.0,26.314126
2023-04-13 04:00:00,26.29,26.29,25.9601,26.14,52715.0,284.0,26.085213
2023-04-14 04:00:00,26.45,26.49,26.23,26.34,34085.0,247.0,26.328136
2023-04-17 04:00:00,26.24,26.24,25.83,25.96,105665.0,810.0,25.931278
2023-04-18 04:00:00,26.05,26.23,26.0,26.07,35245.0,282.0,26.128333
2023-04-19 04:00:00,26.34,26.37,26.01,26.19,48713.0,309.0,26.204905
2023-04-20 04:00:00,26.61,26.63,26.208,26.53,98524.0,508.0,26.456398
2023-04-21 04:00:00,26.5,26.65,26.39,26.52,61341.0,391.0,26.512346
2023-04-24 04:00:00,26.55,26.7349,26.46,26.51,81739.0,433.0,26.555877
2023-04-25 04:00:00,26.585,27.51,26.5401,27.49,142039.0,928.0,27.108452
2023-04-26 04:00:00,27.25,27.3,26.81,27.1,115101.0,485.0,27.030349
2023-04-27 04:00:00,26.86,26.87,26.666,26.87,37912.0,307.0,26.782909
2023-04-28 04:00:00,26.88,27.03,26.78,26.78,73910.0,410.0,26.862747
2023-05-01 04:00:00,26.87,26.87,26.23,26.41,56592.0,479.0,26.412972
2023-05-02 04:00:00,26.48,27.5391,26.48,26.85,112021.0,678.0,27.105261
2023-05-03 04:00:00,26.89,27.24,26.71,27.21,78144.0,490.0,26.990731
2023-05-04 04:00:00,27.5,27.96,27.35,27.77,225467.0,898.0,27.771762
2023-05-05 04:00:00,27.22,27.29,26.8,26.95,235773.0,742.0,26.957681
2023-05-08 04:00:00,26.95,27.09,26.74,26.76,38421.0,364.0,26.856021
2023-05-09 04:00:00,26.89,26.9503,26.6639,26.78,30873.0,285.0,26.813945
2023-05-10 04:00:00,26.52,27.0,26.3853,26.46,30379.0,445.0,26.559802
2023-05-11 04:00:00,26.64,26.8339,26.22,26.31,34161.0,274.0,26.567865
2023-05-12 04:00:00,26.2,26.59,26.13,26.39,45644.0,369.0,26.334112
2023-05-15 04:00:00,26.34,26.44,26.13,26.17,57674.0,325.0,26.288078
2023-05-16 04:00:00,26.28,26.6385,26.19,26.6385,22211.0,212.0,26.374315
2023-05-17 04:00:00,26.25,26.38,26.08,26.19,41340.0,345.0,26.213237
2023-05-18 04:00:00,26.08,26.1144,25.7972,25.84,40923.0,311.0,25.904701
2023-05-19 04:00:00,25.76,26.27,25.565,26.23,50670.0,381.0,25.915544
2023-05-22 04:00:00,26.25,26.27,25.93,26.06,50409.0,351.0,26.053403
2023-05-23 04:00:00,26.16,26.38,25.844,26.15,63864.0,257.0,26.108552
2023-05-24 04:00:00,26.15,26.3,26.07,26.15,76375.0,437.0,26.200348
2023-05-25 04:00:00,25.91,26.2101,25.84,25.93,479861.0,892.0,25.978967
2023-05-26 04:00:00,25.76,25.76,25.405,25.41,63930.0,371.0,25.54917
2023-05-30 04:00:00,24.87,25.43,24.87,25.25,52868.0,428.0,25.154582
2023-05-31 04:00:00,25.3378,25.43,24.94,24.98,26231.0,236.0,25.133356
2023-06-01 04:00:00,24.82,24.88,24.16,24.17,485128.0,1151.0,24.371758
2023-06-02 04:00:00,23.9,23.95,23.39,23.67,77799.0,584.0,23.705405
2023-06-05 04:00:00,23.51,23.7053,23.44,23.45,129674.0,449.0,23.572599
2023-06-06 04:00:00,23.37,23.395,22.54,22.59,251073.0,786.0,22.994553
2023-06-07 04:00:00,22.75,22.88,22.68,22.82,241817.0,507.0,22.748617
2023-06-08 04:00:00,22.75,22.7807,22.33,22.35,89504.0,509.0,22.445871
2023-06-09 04:00:00,22.34,22.48,22.18,22.31,47948.0,347.0,22.359323
2023-06-12 04:00:00,22.4,22.58,22.26,22.29,73876.0,422.0,22.346255
2023-06-13 04:00:00,22.12,22.39,22.02,22.24,150758.0,712.0,22.258122
2023-06-14 04:00:00,22.35,22.35,21.94,22.04,69872.0,449.0,22.078046
2023-06-15 04:00:00,21.93,22.18,21.89,22.18,60390.0,357.0,22.009694
2023-06-16 04:00:00,22.15,22.28,21.72,21.81,68873.0,404.0,21.944454
2023-06-20 04:00:00,21.92,22.16,21.9,22.12,293072.0,781.0,22.051859
2023-06-21 04:00:00,21.96,21.98,21.84,21.9055,62154.0,513.0,21.894429
2023-06-22 04:00:00,22.07,22.08,21.7001,21.7601,31924.0,315.0,21.868116
2023-06-23 04:00:00,21.94,22.09,21.73,21.93,91945.0,444.0,21.90653
2023-06-26 04:00:00,21.778,21.804,21.4811,21.65,76191.0,444.0,21.599919
2023-06-27 04:00:00,21.52,21.52,21.041,21.12,149461.0,638.0,21.157748
2023-06-28 04:00:00,21.0,21.03,20.58,20.58,148536.0,869.0,20.796731
2023-06-29 04:00:00,20.66,20.92,20.64,20.91,121037.0,692.0,20.822197
2023-06-30 04:00:00,20.75,20.7766,20.44,20.475,86271.0,612.0,20.610285
2023-07-03 04:00:00,20.48,20.52,20.36,20.5182,52351.0,353.0,20.45072
2023-07-05 04:00:00,20.72,20.72,20.5,20.5,130422.0,264.0,20.562031
2023-07-06 04:00:00,20.72,21.728,20.72,20.95,265964.0,1021.0,21.28697
2023-07-07 04:00:00,21.12,21.12,20.484,20.68,98482.0,732.0,20.689708
2023-07-10 04:00:00,20.56,20.63,20.33,20.34,14475.0,165.0,20.500643
2023-07-11 04:00:00,20.25,20.44,20.12,20.25,42652.0,390.0,20.280031
2023-07-12 04:00:00,19.95,19.95,19.66,19.8,173483.0,944.0,19.775668
2023-07-13 04:00:00,19.57,19.84,19.47,19.8299,68744.0,471.0,19.702061
2023-07-14 04:00:00,19.89,19.96,19.5801,19.71,118974.0,917.0,19.717724
2023-07-17 04:00:00,19.9,19.9,19.4799,19.77,80900.0,438.0,19.662745
2023-07-18 04:00:00,19.9,19.9,19.63,19.75,74594.0,524.0,19.716799
2023-07-19 04:00:00,19.75,20.05,19.67,20.01,81717.0,554.0,19.85665
2023-07-20 04:00:00,19.95,20.14,19.81,20.09,73154.0,355.0,19.974574
2023-07-21 04:00:00,20.1,20.1,19.71,19.893,35215.0,293.0,19.807597
2023-07-24 04:00:00,19.845,19.85,19.58,19.67,68150.0,392.0,19.677792
2023-07-25 04:00:00,19.85,19.85,19.4369,19.6,45685.0,326.0,19.520689
2023-07-26 04:00:00,19.74,19.74,19.33,19.33,48001.0,362.0,19.509299
2023-07-27 04:00:00,19.3,19.955,19.2321,19.75,56103.0,554.0,19.508233
2023-07-28 04:00:00,19.25,19.54,19.2421,19.47,353948.0,511.0,19.375574
2023-07-31 04:00:00,19.36,19.5558,19.355,19.37,85659.0,390.0,19.413645
2023-08-01 04:00:00,19.77,19.77,19.44,19.58,62210.0,529.0,19.600973
2023-08-02 04:00:00,19.96,20.55,19.96,20.23,196564.0,716.0,20.331324
2023-08-03 04:00:00,20.52,20.7084,20.1106,20.13,87112.0,625.0,20.422783
2023-08-04 04:00:00,20.12,20.53,19.7599,20.42,54414.0,409.0,20.033887
2023-08-07 04:00:00,20.09,20.19,19.86,19.889,22236.0,284.0,19.983771
2023-08-08 04:00:00,20.265,20.8599,20.19,20.24,41534.0,399.0,20.57252
2023-08-09 04:00:00,20.12,20.42,19.9,20.21,64302.0,579.0,20.087417
2023-08-10 04:00:00,19.87,20.35,19.68,20.23,148067.0,540.0,20.087199
2023-08-11 04:00:00,20.3,20.3,19.81,19.9,24722.0,233.0,19.979089
2023-08-14 04:00:00,20.01,20.15,19.7441,19.76,35574.0,281.0,19.91985
2023-08-15 04:00:00,19.88,20.4278,19.88,20.35,79051.0,415.0,20.246298
2023-08-16 04:00:00,20.27,20.55,20.05,20.53,220077.0,511.0,20.361861
2023-08-17 04:00:00,20.37,20.93,20.3658,20.79,112184.0,475.0,20.669579
2023-08-18 04:00:00,21.17,21.245,20.6,20.6,60837.0,409.0,20.961782
2023-08-21 04:00:00,20.58,20.75,20.3,20.43,43657.0,359.0,20.482606
2023-08-22 04:00:00,20.32,20.6228,20.27,20.58,19785.0,196.0,20.509996
2023-08-23 04:00:00,20.4126,20.43,20.211,20.34,155956.0,400.0,20.319415
2023-08-24 04:00:00,20.09,20.65,20.0705,20.65,32442.0,262.0,20.339109
2023-08-25 04:00:00,20.43,20.61,19.972,20.11,67375.0,493.0,20.306496
2023-08-28 04:00:00,19.99,20.0,19.69,19.78,198744.0,1097.0,19.790306
2023-08-29 04:00:00,19.73,19.73,19.37,19.49,184523.0,575.0,19.515793
2023-08-30 04:00:00,19.48,19.5178,19.26,19.32,61496.0,528.0,19.345645
2023-08-31 04:00:00,19.32,19.32,19.042,19.09,248221.0,694.0,19.112321
2023-09-01 04:00:00,18.9,19.06,18.84,19.05,187991.0,769.0,18.923082
2023-09-05 04:00:00,19.07,19.1155,18.81,18.94,87530.0,543.0,19.004615
2023-09-06 04:00:00,19.03,19.29,19.03,19.18,45317.0,407.0,19.139181
2023-09-07 04:00:00,19.41,19.42,18.96,18.96,95762.0,612.0,19.201204
2023-09-08 04:00:00,18.95,18.95,18.69,18.78,37092.0,374.0,18.776035
2023-09-11 04:00:00,18.53,18.7055,18.44,18.44,37688.0,346.0,18.571299
2023-09-12 04:00:00,18.48,18.55,18.3261,18.55,22363.0,240.0,18.436251
2023-09-13 04:00:00,18.46,18.53,18.3461,18.47,22438.0,288.0,18.431965
2023-09-14 04:00:00,18.39,18.39,18.15,18.15,86671.0,439.0,18.283241
2023-09-15 04:00:00,18.23,18.51,18.16,18.51,79003.0,316.0,18.310639
2023-09-18 04:00:00,18.65,18.6543,18.275,18.45,68730.0,303.0,18.41194
2023-09-19 04:00:00,18.395,18.6947,18.28,18.29,74037.0,275.0,18.56766
2023-09-20 04:00:00,18.2,18.6,18.12,18.58,82309.0,346.0,18.348767
2023-09-21 04:00:00,18.97,19.12,18.88,19.09,85987.0,413.0,19.029621
2023-09-22 04:00:00,19.04,19.1434,18.92,19.13,32581.0,284.0,19.042562
2023-09-25 04:00:00,19.37,19.41,19.0733,19.17,106766.0,760.0,19.260956
2023-09-26 04:00:00,19.37,20.01,19.28,19.97,98689.0,497.0,19.647213
2023-09-27 04:00:00,19.79,20.3,19.71,19.71,101560.0,500.0,19.961124
2023-09-28 04:00:00,19.77,19.88,19.22,19.26,193699.0,547.0,19.279158
2023-09-29 04:00:00,18.93,19.4649,18.91,19.41,67194.0,403.0,19.203279
2023-10-02 04:00:00,19.44,19.55,19.2,19.38,59493.0,465.0,19.436536
2023-10-03 04:00:00,19.7,20.4678,19.545,20.4499,236153.0,794.0,20.262154
2023-10-04 04:00:00,20.47,20.526,20.08,20.11,60915.0,473.0,20.239758
2023-10-05 04:00:00,20.0,20.54,20.0,20.06,121487.0,227.0,20.258864
2023-10-06 04:00:00,20.34,20.4562,19.6,19.71,97495.0,364.0,19.729942
2023-10-09 04:00:00,20.15,20.26,19.75,19.8,98292.0,513.0,19.922969
2023-10-10 04:00:00,19.66,19.6751,19.3,19.42,192082.0,1211.0,19.423442
2023-10-11 04:00:00,19.44,19.6718,19.18,19.18,22213.0,194.0,19.297792
2023-10-12 04:00:00,19.17,19.8,19.04,19.56,24213.0,181.0,19.397716
2023-10-13 04:00:00,19.56,20.71,19.51,20.68,240538.0,501.0,20.345701
2023-10-16 04:00:00,20.285,20.3,19.87,19.95,114974.0,1044.0,20.031542
2023-10-17 04:00:00,20.21,20.41,19.77,20.24,74960.0,455.0,20.17446
2023-10-18 04:00:00,20.47,20.8748,20.4453,20.795,49198.0,563.0,20.705673
2023-10-19 04:00:00,20.65,21.49,20.64,21.48,59812.0,471.0,21.1525
2023-10-20 04:00:00,21.52,21.75,21.3842,21.71,119444.0,914.0,21.576433
2023-10-23 04:00:00,21.91,22.0,20.96,21.16,234748.0,1390.0,21.356743
2023-10-24 04:00:00,20.85,21.1331,20.5701,20.65,93463.0,415.0,20.915328
2023-10-25 04:00:00,20.74,21.46,20.73,21.43,91945.0,527.0,21.118771
2023-10-26 04:00:00,21.39,21.772,21.23,21.5,90418.0,914.0,21.485821
2023-10-27 04:00:00,21.25,21.9,21.22,21.9,62476.0,502.0,21.662269
2023-10-30 04:00:00,21.5,21.55,20.94,20.97,57861.0,537.0,21.153468
2023-10-31 04:00:00,20.74,20.88,20.305,20.36,104053.0,675.0,20.555202
2023-11-01 04:00:00,20.19,20.2,19.68,19.68,219214.0,1053.0,19.982396
2023-11-02 04:00:00,19.43,19.56,19.28,19.31,198691.0,513.0,19.404321
2023-11-03 04:00:00,19.21,19.21,18.95,19.04,244041.0,531.0,19.051173
2023-11-06 05:00:00,18.885,18.9099,18.55,18.57,208633.0,932.0,18.784528
2023-11-07 05:00:00,18.59,18.6501,18.4775,18.51,66973.0,461.0,18.582074
2023-11-08 05:00:00,18.37,18.62,18.24,18.26,53292.0,434.0,18.419047
2023-11-09 05:00:00,18.14,18.66,18.1129,18.63,202949.0,369.0,18.28797
2023-11-10 05:00:00,18.47,18.498,18.06,18.14,39458.0,394.0,18.196179
2023-11-13 05:00:00,18.22,18.26,17.948,18.19,49769.0,276.0,18.02963
2023-11-14 05:00:00,17.84,18.19,17.82,18.18,37028.0,323.0,17.981285
2023-11-15 05:00:00,18.06,18.11,17.93,18.0,101293.0,537.0,18.047716
2023-11-16 05:00:00,17.96,18.0,17.74,17.7863,43471.0,396.0,17.888864
2023-11-17 05:00:00,17.7,17.75,17.6301,17.68,28955.0,266.0,17.693857
2023-11-20 05:00:00,17.63,17.64,17.51,17.64,47198.0,380.0,17.57392
2023-11-21 05:00:00,17.68,17.68,17.4,17.4,42116.0,255.0,17.546697
2023-11-22 05:00:00,17.27,17.6,17.24,17.5162,137864.0,421.0,17.414796
2023-11-24 05:00:00,17.52,17.54,17.12,17.12,45887.0,266.0,17.361421
2023-11-27 05:00:00,17.25,17.3,17.13,17.3,74479.0,835.0,17.238885
2023-11-28 05:00:00,17.24,17.26,17.11,17.16,72778.0,609.0,17.163792
2023-11-29 05:00:00,17.01,17.39,16.93,17.39,69985.0,424.0,17.157832
2023-11-30 05:00:00,17.28,17.39,17.2,17.21,113625.0,362.0,17.292632
2023-12-01 05:00:00,17.17,17.265,17.08,17.1,91914.0,910.0,17.143039
2023-12-04 05:00:00,17.25,17.47,17.19,17.28,49276.0,448.0,17.329392
2023-12-05 05:00:00,17.37,17.37,17.2,17.28,42777.0,518.0,17.286868
2023-12-06 05:00:00,17.18,17.37,17.18,17.28,65366.0,459.0,17.278433
2023-12-07 05:00:00,17.32,17.35,17.2,17.24,38636.0,319.0,17.270041
2023-12-08 05:00:00,17.2,17.2,16.93,16.93,45401.0,372.0,17.036628
2023-12-11 05:00:00,16.96,16.96,16.715,16.73,63020.0,441.0,16.82226
2023-12-12 05:00:00,16.58,16.61,16.341,16.47,97568.0,410.0,16.50194
2023-12-13 05:00:00,16.44,16.51,16.2039,16.24,68523.0,473.0,16.358802
2023-12-14 05:00:00,16.1,16.37,16.07,16.11,198472.0,1004.0,16.232195
2023-12-15 05:00:00,16.17,16.46,16.11,16.46,35012.0,294.0,16.30728
2023-12-18 05:00:00,16.47,16.61,16.4208,16.61,31107.0,274.0,16.493094
2023-12-19 05:00:00,16.69,16.99,16.68,16.97,38916.0,261.0,16.748524
2023-12-20 05:00:00,16.97,17.64,16.924,17.55,173595.0,730.0,17.399931
2023-12-21 05:00:00,17.435,17.53,17.29,17.34,67402.0,480.0,17.373307
2023-12-22 05:00:00,17.4,17.57,17.26,17.26,47087.0,343.0,17.439868
2023-12-26 05:00:00,17.25,17.31,17.09,17.11,39059.0,447.0,17.174517
2023-12-27 05:00:00,17.11,17.11,16.72,16.74,68920.0,502.0,16.8237
2023-12-28 05:00:00,16.64,16.76,16.64,16.71,27350.0,236.0,16.696466
2023-12-29 05:00:00,16.66,16.8116,16.63,16.75,112626.0,575.0,16.70493
2024-01-02 05:00:00,16.96,17.0,16.65,16.7,90381.0,600.0,16.850745
2024-01-03 05:00:00,16.8,17.05,16.68,16.89,39955.0,337.0,16.892005
2024-01-04 05:00:00,16.94,16.94,16.74,16.79,43654.0,364.0,16.828983
2024-01-05 05:00:00,16.83,16.83,16.44,16.45,53268.0,441.0,16.549947
2024-01-08 05:00:00,16.49,16.49,16.1,16.21,81612.0,528.0,16.223436
2024-01-09 05:00:00,16.32,16.32,16.0,16.02,54398.0,412.0,16.192929
2024-01-10 05:00:00,15.94,15.9596,15.8201,15.85,28150.0,366.0,15.88833
2024-01-11 05:00:00,15.71,16.13,15.64,15.9436,69518.0,632.0,15.853509
2024-01-12 05:00:00,15.89,16.06,15.83,16.0,57593.0,421.0,15.949368
2024-01-16 05:00:00,16.25,16.47,16.16,16.39,107211.0,664.0,16.367284
2024-01-17 05:00:00,16.72,16.84,16.4,16.57,115625.0,476.0,16.596766
2024-01-18 05:00:00,16.31,16.53,16.24,16.24,31382.0,314.0,16.310596
2024-01-19 05:00:00,16.12,16.17,15.92,15.99,76533.0,584.0,16.004991
2024-01-22 05:00:00,15.89,15.95,15.671,15.71,57234.0,452.0,15.80595
2024-01-23 05:00:00,15.55,15.5845,15.45,15.45,63675.0,418.0,15.516421
2024-01-24 05:00:00,15.3916,15.67,15.3916,15.64,67789.0,422.0,15.59809
2024-01-25 05:00:00,15.59,15.7452,15.55,15.7452,38478.0,264.0,15.674756
2024-01-26 05:00:00,15.72,15.73,15.6,15.66,37749.0,233.0,15.656516
2024-01-29 05:00:00,15.7,15.81,15.65,15.68,28807.0,255.0,15.6836
2024-01-30 05:00:00,15.62,15.71,15.59,15.71,61680.0,288.0,15.633184
2024-01-31 05:00:00,15.75,16.1619,15.71,16.11,80677.0,593.0,16.004343
2024-02-01 05:00:00,15.97,16.175,15.845,16.0,75193.0,494.0,15.984779
2024-02-02 05:00:00,16.01,16.06,15.85,16.06,57805.0,461.0,15.969507
2024-02-05 05:00:00,16.03,16.24,15.75,15.83,49164.0,453.0,15.897527
2024-02-06 05:00:00,15.72,15.87,15.64,15.66,31122.0,296.0,15.751796
2024-02-07 05:00:00,15.63,15.729,15.61,15.67,58311.0,467.0,15.664063
2024-02-08 05:00:00,15.68,15.77,15.5875,15.62,23183.0,293.0,15.654591
2024-02-09 05:00:00,15.58,15.75,15.4906,15.71,61498.0,380.0,15.616708
2024-02-12 05:00:00,15.74,16.04,15.64,16.02,61962.0,513.0,15.912828
2024-02-13 05:00:00,16.25,16.885,16.21,16.35,136375.0,918.0,16.460776
2024-02-14 05:00:00,16.12,16.34,15.97,16.14,50679.0,486.0,16.138301
2024-02-15 05:00:00,16.02,16.27,15.95,16.16,32277.0,345.0,16.1313
2024-02-16 05:00:00,16.13,16.22,15.99,16.09,54861.0,549.0,16.078472
2024-02-20 05:00:00,16.14,16.43,16.13,16.23,31299.0,419.0,16.298247
2024-02-21 05:00:00,16.28,16.28,16.02,16.02,87522.0,480.0,16.155922
2024-02-22 05:00:00,15.73,16.06,15.64,16.06,197357.0,510.0,15.834175
2024-02-23 05:00:00,15.83,15.91,15.7878,15.8,24806.0,281.0,15.850183
2024-02-26 05:00:00,15.66,15.7022,15.58,15.6238,68247.0,489.0,15.631441
2024-02-27 05:00:00,15.56,15.58,15.51,15.52,51916.0,463.0,15.553179
2024-02-28 05:00:00,15.62,15.74,15.55,15.68,44041.0,334.0,15.631199
2024-02-29 05:00:00,15.55,15.67,15.52,15.58,33717.0,348.0,15.616062
2024-03-01 05:00:00,15.57,15.7,15.51,15.62,70639.0,545.0,15.625158
2024-03-04 05:00:00,15.66,15.809,15.6304,15.79,44786.0,301.0,15.711376
2024-03-05 05:00:00,15.86,16.26,15.84,16.08,134518.0,803.0,15.993278
2024-03-06 05:00:00,15.84,16.07,15.84,16.0591,57631.0,312.0,15.968102
2024-03-07 05:00:00,15.96,16.17,15.925,16.13,27391.0,393.0,16.019478
2024-03-08 05:00:00,16.005,16.61,16.005,16.3,57598.0,501.0,16.321661
2024-03-11 04:00:00,16.37,16.51,16.165,16.27,31975.0,480.0,16.344625
2024-03-12 04:00:00,16.13,16.1899,15.96,16.075,2647920.0,599.0,16.177193
2024-03-13 04:00:00,16.07,16.12,15.93,16.04,576083.0,591.0,16.014157
2024-03-14 04:00:00,16.03,16.6,15.96,16.37,125032.0,716.0,16.299749
2024-03-15 04:00:00,16.43,16.77,16.3701,16.52,230901.0,596.0,16.668059
2024-03-18 04:00:00,16.37,16.37,16.2301,16.285,35087.0,450.0,16.294615
2024-03-19 04:00:00,16.27,16.29,16.03,16.05,66961.0,551.0,16.115154
2024-03-20 04:00:00,16.11,16.11,15.82,15.82,100339.0,614.0,15.90433
2024-03-21 04:00:00,15.74,15.963,15.74,15.88,181364.0,546.0,15.847494
2024-03-22 04:00:00,15.94,15.98,15.83,15.94,46617.0,397.0,15.909266
2024-03-25 04:00:00,16.0,16.0,15.8,15.91,46059.0,390.0,15.894186
2024-03-26 04:00:00,15.82,15.8392,15.75,15.8,52221.0,456.0,15.786768
2024-03-27 04:00:00,15.76,15.85,15.67,15.71,20226.0,342.0,15.71625
2024-03-28 04:00:00,15.73,15.8494,15.6701,15.8494,40493.0,358.0,15.752886
2024-04-01 04:00:00,15.85,15.96,15.77,15.83,45935.0,538.0,15.868787
2024-04-02 04:00:00,16.13,16.29,16.01,16.02,245445.0,863.0,16.212675
2024-04-03 04:00:00,16.13,16.13,15.8699,15.96,35476.0,375.0,15.958753
2024-04-04 04:00:00,15.79,16.34,15.79,16.29,45435.0,532.0,16.066038
2024-04-05 04:00:00,16.26,16.3429,16.12,16.29,56019.0,517.0,16.263838
2024-04-08 04:00:00,16.25,16.3,16.0,16.08,56807.0,422.0,16.140373
2024-04-09 04:00:00,16.06,16.25,15.98,16.0599,37347.0,357.0,16.1152
2024-04-10 04:00:00,16.3,16.42,16.14,16.235,59124.0,448.0,16.315546
2024-04-11 04:00:00,16.26,16.52,16.08,16.15,69287.0,465.0,16.282926
2024-04-12 04:00:00,16.49,16.94,16.451,16.64,3244502.0,1113.0,16.651853
2024-04-15 04:00:00,16.45,17.0,16.3737,17.0,82800.0,682.0,16.720398
2024-04-16 04:00:00,17.02,17.02,16.5,16.6,49311.0,516.0,16.771432
2024-04-17 04:00:00,16.46,16.741,16.352,16.43,29482.0,432.0,16.508298
2024-04-18 04:00:00,16.37,16.66,16.33,16.6,78595.0,441.0,16.51425
2024-04-19 04:00:00,16.52,16.76,16.42,16.55,61707.0,542.0,16.573756
2024-04-22 04:00:00,16.32,16.35,15.81,15.9,178444.0,743.0,16.181056
2024-04-23 04:00:00,15.74,15.76,15.55,15.62,3754711.0,2595.0,15.743531
2024-04-24 04:00:00,15.62,15.77,15.57,15.59,65886.0,541.0,15.66779
2024-04-25 04:00:00,15.9116,15.93,15.51,15.51,72566.0,577.0,15.791806
2024-04-26 04:00:00,15.34,15.56,15.27,15.51,1051923.0,610.0,15.477654
2024-04-29 04:00:00,15.4,15.4699,15.27,15.27,59110.0,593.0,15.331277
2024-04-30 04:00:00,15.34,15.3969,15.1901,15.3699,52263.0,501.0,15.290051
2024-05-01 04:00:00,15.47,15.63,15.21,15.63,93545.0,771.0,15.388818
2024-05-02 04:00:00,15.38,15.57,15.225,15.225,33988.0,444.0,15.320691
2024-05-03 04:00:00,15.01,15.16,14.96,14.99,79127.0,506.0,15.000031
2024-05-06 04:00:00,14.9,14.9483,14.71,14.71,145901.0,520.0,14.876373
2024-05-07 04:00:00,14.7,14.75,14.68,14.72,29823.0,314.0,14.719709
2024-05-08 04:00:00,14.74,14.74,14.63,14.67,55089.0,484.0,14.676194
2024-05-09 04:00:00,14.58,14.66,14.55,14.55,26829.0,407.0,14.59976
2024-05-10 04:00:00,14.5,14.55,14.45,14.45,400076.0,540.0,14.527705
2024-05-13 04:00:00,14.44,14.539,14.42,14.49,63861.0,474.0,14.478699
2024-05-14 04:00:00,14.51,14.55,14.32,14.32,58848.0,666.0,14.452111
2024-05-15 04:00:00,14.17,14.26,14.01,14.01,87757.0,793.0,14.116289
2024-05-16 04:00:00,14.05,14.11,14.01,14.06,136482.0,724.0,14.077046
2024-05-17 04:00:00,14.06,14.06,13.87,13.915,460682.0,853.0,13.936839
2024-05-20 04:00:00,13.84,13.92,13.7911,13.88,37970.0,483.0,13.852605
2024-05-21 04:00:00,13.908,13.92,13.77,13.83,73400.0,444.0,13.827756
2024-05-22 04:00:00,13.87,14.05,13.84,13.98,65227.0,699.0,13.967751
2024-05-23 04:00:00,13.86,14.14,13.851,14.06,98610.0,735.0,14.025903
2024-05-24 04:00:00,14.07,14.1024,13.86,13.87,44043.0,467.0,13.932833
2024-05-28 04:00:00,13.83,14.1,13.83,13.99,137101.0,512.0,13.999614
2024-05-29 04:00:00,14.22,14.26,14.06,14.19,86952.0,577.0,14.172656
2024-05-30 04:00:00,14.21,14.2281,14.04,14.08,30825.0,434.0,14.134385
2024-05-31 04:00:00,13.975,14.21,13.9,13.9,41938.0,465.0,14.017944
2024-06-03 04:00:00,13.85,14.08,13.811,13.97,81935.0,703.0,13.971755
2024-06-04 04:00:00,14.06,14.16,14.02,14.06,48708.0,369.0,14.083458
2024-06-05 04:00:00,13.94,14.11,13.93,14.02,41734.0,521.0,14.007551
2024-06-06 04:00:00,14.03,14.14,14.01,14.14,33157.0,351.0,14.087445
2024-06-07 04:00:00,14.09,14.09,13.982,14.0625,29916.0,374.0,14.030267
2024-06-10 04:00:00,14.11,14.17,14.02,14.06,64150.0,544.0,14.060404
2024-06-11 04:00:00,14.14,14.19,14.01,14.06,56329.0,401.0,14.118453
2024-06-12 04:00:00,13.94,14.1,13.9,14.1,110524.0,550.0,14.015576
2024-06-13 04:00:00,14.07,14.26,14.011,14.13,68251.0,498.0,14.139438
2024-06-14 04:00:00,14.305,14.4,14.21,14.3,108975.0,643.0,14.321843
2024-06-17 04:00:00,14.36,14.47,14.24,14.32,111835.0,660.0,14.326374
2024-06-18 04:00:00,14.25,14.399,14.21,14.386,31512.0,381.0,14.310155
2024-06-20 04:00:00,14.32,14.79,14.3101,14.79,156682.0,1122.0,14.680306
2024-06-21 04:00:00,14.87,14.9199,14.47,14.54,162365.0,828.0,14.622191
2024-06-24 04:00:00,14.5,14.56,14.4,14.41,39716.0,470.0,14.439551
2024-06-25 04:00:00,14.46,14.4831,14.33,14.33,45524.0,369.0,14.358875
2024-06-26 04:00:00,14.4,14.4,14.31,14.33,19814.0,258.0,14.361378
2024-06-27 04:00:00,14.35,14.35,14.1,14.1835,5269432.0,681.0,14.102091
2024-06-28 04:00:00,14.166,14.33,14.11,14.33,68526.0,619.0,14.198813
2024-07-01 04:00:00,14.2,14.27,13.97,13.97,75655.0,690.0,14.106948
2024-07-02 04:00:00,14.13,14.13,13.9,13.95,108870.0,746.0,13.934464
2024-07-03 04:00:00,14.02,14.1099,13.935,14.09,39855.0,405.0,14.068949
2024-07-05 04:00:00,13.96,14.13,13.96,14.07,97413.0,726.0,14.08868
2024-07-08 04:00:00,14.02,14.09,13.9731,14.03,42178.0,476.0,14.016804
2024-07-09 04:00:00,13.94,14.06,13.895,14.05,79096.0,579.0,13.993507
2024-07-10 04:00:00,14.04,14.04,13.84,13.9235,118599.0,501.0,13.9196
2024-07-11 04:00:00,13.83,14.1892,13.83,14.1,148053.0,662.0,14.086825
2024-07-12 04:00:00,14.07,14.07,13.864,14.0,76282.0,561.0,13.932685
2024-07-15 04:00:00,13.95,14.15,13.79,14.14,67097.0,456.0,13.967463
2024-07-16 04:00:00,14.075,14.18,14.06,14.15,55460.0,347.0,14.116315
2024-07-17 04:00:00,14.36,14.5,14.22,14.33,91371.0,822.0,14.368828
2024-07-18 04:00:00,14.17,14.61,14.16,14.48,115939.0,788.0,14.406843
2024-07-19 04:00:00,14.488,14.648,14.3901,14.52,48001.0,418.0,14.529432
2024-07-22 04:00:00,14.45,14.48,14.24,14.29,75810.0,512.0,14.359309
2024-07-23 04:00:00,14.31,14.36,14.2,14.35,73434.0,448.0,14.284247
2024-07-24 04:00:00,14.56,14.95,14.54,14.95,105155.0,844.0,14.734271
2024-07-25 04:00:00,14.92,15.16,14.58,15.0,120380.0,671.0,14.874961
2024-07-26 04:00:00,14.89,14.89,14.61,14.71,60818.0,457.0,14.693403
2024-07-29 04:00:00,14.63,14.69,14.39,14.47,40758.0,463.0,14.511307
2024-07-30 04:00:00,14.37,14.96,14.37,14.55,117752.0,907.0,14.632874
2024-07-31 04:00:00,14.38,14.4,14.1322,14.4,95077.0,613.0,14.33188
2024-08-01 04:00:00,14.31,15.17,14.3,14.91,153960.0,1013.0,14.849486
2024-08-02 04:00:00,15.43,16.52,15.38,16.24,607965.0,2950.0,16.077087
2024-08-05 04:00:00,18.49,19.92,17.3,19.91,1338970.0,5154.0,18.346872
2024-08-06 04:00:00,17.76,18.3159,16.6417,16.94,724923.0,3251.0,17.157311
2024-08-07 04:00:00,16.19,17.6799,16.19,16.97,175000.0,1219.0,16.96759
2024-08-08 04:00:00,16.89,17.11,16.35,16.37,125493.0,1027.0,16.583161
2024-08-09 04:00:00,16.35,16.5885,15.41,15.46,85235.0,901.0,15.832368
2024-08-12 04:00:00,15.34,15.7319,14.99,15.38,122215.0,879.0,15.269711
2024-08-13 04:00:00,15.04,15.315,14.675,14.7,76859.0,805.0,15.08918
2024-08-14 04:00:00,14.52,14.709,14.32,14.34,156060.0,803.0,14.509805
2024-08-15 04:00:00,14.25,14.435,14.12,14.27,111256.0,720.0,14.2962
2024-08-16 04:00:00,14.23,14.46,14.19,14.42,103451.0,729.0,14.304012
2024-08-19 04:00:00,14.4,14.48,14.25,14.41,63840.0,560.0,14.375086
2024-08-20 04:00:00,14.43,14.76,14.39,14.75,72523.0,605.0,14.597181
2024-08-21 04:00:00,14.68,14.94,14.5906,14.69,154876.0,873.0,14.737621
2024-08-22 04:00:00,14.67,14.9772,14.61,14.92,142496.0,924.0,14.880755
2024-08-23 04:00:00,14.8,14.82,14.5801,14.63,67828.0,669.0,14.661346
2024-08-26 04:00:00,14.5,14.7,14.44,14.45,142209.0,1004.0,14.495894
2024-08-27 04:00:00,14.53,14.6156,14.36,14.4,79343.0,829.0,14.451894
2024-08-28 04:00:00,14.35,14.78,14.3102,14.53,120694.0,1122.0,14.528645
2024-08-29 04:00:00,14.49,14.6199,14.39,14.56,37081.0,614.0,14.51064
2024-08-30 04:00:00,14.4,14.54,14.35,14.42,54475.0,891.0,14.423923
2024-09-03 04:00:00,14.5,15.5423,14.5,15.38,163972.0,1498.0,15.012584
2024-09-04 04:00:00,15.56,15.86,15.1549,15.86,200432.0,1295.0,15.574498
2024-09-05 04:00:00,15.71,15.87,15.2766,15.31,170353.0,1141.0,15.485669
2024-09-06 04:00:00,15.29,16.1799,15.23,15.98,281242.0,1427.0,15.880726
2024-09-09 04:00:00,15.82,15.965,15.4204,15.71,67210.0,730.0,15.720312
2024-09-10 04:00:00,15.59,15.94,15.39,15.44,74931.0,922.0,15.738845
2024-09-11 04:00:00,15.26,15.98,15.02,15.03,84178.0,929.0,15.513655
2024-09-12 04:00:00,15.05,15.16,14.92,14.98,66838.0,698.0,15.019762
2024-09-13 04:00:00,14.98,15.04,14.81,14.99,49698.0,696.0,14.960949
2024-09-16 04:00:00,15.16,15.251,15.02,15.08,54540.0,669.0,15.100029
2024-09-17 04:00:00,15.09,15.2999,14.96,15.09,364926.0,835.0,15.175427
2024-09-18 04:00:00,15.14,15.24,14.61,15.01,465509.0,1767.0,15.038051
2024-09-19 04:00:00,14.82,14.82,14.56,14.58,218030.0,1627.0,14.694838
2024-09-20 04:00:00,14.65,14.8,14.53,14.78,83649.0,960.0,14.710045
2024-09-23 04:00:00,14.76,14.88,14.6503,14.87,78250.0,874.0,14.825041
2024-09-24 04:00:00,14.81,15.02,14.7018,14.8,173372.0,829.0,14.809261
2024-09-25 04:00:00,14.78,14.95,14.7101,14.93,125589.0,829.0,14.815394
2024-09-26 04:00:00,14.85,14.93,14.8,14.88,115942.0,1046.0,14.850845
2024-09-27 04:00:00,14.92,15.28,14.8833,15.25,88841.0,1111.0,14.993493
2024-09-30 04:00:00,15.32,15.42,15.08,15.11,57064.0,879.0,15.220544
2024-10-01 04:00:00,15.05,15.82,15.05,15.4,160863.0,1589.0,15.493876
2024-10-02 04:00:00,15.58,15.79,15.4165,15.51,43357.0,716.0,15.552901
2024-10-03 04:00:00,15.69,15.85,15.53,15.78,99858.0,870.0,15.711838
2024-10-04 04:00:00,15.5,15.78,15.3605,15.44,111830.0,1016.0,15.561049
2024-10-07 04:00:00,15.56,16.2,15.5007,16.16,163455.0,1271.0,15.813685
2024-10-08 04:00:00,15.89,15.939,15.6567,15.7,100003.0,1049.0,15.783081
2024-10-09 04:00:00,15.6876,15.6876,15.39,15.42,251365.0,1086.0,15.518174
2024-10-10 04:00:00,15.42,15.5984,15.405,15.43,44092.0,710.0,15.506047
2024-10-11 04:00:00,15.425,15.46,15.32,15.35,36449.0,763.0,15.385726
2024-10-14 04:00:00,15.225,15.2799,14.95,14.99,78155.0,1118.0,15.076402
2024-10-15 04:00:00,14.97,15.099,14.823,15.07,55000.0,1029.0,14.986378
2024-10-16 04:00:00,15.09,15.1,14.91,15.05,26374.0,522.0,15.002602
2024-10-17 04:00:00,14.99,15.05,14.88,15.01,45189.0,927.0,14.955679
2024-10-18 04:00:00,14.98,14.98,14.61,14.61,84879.0,1125.0,14.687332
2024-10-21 04:00:00,14.79,14.95,14.6501,14.67,151832.0,1826.0,14.723417
2024-10-22 04:00:00,14.76,14.86,14.56,14.63,83424.0,1049.0,14.734578
2024-10-23 04:00:00,14.73,15.15,14.6812,14.97,75995.0,1277.0,14.935008
2024-10-24 04:00:00,14.89,15.16,14.84,14.9078,47548.0,760.0,14.981786
2024-10-25 04:00:00,14.84,15.285,14.7101,15.24,59173.0,926.0,15.135894
2024-10-28 04:00:00,14.91,14.92,14.7923,14.88,63168.0,1168.0,14.866438
2024-10-29 04:00:00,14.87,14.9476,14.76,14.85,137639.0,1599.0,14.796437
2024-10-30 04:00:00,14.98,15.0699,14.86,14.99,113351.0,1270.0,14.977271
2024-10-31 04:00:00,15.22,15.69,15.19,15.6,361253.0,2431.0,15.435978
2024-11-01 04:00:00,15.56,15.66,15.33,15.66,158569.0,1689.0,15.549525
2024-11-04 05:00:00,15.64,15.6814,15.2193,15.31,91287.0,939.0,15.385999
2024-11-05 05:00:00,15.24,15.24,14.89,14.92,90924.0,1359.0,14.948466
2024-11-06 05:00:00,14.06,14.4575,14.01,14.33,219607.0,2029.0,14.285945
2024-11-07 05:00:00,14.27,14.27,14.1,14.16,592263.0,2317.0,14.147732
2024-11-08 05:00:00,14.1,14.1,13.9679,14.01,62813.0,734.0,14.046588
2024-11-11 05:00:00,13.98,13.98,13.87,13.97,121872.0,1116.0,13.903373
2024-11-12 05:00:00,14.03,14.19,13.93,14.08,98231.0,1193.0,14.066688
2024-11-13 05:00:00,13.97,14.08,13.94,14.03,89904.0,1084.0,14.022049
2024-11-14 05:00:00,13.89,14.1,13.85,14.05,122060.0,1308.0,13.984062
2024-11-15 05:00:00,14.22,14.52,14.17,14.36,510543.0,2741.0,14.410419
2024-11-18 05:00:00,14.29,14.29,13.98,14.05,160272.0,1783.0,14.091807
2024-11-19 05:00:00,14.49,14.49,14.0301,14.15,92809.0,1162.0,14.173161
2024-11-20 05:00:00,14.15,14.37,14.11,14.2,90670.0,1217.0,14.249445
2024-11-21 05:00:00,14.06,14.3567,14.0,14.19,118428.0,1440.0,14.212452
2024-11-22 05:00:00,14.1,14.11,13.96,14.025,83074.0,633.0,14.017248
2024-11-25 05:00:00,13.84,14.055,13.76,13.78,92750.0,1296.0,13.86455
2024-11-26 05:00:00,13.76,13.78,13.69,13.78,63210.0,914.0,13.730702
2024-11-27 05:00:00,13.76,13.8801,13.7201,13.78,58206.0,820.0,13.791758
2024-11-29 05:00:00,13.74,13.75,13.6801,13.74,35397.0,782.0,13.706386
2024-12-02 05:00:00,13.75,13.84,13.68,13.82,90364.0,1041.0,13.740627
2024-12-03 05:00:00,13.84,13.9198,13.77,13.83,50495.0,838.0,13.836076
2024-12-04 05:00:00,13.8,14.06,13.7266,14.06,153913.0,1267.0,13.902179
2024-12-05 05:00:00,14.01,14.2,13.99,14.2,108627.0,1042.0,14.093091
2024-12-06 05:00:00,14.02,14.06,13.94,14.01,115122.0,973.0,14.012187
2024-12-09 05:00:00,14.03,14.21,13.95,14.2,193635.0,1364.0,14.086416
2024-12-10 05:00:00,14.1,14.19,14.02,14.19,127152.0,1096.0,14.089019
2024-12-11 05:00:00,14.08,14.23,13.98,14.23,100753.0,978.0,14.082915
2024-12-12 05:00:00,14.3,14.3672,14.2,14.3,72196.0,864.0,14.289489
2024-12-13 05:00:00,14.23,14.41,14.18,14.32,60056.0,719.0,14.310568
2024-12-16 05:00:00,14.32,14.52,14.3,14.44,75633.0,984.0,14.398576
2024-12-17 05:00:00,14.55,14.6587,14.4693,14.52,97961.0,1228.0,14.543255
2024-12-18 05:00:00,14.5,15.3989,14.42,15.35,327752.0,2546.0,14.937968
2024-12-19 05:00:00,15.1,16.04,15.03,15.97,597440.0,3075.0,15.426718
2024-12-20 05:00:00,15.88,15.9483,14.8,14.83,336834.0,2109.0,15.251326
2024-12-23 05:00:00,14.76,14.98,14.23,14.24,101358.0,1126.0,14.538126
2024-12-24 05:00:00,14.12,14.2,13.9,13.9,129286.0,1183.0,14.062265
2024-12-26 05:00:00,13.95,14.23,13.95,14.1,92634.0,937.0,14.082466
2024-12-27 05:00:00,14.36,14.5515,14.18,14.41,147073.0,1010.0,14.322709
2024-12-30 05:00:00,14.79,14.9997,14.4049,14.57,218639.0,1343.0,14.567754
2024-12-31 05:00:00,14.44,14.61,14.3,14.46,58903.0,989.0,14.485286
2025-01-02 05:00:00,14.35,15.01,14.335,14.61,102294.0,1156.0,14.737524
2025-01-03 05:00:00,14.6,14.6,14.33,14.36,74959.0,895.0,14.42733
2025-01-06 05:00:00,14.28,14.369,14.11,14.18,115735.0,1132.0,14.227826
2025-01-07 05:00:00,14.1005,14.67,14.1005,14.62,61841.0,1067.0,14.434537
2025-01-08 05:00:00,14.7,14.91,14.595,14.67,103290.0,923.0,14.751579
2025-01-10 05:00:00,14.97,15.34,14.77,15.19,162268.0,1355.0,15.095366
2025-01-13 05:00:00,15.41,15.58,15.021,15.22,105395.0,1290.0,15.253688
2025-01-14 05:00:00,15.03,15.191,14.86,14.97,72469.0,728.0,15.017579
2025-01-15 05:00:00,14.68,14.71,14.5007,14.59,262063.0,2086.0,14.58292
2025-01-16 05:00:00,14.4702,14.545,14.37,14.41,225502.0,2018.0,14.404049
2025-01-17 05:00:00,14.38,14.51,14.3041,14.485,71848.0,1005.0,14.431112
2025-01-21 05:00:00,14.44,14.489,14.26,14.35,108357.0,1381.0,14.329748
2025-01-22 05:00:00,14.31,14.4185,14.29,14.4,66961.0,911.0,14.350858
2025-01-23 05:00:00,14.32,14.33,14.2,14.29,113529.0,846.0,14.2815
2025-01-24 05:00:00,14.27,14.37,14.22,14.3,88961.0,722.0,14.304042
2025-01-27 05:00:00,14.95,15.01,14.55,14.6,308894.0,2248.0,14.759407
2025-01-28 05:00:00,14.45,14.73,14.22,14.3,122748.0,1389.0,14.342597
2025-01-29 05:00:00,14.27,14.5,14.25,14.28,92608.0,724.0,14.312732
2025-01-30 05:00:00,14.16,14.46,14.1024,14.36,218390.0,896.0,14.274239
2025-01-31 05:00:00,14.25,14.7,14.22,14.66,208437.0,1649.0,14.375827
2025-02-03 05:00:00,15.09,15.2,14.4201,14.66,190630.0,1928.0,14.776423
2025-02-04 05:00:00,14.5,14.5958,14.3731,14.48,179362.0,1541.0,14.464433
2025-02-05 05:00:00,14.48,14.575,14.35,14.38,115509.0,1227.0,14.425044
2025-02-06 05:00:00,14.35,14.5,14.31,14.4,42419.0,654.0,14.401909
2025-02-07 05:00:00,14.39,14.74,14.36,14.71,211116.0,823.0,14.588138
2025-02-10 05:00:00,14.51,14.58,14.4601,14.535,49348.0,1047.0,14.51874
2025-02-11 05:00:00,14.56,14.6078,14.46,14.55,60514.0,753.0,14.524831
2025-02-12 05:00:00,14.72,14.73,14.5021,14.6,81271.0,1269.0,14.578778
2025-02-13 05:00:00,14.58,14.67,14.45,14.48,273225.0,1827.0,14.536067
2025-02-14 05:00:00,14.52,14.6499,14.5195,14.63,79626.0,932.0,14.601448
2025-02-18 05:00:00,14.58,14.69,14.525,14.6,91645.0,858.0,14.578427
2025-02-19 05:00:00,14.64,14.7999,14.6,14.64,83635.0,715.0,14.690379
2025-02-20 05:00:00,14.71,14.85,14.6,14.69,58292.0,815.0,14.731535
2025-02-21 05:00:00,14.67,15.17,14.62,15.09,494755.0,1769.0,15.112307
2025-02-24 05:00:00,15.0,15.2,14.8401,15.05,115910.0,919.0,15.018616
2025-02-25 05:00:00,15.15,15.3297,14.93,15.02,138404.0,1190.0,15.101694
2025-02-26 05:00:00,14.98,15.1397,14.79,14.93,90599.0,877.0,14.939734
2025-02-27 05:00:00,14.93,15.33,14.89,15.24,200624.0,1028.0,15.224562
2025-02-28 05:00:00,15.43,15.57,15.07,15.11,313020.0,1377.0,15.367843
2025-03-03 05:00:00,14.97,15.93,14.97,15.69,437299.0,3085.0,15.691244
2025-03-04 05:00:00,15.99,16.34,15.5002,15.73,1117887.0,2799.0,15.89451
2025-03-05 05:00:00,15.81,15.84,15.4004,15.51,310227.0,2054.0,15.533989
2025-03-06 05:00:00,16.0,16.28,15.75,16.28,186005.0,1576.0,16.092486
2025-03-07 05:00:00,16.31,16.39,15.73,15.81,324269.0,2068.0,15.956625
2025-03-10 04:00:00,16.14,16.6,16.04,16.55,956497.0,3043.0,16.389003
2025-03-11 04:00:00,16.66,17.04,16.37,16.49,1044268.0,4366.0,16.674305
2025-03-12 04:00:00,16.08,16.46,15.92,16.02,798314.0,3431.0,16.083629
2025-03-13 04:00:00,16.07,16.56,15.9505,16.34,581265.0,1776.0,16.257061
2025-03-14 04:00:00,16.01,16.15,15.69,15.73,358685.0,1881.0,15.914454
2025-03-17 04:00:00,15.61,15.83,15.51,15.58,141612.0,1047.0,15.652289
2025-03-18 04:00:00,15.5,15.848,15.47,15.66,91329.0,699.0,15.681145
2025-03-19 04:00:00,15.71,15.7415,15.2501,15.45,169178.0,993.0,15.425351
2025-03-20 04:00:00,15.54,15.56,15.3,15.36,80891.0,633.0,15.403696
2025-03-21 04:00:00,15.51,15.5408,15.23,15.28,175617.0,1367.0,15.348618
2025-03-24 04:00:00,15.02,15.0271,14.7,14.7,438958.0,2161.0,14.833961
2025-03-25 04:00:00,14.72,14.89,14.68,14.89,168310.0,1351.0,14.797661
2025-03-26 04:00:00,14.82,15.33,14.8,15.2,122670.0,1250.0,15.195314
2025-03-27 04:00:00,15.2,15.35,15.09,15.16,34430.0,641.0,15.198154
2025-03-28 04:00:00,15.32,15.83,15.25,15.77,198933.0,1790.0,15.641827
2025-03-31 04:00:00,16.31,16.3999,15.751,15.85,311004.0,1592.0,16.058822
2025-04-01 04:00:00,15.94,16.1587,15.73,15.78,295186.0,2132.0,15.928691
2025-04-02 04:00:00,16.13,16.13,15.5645,15.65,202424.0,1586.0,15.767923
2025-04-03 04:00:00,16.71,17.38,16.49,17.38,695054.0,4262.0,16.922379
2025-04-04 04:00:00,18.53,18.878,17.68,18.46,1124107.0,5658.0,18.31434
2025-04-07 04:00:00,19.71,19.81,17.1,18.0,692780.0,5016.0,18.632927
2025-04-08 04:00:00,17.5,19.69,17.44,18.54,408110.0,3059.0,18.448711
2025-04-09 04:00:00,19.25,19.5,16.75,16.83,587901.0,4460.0,17.725292
2025-04-10 04:00:00,17.81,19.42,17.71,18.78,391017.0,3399.0,18.626036
2025-04-11 04:00:00,18.8,19.64,18.39,18.91,244127.0,1901.0,19.036972
2025-04-14 04:00:00,18.07,18.63,18.06,18.25,200751.0,1796.0,18.256703
2025-04-15 04:00:00,18.42,18.45,17.92,18.16,77489.0,823.0,18.208916
2025-04-16 04:00:00,18.45,18.98,18.2906,18.94,104085.0,1370.0,18.735995
2025-04-17 04:00:00,18.68,19.04,18.6134,18.79,59076.0,771.0,18.776898
2025-04-21 04:00:00,18.85,19.5,18.7306,19.43,150944.0,1574.0,19.247651
2025-04-22 04:00:00,19.09,19.1111,18.7631,18.84,95107.0,1076.0,18.95325
2025-04-23 04:00:00,18.411,18.68,18.24,18.55,166003.0,1196.0,18.418478
2025-04-24 04:00:00,18.45,18.485,18.08,18.16,68178.0,1121.0,18.24858
2025-04-25 04:00:00,18.13,18.31,17.7,17.75,128310.0,864.0,17.985524
2025-04-28 04:00:00,17.7,18.1788,17.69,17.86,54394.0,756.0,17.921325
2025-04-29 04:00:00,17.81,18.0215,17.795,17.8,62876.0,1003.0,17.876125
2025-04-30 04:00:00,18.07,18.4,17.922,18.05,202630.0,1141.0,18.166299
2025-05-01 04:00:00,17.84,17.94,17.7003,17.83,123244.0,1260.0,17.812387
2025-05-02 04:00:00,17.71,17.76,17.37,17.43,160309.0,1934.0,17.492386
2025-05-05 04:00:00,17.56,17.65,17.39,17.51,90249.0,1258.0,17.512718
2025-05-06 04:00:00,17.7,17.85,17.612,17.83,146555.0,1797.0,17.763741
2025-05-07 04:00:00,17.78,17.95,17.63,17.66,161548.0,858.0,17.78676
2025-05-08 04:00:00,17.57,17.65,17.32,17.41,145800.0,2120.0,17.431456
2025-05-09 04:00:00,17.28,17.35,17.1631,17.25,64173.0,1008.0,17.246947
2025-05-12 04:00:00,16.745,16.75,15.98,16.0,240722.0,2437.0,16.295729
2025-05-13 04:00:00,15.97,16.04,15.8,16.0,200872.0,1976.0,15.967391
2025-05-14 04:00:00,16.08,16.17,15.97,16.11,94836.0,1012.0,16.076788
2025-05-15 04:00:00,16.21,16.2913,16.0,16.06,53076.0,771.0,16.059479
2025-05-16 04:00:00,15.96,16.2,15.96,16.19,133872.0,1280.0,16.128325
2025-05-19 04:00:00,16.46,16.48,16.19,16.34,123317.0,1159.0,16.325123
2025-05-20 04:00:00,16.29,16.51,16.25,16.34,232071.0,1952.0,16.339369
2025-05-21 04:00:00,16.5,17.0,16.41,16.94,103279.0,1626.0,16.752976
2025-05-22 04:00:00,17.0,17.08,16.77,16.94,68627.0,798.0,16.875628
2025-05-23 04:00:00,17.45,17.4509,17.13,17.27,82319.0,1532.0,17.312155
2025-05-27 04:00:00,16.92,16.92,16.59,16.64,107478.0,1480.0,16.739157
2025-05-28 04:00:00,16.59,16.84,16.59,16.78,31846.0,976.0,16.752787
2025-05-29 04:00:00,16.63,16.92,16.63,16.87,83722.0,968.0,16.790469
2025-05-30 04:00:00,17.04,17.24,16.88,17.04,59536.0,855.0,17.000864
2025-06-02 04:00:00,17.13,17.13,16.92,16.95,91982.0,1369.0,16.977501
2025-06-03 04:00:00,16.93,16.995,16.772,16.88,39936.0,831.0,16.863308
2025-06-04 04:00:00,16.83,16.96,16.76,16.96,38513.0,935.0,16.846233
2025-06-05 04:00:00,16.79,17.16,16.72,17.14,84135.0,1048.0,17.046507
2025-06-06 04:00:00,16.96,16.96,16.8,16.9,83869.0,1161.0,16.853049
2025-06-09 04:00:00,16.87,16.89,16.72,16.82,76069.0,1287.0,16.795541
2025-06-10 04:00:00,16.84,16.905,16.7602,16.86,79305.0,1035.0,16.82792
2025-06-11 04:00:00,16.71,16.9399,16.63,16.91,92602.0,1242.0,16.819956
2025-06-12 04:00:00,17.01,17.03,16.88,16.97,44602.0,403.0,16.972182
2025-06-13 04:00:00,17.31,17.54,17.06,17.48,221931.0,2220.0,17.340799
2025-06-16 04:00:00,17.18,17.18,16.87,17.0,158876.0,1877.0,17.000322
2025-06-17 04:00:00,17.19,17.46,17.19,17.29,140237.0,1438.0,17.310444
2025-06-18 04:00:00,17.4279,17.4279,17.0699,17.18,246298.0,790.0,17.192185
2025-06-20 04:00:00,17.14,17.33,17.08,17.26,75058.0,1086.0,17.186251
2025-06-23 04:00:00,17.36,17.46,17.14,17.19,87797.0,844.0,17.237893
2025-06-24 04:00:00,16.86,16.87,16.74,16.75,237004.0,1354.0,16.8077
2025-06-25 04:00:00,16.67,16.79,16.631,16.68,78137.0,566.0,16.702392
2025-06-26 04:00:00,16.62,16.64,16.53,16.6,154445.0,1405.0,16.577417
2025-06-27 04:00:00,16.63,16.73,16.57,16.73,91837.0,936.0,16.652576
2025-06-30 04:00:00,16.62,16.8,16.62,16.76,208163.0,1283.0,16.737576
2025-07-01 04:00:00,16.82,16.82,16.6702,16.78,103265.0,1065.0,16.738922
2025-07-02 04:00:00,16.71,16.81,16.6599,16.8,106695.0,969.0,16.754433
2025-07-03 04:00:00,16.69,16.82,16.6399,16.79,263422.0,1627.0,16.770568
2025-07-07 04:00:00,16.89,17.01,16.78,16.81,385598.0,2514.0,16.843857
2025-07-08 04:00:00,16.66,16.74,16.58,16.72,110501.0,1295.0,16.67493
2025-07-09 04:00:00,16.6,16.69,16.55,16.63,119022.0,1580.0,16.630023
2025-07-10 04:00:00,16.64,16.697,16.55,16.59,99087.0,995.0,16.586754
2025-07-11 04:00:00,16.67,16.72,16.545,16.61,127635.0,1577.0,16.616626
2025-07-14 04:00:00,16.79,16.8,16.695,16.73,158970.0,1667.0,16.762038
2025-07-15 04:00:00,16.6,16.81,16.6,16.75,82961.0,1264.0,16.747772
2025-07-16 04:00:00,16.7926,17.2563,16.7926,16.94,139993.0,953.0,16.932801
2025-07-17 04:00:00,16.93,17.05,16.91,17.05,105710.0,1156.0,16.996542
2025-07-18 04:00:00,16.91,16.99,16.91,16.94,114713.0,1179.0,16.95202
2025-07-21 04:00:00,16.93,16.97,16.7833,16.97,165091.0,1456.0,16.860061
2025-07-22 04:00:00,16.96,17.105,16.935,17.0,225999.0,1081.0,16.98886
2025-07-23 04:00:00,16.8,16.92,16.6,16.6,161692.0,1692.0,16.676488
2025-07-24 04:00:00,16.6,16.6,16.49,16.58,167452.0,1328.0,16.559454
2025-07-25 04:00:00,16.61,16.61,16.48,16.51,168829.0,1523.0,16.530094
2025-07-28 04:00:00,16.41,16.45,16.29,16.32,293888.0,1691.0,16.343047
2025-07-29 04:00:00,16.37,16.65,16.31,16.61,158399.0,1301.0,16.549063
2025-07-30 04:00:00,16.66,16.7498,16.55,16.66,70635.0,1276.0,16.652769
2025-07-31 04:00:00,16.63,16.7952,16.5601,16.77,84459.0,928.0,16.709306
2025-08-01 04:00:00,17.09,17.22,16.92,17.05,980924.0,1831.0,17.035731
2025-08-04 04:00:00,16.92,16.9444,16.78,16.86,113812.0,1075.0,16.862953
2025-08-05 04:00:00,16.81,17.04,16.79,16.9,41176.0,556.0,16.890831
2025-08-06 04:00:00,16.86,16.92,16.67,16.69,59158.0,826.0,16.743463
2025-08-07 04:00:00,16.56,16.84,16.5584,16.76,37152.0,667.0,16.747817
2025-08-08 04:00:00,16.69,16.77,16.62,16.72,63570.0,991.0,16.73166
2025-08-11 04:00:00,16.69,16.7799,16.64,16.77,36434.0,558.0,16.716721
2025-08-12 04:00:00,16.665,16.75,16.5663,16.59,91708.0,1026.0,16.629506
2025-08-13 04:00:00,16.52,16.65,16.47,16.65,47556.0,611.0,16.567073
2025-08-14 04:00:00,16.68,16.6999,16.57,16.62,111823.0,1253.0,16.639682
2025-08-15 04:00:00,16.64,16.78,16.63,16.78,170224.0,1301.0,16.715072
2025-08-18 04:00:00,16.85,16.85,16.6,16.64,122724.0,983.0,16.695408
2025-08-19 04:00:00,16.56,16.75,16.53,16.65,93748.0,975.0,16.674318
2025-08-20 04:00:00,16.68,16.87,16.61,16.69,157001.0,988.0,16.744052
2025-08-21 04:00:00,16.79,16.91,16.75,16.78,94104.0,834.0,16.822769
2025-08-22 04:00:00,16.7203,16.7499,16.08,16.12,267848.0,1557.0,16.320309
2025-08-25 04:00:00,16.11,16.24,16.06,16.2,102003.0,987.0,16.151346
2025-08-26 04:00:00,16.28,16.3486,16.21,16.21,82087.0,753.0,16.272339
2025-08-27 04:00:00,16.31,16.355,16.22,16.31,160113.0,995.0,16.305882
2025-08-28 04:00:00,16.3,16.3,16.1615,16.27,105758.0,846.0,16.229053
2025-08-29 04:00:00,16.1832,16.405,16.18,16.35,77716.0,1005.0,16.360212
2025-09-02 04:00:00,16.65,16.75,16.52,16.6,103286.0,1142.0,16.61958
2025-09-03 04:00:00,16.59,16.59,16.42,16.5,119973.0,782.0,16.472501
2025-09-04 04:00:00,16.48,16.48,16.21,16.26,56041.0,802.0,16.318503
2025-09-05 04:00:00,16.05,16.379,16.0065,16.28,83173.0,951.0,16.288014
2025-09-08 04:00:00,16.185,16.21,16.13,16.15,153315.0,863.0,16.176295
2025-09-09 04:00:00,16.14,16.25,16.05,16.05,64047.0,765.0,16.130718
2025-09-10 04:00:00,16.04,16.1483,16.0,16.083,99484.0,951.0,16.074535
2025-09-11 04:00:00,15.96,15.97,15.89,15.92,141643.0,1596.0,15.920106
2025-09-12 04:00:00,15.93,15.94,15.85,15.94,134762.0,918.0,15.896722
2025-09-15 04:00:00,15.87,16.01,15.87,15.95,128031.0,1089.0,15.955483
2025-09-16 04:00:00,16.02,16.19,16.0,16.19,210211.0,1212.0,16.083797
2025-09-17 04:00:00,16.1,16.1274,15.85,15.92,175009.0,1762.0,15.983652
2025-09-18 04:00:00,15.85,15.97,15.84,15.97,121696.0,1336.0,15.912472
2025-09-19 04:00:00,15.9,15.98,15.87,15.92,60066.0,781.0,15.921479
2025-09-22 04:00:00,15.97,16.1,15.93,16.09,362242.0,1923.0,16.02081
2025-09-23 04:00:00,15.98,16.21,15.96,16.1,433792.0,2848.0,16.106747
2025-09-24 04:00:00,16.04,16.24,16.02,16.02,126474.0,1439.0,16.120052
2025-09-25 04:00:00,16.15,16.21,15.965,16.09,120561.0,1026.0,16.105912
2025-09-26 04:00:00,16.015,16.1,15.77,15.78,105205.0,1021.0,15.904934
2025-09-29 04:00:00,15.7,15.87,15.7,15.84,38688.0,711.0,15.818724
2025-09-30 04:00:00,15.94,15.96,15.81,15.82,73528.0,845.0,15.870268
2025-10-01 04:00:00,15.91,15.91,15.74,15.83,131623.0,1338.0,15.786158
2025-10-02 04:00:00,15.8,15.89,15.77,15.89,158275.0,1192.0,15.847873
2025-10-03 04:00:00,15.85,15.9597,15.822,15.92,96269.0,957.0,15.884933
2025-10-06 04:00:00,15.79,15.94,15.79,15.85,111113.0,1214.0,15.882712
2025-10-07 04:00:00,15.9,16.085,15.83,16.01,133535.0,1451.0,15.974126
2025-10-08 04:00:00,15.88,16.0,15.87,15.97,110533.0,1039.0,15.927094
2025-10-09 04:00:00,15.96,16.07,15.93,16.02,84040.0,1131.0,15.997159
2025-10-10 04:00:00,16.07,16.68,16.0,16.45,357632.0,2416.0,16.401758
2025-10-13 04:00:00,16.17,16.225,15.98,16.02,145940.0,1155.0,16.111032
2025-10-14 04:00:00,16.45,16.584,16.09,16.27,136839.0,1280.0,16.341305
2025-10-15 04:00:00,16.1621,16.5699,16.1347,16.35,73570.0,865.0,16.298526
2025-10-16 04:00:00,16.248,16.8384,16.248,16.73,121314.0,988.0,16.565565
2025-10-17 04:00:00,16.66,16.82,16.29,16.308,81926.0,969.0,16.487087
2025-10-20 04:00:00,16.25,16.25,15.93,15.93,123549.0,1008.0,16.053529
2025-10-21 04:00:00,15.99,16.12,15.94,16.12,64007.0,1107.0,16.025574
2025-10-22 04:00:00,16.1,16.45,16.1,16.15,149817.0,1296.0,16.270494
2025-10-23 04:00:00,16.19,16.19,16.022,16.08,44598.0,1064.0,16.077057
2025-10-24 04:00:00,15.85,15.95,15.8293,15.89,240792.0,1347.0,15.883151
2025-10-27 04:00:00,15.76,15.8582,15.67,15.77,97725.0,1282.0,15.764343
2025-10-28 04:00:00,15.82,16.0,15.761,15.99,113789.0,848.0,15.921604
2025-10-29 04:00:00,15.91,16.04,15.8661,16.04,108566.0,943.0,15.95945
2025-10-30 04:00:00,16.04,16.17,15.95,16.15,100079.0,1202.0,16.07986
2025-10-31 04:00:00,16.03,16.393,16.03,16.26,117240.0,936.0,16.157992
2025-11-03 05:00:00,16.18,16.42,16.18,16.4,134196.0,1193.0,16.330645
2025-11-04 05:00:00,16.56,16.76,16.44,16.62,184689.0,1755.0,16.611348
2025-11-05 05:00:00,16.57,16.5727,16.2,16.32,313699.0,1799.0,16.295818
2025-11-06 05:00:00,16.27,16.62,16.27,16.49,107347.0,1410.0,16.521089
2025-11-07 05:00:00,16.64,16.71,16.4,16.41,128814.0,1339.0,16.549158
2025-11-10 05:00:00,16.16,16.34,16.07,16.21,193366.0,1979.0,16.253617
2025-11-11 05:00:00,16.27,16.34,16.22,16.34,122763.0,1389.0,16.297972
2025-11-12 05:00:00,16.2605,16.415,16.25,16.35,62672.0,779.0,16.318141
2025-11-13 05:00:00,16.4602,16.78,16.4,16.78,153036.0,1738.0,16.647172
2025-11-14 05:00:00,17.0,17.1028,16.535,16.63,137603.0,1401.0,16.716391
2025-11-17 05:00:00,16.68,16.93,16.5131,16.79,170345.0,1488.0,16.706922
2025-11-18 05:00:00,17.045,17.28,16.7579,16.96,504710.0,1809.0,16.978912
2025-11-19 05:00:00,17.04,17.06,16.74,16.92,227850.0,1586.0,16.895059
2025-11-20 05:00:00,16.45,17.28,16.43,17.24,371794.0,2075.0,16.819643
2025-11-21 05:00:00,17.03,17.3,16.895,17.11,208016.0,1850.0,17.057705
2025-11-24 05:00:00,16.92,16.96,16.5357,16.59,224210.0,1942.0,16.658326
2025-11-25 05:00:00,16.52,16.77,16.3,16.34,181118.0,1897.0,16.368599
2025-11-26 05:00:00,16.29,16.3651,16.17,16.28,98567.0,1217.0,16.238083
2025-11-28 05:00:00,16.17,16.17,16.08,16.085,142935.0,1122.0,16.115736
2025-12-01 05:00:00,16.27,16.27,15.8763,16.05,266422.0,2022.0,16.005651
2025-12-02 05:00:00,15.92,15.98,15.88,15.95,99405.0,1121.0,15.938396
2025-12-03 05:00:00,16.05,16.08,15.865,15.92,142187.0,1365.0,15.932077
2025-12-04 05:00:00,15.85,15.95,15.81,15.85,103586.0,962.0,15.866918
2025-12-05 05:00:00,15.8,15.8,15.6701,15.74,147242.0,1483.0,15.73725
2025-12-08 05:00:00,15.72,15.96,15.72,15.82,207688.0,1431.0,15.856354
2025-12-09 05:00:00,15.88,15.88,15.73,15.81,104669.0,904.0,15.799858
2025-12-10 05:00:00,15.81,15.81,15.51,15.51,148604.0,1128.0,15.577721
2025-12-11 05:00:00,15.63,15.7276,15.45,15.51,109418.0,1341.0,15.539876
2025-12-12 05:00:00,15.42,15.78,15.39,15.51,122121.0,1468.0,15.572748
2025-12-15 05:00:00,15.53,15.68,15.505,15.57,96370.0,781.0,15.576426
2025-12-16 05:00:00,15.66,15.7329,15.47,15.54,84370.0,884.0,15.598084
2025-12-17 05:00:00,15.55,15.645,15.45,15.63,139717.0,1234.0,15.577577
2025-12-18 05:00:00,15.52,15.52,15.345,15.39,132396.0,1526.0,15.427543
2025-12-19 05:00:00,15.38,15.38,15.09,15.12,111503.0,1170.0,15.179219
2025-12-22 05:00:00,15.03,15.05,14.9,14.91,139258.0,1245.0,14.948699
2025-12-23 05:00:00,14.94,14.99,14.87,14.99,154320.0,1271.0,14.926603
2025-12-24 05:00:00,15.0,15.05,14.93,15.04,120687.0,1065.0,14.982951
2025-12-26 05:00:00,15.01,15.16,14.9787,15.12,141637.0,1332.0,15.101995
2025-12-29 05:00:00,15.2,15.2,15.05,15.13,177042.0,1166.0,15.137727
2025-12-30 05:00:00,15.11,15.14,15.04,15.1,68160.0,579.0,15.088306
2025-12-31 05:00:00,15.11,15.27,15.11,15.27,285769.0,1514.0,15.188946
